prefill_chunk,kv_prefill,n_decode,kv_decode,time_us
0,0,1,16,9.269
0,0,1,32,11.626
0,0,1,64,14.0803
0,0,1,128,19.797
0,0,1,256,19.9997
0,0,1,512,20.7573
0,0,1,1024,29.3007
0,0,1,2048,34.549
0,0,1,4096,52.3413
0,0,1,8192,87.37
0,0,1,16384,150.719
0,0,2,16,10.347
0,0,2,32,12.8633
0,0,2,64,15.4343
0,0,2,128,21.994
0,0,2,256,22.8897
0,0,2,512,30.1023
0,0,2,1024,36.885
0,0,2,2048,54.3253
0,0,2,4096,90.773
0,0,2,8192,155.572
0,0,2,16384,288.969
0,0,4,16,10.6773
0,0,4,32,13.387
0,0,4,64,16.2987
0,0,4,128,23.2853
0,0,4,256,30.0477
0,0,4,512,37.5683
0,0,4,1024,55.5403
0,0,4,2048,91.1137
0,0,4,4096,157.46
0,0,4,8192,290.057
0,0,4,16384,555.367
0,0,8,16,11.2317
0,0,8,32,14.4967
0,0,8,64,17.6
0,0,8,128,31.082
0,0,8,256,38.2817
0,0,8,512,55.9563
0,0,8,1024,90.6663
0,0,8,2048,156.106
0,0,8,4096,289.289
0,0,8,8192,553.576
0,0,8,16384,1085.12
0,0,16,16,14.4637
0,0,16,32,20.074
0,0,16,64,25.0237
0,0,16,128,34.5707
0,0,16,256,52.3307
0,0,16,512,86.0793
0,0,16,1024,153.044
0,0,16,2048,286.687
0,0,16,4096,551.88
0,0,16,8192,1083.34
0,0,16,16384,2140.93
0,0,32,16,20.9493
0,0,32,32,30.6453
0,0,32,64,40.5013
0,0,32,128,58.1653
0,0,32,256,90.7417
0,0,32,512,157.344
0,0,32,1024,288.371
0,0,32,2048,551.752
0,0,32,4096,1074.3
0,0,32,8192,2123.84
0,0,32,16384,4212.24
0,0,64,16,32.9387
0,0,64,32,49.92
0,0,64,64,68.1917
0,0,64,128,102.922
0,0,64,256,167.498
0,0,64,512,298.153
0,0,64,1024,556.37
0,0,64,2048,1074.71
0,0,64,4096,2108.72
0,0,64,8192,4181.83
0,0,64,16384,8330.22
0,0,128,16,57.5467
0,0,128,32,89.8017
0,0,128,64,120.447
0,0,128,128,188.34
0,0,128,256,316.073
0,0,128,512,572.382
0,0,128,1024,1083.38
0,0,128,2048,2104.43
0,0,128,4096,4154.34
0,0,128,8192,8256.05
0,0,256,16,106.154
0,0,256,32,166.527
0,0,256,64,228.468
0,0,256,128,360.553
0,0,256,256,602.845
0,0,256,512,1099.38
0,0,256,1024,2083.59
0,0,256,2048,4059.1
0,0,256,4096,8018.08
16,0,0,0,10.8477
16,0,1,16,17.462
16,0,1,32,19.8827
16,0,1,64,22.4853
16,0,1,128,28.7047
16,0,1,256,28.9487
16,0,1,512,29.856
16,0,1,1024,37.2373
16,0,1,2048,41.5463
16,0,1,4096,59.2317
16,0,1,8192,93.5677
16,0,1,16384,156.906
16,0,2,16,17.2587
16,0,2,32,19.7327
16,0,2,64,22.3887
16,0,2,128,29.0877
16,0,2,256,29.9627
16,0,2,512,37.2157
16,0,2,1024,45.1943
16,0,2,2048,62.612
16,0,2,4096,98.6663
16,0,2,8192,164.085
16,0,2,16384,297.428
16,0,4,16,17.504
16,0,4,32,20.1497
16,0,4,64,23.264
16,0,4,128,30.357
16,0,4,256,36.7147
16,0,4,512,45.397
16,0,4,1024,62.2397
16,0,4,2048,97.4827
16,0,4,4096,165.546
16,0,4,8192,297.342
16,0,4,16384,561.075
16,0,8,16,18.2827
16,0,8,32,21.2903
16,0,8,64,24.5013
16,0,8,128,38.0163
16,0,8,256,45.6307
16,0,8,512,62.6343
16,0,8,1024,97.3973
16,0,8,2048,163.263
16,0,8,4096,295.828
16,0,8,8192,561.341
16,0,8,16384,1090.01
16,0,16,16,21.387
16,0,16,32,27.0933
16,0,16,64,32.0427
16,0,16,128,42.176
16,0,16,256,59.743
16,0,16,512,93.503
16,0,16,1024,160.554
16,0,16,2048,294.143
16,0,16,4096,560.702
16,0,16,8192,1090.97
16,0,16,16384,2149.73
16,0,32,16,28.1067
16,0,32,32,37.781
16,0,32,64,48.2767
16,0,32,128,65.9937
16,0,32,256,99.0723
16,0,32,512,165.109
16,0,32,1024,296.191
16,0,32,2048,557.779
16,0,32,4096,1080.46
16,0,32,8192,2132
16,0,32,16384,4219.77
16,0,64,16,41.4397
16,0,64,32,58.6133
16,0,64,64,77.4187
16,0,64,128,112.266
16,0,64,256,176.831
16,0,64,512,308.574
16,0,64,1024,564.936
16,0,64,2048,1084.37
16,0,64,4096,2117.84
16,0,64,8192,4188.99
16,0,64,16384,8334.01
16,0,128,16,65.5567
16,0,128,32,97.8133
16,0,128,64,129.354
16,0,128,128,196.651
16,0,128,256,324.362
16,0,128,512,581.341
16,0,128,1024,1090.6
16,0,128,2048,2115.39
16,0,128,4096,4160.96
16,0,128,8192,8394.02
16,16,0,0,11.104
16,16,1,16,17.7593
16,16,1,32,20.1493
16,16,1,64,22.7517
16,16,1,128,28.8853
16,16,1,256,29.3547
16,16,1,512,30.2503
16,16,1,1024,36.917
16,16,1,2048,41.78
16,16,1,4096,59.7967
16,16,1,8192,93.952
16,16,1,16384,157.951
16,16,2,16,17.493
16,16,2,32,20.0213
16,16,2,64,22.6773
16,16,2,128,29.428
16,16,2,256,30.123
16,16,2,512,37.1837
16,16,2,1024,44.9283
16,16,2,2048,63.0397
16,16,2,4096,98.165
16,16,2,8192,163.849
16,16,2,16384,298.302
16,16,4,16,17.866
16,16,4,32,20.533
16,16,4,64,23.6053
16,16,4,128,30.6457
16,16,4,256,37.4613
16,16,4,512,45.877
16,16,4,1024,62.4747
16,16,4,2048,98.3047
16,16,4,4096,166.112
16,16,4,8192,297.353
16,16,4,16384,563.453
16,16,8,16,18.5277
16,16,8,32,21.621
16,16,8,64,24.693
16,16,8,128,38.709
16,16,8,256,46.2927
16,16,8,512,63.3177
16,16,8,1024,97.93
16,16,8,2048,163.466
16,16,8,4096,296.66
16,16,8,8192,561.373
16,16,8,16384,1093.82
16,16,16,16,21.7177
16,16,16,32,27.509
16,16,16,64,32.3093
16,16,16,128,42.4427
16,16,16,256,59.9787
16,16,16,512,93.418
16,16,16,1024,161.226
16,16,16,2048,294.932
16,16,16,4096,559.54
16,16,16,8192,1091.18
16,16,16,16384,2151.22
16,16,32,16,28.234
16,16,32,32,38.0797
16,16,32,64,48.234
16,16,32,128,66.0797
16,16,32,256,99.22
16,16,32,512,165.738
16,16,32,1024,296.308
16,16,32,2048,558.888
16,16,32,4096,1083.39
16,16,32,8192,2129.88
16,16,32,16384,4220.57
16,16,64,16,41.8983
16,16,64,32,59.1143
16,16,64,64,77.3973
16,16,64,128,112.384
16,16,64,256,178.271
16,16,64,512,307.22
16,16,64,1024,567.411
16,16,64,2048,1082.88
16,16,64,4096,2117.79
16,16,64,8192,4192.29
16,16,64,16384,8335.76
16,16,128,16,66.4423
16,16,128,32,98.4313
16,16,128,64,129.375
16,16,128,128,197.322
16,16,128,256,324.809
16,16,128,512,581.385
16,16,128,1024,1093.02
16,16,128,2048,2113.84
16,16,128,4096,4165.96
16,16,128,8192,8259.81
16,32,0,0,13.419
16,32,1,16,20.0107
16,32,1,32,22.485
16,32,1,64,25.1623
16,32,1,128,31.2747
16,32,1,256,31.6587
16,32,1,512,32.3623
16,32,1,1024,39.5097
16,32,1,2048,44.3303
16,32,1,4096,62.614
16,32,1,8192,96.9807
16,32,1,16384,160.256
16,32,2,16,19.8077
16,32,2,32,22.3253
16,32,2,64,24.9383
16,32,2,128,31.722
16,32,2,256,32.501
16,32,2,512,39.562
16,32,2,1024,46.8267
16,32,2,2048,64.544
16,32,2,4096,100.586
16,32,2,8192,165.994
16,32,2,16384,299.743
16,32,4,16,20.064
16,32,4,32,22.8583
16,32,4,64,25.7707
16,32,4,128,32.8747
16,32,4,256,39.4667
16,32,4,512,47.8397
16,32,4,1024,65.611
16,32,4,2048,100.416
16,32,4,4096,167.818
16,32,4,8192,301.118
16,32,4,16384,567.113
16,32,8,16,20.9287
16,32,8,32,23.9253
16,32,8,64,26.9543
16,32,8,128,40.875
16,32,8,256,47.936
16,32,8,512,65.098
16,32,8,1024,100.619
16,32,8,2048,166.539
16,32,8,4096,298.963
16,32,8,8192,564.627
16,32,8,16384,1095.4
16,32,16,16,24.022
16,32,16,32,29.6863
16,32,16,64,34.7837
16,32,16,128,44.9177
16,32,16,256,62.3247
16,32,16,512,96.33
16,32,16,1024,163.775
16,32,16,2048,296.926
16,32,16,4096,563.048
16,32,16,8192,1096.73
16,32,16,16384,2159.14
16,32,32,16,30.634
16,32,32,32,40.352
16,32,32,64,50.9757
16,32,32,128,68.5327
16,32,32,256,101.087
16,32,32,512,167.723
16,32,32,1024,298.143
16,32,32,2048,560.946
16,32,32,4096,1082.7
16,32,32,8192,2131.32
16,32,32,16384,4220.93
16,32,64,16,44.7147
16,32,64,32,61.29
16,32,64,64,80.1383
16,32,64,128,114.945
16,32,64,256,179.508
16,32,64,512,310.26
16,32,64,1024,567.763
16,32,64,2048,1086.38
16,32,64,4096,2121.91
16,32,64,8192,4190.2
16,32,64,16384,8333.26
16,32,128,16,68.458
16,32,128,32,100.596
16,32,128,64,131.903
16,32,128,128,199.114
16,32,128,256,327.518
16,32,128,512,585.043
16,32,128,1024,1096.04
16,32,128,2048,2116.76
16,32,128,4096,4167.24
16,32,128,8192,8261.42
16,64,0,0,16.0427
16,64,1,16,22.6027
16,64,1,32,25.0347
16,64,1,64,27.5203
16,64,1,128,33.8137
16,64,1,256,34.251
16,64,1,512,34.9443
16,64,1,1024,42.4107
16,64,1,2048,46.634
16,64,1,4096,64.3087
16,64,1,8192,99.8707
16,64,1,16384,163.925
16,64,2,16,22.3893
16,64,2,32,24.8423
16,64,2,64,27.5623
16,64,2,128,34.3463
16,64,2,256,35.061
16,64,2,512,42.0803
16,64,2,1024,49.675
16,64,2,2048,67.5947
16,64,2,4096,102.933
16,64,2,8192,170.122
16,64,2,16384,302.634
16,64,4,16,22.7947
16,64,4,32,25.3653
16,64,4,64,28.3623
16,64,4,128,35.4457
16,64,4,256,42.293
16,64,4,512,50.6027
16,64,4,1024,67.6587
16,64,4,2048,104.042
16,64,4,4096,170.26
16,64,4,8192,303.242
16,64,4,16384,568.05
16,64,8,16,23.4453
16,64,8,32,26.4747
16,64,8,64,29.4933
16,64,8,128,43.4453
16,64,8,256,51.1997
16,64,8,512,68.0843
16,64,8,1024,103.082
16,64,8,2048,168.128
16,64,8,4096,302.474
16,64,8,8192,565.661
16,64,8,16384,1098.52
16,64,16,16,26.5803
16,64,16,32,32.3093
16,64,16,64,37.1413
16,64,16,128,47.115
16,64,16,256,64.5647
16,64,16,512,98.8157
16,64,16,1024,166.218
16,64,16,2048,300.714
16,64,16,4096,564.562
16,64,16,8192,1096.24
16,64,16,16384,2158.04
16,64,32,16,33.28
16,64,32,32,42.9227
16,64,32,64,53.5567
16,64,32,128,71.562
16,64,32,256,103.829
16,64,32,512,171.135
16,64,32,1024,301.194
16,64,32,2048,562.633
16,64,32,4096,1086.75
16,64,32,8192,2138.23
16,64,32,16384,4224.55
16,64,64,16,46.6557
16,64,64,32,64.0633
16,64,64,64,82.8583
16,64,64,128,116.949
16,64,64,256,181.45
16,64,64,512,312.521
16,64,64,1024,570.505
16,64,64,2048,1087.93
16,64,64,4096,2122.33
16,64,64,8192,4197.41
16,64,64,16384,8339.19
16,64,128,16,70.8793
16,64,128,32,102.805
16,64,128,64,134.965
16,64,128,128,201.524
16,64,128,256,329.396
16,64,128,512,587.774
16,64,128,1024,1100.28
16,64,128,2048,2120.34
16,64,128,4096,4169.54
16,64,128,8192,8263.46
16,128,0,0,25.3227
16,128,1,16,32.2237
16,128,1,32,34.4537
16,128,1,64,37.163
16,128,1,128,43.6687
16,128,1,256,44.0633
16,128,1,512,44.661
16,128,1,1024,52.4263
16,128,1,2048,56.8743
16,128,1,4096,74.7413
16,128,1,8192,108.768
16,128,1,16384,172.042
16,128,2,16,32.1487
16,128,2,32,34.6663
16,128,2,64,37.1947
16,128,2,128,44.139
16,128,2,256,44.7997
16,128,2,512,52.4043
16,128,2,1024,59.68
16,128,2,2048,77.4713
16,128,2,4096,112.768
16,128,2,8192,178.463
16,128,2,16384,311.21
16,128,4,16,32.3943
16,128,4,32,35.1357
16,128,4,64,38.0483
16,128,4,128,45.5253
16,128,4,256,52.3413
16,128,4,512,60.5437
16,128,4,1024,77.8773
16,128,4,2048,112.192
16,128,4,4096,179.721
16,128,4,8192,311.752
16,128,4,16384,576.168
16,128,8,16,33.3007
16,128,8,32,36.064
16,128,8,64,39.2213
16,128,8,128,53.1203
16,128,8,256,61.514
16,128,8,512,79.083
16,128,8,1024,112.736
16,128,8,2048,179.925
16,128,8,4096,311.753
16,128,8,8192,575.027
16,128,8,16384,1105.18
16,128,16,16,36.0213
16,128,16,32,41.461
16,128,16,64,46.3023
16,128,16,128,56.7567
16,128,16,256,73.7707
16,128,16,512,107.99
16,128,16,1024,174.485
16,128,16,2048,307.785
16,128,16,4096,571.56
16,128,16,8192,1100.31
16,128,16,16384,2157.78
16,128,32,16,42.624
16,128,32,32,52.9063
16,128,32,64,64.0743
16,128,32,128,81.0337
16,128,32,256,114.697
16,128,32,512,180.235
16,128,32,1024,311.412
16,128,32,2048,572.542
16,128,32,4096,1096.55
16,128,32,8192,2145.51
16,128,32,16384,4239.81
16,128,64,16,56.021
16,128,64,32,73.845
16,128,64,64,92.6393
16,128,64,128,127.274
16,128,64,256,192.405
16,128,64,512,323.412
16,128,64,1024,580.968
16,128,64,2048,1097.85
16,128,64,4096,2133.12
16,128,64,8192,4205.93
16,128,64,16384,8352.09
16,128,128,16,80.3513
16,128,128,32,112.373
16,128,128,64,144.469
16,128,128,128,212.127
16,128,128,256,340.265
16,128,128,512,597.384
16,128,128,1024,1110.17
16,128,128,2048,2129.73
16,128,128,4096,4179.19
16,128,128,8192,8276.38
16,256,0,0,25.6423
16,256,1,16,32.4477
16,256,1,32,34.859
16,256,1,64,37.4707
16,256,1,128,43.7543
16,256,1,256,44.1913
16,256,1,512,44.906
16,256,1,1024,51.403
16,256,1,2048,56.736
16,256,1,4096,75.36
16,256,1,8192,110.166
16,256,1,16384,171.743
16,256,2,16,32.448
16,256,2,32,35.0933
16,256,2,64,37.6423
16,256,2,128,44.3843
16,256,2,256,45.248
16,256,2,512,52.5433
16,256,2,1024,60.096
16,256,2,2048,77.621
16,256,2,4096,113.162
16,256,2,8192,178.848
16,256,2,16384,310.804
16,256,4,16,33.0457
16,256,4,32,35.5843
16,256,4,64,38.5383
16,256,4,128,45.803
16,256,4,256,52.522
16,256,4,512,60.9913
16,256,4,1024,78.2183
16,256,4,2048,112.831
16,256,4,4096,179.029
16,256,4,8192,312.703
16,256,4,16384,575.561
16,256,8,16,33.653
16,256,8,32,36.6717
16,256,8,64,39.9467
16,256,8,128,53.6203
16,256,8,256,61.9723
16,256,8,512,79.3813
16,256,8,1024,113.589
16,256,8,2048,178.347
16,256,8,4096,312.511
16,256,8,8192,577.972
16,256,8,16384,1108.28
16,256,16,16,36.6717
16,256,16,32,42.144
16,256,16,64,47.029
16,256,16,128,57.503
16,256,16,256,74.2397
16,256,16,512,108.906
16,256,16,1024,177.834
16,256,16,2048,310.335
16,256,16,4096,576.595
16,256,16,8192,1107.99
16,256,16,16384,2168.75
16,256,32,16,43.4457
16,256,32,32,53.5677
16,256,32,64,64.5327
16,256,32,128,82.794
16,256,32,256,114.879
16,256,32,512,180.853
16,256,32,1024,312.555
16,256,32,2048,575.347
16,256,32,4096,1097.63
16,256,32,8192,2143.51
16,256,32,16384,4233.25
16,256,64,16,56.6937
16,256,64,32,74.6873
16,256,64,64,93.1087
16,256,64,128,128.554
16,256,64,256,191.978
16,256,64,512,323.188
16,256,64,1024,582.28
16,256,64,2048,1097.48
16,256,64,4096,2134.13
16,256,64,8192,4207.13
16,256,64,16384,8349.71
16,256,128,16,81.0767
16,256,128,32,114.014
16,256,128,64,145.589
16,256,128,128,212.329
16,256,128,256,340.287
16,256,128,512,597.726
16,256,128,1024,1107.93
16,256,128,2048,2129.28
16,256,128,4096,4172.8
16,256,128,8192,8274.88
16,512,0,0,27.1147
16,512,1,16,33.344
16,512,1,32,35.957
16,512,1,64,38.549
16,512,1,128,44.9067
16,512,1,256,45.195
16,512,1,512,46.0583
16,512,1,1024,52.853
16,512,1,2048,59.062
16,512,1,4096,76.7573
16,512,1,8192,111.52
16,512,1,16384,175.466
16,512,2,16,33.3333
16,512,2,32,35.9147
16,512,2,64,38.5487
16,512,2,128,45.2477
16,512,2,256,46.0693
16,512,2,512,53.4613
16,512,2,1024,61.3223
16,512,2,2048,79.061
16,512,2,4096,114.858
16,512,2,8192,182.015
16,512,2,16384,314.622
16,512,4,16,33.6637
16,512,4,32,36.5113
16,512,4,64,39.413
16,512,4,128,46.6133
16,512,4,256,53.6423
16,512,4,512,62.6023
16,512,4,1024,80.3093
16,512,4,2048,114.889
16,512,4,4096,183.434
16,512,4,8192,317.193
16,512,4,16384,580.286
16,512,8,16,34.4097
16,512,8,32,37.4287
16,512,8,64,40.757
16,512,8,128,54.7093
16,512,8,256,62.7517
16,512,8,512,79.8393
16,512,8,1024,114.538
16,512,8,2048,180.778
16,512,8,4096,314.026
16,512,8,8192,577.737
16,512,8,16384,1111.28
16,512,16,16,37.9307
16,512,16,32,43.9363
16,512,16,64,49.056
16,512,16,128,58.7513
16,512,16,256,76.3297
16,512,16,512,111.893
16,512,16,1024,177.546
16,512,16,2048,310.868
16,512,16,4096,578.152
16,512,16,8192,1111.77
16,512,16,16384,2175.31
16,512,32,16,44.4157
16,512,32,32,55.0817
16,512,32,64,66.1653
16,512,32,128,83.573
16,512,32,256,116.991
16,512,32,512,182.195
16,512,32,1024,313.791
16,512,32,2048,576.329
16,512,32,4096,1098.19
16,512,32,8192,2144.82
16,512,32,16384,4237.63
16,512,64,16,58.1543
16,512,64,32,76.3727
16,512,64,64,94.7737
16,512,64,128,129.771
16,512,64,256,193.514
16,512,64,512,324.319
16,512,64,1024,582.974
16,512,64,2048,1100.45
16,512,64,4096,2135.64
16,512,64,8192,4208.34
16,512,64,16384,8356.16
16,512,128,16,81.8137
16,512,128,32,114.89
16,512,128,64,146.421
16,512,128,128,213.727
16,512,128,256,339.603
16,512,128,512,598.835
16,512,128,1024,1107.43
16,512,128,2048,2130.97
16,512,128,4096,4176.26
16,512,128,8192,8274.53
16,1024,0,0,34.6557
16,1024,1,16,41.109
16,1024,1,32,43.701
16,1024,1,64,46.3463
16,1024,1,128,52.8317
16,1024,1,256,53.5787
16,1024,1,512,54.2503
16,1024,1,1024,60.746
16,1024,1,2048,66.7837
16,1024,1,4096,84.9703
16,1024,1,8192,120.351
16,1024,1,16384,183.828
16,1024,2,16,41.0877
16,1024,2,32,43.7117
16,1024,2,64,46.5487
16,1024,2,128,53.472
16,1024,2,256,54.474
16,1024,2,512,61.1083
16,1024,2,1024,69.3543
16,1024,2,2048,87.0603
16,1024,2,4096,120.607
16,1024,2,8192,188.437
16,1024,2,16384,325.642
16,1024,4,16,41.0453
16,1024,4,32,44.4377
16,1024,4,64,47.4767
16,1024,4,128,54.176
16,1024,4,256,61.4083
16,1024,4,512,69.205
16,1024,4,1024,88.191
16,1024,4,2048,123.039
16,1024,4,4096,189.802
16,1024,4,8192,324.766
16,1024,4,16384,590.653
16,1024,8,16,42.5067
16,1024,8,32,45.4937
16,1024,8,64,48.735
16,1024,8,128,62.6027
16,1024,8,256,70.9327
16,1024,8,512,87.8717
16,1024,8,1024,122.485
16,1024,8,2048,188.947
16,1024,8,4096,321.365
16,1024,8,8192,587.923
16,1024,8,16384,1118.28
16,1024,16,16,45.3973
16,1024,16,32,51.6153
16,1024,16,64,56.6937
16,1024,16,128,66.325
16,1024,16,256,84.298
16,1024,16,512,118.037
16,1024,16,1024,186.591
16,1024,16,2048,319.412
16,1024,16,4096,584.819
16,1024,16,8192,1120.08
16,1024,16,16384,2180.03
16,1024,32,16,52.6293
16,1024,32,32,62.5597
16,1024,32,64,73.5577
16,1024,32,128,91.22
16,1024,32,256,124.448
16,1024,32,512,190.304
16,1024,32,1024,321.684
16,1024,32,2048,583.39
16,1024,32,4096,1105.95
16,1024,32,8192,2153.75
16,1024,32,16384,4246.95
16,1024,64,16,66.7517
16,1024,64,32,83.093
16,1024,64,64,102.059
16,1024,64,128,137.077
16,1024,64,256,201.504
16,1024,64,512,331.07
16,1024,64,1024,591.155
16,1024,64,2048,1108.65
16,1024,64,4096,2139.75
16,1024,64,8192,4221.9
16,1024,64,16384,8358.23
16,1024,128,16,89.5357
16,1024,128,32,122.133
16,1024,128,64,154.111
16,1024,128,128,221.034
16,1024,128,256,347.433
16,1024,128,512,604.648
16,1024,128,1024,1114.85
16,1024,128,2048,2137.26
16,1024,128,4096,4187.29
16,1024,128,8192,8285.54
16,2048,0,0,40.0743
16,2048,1,16,47.0933
16,2048,1,32,49.5783
16,2048,1,64,52.448
16,2048,1,128,58.2393
16,2048,1,256,59.3383
16,2048,1,512,59.6047
16,2048,1,1024,66.1863
16,2048,1,2048,73.1517
16,2048,1,4096,91.2637
16,2048,1,8192,126.144
16,2048,1,16384,190.281
16,2048,2,16,46.965
16,2048,2,32,49.7283
16,2048,2,64,51.8927
16,2048,2,128,58.7083
16,2048,2,256,59.7437
16,2048,2,512,67.2313
16,2048,2,1024,75.6367
16,2048,2,2048,93.514
16,2048,2,4096,128.959
16,2048,2,8192,196.126
16,2048,2,16384,328.575
16,2048,4,16,47.552
16,2048,4,32,50.3987
16,2048,4,64,53.525
16,2048,4,128,60.3413
16,2048,4,256,67.1563
16,2048,4,512,77.0123
16,2048,4,1024,94.6447
16,2048,4,2048,131.423
16,2048,4,4096,198.303
16,2048,4,8192,331.028
16,2048,4,16384,596.776
16,2048,8,16,48.693
16,2048,8,32,52.0637
16,2048,8,64,54.6237
16,2048,8,128,69.0343
16,2048,8,256,76.9277
16,2048,8,512,96.1597
16,2048,8,1024,129.439
16,2048,8,2048,195.412
16,2048,8,4096,328.543
16,2048,8,8192,594.311
16,2048,8,16384,1126.79
16,2048,16,16,51.2643
16,2048,16,32,57.675
16,2048,16,64,63.189
16,2048,16,128,73.5677
16,2048,16,256,91.2953
16,2048,16,512,125.46
16,2048,16,1024,192.394
16,2048,16,2048,325.822
16,2048,16,4096,593.075
16,2048,16,8192,1126.02
16,2048,16,16384,2187.89
16,2048,32,16,58.9543
16,2048,32,32,70.0583
16,2048,32,64,80.8643
16,2048,32,128,98.336
16,2048,32,256,132.607
16,2048,32,512,198.357
16,2048,32,1024,329.555
16,2048,32,2048,591.805
16,2048,32,4096,1113.71
16,2048,32,8192,2159.26
16,2048,32,16384,4254.9
16,2048,64,16,73.28
16,2048,64,32,91.4553
16,2048,64,64,110.794
16,2048,64,128,143.925
16,2048,64,256,209.813
16,2048,64,512,339.774
16,2048,64,1024,598.014
16,2048,64,2048,1114.32
16,2048,64,4096,2151.69
16,2048,64,8192,4222.06
16,2048,64,16384,8369.51
16,2048,128,16,97.461
16,2048,128,32,130.026
16,2048,128,64,161.941
16,2048,128,128,229.289
16,2048,128,256,355.508
16,2048,128,512,613.395
16,2048,128,1024,1124.97
16,2048,128,2048,2145.05
16,2048,128,4096,4191.45
16,2048,128,8192,8292.15
16,4096,0,0,58.666
16,4096,1,16,64.4263
16,4096,1,32,67.509
16,4096,1,64,69.717
16,4096,1,128,76.5343
16,4096,1,256,76.4587
16,4096,1,512,77.8773
16,4096,1,1024,83.8383
16,4096,1,2048,90.0157
16,4096,1,4096,109.557
16,4096,1,8192,144.159
16,4096,1,16384,208.959
16,4096,2,16,65.322
16,4096,2,32,67.4767
16,4096,2,64,70.2823
16,4096,2,128,76.8957
16,4096,2,256,76.9913
16,4096,2,512,84.8637
16,4096,2,1024,94.218
16,4096,2,2048,112.416
16,4096,2,4096,147.605
16,4096,2,8192,214.612
16,4096,2,16384,347.251
16,4096,4,16,65.5893
16,4096,4,32,68
16,4096,4,64,71.488
16,4096,4,128,78.2503
16,4096,4,256,85.1307
16,4096,4,512,94.9013
16,4096,4,1024,113.643
16,4096,4,2048,147.637
16,4096,4,4096,213.525
16,4096,4,8192,349.929
16,4096,4,16384,615.582
16,4096,8,16,66.335
16,4096,8,32,70.3677
16,4096,8,64,72.6087
16,4096,8,128,86.1543
16,4096,8,256,95.9477
16,4096,8,512,113.259
16,4096,8,1024,147.096
16,4096,8,2048,213.773
16,4096,8,4096,347.022
16,4096,8,8192,614.022
16,4096,8,16384,1147.06
16,4096,16,16,69.3453
16,4096,16,32,74.8167
16,4096,16,64,80.9813
16,4096,16,128,91.414
16,4096,16,256,108.898
16,4096,16,512,144.578
16,4096,16,1024,212.376
16,4096,16,2048,344.057
16,4096,16,4096,612.507
16,4096,16,8192,1142.3
16,4096,16,16384,2205.76
16,4096,32,16,76.5557
16,4096,32,32,87.7027
16,4096,32,64,97.7283
16,4096,32,128,115.297
16,4096,32,256,148.951
16,4096,32,512,215.447
16,4096,32,1024,346.884
16,4096,32,2048,608.165
16,4096,32,4096,1132.91
16,4096,32,8192,2177.21
16,4096,32,16384,4269.86
16,4096,64,16,90.347
16,4096,64,32,109.376
16,4096,64,64,128.332
16,4096,64,128,161.953
16,4096,64,256,227.416
16,4096,64,512,357.551
16,4096,64,1024,617.062
16,4096,64,2048,1133.31
16,4096,64,4096,2168.07
16,4096,64,8192,4239.61
16,4096,64,16384,8382.52
16,4096,128,16,116.043
16,4096,128,32,148.183
16,4096,128,64,180.961
16,4096,128,128,246.53
16,4096,128,256,374.094
16,4096,128,512,630.758
16,4096,128,1024,1142.35
16,4096,128,2048,2165.09
16,4096,128,4096,4211.16
16,4096,128,8192,8311.95
16,8192,0,0,92.5127
16,8192,1,16,100.012
16,8192,1,32,102.422
16,8192,1,64,104.811
16,8192,1,128,111.542
16,8192,1,256,111.318
16,8192,1,512,112.162
16,8192,1,1024,118.914
16,8192,1,2048,125.302
16,8192,1,4096,143.031
16,8192,1,8192,177.751
16,8192,1,16384,242.381
16,8192,2,16,98.8593
16,8192,2,32,101.579
16,8192,2,64,104.822
16,8192,2,128,111.82
16,8192,2,256,112.459
16,8192,2,512,118.955
16,8192,2,1024,128.246
16,8192,2,2048,145.771
16,8192,2,4096,180.641
16,8192,2,8192,247.705
16,8192,2,16384,381.432
16,8192,4,16,101.142
16,8192,4,32,103.232
16,8192,4,64,105.078
16,8192,4,128,113.708
16,8192,4,256,119.979
16,8192,4,512,129.879
16,8192,4,1024,147.266
16,8192,4,2048,182.605
16,8192,4,4096,248.109
16,8192,4,8192,382.137
16,8192,4,16384,649.745
16,8192,8,16,101.707
16,8192,8,32,103.894
16,8192,8,64,107.894
16,8192,8,128,121.495
16,8192,8,256,130.071
16,8192,8,512,148.737
16,8192,8,1024,183.159
16,8192,8,2048,248.151
16,8192,8,4096,382.222
16,8192,8,8192,645.157
16,8192,8,16384,1176.49
16,8192,16,16,104.406
16,8192,16,32,111.063
16,8192,16,64,114.742
16,8192,16,128,125.867
16,8192,16,256,143.084
16,8192,16,512,178.892
16,8192,16,1024,246.369
16,8192,16,2048,378.201
16,8192,16,4096,644.294
16,8192,16,8192,1179.48
16,8192,16,16384,2239.17
16,8192,32,16,111.307
16,8192,32,32,121.964
16,8192,32,64,134.635
16,8192,32,128,151.276
16,8192,32,256,184.087
16,8192,32,512,250.071
16,8192,32,1024,380.793
16,8192,32,2048,645.137
16,8192,32,4096,1167
16,8192,32,8192,2218.08
16,8192,32,16384,4311.06
16,8192,64,16,125.484
16,8192,64,32,144.577
16,8192,64,64,163.319
16,8192,64,128,197.655
16,8192,64,256,263.223
16,8192,64,512,394.468
16,8192,64,1024,652.347
16,8192,64,2048,1167.47
16,8192,64,4096,2203.62
16,8192,64,8192,4273.43
16,8192,64,16384,8426.09
16,8192,128,16,150.732
16,8192,128,32,182.455
16,8192,128,64,215.426
16,8192,128,128,281.933
16,8192,128,256,410.19
16,8192,128,512,664.934
16,8192,128,1024,1176.94
16,8192,128,2048,2196.53
16,8192,128,4096,4246.26
16,8192,128,8192,8343.94
16,16384,0,0,159.148
16,16384,1,16,166.37
16,16384,1,32,168.909
16,16384,1,64,170.562
16,16384,1,128,177.42
16,16384,1,256,176.887
16,16384,1,512,178.764
16,16384,1,1024,185.409
16,16384,1,2048,191.703
16,16384,1,4096,208.908
16,16384,1,8192,242.882
16,16384,1,16384,306.605
16,16384,2,16,167.084
16,16384,2,32,167.521
16,16384,2,64,170.359
16,16384,2,128,178.263
16,16384,2,256,179.81
16,16384,2,512,185.154
16,16384,2,1024,192.673
16,16384,2,2048,211.905
16,16384,2,4096,246.317
16,16384,2,8192,313.207
16,16384,2,16384,445.806
16,16384,4,16,166.455
16,16384,4,32,169.986
16,16384,4,64,171.809
16,16384,4,128,178.967
16,16384,4,256,186.283
16,16384,4,512,194.455
16,16384,4,1024,211.735
16,16384,4,2048,246.381
16,16384,4,4096,312.728
16,16384,4,8192,445.432
16,16384,4,16384,710.704
16,16384,8,16,166.785
16,16384,8,32,170.21
16,16384,8,64,173.175
16,16384,8,128,187.532
16,16384,8,256,197.185
16,16384,8,512,212.278
16,16384,8,1024,246.797
16,16384,8,2048,313.784
16,16384,8,4096,446.457
16,16384,8,8192,712.901
16,16384,8,16384,1241.05
16,16384,16,16,169.164
16,16384,16,32,174.796
16,16384,16,64,180.727
16,16384,16,128,192.054
16,16384,16,256,209.644
16,16384,16,512,243.224
16,16384,16,1024,308.13
16,16384,16,2048,441.507
16,16384,16,4096,708.603
16,16384,16,8192,1238.3
16,16384,16,16384,2306.06
16,16384,32,16,176.759
16,16384,32,32,188.417
16,16384,32,64,197.943
16,16384,32,128,216.834
16,16384,32,256,248.066
16,16384,32,512,314.67
16,16384,32,1024,445.209
16,16384,32,2048,706.865
16,16384,32,4096,1233.3
16,16384,32,8192,2279.31
16,16384,32,16384,4373.14
16,16384,64,16,193.377
16,16384,64,32,210.306
16,16384,64,64,227.384
16,16384,64,128,262.264
16,16384,64,256,327.405
16,16384,64,512,457.688
16,16384,64,1024,716.464
16,16384,64,2048,1233.32
16,16384,64,4096,2269.04
16,16384,64,8192,4337.54
16,16384,64,16384,8487.83
16,16384,128,16,215.309
16,16384,128,32,249.207
16,16384,128,64,278.306
16,16384,128,128,346.723
16,16384,128,256,473.262
16,16384,128,512,731.281
16,16384,128,1024,1238.94
16,16384,128,2048,2263.54
16,16384,128,4096,4310.25
16,16384,128,8192,8407.79
32,0,0,0,23.179
32,0,1,16,29.7173
32,0,1,32,32.1173
32,0,1,64,34.7207
32,0,1,128,40.9917
32,0,1,256,41.5787
32,0,1,512,42.24
32,0,1,1024,49.025
32,0,1,2048,54.6133
32,0,1,4096,72.0427
32,0,1,8192,108.533
32,0,1,16384,171.735
32,0,2,16,29.557
32,0,2,32,32
32,0,2,64,34.7523
32,0,2,128,41.4937
32,0,2,256,42.1657
32,0,2,512,49.793
32,0,2,1024,57.5793
32,0,2,2048,75.478
32,0,2,4096,112.471
32,0,2,8192,178.049
32,0,2,16384,312.226
32,0,4,16,29.8667
32,0,4,32,32.448
32,0,4,64,35.659
32,0,4,128,42.8477
32,0,4,256,49.344
32,0,4,512,58.5393
32,0,4,1024,76.0113
32,0,4,2048,111.009
32,0,4,4096,178.732
32,0,4,8192,310.446
32,0,4,16384,578.201
32,0,8,16,30.5813
32,0,8,32,33.6747
32,0,8,64,36.811
32,0,8,128,51.0723
32,0,8,256,58.517
32,0,8,512,75.905
32,0,8,1024,111.488
32,0,8,2048,176.674
32,0,8,4096,309.41
32,0,8,8192,575.588
32,0,8,16384,1108
32,0,16,16,33.6963
32,0,16,32,39.5197
32,0,16,64,44.299
32,0,16,128,55.0297
32,0,16,256,72.757
32,0,16,512,106.358
32,0,16,1024,174.081
32,0,16,2048,308.525
32,0,16,4096,575.066
32,0,16,8192,1106.13
32,0,16,16384,2171.07
32,0,32,16,40.3207
32,0,32,32,50.219
32,0,32,64,61.355
32,0,32,128,79.3503
32,0,32,256,112.001
32,0,32,512,177.515
32,0,32,1024,308.941
32,0,32,2048,571.535
32,0,32,4096,1093.85
32,0,32,8192,2143.56
32,0,32,16384,4236.72
32,0,64,16,54.0807
32,0,64,32,71.627
32,0,64,64,90.2517
32,0,64,128,125.462
32,0,64,256,189.932
32,0,64,512,320.567
32,0,64,1024,577.603
32,0,64,2048,1097.21
32,0,64,4096,2132.18
32,0,64,8192,4204.35
32,0,64,16384,8343.32
32,0,128,16,78.572
32,0,128,32,110.913
32,0,128,64,142.636
32,0,128,128,209.805
32,0,128,256,337.25
32,0,128,512,591.876
32,0,128,1024,1102.91
32,0,128,2048,2129.24
32,0,128,4096,4171.32
32,0,128,8192,8273.78
32,16,0,0,23.158
32,16,1,16,29.8027
32,16,1,32,32.1717
32,16,1,64,34.805
32,16,1,128,41.152
32,16,1,256,41.5357
32,16,1,512,42.454
32,16,1,1024,49.4827
32,16,1,2048,54.5607
32,16,1,4096,72.5443
32,16,1,8192,107.894
32,16,1,16384,171.446
32,16,2,16,29.6433
32,16,2,32,32.0317
32,16,2,64,34.624
32,16,2,128,41.6433
32,16,2,256,42.411
32,16,2,512,49.2273
32,16,2,1024,57.068
32,16,2,2048,75.1473
32,16,2,4096,112.043
32,16,2,8192,176.652
32,16,2,16384,312.023
32,16,4,16,29.8247
32,16,4,32,32.5873
32,16,4,64,35.6057
32,16,4,128,43.0407
32,16,4,256,49.6857
32,16,4,512,58.4323
32,16,4,1024,76.5657
32,16,4,2048,110.742
32,16,4,4096,179.319
32,16,4,8192,312.408
32,16,4,16384,578.607
32,16,8,16,30.8267
32,16,8,32,33.7287
32,16,8,64,36.8747
32,16,8,128,51.0183
32,16,8,256,58.1333
32,16,8,512,76.1927
32,16,8,1024,111.137
32,16,8,2048,176.097
32,16,8,4096,310.679
32,16,8,8192,577.763
32,16,8,16384,1107.84
32,16,16,16,33.7607
32,16,16,32,39.584
32,16,16,64,44.6193
32,16,16,128,55.0507
32,16,16,256,73.067
32,16,16,512,107.115
32,16,16,1024,173.601
32,16,16,2048,306.968
32,16,16,4096,575.012
32,16,16,8192,1108.42
32,16,16,16384,2170.77
32,16,32,16,40.459
32,16,32,32,50.4857
32,16,32,64,60.9813
32,16,32,128,79.5313
32,16,32,256,112.385
32,16,32,512,178.87
32,16,32,1024,309.314
32,16,32,2048,572.132
32,16,32,4096,1095.89
32,16,32,8192,2145.04
32,16,32,16384,4236.46
32,16,64,16,53.963
32,16,64,32,71.5523
32,16,64,64,90.689
32,16,64,128,125.494
32,16,64,256,189.536
32,16,64,512,320.525
32,16,64,1024,578.435
32,16,64,2048,1094.34
32,16,64,4096,2129.88
32,16,64,8192,4206.92
32,16,64,16384,8348.4
32,16,128,16,78.1657
32,16,128,32,110.934
32,16,128,64,142.754
32,16,128,128,208.962
32,16,128,256,336.941
32,16,128,512,594.041
32,16,128,1024,1106.87
32,16,128,2048,2125.3
32,16,128,4096,4173.83
32,16,128,8192,8273.4
32,32,0,0,23.414
32,32,1,16,30.0803
32,32,1,32,32.4057
32,32,1,64,35.1787
32,32,1,128,41.344
32,32,1,256,41.6217
32,32,1,512,42.4647
32,32,1,1024,49.2587
32,32,1,2048,55.2213
32,32,1,4096,72.566
32,32,1,8192,108.31
32,32,1,16384,171.659
32,32,2,16,29.867
32,32,2,32,32.3417
32,32,2,64,34.944
32,32,2,128,41.7287
32,32,2,256,42.4967
32,32,2,512,49.845
32,32,2,1024,57.803
32,32,2,2048,76.128
32,32,2,4096,111.318
32,32,2,8192,177.793
32,32,2,16384,312.28
32,32,4,16,30.0797
32,32,4,32,32.7893
32,32,4,64,35.7767
32,32,4,128,42.817
32,32,4,256,49.7497
32,32,4,512,58.1333
32,32,4,1024,76.278
32,32,4,2048,112.758
32,32,4,4096,179.531
32,32,4,8192,313.527
32,32,4,16384,578.542
32,32,8,16,30.901
32,32,8,32,34.0053
32,32,8,64,37.0567
32,32,8,128,51.2743
32,32,8,256,58.4107
32,32,8,512,76.7903
32,32,8,1024,110.72
32,32,8,2048,177.24
32,32,8,4096,310.093
32,32,8,8192,576.163
32,32,8,16384,1108.11
32,32,16,16,33.951
32,32,16,32,39.744
32,32,16,64,44.971
32,32,16,128,55.158
32,32,16,256,72.725
32,32,16,512,106.987
32,32,16,1024,174.646
32,32,16,2048,307.18
32,32,16,4096,575.416
32,32,16,8192,1107.7
32,32,16,16384,2169.49
32,32,32,16,40.7683
32,32,32,32,50.8167
32,32,32,64,61.4733
32,32,32,128,80.128
32,32,32,256,112.747
32,32,32,512,178.614
32,32,32,1024,308.951
32,32,32,2048,571.865
32,32,32,4096,1094.74
32,32,32,8192,2141.12
32,32,32,16384,4234.2
32,32,64,16,54.251
32,32,64,32,71.6057
32,32,64,64,90.6457
32,32,64,128,125.707
32,32,64,256,188.801
32,32,64,512,320.289
32,32,64,1024,578.542
32,32,64,2048,1093.87
32,32,64,4096,2131.38
32,32,64,8192,4202.3
32,32,64,16384,8346.53
32,32,128,16,78.763
32,32,128,32,111.201
32,32,128,64,142.38
32,32,128,128,210.22
32,32,128,256,337.901
32,32,128,512,594.969
32,32,128,1024,1106.61
32,32,128,2048,2125.63
32,32,128,4096,4171.4
32,32,128,8192,8273.27
32,64,0,0,31.4987
32,64,1,16,38.219
32,64,1,32,40.5543
32,64,1,64,43.072
32,64,1,128,49.5047
32,64,1,256,49.8563
32,64,1,512,50.6137
32,64,1,1024,57.302
32,64,1,2048,63.0507
32,64,1,4096,80.939
32,64,1,8192,116.737
32,64,1,16384,179.649
32,64,2,16,37.899
32,64,2,32,40.5233
32,64,2,64,43.0613
32,64,2,128,49.8983
32,64,2,256,50.6347
32,64,2,512,58.0483
32,64,2,1024,66.0693
32,64,2,2048,84.63
32,64,2,4096,120.118
32,64,2,8192,187.17
32,64,2,16384,320.406
32,64,4,16,38.1127
32,64,4,32,40.8967
32,64,4,64,43.9147
32,64,4,128,51.3063
32,64,4,256,57.9527
32,64,4,512,66.368
32,64,4,1024,84.3417
32,64,4,2048,120.139
32,64,4,4096,186.945
32,64,4,8192,318.978
32,64,4,16384,584.91
32,64,8,16,38.9233
32,64,8,32,41.9737
32,64,8,64,45.1843
32,64,8,128,59.136
32,64,8,256,67.1893
32,64,8,512,84.8643
32,64,8,1024,119.372
32,64,8,2048,186.294
32,64,8,4096,318.711
32,64,8,8192,584.462
32,64,8,16384,1115.48
32,64,16,16,42.048
32,64,16,32,47.8607
32,64,16,64,52.736
32,64,16,128,63.297
32,64,16,256,80.1923
32,64,16,512,115.35
32,64,16,1024,182.934
32,64,16,2048,316.205
32,64,16,4096,582.403
32,64,16,8192,1113.87
32,64,16,16384,2177.76
32,64,32,16,49.0563
32,64,32,32,58.8057
32,64,32,64,69.3553
32,64,32,128,87.2753
32,64,32,256,120.641
32,64,32,512,186.88
32,64,32,1024,316.867
32,64,32,2048,579.864
32,64,32,4096,1104.7
32,64,32,8192,2148.93
32,64,32,16384,4249.4
32,64,64,16,62.336
32,64,64,32,79.8303
32,64,64,64,99.0943
32,64,64,128,133.025
32,64,64,256,197.345
32,64,64,512,327.256
32,64,64,1024,587.342
32,64,64,2048,1105.7
32,64,64,4096,2140.03
32,64,64,8192,4208.71
32,64,64,16384,8352.79
32,64,128,16,87.1573
32,64,128,32,119.03
32,64,128,64,150.903
32,64,128,128,218.166
32,64,128,256,346.049
32,64,128,512,602.51
32,64,128,1024,1111.58
32,64,128,2048,2134.86
32,64,128,4096,4182.03
32,64,128,8192,8283.35
32,128,0,0,38.9017
32,128,1,16,45.344
32,128,1,32,47.8617
32,128,1,64,50.347
32,128,1,128,56.8
32,128,1,256,57.4297
32,128,1,512,57.9733
32,128,1,1024,65.0677
32,128,1,2048,71.2757
32,128,1,4096,89.728
32,128,1,8192,124.331
32,128,1,16384,188.555
32,128,2,16,45.6103
32,128,2,32,47.991
32,128,2,64,50.4
32,128,2,128,57.6323
32,128,2,256,58.219
32,128,2,512,65.6007
32,128,2,1024,73.8257
32,128,2,2048,92.9813
32,128,2,4096,127.318
32,128,2,8192,194.358
32,128,2,16384,327.382
32,128,4,16,45.824
32,128,4,32,48.6397
32,128,4,64,51.4987
32,128,4,128,59.02
32,128,4,256,65.0883
32,128,4,512,75.179
32,128,4,1024,92.2347
32,128,4,2048,127.403
32,128,4,4096,195.884
32,128,4,8192,327.01
32,128,4,16384,595.097
32,128,8,16,46.5067
32,128,8,32,49.707
32,128,8,64,52.7147
32,128,8,128,66.8377
32,128,8,256,75.158
32,128,8,512,92.6197
32,128,8,1024,126.763
32,128,8,2048,193.44
32,128,8,4096,325.75
32,128,8,8192,592.099
32,128,8,16384,1126.26
32,128,16,16,49.7603
32,128,16,32,55.9053
32,128,16,64,61.2387
32,128,16,128,71.85
32,128,16,256,88.9923
32,128,16,512,123.82
32,128,16,1024,190.166
32,128,16,2048,324.333
32,128,16,4096,590.681
32,128,16,8192,1123.28
32,128,16,16384,2189.33
32,128,32,16,56.896
32,128,32,32,67.5093
32,128,32,64,78.1973
32,128,32,128,96.3097
32,128,32,256,130.368
32,128,32,512,195.788
32,128,32,1024,325.633
32,128,32,2048,588.653
32,128,32,4096,1112.25
32,128,32,8192,2161.14
32,128,32,16384,4251.13
32,128,64,16,70.5717
32,128,64,32,88.47
32,128,64,64,107.392
32,128,64,128,142.059
32,128,64,256,206.956
32,128,64,512,336.706
32,128,64,1024,595.992
32,128,64,2048,1114.32
32,128,64,4096,2150.52
32,128,64,8192,4220.42
32,128,64,16384,8362.17
32,128,128,16,94.7203
32,128,128,32,127.115
32,128,128,64,158.849
32,128,128,128,226.21
32,128,128,256,352.854
32,128,128,512,610.563
32,128,128,1024,1121.04
32,128,128,2048,2143.16
32,128,128,4096,4189.97
32,128,128,8192,8287.43
32,256,0,0,39.35
32,256,1,16,46.2937
32,256,1,32,48.417
32,256,1,64,50.699
32,256,1,128,57.4183
32,256,1,256,57.7493
32,256,1,512,58.4637
32,256,1,1024,65.4833
32,256,1,2048,72.0107
32,256,1,4096,89.7923
32,256,1,8192,125.035
32,256,1,16384,189.409
32,256,2,16,45.8453
32,256,2,32,48.2883
32,256,2,64,50.88
32,256,2,128,57.7067
32,256,2,256,58.795
32,256,2,512,65.44
32,256,2,1024,74.752
32,256,2,2048,93.035
32,256,2,4096,128.236
32,256,2,8192,196.108
32,256,2,16384,329.153
32,256,4,16,46.0587
32,256,4,32,48.6083
32,256,4,64,51.9147
32,256,4,128,58.8913
32,256,4,256,65.696
32,256,4,512,75.0937
32,256,4,1024,93.835
32,256,4,2048,128.086
32,256,4,4096,196.214
32,256,4,8192,328.919
32,256,4,16384,594.808
32,256,8,16,47.0083
32,256,8,32,50.0807
32,256,8,64,53.0027
32,256,8,128,67.2007
32,256,8,256,75.7877
32,256,8,512,93.974
32,256,8,1024,129.014
32,256,8,2048,193.729
32,256,8,4096,326.796
32,256,8,8192,594.423
32,256,8,16384,1126.6
32,256,16,16,49.8353
32,256,16,32,56.522
32,256,16,64,62.155
32,256,16,128,72.3943
32,256,16,256,90.123
32,256,16,512,124.256
32,256,16,1024,191.393
32,256,16,2048,324.577
32,256,16,4096,593.005
32,256,16,8192,1124.94
32,256,16,16384,2187.18
32,256,32,16,57.1837
32,256,32,32,68.0957
32,256,32,64,79.0513
32,256,32,128,97.2483
32,256,32,256,129.824
32,256,32,512,196.29
32,256,32,1024,326.999
32,256,32,2048,589.677
32,256,32,4096,1112.32
32,256,32,8192,2159.01
32,256,32,16384,4260.37
32,256,64,16,70.8907
32,256,64,32,89.0563
32,256,64,64,107.659
32,256,64,128,142.625
32,256,64,256,206.422
32,256,64,512,337.548
32,256,64,1024,595.267
32,256,64,2048,1112.24
32,256,64,4096,2150.28
32,256,64,8192,4219.41
32,256,64,16384,8360.97
32,256,128,16,95.6803
32,256,128,32,127.19
32,256,128,64,159.713
32,256,128,128,226.156
32,256,128,256,353.741
32,256,128,512,610.701
32,256,128,1024,1121.49
32,256,128,2048,2141.22
32,256,128,4096,4190.15
32,256,128,8192,8289.3
32,512,0,0,40.8427
32,512,1,16,47.1147
32,512,1,32,49.8237
32,512,1,64,52.2033
32,512,1,128,58.7733
32,512,1,256,59.2323
32,512,1,512,60.843
32,512,1,1024,67.1467
32,512,1,2048,73.921
32,512,1,4096,91.5633
32,512,1,8192,127.958
32,512,1,16384,191.894
32,512,2,16,47.4027
32,512,2,32,50.1767
32,512,2,64,52.5867
32,512,2,128,58.9337
32,512,2,256,60.4477
32,512,2,512,67.4457
32,512,2,1024,75.6377
32,512,2,2048,95.467
32,512,2,4096,130.645
32,512,2,8192,198.507
32,512,2,16384,330.07
32,512,4,16,47.9143
32,512,4,32,50.5927
32,512,4,64,53.4827
32,512,4,128,61.3863
32,512,4,256,67.125
32,512,4,512,77.3763
32,512,4,1024,95.4243
32,512,4,2048,130.059
32,512,4,4096,197.815
32,512,4,8192,331.958
32,512,4,16384,598.509
32,512,8,16,48.6933
32,512,8,32,51.851
32,512,8,64,55.413
32,512,8,128,68.8003
32,512,8,256,78.122
32,512,8,512,96.0223
32,512,8,1024,129.931
32,512,8,2048,197.087
32,512,8,4096,329.441
32,512,8,8192,596.301
32,512,8,16384,1128.9
32,512,16,16,51.7657
32,512,16,32,58.432
32,512,16,64,64.2777
32,512,16,128,74.4853
32,512,16,256,92.5973
32,512,16,512,126.72
32,512,16,1024,195.307
32,512,16,2048,328.182
32,512,16,4096,595.329
32,512,16,8192,1124.22
32,512,16,16384,2189.68
32,512,32,16,59.1573
32,512,32,32,69.4717
32,512,32,64,80.8
32,512,32,128,99.0293
32,512,32,256,131.605
32,512,32,512,198.571
32,512,32,1024,329.526
32,512,32,2048,590.338
32,512,32,4096,1113.67
32,512,32,8192,2161.56
32,512,32,16384,4260.92
32,512,64,16,72.3953
32,512,64,32,91.1257
32,512,64,64,109.59
32,512,64,128,144.534
32,512,64,256,208.107
32,512,64,512,339.713
32,512,64,1024,597.228
32,512,64,2048,1113.57
32,512,64,4096,2151.13
32,512,64,8192,4223.63
32,512,64,16384,8366.47
32,512,128,16,97.1633
32,512,128,32,129.259
32,512,128,64,161.43
32,512,128,128,228.353
32,512,128,256,354.668
32,512,128,512,611.661
32,512,128,1024,1123.88
32,512,128,2048,2143.12
32,512,128,4096,4189.33
32,512,128,8192,8291.04
32,1024,0,0,61.8887
32,1024,1,16,68.8963
32,1024,1,32,71.6703
32,1024,1,64,74.0483
32,1024,1,128,80.053
32,1024,1,256,80.9497
32,1024,1,512,81.8447
32,1024,1,1024,89.494
32,1024,1,2048,95.5633
32,1024,1,4096,114.304
32,1024,1,8192,150.369
32,1024,1,16384,213.078
32,1024,2,16,68.5753
32,1024,2,32,72.0967
32,1024,2,64,73.6643
32,1024,2,128,80.8747
32,1024,2,256,81.226
32,1024,2,512,88.8427
32,1024,2,1024,97.4193
32,1024,2,2048,117.057
32,1024,2,4096,151.862
32,1024,2,8192,219.084
32,1024,2,16384,353.291
32,1024,4,16,69.685
32,1024,4,32,72.405
32,1024,4,64,75.9473
32,1024,4,128,82.667
32,1024,4,256,89.5037
32,1024,4,512,98.8687
32,1024,4,1024,117.866
32,1024,4,2048,152.629
32,1024,4,4096,220
32,1024,4,8192,354.177
32,1024,4,16384,618.776
32,1024,8,16,70.1227
32,1024,8,32,73.5253
32,1024,8,64,76.8
32,1024,8,128,90.8157
32,1024,8,256,99.9473
32,1024,8,512,118.006
32,1024,8,1024,151.894
32,1024,8,2048,217.665
32,1024,8,4096,351.468
32,1024,8,8192,617.016
32,1024,8,16384,1149.47
32,1024,16,16,74.5607
32,1024,16,32,79.1897
32,1024,16,64,86.122
32,1024,16,128,96.17
32,1024,16,256,114.22
32,1024,16,512,148.193
32,1024,16,1024,215.872
32,1024,16,2048,350.913
32,1024,16,4096,615.062
32,1024,16,8192,1146.85
32,1024,16,16384,2212.86
32,1024,32,16,81.3233
32,1024,32,32,92.3303
32,1024,32,64,103.563
32,1024,32,128,122.528
32,1024,32,256,155.318
32,1024,32,512,220.074
32,1024,32,1024,353.068
32,1024,32,2048,614.167
32,1024,32,4096,1136.47
32,1024,32,8192,2183.28
32,1024,32,16384,4276.56
32,1024,64,16,95.7013
32,1024,64,32,114.593
32,1024,64,64,133.963
32,1024,64,128,167.669
32,1024,64,256,232.982
32,1024,64,512,362.806
32,1024,64,1024,621.368
32,1024,64,2048,1137.33
32,1024,64,4096,2174.27
32,1024,64,8192,4245.75
32,1024,64,16384,8390.97
32,1024,128,16,121.291
32,1024,128,32,154.4
32,1024,128,64,185.26
32,1024,128,128,253.248
32,1024,128,256,379.286
32,1024,128,512,636.599
32,1024,128,1024,1144.86
32,1024,128,2048,2170.09
32,1024,128,4096,4219.76
32,1024,128,8192,8321.51
32,2048,0,0,74.955
32,2048,1,16,81.6857
32,2048,1,32,83.1047
32,2048,1,64,86.4853
32,2048,1,128,93.12
32,2048,1,256,93.334
32,2048,1,512,94.955
32,2048,1,1024,101.258
32,2048,1,2048,108.949
32,2048,1,4096,125.985
32,2048,1,8192,161.546
32,2048,1,16384,225.675
32,2048,2,16,81.3867
32,2048,2,32,84.267
32,2048,2,64,86.796
32,2048,2,128,93.216
32,2048,2,256,94.7853
32,2048,2,512,100.501
32,2048,2,1024,110.549
32,2048,2,2048,128.821
32,2048,2,4096,163.543
32,2048,2,8192,230.828
32,2048,2,16384,363.244
32,2048,4,16,81.7603
32,2048,4,32,84.502
32,2048,4,64,87.4777
32,2048,4,128,96.0427
32,2048,4,256,101.322
32,2048,4,512,111.488
32,2048,4,1024,129.494
32,2048,4,2048,163.904
32,2048,4,4096,230.55
32,2048,4,8192,365.367
32,2048,4,16384,631.351
32,2048,8,16,82.5063
32,2048,8,32,86.1333
32,2048,8,64,89.2907
32,2048,8,128,103.584
32,2048,8,256,110.998
32,2048,8,512,130.315
32,2048,8,1024,164.192
32,2048,8,2048,231.67
32,2048,8,4096,363.788
32,2048,8,8192,627.223
32,2048,8,16384,1162.31
32,2048,16,16,85.9523
32,2048,16,32,91.7543
32,2048,16,64,98.112
32,2048,16,128,109.568
32,2048,16,256,125.984
32,2048,16,512,160.321
32,2048,16,1024,227.371
32,2048,16,2048,359.756
32,2048,16,4096,625.74
32,2048,16,8192,1162.34
32,2048,16,16384,2223.62
32,2048,32,16,93.6323
32,2048,32,32,104.128
32,2048,32,64,115.573
32,2048,32,128,132.192
32,2048,32,256,165.482
32,2048,32,512,232.491
32,2048,32,1024,363.286
32,2048,32,2048,625.154
32,2048,32,4096,1148.97
32,2048,32,8192,2197.44
32,2048,32,16384,4287.31
32,2048,64,16,107.276
32,2048,64,32,125.173
32,2048,64,64,144.694
32,2048,64,128,177.014
32,2048,64,256,242.689
32,2048,64,512,374.23
32,2048,64,1024,630.947
32,2048,64,2048,1148.76
32,2048,64,4096,2185.56
32,2048,64,8192,4256.67
32,2048,64,16384,8400.27
32,2048,128,16,131.893
32,2048,128,32,164.47
32,2048,128,64,196.193
32,2048,128,128,262.764
32,2048,128,256,389.346
32,2048,128,512,646.445
32,2048,128,1024,1160.04
32,2048,128,2048,2179.2
32,2048,128,4096,4226.05
32,2048,128,8192,8331.65
32,4096,0,0,111.776
32,4096,1,16,118.635
32,4096,1,32,120.469
32,4096,1,64,123.862
32,4096,1,128,130.218
32,4096,1,256,130.464
32,4096,1,512,131.851
32,4096,1,1024,138.358
32,4096,1,2048,145.387
32,4096,1,4096,163.584
32,4096,1,8192,196.95
32,4096,1,16384,260.929
32,4096,2,16,118.081
32,4096,2,32,120.309
32,4096,2,64,125.686
32,4096,2,128,131.253
32,4096,2,256,132.001
32,4096,2,512,139.255
32,4096,2,1024,146.987
32,4096,2,2048,166.102
32,4096,2,4096,199.766
32,4096,2,8192,268.374
32,4096,2,16384,399.691
32,4096,4,16,118.806
32,4096,4,32,121.291
32,4096,4,64,125.291
32,4096,4,128,132.779
32,4096,4,256,136.95
32,4096,4,512,147.926
32,4096,4,1024,166.635
32,4096,4,2048,200.427
32,4096,4,4096,267.563
32,4096,4,8192,399.596
32,4096,4,16384,666.507
32,4096,8,16,119.328
32,4096,8,32,123.318
32,4096,8,64,126.284
32,4096,8,128,139.862
32,4096,8,256,149.824
32,4096,8,512,167.883
32,4096,8,1024,200.971
32,4096,8,2048,267.115
32,4096,8,4096,399.616
32,4096,8,8192,666.188
32,4096,8,16384,1198.32
32,4096,16,16,121.504
32,4096,16,32,127.969
32,4096,16,64,135.499
32,4096,16,128,145.013
32,4096,16,256,162.422
32,4096,16,512,195.03
32,4096,16,1024,263.553
32,4096,16,2048,397.27
32,4096,16,4096,661.537
32,4096,16,8192,1194.87
32,4096,16,16384,2257.64
32,4096,32,16,131.862
32,4096,32,32,141.152
32,4096,32,64,151.979
32,4096,32,128,167.883
32,4096,32,256,201.793
32,4096,32,512,269.11
32,4096,32,1024,399.051
32,4096,32,2048,663.041
32,4096,32,4096,1185.73
32,4096,32,8192,2230.02
32,4096,32,16384,4326.54
32,4096,64,16,142.763
32,4096,64,32,162.208
32,4096,64,64,180.523
32,4096,64,128,214.571
32,4096,64,256,278.486
32,4096,64,512,409.676
32,4096,64,1024,667.341
32,4096,64,2048,1183.94
32,4096,64,4096,2221.73
32,4096,64,8192,4293.97
32,4096,64,16384,8440.6
32,4096,128,16,165.771
32,4096,128,32,198.646
32,4096,128,64,231.126
32,4096,128,128,297.846
32,4096,128,256,425.591
32,4096,128,512,683.159
32,4096,128,1024,1192.61
32,4096,128,2048,2216.13
32,4096,128,4096,4265.91
32,4096,128,8192,8363.69
32,8192,0,0,179.062
32,8192,1,16,185.888
32,8192,1,32,187.861
32,8192,1,64,190.625
32,8192,1,128,197.088
32,8192,1,256,197.685
32,8192,1,512,197.984
32,8192,1,1024,204.939
32,8192,1,2048,211.638
32,8192,1,4096,229.334
32,8192,1,8192,263.521
32,8192,1,16384,327.094
32,8192,2,16,185.067
32,8192,2,32,188.16
32,8192,2,64,190.506
32,8192,2,128,196.79
32,8192,2,256,198.432
32,8192,2,512,205.868
32,8192,2,1024,213.451
32,8192,2,2048,231.062
32,8192,2,4096,266.294
32,8192,2,8192,333.569
32,8192,2,16384,467.061
32,8192,4,16,185.014
32,8192,4,32,188.896
32,8192,4,64,190.731
32,8192,4,128,198.988
32,8192,4,256,204.193
32,8192,4,512,214.912
32,8192,4,1024,232.481
32,8192,4,2048,266.252
32,8192,4,4096,333.728
32,8192,4,8192,466.615
32,8192,4,16384,733.815
32,8192,8,16,186.261
32,8192,8,32,190.006
32,8192,8,64,193.665
32,8192,8,128,207.009
32,8192,8,256,217.056
32,8192,8,512,234.145
32,8192,8,1024,267.819
32,8192,8,2048,333.781
32,8192,8,4096,468.247
32,8192,8,8192,732.279
32,8192,8,16384,1264.33
32,8192,16,16,190.069
32,8192,16,32,196.235
32,8192,16,64,201.546
32,8192,16,128,211.734
32,8192,16,256,229.504
32,8192,16,512,264.373
32,8192,16,1024,329.493
32,8192,16,2048,462.517
32,8192,16,4096,728.086
32,8192,16,8192,1261.71
32,8192,16,16384,2321.81
32,8192,32,16,197.771
32,8192,32,32,209.473
32,8192,32,64,220.32
32,8192,32,128,236.897
32,8192,32,256,268.907
32,8192,32,512,334.615
32,8192,32,1024,467.511
32,8192,32,2048,727.009
32,8192,32,4096,1254.21
32,8192,32,8192,2301.9
32,8192,32,16384,4391.35
32,8192,64,16,211.585
32,8192,64,32,229.643
32,8192,64,64,248.108
32,8192,64,128,281.291
32,8192,64,256,347.755
32,8192,64,512,478.764
32,8192,64,1024,736.993
32,8192,64,2048,1255.15
32,8192,64,4096,2286.64
32,8192,64,8192,4358.21
32,8192,64,16384,8503.86
32,8192,128,16,234.784
32,8192,128,32,267.179
32,8192,128,64,299.627
32,8192,128,128,367.521
32,8192,128,256,493.495
32,8192,128,512,750.178
32,8192,128,1024,1260.16
32,8192,128,2048,2280.83
32,8192,128,4096,4331.59
32,8192,128,8192,8426.39
32,16384,0,0,313.387
32,16384,1,16,317.793
32,16384,1,32,321.995
32,16384,1,64,323.425
32,16384,1,128,329.375
32,16384,1,256,331.391
32,16384,1,512,332.256
32,16384,1,1024,338.945
32,16384,1,2048,345.291
32,16384,1,4096,363.595
32,16384,1,8192,397.12
32,16384,1,16384,460.918
32,16384,2,16,318.998
32,16384,2,32,320.78
32,16384,2,64,324.534
32,16384,2,128,330.582
32,16384,2,256,332.011
32,16384,2,512,337.803
32,16384,2,1024,347.243
32,16384,2,2048,364.683
32,16384,2,4096,400.193
32,16384,2,8192,466.818
32,16384,2,16384,597.868
32,16384,4,16,319.926
32,16384,4,32,322.102
32,16384,4,64,324.64
32,16384,4,128,332.352
32,16384,4,256,338.23
32,16384,4,512,348.65
32,16384,4,1024,366.079
32,16384,4,2048,400.097
32,16384,4,4096,466.827
32,16384,4,8192,601.142
32,16384,4,16384,866.24
32,16384,8,16,319.702
32,16384,8,32,323.905
32,16384,8,64,326.198
32,16384,8,128,339.83
32,16384,8,256,348.672
32,16384,8,512,368.021
32,16384,8,1024,401.43
32,16384,8,2048,466.827
32,16384,8,4096,601.335
32,16384,8,8192,865.303
32,16384,8,16384,1396.75
32,16384,16,16,323.424
32,16384,16,32,330.016
32,16384,16,64,335.168
32,16384,16,128,346.315
32,16384,16,256,361.601
32,16384,16,512,397.175
32,16384,16,1024,462.294
32,16384,16,2048,595.137
32,16384,16,4096,862.273
32,16384,16,8192,1394.3
32,16384,16,16384,2458.4
32,16384,32,16,332.235
32,16384,32,32,341.601
32,16384,32,64,351.863
32,16384,32,128,368.897
32,16384,32,256,402.294
32,16384,32,512,468.716
32,16384,32,1024,601.825
32,16384,32,2048,863.383
32,16384,32,4096,1385.32
32,16384,32,8192,2433.58
32,16384,32,16384,4525.15
32,16384,64,16,344.896
32,16384,64,32,361.814
32,16384,64,64,380.801
32,16384,64,128,414.923
32,16384,64,256,479.425
32,16384,64,512,611.297
32,16384,64,1024,869.729
32,16384,64,2048,1387.64
32,16384,64,4096,2421.29
32,16384,64,8192,4493.05
32,16384,64,16384,8642.35
32,16384,128,16,367.691
32,16384,128,32,399.776
32,16384,128,64,432.396
32,16384,128,128,500.001
32,16384,128,256,626.785
32,16384,128,512,884.258
32,16384,128,1024,1394.31
32,16384,128,2048,2415.32
32,16384,128,4096,4464.64
32,16384,128,8192,8558.66
64,0,0,0,23.1467
64,0,1,16,29.771
64,0,1,32,32.128
64,0,1,64,34.7843
64,0,1,128,41.2907
64,0,1,256,41.3337
64,0,1,512,42.3577
64,0,1,1024,49.024
64,0,1,2048,55.4343
64,0,1,4096,73.0987
64,0,1,8192,109.483
64,0,1,16384,173.28
64,0,2,16,29.813
64,0,2,32,32.352
64,0,2,64,34.933
64,0,2,128,41.4927
64,0,2,256,42.1547
64,0,2,512,50.1543
64,0,2,1024,57.8773
64,0,2,2048,76.7043
64,0,2,4096,111.883
64,0,2,8192,180.117
64,0,2,16384,313.121
64,0,4,16,29.8133
64,0,4,32,32.6183
64,0,4,64,35.755
64,0,4,128,42.592
64,0,4,256,49.6317
64,0,4,512,58.5813
64,0,4,1024,77.2907
64,0,4,2048,112.448
64,0,4,4096,179.926
64,0,4,8192,313.196
64,0,4,16384,579.883
64,0,8,16,32.0213
64,0,8,32,35.221
64,0,8,64,38.2503
64,0,8,128,52.139
64,0,8,256,60.6187
64,0,8,512,78.6353
64,0,8,1024,113.675
64,0,8,2048,179.381
64,0,8,4096,312.8
64,0,8,8192,577.643
64,0,8,16384,1110.92
64,0,16,16,35.456
64,0,16,32,41.3977
64,0,16,64,46.891
64,0,16,128,58.0477
64,0,16,256,74.5493
64,0,16,512,110.165
64,0,16,1024,176.854
64,0,16,2048,312.021
64,0,16,4096,577.366
64,0,16,8192,1108.23
64,0,16,16384,2176.94
64,0,32,16,42.2507
64,0,32,32,52.8003
64,0,32,64,64.1603
64,0,32,128,81.7597
64,0,32,256,114.859
64,0,32,512,181.386
64,0,32,1024,312.011
64,0,32,2048,575.361
64,0,32,4096,1100.63
64,0,32,8192,2143.66
64,0,32,16384,4237.2
64,0,64,16,54.6453
64,0,64,32,72.448
64,0,64,64,91.371
64,0,64,128,126.464
64,0,64,256,190.336
64,0,64,512,321.718
64,0,64,1024,580.235
64,0,64,2048,1097.11
64,0,64,4096,2133.35
64,0,64,8192,4204.72
64,0,64,16384,8346.36
64,0,128,16,79.0403
64,0,128,32,111.339
64,0,128,64,143.157
64,0,128,128,210.592
64,0,128,256,338.091
64,0,128,512,594.966
64,0,128,1024,1107.21
64,0,128,2048,2125.89
64,0,128,4096,4172.51
64,0,128,8192,8272.5
64,16,0,0,29.195
64,16,1,16,35.7657
64,16,1,32,38.08
64,16,1,64,40.715
64,16,1,128,47.3383
64,16,1,256,47.3597
64,16,1,512,48.2773
64,16,1,1024,55.3707
64,16,1,2048,62.272
64,16,1,4096,79.4987
64,16,1,8192,115.094
64,16,1,16384,178.87
64,16,2,16,35.7753
64,16,2,32,38.2187
64,16,2,64,40.8
64,16,2,128,47.4987
64,16,2,256,48.4263
64,16,2,512,55.6163
64,16,2,1024,63.9667
64,16,2,2048,82.891
64,16,2,4096,117.974
64,16,2,8192,186.208
64,16,2,16384,318.795
64,16,4,16,35.8297
64,16,4,32,38.6027
64,16,4,64,41.7063
64,16,4,128,48.7467
64,16,4,256,55.5627
64,16,4,512,64.9493
64,16,4,1024,83.1353
64,16,4,2048,117.962
64,16,4,4096,187.979
64,16,4,8192,318.262
64,16,4,16384,585.153
64,16,8,16,38.187
64,16,8,32,41.1947
64,16,8,64,44.2343
64,16,8,128,58.454
64,16,8,256,67.1147
64,16,8,512,84.811
64,16,8,1024,119.37
64,16,8,2048,185.205
64,16,8,4096,319.404
64,16,8,8192,583.425
64,16,8,16384,1116.4
64,16,16,16,41.3653
64,16,16,32,47.3493
64,16,16,64,52.512
64,16,16,128,62.432
64,16,16,256,81.216
64,16,16,512,115.423
64,16,16,1024,182.773
64,16,16,2048,316.843
64,16,16,4096,583.819
64,16,16,8192,1114.63
64,16,16,16384,2180.75
64,16,32,16,48.0857
64,16,32,32,58.656
64,16,32,64,69.6643
64,16,32,128,87.307
64,16,32,256,120.533
64,16,32,512,187.829
64,16,32,1024,318.656
64,16,32,2048,580.021
64,16,32,4096,1103.9
64,16,32,8192,2149.54
64,16,32,16384,4248.08
64,16,64,16,60.7253
64,16,64,32,78.6983
64,16,64,64,98.176
64,16,64,128,132.587
64,16,64,256,197.174
64,16,64,512,327.883
64,16,64,1024,586.251
64,16,64,2048,1102.19
64,16,64,4096,2138.33
64,16,64,8192,4208.36
64,16,64,16384,8352.72
64,16,128,16,84.907
64,16,128,32,117.248
64,16,128,64,149.589
64,16,128,128,216.534
64,16,128,256,342.433
64,16,128,512,600.14
64,16,128,1024,1109.6
64,16,128,2048,2129.46
64,16,128,4096,4183.65
64,16,128,8192,8275.23
64,32,0,0,29.195
64,32,1,16,35.744
64,32,1,32,38.155
64,32,1,64,40.863
64,32,1,128,47.306
64,32,1,256,47.2747
64,32,1,512,48.331
64,32,1,1024,55.7763
64,32,1,2048,61.9517
64,32,1,4096,78.9227
64,32,1,8192,115.616
64,32,1,16384,178.538
64,32,2,16,35.7227
64,32,2,32,38.24
64,32,2,64,40.7893
64,32,2,128,47.467
64,32,2,256,48.1813
64,32,2,512,55.4667
64,32,2,1024,64.2027
64,32,2,2048,82.8163
64,32,2,4096,117.792
64,32,2,8192,185.281
64,32,2,16384,318.912
64,32,4,16,35.7443
64,32,4,32,38.5067
64,32,4,64,41.5467
64,32,4,128,48.6507
64,32,4,256,55.701
64,32,4,512,64.789
64,32,4,1024,83.0397
64,32,4,2048,117.675
64,32,4,4096,186.476
64,32,4,8192,319.851
64,32,4,16384,583.318
64,32,8,16,38.0797
64,32,8,32,41.142
64,32,8,64,44.1383
64,32,8,128,58.2183
64,32,8,256,66.773
64,32,8,512,85.1737
64,32,8,1024,119.691
64,32,8,2048,185.622
64,32,8,4096,316.63
64,32,8,8192,585.419
64,32,8,16384,1119.19
64,32,16,16,41.173
64,32,16,32,46.8163
64,32,16,64,52.5973
64,32,16,128,62.9227
64,32,16,256,80.7573
64,32,16,512,114.357
64,32,16,1024,183.104
64,32,16,2048,316.534
64,32,16,4096,583.733
64,32,16,8192,1116.88
64,32,16,16384,2182.05
64,32,32,16,48.1497
64,32,32,32,58.5067
64,32,32,64,69.3227
64,32,32,128,87.883
64,32,32,256,120.661
64,32,32,512,187.285
64,32,32,1024,317.782
64,32,32,2048,579.809
64,32,32,4096,1104.36
64,32,32,8192,2151.21
64,32,32,16384,4243.95
64,32,64,16,60.3417
64,32,64,32,78.059
64,32,64,64,96.896
64,32,64,128,132.054
64,32,64,256,196.288
64,32,64,512,327.04
64,32,64,1024,584.416
64,32,64,2048,1103.67
64,32,64,4096,2138.47
64,32,64,8192,4210.4
64,32,64,16384,8355.12
64,32,128,16,84.896
64,32,128,32,117.003
64,32,128,64,148.821
64,32,128,128,216.416
64,32,128,256,343.168
64,32,128,512,599.404
64,32,128,1024,1113.09
64,32,128,2048,2132.72
64,32,128,4096,4184.85
64,32,128,8192,8277.12
64,64,0,0,31.424
64,64,1,16,38.0693
64,64,1,32,40.5117
64,64,1,64,43.104
64,64,1,128,49.4827
64,64,1,256,49.4617
64,64,1,512,50.5603
64,64,1,1024,58.176
64,64,1,2048,64.4903
64,64,1,4096,81.7173
64,64,1,8192,117.397
64,64,1,16384,180.927
64,64,2,16,38.016
64,64,2,32,40.5007
64,64,2,64,43.115
64,64,2,128,49.867
64,64,2,256,50.5177
64,64,2,512,58.081
64,64,2,1024,66.2617
64,64,2,2048,84.5223
64,64,2,4096,120.587
64,64,2,8192,187.968
64,64,2,16384,320.139
64,64,4,16,38.2827
64,64,4,32,40.8963
64,64,4,64,43.904
64,64,4,128,51.2213
64,64,4,256,58.123
64,64,4,512,67.1997
64,64,4,1024,85.3337
64,64,4,2048,120.673
64,64,4,4096,188.64
64,64,4,8192,321.461
64,64,4,16384,589.377
64,64,8,16,40.3737
64,64,8,32,43.605
64,64,8,64,46.7097
64,64,8,128,60.2667
64,64,8,256,68.896
64,64,8,512,87.3287
64,64,8,1024,121.397
64,64,8,2048,187.04
64,64,8,4096,321.845
64,64,8,8192,587.84
64,64,8,16384,1120.32
64,64,16,16,43.7437
64,64,16,32,49.451
64,64,16,64,55.0397
64,64,16,128,65.4827
64,64,16,256,83.5517
64,64,16,512,118.081
64,64,16,1024,185.429
64,64,16,2048,319.947
64,64,16,4096,584.843
64,64,16,8192,1117.88
64,64,16,16384,2185.02
64,64,32,16,50.357
64,64,32,32,61.2157
64,64,32,64,72.1493
64,64,32,128,90.784
64,64,32,256,123.296
64,64,32,512,189.397
64,64,32,1024,320.747
64,64,32,2048,583.051
64,64,32,4096,1107.32
64,64,32,8192,2153.75
64,64,32,16384,4245.12
64,64,64,16,62.709
64,64,64,32,80.309
64,64,64,64,98.8267
64,64,64,128,134.198
64,64,64,256,198.88
64,64,64,512,329.366
64,64,64,1024,587.029
64,64,64,2048,1105.6
64,64,64,4096,2142.13
64,64,64,8192,4214.83
64,64,64,16384,8358.94
64,64,128,16,87.6377
64,64,128,32,119.648
64,64,128,64,150.325
64,64,128,128,219.105
64,64,128,256,345.782
64,64,128,512,602.891
64,64,128,1024,1112.95
64,64,128,2048,2136.29
64,64,128,4096,4181.22
64,64,128,8192,8279.62
64,128,0,0,47.093
64,128,1,16,53.4933
64,128,1,32,55.6263
64,128,1,64,58.6133
64,128,1,128,64.917
64,128,1,256,65.7067
64,128,1,512,66.325
64,128,1,1024,72.9813
64,128,1,2048,79.787
64,128,1,4096,98.3147
64,128,1,8192,133.578
64,128,1,16384,198.293
64,128,2,16,53.7383
64,128,2,32,56.1177
64,128,2,64,58.8793
64,128,2,128,65.0987
64,128,2,256,65.8773
64,128,2,512,73.2587
64,128,2,1024,82.2617
64,128,2,2048,101.281
64,128,2,4096,136.821
64,128,2,8192,203.861
64,128,2,16384,336.534
64,128,4,16,53.984
64,128,4,32,56.8647
64,128,4,64,59.968
64,128,4,128,66.774
64,128,4,256,73.6423
64,128,4,512,82.8373
64,128,4,1024,101.642
64,128,4,2048,136.011
64,128,4,4096,203.509
64,128,4,8192,338.987
64,128,4,16384,603.786
64,128,8,16,56.128
64,128,8,32,59.3387
64,128,8,64,62.443
64,128,8,128,76.416
64,128,8,256,84.6933
64,128,8,512,103.68
64,128,8,1024,137.963
64,128,8,2048,203.221
64,128,8,4096,336.982
64,128,8,8192,601.535
64,128,8,16384,1135.37
64,128,16,16,59.755
64,128,16,32,65.9837
64,128,16,64,71.4983
64,128,16,128,82.3467
64,128,16,256,99.3923
64,128,16,512,134.496
64,128,16,1024,202.634
64,128,16,2048,334.453
64,128,16,4096,600.673
64,128,16,8192,1134.08
64,128,16,16384,2200.5
64,128,32,16,66.8803
64,128,32,32,78.069
64,128,32,64,89.2693
64,128,32,128,106.912
64,128,32,256,140.822
64,128,32,512,207.083
64,128,32,1024,337.387
64,128,32,2048,600.917
64,128,32,4096,1122.73
64,128,32,8192,2167.67
64,128,32,16384,4264.57
64,128,64,16,78.4537
64,128,64,32,97.1087
64,128,64,64,115.829
64,128,64,128,151.008
64,128,64,256,214.934
64,128,64,512,345.781
64,128,64,1024,605.088
64,128,64,2048,1120.02
64,128,64,4096,2159.8
64,128,64,8192,4228.46
64,128,64,16384,8371.51
64,128,128,16,103.413
64,128,128,32,135.499
64,128,128,64,167.488
64,128,128,128,234.806
64,128,128,256,361.803
64,128,128,512,618.72
64,128,128,1024,1132.44
64,128,128,2048,2149.06
64,128,128,4096,4196.19
64,128,128,8192,8291.45
64,256,0,0,48.576
64,256,1,16,55.04
64,256,1,32,57.322
64,256,1,64,60.0533
64,256,1,128,66.24
64,256,1,256,66.336
64,256,1,512,67.5307
64,256,1,1024,73.9947
64,256,1,2048,81.3547
64,256,1,4096,99.4767
64,256,1,8192,135.2
64,256,1,16384,200.533
64,256,2,16,54.7843
64,256,2,32,57.5243
64,256,2,64,60.1063
64,256,2,128,66.5387
64,256,2,256,67.4983
64,256,2,512,74.048
64,256,2,1024,83.4987
64,256,2,2048,102.944
64,256,2,4096,138.698
64,256,2,8192,204.181
64,256,2,16384,338.165
64,256,4,16,55.3277
64,256,4,32,58.0693
64,256,4,64,61.1413
64,256,4,128,68.032
64,256,4,256,74.891
64,256,4,512,84.3627
64,256,4,1024,103.125
64,256,4,2048,138.356
64,256,4,4096,205.611
64,256,4,8192,337.878
64,256,4,16384,604.799
64,256,8,16,57.5143
64,256,8,32,60.5867
64,256,8,64,63.84
64,256,8,128,77.6533
64,256,8,256,86.7207
64,256,8,512,104.48
64,256,8,1024,139.179
64,256,8,2048,204.821
64,256,8,4096,337.697
64,256,8,8192,605.75
64,256,8,16384,1137.75
64,256,16,16,61.2797
64,256,16,32,67.168
64,256,16,64,72.9173
64,256,16,128,83.274
64,256,16,256,101.685
64,256,16,512,136.566
64,256,16,1024,204.256
64,256,16,2048,335.425
64,256,16,4096,603.989
64,256,16,8192,1136.24
64,256,16,16384,2194.18
64,256,32,16,68.1173
64,256,32,32,79.3173
64,256,32,64,89.803
64,256,32,128,108.299
64,256,32,256,142.112
64,256,32,512,207.489
64,256,32,1024,337.813
64,256,32,2048,599.776
64,256,32,4096,1123.06
64,256,32,8192,2171.2
64,256,32,16384,4266.2
64,256,64,16,80.5547
64,256,64,32,98.4637
64,256,64,64,116.928
64,256,64,128,151.659
64,256,64,256,216.831
64,256,64,512,348.032
64,256,64,1024,606.251
64,256,64,2048,1124.74
64,256,64,4096,2158.6
64,256,64,8192,4229.81
64,256,64,16384,8373.34
64,256,128,16,105.078
64,256,128,32,137.546
64,256,128,64,169.515
64,256,128,128,236.501
64,256,128,256,363.52
64,256,128,512,619.969
64,256,128,1024,1129.59
64,256,128,2048,2153.22
64,256,128,4096,4202.22
64,256,128,8192,8297.19
64,512,0,0,67.317
64,512,1,16,74.4853
64,512,1,32,76.331
64,512,1,64,79.2963
64,512,1,128,85.5463
64,512,1,256,85.483
64,512,1,512,86.784
64,512,1,1024,93.28
64,512,1,2048,100.321
64,512,1,4096,118.283
64,512,1,8192,154.027
64,512,1,16384,218.422
64,512,2,16,74.3257
64,512,2,32,77.301
64,512,2,64,79.4877
64,512,2,128,85.8983
64,512,2,256,86.741
64,512,2,512,93.355
64,512,2,1024,102.303
64,512,2,2048,121.675
64,512,2,4096,155.957
64,512,2,8192,223.829
64,512,2,16384,356.842
64,512,4,16,74.272
64,512,4,32,76.8533
64,512,4,64,80.4257
64,512,4,128,87.4883
64,512,4,256,94.0153
64,512,4,512,103.082
64,512,4,1024,121.686
64,512,4,2048,157.376
64,512,4,4096,224.469
64,512,4,8192,358.092
64,512,4,16384,622.922
64,512,8,16,77.376
64,512,8,32,80.436
64,512,8,64,83.424
64,512,8,128,96.6397
64,512,8,256,105.941
64,512,8,512,124.49
64,512,8,1024,158.731
64,512,8,2048,224.917
64,512,8,4096,358.614
64,512,8,8192,621.322
64,512,8,16384,1156.25
64,512,16,16,80.5867
64,512,16,32,86.891
64,512,16,64,92.1723
64,512,16,128,102.816
64,512,16,256,120.662
64,512,16,512,155.2
64,512,16,1024,222.719
64,512,16,2048,355.595
64,512,16,4096,624.769
64,512,16,8192,1155.8
64,512,16,16384,2223.53
64,512,32,16,87.744
64,512,32,32,98.9547
64,512,32,64,109.846
64,512,32,128,128.438
64,512,32,256,161.334
64,512,32,512,227.914
64,512,32,1024,357.973
64,512,32,2048,620.448
64,512,32,4096,1144.06
64,512,32,8192,2188.29
64,512,32,16384,4283.16
64,512,64,16,99.914
64,512,64,32,118.219
64,512,64,64,137.035
64,512,64,128,171.946
64,512,64,256,237.878
64,512,64,512,368.608
64,512,64,1024,626.39
64,512,64,2048,1143.35
64,512,64,4096,2177.64
64,512,64,8192,4250.12
64,512,64,16384,8393.94
64,512,128,16,124.8
64,512,128,32,156.693
64,512,128,64,189.845
64,512,128,128,256.918
64,512,128,256,382.369
64,512,128,512,642.699
64,512,128,1024,1152.29
64,512,128,2048,2172.66
64,512,128,4096,4219.46
64,512,128,8192,8317.59
64,1024,0,0,94.8587
64,1024,1,16,100.565
64,1024,1,32,102.912
64,1024,1,64,105.589
64,1024,1,128,112.16
64,1024,1,256,113.151
64,1024,1,512,114.752
64,1024,1,1024,121.11
64,1024,1,2048,128.875
64,1024,1,4096,145.109
64,1024,1,8192,180.235
64,1024,1,16384,244.033
64,1024,2,16,100.726
64,1024,2,32,103.146
64,1024,2,64,106.667
64,1024,2,128,113.13
64,1024,2,256,115.029
64,1024,2,512,120.885
64,1024,2,1024,129.163
64,1024,2,2048,148.512
64,1024,2,4096,182.859
64,1024,2,8192,250.858
64,1024,2,16384,383.712
64,1024,4,16,101.13
64,1024,4,32,104.149
64,1024,4,64,107.434
64,1024,4,128,115.445
64,1024,4,256,120.715
64,1024,4,512,131.457
64,1024,4,1024,149.291
64,1024,4,2048,183.52
64,1024,4,4096,250.368
64,1024,4,8192,385.237
64,1024,4,16384,651.797
64,1024,8,16,103.445
64,1024,8,32,107.093
64,1024,8,64,110.443
64,1024,8,128,124.192
64,1024,8,256,132.811
64,1024,8,512,150.666
64,1024,8,1024,185.707
64,1024,8,2048,251.744
64,1024,8,4096,384.629
64,1024,8,8192,649.471
64,1024,8,16384,1180.54
64,1024,16,16,107.637
64,1024,16,32,112.746
64,1024,16,64,118.869
64,1024,16,128,128.907
64,1024,16,256,146.047
64,1024,16,512,179.723
64,1024,16,1024,248.235
64,1024,16,2048,380.607
64,1024,16,4096,647.893
64,1024,16,8192,1179.87
64,1024,16,16384,2243.86
64,1024,32,16,114.304
64,1024,32,32,125.355
64,1024,32,64,136.554
64,1024,32,128,153.418
64,1024,32,256,187.488
64,1024,32,512,252.725
64,1024,32,1024,383.274
64,1024,32,2048,646.741
64,1024,32,4096,1168.82
64,1024,32,8192,2216.66
64,1024,32,16384,4307.46
64,1024,64,16,126.155
64,1024,64,32,144.863
64,1024,64,64,163.723
64,1024,64,128,198.539
64,1024,64,256,263.157
64,1024,64,512,393.599
64,1024,64,1024,651.765
64,1024,64,2048,1168.88
64,1024,64,4096,2202.9
64,1024,64,8192,4278.82
64,1024,64,16384,8417.16
64,1024,128,16,150.805
64,1024,128,32,182.699
64,1024,128,64,215.499
64,1024,128,128,282.368
64,1024,128,256,410.454
64,1024,128,512,667.808
64,1024,128,1024,1175.85
64,1024,128,2048,2196.97
64,1024,128,4096,4244.07
64,1024,128,8192,8341.88
64,2048,0,0,128.992
64,2048,1,16,135.264
64,2048,1,32,138.432
64,2048,1,64,141.354
64,2048,1,128,147.103
64,2048,1,256,147.542
64,2048,1,512,149.248
64,2048,1,1024,154.869
64,2048,1,2048,162.966
64,2048,1,4096,179.52
64,2048,1,8192,214.72
64,2048,1,16384,278.485
64,2048,2,16,135.35
64,2048,2,32,138.336
64,2048,2,64,141.12
64,2048,2,128,148.042
64,2048,2,256,149.205
64,2048,2,512,155.2
64,2048,2,1024,164.491
64,2048,2,2048,182.687
64,2048,2,4096,216.587
64,2048,2,8192,283.947
64,2048,2,16384,418.144
64,2048,4,16,136.458
64,2048,4,32,139.253
64,2048,4,64,142.165
64,2048,4,128,149.995
64,2048,4,256,155.286
64,2048,4,512,164.918
64,2048,4,1024,184.224
64,2048,4,2048,218.485
64,2048,4,4096,284.779
64,2048,4,8192,418.72
64,2048,4,16384,683.424
64,2048,8,16,138.08
64,2048,8,32,141.503
64,2048,8,64,145.706
64,2048,8,128,158.763
64,2048,8,256,167.574
64,2048,8,512,185.269
64,2048,8,1024,219.755
64,2048,8,2048,286.133
64,2048,8,4096,418.176
64,2048,8,8192,685.343
64,2048,8,16384,1215.96
64,2048,16,16,141.887
64,2048,16,32,147.53
64,2048,16,64,153.718
64,2048,16,128,163.968
64,2048,16,256,181.994
64,2048,16,512,215.296
64,2048,16,1024,281.942
64,2048,16,2048,413.963
64,2048,16,4096,680.459
64,2048,16,8192,1215.83
64,2048,16,16384,2279.43
64,2048,32,16,149.29
64,2048,32,32,159.871
64,2048,32,64,171.104
64,2048,32,128,187.435
64,2048,32,256,220.938
64,2048,32,512,287.52
64,2048,32,1024,418.389
64,2048,32,2048,681.291
64,2048,32,4096,1203.73
64,2048,32,8192,2249.9
64,2048,32,16384,4348.72
64,2048,64,16,161.077
64,2048,64,32,179.659
64,2048,64,64,198.933
64,2048,64,128,232.544
64,2048,64,256,297.504
64,2048,64,512,428.736
64,2048,64,1024,686.581
64,2048,64,2048,1202.93
64,2048,64,4096,2240.38
64,2048,64,8192,4311.49
64,2048,64,16384,8454.67
64,2048,128,16,185.43
64,2048,128,32,217.312
64,2048,128,64,249.557
64,2048,128,128,317.536
64,2048,128,256,447.211
64,2048,128,512,703.147
64,2048,128,1024,1212.48
64,2048,128,2048,2234.91
64,2048,128,4096,4282.1
64,2048,128,8192,8380.18
64,4096,0,0,196.5
64,4096,1,16,203.19
64,4096,1,32,204.853
64,4096,1,64,208.203
64,4096,1,128,213.92
64,4096,1,256,214.955
64,4096,1,512,216.192
64,4096,1,1024,223.84
64,4096,1,2048,229.259
64,4096,1,4096,246.783
64,4096,1,8192,281.184
64,4096,1,16384,345.386
64,4096,2,16,203.253
64,4096,2,32,205.537
64,4096,2,64,208.384
64,4096,2,128,215.242
64,4096,2,256,216.16
64,4096,2,512,222.454
64,4096,2,1024,231.808
64,4096,2,2048,250.367
64,4096,2,4096,285.067
64,4096,2,8192,352.384
64,4096,2,16384,485.205
64,4096,4,16,203.84
64,4096,4,32,206.848
64,4096,4,64,209.088
64,4096,4,128,217.003
64,4096,4,256,222.965
64,4096,4,512,233.013
64,4096,4,1024,250.709
64,4096,4,2048,284.523
64,4096,4,4096,351.232
64,4096,4,8192,483.818
64,4096,4,16384,750.431
64,4096,8,16,205.813
64,4096,8,32,209.227
64,4096,8,64,212.917
64,4096,8,128,225.557
64,4096,8,256,235.573
64,4096,8,512,252.544
64,4096,8,1024,286.742
64,4096,8,2048,353.184
64,4096,8,4096,485.962
64,4096,8,8192,751.189
64,4096,8,16384,1281.33
64,4096,16,16,209.013
64,4096,16,32,215.413
64,4096,16,64,220.629
64,4096,16,128,229.92
64,4096,16,256,248.864
64,4096,16,512,281.749
64,4096,16,1024,347.743
64,4096,16,2048,480.746
64,4096,16,4096,749.067
64,4096,16,8192,1280.26
64,4096,16,16384,2345.25
64,4096,32,16,216.203
64,4096,32,32,227.477
64,4096,32,64,238.197
64,4096,32,128,254.955
64,4096,32,256,288.405
64,4096,32,512,354.475
64,4096,32,1024,486.24
64,4096,32,2048,749.056
64,4096,32,4096,1272.1
64,4096,32,8192,2318.22
64,4096,32,16384,4417.75
64,4096,64,16,228.096
64,4096,64,32,246.027
64,4096,64,64,265.717
64,4096,64,128,298.549
64,4096,64,256,365.152
64,4096,64,512,496.277
64,4096,64,1024,754.271
64,4096,64,2048,1270.63
64,4096,64,4096,2306.42
64,4096,64,8192,4376.47
64,4096,64,16384,8520.58
64,4096,128,16,252.757
64,4096,128,32,284.949
64,4096,128,64,317.621
64,4096,128,128,384.715
64,4096,128,256,512.619
64,4096,128,512,769.759
64,4096,128,1024,1277.72
64,4096,128,2048,2300.21
64,4096,128,4096,4345.14
64,4096,128,8192,8440.14
64,8192,0,0,327.381
64,8192,1,16,334.399
64,8192,1,32,337.333
64,8192,1,64,339.872
64,8192,1,128,345.663
64,8192,1,256,347.798
64,8192,1,512,348.459
64,8192,1,1024,355.552
64,8192,1,2048,361.834
64,8192,1,4096,378.88
64,8192,1,8192,413.547
64,8192,1,16384,477.344
64,8192,2,16,334.41
64,8192,2,32,336.981
64,8192,2,64,339.967
64,8192,2,128,347.306
64,8192,2,256,348.491
64,8192,2,512,355.264
64,8192,2,1024,363.178
64,8192,2,2048,381.888
64,8192,2,4096,417.717
64,8192,2,8192,484.266
64,8192,2,16384,615.253
64,8192,4,16,335.082
64,8192,4,32,337.941
64,8192,4,64,341.258
64,8192,4,128,348.938
64,8192,4,256,355.115
64,8192,4,512,364.544
64,8192,4,1024,382.09
64,8192,4,2048,415.744
64,8192,4,4096,483.509
64,8192,4,8192,616.608
64,8192,4,16384,884.16
64,8192,8,16,337.227
64,8192,8,32,341.461
64,8192,8,64,344.245
64,8192,8,128,357.098
64,8192,8,256,367.937
64,8192,8,512,385.493
64,8192,8,1024,418.196
64,8192,8,2048,485.707
64,8192,8,4096,618.219
64,8192,8,8192,881.759
64,8192,8,16384,1414.71
64,8192,16,16,340.427
64,8192,16,32,347.392
64,8192,16,64,352.683
64,8192,16,128,361.919
64,8192,16,256,380.063
64,8192,16,512,413.76
64,8192,16,1024,481.685
64,8192,16,2048,613.641
64,8192,16,4096,880.682
64,8192,16,8192,1412.32
64,8192,16,16384,2472.3
64,8192,32,16,349.141
64,8192,32,32,359.115
64,8192,32,64,369.621
64,8192,32,128,385.889
64,8192,32,256,420.404
64,8192,32,512,486.517
64,8192,32,1024,617.151
64,8192,32,2048,880.565
64,8192,32,4096,1403.65
64,8192,32,8192,2453.53
64,8192,32,16384,4541.05
64,8192,64,16,360.021
64,8192,64,32,378.272
64,8192,64,64,397.397
64,8192,64,128,431.007
64,8192,64,256,496.81
64,8192,64,512,627.541
64,8192,64,1024,886.773
64,8192,64,2048,1403.52
64,8192,64,4096,2436.8
64,8192,64,8192,4508.18
64,8192,64,16384,8652.23
64,8192,128,16,384.459
64,8192,128,32,417.27
64,8192,128,64,449.301
64,8192,128,128,516.725
64,8192,128,256,643.317
64,8192,128,512,899.508
64,8192,128,1024,1410.21
64,8192,128,2048,2432.83
64,8192,128,4096,4481.51
64,8192,128,8192,8581.13
64,16384,0,0,591.926
64,16384,1,16,598.08
64,16384,1,32,602.207
64,16384,1,64,603.135
64,16384,1,128,609.759
64,16384,1,256,612.02
64,16384,1,512,612.885
64,16384,1,1024,620.063
64,16384,1,2048,624.959
64,16384,1,4096,643.06
64,16384,1,8192,679.05
64,16384,1,16384,742.698
64,16384,2,16,598.645
64,16384,2,32,601.503
64,16384,2,64,603.434
64,16384,2,128,610.688
64,16384,2,256,611.904
64,16384,2,512,618.208
64,16384,2,1024,626.496
64,16384,2,2048,644.704
64,16384,2,4096,679.36
64,16384,2,8192,747.082
64,16384,2,16384,878.399
64,16384,4,16,599.807
64,16384,4,32,601.578
64,16384,4,64,605.578
64,16384,4,128,612.021
64,16384,4,256,618.378
64,16384,4,512,627.551
64,16384,4,1024,647.253
64,16384,4,2048,680.341
64,16384,4,4096,747.265
64,16384,4,8192,880.319
64,16384,4,16384,1147.22
64,16384,8,16,602.122
64,16384,8,32,605.268
64,16384,8,64,607.914
64,16384,8,128,621.12
64,16384,8,256,631.039
64,16384,8,512,648.288
64,16384,8,1024,682.603
64,16384,8,2048,748.051
64,16384,8,4096,881.599
64,16384,8,8192,1146.2
64,16384,8,16384,1675.31
64,16384,16,16,605.6
64,16384,16,32,610.08
64,16384,16,64,615.892
64,16384,16,128,626.282
64,16384,16,256,642.996
64,16384,16,512,677.791
64,16384,16,1024,744.746
64,16384,16,2048,877.812
64,16384,16,4096,1144.93
64,16384,16,8192,1678.44
64,16384,16,16384,2739.29
64,16384,32,16,612.437
64,16384,32,32,623.839
64,16384,32,64,633.674
64,16384,32,128,650.282
64,16384,32,256,682.945
64,16384,32,512,750.249
64,16384,32,1024,880.905
64,16384,32,2048,1143.01
64,16384,32,4096,1669.62
64,16384,32,8192,2716.65
64,16384,32,16384,4808.1
64,16384,64,16,624.266
64,16384,64,32,641.781
64,16384,64,64,659.957
64,16384,64,128,695.306
64,16384,64,256,759.776
64,16384,64,512,892.084
64,16384,64,1024,1149.85
64,16384,64,2048,1667.33
64,16384,64,4096,2703.41
64,16384,64,8192,4771.73
64,16384,64,16384,8919.01
64,16384,128,16,649.183
64,16384,128,32,680.373
64,16384,128,64,714.037
64,16384,128,128,779.392
64,16384,128,256,906.986
64,16384,128,512,1165.74
64,16384,128,1024,1675.9
64,16384,128,2048,2694.74
64,16384,128,4096,4744.18
64,16384,128,8192,8846.76
128,0,0,0,30.4747
128,0,1,16,37.024
128,0,1,32,39.36
128,0,1,64,42.2283
128,0,1,128,48.725
128,0,1,256,49.2053
128,0,1,512,50.0587
128,0,1,1024,57.44
128,0,1,2048,64.0427
128,0,1,4096,81.8347
128,0,1,8192,117.366
128,0,1,16384,182.538
128,0,2,16,37.0027
128,0,2,32,39.7543
128,0,2,64,42.4103
128,0,2,128,49.5677
128,0,2,256,50.1547
128,0,2,512,57.2373
128,0,2,1024,65.942
128,0,2,2048,84.9067
128,0,2,4096,121.557
128,0,2,8192,187.968
128,0,2,16384,320.982
128,0,4,16,37.4293
128,0,4,32,40.448
128,0,4,64,43.4343
128,0,4,128,50.2717
128,0,4,256,57.3447
128,0,4,512,67.3707
128,0,4,1024,85.5573
128,0,4,2048,120.427
128,0,4,4096,188.555
128,0,4,8192,320.843
128,0,4,16384,586.186
128,0,8,16,38.4857
128,0,8,32,41.3867
128,0,8,64,44.842
128,0,8,128,58.4643
128,0,8,256,67.3063
128,0,8,512,85.9537
128,0,8,1024,120.127
128,0,8,2048,185.291
128,0,8,4096,318.719
128,0,8,8192,584.693
128,0,8,16384,1117.99
128,0,16,16,42.9757
128,0,16,32,48.832
128,0,16,64,54.2183
128,0,16,128,64.896
128,0,16,256,82.912
128,0,16,512,118.005
128,0,16,1024,184.437
128,0,16,2048,317.984
128,0,16,4096,584.181
128,0,16,8192,1116.76
128,0,16,16384,2180.92
128,0,32,16,49.8667
128,0,32,32,60.5647
128,0,32,64,71.275
128,0,32,128,89.9627
128,0,32,256,123.434
128,0,32,512,189.845
128,0,32,1024,320.128
128,0,32,2048,583.872
128,0,32,4096,1106.98
128,0,32,8192,2149.38
128,0,32,16384,4243.33
128,0,64,16,61.7813
128,0,64,32,80.128
128,0,64,64,99.0503
128,0,64,128,134.005
128,0,64,256,197.365
128,0,64,512,328.821
128,0,64,1024,588.234
128,0,64,2048,1105.43
128,0,64,4096,2141.46
128,0,64,8192,4211.7
128,0,64,16384,8354.99
128,0,128,16,86.08
128,0,128,32,118.912
128,0,128,64,150.901
128,0,128,128,218.027
128,0,128,256,344.107
128,0,128,512,601.226
128,0,128,1024,1111.73
128,0,128,2048,2134.4
128,0,128,4096,4179.6
128,0,128,8192,8283.82
128,16,0,0,66.7407
128,16,1,16,72.6613
128,16,1,32,75.2423
128,16,1,64,78.1547
128,16,1,128,83.9573
128,16,1,256,84.8
128,16,1,512,85.1517
128,16,1,1024,93.194
128,16,1,2048,99.2963
128,16,1,4096,117.205
128,16,1,8192,152.48
128,16,1,16384,216.224
128,16,2,16,72.6607
128,16,2,32,75.1787
128,16,2,64,78.0587
128,16,2,128,84.427
128,16,2,256,85.5463
128,16,2,512,92.3943
128,16,2,1024,101.184
128,16,2,2048,120.651
128,16,2,4096,156.949
128,16,2,8192,221.941
128,16,2,16384,356.629
128,16,4,16,72.864
128,16,4,32,75.8187
128,16,4,64,78.9863
128,16,4,128,86.0153
128,16,4,256,93.4393
128,16,4,512,102.891
128,16,4,1024,121.813
128,16,4,2048,155.594
128,16,4,4096,223.775
128,16,4,8192,355.541
128,16,4,16384,623.071
128,16,8,16,74.0583
128,16,8,32,76.821
128,16,8,64,79.8503
128,16,8,128,94.368
128,16,8,256,103.36
128,16,8,512,122.325
128,16,8,1024,156.619
128,16,8,2048,221.76
128,16,8,4096,355.914
128,16,8,8192,619.668
128,16,8,16384,1150.61
128,16,16,16,77.8987
128,16,16,32,83.7013
128,16,16,64,89.6213
128,16,16,128,100.565
128,16,16,256,117.952
128,16,16,512,152.597
128,16,16,1024,220.874
128,16,16,2048,354.271
128,16,16,4096,621.066
128,16,16,8192,1151.9
128,16,16,16384,2215.03
128,16,32,16,85.6533
128,16,32,32,96.7783
128,16,32,64,107.392
128,16,32,128,125.611
128,16,32,256,159.093
128,16,32,512,224.864
128,16,32,1024,355.733
128,16,32,2048,618.742
128,16,32,4096,1141.85
128,16,32,8192,2189.79
128,16,32,16384,4275.99
128,16,64,16,97.5897
128,16,64,32,116.48
128,16,64,64,135.712
128,16,64,128,170.037
128,16,64,256,233.781
128,16,64,512,364.629
128,16,64,1024,623.775
128,16,64,2048,1139.41
128,16,64,4096,2174.83
128,16,64,8192,4248.67
128,16,64,16384,8394.06
128,16,128,16,122.485
128,16,128,32,155.115
128,16,128,64,186.442
128,16,128,128,253.909
128,16,128,256,381.216
128,16,128,512,637.706
128,16,128,1024,1148.18
128,16,128,2048,2170.81
128,16,128,4096,4218.42
128,16,128,8192,8317.37
128,32,0,0,65.8453
128,32,1,16,72.4693
128,32,1,32,74.954
128,32,1,64,77.1843
128,32,1,128,83.7337
128,32,1,256,85.0027
128,32,1,512,85.1733
128,32,1,1024,92.608
128,32,1,2048,99.0507
128,32,1,4096,116.875
128,32,1,8192,152.853
128,32,1,16384,216.181
128,32,2,16,71.9147
128,32,2,32,74.5057
128,32,2,64,77.226
128,32,2,128,83.915
128,32,2,256,84.2767
128,32,2,512,91.19
128,32,2,1024,101.323
128,32,2,2048,119.936
128,32,2,4096,154.645
128,32,2,8192,221.631
128,32,2,16384,353.962
128,32,4,16,72.4583
128,32,4,32,75.434
128,32,4,64,78.4213
128,32,4,128,85.355
128,32,4,256,91.8177
128,32,4,512,101.909
128,32,4,1024,120.096
128,32,4,2048,154.911
128,32,4,4096,223.125
128,32,4,8192,355.807
128,32,4,16384,620.83
128,32,8,16,73.3547
128,32,8,32,75.9457
128,32,8,64,79.6483
128,32,8,128,93.248
128,32,8,256,102.912
128,32,8,512,121.099
128,32,8,1024,154.987
128,32,8,2048,221.717
128,32,8,4096,353.259
128,32,8,8192,619.956
128,32,8,16384,1153.37
128,32,16,16,77.45
128,32,16,32,84.1923
128,32,16,64,89.183
128,32,16,128,99.9677
128,32,16,256,117.376
128,32,16,512,152.501
128,32,16,1024,219.147
128,32,16,2048,352.458
128,32,16,4096,618.506
128,32,16,8192,1153.3
128,32,16,16384,2215.25
128,32,32,16,85.5363
128,32,32,32,96.128
128,32,32,64,107.765
128,32,32,128,125.418
128,32,32,256,159.114
128,32,32,512,224.341
128,32,32,1024,355.295
128,32,32,2048,617.428
128,32,32,4096,1142.41
128,32,32,8192,2184.98
128,32,32,16384,4281.62
128,32,64,16,97.5357
128,32,64,32,116.224
128,32,64,64,134.688
128,32,64,128,169.717
128,32,64,256,233.931
128,32,64,512,363.754
128,32,64,1024,621.95
128,32,64,2048,1141.7
128,32,64,4096,2175.57
128,32,64,8192,4248.39
128,32,64,16384,8387.88
128,32,128,16,121.653
128,32,128,32,154.613
128,32,128,64,186.751
128,32,128,128,253.536
128,32,128,256,380.096
128,32,128,512,637.684
128,32,128,1024,1150.95
128,32,128,2048,2170.56
128,32,128,4096,4218.21
128,32,128,8192,8317.23
128,64,0,0,66.2823
128,64,1,16,72.683
128,64,1,32,74.976
128,64,1,64,77.8777
128,64,1,128,84.342
128,64,1,256,83.7973
128,64,1,512,84.8107
128,64,1,1024,92.1707
128,64,1,2048,99.1563
128,64,1,4096,117.717
128,64,1,8192,152.619
128,64,1,16384,216.821
128,64,2,16,72.352
128,64,2,32,75.3597
128,64,2,64,78.4213
128,64,2,128,84.981
128,64,2,256,85.0347
128,64,2,512,92.3623
128,64,2,1024,100.875
128,64,2,2048,120.992
128,64,2,4096,156.352
128,64,2,8192,222.752
128,64,2,16384,354.923
128,64,4,16,73.2373
128,64,4,32,76.096
128,64,4,64,78.9977
128,64,4,128,86.432
128,64,4,256,92.992
128,64,4,512,102.08
128,64,4,1024,121.525
128,64,4,2048,156.042
128,64,4,4096,223.914
128,64,4,8192,357.087
128,64,4,16384,622.601
128,64,8,16,73.9733
128,64,8,32,77.9627
128,64,8,64,80.224
128,64,8,128,94.2827
128,64,8,256,103.37
128,64,8,512,122.272
128,64,8,1024,156.566
128,64,8,2048,220.991
128,64,8,4096,356.118
128,64,8,8192,623.158
128,64,8,16384,1150.54
128,64,16,16,78.3897
128,64,16,32,84.032
128,64,16,64,89.408
128,64,16,128,100.075
128,64,16,256,117.749
128,64,16,512,152.298
128,64,16,1024,220.245
128,64,16,2048,355.445
128,64,16,4096,619.317
128,64,16,8192,1150.79
128,64,16,16384,2214.25
128,64,32,16,85.706
128,64,32,32,97.0243
128,64,32,64,107.509
128,64,32,128,125.066
128,64,32,256,158.997
128,64,32,512,224.309
128,64,32,1024,357.237
128,64,32,2048,619.018
128,64,32,4096,1144.04
128,64,32,8192,2188.59
128,64,32,16384,4279.67
128,64,64,16,97.6107
128,64,64,32,116.192
128,64,64,64,135.221
128,64,64,128,170.165
128,64,64,256,233.6
128,64,64,512,364.8
128,64,64,1024,622.506
128,64,64,2048,1140.56
128,64,64,4096,2173.53
128,64,64,8192,4247.61
128,64,64,16384,8390.11
128,64,128,16,122.539
128,64,128,32,155.093
128,64,128,64,188.128
128,64,128,128,254.667
128,64,128,256,381.524
128,64,128,512,638.345
128,64,128,1024,1150.72
128,64,128,2048,2171.27
128,64,128,4096,4215.08
128,64,128,8192,8318.28
128,128,0,0,66.666
128,128,1,16,72.448
128,128,1,32,75.1153
128,128,1,64,77.2583
128,128,1,128,83.9783
128,128,1,256,84.2237
128,128,1,512,84.693
128,128,1,1024,92.1497
128,128,1,2048,99.0827
128,128,1,4096,117.333
128,128,1,8192,152.917
128,128,1,16384,215.797
128,128,2,16,73.1097
128,128,2,32,75.3813
128,128,2,64,77.984
128,128,2,128,84.917
128,128,2,256,85.4717
128,128,2,512,92.6717
128,128,2,1024,101.227
128,128,2,2048,120.799
128,128,2,4096,157.002
128,128,2,8192,222.507
128,128,2,16384,357.237
128,128,4,16,73.376
128,128,4,32,76.8213
128,128,4,64,79.4767
128,128,4,128,86.592
128,128,4,256,93.2373
128,128,4,512,103.681
128,128,4,1024,121.589
128,128,4,2048,156.116
128,128,4,4096,224.224
128,128,4,8192,355.434
128,128,4,16384,623.049
128,128,8,16,74.6027
128,128,8,32,77.216
128,128,8,64,80.5223
128,128,8,128,94.7837
128,128,8,256,104.15
128,128,8,512,122.592
128,128,8,1024,158.165
128,128,8,2048,222.027
128,128,8,4096,356.17
128,128,8,8192,621.428
128,128,8,16384,1151.71
128,128,16,16,78.7093
128,128,16,32,84.4373
128,128,16,64,90.5063
128,128,16,128,100.544
128,128,16,256,118.934
128,128,16,512,154.208
128,128,16,1024,220.437
128,128,16,2048,352.671
128,128,16,4096,619.466
128,128,16,8192,1152.66
128,128,16,16384,2214.66
128,128,32,16,86.3787
128,128,32,32,97.5567
128,128,32,64,107.531
128,128,32,128,125.739
128,128,32,256,158.933
128,128,32,512,225.707
128,128,32,1024,356.618
128,128,32,2048,617.866
128,128,32,4096,1141.72
128,128,32,8192,2193.21
128,128,32,16384,4279.43
128,128,64,16,98.1547
128,128,64,32,116.853
128,128,64,64,135.285
128,128,64,128,170.42
128,128,64,256,233.781
128,128,64,512,364.789
128,128,64,1024,623.092
128,128,64,2048,1139.86
128,128,64,4096,2174.16
128,128,64,8192,4245.01
128,128,64,16384,8392.26
128,128,128,16,122.784
128,128,128,32,155.509
128,128,128,64,188.032
128,128,128,128,254.901
128,128,128,256,381.503
128,128,128,512,638.708
128,128,128,1024,1151.48
128,128,128,2048,2171.42
128,128,128,4096,4218.97
128,128,128,8192,8314.09
128,256,0,0,90.7527
128,256,1,16,97.0983
128,256,1,32,99.104
128,256,1,64,101.866
128,256,1,128,107.702
128,256,1,256,108.65
128,256,1,512,109.6
128,256,1,1024,116.874
128,256,1,2048,123.893
128,256,1,4096,141.685
128,256,1,8192,176.277
128,256,1,16384,239.861
128,256,2,16,96.5
128,256,2,32,99.3713
128,256,2,64,102.261
128,256,2,128,109.055
128,256,2,256,109.994
128,256,2,512,116.363
128,256,2,1024,125.588
128,256,2,2048,143.957
128,256,2,4096,178.794
128,256,2,8192,246.154
128,256,2,16384,379.487
128,256,4,16,97.2687
128,256,4,32,99.9897
128,256,4,64,103.231
128,256,4,128,111.52
128,256,4,256,116.224
128,256,4,512,127.371
128,256,4,1024,144.874
128,256,4,2048,179.722
128,256,4,4096,246.422
128,256,4,8192,380.384
128,256,4,16384,645.118
128,256,8,16,98.8473
128,256,8,32,102.219
128,256,8,64,105.525
128,256,8,128,118.634
128,256,8,256,128.085
128,256,8,512,146.581
128,256,8,1024,180.224
128,256,8,2048,246.037
128,256,8,4096,379.146
128,256,8,8192,645.194
128,256,8,16384,1177.8
128,256,16,16,102.571
128,256,16,32,108.928
128,256,16,64,113.888
128,256,16,128,124.309
128,256,16,256,142.634
128,256,16,512,176.415
128,256,16,1024,244.181
128,256,16,2048,377.91
128,256,16,4096,644.596
128,256,16,8192,1178.46
128,256,16,16384,2238.64
128,256,32,16,110.389
128,256,32,32,121.6
128,256,32,64,132.768
128,256,32,128,150.986
128,256,32,256,182.741
128,256,32,512,249.375
128,256,32,1024,379.594
128,256,32,2048,643.22
128,256,32,4096,1167.41
128,256,32,8192,2212.51
128,256,32,16384,4303.99
128,256,64,16,122.368
128,256,64,32,141.099
128,256,64,64,159.978
128,256,64,128,194.539
128,256,64,256,258.816
128,256,64,512,389.972
128,256,64,1024,646.826
128,256,64,2048,1164.39
128,256,64,4096,2201.67
128,256,64,8192,4270.36
128,256,64,16384,8419.69
128,256,128,16,146.976
128,256,128,32,179.199
128,256,128,64,210.986
128,256,128,128,278.474
128,256,128,256,406.463
128,256,128,512,663.093
128,256,128,1024,1173.33
128,256,128,2048,2192.74
128,256,128,4096,4244.07
128,256,128,8192,8339.28
128,512,0,0,111.103
128,512,1,16,117.717
128,512,1,32,119.456
128,512,1,64,122.346
128,512,1,128,128.16
128,512,1,256,128.907
128,512,1,512,130.101
128,512,1,1024,136.885
128,512,1,2048,143.424
128,512,1,4096,161.28
128,512,1,8192,196.97
128,512,1,16384,259.38
128,512,2,16,116.917
128,512,2,32,119.328
128,512,2,64,122.101
128,512,2,128,129.141
128,512,2,256,130.944
128,512,2,512,136.799
128,512,2,1024,146.144
128,512,2,2048,164.043
128,512,2,4096,199.019
128,512,2,8192,266.069
128,512,2,16384,399.157
128,512,4,16,117.461
128,512,4,32,120.682
128,512,4,64,122.837
128,512,4,128,132.171
128,512,4,256,137.6
128,512,4,512,148.118
128,512,4,1024,165.109
128,512,4,2048,200.66
128,512,4,4096,266.656
128,512,4,8192,398.57
128,512,4,16384,664.734
128,512,8,16,117.643
128,512,8,32,121.579
128,512,8,64,126.122
128,512,8,128,139.733
128,512,8,256,148.586
128,512,8,512,166.815
128,512,8,1024,198.838
128,512,8,2048,267.114
128,512,8,4096,400.063
128,512,8,8192,662.762
128,512,8,16384,1195.77
128,512,16,16,123.648
128,512,16,32,129.334
128,512,16,64,134.88
128,512,16,128,144.469
128,512,16,256,162.1
128,512,16,512,196.395
128,512,16,1024,263.338
128,512,16,2048,395.946
128,512,16,4096,664.628
128,512,16,8192,1197.25
128,512,16,16384,2257.25
128,512,32,16,130.379
128,512,32,32,141.429
128,512,32,64,152.608
128,512,32,128,170.133
128,512,32,256,202.677
128,512,32,512,270.325
128,512,32,1024,400.853
128,512,32,2048,662.24
128,512,32,4096,1186.12
128,512,32,8192,2232.76
128,512,32,16384,4327.44
128,512,64,16,143.082
128,512,64,32,160.917
128,512,64,64,180.021
128,512,64,128,215.328
128,512,64,256,278.858
128,512,64,512,410.027
128,512,64,1024,668.831
128,512,64,2048,1186.26
128,512,64,4096,2219.6
128,512,64,8192,4294.68
128,512,64,16384,8436.35
128,512,128,16,167.051
128,512,128,32,200.725
128,512,128,64,231.029
128,512,128,128,297.909
128,512,128,256,426.442
128,512,128,512,682.229
128,512,128,1024,1194.51
128,512,128,2048,2215.33
128,512,128,4096,4261.67
128,512,128,8192,8365.08
128,1024,0,0,143.978
128,1024,1,16,150.218
128,1024,1,32,152.448
128,1024,1,64,155.285
128,1024,1,128,161.995
128,1024,1,256,162.314
128,1024,1,512,163.69
128,1024,1,1024,170.261
128,1024,1,2048,177.344
128,1024,1,4096,194.688
128,1024,1,8192,229.152
128,1024,1,16384,292.085
128,1024,2,16,150.389
128,1024,2,32,152.501
128,1024,2,64,155.466
128,1024,2,128,162.645
128,1024,2,256,164.394
128,1024,2,512,170.592
128,1024,2,1024,178.954
128,1024,2,2048,197.856
128,1024,2,4096,232.17
128,1024,2,8192,299.338
128,1024,2,16384,431.872
128,1024,4,16,150.432
128,1024,4,32,153.205
128,1024,4,64,156.181
128,1024,4,128,164.479
128,1024,4,256,170.484
128,1024,4,512,179.755
128,1024,4,1024,197.973
128,1024,4,2048,232.02
128,1024,4,4096,298.677
128,1024,4,8192,431.765
128,1024,4,16384,697.397
128,1024,8,16,151.157
128,1024,8,32,155.519
128,1024,8,64,159.061
128,1024,8,128,172.331
128,1024,8,256,181.589
128,1024,8,512,198.763
128,1024,8,1024,232.842
128,1024,8,2048,298.325
128,1024,8,4096,430.463
128,1024,8,8192,696.628
128,1024,8,16384,1228.63
128,1024,16,16,156.245
128,1024,16,32,162.389
128,1024,16,64,167.595
128,1024,16,128,178.111
128,1024,16,256,195.637
128,1024,16,512,229.941
128,1024,16,1024,295.915
128,1024,16,2048,429.013
128,1024,16,4096,694.89
128,1024,16,8192,1225.26
128,1024,16,16384,2289.19
128,1024,32,16,164.074
128,1024,32,32,174.944
128,1024,32,64,185.962
128,1024,32,128,202.602
128,1024,32,256,236.767
128,1024,32,512,301.919
128,1024,32,1024,433.035
128,1024,32,2048,697.344
128,1024,32,4096,1218.56
128,1024,32,8192,2265.98
128,1024,32,16384,4356.03
128,1024,64,16,174.922
128,1024,64,32,193.941
128,1024,64,64,212.65
128,1024,64,128,246.827
128,1024,64,256,311.071
128,1024,64,512,443.424
128,1024,64,1024,700.479
128,1024,64,2048,1217.45
128,1024,64,4096,2253.49
128,1024,64,8192,4324.94
128,1024,64,16384,8469.73
128,1024,128,16,200.128
128,1024,128,32,232.032
128,1024,128,64,264.8
128,1024,128,128,331.648
128,1024,128,256,458.133
128,1024,128,512,715.999
128,1024,128,1024,1226.83
128,1024,128,2048,2246.79
128,1024,128,4096,4292.11
128,1024,128,8192,8394.62
128,2048,0,0,211.658
128,2048,1,16,218.016
128,2048,1,32,220.149
128,2048,1,64,223.339
128,2048,1,128,229.706
128,2048,1,256,230.058
128,2048,1,512,232.416
128,2048,1,1024,238.111
128,2048,1,2048,244.746
128,2048,1,4096,262.922
128,2048,1,8192,296.927
128,2048,1,16384,359.701
128,2048,2,16,218.207
128,2048,2,32,220.234
128,2048,2,64,223.21
128,2048,2,128,230.997
128,2048,2,256,231.733
128,2048,2,512,238.879
128,2048,2,1024,246.634
128,2048,2,2048,266.089
128,2048,2,4096,298.73
128,2048,2,8192,366.176
128,2048,2,16384,499.369
128,2048,4,16,219.648
128,2048,4,32,222.016
128,2048,4,64,224.875
128,2048,4,128,232.266
128,2048,4,256,238.325
128,2048,4,512,247.286
128,2048,4,1024,265.952
128,2048,4,2048,300.725
128,2048,4,4096,367.327
128,2048,4,8192,499.423
128,2048,4,16384,766.005
128,2048,8,16,219.466
128,2048,8,32,223.062
128,2048,8,64,226.304
128,2048,8,128,239.307
128,2048,8,256,249.366
128,2048,8,512,266.837
128,2048,8,1024,300.288
128,2048,8,2048,367.071
128,2048,8,4096,499.796
128,2048,8,8192,764.458
128,2048,8,16384,1297.09
128,2048,16,16,224.864
128,2048,16,32,230.591
128,2048,16,64,235.487
128,2048,16,128,246.644
128,2048,16,256,263.135
128,2048,16,512,298.111
128,2048,16,1024,364.276
128,2048,16,2048,496.778
128,2048,16,4096,763.146
128,2048,16,8192,1294.32
128,2048,16,16384,2360.85
128,2048,32,16,231.295
128,2048,32,32,242.367
128,2048,32,64,253.696
128,2048,32,128,269.387
128,2048,32,256,302.986
128,2048,32,512,370.752
128,2048,32,1024,501.493
128,2048,32,2048,762.623
128,2048,32,4096,1289
128,2048,32,8192,2332.2
128,2048,32,16384,4427.95
128,2048,64,16,243.424
128,2048,64,32,261.877
128,2048,64,64,281.195
128,2048,64,128,315.178
128,2048,64,256,380.32
128,2048,64,512,510.922
128,2048,64,1024,769.247
128,2048,64,2048,1285.25
128,2048,64,4096,2325.28
128,2048,64,8192,4392.86
128,2048,64,16384,8533.15
128,2048,128,16,267.616
128,2048,128,32,300.372
128,2048,128,64,332.33
128,2048,128,128,400.041
128,2048,128,256,527.093
128,2048,128,512,783.721
128,2048,128,1024,1296.72
128,2048,128,2048,2314.48
128,2048,128,4096,4364.91
128,2048,128,8192,8463.38
128,4096,0,0,343.636
128,4096,1,16,350.016
128,4096,1,32,352.863
128,4096,1,64,354.942
128,4096,1,128,361.716
128,4096,1,256,362.442
128,4096,1,512,364.063
128,4096,1,1024,370.186
128,4096,1,2048,376.638
128,4096,1,4096,395.007
128,4096,1,8192,429.396
128,4096,1,16384,491.285
128,4096,2,16,350.57
128,4096,2,32,353.141
128,4096,2,64,356.149
128,4096,2,128,362.559
128,4096,2,256,364.298
128,4096,2,512,370.879
128,4096,2,1024,380.479
128,4096,2,2048,397.824
128,4096,2,4096,432.351
128,4096,2,8192,498.836
128,4096,2,16384,632.692
128,4096,4,16,351.477
128,4096,4,32,354.282
128,4096,4,64,356.863
128,4096,4,128,364.682
128,4096,4,256,370.526
128,4096,4,512,380.18
128,4096,4,1024,397.792
128,4096,4,2048,432.852
128,4096,4,4096,498.676
128,4096,4,8192,630.324
128,4096,4,16384,899.989
128,4096,8,16,352.789
128,4096,8,32,356.426
128,4096,8,64,359.391
128,4096,8,128,371.626
128,4096,8,256,381.087
128,4096,8,512,399.722
128,4096,8,1024,432.063
128,4096,8,2048,500.265
128,4096,8,4096,632.532
128,4096,8,8192,896.414
128,4096,8,16384,1430.88
128,4096,16,16,357.131
128,4096,16,32,362.794
128,4096,16,64,368.459
128,4096,16,128,378.282
128,4096,16,256,396.319
128,4096,16,512,431.029
128,4096,16,1024,496.725
128,4096,16,2048,628.522
128,4096,16,4096,896.532
128,4096,16,8192,1428.4
128,4096,16,16384,2496.41
128,4096,32,16,364
128,4096,32,32,375.295
128,4096,32,64,385.375
128,4096,32,128,402.015
128,4096,32,256,435.337
128,4096,32,512,502.506
128,4096,32,1024,633.567
128,4096,32,2048,897.875
128,4096,32,4096,1420.32
128,4096,32,8192,2471.68
128,4096,32,16384,4557.97
128,4096,64,16,376.267
128,4096,64,32,394.367
128,4096,64,64,413.78
128,4096,64,128,446.719
128,4096,64,256,512.543
128,4096,64,512,644.255
128,4096,64,1024,902.165
128,4096,64,2048,1416.74
128,4096,64,4096,2453.07
128,4096,64,8192,4528.7
128,4096,64,16384,8666.56
128,4096,128,16,401.044
128,4096,128,32,433.3
128,4096,128,64,465.589
128,4096,128,128,531.946
128,4096,128,256,660.703
128,4096,128,512,917.876
128,4096,128,1024,1427.18
128,4096,128,2048,2449.55
128,4096,128,4096,4500.47
128,4096,128,8192,8594.08
128,8192,0,0,607.625
128,8192,1,16,613.567
128,8192,1,32,615.571
128,8192,1,64,618.516
128,8192,1,128,625.172
128,8192,1,256,625.301
128,8192,1,512,627.198
128,8192,1,1024,633.45
128,8192,1,2048,639.647
128,8192,1,4096,658.719
128,8192,1,8192,692.062
128,8192,1,16384,755.53
128,8192,2,16,613.683
128,8192,2,32,616.117
128,8192,2,64,619.219
128,8192,2,128,625.822
128,8192,2,256,626.986
128,8192,2,512,632.766
128,8192,2,1024,642.507
128,8192,2,2048,661.267
128,8192,2,4096,696.277
128,8192,2,8192,761.428
128,8192,2,16384,893.706
128,8192,4,16,613.823
128,8192,4,32,616.542
128,8192,4,64,619.594
128,8192,4,128,627.87
128,8192,4,256,632.97
128,8192,4,512,643.124
128,8192,4,1024,661.737
128,8192,4,2048,696.255
128,8192,4,4096,762.42
128,8192,4,8192,895.102
128,8192,4,16384,1162.65
128,8192,8,16,614.89
128,8192,8,32,618.378
128,8192,8,64,622.314
128,8192,8,128,635.594
128,8192,8,256,643.838
128,8192,8,512,663.189
128,8192,8,1024,694.58
128,8192,8,2048,762.11
128,8192,8,4096,895.965
128,8192,8,8192,1159.45
128,8192,8,16384,1691.2
128,8192,16,16,619.124
128,8192,16,32,625.46
128,8192,16,64,631.017
128,8192,16,128,640.521
128,8192,16,256,658.601
128,8192,16,512,692.777
128,8192,16,1024,760.862
128,8192,16,2048,892.052
128,8192,16,4096,1157.72
128,8192,16,8192,1692.67
128,8192,16,16384,2756.36
128,8192,32,16,627.103
128,8192,32,32,638.644
128,8192,32,64,648.127
128,8192,32,128,665.364
128,8192,32,256,699.05
128,8192,32,512,765.642
128,8192,32,1024,896.116
128,8192,32,2048,1159.33
128,8192,32,4096,1682.42
128,8192,32,8192,2728.52
128,8192,32,16384,4826.98
128,8192,64,16,639.113
128,8192,64,32,657.823
128,8192,64,64,676.073
128,8192,64,128,709.801
128,8192,64,256,775.69
128,8192,64,512,906.494
128,8192,64,1024,1165.55
128,8192,64,2048,1682.04
128,8192,64,4096,2717.84
128,8192,64,8192,4789.08
128,8192,64,16384,8929.68
128,8192,128,16,664.084
128,8192,128,32,695.839
128,8192,128,64,728.053
128,8192,128,128,794.783
128,8192,128,256,922.75
128,8192,128,512,1178.85
128,8192,128,1024,1692.62
128,8192,128,2048,2708.67
128,8192,128,4096,4766.21
128,8192,128,8192,8863.05
128,16384,0,0,1132.58
128,16384,1,16,1139.31
128,16384,1,32,1140.49
128,16384,1,64,1144.98
128,16384,1,128,1151.35
128,16384,1,256,1151.24
128,16384,1,512,1151.98
128,16384,1,1024,1158.77
128,16384,1,2048,1165.65
128,16384,1,4096,1182.74
128,16384,1,8192,1217.99
128,16384,1,16384,1283.47
128,16384,2,16,1140.33
128,16384,2,32,1141.72
128,16384,2,64,1144.41
128,16384,2,128,1152.03
128,16384,2,256,1152.48
128,16384,2,512,1159.69
128,16384,2,1024,1169.23
128,16384,2,2048,1185.44
128,16384,2,4096,1221.47
128,16384,2,8192,1287.02
128,16384,2,16384,1420.75
128,16384,4,16,1139.56
128,16384,4,32,1142.62
128,16384,4,64,1145.51
128,16384,4,128,1153.7
128,16384,4,256,1159.76
128,16384,4,512,1167.01
128,16384,4,1024,1187.1
128,16384,4,2048,1220.54
128,16384,4,4096,1289.3
128,16384,4,8192,1420.52
128,16384,4,16384,1686.27
128,16384,8,16,1142.66
128,16384,8,32,1143.75
128,16384,8,64,1149.77
128,16384,8,128,1160.46
128,16384,8,256,1169.41
128,16384,8,512,1188.24
128,16384,8,1024,1221.31
128,16384,8,2048,1288.57
128,16384,8,4096,1420.69
128,16384,8,8192,1685.9
128,16384,8,16384,2217.11
128,16384,16,16,1144.66
128,16384,16,32,1151.69
128,16384,16,64,1156.81
128,16384,16,128,1167.93
128,16384,16,256,1183.4
128,16384,16,512,1217.98
128,16384,16,1024,1286.65
128,16384,16,2048,1417.99
128,16384,16,4096,1683.18
128,16384,16,8192,2215.41
128,16384,16,16384,3278.58
128,16384,32,16,1151.76
128,16384,32,32,1163.28
128,16384,32,64,1175.21
128,16384,32,128,1192.07
128,16384,32,256,1225.25
128,16384,32,512,1291.87
128,16384,32,1024,1421.85
128,16384,32,2048,1685.15
128,16384,32,4096,2208.1
128,16384,32,8192,3255.38
128,16384,32,16384,5347.18
128,16384,64,16,1164.46
128,16384,64,32,1183.1
128,16384,64,64,1200.81
128,16384,64,128,1235.06
128,16384,64,256,1301.73
128,16384,64,512,1432.59
128,16384,64,1024,1691
128,16384,64,2048,2207.99
128,16384,64,4096,3245.02
128,16384,64,8192,5316.65
128,16384,64,16384,9455.62
128,16384,128,16,1189.98
128,16384,128,32,1221.89
128,16384,128,64,1253.97
128,16384,128,128,1320.18
128,16384,128,256,1450.68
128,16384,128,512,1705.84
128,16384,128,1024,2216.27
128,16384,128,2048,3240.61
128,16384,128,4096,5286.8
128,16384,128,8192,9384.42
256,0,0,0,127.605
256,0,1,16,134.688
256,0,1,32,137.631
256,0,1,64,139.85
256,0,1,128,146.592
256,0,1,256,146.816
256,0,1,512,147.466
256,0,1,1024,155.157
256,0,1,2048,161.643
256,0,1,4096,178.133
256,0,1,8192,213.056
256,0,1,16384,276.585
256,0,2,16,133.674
256,0,2,32,137.387
256,0,2,64,141.184
256,0,2,128,147.242
256,0,2,256,148.501
256,0,2,512,153.408
256,0,2,1024,162.624
256,0,2,2048,182.165
256,0,2,4096,217.109
256,0,2,8192,282.059
256,0,2,16384,415.562
256,0,4,16,135.338
256,0,4,32,137.631
256,0,4,64,141.258
256,0,4,128,149.334
256,0,4,256,154.794
256,0,4,512,164.011
256,0,4,1024,181.183
256,0,4,2048,216.117
256,0,4,4096,283.711
256,0,4,8192,414.666
256,0,4,16384,682.911
256,0,8,16,135.499
256,0,8,32,138.805
256,0,8,64,143.018
256,0,8,128,156.022
256,0,8,256,165.952
256,0,8,512,183.061
256,0,8,1024,217.162
256,0,8,2048,283.338
256,0,8,4096,415.647
256,0,8,8192,680.106
256,0,8,16384,1213.28
256,0,16,16,139.69
256,0,16,32,144.566
256,0,16,64,150.506
256,0,16,128,161.312
256,0,16,256,178.229
256,0,16,512,212.437
256,0,16,1024,279.36
256,0,16,2048,411.723
256,0,16,4096,679.028
256,0,16,8192,1209.84
256,0,16,16384,2271.28
256,0,32,16,147.777
256,0,32,32,158.816
256,0,32,64,169.664
256,0,32,128,186.944
256,0,32,256,219.242
256,0,32,512,285.172
256,0,32,1024,418.165
256,0,32,2048,681.408
256,0,32,4096,1205.32
256,0,32,8192,2250.55
256,0,32,16384,4346.1
256,0,64,16,160.555
256,0,64,32,178.249
256,0,64,64,197.333
256,0,64,128,230.699
256,0,64,256,295.029
256,0,64,512,426.847
256,0,64,1024,685.268
256,0,64,2048,1201.69
256,0,64,4096,2240.03
256,0,64,8192,4309.16
256,0,64,16384,8449.01
256,0,128,16,184.437
256,0,128,32,216.106
256,0,128,64,248.266
256,0,128,128,315.359
256,0,128,256,442.41
256,0,128,512,699.775
256,0,128,1024,1210.21
256,0,128,2048,2231.42
256,0,128,4096,4275.76
256,0,128,8192,8374.79
256,16,0,0,138.549
256,16,1,16,145.088
256,16,1,32,147.094
256,16,1,64,149.941
256,16,1,128,157.313
256,16,1,256,157.557
256,16,1,512,158.73
256,16,1,1024,165.877
256,16,1,2048,172.202
256,16,1,4096,189.76
256,16,1,8192,224.553
256,16,1,16384,287.06
256,16,2,16,145.066
256,16,2,32,147.946
256,16,2,64,151.701
256,16,2,128,158.752
256,16,2,256,159.008
256,16,2,512,165.407
256,16,2,1024,174.272
256,16,2,2048,192.363
256,16,2,4096,227.626
256,16,2,8192,294.762
256,16,2,16384,426.719
256,16,4,16,146.367
256,16,4,32,148.928
256,16,4,64,152.064
256,16,4,128,159.488
256,16,4,256,165.536
256,16,4,512,174.976
256,16,4,1024,193.664
256,16,4,2048,226.122
256,16,4,4096,294.805
256,16,4,8192,427.455
256,16,4,16384,693.972
256,16,8,16,146.634
256,16,8,32,149.6
256,16,8,64,153.728
256,16,8,128,167.509
256,16,8,256,175.861
256,16,8,512,193.738
256,16,8,1024,227.711
256,16,8,2048,294.495
256,16,8,4096,427.317
256,16,8,8192,692.425
256,16,8,16384,1223.36
256,16,16,16,149.93
256,16,16,32,156.501
256,16,16,64,161.525
256,16,16,128,172.032
256,16,16,256,190.101
256,16,16,512,222.901
256,16,16,1024,290.837
256,16,16,2048,424.021
256,16,16,4096,691.625
256,16,16,8192,1221.58
256,16,16,16384,2290.01
256,16,32,16,159.307
256,16,32,32,169.824
256,16,32,64,180.469
256,16,32,128,198.549
256,16,32,256,231.498
256,16,32,512,296.437
256,16,32,1024,430.047
256,16,32,2048,690.089
256,16,32,4096,1215.36
256,16,32,8192,2259.09
256,16,32,16384,4353.05
256,16,64,16,170.997
256,16,64,32,190.143
256,16,64,64,207.626
256,16,64,128,242.57
256,16,64,256,307.754
256,16,64,512,437.61
256,16,64,1024,697.332
256,16,64,2048,1214.86
256,16,64,4096,2249.41
256,16,64,8192,4317.69
256,16,64,16384,8467.28
256,16,128,16,194.731
256,16,128,32,227.413
256,16,128,64,259.626
256,16,128,128,326.57
256,16,128,256,455.573
256,16,128,512,711.732
256,16,128,1024,1221.62
256,16,128,2048,2244.63
256,16,128,4096,4293.69
256,16,128,8192,8386.47
256,32,0,0,143.124
256,32,1,16,149.567
256,32,1,32,152.874
256,32,1,64,155.242
256,32,1,128,161.801
256,32,1,256,162.613
256,32,1,512,163.509
256,32,1,1024,170.761
256,32,1,2048,177.536
256,32,1,4096,194.282
256,32,1,8192,230.1
256,32,1,16384,292.639
256,32,2,16,150.73
256,32,2,32,153.183
256,32,2,64,156.021
256,32,2,128,163.338
256,32,2,256,164.309
256,32,2,512,169.899
256,32,2,1024,179.957
256,32,2,2048,197.663
256,32,2,4096,232.682
256,32,2,8192,299.155
256,32,2,16384,431.21
256,32,4,16,150.581
256,32,4,32,153.654
256,32,4,64,157.099
256,32,4,128,165.205
256,32,4,256,170.219
256,32,4,512,180.532
256,32,4,1024,198.303
256,32,4,2048,232.662
256,32,4,4096,300.117
256,32,4,8192,431.274
256,32,4,16384,700.031
256,32,8,16,151.648
256,32,8,32,155.115
256,32,8,64,159.199
256,32,8,128,171.424
256,32,8,256,180.799
256,32,8,512,197.898
256,32,8,1024,233.546
256,32,8,2048,298.41
256,32,8,4096,430.91
256,32,8,8192,697.151
256,32,8,16384,1229.29
256,32,16,16,154.827
256,32,16,32,160.725
256,32,16,64,166.741
256,32,16,128,177.216
256,32,16,256,194.602
256,32,16,512,227.327
256,32,16,1024,295.316
256,32,16,2048,429.237
256,32,16,4096,693.695
256,32,16,8192,1229.01
256,32,16,16384,2294.08
256,32,32,16,163.637
256,32,32,32,174.805
256,32,32,64,185.461
256,32,32,128,202.847
256,32,32,256,236.469
256,32,32,512,302.613
256,32,32,1024,433.066
256,32,32,2048,695.252
256,32,32,4096,1218.81
256,32,32,8192,2264.36
256,32,32,16384,4361.11
256,32,64,16,175.136
256,32,64,32,194.186
256,32,64,64,212.821
256,32,64,128,247.168
256,32,64,256,310.965
256,32,64,512,442.261
256,32,64,1024,700.49
256,32,64,2048,1218.25
256,32,64,4096,2254.13
256,32,64,8192,4327.07
256,32,64,16384,8466.15
256,32,128,16,200.128
256,32,128,32,233.013
256,32,128,64,264.394
256,32,128,128,330.986
256,32,128,256,456.992
256,32,128,512,716.447
256,32,128,1024,1223.59
256,32,128,2048,2246.75
256,32,128,4096,4297.36
256,32,128,8192,8393.56
256,64,0,0,143.616
256,64,1,16,150.752
256,64,1,32,153.568
256,64,1,64,155.669
256,64,1,128,162.463
256,64,1,256,164.47
256,64,1,512,164.992
256,64,1,1024,170.901
256,64,1,2048,177.225
256,64,1,4096,195.829
256,64,1,8192,230.474
256,64,1,16384,293.236
256,64,2,16,151.263
256,64,2,32,153.471
256,64,2,64,156.48
256,64,2,128,164.544
256,64,2,256,165.173
256,64,2,512,171.136
256,64,2,1024,179.488
256,64,2,2048,197.919
256,64,2,4096,232.479
256,64,2,8192,298.719
256,64,2,16384,431.893
256,64,4,16,152.139
256,64,4,32,154.315
256,64,4,64,157.867
256,64,4,128,165.567
256,64,4,256,170.848
256,64,4,512,181.483
256,64,4,1024,198.837
256,64,4,2048,233.982
256,64,4,4096,300.021
256,64,4,8192,433.653
256,64,4,16384,699.327
256,64,8,16,151.936
256,64,8,32,156.074
256,64,8,64,159.222
256,64,8,128,172.085
256,64,8,256,181.961
256,64,8,512,199.337
256,64,8,1024,234.548
256,64,8,2048,299.371
256,64,8,4096,431.797
256,64,8,8192,699.295
256,64,8,16384,1228.66
256,64,16,16,156.244
256,64,16,32,161.461
256,64,16,64,167.498
256,64,16,128,178.506
256,64,16,256,194.784
256,64,16,512,228.928
256,64,16,1024,295.786
256,64,16,2048,429.28
256,64,16,4096,694.538
256,64,16,8192,1226.88
256,64,16,16384,2291.34
256,64,32,16,164.533
256,64,32,32,175.467
256,64,32,64,186.079
256,64,32,128,204.991
256,64,32,256,237.76
256,64,32,512,302.729
256,64,32,1024,434.144
256,64,32,2048,697.269
256,64,32,4096,1221.54
256,64,32,8192,2266.3
256,64,32,16384,4355.89
256,64,64,16,176.767
256,64,64,32,194.345
256,64,64,64,213.503
256,64,64,128,247.626
256,64,64,256,312.085
256,64,64,512,443.733
256,64,64,1024,702.207
256,64,64,2048,1219.73
256,64,64,4096,2253.18
256,64,64,8192,4327.81
256,64,64,16384,8465.34
256,64,128,16,200.736
256,64,128,32,233.162
256,64,128,64,264.756
256,64,128,128,329.567
256,64,128,256,460.501
256,64,128,512,716.394
256,64,128,1024,1227.17
256,64,128,2048,2248.05
256,64,128,4096,4296.29
256,64,128,8192,8392.52
256,128,0,0,146.155
256,128,1,16,152.096
256,128,1,32,154.721
256,128,1,64,157.419
256,128,1,128,164.043
256,128,1,256,164.544
256,128,1,512,165.663
256,128,1,1024,172.16
256,128,1,2048,179.552
256,128,1,4096,196.32
256,128,1,8192,230.709
256,128,1,16384,293.578
256,128,2,16,153.291
256,128,2,32,155.412
256,128,2,64,158.72
256,128,2,128,165.226
256,128,2,256,166.997
256,128,2,512,174.379
256,128,2,1024,182.089
256,128,2,2048,199.829
256,128,2,4096,234.048
256,128,2,8192,301.727
256,128,2,16384,432.65
256,128,4,16,152.416
256,128,4,32,155.979
256,128,4,64,160.096
256,128,4,128,166.975
256,128,4,256,172.98
256,128,4,512,183.263
256,128,4,1024,200.373
256,128,4,2048,234.4
256,128,4,4096,302.068
256,128,4,8192,434.825
256,128,4,16384,700.821
256,128,8,16,154.123
256,128,8,32,157.759
256,128,8,64,161.525
256,128,8,128,176.256
256,128,8,256,184.149
256,128,8,512,201.066
256,128,8,1024,234.4
256,128,8,2048,301.45
256,128,8,4096,435.828
256,128,8,8192,700.106
256,128,8,16384,1231.05
256,128,16,16,157.344
256,128,16,32,163.509
256,128,16,64,169.398
256,128,16,128,178.602
256,128,16,256,197.631
256,128,16,512,230.143
256,128,16,1024,296.245
256,128,16,2048,428.724
256,128,16,4096,698.037
256,128,16,8192,1234.21
256,128,16,16384,2293.91
256,128,32,16,166.122
256,128,32,32,176.096
256,128,32,64,187.157
256,128,32,128,205.781
256,128,32,256,238.507
256,128,32,512,303.273
256,128,32,1024,434.826
256,128,32,2048,696.372
256,128,32,4096,1221.73
256,128,32,8192,2268.93
256,128,32,16384,4357.23
256,128,64,16,177.301
256,128,64,32,197.386
256,128,64,64,213.792
256,128,64,128,249.61
256,128,64,256,312.287
256,128,64,512,443.957
256,128,64,1024,705.184
256,128,64,2048,1221.45
256,128,64,4096,2256.55
256,128,64,8192,4330.87
256,128,64,16384,8471.75
256,128,128,16,201.269
256,128,128,32,234.634
256,128,128,64,265.589
256,128,128,128,333.151
256,128,128,256,460.682
256,128,128,512,717.364
256,128,128,1024,1226.7
256,128,128,2048,2248.44
256,128,128,4096,4295.81
256,128,128,8192,8394.1
256,256,0,0,161.365
256,256,1,16,169.044
256,256,1,32,171.103
256,256,1,64,173.62
256,256,1,128,180.404
256,256,1,256,181.248
256,256,1,512,181.93
256,256,1,1024,188.651
256,256,1,2048,195.168
256,256,1,4096,213.344
256,256,1,8192,247.157
256,256,1,16384,310.443
256,256,2,16,168.299
256,256,2,32,170.859
256,256,2,64,173.707
256,256,2,128,181.461
256,256,2,256,182.613
256,256,2,512,188.608
256,256,2,1024,197.739
256,256,2,2048,216.234
256,256,2,4096,249.407
256,256,2,8192,318.059
256,256,2,16384,448.522
256,256,4,16,169.28
256,256,4,32,172.149
256,256,4,64,174.783
256,256,4,128,183.36
256,256,4,256,188.437
256,256,4,512,198.315
256,256,4,1024,216.235
256,256,4,2048,249.76
256,256,4,4096,318.933
256,256,4,8192,450.879
256,256,4,16384,716.479
256,256,8,16,169.887
256,256,8,32,173.365
256,256,8,64,177.141
256,256,8,128,190.794
256,256,8,256,199.669
256,256,8,512,216.928
256,256,8,1024,251.85
256,256,8,2048,317.141
256,256,8,4096,450.08
256,256,8,8192,714.485
256,256,8,16384,1246.69
256,256,16,16,173.077
256,256,16,32,179.359
256,256,16,64,184.907
256,256,16,128,195.115
256,256,16,256,212.319
256,256,16,512,246.421
256,256,16,1024,311.807
256,256,16,2048,446.037
256,256,16,4096,710.889
256,256,16,8192,1243.38
256,256,16,16384,2312.76
256,256,32,16,182.005
256,256,32,32,192.458
256,256,32,64,202.848
256,256,32,128,220.928
256,256,32,256,253.855
256,256,32,512,319.306
256,256,32,1024,452.564
256,256,32,2048,715.209
256,256,32,4096,1237.94
256,256,32,8192,2286.64
256,256,32,16384,4380.91
256,256,64,16,193.397
256,256,64,32,211.989
256,256,64,64,231.391
256,256,64,128,265.066
256,256,64,256,331.21
256,256,64,512,460.437
256,256,64,1024,719.327
256,256,64,2048,1236.77
256,256,64,4096,2270.81
256,256,64,8192,4343.82
256,256,64,16384,8488.07
256,256,128,16,216.8
256,256,128,32,250.315
256,256,128,64,282.229
256,256,128,128,348.864
256,256,128,256,476.937
256,256,128,512,732.799
256,256,128,1024,1242.02
256,256,128,2048,2266.12
256,256,128,4096,4315.15
256,256,128,8192,8414.1
256,512,0,0,194.336
256,512,1,16,202.016
256,512,1,32,204.235
256,512,1,64,206.218
256,512,1,128,213.546
256,512,1,256,214.101
256,512,1,512,215.499
256,512,1,1024,221.899
256,512,1,2048,228.405
256,512,1,4096,246.101
256,512,1,8192,280.511
256,512,1,16384,344.704
256,512,2,16,201.941
256,512,2,32,204.202
256,512,2,64,207.157
256,512,2,128,214.4
256,512,2,256,215.637
256,512,2,512,221.589
256,512,2,1024,230.751
256,512,2,2048,248.597
256,512,2,4096,282.602
256,512,2,8192,350.037
256,512,2,16384,483.071
256,512,4,16,201.567
256,512,4,32,205.035
256,512,4,64,208.064
256,512,4,128,216.427
256,512,4,256,222.026
256,512,4,512,231.105
256,512,4,1024,248.778
256,512,4,2048,282.709
256,512,4,4096,349.525
256,512,4,8192,482.409
256,512,4,16384,749.503
256,512,8,16,202.624
256,512,8,32,205.397
256,512,8,64,210.591
256,512,8,128,223.105
256,512,8,256,233.056
256,512,8,512,251.54
256,512,8,1024,282.634
256,512,8,2048,350.164
256,512,8,4096,483.434
256,512,8,8192,747.7
256,512,8,16384,1281.22
256,512,16,16,205.92
256,512,16,32,212.394
256,512,16,64,217.259
256,512,16,128,227.339
256,512,16,256,245.557
256,512,16,512,279.466
256,512,16,1024,346.282
256,512,16,2048,478.986
256,512,16,4096,745.62
256,512,16,8192,1277.97
256,512,16,16384,2343.61
256,512,32,16,214.655
256,512,32,32,225.194
256,512,32,64,237.024
256,512,32,128,254.965
256,512,32,256,286.655
256,512,32,512,353.353
256,512,32,1024,485.749
256,512,32,2048,744.607
256,512,32,4096,1271.37
256,512,32,8192,2316.52
256,512,32,16384,4408.64
256,512,64,16,226.912
256,512,64,32,245.162
256,512,64,64,264.511
256,512,64,128,298.26
256,512,64,256,362.815
256,512,64,512,495.444
256,512,64,1024,753.717
256,512,64,2048,1271.99
256,512,64,4096,2305.36
256,512,64,8192,4375.31
256,512,64,16384,8521.45
256,512,128,16,251.445
256,512,128,32,284.042
256,512,128,64,315.626
256,512,128,128,381.621
256,512,128,256,510.314
256,512,128,512,766.612
256,512,128,1024,1276.79
256,512,128,2048,2302.08
256,512,128,4096,4343.31
256,512,128,8192,8439.52
256,1024,0,0,260.906
256,1024,1,16,268.394
256,1024,1,32,270.518
256,1024,1,64,273.482
256,1024,1,128,280.075
256,1024,1,256,281.215
256,1024,1,512,282.037
256,1024,1,1024,288.65
256,1024,1,2048,295.178
256,1024,1,4096,312.789
256,1024,1,8192,346.057
256,1024,1,16384,411.476
256,1024,2,16,268.394
256,1024,2,32,269.781
256,1024,2,64,274.153
256,1024,2,128,281.237
256,1024,2,256,281.93
256,1024,2,512,288.671
256,1024,2,1024,297.663
256,1024,2,2048,315.125
256,1024,2,4096,348.181
256,1024,2,8192,416.181
256,1024,2,16384,550.207
256,1024,4,16,269.066
256,1024,4,32,272.33
256,1024,4,64,274.847
256,1024,4,128,282.581
256,1024,4,256,289.376
256,1024,4,512,298.218
256,1024,4,1024,315.21
256,1024,4,2048,349.898
256,1024,4,4096,417.151
256,1024,4,8192,549.375
256,1024,4,16384,815.06
256,1024,8,16,269.674
256,1024,8,32,272.511
256,1024,8,64,277.312
256,1024,8,128,290.399
256,1024,8,256,298.707
256,1024,8,512,316.554
256,1024,8,1024,351.999
256,1024,8,2048,417.236
256,1024,8,4096,548.959
256,1024,8,8192,814.655
256,1024,8,16384,1345.76
256,1024,16,16,273.493
256,1024,16,32,278.751
256,1024,16,64,283.968
256,1024,16,128,294.176
256,1024,16,256,311.797
256,1024,16,512,347.124
256,1024,16,1024,412.939
256,1024,16,2048,545.023
256,1024,16,4096,814.185
256,1024,16,8192,1346.13
256,1024,16,16384,2408.73
256,1024,32,16,281.173
256,1024,32,32,291.84
256,1024,32,64,302.485
256,1024,32,128,320.501
256,1024,32,256,353.439
256,1024,32,512,419.604
256,1024,32,1024,551.54
256,1024,32,2048,811.785
256,1024,32,4096,1335.58
256,1024,32,8192,2383.1
256,1024,32,16384,4477.56
256,1024,64,16,293.322
256,1024,64,32,311.477
256,1024,64,64,330.591
256,1024,64,128,363.701
256,1024,64,256,429.098
256,1024,64,512,560.063
256,1024,64,1024,819.476
256,1024,64,2048,1336.42
256,1024,64,4096,2371.38
256,1024,64,8192,4441.27
256,1024,64,16384,8585.77
256,1024,128,16,316.48
256,1024,128,32,349.93
256,1024,128,64,382.197
256,1024,128,128,447.423
256,1024,128,256,577.088
256,1024,128,512,832.351
256,1024,128,1024,1343.79
256,1024,128,2048,2366.77
256,1024,128,4096,4415.37
256,1024,128,8192,8506.45
256,2048,0,0,393.429
256,2048,1,16,401.172
256,2048,1,32,402.453
256,2048,1,64,405.631
256,2048,1,128,413.781
256,2048,1,256,413.813
256,2048,1,512,414.517
256,2048,1,1024,421.375
256,2048,1,2048,428.864
256,2048,1,4096,445.78
256,2048,1,8192,479.819
256,2048,1,16384,543.967
256,2048,2,16,400.437
256,2048,2,32,404.031
256,2048,2,64,406.901
256,2048,2,128,413.759
256,2048,2,256,415.54
256,2048,2,512,420.671
256,2048,2,1024,430.954
256,2048,2,2048,448.042
256,2048,2,4096,482.612
256,2048,2,8192,550.304
256,2048,2,16384,682.484
256,2048,4,16,400.799
256,2048,4,32,404.202
256,2048,4,64,407.391
256,2048,4,128,415.05
256,2048,4,256,420.468
256,2048,4,512,430.239
256,2048,4,1024,449.226
256,2048,4,2048,482.688
256,2048,4,4096,548.245
256,2048,4,8192,682.922
256,2048,4,16384,950.217
256,2048,8,16,401.674
256,2048,8,32,405.994
256,2048,8,64,408.64
256,2048,8,128,423.765
256,2048,8,256,431.797
256,2048,8,512,450.122
256,2048,8,1024,483.167
256,2048,8,2048,549.62
256,2048,8,4096,681.769
256,2048,8,8192,946.388
256,2048,8,16384,1479.07
256,2048,16,16,405.386
256,2048,16,32,411.443
256,2048,16,64,417.492
256,2048,16,128,427.765
256,2048,16,256,443.135
256,2048,16,512,478.526
256,2048,16,1024,545.578
256,2048,16,2048,678.303
256,2048,16,4096,944.404
256,2048,16,8192,1476.98
256,2048,16,16384,2539.88
256,2048,32,16,414.356
256,2048,32,32,424.597
256,2048,32,64,435.221
256,2048,32,128,451.296
256,2048,32,256,486.27
256,2048,32,512,552.021
256,2048,32,1024,683.646
256,2048,32,2048,945.545
256,2048,32,4096,1469.34
256,2048,32,8192,2515.56
256,2048,32,16384,4610.15
256,2048,64,16,425.792
256,2048,64,32,444.437
256,2048,64,64,463.124
256,2048,64,128,497.023
256,2048,64,256,562.132
256,2048,64,512,694.484
256,2048,64,1024,950.462
256,2048,64,2048,1467.34
256,2048,64,4096,2501.51
256,2048,64,8192,4575.17
256,2048,64,16384,8717.04
256,2048,128,16,448.959
256,2048,128,32,482.783
256,2048,128,64,514.473
256,2048,128,128,581.119
256,2048,128,256,708.532
256,2048,128,512,964.115
256,2048,128,1024,1475.25
256,2048,128,2048,2497.67
256,2048,128,4096,4546.93
256,2048,128,8192,8641.88
256,4096,0,0,656.159
256,4096,1,16,664.01
256,4096,1,32,666.495
256,4096,1,64,670.942
256,4096,1,128,677.652
256,4096,1,256,677.77
256,4096,1,512,679.391
256,4096,1,1024,683.626
256,4096,1,2048,693.033
256,4096,1,4096,709.77
256,4096,1,8192,745.097
256,4096,1,16384,809.107
256,4096,2,16,664.287
256,4096,2,32,667.529
256,4096,2,64,670.398
256,4096,2,128,678.09
256,4096,2,256,678.559
256,4096,2,512,686.869
256,4096,2,1024,694.825
256,4096,2,2048,712.521
256,4096,2,4096,746.441
256,4096,2,8192,814.59
256,4096,2,16384,946.004
256,4096,4,16,664.053
256,4096,4,32,667.157
256,4096,4,64,670.601
256,4096,4,128,680.052
256,4096,4,256,684.457
256,4096,4,512,694.356
256,4096,4,1024,711.103
256,4096,4,2048,746.698
256,4096,4,4096,813.929
256,4096,4,8192,945.055
256,4096,4,16384,1212.79
256,4096,8,16,665.939
256,4096,8,32,668.819
256,4096,8,64,672.735
256,4096,8,128,685.418
256,4096,8,256,694.794
256,4096,8,512,712.777
256,4096,8,1024,745.982
256,4096,8,2048,811.785
256,4096,8,4096,945.534
256,4096,8,8192,1212.17
256,4096,8,16384,1742.25
256,4096,16,16,668.554
256,4096,16,32,674.708
256,4096,16,64,679.86
256,4096,16,128,689.919
256,4096,16,256,707.069
256,4096,16,512,741.428
256,4096,16,1024,809.833
256,4096,16,2048,939.902
256,4096,16,4096,1206.97
256,4096,16,8192,1743.64
256,4096,16,16384,2806.68
256,4096,32,16,677.62
256,4096,32,32,687.54
256,4096,32,64,699.487
256,4096,32,128,715.838
256,4096,32,256,749.578
256,4096,32,512,815.007
256,4096,32,1024,946.293
256,4096,32,2048,1209.89
256,4096,32,4096,1734.49
256,4096,32,8192,2779.04
256,4096,32,16384,4872.9
256,4096,64,16,688.564
256,4096,64,32,707.85
256,4096,64,64,726.282
256,4096,64,128,759.38
256,4096,64,256,825.001
256,4096,64,512,956.116
256,4096,64,1024,1213.91
256,4096,64,2048,1731.19
256,4096,64,4096,2768.84
256,4096,64,8192,4837.41
256,4096,64,16384,8981.2
256,4096,128,16,712.906
256,4096,128,32,744.393
256,4096,128,64,777.716
256,4096,128,128,844.958
256,4096,128,256,971.189
256,4096,128,512,1227.78
256,4096,128,1024,1741.58
256,4096,128,2048,2759.64
256,4096,128,4096,4810.31
256,4096,128,8192,8906.89
256,8192,0,0,1181.6
256,8192,1,16,1192.01
256,8192,1,32,1193.77
256,8192,1,64,1197.48
256,8192,1,128,1204.54
256,8192,1,256,1206.9
256,8192,1,512,1205.22
256,8192,1,1024,1211.93
256,8192,1,2048,1218.73
256,8192,1,4096,1234.23
256,8192,1,8192,1269.48
256,8192,1,16384,1333.86
256,8192,2,16,1189.76
256,8192,2,32,1194.28
256,8192,2,64,1197.72
256,8192,2,128,1204.81
256,8192,2,256,1205.18
256,8192,2,512,1211.15
256,8192,2,1024,1220.01
256,8192,2,2048,1237.98
256,8192,2,4096,1271.7
256,8192,2,8192,1339.22
256,8192,2,16384,1474.37
256,8192,4,16,1191.13
256,8192,4,32,1193.28
256,8192,4,64,1196.63
256,8192,4,128,1204.85
256,8192,4,256,1209.78
256,8192,4,512,1219.61
256,8192,4,1024,1238.78
256,8192,4,2048,1272.43
256,8192,4,4096,1339.49
256,8192,4,8192,1472.17
256,8192,4,16384,1738.72
256,8192,8,16,1191.28
256,8192,8,32,1193.98
256,8192,8,64,1198.73
256,8192,8,128,1211.17
256,8192,8,256,1221.05
256,8192,8,512,1238.5
256,8192,8,1024,1271.85
256,8192,8,2048,1338.81
256,8192,8,4096,1471.52
256,8192,8,8192,1735.97
256,8192,8,16384,2267.95
256,8192,16,16,1194.89
256,8192,16,32,1199.44
256,8192,16,64,1203.86
256,8192,16,128,1215.06
256,8192,16,256,1232.64
256,8192,16,512,1266.28
256,8192,16,1024,1335.68
256,8192,16,2048,1466.71
256,8192,16,4096,1732.23
256,8192,16,8192,2269.4
256,8192,16,16384,3330.67
256,8192,32,16,1202.8
256,8192,32,32,1214.74
256,8192,32,64,1226.52
256,8192,32,128,1241.66
256,8192,32,256,1274.91
256,8192,32,512,1341.04
256,8192,32,1024,1471.38
256,8192,32,2048,1734.56
256,8192,32,4096,2258.16
256,8192,32,8192,3305.4
256,8192,32,16384,5399.43
256,8192,64,16,1215.78
256,8192,64,32,1233.84
256,8192,64,64,1251.25
256,8192,64,128,1285.98
256,8192,64,256,1349.75
256,8192,64,512,1480.39
256,8192,64,1024,1739.8
256,8192,64,2048,2256.1
256,8192,64,4096,3292.86
256,8192,64,8192,5365.86
256,8192,64,16384,9508.4
256,8192,128,16,1240.19
256,8192,128,32,1271.56
256,8192,128,64,1302.81
256,8192,128,128,1372.47
256,8192,128,256,1495.37
256,8192,128,512,1755.34
256,8192,128,1024,2264.99
256,8192,128,2048,3287.17
256,8192,128,4096,5335.51
256,8192,128,8192,9432.11
256,16384,0,0,2233.57
256,16384,1,16,2244.36
256,16384,1,32,2242.79
256,16384,1,64,2248.37
256,16384,1,128,2254.31
256,16384,1,256,2253.94
256,16384,1,512,2257.78
256,16384,1,1024,2266.35
256,16384,1,2048,2272.84
256,16384,1,4096,2289.56
256,16384,1,8192,2319.83
256,16384,1,16384,2384.7
256,16384,2,16,2240.59
256,16384,2,32,2245.21
256,16384,2,64,2250.39
256,16384,2,128,2255.8
256,16384,2,256,2260.51
256,16384,2,512,2262.27
256,16384,2,1024,2271.6
256,16384,2,2048,2291.18
256,16384,2,4096,2324.25
256,16384,2,8192,2389.99
256,16384,2,16384,2524.24
256,16384,4,16,2242.74
256,16384,4,32,2242.56
256,16384,4,64,2247.89
256,16384,4,128,2256.56
256,16384,4,256,2261.92
256,16384,4,512,2271.66
256,16384,4,1024,2286.85
256,16384,4,2048,2322.12
256,16384,4,4096,2388.97
256,16384,4,8192,2521.12
256,16384,4,16384,2785.7
256,16384,8,16,2242.01
256,16384,8,32,2245.82
256,16384,8,64,2247.38
256,16384,8,128,2262.49
256,16384,8,256,2272.27
256,16384,8,512,2288.2
256,16384,8,1024,2321.99
256,16384,8,2048,2389.26
256,16384,8,4096,2521.59
256,16384,8,8192,2787.53
256,16384,8,16384,3316.83
256,16384,16,16,2243.74
256,16384,16,32,2252.18
256,16384,16,64,2255.95
256,16384,16,128,2396
256,16384,16,256,2284.21
256,16384,16,512,2320.71
256,16384,16,1024,2384.64
256,16384,16,2048,2515.09
256,16384,16,4096,2783.39
256,16384,16,8192,3317.26
256,16384,16,16384,4382.36
256,16384,32,16,2251.62
256,16384,32,32,2262.45
256,16384,32,64,2273.47
256,16384,32,128,2292.11
256,16384,32,256,2324.37
256,16384,32,512,2391.46
256,16384,32,1024,2524.13
256,16384,32,2048,2783.13
256,16384,32,4096,3311.72
256,16384,32,8192,4358.19
256,16384,32,16384,6444.04
256,16384,64,16,2261.32
256,16384,64,32,2281.83
256,16384,64,64,2302.14
256,16384,64,128,2333.16
256,16384,64,256,2401.94
256,16384,64,512,2530.89
256,16384,64,1024,2790.35
256,16384,64,2048,3308.87
256,16384,64,4096,4343
256,16384,64,8192,6416.08
256,16384,64,16384,10554.5
256,16384,128,16,2289.4
256,16384,128,32,2320.16
256,16384,128,64,2354.01
256,16384,128,128,2419.6
256,16384,128,256,2545.96
256,16384,128,512,2804.22
256,16384,128,1024,3312.94
256,16384,128,2048,4337.02
256,16384,128,4096,6386.33
256,16384,128,8192,10491.3
512,0,0,0,154.005
512,0,1,16,160.918
512,0,1,32,163.424
512,0,1,64,165.867
512,0,1,128,173.835
512,0,1,256,173.397
512,0,1,512,174.453
512,0,1,1024,181.503
512,0,1,2048,188.139
512,0,1,4096,205.749
512,0,1,8192,241.045
512,0,1,16384,304.756
512,0,2,16,161.024
512,0,2,32,163.509
512,0,2,64,166.826
512,0,2,128,174.133
512,0,2,256,175.072
512,0,2,512,181.141
512,0,2,1024,190.206
512,0,2,2048,208.597
512,0,2,4096,243.797
512,0,2,8192,310.666
512,0,2,16384,444.938
512,0,4,16,161.728
512,0,4,32,164.128
512,0,4,64,167.552
512,0,4,128,175.434
512,0,4,256,181.642
512,0,4,512,191.509
512,0,4,1024,209.739
512,0,4,2048,243.967
512,0,4,4096,311.904
512,0,4,8192,445.226
512,0,4,16384,712.339
512,0,8,16,162.996
512,0,8,32,166.186
512,0,8,64,169.088
512,0,8,128,183.179
512,0,8,256,191.871
512,0,8,512,210.315
512,0,8,1024,245.621
512,0,8,2048,310.495
512,0,8,4096,442.41
512,0,8,8192,709.438
512,0,8,16384,1243.4
512,0,16,16,166.411
512,0,16,32,172.043
512,0,16,64,177.6
512,0,16,128,188.18
512,0,16,256,206.197
512,0,16,512,240.032
512,0,16,1024,307.307
512,0,16,2048,441.044
512,0,16,4096,707.636
512,0,16,8192,1241.94
512,0,16,16384,2305.94
512,0,32,16,173.696
512,0,32,32,184.191
512,0,32,64,195.413
512,0,32,128,213.439
512,0,32,256,246.912
512,0,32,512,312.064
512,0,32,1024,443.199
512,0,32,2048,705.13
512,0,32,4096,1229.8
512,0,32,8192,2278.47
512,0,32,16384,4368.54
512,0,64,16,187.445
512,0,64,32,206.101
512,0,64,64,224.916
512,0,64,128,260.287
512,0,64,256,323.615
512,0,64,512,454.474
512,0,64,1024,711.487
512,0,64,2048,1230.33
512,0,64,4096,2264.55
512,0,64,8192,4333.62
512,0,64,16384,8478.19
512,0,128,16,213.035
512,0,128,32,244.075
512,0,128,64,276.565
512,0,128,128,344.458
512,0,128,256,472.191
512,0,128,512,728.318
512,0,128,1024,1238
512,0,128,2048,2258.34
512,0,128,4096,4306.49
512,0,128,8192,8403.82
512,16,0,0,170.111
512,16,1,16,176.735
512,16,1,32,179.583
512,16,1,64,182.069
512,16,1,128,189.61
512,16,1,256,189.642
512,16,1,512,190.89
512,16,1,1024,198.208
512,16,1,2048,204.149
512,16,1,4096,221.972
512,16,1,8192,257.28
512,16,1,16384,321.407
512,16,2,16,176.82
512,16,2,32,179.914
512,16,2,64,182.389
512,16,2,128,190.293
512,16,2,256,190.731
512,16,2,512,197.482
512,16,2,1024,205.717
512,16,2,2048,225.087
512,16,2,4096,260.138
512,16,2,8192,327.317
512,16,2,16384,459.775
512,16,4,16,177.877
512,16,4,32,180.843
512,16,4,64,183.595
512,16,4,128,191.658
512,16,4,256,197.707
512,16,4,512,208.106
512,16,4,1024,226.143
512,16,4,2048,259.829
512,16,4,4096,327.444
512,16,4,8192,460.436
512,16,4,16384,728.01
512,16,8,16,178.261
512,16,8,32,182.314
512,16,8,64,185.461
512,16,8,128,199.082
512,16,8,256,208.618
512,16,8,512,226.708
512,16,8,1024,260.651
512,16,8,2048,328.416
512,16,8,4096,459.337
512,16,8,8192,726.58
512,16,8,16384,1257.82
512,16,16,16,182.122
512,16,16,32,187.904
512,16,16,64,193.685
512,16,16,128,203.37
512,16,16,256,222.144
512,16,16,512,256.287
512,16,16,1024,323.273
512,16,16,2048,456.149
512,16,16,4096,723.102
512,16,16,8192,1255.16
512,16,16,16384,2317.93
512,16,32,16,190.121
512,16,32,32,200.565
512,16,32,64,211.787
512,16,32,128,229.514
512,16,32,256,263.562
512,16,32,512,328.628
512,16,32,1024,459.893
512,16,32,2048,720.884
512,16,32,4096,1244.49
512,16,32,8192,2295.01
512,16,32,16384,4385.06
512,16,64,16,203.85
512,16,64,32,221.343
512,16,64,64,240.171
512,16,64,128,275.637
512,16,64,256,339.348
512,16,64,512,472.18
512,16,64,1024,729.631
512,16,64,2048,1247.73
512,16,64,4096,2282.97
512,16,64,8192,4353.04
512,16,64,16384,8495.35
512,16,128,16,228.607
512,16,128,32,260.736
512,16,128,64,293.802
512,16,128,128,360.779
512,16,128,256,485.844
512,16,128,512,743.156
512,16,128,1024,1254.56
512,16,128,2048,2274.79
512,16,128,4096,4326.45
512,16,128,8192,8419.11
512,32,0,0,170.591
512,32,1,16,176.831
512,32,1,32,178.571
512,32,1,64,181.93
512,32,1,128,189.066
512,32,1,256,189.781
512,32,1,512,190.09
512,32,1,1024,196.959
512,32,1,2048,204.49
512,32,1,4096,222.453
512,32,1,8192,257.354
512,32,1,16384,320.213
512,32,2,16,176.672
512,32,2,32,179.595
512,32,2,64,182.634
512,32,2,128,189.397
512,32,2,256,190.08
512,32,2,512,196.821
512,32,2,1024,205.813
512,32,2,2048,224.757
512,32,2,4096,258.847
512,32,2,8192,326.282
512,32,2,16384,461.418
512,32,4,16,177.45
512,32,4,32,180.191
512,32,4,64,183.146
512,32,4,128,191.478
512,32,4,256,197.45
512,32,4,512,208.106
512,32,4,1024,225.375
512,32,4,2048,259.851
512,32,4,4096,327.114
512,32,4,8192,461.247
512,32,4,16384,727.647
512,32,8,16,178.112
512,32,8,32,181.631
512,32,8,64,184.789
512,32,8,128,198.41
512,32,8,256,208.288
512,32,8,512,226.144
512,32,8,1024,260.308
512,32,8,2048,327.167
512,32,8,4096,459.114
512,32,8,8192,725.672
512,32,8,16384,1258.56
512,32,16,16,181.653
512,32,16,32,187.893
512,32,16,64,192.469
512,32,16,128,203.594
512,32,16,256,221.525
512,32,16,512,254.997
512,32,16,1024,323.37
512,32,16,2048,456.212
512,32,16,4096,722.484
512,32,16,8192,1256.18
512,32,16,16384,2321.28
512,32,32,16,189.428
512,32,32,32,199.626
512,32,32,64,210.517
512,32,32,128,229.696
512,32,32,256,262.303
512,32,32,512,329.332
512,32,32,1024,459.124
512,32,32,2048,721.194
512,32,32,4096,1245.14
512,32,32,8192,2291.95
512,32,32,16384,4385.36
512,32,64,16,203.231
512,32,64,32,221.13
512,32,64,64,239.679
512,32,64,128,275.797
512,32,64,256,339.445
512,32,64,512,469.523
512,32,64,1024,728.433
512,32,64,2048,1244.19
512,32,64,4096,2278.35
512,32,64,8192,4355.48
512,32,64,16384,8498.99
512,32,128,16,228.431
512,32,128,32,259.396
512,32,128,64,293.027
512,32,128,128,358.807
512,32,128,256,487.412
512,32,128,512,745.218
512,32,128,1024,1253.52
512,32,128,2048,2274.47
512,32,128,4096,4322.16
512,32,128,8192,8421.44
512,64,0,0,177.926
512,64,1,16,184.475
512,64,1,32,187.44
512,64,1,64,190.364
512,64,1,128,197.478
512,64,1,256,197.851
512,64,1,512,198.065
512,64,1,1024,205.029
512,64,1,2048,211.526
512,64,1,4096,230.15
512,64,1,8192,265.081
512,64,1,16384,328.162
512,64,2,16,185.041
512,64,2,32,187.856
512,64,2,64,190.278
512,64,2,128,197.499
512,64,2,256,198.576
512,64,2,512,205.851
512,64,2,1024,213.978
512,64,2,2048,232.079
512,64,2,4096,268.196
512,64,2,8192,334.53
512,64,2,16384,466.623
512,64,4,16,185.275
512,64,4,32,188.454
512,64,4,64,191.109
512,64,4,128,199.558
512,64,4,256,205.488
512,64,4,512,214.576
512,64,4,1024,233.135
512,64,4,2048,268.004
512,64,4,4096,334.659
512,64,4,8192,468.148
512,64,4,16384,736.344
512,64,8,16,186.437
512,64,8,32,189.179
512,64,8,64,192.486
512,64,8,128,206.608
512,64,8,256,215.589
512,64,8,512,234.182
512,64,8,1024,268.548
512,64,8,2048,334.84
512,64,8,4096,466.996
512,64,8,8192,732.674
512,64,8,16384,1262.93
512,64,16,16,189.819
512,64,16,32,195.227
512,64,16,64,200.902
512,64,16,128,212.123
512,64,16,256,229.231
512,64,16,512,264.729
512,64,16,1024,330.882
512,64,16,2048,464.35
512,64,16,4096,731.46
512,64,16,8192,1263.26
512,64,16,16384,2326.6
512,64,32,16,198.299
512,64,32,32,208.485
512,64,32,64,219.269
512,64,32,128,237.807
512,64,32,256,269.882
512,64,32,512,336.877
512,64,32,1024,467.05
512,64,32,2048,731.129
512,64,32,4096,1253.77
512,64,32,8192,2299.99
512,64,32,16384,4392.92
512,64,64,16,211.664
512,64,64,32,230.501
512,64,64,64,249.093
512,64,64,128,282.755
512,64,64,256,347.373
512,64,64,512,478.186
512,64,64,1024,737.454
512,64,64,2048,1253.19
512,64,64,4096,2288.77
512,64,64,8192,4359
512,64,64,16384,8507.71
512,64,128,16,236.997
512,64,128,32,268.334
512,64,128,64,300.793
512,64,128,128,367.746
512,64,128,256,495.945
512,64,128,512,753.122
512,64,128,1024,1262.35
512,64,128,2048,2284.72
512,64,128,4096,4332
512,64,128,8192,8431.4
512,128,0,0,195.046
512,128,1,16,201.968
512,128,1,32,204.486
512,128,1,64,206.662
512,128,1,128,214.309
512,128,1,256,214.405
512,128,1,512,215.141
512,128,1,1024,221.969
512,128,1,2048,228.965
512,128,1,4096,246.352
512,128,1,8192,281.774
512,128,1,16384,345.442
512,128,2,16,202.311
512,128,2,32,204.518
512,128,2,64,207.643
512,128,2,128,214.448
512,128,2,256,215.451
512,128,2,512,222.193
512,128,2,1024,230.843
512,128,2,2048,249.36
512,128,2,4096,283.566
512,128,2,8192,351.469
512,128,2,16384,485.29
512,128,4,16,202.267
512,128,4,32,205.179
512,128,4,64,208.614
512,128,4,128,215.76
512,128,4,256,222.17
512,128,4,512,231.909
512,128,4,1024,249.722
512,128,4,2048,284.121
512,128,4,4096,351.82
512,128,4,8192,485.823
512,128,4,16384,751.129
512,128,8,16,202.992
512,128,8,32,206.033
512,128,8,64,210.064
512,128,8,128,224.09
512,128,8,256,232.847
512,128,8,512,251.151
512,128,8,1024,284.804
512,128,8,2048,352.588
512,128,8,4096,484.607
512,128,8,8192,749.625
512,128,8,16384,1280.25
512,128,16,16,207.12
512,128,16,32,212.709
512,128,16,64,218.619
512,128,16,128,228.303
512,128,16,256,247.663
512,128,16,512,280.601
512,128,16,1024,347.543
512,128,16,2048,480.778
512,128,16,4096,747.108
512,128,16,8192,1278.8
512,128,16,16384,2344.05
512,128,32,16,214.299
512,128,32,32,225.115
512,128,32,64,234.927
512,128,32,128,254.373
512,128,32,256,287.001
512,128,32,512,352.834
512,128,32,1024,483.785
512,128,32,2048,747.001
512,128,32,4096,1269.74
512,128,32,8192,2320.63
512,128,32,16384,4408.51
512,128,64,16,227.621
512,128,64,32,246.714
512,128,64,64,265.146
512,128,64,128,299.342
512,128,64,256,363.106
512,128,64,512,495.018
512,128,64,1024,753.721
512,128,64,2048,1270.09
512,128,64,4096,2307.59
512,128,64,8192,4381.08
512,128,64,16384,8520.84
512,128,128,16,253.466
512,128,128,32,285.444
512,128,128,64,317.539
512,128,128,128,385.399
512,128,128,256,512.841
512,128,128,512,769.753
512,128,128,1024,1278.38
512,128,128,2048,2303.48
512,128,128,4096,4351.34
512,128,128,8192,8447.73
512,256,0,0,228.166
512,256,1,16,234.96
512,256,1,32,237.637
512,256,1,64,240.623
512,256,1,128,247.322
512,256,1,256,248.4
512,256,1,512,249.392
512,256,1,1024,255.748
512,256,1,2048,262.288
512,256,1,4096,280.399
512,256,1,8192,315.053
512,256,1,16384,379.959
512,256,2,16,235.493
512,256,2,32,238.128
512,256,2,64,240.603
512,256,2,128,247.984
512,256,2,256,248.772
512,256,2,512,254.863
512,256,2,1024,264.069
512,256,2,2048,283.151
512,256,2,4096,318.232
512,256,2,8192,384.503
512,256,2,16384,517.897
512,256,4,16,236.133
512,256,4,32,238.608
512,256,4,64,241.488
512,256,4,128,250.33
512,256,4,256,255.994
512,256,4,512,265.487
512,256,4,1024,283.93
512,256,4,2048,318.67
512,256,4,4096,385.378
512,256,4,8192,517.439
512,256,4,16384,785.358
512,256,8,16,236.325
512,256,8,32,239.675
512,256,8,64,243.632
512,256,8,128,257.061
512,256,8,256,266.779
512,256,8,512,285.199
512,256,8,1024,318.948
512,256,8,2048,385.09
512,256,8,4096,517.524
512,256,8,8192,782.841
512,256,8,16384,1315.83
512,256,16,16,240.432
512,256,16,32,246.053
512,256,16,64,251.92
512,256,16,128,261.978
512,256,16,256,280.73
512,256,16,512,314.447
512,256,16,1024,381.901
512,256,16,2048,513.823
512,256,16,4096,782.084
512,256,16,8192,1315.08
512,256,16,16384,2375.44
512,256,32,16,247.6
512,256,32,32,258.245
512,256,32,64,269.53
512,256,32,128,288.462
512,256,32,256,321.348
512,256,32,512,386.135
512,256,32,1024,517.888
512,256,32,2048,779.449
512,256,32,4096,1301.91
512,256,32,8192,2350.32
512,256,32,16384,4443.53
512,256,64,16,261.583
512,256,64,32,279.887
512,256,64,64,297.465
512,256,64,128,332.803
512,256,64,256,396.93
512,256,64,512,527.647
512,256,64,1024,787.257
512,256,64,2048,1302.25
512,256,64,4096,2337.15
512,256,64,8192,4409.93
512,256,64,16384,8551.82
512,256,128,16,287.204
512,256,128,32,319.001
512,256,128,64,351.203
512,256,128,128,417.495
512,256,128,256,544.586
512,256,128,512,806.265
512,256,128,1024,1312.3
512,256,128,2048,2336.45
512,256,128,4096,4378.52
512,256,128,8192,8476.31
512,512,0,0,293.412
512,512,1,16,300.292
512,512,1,32,302.756
512,512,1,64,306.041
512,512,1,128,312.569
512,512,1,256,313.049
512,512,1,512,314.19
512,512,1,1024,320.878
512,512,1,2048,327.663
512,512,1,4096,345.721
512,512,1,8192,380.824
512,512,1,16384,445.046
512,512,2,16,300.943
512,512,2,32,303.428
512,512,2,64,306.073
512,512,2,128,313.124
512,512,2,256,314.468
512,512,2,512,320.58
512,512,2,1024,329.859
512,512,2,2048,347.619
512,512,2,4096,382.488
512,512,2,8192,450.721
512,512,2,16384,585.043
512,512,4,16,300.452
512,512,4,32,304.1
512,512,4,64,307.108
512,512,4,128,315.108
512,512,4,256,321.273
512,512,4,512,330.937
512,512,4,1024,349.219
512,512,4,2048,383.522
512,512,4,4096,451.287
512,512,4,8192,584.339
512,512,4,16384,849.582
512,512,8,16,301.402
512,512,8,32,304.441
512,512,8,64,308.537
512,512,8,128,322.148
512,512,8,256,331.086
512,512,8,512,350.168
512,512,8,1024,383.48
512,512,8,2048,450.497
512,512,8,4096,582.879
512,512,8,8192,847.438
512,512,8,16384,1381.8
512,512,16,16,305.465
512,512,16,32,310.841
512,512,16,64,317.156
512,512,16,128,326.308
512,512,16,256,344.515
512,512,16,512,378.915
512,512,16,1024,446.498
512,512,16,2048,580.777
512,512,16,4096,845.572
512,512,16,8192,1381.32
512,512,16,16384,2447.77
512,512,32,16,312.836
512,512,32,32,323.62
512,512,32,64,334.159
512,512,32,128,351.278
512,512,32,256,385.624
512,512,32,512,450.774
512,512,32,1024,583.571
512,512,32,2048,845.016
512,512,32,4096,1368.02
512,512,32,8192,2413.96
512,512,32,16384,4509.55
512,512,64,16,326.713
512,512,64,32,344.825
512,512,64,64,363.235
512,512,64,128,398.371
512,512,64,256,462.028
512,512,64,512,593.342
512,512,64,1024,851.812
512,512,64,2048,1368.85
512,512,64,4096,2401.88
512,512,64,8192,4477.21
512,512,64,16384,8618.58
512,512,128,16,351.598
512,512,128,32,384.078
512,512,128,64,415.885
512,512,128,128,483.243
512,512,128,256,609.204
512,512,128,512,866.905
512,512,128,1024,1376.43
512,512,128,2048,2398.1
512,512,128,4096,4444.74
512,512,128,8192,8546.38
512,1024,0,0,423.905
512,1024,1,16,430.572
512,1024,1,32,432.311
512,1024,1,64,436.269
512,1024,1,128,443.554
512,1024,1,256,442.945
512,1024,1,512,444.034
512,1024,1,1024,450.732
512,1024,1,2048,457.857
512,1024,1,4096,475.841
512,1024,1,8192,510.197
512,1024,1,16384,573.759
512,1024,2,16,431.074
512,1024,2,32,433.239
512,1024,2,64,436.268
512,1024,2,128,443.863
512,1024,2,256,445.047
512,1024,2,512,450.583
512,1024,2,1024,460.865
512,1024,2,2048,479.052
512,1024,2,4096,511.947
512,1024,2,8192,579.796
512,1024,2,16384,712.871
512,1024,4,16,430.52
512,1024,4,32,434.242
512,1024,4,64,437.698
512,1024,4,128,445.527
512,1024,4,256,451.479
512,1024,4,512,461.27
512,1024,4,1024,478.902
512,1024,4,2048,514.593
512,1024,4,4096,581.204
512,1024,4,8192,713.874
512,1024,4,16384,979.169
512,1024,8,16,432.044
512,1024,8,32,434.733
512,1024,8,64,438.316
512,1024,8,128,452.449
512,1024,8,256,461.238
512,1024,8,512,478.657
512,1024,8,1024,514.539
512,1024,8,2048,580.671
512,1024,8,4096,712.998
512,1024,8,8192,975.554
512,1024,8,16384,1511.5
512,1024,16,16,435.959
512,1024,16,32,441.377
512,1024,16,64,446.999
512,1024,16,128,457.708
512,1024,16,256,474.977
512,1024,16,512,508.683
512,1024,16,1024,577.749
512,1024,16,2048,710.471
512,1024,16,4096,976.044
512,1024,16,8192,1507.54
512,1024,16,16384,2572.74
512,1024,32,16,443.096
512,1024,32,32,453.847
512,1024,32,64,465.292
512,1024,32,128,481.868
512,1024,32,256,515.424
512,1024,32,512,581.578
512,1024,32,1024,713.543
512,1024,32,2048,975.084
512,1024,32,4096,1498.49
512,1024,32,8192,2545.28
512,1024,32,16384,4640.68
512,1024,64,16,455.671
512,1024,64,32,475.746
512,1024,64,64,494.443
512,1024,64,128,527.627
512,1024,64,256,592.97
512,1024,64,512,722.898
512,1024,64,1024,982.05
512,1024,64,2048,1498.78
512,1024,64,4096,2534.29
512,1024,64,8192,4607.17
512,1024,64,16384,8749.59
512,1024,128,16,483.5
512,1024,128,32,514.336
512,1024,128,64,546.4
512,1024,128,128,614.089
512,1024,128,256,741.073
512,1024,128,512,997.122
512,1024,128,1024,1508.71
512,1024,128,2048,2527.69
512,1024,128,4096,4577.8
512,1024,128,8192,8672.99
512,2048,0,0,683.742
512,2048,1,16,692.307
512,2048,1,32,694.162
512,2048,1,64,698.12
512,2048,1,128,703.164
512,2048,1,256,703.55
512,2048,1,512,704.765
512,2048,1,1024,711.793
512,2048,1,2048,717.756
512,2048,1,4096,736.391
512,2048,1,8192,769.5
512,2048,1,16384,834.096
512,2048,2,16,691.421
512,2048,2,32,694.077
512,2048,2,64,697.245
512,2048,2,128,705.373
512,2048,2,256,704.476
512,2048,2,512,713.404
512,2048,2,1024,721.341
512,2048,2,2048,738.002
512,2048,2,4096,773.606
512,2048,2,8192,842.597
512,2048,2,16384,975.8
512,2048,4,16,690.823
512,2048,4,32,693.213
512,2048,4,64,697.501
512,2048,4,128,704.818
512,2048,4,256,711.922
512,2048,4,512,721.448
512,2048,4,1024,738.001
512,2048,4,2048,774.225
512,2048,4,4096,840.495
512,2048,4,8192,974.734
512,2048,4,16384,1242.96
512,2048,8,16,690.152
512,2048,8,32,694.717
512,2048,8,64,699.037
512,2048,8,128,711.453
512,2048,8,256,722.023
512,2048,8,512,740.242
512,2048,8,1024,772.774
512,2048,8,2048,838.288
512,2048,8,4096,971.512
512,2048,8,8192,1238.55
512,2048,8,16384,1772.18
512,2048,16,16,695.496
512,2048,16,32,700.883
512,2048,16,64,706.291
512,2048,16,128,717.534
512,2048,16,256,735.037
512,2048,16,512,768.753
512,2048,16,1024,836.144
512,2048,16,2048,970.563
512,2048,16,4096,1234.91
512,2048,16,8192,1768.49
512,2048,16,16384,2833.58
512,2048,32,16,703.773
512,2048,32,32,713.928
512,2048,32,64,723.826
512,2048,32,128,741.895
512,2048,32,256,773.927
512,2048,32,512,842.17
512,2048,32,1024,974.926
512,2048,32,2048,1234.55
512,2048,32,4096,1760.22
512,2048,32,8192,2803.66
512,2048,32,16384,4897.54
512,2048,64,16,716.765
512,2048,64,32,734.579
512,2048,64,64,753.447
512,2048,64,128,788.55
512,2048,64,256,852.09
512,2048,64,512,982.659
512,2048,64,1024,1241.59
512,2048,64,2048,1759.38
512,2048,64,4096,2795.02
512,2048,64,8192,4865.52
512,2048,64,16384,9007.57
512,2048,128,16,742.503
512,2048,128,32,773.916
512,2048,128,64,805.617
512,2048,128,128,874.021
512,2048,128,256,1000.17
512,2048,128,512,1258.26
512,2048,128,1024,1767.11
512,2048,128,2048,2790.46
512,2048,128,4096,4840.26
512,2048,128,8192,8937.08
512,4096,0,0,1124.82
512,4096,1,16,1133.5
512,4096,1,32,1132.7
512,4096,1,64,1135.83
512,4096,1,128,1279.55
512,4096,1,256,1225.93
512,4096,1,512,1227.73
512,4096,1,1024,1232.51
512,4096,1,2048,1240.44
512,4096,1,4096,1258.3
512,4096,1,8192,1292.85
512,4096,1,16384,1355.94
512,4096,2,16,1211.87
512,4096,2,32,1216.03
512,4096,2,64,1220.87
512,4096,2,128,1226.13
512,4096,2,256,1226.69
512,4096,2,512,1232.67
512,4096,2,1024,1241.59
512,4096,2,2048,1259.17
512,4096,2,4096,1295.69
512,4096,2,8192,1365.1
512,4096,2,16384,1497.11
512,4096,4,16,1213.12
512,4096,4,32,1213.13
512,4096,4,64,1217.92
512,4096,4,128,1228.3
512,4096,4,256,1233.36
512,4096,4,512,1242.46
512,4096,4,1024,1259.67
512,4096,4,2048,1295.75
512,4096,4,4096,1361.5
512,4096,4,8192,1495.16
512,4096,4,16384,1760.69
512,4096,8,16,1215.59
512,4096,8,32,1217.51
512,4096,8,64,1218.7
512,4096,8,128,1234.11
512,4096,8,256,1243.46
512,4096,8,512,1261.56
512,4096,8,1024,1295.34
512,4096,8,2048,1360.47
512,4096,8,4096,1495.74
512,4096,8,8192,1758.46
512,4096,8,16384,2291.83
512,4096,16,16,1215.56
512,4096,16,32,1224.34
512,4096,16,64,1226.92
512,4096,16,128,1239.28
512,4096,16,256,1257.17
512,4096,16,512,1290.73
512,4096,16,1024,1357.47
512,4096,16,2048,1492.55
512,4096,16,4096,1760.13
512,4096,16,8192,2293.63
512,4096,16,16384,3354.5
512,4096,32,16,1223.97
512,4096,32,32,1235.11
512,4096,32,64,1246.78
512,4096,32,128,1264.16
512,4096,32,256,1296.74
512,4096,32,512,1361.13
512,4096,32,1024,1493.91
512,4096,32,2048,1755.95
512,4096,32,4096,2280.57
512,4096,32,8192,3327.49
512,4096,32,16384,5420.61
512,4096,64,16,1237.5
512,4096,64,32,1257.27
512,4096,64,64,1275.05
512,4096,64,128,1307.69
512,4096,64,256,1375.24
512,4096,64,512,1505.15
512,4096,64,1024,1763.63
512,4096,64,2048,2281.25
512,4096,64,4096,3313.19
512,4096,64,8192,5387.76
512,4096,64,16384,9531.09
512,4096,128,16,1264.87
512,4096,128,32,1296.79
512,4096,128,64,1328.4
512,4096,128,128,1393.44
512,4096,128,256,1521.34
512,4096,128,512,1777.85
512,4096,128,1024,2287.18
512,4096,128,2048,3309.29
512,4096,128,4096,5360.31
512,4096,128,8192,9454.15
512,8192,0,0,2255.01
512,8192,1,16,2261.54
512,8192,1,32,2261.78
512,8192,1,64,2269.19
512,8192,1,128,2273.47
512,8192,1,256,2275.06
512,8192,1,512,2274.97
512,8192,1,1024,2283.35
512,8192,1,2048,2289.51
512,8192,1,4096,2306.6
512,8192,1,8192,2340.48
512,8192,1,16384,2406.63
512,8192,2,16,2258.46
512,8192,2,32,2264.14
512,8192,2,64,2267.57
512,8192,2,128,2274.33
512,8192,2,256,2274.13
512,8192,2,512,2282.22
512,8192,2,1024,2289.56
512,8192,2,2048,2308.98
512,8192,2,4096,2341.53
512,8192,2,8192,2410.47
512,8192,2,16384,2544.96
512,8192,4,16,2261.86
512,8192,4,32,2260.98
512,8192,4,64,2267.01
512,8192,4,128,2277.77
512,8192,4,256,2279.63
512,8192,4,512,2288.08
512,8192,4,1024,2309.45
512,8192,4,2048,2341.7
512,8192,4,4096,2408.6
512,8192,4,8192,2543.44
512,8192,4,16384,2809.12
512,8192,8,16,2262.33
512,8192,8,32,2264.3
512,8192,8,64,2268.43
512,8192,8,128,2283.69
512,8192,8,256,2290.55
512,8192,8,512,2311.99
512,8192,8,1024,2343.49
512,8192,8,2048,2409.49
512,8192,8,4096,2544.13
512,8192,8,8192,2809.06
512,8192,8,16384,3342.71
512,8192,16,16,2264.31
512,8192,16,32,2270.8
512,8192,16,64,2274.44
512,8192,16,128,2287.77
512,8192,16,256,2303.79
512,8192,16,512,2337.78
512,8192,16,1024,2406.57
512,8192,16,2048,2538.92
512,8192,16,4096,2806.35
512,8192,16,8192,3336.51
512,8192,16,16384,4402.99
512,8192,32,16,2272.74
512,8192,32,32,2285.06
512,8192,32,64,2294.11
512,8192,32,128,2308.15
512,8192,32,256,2347.2
512,8192,32,512,2411.34
512,8192,32,1024,2542.55
512,8192,32,2048,2804.26
512,8192,32,4096,3327.55
512,8192,32,8192,4373.63
512,8192,32,16384,6465.81
512,8192,64,16,2285.92
512,8192,64,32,2302.85
512,8192,64,64,2321.31
512,8192,64,128,2354.32
512,8192,64,256,2424.47
512,8192,64,512,2555.14
512,8192,64,1024,2811.28
512,8192,64,2048,3328.57
512,8192,64,4096,4363.47
512,8192,64,8192,6434.22
512,8192,64,16384,10576.5
512,8192,128,16,2311.57
512,8192,128,32,2345.39
512,8192,128,64,2374.07
512,8192,128,128,2440.55
512,8192,128,256,2567.23
512,8192,128,512,2826.17
512,8192,128,1024,3337.78
512,8192,128,2048,4362.87
512,8192,128,4096,6407.33
512,8192,128,8192,10510.6
512,16384,0,0,4351.27
512,16384,1,16,4363.96
512,16384,1,32,4361.92
512,16384,1,64,4375.43
512,16384,1,128,4374.01
512,16384,1,256,4377.43
512,16384,1,512,4379.67
512,16384,1,1024,4387.21
512,16384,1,2048,4394.45
512,16384,1,4096,4410.1
512,16384,1,8192,4447.32
512,16384,1,16384,4505.84
512,16384,2,16,4356.17
512,16384,2,32,4363.27
512,16384,2,64,4364.94
512,16384,2,128,4375.7
512,16384,2,256,4376.8
512,16384,2,512,4385.35
512,16384,2,1024,4390.87
512,16384,2,2048,4409.83
512,16384,2,4096,4442.98
512,16384,2,8192,4514.23
512,16384,2,16384,4643.59
512,16384,4,16,4358.7
512,16384,4,32,4362.3
512,16384,4,64,4362.24
512,16384,4,128,4370.6
512,16384,4,256,4377.21
512,16384,4,512,4384.6
512,16384,4,1024,4397.38
512,16384,4,2048,4437.12
512,16384,4,4096,4509.32
512,16384,4,8192,4633.4
512,16384,4,16384,4909.74
512,16384,8,16,4359.89
512,16384,8,32,4361.26
512,16384,8,64,4361.29
512,16384,8,128,4379.56
512,16384,8,256,4387.89
512,16384,8,512,4408.89
512,16384,8,1024,4438.54
512,16384,8,2048,4506.5
512,16384,8,4096,4639.62
512,16384,8,8192,4902.13
512,16384,8,16384,5438.92
512,16384,16,16,4361.79
512,16384,16,32,4365.16
512,16384,16,64,4368.3
512,16384,16,128,4381.36
512,16384,16,256,4399.92
512,16384,16,512,4434.02
512,16384,16,1024,4505.71
512,16384,16,2048,4636.34
512,16384,16,4096,4903.46
512,16384,16,8192,5435.95
512,16384,16,16384,6498.4
512,16384,32,16,4367.93
512,16384,32,32,4382.23
512,16384,32,64,4395.52
512,16384,32,128,4409.57
512,16384,32,256,4438.43
512,16384,32,512,4508.97
512,16384,32,1024,4640.28
512,16384,32,2048,4895.29
512,16384,32,4096,5424.82
512,16384,32,8192,6471.74
512,16384,32,16384,8565.93
512,16384,64,16,4386.18
512,16384,64,32,4402.03
512,16384,64,64,4418.29
512,16384,64,128,4457.55
512,16384,64,256,4516.84
512,16384,64,512,4650.14
512,16384,64,1024,4908.12
512,16384,64,2048,5422.4
512,16384,64,4096,6455.92
512,16384,64,8192,8531.12
512,16384,64,16384,12679.6
512,16384,128,16,4411.69
512,16384,128,32,4442.65
512,16384,128,64,4478.6
512,16384,128,128,4545.02
512,16384,128,256,4664.98
512,16384,128,512,4924.87
512,16384,128,1024,5439.6
512,16384,128,2048,6458.3
512,16384,128,4096,8510.01
512,16384,128,8192,12607.4
1024,0,0,0,418.094
1024,0,1,16,424.793
1024,0,1,32,427.886
1024,0,1,64,431.502
1024,0,1,128,436.783
1024,0,1,256,438.041
1024,0,1,512,438.03
1024,0,1,1024,445.326
1024,0,1,2048,452.099
1024,0,1,4096,470.691
1024,0,1,8192,505.335
1024,0,1,16384,574.977
1024,0,2,16,425.326
1024,0,2,32,428.399
1024,0,2,64,430.276
1024,0,2,128,438.649
1024,0,2,256,439.076
1024,0,2,512,446.307
1024,0,2,1024,455.022
1024,0,2,2048,473.7
1024,0,2,4096,508.654
1024,0,2,8192,576.268
1024,0,2,16384,714.506
1024,0,4,16,425.551
1024,0,4,32,429.124
1024,0,4,64,431.599
1024,0,4,128,439.758
1024,0,4,256,445.081
1024,0,4,512,454.553
1024,0,4,1024,473.529
1024,0,4,2048,509.304
1024,0,4,4096,577.943
1024,0,4,8192,713.525
1024,0,4,16384,983.995
1024,0,8,16,426.649
1024,0,8,32,429.999
1024,0,8,64,433.412
1024,0,8,128,447.108
1024,0,8,256,455.673
1024,0,8,512,474.243
1024,0,8,1024,508.494
1024,0,8,2048,574.317
1024,0,8,4096,712.011
1024,0,8,8192,982.15
1024,0,8,16384,1522.97
1024,0,16,16,430.276
1024,0,16,32,437.604
1024,0,16,64,441.987
1024,0,16,128,452.899
1024,0,16,256,470.009
1024,0,16,512,507.15
1024,0,16,1024,574.146
1024,0,16,2048,709.952
1024,0,16,4096,981.158
1024,0,16,8192,1524.72
1024,0,16,16384,2609.63
1024,0,32,16,438.329
1024,0,32,32,449.059
1024,0,32,64,459.993
1024,0,32,128,478.329
1024,0,32,256,511.117
1024,0,32,512,577.324
1024,0,32,1024,708.203
1024,0,32,2048,970.428
1024,0,32,4096,1495.14
1024,0,32,8192,2539.35
1024,0,32,16384,4630.94
1024,0,64,16,450.286
1024,0,64,32,468.825
1024,0,64,64,487.96
1024,0,64,128,520.834
1024,0,64,256,586.221
1024,0,64,512,715.541
1024,0,64,1024,976.369
1024,0,64,2048,1492.07
1024,0,64,4096,2526.17
1024,0,64,8192,4597.72
1024,0,64,16384,8329.9
1024,0,128,16,448.206
1024,0,128,32,507.396
1024,0,128,64,539.629
1024,0,128,128,606.22
1024,0,128,256,732.319
1024,0,128,512,989.127
1024,0,128,1024,1498.8
1024,0,128,2048,2518.59
1024,0,128,4096,4392.07
1024,0,128,8192,8751.78
1024,16,0,0,433.658
1024,16,1,16,441.252
1024,16,1,32,443.481
1024,16,1,64,445.988
1024,16,1,128,466.639
1024,16,1,256,462.223
1024,16,1,512,463.897
1024,16,1,1024,471.076
1024,16,1,2048,477.219
1024,16,1,4096,497.881
1024,16,1,8192,531.449
1024,16,1,16384,597.324
1024,16,2,16,449.37
1024,16,2,32,454.009
1024,16,2,64,455.683
1024,16,2,128,463.129
1024,16,2,256,463.31
1024,16,2,512,471.684
1024,16,2,1024,480.238
1024,16,2,2048,498.499
1024,16,2,4096,534.808
1024,16,2,8192,601.901
1024,16,2,16384,737.429
1024,16,4,16,451.246
1024,16,4,32,453.967
1024,16,4,64,456.356
1024,16,4,128,464.004
1024,16,4,256,470.596
1024,16,4,512,480.654
1024,16,4,1024,500.387
1024,16,4,2048,533.635
1024,16,4,4096,602.806
1024,16,4,8192,737.942
1024,16,4,16384,1008.4
1024,16,8,16,452.12
1024,16,8,32,455.14
1024,16,8,64,458.756
1024,16,8,128,473.828
1024,16,8,256,482.702
1024,16,8,512,499.63
1024,16,8,1024,534.04
1024,16,8,2048,600.578
1024,16,8,4096,735.071
1024,16,8,8192,1007.36
1024,16,8,16384,1550.81
1024,16,16,16,455.652
1024,16,16,32,461.657
1024,16,16,64,467.097
1024,16,16,128,477.359
1024,16,16,256,494.915
1024,16,16,512,531.267
1024,16,16,1024,599.756
1024,16,16,2048,734.154
1024,16,16,4096,1006.06
1024,16,16,8192,1546.74
1024,16,16,16384,2635.96
1024,16,32,16,464.654
1024,16,32,32,474.222
1024,16,32,64,484.441
1024,16,32,128,503.256
1024,16,32,256,536.931
1024,16,32,512,602.05
1024,16,32,1024,733.622
1024,16,32,2048,996.818
1024,16,32,4096,1518.38
1024,16,32,8192,2566.66
1024,16,32,16384,4657.65
1024,16,64,16,476.164
1024,16,64,32,494.67
1024,16,64,64,513.848
1024,16,64,128,548.173
1024,16,64,256,611.298
1024,16,64,512,741.908
1024,16,64,1024,1000.08
1024,16,64,2048,1517.48
1024,16,64,4096,2552.59
1024,16,64,8192,4619.21
1024,16,64,16384,8757.43
1024,16,128,16,466.628
1024,16,128,32,496.281
1024,16,128,64,565.624
1024,16,128,128,632.108
1024,16,128,256,757.963
1024,16,128,512,1014.16
1024,16,128,1024,1522.94
1024,16,128,2048,2546.29
1024,16,128,4096,4427.26
1024,16,128,8192,8693.78
1024,32,0,0,432.378
1024,32,1,16,439.556
1024,32,1,32,441.508
1024,32,1,64,453.796
1024,32,1,128,462.19
1024,32,1,256,461.412
1024,32,1,512,462.34
1024,32,1,1024,470.341
1024,32,1,2048,476.654
1024,32,1,4096,494.468
1024,32,1,8192,530.073
1024,32,1,16384,594.946
1024,32,2,16,448.857
1024,32,2,32,451.695
1024,32,2,64,454.298
1024,32,2,128,461.497
1024,32,2,256,464.133
1024,32,2,512,469.316
1024,32,2,1024,478.308
1024,32,2,2048,497.135
1024,32,2,4096,532.718
1024,32,2,8192,601.101
1024,32,2,16384,735.873
1024,32,4,16,449.498
1024,32,4,32,452.453
1024,32,4,64,454.948
1024,32,4,128,463.226
1024,32,4,256,469.86
1024,32,4,512,480.462
1024,32,4,1024,497.902
1024,32,4,2048,533.965
1024,32,4,4096,601.197
1024,32,4,8192,737.494
1024,32,4,16384,1007.64
1024,32,8,16,450.009
1024,32,8,32,453.818
1024,32,8,64,456.708
1024,32,8,128,470.777
1024,32,8,256,480.676
1024,32,8,512,498.329
1024,32,8,1024,532.878
1024,32,8,2048,598.093
1024,32,8,4096,733.781
1024,32,8,8192,1006.4
1024,32,8,16384,1548.76
1024,32,16,16,453.231
1024,32,16,32,462.404
1024,32,16,64,465.753
1024,32,16,128,475.129
1024,32,16,256,494.254
1024,32,16,512,528.75
1024,32,16,1024,597.773
1024,32,16,2048,735.211
1024,32,16,4096,1005.63
1024,32,16,8192,1547.79
1024,32,16,16384,2631.6
1024,32,32,16,462.65
1024,32,32,32,473.402
1024,32,32,64,483.822
1024,32,32,128,500.473
1024,32,32,256,535.118
1024,32,32,512,601.73
1024,32,32,1024,731.904
1024,32,32,2048,994.269
1024,32,32,4096,1518.23
1024,32,32,8192,2564.17
1024,32,32,16384,4651.48
1024,32,64,16,476.153
1024,32,64,32,493.774
1024,32,64,64,512.516
1024,32,64,128,545.966
1024,32,64,256,609.25
1024,32,64,512,740.022
1024,32,64,1024,998.941
1024,32,64,2048,1518.84
1024,32,64,4096,2552.96
1024,32,64,8192,4625.45
1024,32,64,16384,8765.7
1024,32,128,16,499.097
1024,32,128,32,531.779
1024,32,128,64,564.099
1024,32,128,128,629.581
1024,32,128,256,755.606
1024,32,128,512,1012.49
1024,32,128,1024,1522.81
1024,32,128,2048,2545.56
1024,32,128,4096,4592.01
1024,32,128,8192,8687.73
1024,64,0,0,438.692
1024,64,1,16,445.978
1024,64,1,32,447.396
1024,64,1,64,450.373
1024,64,1,128,480.196
1024,64,1,256,476.719
1024,64,1,512,477.668
1024,64,1,1024,485.604
1024,64,1,2048,491.535
1024,64,1,4096,509.582
1024,64,1,8192,546.616
1024,64,1,16384,610.819
1024,64,2,16,464.132
1024,64,2,32,466.138
1024,64,2,64,469.103
1024,64,2,128,476.409
1024,64,2,256,477.784
1024,64,2,512,483.748
1024,64,2,1024,493.081
1024,64,2,2048,511.748
1024,64,2,4096,546.969
1024,64,2,8192,616.898
1024,64,2,16384,751.381
1024,64,4,16,464.303
1024,64,4,32,466.298
1024,64,4,64,470.916
1024,64,4,128,478.522
1024,64,4,256,483.695
1024,64,4,512,494.393
1024,64,4,1024,513.689
1024,64,4,2048,548.579
1024,64,4,4096,616.002
1024,64,4,8192,751.082
1024,64,4,16384,1025.24
1024,64,8,16,465.573
1024,64,8,32,468.922
1024,64,8,64,471.695
1024,64,8,128,486.404
1024,64,8,256,494.991
1024,64,8,512,514.287
1024,64,8,1024,548.014
1024,64,8,2048,614.008
1024,64,8,4096,750.592
1024,64,8,8192,1019.52
1024,64,8,16384,1563.64
1024,64,16,16,468.943
1024,64,16,32,474.991
1024,64,16,64,481.103
1024,64,16,128,491.332
1024,64,16,256,509.487
1024,64,16,512,543.631
1024,64,16,1024,613.272
1024,64,16,2048,748.737
1024,64,16,4096,1019.91
1024,64,16,8192,1562.76
1024,64,16,16384,2648.19
1024,64,32,16,478.116
1024,64,32,32,488.068
1024,64,32,64,498.927
1024,64,32,128,515.79
1024,64,32,256,549.048
1024,64,32,512,616.035
1024,64,32,1024,746.593
1024,64,32,2048,1007.29
1024,64,32,4096,1530.68
1024,64,32,8192,2578.8
1024,64,32,16384,4670.36
1024,64,64,16,489.274
1024,64,64,32,507.481
1024,64,64,64,527.235
1024,64,64,128,561.092
1024,64,64,256,625.346
1024,64,64,512,755.137
1024,64,64,1024,1014.42
1024,64,64,2048,1528.67
1024,64,64,4096,2565.41
1024,64,64,8192,4633.62
1024,64,64,16384,8775.51
1024,64,128,16,513.487
1024,64,128,32,546.51
1024,64,128,64,577.55
1024,64,128,128,646.412
1024,64,128,256,771.648
1024,64,128,512,1028.87
1024,64,128,1024,1537.2
1024,64,128,2048,2563.42
1024,64,128,4096,4610.46
1024,64,128,8192,8161.81
1024,128,0,0,491.834
1024,128,1,16,497.316
1024,128,1,32,500.399
1024,128,1,64,502.917
1024,128,1,128,510.158
1024,128,1,256,509.924
1024,128,1,512,510.884
1024,128,1,1024,518.479
1024,128,1,2048,524.569
1024,128,1,4096,543.78
1024,128,1,8192,578.137
1024,128,1,16384,644.055
1024,128,2,16,496.697
1024,128,2,32,500.302
1024,128,2,64,502.35
1024,128,2,128,509.817
1024,128,2,256,511.769
1024,128,2,512,517.636
1024,128,2,1024,527.663
1024,128,2,2048,545.379
1024,128,2,4096,580.216
1024,128,2,8192,650.305
1024,128,2,16384,785.163
1024,128,4,16,498.085
1024,128,4,32,501.284
1024,128,4,64,504.271
1024,128,4,128,511.887
1024,128,4,256,518.82
1024,128,4,512,527.513
1024,128,4,1024,546.552
1024,128,4,2048,581.081
1024,128,4,4096,650.135
1024,128,4,8192,785.697
1024,128,4,16384,1057.24
1024,128,8,16,499.567
1024,128,8,32,502.766
1024,128,8,64,506.415
1024,128,8,128,519.759
1024,128,8,256,528.164
1024,128,8,512,547.427
1024,128,8,1024,581.219
1024,128,8,2048,647.17
1024,128,8,4096,784.801
1024,128,8,8192,1055.76
1024,128,8,16384,1597.61
1024,128,16,16,502.927
1024,128,16,32,510.457
1024,128,16,64,514.393
1024,128,16,128,525.785
1024,128,16,256,543.289
1024,128,16,512,579.139
1024,128,16,1024,647.554
1024,128,16,2048,781.878
1024,128,16,4096,1054.81
1024,128,16,8192,1596.46
1024,128,16,16384,2680.36
1024,128,32,16,511.45
1024,128,32,32,522.212
1024,128,32,64,532.58
1024,128,32,128,550.553
1024,128,32,256,583.704
1024,128,32,512,649.698
1024,128,32,1024,780.278
1024,128,32,2048,1041.32
1024,128,32,4096,1565.47
1024,128,32,8192,2612.33
1024,128,32,16384,4709.34
1024,128,64,16,527.716
1024,128,64,32,541.881
1024,128,64,64,560.249
1024,128,64,128,593.806
1024,128,64,256,658.53
1024,128,64,512,789.419
1024,128,64,1024,1048.11
1024,128,64,2048,1563.93
1024,128,64,4096,2597.61
1024,128,64,8192,4668.85
1024,128,64,16384,8363.1
1024,128,128,16,466.511
1024,128,128,32,494.5
1024,128,128,64,612.792
1024,128,128,128,679.298
1024,128,128,256,805.398
1024,128,128,512,1063.03
1024,128,128,1024,1572.26
1024,128,128,2048,2589.78
1024,128,128,4096,4467.94
1024,128,128,8192,8809.08
1024,256,0,0,556.771
1024,256,1,16,562.51
1024,256,1,32,567.172
1024,256,1,64,569.027
1024,256,1,128,588.58
1024,256,1,256,583.406
1024,256,1,512,584.505
1024,256,1,1024,590.393
1024,256,1,2048,597.913
1024,256,1,4096,616.216
1024,256,1,8192,651.405
1024,256,1,16384,716.225
1024,256,2,16,570.553
1024,256,2,32,572.398
1024,256,2,64,576.025
1024,256,2,128,583.407
1024,256,2,256,586.329
1024,256,2,512,591.652
1024,256,2,1024,600.366
1024,256,2,2048,618.521
1024,256,2,4096,653.933
1024,256,2,8192,722.487
1024,256,2,16384,859.562
1024,256,4,16,570.479
1024,256,4,32,574.233
1024,256,4,64,575.631
1024,256,4,128,584.494
1024,256,4,256,591.641
1024,256,4,512,601.304
1024,256,4,1024,620.141
1024,256,4,2048,653.922
1024,256,4,4096,723.394
1024,256,4,8192,858.752
1024,256,4,16384,1128.86
1024,256,8,16,572.291
1024,256,8,32,575.673
1024,256,8,64,579.822
1024,256,8,128,591.31
1024,256,8,256,601.262
1024,256,8,512,619.149
1024,256,8,1024,654.243
1024,256,8,2048,721.421
1024,256,8,4096,855.424
1024,256,8,8192,1126.72
1024,256,8,16384,1668.47
1024,256,16,16,575.737
1024,256,16,32,581.731
1024,256,16,64,587.812
1024,256,16,128,597.305
1024,256,16,256,616.237
1024,256,16,512,652.142
1024,256,16,1024,718.903
1024,256,16,2048,853.323
1024,256,16,4096,1127.41
1024,256,16,8192,1669.11
1024,256,16,16384,2751.43
1024,256,32,16,584.334
1024,256,32,32,593.668
1024,256,32,64,605.742
1024,256,32,128,622.946
1024,256,32,256,656.824
1024,256,32,512,723.223
1024,256,32,1024,852.853
1024,256,32,2048,1113.66
1024,256,32,4096,1637.55
1024,256,32,8192,2685.08
1024,256,32,16384,4776.06
1024,256,64,16,595.47
1024,256,64,32,614.136
1024,256,64,64,633.688
1024,256,64,128,666.072
1024,256,64,256,732.642
1024,256,64,512,861.92
1024,256,64,1024,1120.17
1024,256,64,2048,1636.11
1024,256,64,4096,2672.84
1024,256,64,8192,4741.84
1024,256,64,16384,8423.74
1024,256,128,16,577.294
1024,256,128,32,652.707
1024,256,128,64,685.261
1024,256,128,128,750.925
1024,256,128,256,878.516
1024,256,128,512,1134.97
1024,256,128,1024,1645.63
1024,256,128,2048,2667.47
1024,256,128,4096,4715.19
1024,256,128,8192,8807.71
1024,512,0,0,702.989
1024,512,1,16,708.205
1024,512,1,32,712.717
1024,512,1,64,715.009
1024,512,1,128,721.933
1024,512,1,256,721.602
1024,512,1,512,722.392
1024,512,1,1024,730.647
1024,512,1,2048,736.247
1024,512,1,4096,754.242
1024,512,1,8192,790.87
1024,512,1,16384,856.097
1024,512,2,16,709.143
1024,512,2,32,714.647
1024,512,2,64,715.661
1024,512,2,128,722.263
1024,512,2,256,722.648
1024,512,2,512,728.695
1024,512,2,1024,738.082
1024,512,2,2048,756.642
1024,512,2,4096,794.166
1024,512,2,8192,862.474
1024,512,2,16384,998.175
1024,512,4,16,709.912
1024,512,4,32,715.042
1024,512,4,64,715.234
1024,512,4,128,723.063
1024,512,4,256,729.431
1024,512,4,512,738.903
1024,512,4,1024,758.519
1024,512,4,2048,793.74
1024,512,4,4096,862.518
1024,512,4,8192,998.462
1024,512,4,16384,1266.98
1024,512,8,16,711.074
1024,512,8,32,713.815
1024,512,8,64,717.442
1024,512,8,128,731.458
1024,512,8,256,741.015
1024,512,8,512,759.351
1024,512,8,1024,792.609
1024,512,8,2048,860.426
1024,512,8,4096,998.068
1024,512,8,8192,1266.28
1024,512,8,16384,1806.75
1024,512,16,16,713.944
1024,512,16,32,721.101
1024,512,16,64,725.836
1024,512,16,128,736.354
1024,512,16,256,753.442
1024,512,16,512,789.122
1024,512,16,1024,858.774
1024,512,16,2048,993.204
1024,512,16,4096,1267.18
1024,512,16,8192,1810.06
1024,512,16,16384,2890.53
1024,512,32,16,721.816
1024,512,32,32,733.666
1024,512,32,64,745.026
1024,512,32,128,764.609
1024,512,32,256,794.828
1024,512,32,512,861.526
1024,512,32,1024,990.665
1024,512,32,2048,1252.27
1024,512,32,4096,1777.49
1024,512,32,8192,2824.25
1024,512,32,16384,4919.37
1024,512,64,16,739.117
1024,512,64,32,753.666
1024,512,64,64,772.268
1024,512,64,128,805.783
1024,512,64,256,871.52
1024,512,64,512,998.847
1024,512,64,1024,1260.18
1024,512,64,2048,1778.1
1024,512,64,4096,2812.15
1024,512,64,8192,4885.94
1024,512,64,16384,9022.82
1024,512,128,16,597.252
1024,512,128,32,622.873
1024,512,128,64,824.012
1024,512,128,128,891.328
1024,512,128,256,1018.17
1024,512,128,512,1276.24
1024,512,128,1024,1786.55
1024,512,128,2048,2807.53
1024,512,128,4096,4689.97
1024,512,128,8192,8946.61
1024,1024,0,0,940.479
1024,1024,1,16,948.053
1024,1024,1,32,949.354
1024,1024,1,64,952.715
1024,1024,1,128,1010.97
1024,1024,1,256,990.25
1024,1024,1,512,990.143
1024,1024,1,1024,997.311
1024,1024,1,2048,1003.69
1024,1024,1,4096,1022.83
1024,1024,1,8192,1058.75
1024,1024,1,16384,1122.98
1024,1024,2,16,976.319
1024,1024,2,32,978.741
1024,1024,2,64,982.709
1024,1024,2,128,989.14
1024,1024,2,256,990.784
1024,1024,2,512,998.315
1024,1024,2,1024,1005.49
1024,1024,2,2048,1024.58
1024,1024,2,4096,1059.38
1024,1024,2,8192,1129.36
1024,1024,2,16384,1265.21
1024,1024,4,16,977.109
1024,1024,4,32,980.064
1024,1024,4,64,982.442
1024,1024,4,128,991.455
1024,1024,4,256,997.599
1024,1024,4,512,1007.87
1024,1024,4,1024,1024.98
1024,1024,4,2048,1061.52
1024,1024,4,4096,1129.65
1024,1024,4,8192,1267.22
1024,1024,4,16384,1537.52
1024,1024,8,16,978.463
1024,1024,8,32,981.14
1024,1024,8,64,984.234
1024,1024,8,128,999.465
1024,1024,8,256,1007.85
1024,1024,8,512,1025.54
1024,1024,8,1024,1059.37
1024,1024,8,2048,1127.46
1024,1024,8,4096,1261.39
1024,1024,8,8192,1534.79
1024,1024,8,16384,2078.65
1024,1024,16,16,982.24
1024,1024,16,32,989.749
1024,1024,16,64,993.877
1024,1024,16,128,1004.29
1024,1024,16,256,1023.35
1024,1024,16,512,1057.03
1024,1024,16,1024,1125.4
1024,1024,16,2048,1263.26
1024,1024,16,4096,1531.59
1024,1024,16,8192,2075.14
1024,1024,16,16384,3162.99
1024,1024,32,16,988.98
1024,1024,32,32,1000.22
1024,1024,32,64,1010.66
1024,1024,32,128,1027.54
1024,1024,32,256,1062.58
1024,1024,32,512,1128.8
1024,1024,32,1024,1258.33
1024,1024,32,2048,1520.84
1024,1024,32,4096,2043.8
1024,1024,32,8192,3091.76
1024,1024,32,16384,5182.14
1024,1024,64,16,1002.67
1024,1024,64,32,1020.63
1024,1024,64,64,1039.77
1024,1024,64,128,1073.08
1024,1024,64,256,1137.32
1024,1024,64,512,1266.43
1024,1024,64,1024,1526.82
1024,1024,64,2048,2044.68
1024,1024,64,4096,3084.56
1024,1024,64,8192,5149.5
1024,1024,64,16384,9290.71
1024,1024,128,16,1025.79
1024,1024,128,32,1059.69
1024,1024,128,64,1090.26
1024,1024,128,128,1157.73
1024,1024,128,256,1285.28
1024,1024,128,512,1539.12
1024,1024,128,1024,2049.27
1024,1024,128,2048,3070.86
1024,1024,128,4096,5124.03
1024,1024,128,8192,8637.72
1024,2048,0,0,1274.52
1024,2048,1,16,1278.03
1024,2048,1,32,1286.67
1024,2048,1,64,1286.13
1024,2048,1,128,1534.03
1024,2048,1,256,1517.46
1024,2048,1,512,1521.98
1024,2048,1,1024,1522.38
1024,2048,1,2048,1535.49
1024,2048,1,4096,1553.48
1024,2048,1,8192,1590.02
1024,2048,1,16384,1652.53
1024,2048,2,16,1503.93
1024,2048,2,32,1506.21
1024,2048,2,64,1512.45
1024,2048,2,128,1520.24
1024,2048,2,256,1514.34
1024,2048,2,512,1526.78
1024,2048,2,1024,1538.81
1024,2048,2,2048,1556.75
1024,2048,2,4096,1590.88
1024,2048,2,8192,1660.71
1024,2048,2,16384,1795.29
1024,2048,4,16,1507.34
1024,2048,4,32,1512.23
1024,2048,4,64,1513.67
1024,2048,4,128,1523.68
1024,2048,4,256,1521.96
1024,2048,4,512,1531.05
1024,2048,4,1024,1553.81
1024,2048,4,2048,1589.43
1024,2048,4,4096,1662.37
1024,2048,4,8192,1796.93
1024,2048,4,16384,2065.93
1024,2048,8,16,1503.73
1024,2048,8,32,1507.76
1024,2048,8,64,1514.92
1024,2048,8,128,1521.98
1024,2048,8,256,1540.57
1024,2048,8,512,1557.33
1024,2048,8,1024,1592.09
1024,2048,8,2048,1656.38
1024,2048,8,4096,1789.1
1024,2048,8,8192,2055.85
1024,2048,8,16384,2603
1024,2048,16,16,1515.1
1024,2048,16,32,1514.68
1024,2048,16,64,1520.42
1024,2048,16,128,1534.4
1024,2048,16,256,1552.4
1024,2048,16,512,1589.1
1024,2048,16,1024,1653.62
1024,2048,16,2048,1791.04
1024,2048,16,4096,2062.27
1024,2048,16,8192,2600.33
1024,2048,16,16384,3691
1024,2048,32,16,1522.54
1024,2048,32,32,1533.05
1024,2048,32,64,1540.77
1024,2048,32,128,1550.18
1024,2048,32,256,1592.05
1024,2048,32,512,1654
1024,2048,32,1024,1790.4
1024,2048,32,2048,2047.04
1024,2048,32,4096,2568.11
1024,2048,32,8192,3615.95
1024,2048,32,16384,5708.01
1024,2048,64,16,1533.56
1024,2048,64,32,1547.68
1024,2048,64,64,1566.7
1024,2048,64,128,1600.73
1024,2048,64,256,1666.93
1024,2048,64,512,1792.46
1024,2048,64,1024,2054.9
1024,2048,64,2048,2568.21
1024,2048,64,4096,3612.21
1024,2048,64,8192,5568.11
1024,2048,64,16384,9481.34
1024,2048,128,16,1491.76
1024,2048,128,32,1587.85
1024,2048,128,64,1617.55
1024,2048,128,128,1684.69
1024,2048,128,256,1810.85
1024,2048,128,512,2026.39
1024,2048,128,1024,2605.79
1024,2048,128,2048,3595.02
1024,2048,128,4096,5270.67
1024,2048,128,8192,9675.35
1024,4096,0,0,2457.77
1024,4096,1,16,2470.55
1024,4096,1,32,2466.85
1024,4096,1,64,2474.27
1024,4096,1,128,2562.11
1024,4096,1,256,2565.07
1024,4096,1,512,2562.17
1024,4096,1,1024,2574.18
1024,4096,1,2048,2577.5
1024,4096,1,4096,2598.5
1024,4096,1,8192,2625.6
1024,4096,1,16384,2702.81
1024,4096,2,16,2556.49
1024,4096,2,32,2552.27
1024,4096,2,64,2553.8
1024,4096,2,128,2558.93
1024,4096,2,256,2556.93
1024,4096,2,512,2571.16
1024,4096,2,1024,2568.78
1024,4096,2,2048,2596.6
1024,4096,2,4096,2627.62
1024,4096,2,8192,2705.79
1024,4096,2,16384,2837.71
1024,4096,4,16,2557.2
1024,4096,4,32,2553.11
1024,4096,4,64,2552.88
1024,4096,4,128,2561.77
1024,4096,4,256,2565.76
1024,4096,4,512,2585.59
1024,4096,4,1024,2600.03
1024,4096,4,2048,2634.03
1024,4096,4,4096,2706.86
1024,4096,4,8192,2831.74
1024,4096,4,16384,3108.61
1024,4096,8,16,2559.56
1024,4096,8,32,2556.75
1024,4096,8,64,2562.39
1024,4096,8,128,2579.67
1024,4096,8,256,2574.69
1024,4096,8,512,2594.68
1024,4096,8,1024,2625.51
1024,4096,8,2048,2707.2
1024,4096,8,4096,2834.58
1024,4096,8,8192,3100.13
1024,4096,8,16384,3655.38
1024,4096,16,16,2555.98
1024,4096,16,32,2556.98
1024,4096,16,64,2573.74
1024,4096,16,128,2570.26
1024,4096,16,256,2591.4
1024,4096,16,512,2625.03
1024,4096,16,1024,2696.16
1024,4096,16,2048,2830.05
1024,4096,16,4096,3107.49
1024,4096,16,8192,3638.06
1024,4096,16,16384,4725.34
1024,4096,32,16,2555.24
1024,4096,32,32,2567.75
1024,4096,32,64,2582.33
1024,4096,32,128,2598.18
1024,4096,32,256,2627.6
1024,4096,32,512,2704.19
1024,4096,32,1024,2829.27
1024,4096,32,2048,3087.21
1024,4096,32,4096,3626.2
1024,4096,32,8192,4663.59
1024,4096,32,16384,6756.51
1024,4096,64,16,2317.78
1024,4096,64,32,2331.98
1024,4096,64,64,2349.12
1024,4096,64,128,2638.66
1024,4096,64,256,2710.52
1024,4096,64,512,2835.77
1024,4096,64,1024,3094.01
1024,4096,64,2048,3611.96
1024,4096,64,4096,4646.92
1024,4096,64,8192,6724.24
1024,4096,64,16384,10863.3
1024,4096,128,16,2593.15
1024,4096,128,32,2521.2
1024,4096,128,64,2763.57
1024,4096,128,128,2561
1024,4096,128,256,2690.41
1024,4096,128,512,3107.68
1024,4096,128,1024,3390.47
1024,4096,128,2048,4276.38
1024,4096,128,4096,6047.51
1024,4096,128,8192,10918.2
1024,8192,0,0,3248.09
1024,8192,1,16,3268.64
1024,8192,1,32,3252.62
1024,8192,1,64,3261.16
1024,8192,1,128,4782.91
1024,8192,1,256,4665.69
1024,8192,1,512,4665.54
1024,8192,1,1024,4673.16
1024,8192,1,2048,4664.18
1024,8192,1,4096,4682.95
1024,8192,1,8192,4718.8
1024,8192,1,16384,4790.13
1024,8192,2,16,4645.25
1024,8192,2,32,4635.63
1024,8192,2,64,4654.86
1024,8192,2,128,4654.31
1024,8192,2,256,4658.19
1024,8192,2,512,4676.21
1024,8192,2,1024,4660.36
1024,8192,2,2048,4690.54
1024,8192,2,4096,4718.85
1024,8192,2,8192,4808.45
1024,8192,2,16384,4937.81
1024,8192,4,16,4643.6
1024,8192,4,32,4656.01
1024,8192,4,64,4652.3
1024,8192,4,128,4652.32
1024,8192,4,256,4667.15
1024,8192,4,512,4679.45
1024,8192,4,1024,4690.82
1024,8192,4,2048,4734.22
1024,8192,4,4096,4789.77
1024,8192,4,8192,4933.18
1024,8192,4,16384,5211.48
1024,8192,8,16,4654.87
1024,8192,8,32,4658.78
1024,8192,8,64,4665.68
1024,8192,8,128,4677.92
1024,8192,8,256,4688.11
1024,8192,8,512,4714
1024,8192,8,1024,4739.18
1024,8192,8,2048,4808.29
1024,8192,8,4096,4943.79
1024,8192,8,8192,5204.85
1024,8192,8,16384,5754.19
1024,8192,16,16,4646.76
1024,8192,16,32,4663.86
1024,8192,16,64,4665.33
1024,8192,16,128,4657.01
1024,8192,16,256,4694.49
1024,8192,16,512,4727.34
1024,8192,16,1024,4798.07
1024,8192,16,2048,4936.68
1024,8192,16,4096,5203.85
1024,8192,16,8192,5751.16
1024,8192,16,16384,6808.7
1024,8192,32,16,4660.18
1024,8192,32,32,4665.26
1024,8192,32,64,4670.35
1024,8192,32,128,4679.74
1024,8192,32,256,4728.01
1024,8192,32,512,4822.99
1024,8192,32,1024,4923.29
1024,8192,32,2048,5191.38
1024,8192,32,4096,5708.22
1024,8192,32,8192,6409.1
1024,8192,32,16384,8414.62
1024,8192,64,16,3831.89
1024,8192,64,32,3845.64
1024,8192,64,64,3856.05
1024,8192,64,128,4770.16
1024,8192,64,256,4504.6
1024,8192,64,512,4637.28
1024,8192,64,1024,5179.22
1024,8192,64,2048,5701.15
1024,8192,64,4096,6096.66
1024,8192,64,8192,7756.4
1024,8192,64,16384,11107.1
1024,8192,128,16,3294.2
1024,8192,128,32,3347.66
1024,8192,128,64,4763.33
1024,8192,128,128,4141.15
1024,8192,128,256,5069.16
1024,8192,128,512,5140.18
1024,8192,128,1024,5417.23
1024,8192,128,2048,5746.15
1024,8192,128,4096,7452.46
1024,8192,128,8192,10899.5
1024,16384,0,0,8969.43
1024,16384,1,16,8032.2
1024,16384,1,32,7631.02
1024,16384,1,64,7661.84
1024,16384,1,128,7671.62
1024,16384,1,256,7663.43
1024,16384,1,512,7681.02
1024,16384,1,1024,7678.97
1024,16384,1,2048,8496.05
1024,16384,1,4096,7690.43
1024,16384,1,8192,7722.64
1024,16384,1,16384,7789.6
1024,16384,2,16,7643.95
1024,16384,2,32,7646.19
1024,16384,2,64,7778.82
1024,16384,2,128,8332.88
1024,16384,2,256,7733.35
1024,16384,2,512,7752.84
1024,16384,2,1024,7756.16
1024,16384,2,2048,7629.58
1024,16384,2,4096,7644.35
1024,16384,2,8192,7703.36
1024,16384,2,16384,7825.86
1024,16384,4,16,8071.23
1024,16384,4,32,8169.29
1024,16384,4,64,7719.27
1024,16384,4,128,7738.31
1024,16384,4,256,7725.67
1024,16384,4,512,7600.85
1024,16384,4,1024,7621.89
1024,16384,4,2048,7643.82
1024,16384,4,4096,7705.9
1024,16384,4,8192,7827.88
1024,16384,4,16384,8593.02
1024,16384,8,16,8188.14
1024,16384,8,32,7641.17
1024,16384,8,64,7656.98
1024,16384,8,128,7650.68
1024,16384,8,256,7674.39
1024,16384,8,512,7691.01
1024,16384,8,1024,7970.57
1024,16384,8,2048,8980.38
1024,16384,8,4096,9119.72
1024,16384,8,8192,8069.51
1024,16384,8,16384,8321.69
1024,16384,16,16,7362.7
1024,16384,16,32,7378.34
1024,16384,16,64,7374.47
1024,16384,16,128,7394.82
1024,16384,16,256,8252.68
1024,16384,16,512,7639.04
1024,16384,16,1024,7702.78
1024,16384,16,2048,7826.64
1024,16384,16,4096,8060.01
1024,16384,16,8192,9038.83
1024,16384,16,16384,11004.5
1024,16384,32,16,8819.61
1024,16384,32,32,8827.6
1024,16384,32,64,7339.85
1024,16384,32,128,7165.62
1024,16384,32,256,7187.09
1024,16384,32,512,7247.96
1024,16384,32,1024,9274.11
1024,16384,32,2048,7734.22
1024,16384,32,4096,7903.07
1024,16384,32,8192,8825.77
1024,16384,32,16384,10249.6
1024,16384,64,16,6530.15
1024,16384,64,32,6540.97
1024,16384,64,64,9101.17
1024,16384,64,128,7021.64
1024,16384,64,256,6966.04
1024,16384,64,512,7088.22
1024,16384,64,1024,7327.57
1024,16384,64,2048,7619.73
1024,16384,64,4096,8404.3
1024,16384,64,8192,10274.7
1024,16384,64,16384,17363.9
1024,16384,128,16,6267.01
1024,16384,128,32,8928.51
1024,16384,128,64,8935.14
1024,16384,128,128,6667.73
1024,16384,128,256,6595.37
1024,16384,128,512,8672.18
1024,16384,128,1024,9915.33
1024,16384,128,2048,8191.33
1024,16384,128,4096,10032.2
1024,16384,128,8192,13810.1
2048,0,0,0,933.975
2048,0,1,16,938.978
2048,0,1,32,938.359
2048,0,1,64,942.764
2048,0,1,128,1191.44
2048,0,1,256,1044.55
2048,0,1,512,1043.32
2048,0,1,1024,1050.59
2048,0,1,2048,1057.38
2048,0,1,4096,1353
2048,0,1,8192,1122.78
2048,0,1,16384,1181.76
2048,0,2,16,1023.76
2048,0,2,32,1027.16
2048,0,2,64,1028.94
2048,0,2,128,1035.62
2048,0,2,256,1036.9
2048,0,2,512,1041.81
2048,0,2,1024,1160.61
2048,0,2,2048,1067.86
2048,0,2,4096,1096.44
2048,0,2,8192,1158.72
2048,0,2,16384,1274.65
2048,0,4,16,1025.06
2048,0,4,32,1027.55
2048,0,4,64,1139.2
2048,0,4,128,1062.84
2048,0,4,256,1058.34
2048,0,4,512,1067.74
2048,0,4,1024,1084.62
2048,0,4,2048,1098.06
2048,0,4,4096,1157.77
2048,0,4,8192,1274.64
2048,0,4,16384,1509.32
2048,0,8,16,1026.4
2048,0,8,32,1137.83
2048,0,8,64,1032.32
2048,0,8,128,1042
2048,0,8,256,1052.53
2048,0,8,512,1068.27
2048,0,8,1024,1098.46
2048,0,8,2048,1266.06
2048,0,8,4096,1276.3
2048,0,8,8192,1507.48
2048,0,8,16384,1970.84
2048,0,16,16,988.567
2048,0,16,32,993.729
2048,0,16,64,997.377
2048,0,16,128,1008.97
2048,0,16,256,1024.19
2048,0,16,512,1244.49
2048,0,16,1024,1171.53
2048,0,16,2048,1262.6
2048,0,16,4096,1495.09
2048,0,16,8192,1964.26
2048,0,16,16384,2849
2048,0,32,16,957.741
2048,0,32,32,967.425
2048,0,32,64,979.553
2048,0,32,128,995.553
2048,0,32,256,1163.62
2048,0,32,512,1149.62
2048,0,32,1024,1267.88
2048,0,32,2048,1498.26
2048,0,32,4096,1943.04
2048,0,32,8192,2837.28
2048,0,32,16384,4695.23
2048,0,64,16,969.73
2048,0,64,32,970.764
2048,0,64,64,987.724
2048,0,64,128,1410.05
2048,0,64,256,1469.27
2048,0,64,512,1601.67
2048,0,64,1024,1475.69
2048,0,64,2048,1909.65
2048,0,64,4096,2840.69
2048,0,64,8192,4702.58
2048,0,64,16384,8523.48
2048,0,128,16,990.402
2048,0,128,32,1017.12
2048,0,128,64,1041.88
2048,0,128,128,1100.32
2048,0,128,256,1220.57
2048,0,128,512,1451.69
2048,0,128,1024,1929.09
2048,0,128,2048,2861.91
2048,0,128,4096,4742.58
2048,0,128,8192,9549.41
2048,16,0,0,1338.14
2048,16,1,16,1345.39
2048,16,1,32,1083.32
2048,16,1,64,1085.28
2048,16,1,128,1073.58
2048,16,1,256,1074.4
2048,16,1,512,1072.75
2048,16,1,1024,1079.07
2048,16,1,2048,1088.82
2048,16,1,4096,1104.19
2048,16,1,8192,1235.64
2048,16,1,16384,1193.47
2048,16,2,16,1065.95
2048,16,2,32,1063.31
2048,16,2,64,1066.67
2048,16,2,128,1075.37
2048,16,2,256,1093.95
2048,16,2,512,1170.69
2048,16,2,1024,1089.67
2048,16,2,2048,1105.09
2048,16,2,4096,1135.35
2048,16,2,8192,1196.01
2048,16,2,16384,1654.11
2048,16,4,16,1061.92
2048,16,4,32,1064.83
2048,16,4,64,1067.79
2048,16,4,128,1074.18
2048,16,4,256,1079.9
2048,16,4,512,1190.61
2048,16,4,1024,1162.13
2048,16,4,2048,1144.42
2048,16,4,4096,1186.66
2048,16,4,8192,1304.06
2048,16,4,16384,1521.98
2048,16,8,16,1038.17
2048,16,8,32,1041.65
2048,16,8,64,1042.68
2048,16,8,128,1058.53
2048,16,8,256,1166.32
2048,16,8,512,1108.81
2048,16,8,1024,1133.89
2048,16,8,2048,1199.9
2048,16,8,4096,1311.79
2048,16,8,8192,1527.32
2048,16,8,16384,1992.66
2048,16,16,16,1009.93
2048,16,16,32,1015.06
2048,16,16,64,1016.99
2048,16,16,128,1030.02
2048,16,16,256,1044.97
2048,16,16,512,1202.61
2048,16,16,1024,1186.1
2048,16,16,2048,1283.68
2048,16,16,4096,1513.47
2048,16,16,8192,1962.31
2048,16,16,16384,2867.24
2048,16,32,16,985.228
2048,16,32,32,994.562
2048,16,32,64,1007.24
2048,16,32,128,1014.92
2048,16,32,256,1316.97
2048,16,32,512,1188.77
2048,16,32,1024,1305.56
2048,16,32,2048,1539.45
2048,16,32,4096,2227.03
2048,16,32,8192,2885.97
2048,16,32,16384,4760.47
2048,16,64,16,995.628
2048,16,64,32,1005.14
2048,16,64,64,1026.01
2048,16,64,128,1271.59
2048,16,64,256,1153.67
2048,16,64,512,1254.08
2048,16,64,1024,1485.02
2048,16,64,2048,2401.49
2048,16,64,4096,3174.34
2048,16,64,8192,4725.05
2048,16,64,16384,8443.51
2048,16,128,16,1205.5
2048,16,128,32,1045.46
2048,16,128,64,1070.69
2048,16,128,128,1572.04
2048,16,128,256,1248.75
2048,16,128,512,1954.53
2048,16,128,1024,2090.72
2048,16,128,2048,3045.75
2048,16,128,4096,4796.85
2048,16,128,8192,8582.21
2048,32,0,0,1345.96
2048,32,1,16,1342.81
2048,32,1,32,1080.7
2048,32,1,64,1084.49
2048,32,1,128,1071.39
2048,32,1,256,1071.32
2048,32,1,512,1072.08
2048,32,1,1024,1081.24
2048,32,1,2048,1086.54
2048,32,1,4096,1103.23
2048,32,1,8192,1426.48
2048,32,1,16384,1487.74
2048,32,2,16,1068.08
2048,32,2,32,1070.22
2048,32,2,64,1073.41
2048,32,2,128,1079.21
2048,32,2,256,1065.39
2048,32,2,512,1068.8
2048,32,2,1024,1079.84
2048,32,2,2048,1097.43
2048,32,2,4096,1124.36
2048,32,2,8192,1199.44
2048,32,2,16384,1410.64
2048,32,4,16,1054.75
2048,32,4,32,1056.4
2048,32,4,64,1058.34
2048,32,4,128,1066.37
2048,32,4,256,1069.01
2048,32,4,512,1172.46
2048,32,4,1024,1183
2048,32,4,2048,1146.1
2048,32,4,4096,1188.95
2048,32,4,8192,1304.2
2048,32,4,16384,1519.2
2048,32,8,16,1037.38
2048,32,8,32,1041.87
2048,32,8,64,1042.19
2048,32,8,128,1051.69
2048,32,8,256,1170.83
2048,32,8,512,1097.15
2048,32,8,1024,1127.67
2048,32,8,2048,1185.35
2048,32,8,4096,1302.53
2048,32,8,8192,1517.99
2048,32,8,16384,1983.12
2048,32,16,16,1007.05
2048,32,16,32,1010.13
2048,32,16,64,1017.99
2048,32,16,128,1028.01
2048,32,16,256,1100.16
2048,32,16,512,1304.32
2048,32,16,1024,1442.36
2048,32,16,2048,1628.81
2048,32,16,4096,1889.97
2048,32,16,8192,2427.1
2048,32,16,16384,2911.18
2048,32,32,16,1035.49
2048,32,32,32,1048.41
2048,32,32,64,1057.47
2048,32,32,128,1074.25
2048,32,32,256,1206.02
2048,32,32,512,1491.82
2048,32,32,1024,1464.57
2048,32,32,2048,1528.99
2048,32,32,4096,1994.87
2048,32,32,8192,2861.63
2048,32,32,16384,4694.74
2048,32,64,16,995.735
2048,32,64,32,1011.37
2048,32,64,64,1251.25
2048,32,64,128,1085.28
2048,32,64,256,1144.05
2048,32,64,512,1259.78
2048,32,64,1024,1894.61
2048,32,64,2048,2053.04
2048,32,64,4096,2865.52
2048,32,64,8192,4720.11
2048,32,64,16384,8445.28
2048,32,128,16,1018.5
2048,32,128,32,1042.59
2048,32,128,64,1072.6
2048,32,128,128,1127.36
2048,32,128,256,1532.54
2048,32,128,512,1908.94
2048,32,128,1024,2417.65
2048,32,128,2048,2873.37
2048,32,128,4096,4779.11
2048,32,128,8192,8573.27
2048,64,0,0,1363.65
2048,64,1,16,1130
2048,64,1,32,1132.22
2048,64,1,64,1089.21
2048,64,1,128,1093.32
2048,64,1,256,1093.43
2048,64,1,512,1094.32
2048,64,1,1024,1101.72
2048,64,1,2048,1158.68
2048,64,1,4096,1224.22
2048,64,1,8192,1155.69
2048,64,1,16384,1216.19
2048,64,2,16,1082.8
2048,64,2,32,1086.41
2048,64,2,64,1089.46
2048,64,2,128,1147.2
2048,64,2,256,1183.82
2048,64,2,512,1109.54
2048,64,2,1024,1100.94
2048,64,2,2048,1119.65
2048,64,2,4096,1147.03
2048,64,2,8192,1208.34
2048,64,2,16384,1314.83
2048,64,4,16,1065.87
2048,64,4,32,1068.21
2048,64,4,64,1069.91
2048,64,4,128,1141.18
2048,64,4,256,1185.78
2048,64,4,512,1112.02
2048,64,4,1024,1127.55
2048,64,4,2048,1157.92
2048,64,4,4096,1216.25
2048,64,4,8192,1333.13
2048,64,4,16384,1549.6
2048,64,8,16,1066.39
2048,64,8,32,1067.96
2048,64,8,64,1073.2
2048,64,8,128,1084.77
2048,64,8,256,1218.55
2048,64,8,512,1120.51
2048,64,8,1024,1149.08
2048,64,8,2048,1208.2
2048,64,8,4096,1325.61
2048,64,8,8192,1538.78
2048,64,8,16384,2009.22
2048,64,16,16,1062.56
2048,64,16,32,1065.91
2048,64,16,64,1203.9
2048,64,16,128,1099.84
2048,64,16,256,1115.29
2048,64,16,512,1145.01
2048,64,16,1024,1205.73
2048,64,16,2048,1303.26
2048,64,16,4096,1535.81
2048,64,16,8192,2004.41
2048,64,16,16384,2927.62
2048,64,32,16,1185.57
2048,64,32,32,1396.19
2048,64,32,64,1112.54
2048,64,32,128,1104.06
2048,64,32,256,1132.96
2048,64,32,512,1193.91
2048,64,32,1024,1361.13
2048,64,32,2048,1971.56
2048,64,32,4096,1996.75
2048,64,32,8192,2890.08
2048,64,32,16384,4719.91
2048,64,64,16,1019.19
2048,64,64,32,1025.65
2048,64,64,64,1282.79
2048,64,64,128,1100.09
2048,64,64,256,1158.06
2048,64,64,512,1274.39
2048,64,64,1024,1716.39
2048,64,64,2048,1979.66
2048,64,64,4096,2908.33
2048,64,64,8192,5635.46
2048,64,64,16384,8490.79
2048,64,128,16,1036.4
2048,64,128,32,1058.75
2048,64,128,64,1092.66
2048,64,128,128,1153.26
2048,64,128,256,1682.68
2048,64,128,512,1497.85
2048,64,128,1024,1968.87
2048,64,128,2048,2923.88
2048,64,128,4096,4881.47
2048,64,128,8192,9614.84
2048,128,0,0,1427.77
2048,128,1,16,1184.72
2048,128,1,32,1145.23
2048,128,1,64,1130.07
2048,128,1,128,1137.56
2048,128,1,256,1135.36
2048,128,1,512,1136.77
2048,128,1,1024,1143.29
2048,128,1,2048,1165.53
2048,128,1,4096,1271.9
2048,128,1,8192,1198.67
2048,128,1,16384,1259.01
2048,128,2,16,1125.92
2048,128,2,32,1146.16
2048,128,2,64,1228.59
2048,128,2,128,1144.19
2048,128,2,256,1146.76
2048,128,2,512,1149.13
2048,128,2,1024,1160.18
2048,128,2,2048,1177.12
2048,128,2,4096,1207.84
2048,128,2,8192,1384.48
2048,128,2,16384,1367.63
2048,128,4,16,1115.41
2048,128,4,32,1119.28
2048,128,4,64,1119.96
2048,128,4,128,1128.23
2048,128,4,256,1132.51
2048,128,4,512,1261.66
2048,128,4,1024,1167.19
2048,128,4,2048,1198.45
2048,128,4,4096,1258.72
2048,128,4,8192,1375.4
2048,128,4,16384,1589.84
2048,128,8,16,1098.18
2048,128,8,32,1101.4
2048,128,8,64,1103.23
2048,128,8,128,1115.68
2048,128,8,256,1124.29
2048,128,8,512,1284.26
2048,128,8,1024,1191.53
2048,128,8,2048,1247.36
2048,128,8,4096,1364.66
2048,128,8,8192,1597.13
2048,128,8,16384,2063.31
2048,128,16,16,1255.85
2048,128,16,32,1135.22
2048,128,16,64,1143.17
2048,128,16,128,1151.75
2048,128,16,256,1169.54
2048,128,16,512,1177.88
2048,128,16,1024,1237.6
2048,128,16,2048,1354.66
2048,128,16,4096,1590.4
2048,128,16,8192,2357.52
2048,128,16,16384,3230.51
2048,128,32,16,1216.33
2048,128,32,32,1134.83
2048,128,32,64,1144.97
2048,128,32,128,1161.07
2048,128,32,256,1191.29
2048,128,32,512,1232.34
2048,128,32,1024,1348.28
2048,128,32,2048,1578.79
2048,128,32,4096,2027.93
2048,128,32,8192,2925.41
2048,128,32,16384,4784.97
2048,128,64,16,1063.42
2048,128,64,32,1080.17
2048,128,64,64,1088.1
2048,128,64,128,1338.12
2048,128,64,256,1223.03
2048,128,64,512,1339.82
2048,128,64,1024,2047.73
2048,128,64,2048,2003.7
2048,128,64,4096,2929.67
2048,128,64,8192,4773.88
2048,128,64,16384,8514.42
2048,128,128,16,1081.37
2048,128,128,32,1518.64
2048,128,128,64,1362.16
2048,128,128,128,1194.38
2048,128,128,256,1316.12
2048,128,128,512,1549.69
2048,128,128,1024,2018.04
2048,128,128,2048,2956.97
2048,128,128,4096,4884.97
2048,128,128,8192,9675.09
2048,256,0,0,1132.29
2048,256,1,16,1138
2048,256,1,32,1575.46
2048,256,1,64,1577.13
2048,256,1,128,1262
2048,256,1,256,1262.91
2048,256,1,512,1233.34
2048,256,1,1024,1239.62
2048,256,1,2048,1246.91
2048,256,1,4096,1263.41
2048,256,1,8192,1292.95
2048,256,1,16384,1351.99
2048,256,2,16,1340.84
2048,256,2,32,1224.29
2048,256,2,64,1226.09
2048,256,2,128,1231.99
2048,256,2,256,1232.41
2048,256,2,512,1237.09
2048,256,2,1024,1247.97
2048,256,2,2048,1398.35
2048,256,2,4096,1293.95
2048,256,2,8192,1353.76
2048,256,2,16384,1470.72
2048,256,4,16,1220.55
2048,256,4,32,1224.58
2048,256,4,64,1295.41
2048,256,4,128,1330.29
2048,256,4,256,1258.95
2048,256,4,512,1248.17
2048,256,4,1024,1264.78
2048,256,4,2048,1293.65
2048,256,4,4096,1354.53
2048,256,4,8192,1470.96
2048,256,4,16384,1704.45
2048,256,8,16,1330.89
2048,256,8,32,1234.67
2048,256,8,64,1237.85
2048,256,8,128,1250.72
2048,256,8,256,1259.73
2048,256,8,512,1265.53
2048,256,8,1024,1295.4
2048,256,8,2048,1356.18
2048,256,8,4096,1470.42
2048,256,8,8192,1682.75
2048,256,8,16384,2149.52
2048,256,16,16,1176.36
2048,256,16,32,1182.41
2048,256,16,64,1187.85
2048,256,16,128,1198.21
2048,256,16,256,1352.35
2048,256,16,512,1486.63
2048,256,16,1024,1569.73
2048,256,16,2048,1872.9
2048,256,16,4096,2122.47
2048,256,16,8192,2657.19
2048,256,16,16384,3723.47
2048,256,32,16,1536.15
2048,256,32,32,1272.03
2048,256,32,64,1242.61
2048,256,32,128,1257.89
2048,256,32,256,1286.85
2048,256,32,512,1336.46
2048,256,32,1024,1452.63
2048,256,32,2048,1683.07
2048,256,32,4096,2120.72
2048,256,32,8192,3019.74
2048,256,32,16384,4881.28
2048,256,64,16,1159.38
2048,256,64,32,1178.52
2048,256,64,64,1443.21
2048,256,64,128,1248.54
2048,256,64,256,1306.81
2048,256,64,512,1421.66
2048,256,64,1024,1644.85
2048,256,64,2048,2118.31
2048,256,64,4096,3215.15
2048,256,64,8192,5746.84
2048,256,64,16384,8605.14
2048,256,128,16,1185.37
2048,256,128,32,1674.67
2048,256,128,64,1686.84
2048,256,128,128,1531.6
2048,256,128,256,1416.16
2048,256,128,512,2137
2048,256,128,1024,2121.54
2048,256,128,2048,3055.68
2048,256,128,4096,4951.21
2048,256,128,8192,8738.17
2048,512,0,0,1318.82
2048,512,1,16,1327.62
2048,512,1,32,1326.85
2048,512,1,64,1364.19
2048,512,1,128,1515.82
2048,512,1,256,1433.81
2048,512,1,512,1435.73
2048,512,1,1024,1440.88
2048,512,1,2048,1449.83
2048,512,1,4096,1465.67
2048,512,1,8192,1496.5
2048,512,1,16384,1543.97
2048,512,2,16,1413.5
2048,512,2,32,1415.48
2048,512,2,64,1417.85
2048,512,2,128,1495.11
2048,512,2,256,1550.57
2048,512,2,512,1441.24
2048,512,2,1024,1449.79
2048,512,2,2048,1466
2048,512,2,4096,1497.23
2048,512,2,8192,1531.77
2048,512,2,16384,1651.6
2048,512,4,16,1400.98
2048,512,4,32,1404.02
2048,512,4,64,1406.77
2048,512,4,128,1482.09
2048,512,4,256,1543.68
2048,512,4,512,1451.23
2048,512,4,1024,1466.89
2048,512,4,2048,1497.34
2048,512,4,4096,1531.59
2048,512,4,8192,1650.97
2048,512,4,16384,1883.93
2048,512,8,16,1382.73
2048,512,8,32,1381.89
2048,512,8,64,1385.06
2048,512,8,128,1396.24
2048,512,8,256,1406.94
2048,512,8,512,1594.45
2048,512,8,1024,1474.03
2048,512,8,2048,1534.37
2048,512,8,4096,1625.84
2048,512,8,8192,1864.67
2048,512,8,16384,2324.1
2048,512,16,16,1382.87
2048,512,16,32,1388.79
2048,512,16,64,1545.83
2048,512,16,128,1416.02
2048,512,16,256,1431.03
2048,512,16,512,1461.27
2048,512,16,1024,1521.09
2048,512,16,2048,1635.51
2048,512,16,4096,2402.4
2048,512,16,8192,2921.83
2048,512,16,16384,3990.82
2048,512,32,16,1848.52
2048,512,32,32,1519.98
2048,512,32,64,1421.1
2048,512,32,128,1437.29
2048,512,32,256,1466.76
2048,512,32,512,1930.94
2048,512,32,1024,2158.51
2048,512,32,2048,1884.14
2048,512,32,4096,2349.3
2048,512,32,8192,3277.09
2048,512,32,16384,5047.02
2048,512,64,16,1348.29
2048,512,64,32,1368.48
2048,512,64,64,1680.56
2048,512,64,128,1419.91
2048,512,64,256,1477.6
2048,512,64,512,1593.68
2048,512,64,1024,2090.48
2048,512,64,2048,2285.53
2048,512,64,4096,3216.42
2048,512,64,8192,5077.48
2048,512,64,16384,8791.47
2048,512,128,16,1373.48
2048,512,128,32,1922.41
2048,512,128,64,1429.6
2048,512,128,128,1488.63
2048,512,128,256,1600.54
2048,512,128,512,1839.63
2048,512,128,1024,2310.19
2048,512,128,2048,3240.1
2048,512,128,4096,5132.3
2048,512,128,8192,8925.21
2048,1024,0,0,1696.8
2048,1024,1,16,1679.9
2048,1024,1,32,1702.35
2048,1024,1,64,1783.29
2048,1024,1,128,2372.96
2048,1024,1,256,2183.14
2048,1024,1,512,1828.85
2048,1024,1,1024,1830.43
2048,1024,1,2048,1814.59
2048,1024,1,4096,1825.43
2048,1024,1,8192,1855.22
2048,1024,1,16384,1913.24
2048,1024,2,16,1755.28
2048,1024,2,32,1755.67
2048,1024,2,64,1758.43
2048,1024,2,128,1765.18
2048,1024,2,256,1765.35
2048,1024,2,512,1771.27
2048,1024,2,1024,1976.46
2048,1024,2,2048,1821.53
2048,1024,2,4096,1842.59
2048,1024,2,8192,1901.87
2048,1024,2,16384,2017.25
2048,1024,4,16,1769.75
2048,1024,4,32,1774.25
2048,1024,4,64,1946.13
2048,1024,4,128,1795.28
2048,1024,4,256,1798.27
2048,1024,4,512,1809.28
2048,1024,4,1024,1824.86
2048,1024,4,2048,1855.28
2048,1024,4,4096,1885.72
2048,1024,4,8192,2000.62
2048,1024,4,16384,2233.96
2048,1024,8,16,1733.61
2048,1024,8,32,1732.41
2048,1024,8,64,1734.71
2048,1024,8,128,1746.82
2048,1024,8,256,1752.56
2048,1024,8,512,1979.53
2048,1024,8,1024,1827.93
2048,1024,8,2048,1884.58
2048,1024,8,4096,2000.53
2048,1024,8,8192,2234.83
2048,1024,8,16384,2671.69
2048,1024,16,16,1731.66
2048,1024,16,32,1735.54
2048,1024,16,64,1741.15
2048,1024,16,128,2137.09
2048,1024,16,256,2305.72
2048,1024,16,512,1884.82
2048,1024,16,1024,1882.7
2048,1024,16,2048,1998.49
2048,1024,16,4096,2204.67
2048,1024,16,8192,2667.39
2048,1024,16,16384,3568.74
2048,1024,32,16,1714.02
2048,1024,32,32,1721.87
2048,1024,32,64,1835.66
2048,1024,32,128,1750.73
2048,1024,32,256,2489.92
2048,1024,32,512,1903.48
2048,1024,32,1024,2017.71
2048,1024,32,2048,2250.6
2048,1024,32,4096,2652.07
2048,1024,32,8192,3581.85
2048,1024,32,16384,5400.42
2048,1024,64,16,1728.06
2048,1024,64,32,1743.87
2048,1024,64,64,2067.74
2048,1024,64,128,1789.71
2048,1024,64,256,1846.7
2048,1024,64,512,1962.64
2048,1024,64,1024,2801.24
2048,1024,64,2048,3426.5
2048,1024,64,4096,3588.29
2048,1024,64,8192,5427.35
2048,1024,64,16384,9167.32
2048,1024,128,16,1754.18
2048,1024,128,32,1777.27
2048,1024,128,64,1805.69
2048,1024,128,128,1866.7
2048,1024,128,256,1986.47
2048,1024,128,512,3003.83
2048,1024,128,1024,2676.93
2048,1024,128,2048,3619.85
2048,1024,128,4096,5522.58
2048,1024,128,8192,9837.27
2048,2048,0,0,3414.41
2048,2048,1,16,2613.26
2048,2048,1,32,2610.41
2048,2048,1,64,2486.05
2048,2048,1,128,2487.29
2048,2048,1,256,2488.78
2048,2048,1,512,2488.95
2048,2048,1,1024,2495.25
2048,2048,1,2048,2597.79
2048,2048,1,4096,2728.96
2048,2048,1,8192,2560.29
2048,2048,1,16384,2598.35
2048,2048,2,16,2475.45
2048,2048,2,32,2486.35
2048,2048,2,64,2490.8
2048,2048,2,128,2495.26
2048,2048,2,256,3513.53
2048,2048,2,512,2529.17
2048,2048,2,1024,2534.1
2048,2048,2,2048,2524.51
2048,2048,2,4096,2549.52
2048,2048,2,8192,2607.96
2048,2048,2,16384,2726.29
2048,2048,4,16,2474.64
2048,2048,4,32,2468.62
2048,2048,4,64,2477.52
2048,2048,4,128,2485.74
2048,2048,4,256,2493.84
2048,2048,4,512,2595.34
2048,2048,4,1024,2696.33
2048,2048,4,2048,2558.49
2048,2048,4,4096,2600.95
2048,2048,4,8192,2729.42
2048,2048,4,16384,2958.63
2048,2048,8,16,2476.38
2048,2048,8,32,2480.07
2048,2048,8,64,2472.25
2048,2048,8,128,2492.67
2048,2048,8,256,3027.23
2048,2048,8,512,2935.46
2048,2048,8,1024,2561.28
2048,2048,8,2048,2597.78
2048,2048,8,4096,2727.56
2048,2048,8,8192,2952.69
2048,2048,8,16384,3406.58
2048,2048,16,16,2472.55
2048,2048,16,32,2467.6
2048,2048,16,64,2474.5
2048,2048,16,128,2491.66
2048,2048,16,256,2724.19
2048,2048,16,512,2664.19
2048,2048,16,1024,2715.17
2048,2048,16,2048,2832.47
2048,2048,16,4096,2947.51
2048,2048,16,8192,3408.98
2048,2048,16,16384,4341.99
2048,2048,32,16,2478.47
2048,2048,32,32,2488.18
2048,2048,32,64,2497.47
2048,2048,32,128,3484.09
2048,2048,32,256,3506.63
2048,2048,32,512,2642.18
2048,2048,32,1024,2755.14
2048,2048,32,2048,2989.3
2048,2048,32,4096,3411.58
2048,2048,32,8192,4333.72
2048,2048,32,16384,6182.88
2048,2048,64,16,2492.45
2048,2048,64,32,2509.59
2048,2048,64,64,2524.59
2048,2048,64,128,2783.24
2048,2048,64,256,3585.53
2048,2048,64,512,2810.62
2048,2048,64,1024,2968.25
2048,2048,64,2048,3430.61
2048,2048,64,4096,4371.32
2048,2048,64,8192,7087.82
2048,2048,64,16384,10837.3
2048,2048,128,16,2533.58
2048,2048,128,32,2548.63
2048,2048,128,64,3289.78
2048,2048,128,128,3603.57
2048,2048,128,256,3041.83
2048,2048,128,512,3006.82
2048,2048,128,1024,3901.67
2048,2048,128,2048,5537.96
2048,2048,128,4096,7285.19
2048,2048,128,8192,10680.4
2048,4096,0,0,5536.99
2048,4096,1,16,4002.82
2048,4096,1,32,4003.08
2048,4096,1,64,4005.25
2048,4096,1,128,4008.52
2048,4096,1,256,4015.07
2048,4096,1,512,4028.66
2048,4096,1,1024,4022.81
2048,4096,1,2048,4021.57
2048,4096,1,4096,4040.91
2048,4096,1,8192,4074.23
2048,4096,1,16384,4131.18
2048,4096,2,16,4017.56
2048,4096,2,32,4002.27
2048,4096,2,64,4006.63
2048,4096,2,128,4002.32
2048,4096,2,256,4013.36
2048,4096,2,512,4015.52
2048,4096,2,1024,4033.25
2048,4096,2,2048,4039.59
2048,4096,2,4096,4077.33
2048,4096,2,8192,4129.37
2048,4096,2,16384,4247.89
2048,4096,4,16,4013.78
2048,4096,4,32,4000.33
2048,4096,4,64,3991.65
2048,4096,4,128,4007.11
2048,4096,4,256,4014.29
2048,4096,4,512,4024.3
2048,4096,4,1024,4040.09
2048,4096,4,2048,4066.86
2048,4096,4,4096,4128.67
2048,4096,4,8192,4246.01
2048,4096,4,16384,4476.49
2048,4096,8,16,4000.03
2048,4096,8,32,4003.02
2048,4096,8,64,4005.44
2048,4096,8,128,4025.72
2048,4096,8,256,4026.97
2048,4096,8,512,4040.78
2048,4096,8,1024,4067.02
2048,4096,8,2048,4141.93
2048,4096,8,4096,4244.68
2048,4096,8,8192,4479.2
2048,4096,8,16384,4955.66
2048,4096,16,16,4002.25
2048,4096,16,32,4007.42
2048,4096,16,64,4022.57
2048,4096,16,128,4023.71
2048,4096,16,256,4035.93
2048,4096,16,512,5620.6
2048,4096,16,1024,4195.8
2048,4096,16,2048,4305.78
2048,4096,16,4096,4540.74
2048,4096,16,8192,5002.61
2048,4096,16,16384,6357.13
2048,4096,32,16,5317.92
2048,4096,32,32,5571.79
2048,4096,32,64,4048.62
2048,4096,32,128,4050.1
2048,4096,32,256,4072.41
2048,4096,32,512,4142.36
2048,4096,32,1024,4246.86
2048,4096,32,2048,4476.39
2048,4096,32,4096,4958.27
2048,4096,32,8192,5874.61
2048,4096,32,16384,7712.35
2048,4096,64,16,4028.41
2048,4096,64,32,4030.98
2048,4096,64,64,4048.88
2048,4096,64,128,4098.28
2048,4096,64,256,4161.46
2048,4096,64,512,4270.28
2048,4096,64,1024,4506.89
2048,4096,64,2048,4963.65
2048,4096,64,4096,5909.68
2048,4096,64,8192,7769.42
2048,4096,64,16384,11454
2048,4096,128,16,4068.93
2048,4096,128,32,4097.11
2048,4096,128,64,4121.95
2048,4096,128,128,4185.64
2048,4096,128,256,4316.83
2048,4096,128,512,4533.54
2048,4096,128,1024,4992.37
2048,4096,128,2048,5907.36
2048,4096,128,4096,7857.17
2048,4096,128,8192,13270.9
2048,8192,0,0,7253.33
2048,8192,1,16,7258.93
2048,8192,1,32,6978.15
2048,8192,1,64,6979.56
2048,8192,1,128,6924.44
2048,8192,1,256,6962.88
2048,8192,1,512,6997.36
2048,8192,1,1024,7005.57
2048,8192,1,2048,7008.02
2048,8192,1,4096,7013.97
2048,8192,1,8192,7053.54
2048,8192,1,16384,7086.15
2048,8192,2,16,6977.13
2048,8192,2,32,6979
2048,8192,2,64,6981.64
2048,8192,2,128,6992.72
2048,8192,2,256,6994.63
2048,8192,2,512,6971.25
2048,8192,2,1024,7019.26
2048,8192,2,2048,7019.74
2048,8192,2,4096,7043.88
2048,8192,2,8192,7113.29
2048,8192,2,16384,7241.06
2048,8192,4,16,6975.7
2048,8192,4,32,6992.79
2048,8192,4,64,7009.92
2048,8192,4,128,6998.08
2048,8192,4,256,6983.68
2048,8192,4,512,7013.96
2048,8192,4,1024,7029.01
2048,8192,4,2048,7033.36
2048,8192,4,4096,7131.99
2048,8192,4,8192,7222.11
2048,8192,4,16384,7485.76
2048,8192,8,16,7002.95
2048,8192,8,32,7012.82
2048,8192,8,64,6981.51
2048,8192,8,128,7032.95
2048,8192,8,256,7023.3
2048,8192,8,512,6987.03
2048,8192,8,1024,7075.49
2048,8192,8,2048,7109.39
2048,8192,8,4096,7247.59
2048,8192,8,8192,7466.8
2048,8192,8,16384,7913.42
2048,8192,16,16,7016.5
2048,8192,16,32,7031.72
2048,8192,16,64,7053.97
2048,8192,16,128,7008.66
2048,8192,16,256,7044.49
2048,8192,16,512,7075.79
2048,8192,16,1024,7136.86
2048,8192,16,2048,7238.62
2048,8192,16,4096,7461.67
2048,8192,16,8192,7924.68
2048,8192,16,16384,8871.82
2048,8192,32,16,7002.07
2048,8192,32,32,6980.24
2048,8192,32,64,7045.23
2048,8192,32,128,7030
2048,8192,32,256,7052.17
2048,8192,32,512,7141.98
2048,8192,32,1024,7227.56
2048,8192,32,2048,7491.83
2048,8192,32,4096,7955.34
2048,8192,32,8192,8874.44
2048,8192,32,16384,10734
2048,8192,64,16,6988.45
2048,8192,64,32,7018.83
2048,8192,64,64,7046.53
2048,8192,64,128,7092.01
2048,8192,64,256,7265.53
2048,8192,64,512,7285.64
2048,8192,64,1024,7478.25
2048,8192,64,2048,7977.91
2048,8192,64,4096,8912.01
2048,8192,64,8192,10765.9
2048,8192,64,16384,14440.2
2048,8192,128,16,7062.07
2048,8192,128,32,7098.17
2048,8192,128,64,7133.58
2048,8192,128,128,7143.54
2048,8192,128,256,7297.1
2048,8192,128,512,7563.91
2048,8192,128,1024,8045.13
2048,8192,128,2048,8945.46
2048,8192,128,4096,13844.6
2048,8192,128,8192,15449.6
2048,16384,0,0,12994
2048,16384,1,16,12951.6
2048,16384,1,32,12930.6
2048,16384,1,64,12915.7
2048,16384,1,128,12975.7
2048,16384,1,256,12935.4
2048,16384,1,512,12923.5
2048,16384,1,1024,12912.8
2048,16384,1,2048,12929.3
2048,16384,1,4096,12927.3
2048,16384,1,8192,13046.3
2048,16384,1,16384,13138.1
2048,16384,2,16,12905.8
2048,16384,2,32,12922
2048,16384,2,64,12975.1
2048,16384,2,128,12982.2
2048,16384,2,256,12901.5
2048,16384,2,512,12898.7
2048,16384,2,1024,12889.4
2048,16384,2,2048,12966.6
2048,16384,2,4096,12991.6
2048,16384,2,8192,12997.3
2048,16384,2,16384,13131.6
2048,16384,4,16,12881
2048,16384,4,32,12912.1
2048,16384,4,64,12873
2048,16384,4,128,12969.9
2048,16384,4,256,12956.6
2048,16384,4,512,12980.9
2048,16384,4,1024,12922.5
2048,16384,4,2048,13020.5
2048,16384,4,4096,13097.2
2048,16384,4,8192,13104.7
2048,16384,4,16384,13385.2
2048,16384,8,16,12869.6
2048,16384,8,32,12972.9
2048,16384,8,64,12965.2
2048,16384,8,128,12968.1
2048,16384,8,256,12984.6
2048,16384,8,512,12994.6
2048,16384,8,1024,13034.2
2048,16384,8,2048,13106.8
2048,16384,8,4096,13115.1
2048,16384,8,8192,13367.4
2048,16384,8,16384,13898.3
2048,16384,16,16,12912.5
2048,16384,16,32,12967.5
2048,16384,16,64,13027.1
2048,16384,16,128,12878.7
2048,16384,16,256,13016.9
2048,16384,16,512,13060.8
2048,16384,16,1024,13061.5
2048,16384,16,2048,13238.2
2048,16384,16,4096,13347.4
2048,16384,16,8192,13916.7
2048,16384,16,16384,14863.3
2048,16384,32,16,12970.3
2048,16384,32,32,13006.4
2048,16384,32,64,12987.3
2048,16384,32,128,12925.9
2048,16384,32,256,13049.2
2048,16384,32,512,12994
2048,16384,32,1024,13195.2
2048,16384,32,2048,13455.7
2048,16384,32,4096,13941.3
2048,16384,32,8192,14839.9
2048,16384,32,16384,16676.6
2048,16384,64,16,13098.2
2048,16384,64,32,12948.9
2048,16384,64,64,13042.7
2048,16384,64,128,13038.6
2048,16384,64,256,13108.8
2048,16384,64,512,13268.7
2048,16384,64,1024,13358.1
2048,16384,64,2048,13913.3
2048,16384,64,4096,14866.3
2048,16384,64,8192,16705
2048,16384,64,16384,20501.1
2048,16384,128,16,13082
2048,16384,128,32,13026
2048,16384,128,64,13132.2
2048,16384,128,128,13260.7
2048,16384,128,256,13336
2048,16384,128,512,13731.6
2048,16384,128,1024,17543.8
2048,16384,128,2048,17296.6
2048,16384,128,4096,16966.3
2048,16384,128,8192,20547.1
