pc,n_label,skew_rate_label,kv_big_label,kp_label,alpha,n_samples
0,n<=128,sr<=5%,kvB<=16k,kp=0,0.0463,1
0,n<=128,sr<=5%,kvB<=1k,kp=0,0.0624,2
0,n<=128,sr<=5%,kvB<=4k,kp=0,0.0485,2
0,n<=16,sr<=15%,kvB<=16k,kp=0,0.4122,4
0,n<=16,sr<=15%,kvB<=1k,kp=0,0.4874,4
0,n<=16,sr<=15%,kvB<=4k,kp=0,0.4104,4
0,n<=16,sr<=40%,kvB<=16k,kp=0,0.504,4
0,n<=16,sr<=40%,kvB<=1k,kp=0,0.5929,4
0,n<=16,sr<=40%,kvB<=4k,kp=0,0.4966,4
0,n<=16,sr<=70%,kvB<=16k,kp=0,0.9486,2
0,n<=16,sr<=70%,kvB<=1k,kp=0,0.582,2
0,n<=16,sr<=70%,kvB<=4k,kp=0,0.9507,2
0,n<=16,sr>70%,kvB<=16k,kp=0,0.932,4
0,n<=16,sr>70%,kvB<=1k,kp=0,0.443,4
0,n<=16,sr>70%,kvB<=4k,kp=0,0.9127,4
0,n<=2,sr<=70%,kvB<=16k,kp=0,-0.0136,2
0,n<=2,sr<=70%,kvB<=1k,kp=0,0.0237,2
0,n<=2,sr<=70%,kvB<=4k,kp=0,-0.1485,2
0,n<=32,sr<=15%,kvB<=16k,kp=0,0.3208,6
0,n<=32,sr<=15%,kvB<=1k,kp=0,0.3188,6
0,n<=32,sr<=15%,kvB<=4k,kp=0,0.3176,6
0,n<=32,sr<=40%,kvB<=16k,kp=0,0.2875,2
0,n<=32,sr<=40%,kvB<=1k,kp=0,0.2613,2
0,n<=32,sr<=40%,kvB<=4k,kp=0,0.2991,2
0,n<=32,sr<=5%,kvB<=16k,kp=0,0.2999,2
0,n<=32,sr<=5%,kvB<=1k,kp=0,0.4652,2
0,n<=32,sr<=5%,kvB<=4k,kp=0,0.2883,2
0,n<=32,sr<=70%,kvB<=16k,kp=0,0.4335,2
0,n<=32,sr<=70%,kvB<=1k,kp=0,0.5452,2
0,n<=32,sr<=70%,kvB<=4k,kp=0,0.5299,2
0,n<=32,sr>70%,kvB<=16k,kp=0,0.9469,4
0,n<=32,sr>70%,kvB<=1k,kp=0,0.9271,4
0,n<=32,sr>70%,kvB<=4k,kp=0,0.928,4
0,n<=4,sr<=40%,kvB<=16k,kp=0,0.0942,2
0,n<=4,sr<=40%,kvB<=1k,kp=0,0.3434,2
0,n<=4,sr<=40%,kvB<=4k,kp=0,0.0874,2
0,n<=4,sr<=70%,kvB<=16k,kp=0,0.0895,2
0,n<=4,sr<=70%,kvB<=1k,kp=0,0.0546,2
0,n<=4,sr<=70%,kvB<=4k,kp=0,0.0393,2
0,n<=4,sr>70%,kvB<=16k,kp=0,-0.0613,2
0,n<=4,sr>70%,kvB<=1k,kp=0,0.0663,2
0,n<=4,sr>70%,kvB<=4k,kp=0,-0.1819,2
0,n<=64,sr<=15%,kvB<=16k,kp=0,0.1373,4
0,n<=64,sr<=15%,kvB<=1k,kp=0,0.1509,4
0,n<=64,sr<=15%,kvB<=4k,kp=0,0.1358,4
0,n<=64,sr<=40%,kvB<=16k,kp=0,0.0743,2
0,n<=64,sr<=40%,kvB<=1k,kp=0,0.1233,2
0,n<=64,sr<=40%,kvB<=4k,kp=0,0.1382,2
0,n<=64,sr<=5%,kvB<=16k,kp=0,0.1428,6
0,n<=64,sr<=5%,kvB<=1k,kp=0,0.1393,6
0,n<=64,sr<=5%,kvB<=4k,kp=0,0.1403,6
0,n<=64,sr<=70%,kvB<=16k,kp=0,0.156,2
0,n<=64,sr<=70%,kvB<=1k,kp=0,0.1898,2
0,n<=64,sr<=70%,kvB<=4k,kp=0,0.1597,2
0,n<=64,sr>70%,kvB<=16k,kp=0,0.1614,4
0,n<=64,sr>70%,kvB<=1k,kp=0,0.3766,4
0,n<=64,sr>70%,kvB<=4k,kp=0,0.1682,4
0,n<=8,sr<=15%,kvB<=16k,kp=0,0.214,2
0,n<=8,sr<=15%,kvB<=1k,kp=0,0.0809,2
0,n<=8,sr<=15%,kvB<=4k,kp=0,0.2043,2
0,n<=8,sr<=40%,kvB<=16k,kp=0,0.0374,4
0,n<=8,sr<=40%,kvB<=1k,kp=0,0.1295,4
0,n<=8,sr<=40%,kvB<=4k,kp=0,0.0769,4
0,n<=8,sr<=70%,kvB<=16k,kp=0,0.1071,2
0,n<=8,sr<=70%,kvB<=1k,kp=0,0.5557,2
0,n<=8,sr<=70%,kvB<=4k,kp=0,0.1122,2
0,n<=8,sr>70%,kvB<=16k,kp=0,0.9025,4
0,n<=8,sr>70%,kvB<=1k,kp=0,0.3529,4
0,n<=8,sr>70%,kvB<=4k,kp=0,0.9035,4
16,n<=16,sr<=15%,kvB<=16k,kp<=1k,0.3986,4
16,n<=16,sr<=15%,kvB<=16k,kp<=2k,0.3993,4
16,n<=16,sr<=15%,kvB<=16k,kp<=4k,0.3994,4
16,n<=16,sr<=15%,kvB<=16k,kp<=512,0.3985,4
16,n<=16,sr<=15%,kvB<=16k,kp<=8k,0.3994,4
16,n<=16,sr<=15%,kvB<=16k,kp=0,0.3834,4
16,n<=16,sr<=15%,kvB<=1k,kp<=1k,0.4176,4
16,n<=16,sr<=15%,kvB<=1k,kp<=2k,0.4176,4
16,n<=16,sr<=15%,kvB<=1k,kp<=4k,0.4179,4
16,n<=16,sr<=15%,kvB<=1k,kp<=512,0.4089,4
16,n<=16,sr<=15%,kvB<=1k,kp<=8k,0.4179,4
16,n<=16,sr<=15%,kvB<=1k,kp=0,0.4284,4
16,n<=16,sr<=15%,kvB<=4k,kp<=1k,0.4009,4
16,n<=16,sr<=15%,kvB<=4k,kp<=2k,0.4003,4
16,n<=16,sr<=15%,kvB<=4k,kp<=4k,0.3982,4
16,n<=16,sr<=15%,kvB<=4k,kp<=512,0.3967,4
16,n<=16,sr<=15%,kvB<=4k,kp<=8k,0.401,4
16,n<=16,sr<=15%,kvB<=4k,kp=0,0.406,4
16,n<=16,sr<=40%,kvB<=16k,kp<=1k,0.5042,4
16,n<=16,sr<=40%,kvB<=16k,kp<=2k,0.5083,4
16,n<=16,sr<=40%,kvB<=16k,kp<=4k,0.5076,4
16,n<=16,sr<=40%,kvB<=16k,kp<=512,0.506,4
16,n<=16,sr<=40%,kvB<=16k,kp<=8k,0.5057,4
16,n<=16,sr<=40%,kvB<=16k,kp=0,0.5076,4
16,n<=16,sr<=40%,kvB<=1k,kp<=1k,0.4736,4
16,n<=16,sr<=40%,kvB<=1k,kp<=2k,0.4646,4
16,n<=16,sr<=40%,kvB<=1k,kp<=4k,0.4813,4
16,n<=16,sr<=40%,kvB<=1k,kp<=512,0.4834,4
16,n<=16,sr<=40%,kvB<=1k,kp<=8k,0.4601,4
16,n<=16,sr<=40%,kvB<=1k,kp=0,0.4731,4
16,n<=16,sr<=40%,kvB<=4k,kp<=1k,0.4943,4
16,n<=16,sr<=40%,kvB<=4k,kp<=2k,0.4946,4
16,n<=16,sr<=40%,kvB<=4k,kp<=4k,0.4957,4
16,n<=16,sr<=40%,kvB<=4k,kp<=512,0.4982,4
16,n<=16,sr<=40%,kvB<=4k,kp<=8k,0.4975,4
16,n<=16,sr<=40%,kvB<=4k,kp=0,0.4943,4
16,n<=16,sr<=70%,kvB<=16k,kp<=1k,0.9443,2
16,n<=16,sr<=70%,kvB<=16k,kp<=2k,0.9451,2
16,n<=16,sr<=70%,kvB<=16k,kp<=4k,0.9537,2
16,n<=16,sr<=70%,kvB<=16k,kp<=512,0.9452,2
16,n<=16,sr<=70%,kvB<=16k,kp<=8k,0.9508,2
16,n<=16,sr<=70%,kvB<=16k,kp=0,0.9473,2
16,n<=16,sr<=70%,kvB<=1k,kp<=1k,0.8826,2
16,n<=16,sr<=70%,kvB<=1k,kp<=2k,0.8947,2
16,n<=16,sr<=70%,kvB<=1k,kp<=4k,0.8974,2
16,n<=16,sr<=70%,kvB<=1k,kp<=512,0.8892,2
16,n<=16,sr<=70%,kvB<=1k,kp<=8k,0.8981,2
16,n<=16,sr<=70%,kvB<=1k,kp=0,0.8955,2
16,n<=16,sr<=70%,kvB<=4k,kp<=1k,0.9286,2
16,n<=16,sr<=70%,kvB<=4k,kp<=2k,0.9366,2
16,n<=16,sr<=70%,kvB<=4k,kp<=4k,0.9274,2
16,n<=16,sr<=70%,kvB<=4k,kp<=512,0.9341,2
16,n<=16,sr<=70%,kvB<=4k,kp<=8k,0.9312,2
16,n<=16,sr<=70%,kvB<=4k,kp=0,0.942,2
16,n<=16,sr>70%,kvB<=16k,kp<=1k,0.9206,4
16,n<=16,sr>70%,kvB<=16k,kp<=2k,0.9293,4
16,n<=16,sr>70%,kvB<=16k,kp<=4k,0.9291,4
16,n<=16,sr>70%,kvB<=16k,kp<=512,0.93,4
16,n<=16,sr>70%,kvB<=16k,kp<=8k,0.9199,4
16,n<=16,sr>70%,kvB<=16k,kp=0,0.9326,4
16,n<=16,sr>70%,kvB<=1k,kp<=1k,0.8483,4
16,n<=16,sr>70%,kvB<=1k,kp<=2k,0.8738,4
16,n<=16,sr>70%,kvB<=1k,kp<=4k,0.8494,4
16,n<=16,sr>70%,kvB<=1k,kp<=512,0.8342,4
16,n<=16,sr>70%,kvB<=1k,kp<=8k,0.8701,4
16,n<=16,sr>70%,kvB<=1k,kp=0,0.8918,4
16,n<=16,sr>70%,kvB<=4k,kp<=1k,0.916,4
16,n<=16,sr>70%,kvB<=4k,kp<=2k,0.9079,4
16,n<=16,sr>70%,kvB<=4k,kp<=4k,0.9007,4
16,n<=16,sr>70%,kvB<=4k,kp<=512,0.9124,4
16,n<=16,sr>70%,kvB<=4k,kp<=8k,0.9109,4
16,n<=16,sr>70%,kvB<=4k,kp=0,0.9301,4
16,n<=2,sr<=70%,kvB<=16k,kp<=1k,-0.0326,2
16,n<=2,sr<=70%,kvB<=16k,kp<=2k,-0.0342,2
16,n<=2,sr<=70%,kvB<=16k,kp<=4k,-0.0349,2
16,n<=2,sr<=70%,kvB<=16k,kp<=512,-0.0407,2
16,n<=2,sr<=70%,kvB<=16k,kp<=8k,-0.0174,2
16,n<=2,sr<=70%,kvB<=16k,kp=0,-0.0164,2
16,n<=2,sr<=70%,kvB<=1k,kp<=1k,-0.0235,2
16,n<=2,sr<=70%,kvB<=1k,kp<=2k,-0.0094,2
16,n<=2,sr<=70%,kvB<=1k,kp<=4k,0.071,2
16,n<=2,sr<=70%,kvB<=1k,kp<=512,0.0384,2
16,n<=2,sr<=70%,kvB<=1k,kp<=8k,0.0418,2
16,n<=2,sr<=70%,kvB<=1k,kp=0,0.0202,2
16,n<=2,sr<=70%,kvB<=4k,kp<=1k,-0.1354,2
16,n<=2,sr<=70%,kvB<=4k,kp<=2k,-0.0973,2
16,n<=2,sr<=70%,kvB<=4k,kp<=4k,-0.1585,2
16,n<=2,sr<=70%,kvB<=4k,kp<=512,-0.1398,2
16,n<=2,sr<=70%,kvB<=4k,kp<=8k,-0.1362,2
16,n<=2,sr<=70%,kvB<=4k,kp=0,-0.1507,2
16,n<=32,sr<=15%,kvB<=16k,kp<=1k,0.2934,6
16,n<=32,sr<=15%,kvB<=16k,kp<=2k,0.3162,6
16,n<=32,sr<=15%,kvB<=16k,kp<=4k,0.344,6
16,n<=32,sr<=15%,kvB<=16k,kp<=512,0.3009,6
16,n<=32,sr<=15%,kvB<=16k,kp<=8k,0.2963,6
16,n<=32,sr<=15%,kvB<=16k,kp=0,0.3239,6
16,n<=32,sr<=15%,kvB<=1k,kp<=1k,0.3335,6
16,n<=32,sr<=15%,kvB<=1k,kp<=2k,0.3165,6
16,n<=32,sr<=15%,kvB<=1k,kp<=4k,0.3381,6
16,n<=32,sr<=15%,kvB<=1k,kp<=512,0.2948,6
16,n<=32,sr<=15%,kvB<=1k,kp<=8k,0.3034,6
16,n<=32,sr<=15%,kvB<=1k,kp=0,0.3316,6
16,n<=32,sr<=15%,kvB<=4k,kp<=1k,0.2949,6
16,n<=32,sr<=15%,kvB<=4k,kp<=2k,0.3001,6
16,n<=32,sr<=15%,kvB<=4k,kp<=4k,0.31,6
16,n<=32,sr<=15%,kvB<=4k,kp<=512,0.318,6
16,n<=32,sr<=15%,kvB<=4k,kp<=8k,0.335,6
16,n<=32,sr<=15%,kvB<=4k,kp=0,0.2728,6
16,n<=32,sr<=40%,kvB<=16k,kp<=1k,0.316,2
16,n<=32,sr<=40%,kvB<=16k,kp<=2k,0.3176,2
16,n<=32,sr<=40%,kvB<=16k,kp<=4k,0.2942,2
16,n<=32,sr<=40%,kvB<=16k,kp<=512,0.3109,2
16,n<=32,sr<=40%,kvB<=16k,kp<=8k,0.3124,2
16,n<=32,sr<=40%,kvB<=16k,kp=0,0.3183,2
16,n<=32,sr<=40%,kvB<=1k,kp<=1k,0.3115,2
16,n<=32,sr<=40%,kvB<=1k,kp<=2k,0.3015,2
16,n<=32,sr<=40%,kvB<=1k,kp<=4k,0.2894,2
16,n<=32,sr<=40%,kvB<=1k,kp<=512,0.2855,2
16,n<=32,sr<=40%,kvB<=1k,kp<=8k,0.3109,2
16,n<=32,sr<=40%,kvB<=1k,kp=0,0.2832,2
16,n<=32,sr<=40%,kvB<=4k,kp<=1k,0.2929,2
16,n<=32,sr<=40%,kvB<=4k,kp<=2k,0.3094,2
16,n<=32,sr<=40%,kvB<=4k,kp<=4k,0.3063,2
16,n<=32,sr<=40%,kvB<=4k,kp<=512,0.2879,2
16,n<=32,sr<=40%,kvB<=4k,kp<=8k,0.3075,2
16,n<=32,sr<=40%,kvB<=4k,kp=0,0.3037,2
16,n<=32,sr<=5%,kvB<=16k,kp<=1k,0.3717,2
16,n<=32,sr<=5%,kvB<=16k,kp<=2k,0.3507,2
16,n<=32,sr<=5%,kvB<=16k,kp<=4k,0.288,2
16,n<=32,sr<=5%,kvB<=16k,kp<=512,0.2967,2
16,n<=32,sr<=5%,kvB<=16k,kp<=8k,0.3273,2
16,n<=32,sr<=5%,kvB<=16k,kp=0,0.2971,2
16,n<=32,sr<=5%,kvB<=1k,kp<=1k,0.2937,2
16,n<=32,sr<=5%,kvB<=1k,kp<=2k,0.31,2
16,n<=32,sr<=5%,kvB<=1k,kp<=4k,0.3187,2
16,n<=32,sr<=5%,kvB<=1k,kp<=512,0.3571,2
16,n<=32,sr<=5%,kvB<=1k,kp<=8k,0.2963,2
16,n<=32,sr<=5%,kvB<=1k,kp=0,0.3656,2
16,n<=32,sr<=5%,kvB<=4k,kp<=1k,0.3297,2
16,n<=32,sr<=5%,kvB<=4k,kp<=2k,0.287,2
16,n<=32,sr<=5%,kvB<=4k,kp<=4k,0.2953,2
16,n<=32,sr<=5%,kvB<=4k,kp<=512,0.3181,2
16,n<=32,sr<=5%,kvB<=4k,kp<=8k,0.2865,2
16,n<=32,sr<=5%,kvB<=4k,kp=0,0.3238,2
16,n<=32,sr<=70%,kvB<=16k,kp<=1k,0.6343,2
16,n<=32,sr<=70%,kvB<=16k,kp<=2k,0.63,2
16,n<=32,sr<=70%,kvB<=16k,kp<=4k,0.6362,2
16,n<=32,sr<=70%,kvB<=16k,kp<=512,0.6324,2
16,n<=32,sr<=70%,kvB<=16k,kp<=8k,0.6334,2
16,n<=32,sr<=70%,kvB<=16k,kp=0,0.6362,2
16,n<=32,sr<=70%,kvB<=1k,kp<=1k,0.4986,2
16,n<=32,sr<=70%,kvB<=1k,kp<=2k,0.541,2
16,n<=32,sr<=70%,kvB<=1k,kp<=4k,0.5398,2
16,n<=32,sr<=70%,kvB<=1k,kp<=512,0.4882,2
16,n<=32,sr<=70%,kvB<=1k,kp<=8k,0.4979,2
16,n<=32,sr<=70%,kvB<=1k,kp=0,0.4655,2
16,n<=32,sr<=70%,kvB<=4k,kp<=1k,0.6663,2
16,n<=32,sr<=70%,kvB<=4k,kp<=2k,0.6559,2
16,n<=32,sr<=70%,kvB<=4k,kp<=4k,0.6563,2
16,n<=32,sr<=70%,kvB<=4k,kp<=512,0.6563,2
16,n<=32,sr<=70%,kvB<=4k,kp<=8k,0.6397,2
16,n<=32,sr<=70%,kvB<=4k,kp=0,0.5525,2
16,n<=32,sr>70%,kvB<=16k,kp<=1k,0.951,4
16,n<=32,sr>70%,kvB<=16k,kp<=2k,0.9412,4
16,n<=32,sr>70%,kvB<=16k,kp<=4k,0.953,4
16,n<=32,sr>70%,kvB<=16k,kp<=512,0.9881,4
16,n<=32,sr>70%,kvB<=16k,kp<=8k,0.9495,4
16,n<=32,sr>70%,kvB<=16k,kp=0,0.9363,4
16,n<=32,sr>70%,kvB<=1k,kp<=1k,0.8916,4
16,n<=32,sr>70%,kvB<=1k,kp<=2k,0.8748,4
16,n<=32,sr>70%,kvB<=1k,kp<=4k,0.87,4
16,n<=32,sr>70%,kvB<=1k,kp<=512,0.876,4
16,n<=32,sr>70%,kvB<=1k,kp<=8k,0.8682,4
16,n<=32,sr>70%,kvB<=1k,kp=0,0.8799,4
16,n<=32,sr>70%,kvB<=4k,kp<=1k,0.9211,4
16,n<=32,sr>70%,kvB<=4k,kp<=2k,0.9187,4
16,n<=32,sr>70%,kvB<=4k,kp<=4k,0.9206,4
16,n<=32,sr>70%,kvB<=4k,kp<=512,0.9304,4
16,n<=32,sr>70%,kvB<=4k,kp<=8k,0.9212,4
16,n<=32,sr>70%,kvB<=4k,kp=0,0.9174,4
16,n<=4,sr<=40%,kvB<=16k,kp<=1k,0.092,2
16,n<=4,sr<=40%,kvB<=16k,kp<=2k,0.0875,2
16,n<=4,sr<=40%,kvB<=16k,kp<=4k,0.0847,2
16,n<=4,sr<=40%,kvB<=16k,kp<=512,0.095,2
16,n<=4,sr<=40%,kvB<=16k,kp<=8k,0.0889,2
16,n<=4,sr<=40%,kvB<=16k,kp=0,0.0952,2
16,n<=4,sr<=40%,kvB<=1k,kp<=1k,0.194,2
16,n<=4,sr<=40%,kvB<=1k,kp<=2k,0.1697,2
16,n<=4,sr<=40%,kvB<=1k,kp<=4k,0.2031,2
16,n<=4,sr<=40%,kvB<=1k,kp<=512,0.1998,2
16,n<=4,sr<=40%,kvB<=1k,kp<=8k,0.2013,2
16,n<=4,sr<=40%,kvB<=1k,kp=0,0.2101,2
16,n<=4,sr<=40%,kvB<=4k,kp<=1k,0.0699,2
16,n<=4,sr<=40%,kvB<=4k,kp<=2k,0.0724,2
16,n<=4,sr<=40%,kvB<=4k,kp<=4k,0.0771,2
16,n<=4,sr<=40%,kvB<=4k,kp<=512,0.0726,2
16,n<=4,sr<=40%,kvB<=4k,kp<=8k,0.0573,2
16,n<=4,sr<=40%,kvB<=4k,kp=0,0.0818,2
16,n<=4,sr<=70%,kvB<=16k,kp<=1k,0.0819,2
16,n<=4,sr<=70%,kvB<=16k,kp<=2k,0.0796,2
16,n<=4,sr<=70%,kvB<=16k,kp<=4k,0.0752,2
16,n<=4,sr<=70%,kvB<=16k,kp<=512,0.0873,2
16,n<=4,sr<=70%,kvB<=16k,kp<=8k,0.0841,2
16,n<=4,sr<=70%,kvB<=16k,kp=0,0.0903,2
16,n<=4,sr<=70%,kvB<=1k,kp<=1k,0.0188,2
16,n<=4,sr<=70%,kvB<=1k,kp<=2k,0.1002,2
16,n<=4,sr<=70%,kvB<=1k,kp<=4k,0.0634,2
16,n<=4,sr<=70%,kvB<=1k,kp<=512,0.0267,2
16,n<=4,sr<=70%,kvB<=1k,kp<=8k,-0.0367,2
16,n<=4,sr<=70%,kvB<=1k,kp=0,-0.0154,2
16,n<=4,sr<=70%,kvB<=4k,kp<=1k,0.064,2
16,n<=4,sr<=70%,kvB<=4k,kp<=2k,0.0365,2
16,n<=4,sr<=70%,kvB<=4k,kp<=4k,0.0701,2
16,n<=4,sr<=70%,kvB<=4k,kp<=512,0.0582,2
16,n<=4,sr<=70%,kvB<=4k,kp<=8k,0.0603,2
16,n<=4,sr<=70%,kvB<=4k,kp=0,0.063,2
16,n<=4,sr>70%,kvB<=16k,kp<=1k,-0.0517,2
16,n<=4,sr>70%,kvB<=16k,kp<=2k,-0.0539,2
16,n<=4,sr>70%,kvB<=16k,kp<=4k,-0.0377,2
16,n<=4,sr>70%,kvB<=16k,kp<=512,-0.0482,2
16,n<=4,sr>70%,kvB<=16k,kp<=8k,-0.0524,2
16,n<=4,sr>70%,kvB<=16k,kp=0,-0.0647,2
16,n<=4,sr>70%,kvB<=1k,kp<=1k,0.104,2
16,n<=4,sr>70%,kvB<=1k,kp<=2k,0.0228,2
16,n<=4,sr>70%,kvB<=1k,kp<=4k,-0.0894,2
16,n<=4,sr>70%,kvB<=1k,kp<=512,0.0089,2
16,n<=4,sr>70%,kvB<=1k,kp<=8k,0.0242,2
16,n<=4,sr>70%,kvB<=1k,kp=0,0.0873,2
16,n<=4,sr>70%,kvB<=4k,kp<=1k,-0.1243,2
16,n<=4,sr>70%,kvB<=4k,kp<=2k,-0.1561,2
16,n<=4,sr>70%,kvB<=4k,kp<=4k,-0.0876,2
16,n<=4,sr>70%,kvB<=4k,kp<=512,-0.1095,2
16,n<=4,sr>70%,kvB<=4k,kp<=8k,-0.1372,2
16,n<=4,sr>70%,kvB<=4k,kp=0,-0.1249,2
16,n<=64,sr<=15%,kvB<=16k,kp<=1k,0.1282,4
16,n<=64,sr<=15%,kvB<=16k,kp<=2k,0.1208,4
16,n<=64,sr<=15%,kvB<=16k,kp<=4k,0.1213,4
16,n<=64,sr<=15%,kvB<=16k,kp<=512,0.1261,4
16,n<=64,sr<=15%,kvB<=16k,kp<=8k,0.1338,4
16,n<=64,sr<=15%,kvB<=16k,kp=0,0.1357,4
16,n<=64,sr<=15%,kvB<=1k,kp<=1k,0.1765,4
16,n<=64,sr<=15%,kvB<=1k,kp<=2k,0.1775,4
16,n<=64,sr<=15%,kvB<=1k,kp<=4k,0.1529,4
16,n<=64,sr<=15%,kvB<=1k,kp<=512,0.1638,4
16,n<=64,sr<=15%,kvB<=1k,kp<=8k,0.1727,4
16,n<=64,sr<=15%,kvB<=1k,kp=0,0.177,4
16,n<=64,sr<=15%,kvB<=4k,kp<=1k,0.1228,4
16,n<=64,sr<=15%,kvB<=4k,kp<=2k,0.1446,4
16,n<=64,sr<=15%,kvB<=4k,kp<=4k,0.13,4
16,n<=64,sr<=15%,kvB<=4k,kp<=512,0.1459,4
16,n<=64,sr<=15%,kvB<=4k,kp<=8k,0.1287,4
16,n<=64,sr<=15%,kvB<=4k,kp=0,0.1326,4
16,n<=64,sr<=40%,kvB<=16k,kp<=1k,0.1086,2
16,n<=64,sr<=40%,kvB<=16k,kp<=2k,0.1004,2
16,n<=64,sr<=40%,kvB<=16k,kp<=4k,0.1084,2
16,n<=64,sr<=40%,kvB<=16k,kp<=512,0.1099,2
16,n<=64,sr<=40%,kvB<=16k,kp<=8k,0.1107,2
16,n<=64,sr<=40%,kvB<=16k,kp=0,0.1103,2
16,n<=64,sr<=40%,kvB<=1k,kp<=1k,0.1201,2
16,n<=64,sr<=40%,kvB<=1k,kp<=2k,0.1151,2
16,n<=64,sr<=40%,kvB<=1k,kp<=4k,0.1201,2
16,n<=64,sr<=40%,kvB<=1k,kp<=512,0.1334,2
16,n<=64,sr<=40%,kvB<=1k,kp<=8k,0.1163,2
16,n<=64,sr<=40%,kvB<=1k,kp=0,0.1238,2
16,n<=64,sr<=40%,kvB<=4k,kp<=1k,0.1384,2
16,n<=64,sr<=40%,kvB<=4k,kp<=2k,0.1275,2
16,n<=64,sr<=40%,kvB<=4k,kp<=4k,0.1382,2
16,n<=64,sr<=40%,kvB<=4k,kp<=512,0.1402,2
16,n<=64,sr<=40%,kvB<=4k,kp<=8k,0.1443,2
16,n<=64,sr<=40%,kvB<=4k,kp=0,0.1363,2
16,n<=64,sr<=5%,kvB<=16k,kp<=1k,0.147,6
16,n<=64,sr<=5%,kvB<=16k,kp<=2k,0.1362,6
16,n<=64,sr<=5%,kvB<=16k,kp<=4k,0.1504,6
16,n<=64,sr<=5%,kvB<=16k,kp<=512,0.1602,6
16,n<=64,sr<=5%,kvB<=16k,kp<=8k,0.1532,6
16,n<=64,sr<=5%,kvB<=16k,kp=0,0.1544,6
16,n<=64,sr<=5%,kvB<=1k,kp<=1k,0.1527,6
16,n<=64,sr<=5%,kvB<=1k,kp<=2k,0.1486,6
16,n<=64,sr<=5%,kvB<=1k,kp<=4k,0.1574,6
16,n<=64,sr<=5%,kvB<=1k,kp<=512,0.1551,6
16,n<=64,sr<=5%,kvB<=1k,kp<=8k,0.156,6
16,n<=64,sr<=5%,kvB<=1k,kp=0,0.1459,6
16,n<=64,sr<=5%,kvB<=4k,kp<=1k,0.1467,6
16,n<=64,sr<=5%,kvB<=4k,kp<=2k,0.1422,6
16,n<=64,sr<=5%,kvB<=4k,kp<=4k,0.149,6
16,n<=64,sr<=5%,kvB<=4k,kp<=512,0.1548,6
16,n<=64,sr<=5%,kvB<=4k,kp<=8k,0.1414,6
16,n<=64,sr<=5%,kvB<=4k,kp=0,0.1538,6
16,n<=64,sr<=70%,kvB<=16k,kp<=1k,0.1381,2
16,n<=64,sr<=70%,kvB<=16k,kp<=2k,0.1445,2
16,n<=64,sr<=70%,kvB<=16k,kp<=4k,0.1584,2
16,n<=64,sr<=70%,kvB<=16k,kp<=512,0.156,2
16,n<=64,sr<=70%,kvB<=16k,kp<=8k,0.1577,2
16,n<=64,sr<=70%,kvB<=16k,kp=0,0.1621,2
16,n<=64,sr<=70%,kvB<=1k,kp<=1k,0.1469,2
16,n<=64,sr<=70%,kvB<=1k,kp<=2k,0.1592,2
16,n<=64,sr<=70%,kvB<=1k,kp<=4k,0.1572,2
16,n<=64,sr<=70%,kvB<=1k,kp<=512,0.1443,2
16,n<=64,sr<=70%,kvB<=1k,kp<=8k,0.1615,2
16,n<=64,sr<=70%,kvB<=1k,kp=0,0.1472,2
16,n<=64,sr<=70%,kvB<=4k,kp<=1k,0.1959,2
16,n<=64,sr<=70%,kvB<=4k,kp<=2k,0.1766,2
16,n<=64,sr<=70%,kvB<=4k,kp<=4k,0.18,2
16,n<=64,sr<=70%,kvB<=4k,kp<=512,0.1535,2
16,n<=64,sr<=70%,kvB<=4k,kp<=8k,0.1803,2
16,n<=64,sr<=70%,kvB<=4k,kp=0,0.1809,2
16,n<=64,sr>70%,kvB<=16k,kp<=1k,0.1485,4
16,n<=64,sr>70%,kvB<=16k,kp<=2k,0.1362,4
16,n<=64,sr>70%,kvB<=16k,kp<=4k,0.1467,4
16,n<=64,sr>70%,kvB<=16k,kp<=512,0.15,4
16,n<=64,sr>70%,kvB<=16k,kp<=8k,0.1519,4
16,n<=64,sr>70%,kvB<=16k,kp=0,0.1494,4
16,n<=64,sr>70%,kvB<=1k,kp<=1k,0.2206,4
16,n<=64,sr>70%,kvB<=1k,kp<=2k,0.2259,4
16,n<=64,sr>70%,kvB<=1k,kp<=4k,0.2217,4
16,n<=64,sr>70%,kvB<=1k,kp<=512,0.2013,4
16,n<=64,sr>70%,kvB<=1k,kp<=8k,0.2031,4
16,n<=64,sr>70%,kvB<=1k,kp=0,0.2071,4
16,n<=64,sr>70%,kvB<=4k,kp<=1k,0.1804,4
16,n<=64,sr>70%,kvB<=4k,kp<=2k,0.1646,4
16,n<=64,sr>70%,kvB<=4k,kp<=4k,0.1758,4
16,n<=64,sr>70%,kvB<=4k,kp<=512,0.1845,4
16,n<=64,sr>70%,kvB<=4k,kp<=8k,0.1473,4
16,n<=64,sr>70%,kvB<=4k,kp=0,0.1612,4
16,n<=8,sr<=15%,kvB<=16k,kp<=1k,0.2145,2
16,n<=8,sr<=15%,kvB<=16k,kp<=2k,0.2117,2
16,n<=8,sr<=15%,kvB<=16k,kp<=4k,0.2141,2
16,n<=8,sr<=15%,kvB<=16k,kp<=512,0.2133,2
16,n<=8,sr<=15%,kvB<=16k,kp<=8k,0.2125,2
16,n<=8,sr<=15%,kvB<=16k,kp=0,0.2156,2
16,n<=8,sr<=15%,kvB<=1k,kp<=1k,0.1603,2
16,n<=8,sr<=15%,kvB<=1k,kp<=2k,0.1278,2
16,n<=8,sr<=15%,kvB<=1k,kp<=4k,0.115,2
16,n<=8,sr<=15%,kvB<=1k,kp<=512,0.1453,2
16,n<=8,sr<=15%,kvB<=1k,kp<=8k,0.1263,2
16,n<=8,sr<=15%,kvB<=1k,kp=0,0.1507,2
16,n<=8,sr<=15%,kvB<=4k,kp<=1k,0.2013,2
16,n<=8,sr<=15%,kvB<=4k,kp<=2k,0.1937,2
16,n<=8,sr<=15%,kvB<=4k,kp<=4k,0.1839,2
16,n<=8,sr<=15%,kvB<=4k,kp<=512,0.1967,2
16,n<=8,sr<=15%,kvB<=4k,kp<=8k,0.2001,2
16,n<=8,sr<=15%,kvB<=4k,kp=0,0.2044,2
16,n<=8,sr<=40%,kvB<=16k,kp<=1k,0.0403,4
16,n<=8,sr<=40%,kvB<=16k,kp<=2k,0.0365,4
16,n<=8,sr<=40%,kvB<=16k,kp<=4k,0.0384,4
16,n<=8,sr<=40%,kvB<=16k,kp<=512,0.039,4
16,n<=8,sr<=40%,kvB<=16k,kp<=8k,0.0376,4
16,n<=8,sr<=40%,kvB<=16k,kp=0,0.0407,4
16,n<=8,sr<=40%,kvB<=1k,kp<=1k,0.0497,4
16,n<=8,sr<=40%,kvB<=1k,kp<=2k,0.0594,4
16,n<=8,sr<=40%,kvB<=1k,kp<=4k,0.0328,4
16,n<=8,sr<=40%,kvB<=1k,kp<=512,0.0519,4
16,n<=8,sr<=40%,kvB<=1k,kp<=8k,0.0591,4
16,n<=8,sr<=40%,kvB<=1k,kp=0,0.0511,4
16,n<=8,sr<=40%,kvB<=4k,kp<=1k,0.0389,4
16,n<=8,sr<=40%,kvB<=4k,kp<=2k,0.0202,4
16,n<=8,sr<=40%,kvB<=4k,kp<=4k,0.093,4
16,n<=8,sr<=40%,kvB<=4k,kp<=512,0.0456,4
16,n<=8,sr<=40%,kvB<=4k,kp<=8k,0.0556,4
16,n<=8,sr<=40%,kvB<=4k,kp=0,0.0566,4
16,n<=8,sr<=70%,kvB<=16k,kp<=1k,0.1127,2
16,n<=8,sr<=70%,kvB<=16k,kp<=2k,0.1054,2
16,n<=8,sr<=70%,kvB<=16k,kp<=4k,0.109,2
16,n<=8,sr<=70%,kvB<=16k,kp<=512,0.1106,2
16,n<=8,sr<=70%,kvB<=16k,kp<=8k,0.0978,2
16,n<=8,sr<=70%,kvB<=16k,kp=0,0.106,2
16,n<=8,sr<=70%,kvB<=1k,kp<=1k,0.0968,2
16,n<=8,sr<=70%,kvB<=1k,kp<=2k,0.1212,2
16,n<=8,sr<=70%,kvB<=1k,kp<=4k,0.0547,2
16,n<=8,sr<=70%,kvB<=1k,kp<=512,0.0417,2
16,n<=8,sr<=70%,kvB<=1k,kp<=8k,0.0484,2
16,n<=8,sr<=70%,kvB<=1k,kp=0,0.0527,2
16,n<=8,sr<=70%,kvB<=4k,kp<=1k,0.1176,2
16,n<=8,sr<=70%,kvB<=4k,kp<=2k,0.1185,2
16,n<=8,sr<=70%,kvB<=4k,kp<=4k,0.1202,2
16,n<=8,sr<=70%,kvB<=4k,kp<=512,0.1038,2
16,n<=8,sr<=70%,kvB<=4k,kp<=8k,0.1194,2
16,n<=8,sr<=70%,kvB<=4k,kp=0,0.1156,2
16,n<=8,sr>70%,kvB<=16k,kp<=1k,0.9347,4
16,n<=8,sr>70%,kvB<=16k,kp<=2k,0.9362,4
16,n<=8,sr>70%,kvB<=16k,kp<=4k,0.9333,4
16,n<=8,sr>70%,kvB<=16k,kp<=512,0.9337,4
16,n<=8,sr>70%,kvB<=16k,kp<=8k,0.941,4
16,n<=8,sr>70%,kvB<=16k,kp=0,0.9336,4
16,n<=8,sr>70%,kvB<=1k,kp<=1k,1.0567,4
16,n<=8,sr>70%,kvB<=1k,kp<=2k,0.9012,4
16,n<=8,sr>70%,kvB<=1k,kp<=4k,0.8369,4
16,n<=8,sr>70%,kvB<=1k,kp<=512,0.8361,4
16,n<=8,sr>70%,kvB<=1k,kp<=8k,0.8931,4
16,n<=8,sr>70%,kvB<=1k,kp=0,0.8726,4
16,n<=8,sr>70%,kvB<=4k,kp<=1k,0.9543,4
16,n<=8,sr>70%,kvB<=4k,kp<=2k,0.9456,4
16,n<=8,sr>70%,kvB<=4k,kp<=4k,0.9557,4
16,n<=8,sr>70%,kvB<=4k,kp<=512,0.9746,4
16,n<=8,sr>70%,kvB<=4k,kp<=8k,0.9685,4
16,n<=8,sr>70%,kvB<=4k,kp=0,0.9486,4
32,n<=16,sr<=15%,kvB<=16k,kp<=1k,0.3986,4
32,n<=16,sr<=15%,kvB<=16k,kp<=2k,0.4011,4
32,n<=16,sr<=15%,kvB<=16k,kp<=4k,0.4029,4
32,n<=16,sr<=15%,kvB<=16k,kp<=512,0.3998,4
32,n<=16,sr<=15%,kvB<=16k,kp<=8k,0.4017,4
32,n<=16,sr<=15%,kvB<=16k,kp=0,0.4009,4
32,n<=16,sr<=15%,kvB<=1k,kp<=1k,0.4189,4
32,n<=16,sr<=15%,kvB<=1k,kp<=2k,0.4181,4
32,n<=16,sr<=15%,kvB<=1k,kp<=4k,0.4198,4
32,n<=16,sr<=15%,kvB<=1k,kp<=512,0.4045,4
32,n<=16,sr<=15%,kvB<=1k,kp<=8k,0.4368,4
32,n<=16,sr<=15%,kvB<=1k,kp=0,0.4134,4
32,n<=16,sr<=15%,kvB<=4k,kp<=1k,0.4005,4
32,n<=16,sr<=15%,kvB<=4k,kp<=2k,0.4003,4
32,n<=16,sr<=15%,kvB<=4k,kp<=4k,0.4007,4
32,n<=16,sr<=15%,kvB<=4k,kp<=512,0.3936,4
32,n<=16,sr<=15%,kvB<=4k,kp<=8k,0.4031,4
32,n<=16,sr<=15%,kvB<=4k,kp=0,0.3961,4
32,n<=16,sr<=40%,kvB<=16k,kp<=1k,0.506,4
32,n<=16,sr<=40%,kvB<=16k,kp<=2k,0.5073,4
32,n<=16,sr<=40%,kvB<=16k,kp<=4k,0.5066,4
32,n<=16,sr<=40%,kvB<=16k,kp<=512,0.5055,4
32,n<=16,sr<=40%,kvB<=16k,kp<=8k,0.5068,4
32,n<=16,sr<=40%,kvB<=16k,kp=0,0.5064,4
32,n<=16,sr<=40%,kvB<=1k,kp<=1k,0.4801,4
32,n<=16,sr<=40%,kvB<=1k,kp<=2k,0.4694,4
32,n<=16,sr<=40%,kvB<=1k,kp<=4k,0.4779,4
32,n<=16,sr<=40%,kvB<=1k,kp<=512,0.4709,4
32,n<=16,sr<=40%,kvB<=1k,kp<=8k,0.4823,4
32,n<=16,sr<=40%,kvB<=1k,kp=0,0.4744,4
32,n<=16,sr<=40%,kvB<=4k,kp<=1k,0.4989,4
32,n<=16,sr<=40%,kvB<=4k,kp<=2k,0.4953,4
32,n<=16,sr<=40%,kvB<=4k,kp<=4k,0.497,4
32,n<=16,sr<=40%,kvB<=4k,kp<=512,0.4974,4
32,n<=16,sr<=40%,kvB<=4k,kp<=8k,0.4953,4
32,n<=16,sr<=40%,kvB<=4k,kp=0,0.4962,4
32,n<=16,sr<=70%,kvB<=16k,kp<=1k,0.9473,2
32,n<=16,sr<=70%,kvB<=16k,kp<=2k,0.9453,2
32,n<=16,sr<=70%,kvB<=16k,kp<=4k,0.9449,2
32,n<=16,sr<=70%,kvB<=16k,kp<=512,0.9537,2
32,n<=16,sr<=70%,kvB<=16k,kp<=8k,0.9452,2
32,n<=16,sr<=70%,kvB<=16k,kp=0,0.9449,2
32,n<=16,sr<=70%,kvB<=1k,kp<=1k,0.8672,2
32,n<=16,sr<=70%,kvB<=1k,kp<=2k,0.9051,2
32,n<=16,sr<=70%,kvB<=1k,kp<=4k,0.9041,2
32,n<=16,sr<=70%,kvB<=1k,kp<=512,0.8857,2
32,n<=16,sr<=70%,kvB<=1k,kp<=8k,0.8897,2
32,n<=16,sr<=70%,kvB<=1k,kp=0,0.9092,2
32,n<=16,sr<=70%,kvB<=4k,kp<=1k,0.9327,2
32,n<=16,sr<=70%,kvB<=4k,kp<=2k,0.9309,2
32,n<=16,sr<=70%,kvB<=4k,kp<=4k,0.93,2
32,n<=16,sr<=70%,kvB<=4k,kp<=512,0.9221,2
32,n<=16,sr<=70%,kvB<=4k,kp<=8k,0.9183,2
32,n<=16,sr<=70%,kvB<=4k,kp=0,0.9281,2
32,n<=16,sr>70%,kvB<=16k,kp<=1k,0.9204,4
32,n<=16,sr>70%,kvB<=16k,kp<=2k,0.9351,4
32,n<=16,sr>70%,kvB<=16k,kp<=4k,0.9285,4
32,n<=16,sr>70%,kvB<=16k,kp<=512,0.926,4
32,n<=16,sr>70%,kvB<=16k,kp<=8k,0.9343,4
32,n<=16,sr>70%,kvB<=16k,kp=0,0.9286,4
32,n<=16,sr>70%,kvB<=1k,kp<=1k,0.8507,4
32,n<=16,sr>70%,kvB<=1k,kp<=2k,0.9127,4
32,n<=16,sr>70%,kvB<=1k,kp<=4k,0.8755,4
32,n<=16,sr>70%,kvB<=1k,kp<=512,0.8707,4
32,n<=16,sr>70%,kvB<=1k,kp<=8k,0.8573,4
32,n<=16,sr>70%,kvB<=1k,kp=0,0.8904,4
32,n<=16,sr>70%,kvB<=4k,kp<=1k,0.9259,4
32,n<=16,sr>70%,kvB<=4k,kp<=2k,0.9083,4
32,n<=16,sr>70%,kvB<=4k,kp<=4k,0.9041,4
32,n<=16,sr>70%,kvB<=4k,kp<=512,0.921,4
32,n<=16,sr>70%,kvB<=4k,kp<=8k,0.9285,4
32,n<=16,sr>70%,kvB<=4k,kp=0,0.9058,4
32,n<=2,sr<=70%,kvB<=16k,kp<=1k,-0.0384,2
32,n<=2,sr<=70%,kvB<=16k,kp<=2k,-0.0245,2
32,n<=2,sr<=70%,kvB<=16k,kp<=4k,-0.0166,2
32,n<=2,sr<=70%,kvB<=16k,kp<=512,-0.0383,2
32,n<=2,sr<=70%,kvB<=16k,kp<=8k,-0.0346,2
32,n<=2,sr<=70%,kvB<=16k,kp=0,-0.0168,2
32,n<=2,sr<=70%,kvB<=1k,kp<=1k,-0.0371,2
32,n<=2,sr<=70%,kvB<=1k,kp<=2k,0.0137,2
32,n<=2,sr<=70%,kvB<=1k,kp<=4k,-0.0238,2
32,n<=2,sr<=70%,kvB<=1k,kp<=512,0.0347,2
32,n<=2,sr<=70%,kvB<=1k,kp<=8k,-0.026,2
32,n<=2,sr<=70%,kvB<=1k,kp=0,0.0246,2
32,n<=2,sr<=70%,kvB<=4k,kp<=1k,-0.1193,2
32,n<=2,sr<=70%,kvB<=4k,kp<=2k,-0.1411,2
32,n<=2,sr<=70%,kvB<=4k,kp<=4k,-0.1363,2
32,n<=2,sr<=70%,kvB<=4k,kp<=512,-0.139,2
32,n<=2,sr<=70%,kvB<=4k,kp<=8k,-0.1183,2
32,n<=2,sr<=70%,kvB<=4k,kp=0,-0.1729,2
32,n<=32,sr<=15%,kvB<=16k,kp<=1k,0.3323,6
32,n<=32,sr<=15%,kvB<=16k,kp<=2k,0.3235,6
32,n<=32,sr<=15%,kvB<=16k,kp<=4k,0.32,6
32,n<=32,sr<=15%,kvB<=16k,kp<=512,0.3364,6
32,n<=32,sr<=15%,kvB<=16k,kp<=8k,0.284,6
32,n<=32,sr<=15%,kvB<=16k,kp=0,0.2978,6
32,n<=32,sr<=15%,kvB<=1k,kp<=1k,0.3489,6
32,n<=32,sr<=15%,kvB<=1k,kp<=2k,0.3251,6
32,n<=32,sr<=15%,kvB<=1k,kp<=4k,0.3448,6
32,n<=32,sr<=15%,kvB<=1k,kp<=512,0.3266,6
32,n<=32,sr<=15%,kvB<=1k,kp<=8k,0.3654,6
32,n<=32,sr<=15%,kvB<=1k,kp=0,0.3296,6
32,n<=32,sr<=15%,kvB<=4k,kp<=1k,0.3128,6
32,n<=32,sr<=15%,kvB<=4k,kp<=2k,0.3267,6
32,n<=32,sr<=15%,kvB<=4k,kp<=4k,0.3406,6
32,n<=32,sr<=15%,kvB<=4k,kp<=512,0.2996,6
32,n<=32,sr<=15%,kvB<=4k,kp<=8k,0.3408,6
32,n<=32,sr<=15%,kvB<=4k,kp=0,0.2845,6
32,n<=32,sr<=40%,kvB<=16k,kp<=1k,0.3161,2
32,n<=32,sr<=40%,kvB<=16k,kp<=2k,0.2963,2
32,n<=32,sr<=40%,kvB<=16k,kp<=4k,0.3,2
32,n<=32,sr<=40%,kvB<=16k,kp<=512,0.3076,2
32,n<=32,sr<=40%,kvB<=16k,kp<=8k,0.314,2
32,n<=32,sr<=40%,kvB<=16k,kp=0,0.3172,2
32,n<=32,sr<=40%,kvB<=1k,kp<=1k,0.3137,2
32,n<=32,sr<=40%,kvB<=1k,kp<=2k,0.2998,2
32,n<=32,sr<=40%,kvB<=1k,kp<=4k,0.2959,2
32,n<=32,sr<=40%,kvB<=1k,kp<=512,0.3029,2
32,n<=32,sr<=40%,kvB<=1k,kp<=8k,0.3059,2
32,n<=32,sr<=40%,kvB<=1k,kp=0,0.306,2
32,n<=32,sr<=40%,kvB<=4k,kp<=1k,0.3073,2
32,n<=32,sr<=40%,kvB<=4k,kp<=2k,0.3083,2
32,n<=32,sr<=40%,kvB<=4k,kp<=4k,0.2926,2
32,n<=32,sr<=40%,kvB<=4k,kp<=512,0.313,2
32,n<=32,sr<=40%,kvB<=4k,kp<=8k,0.3271,2
32,n<=32,sr<=40%,kvB<=4k,kp=0,0.3071,2
32,n<=32,sr<=5%,kvB<=16k,kp<=1k,0.2977,2
32,n<=32,sr<=5%,kvB<=16k,kp<=2k,0.3162,2
32,n<=32,sr<=5%,kvB<=16k,kp<=4k,0.2977,2
32,n<=32,sr<=5%,kvB<=16k,kp<=512,0.3297,2
32,n<=32,sr<=5%,kvB<=16k,kp<=8k,0.3183,2
32,n<=32,sr<=5%,kvB<=16k,kp=0,0.3321,2
32,n<=32,sr<=5%,kvB<=1k,kp<=1k,0.3011,2
32,n<=32,sr<=5%,kvB<=1k,kp<=2k,0.2982,2
32,n<=32,sr<=5%,kvB<=1k,kp<=4k,0.3176,2
32,n<=32,sr<=5%,kvB<=1k,kp<=512,0.2853,2
32,n<=32,sr<=5%,kvB<=1k,kp<=8k,0.3436,2
32,n<=32,sr<=5%,kvB<=1k,kp=0,0.3239,2
32,n<=32,sr<=5%,kvB<=4k,kp<=1k,0.2954,2
32,n<=32,sr<=5%,kvB<=4k,kp<=2k,0.2866,2
32,n<=32,sr<=5%,kvB<=4k,kp<=4k,0.314,2
32,n<=32,sr<=5%,kvB<=4k,kp<=512,0.3295,2
32,n<=32,sr<=5%,kvB<=4k,kp<=8k,0.3148,2
32,n<=32,sr<=5%,kvB<=4k,kp=0,0.2887,2
32,n<=32,sr<=70%,kvB<=16k,kp<=1k,0.5654,2
32,n<=32,sr<=70%,kvB<=16k,kp<=2k,0.6313,2
32,n<=32,sr<=70%,kvB<=16k,kp<=4k,0.6329,2
32,n<=32,sr<=70%,kvB<=16k,kp<=512,0.6294,2
32,n<=32,sr<=70%,kvB<=16k,kp<=8k,0.64,2
32,n<=32,sr<=70%,kvB<=16k,kp=0,0.6139,2
32,n<=32,sr<=70%,kvB<=1k,kp<=1k,0.5599,2
32,n<=32,sr<=70%,kvB<=1k,kp<=2k,0.4571,2
32,n<=32,sr<=70%,kvB<=1k,kp<=4k,0.446,2
32,n<=32,sr<=70%,kvB<=1k,kp<=512,0.4859,2
32,n<=32,sr<=70%,kvB<=1k,kp<=8k,0.5498,2
32,n<=32,sr<=70%,kvB<=1k,kp=0,0.4546,2
32,n<=32,sr<=70%,kvB<=4k,kp<=1k,0.6248,2
32,n<=32,sr<=70%,kvB<=4k,kp<=2k,0.6554,2
32,n<=32,sr<=70%,kvB<=4k,kp<=4k,0.6601,2
32,n<=32,sr<=70%,kvB<=4k,kp<=512,0.6615,2
32,n<=32,sr<=70%,kvB<=4k,kp<=8k,0.6539,2
32,n<=32,sr<=70%,kvB<=4k,kp=0,0.6595,2
32,n<=32,sr>70%,kvB<=16k,kp<=1k,0.9331,4
32,n<=32,sr>70%,kvB<=16k,kp<=2k,0.9451,4
32,n<=32,sr>70%,kvB<=16k,kp<=4k,0.941,4
32,n<=32,sr>70%,kvB<=16k,kp<=512,0.9368,4
32,n<=32,sr>70%,kvB<=16k,kp<=8k,0.936,4
32,n<=32,sr>70%,kvB<=16k,kp=0,0.9453,4
32,n<=32,sr>70%,kvB<=1k,kp<=1k,0.8722,4
32,n<=32,sr>70%,kvB<=1k,kp<=2k,0.8561,4
32,n<=32,sr>70%,kvB<=1k,kp<=4k,0.8478,4
32,n<=32,sr>70%,kvB<=1k,kp<=512,0.8774,4
32,n<=32,sr>70%,kvB<=1k,kp<=8k,0.8698,4
32,n<=32,sr>70%,kvB<=1k,kp=0,0.8929,4
32,n<=32,sr>70%,kvB<=4k,kp<=1k,0.9277,4
32,n<=32,sr>70%,kvB<=4k,kp<=2k,0.9259,4
32,n<=32,sr>70%,kvB<=4k,kp<=4k,0.9313,4
32,n<=32,sr>70%,kvB<=4k,kp<=512,0.9227,4
32,n<=32,sr>70%,kvB<=4k,kp<=8k,0.93,4
32,n<=32,sr>70%,kvB<=4k,kp=0,0.9165,4
32,n<=4,sr<=40%,kvB<=16k,kp<=1k,0.0838,2
32,n<=4,sr<=40%,kvB<=16k,kp<=2k,0.0814,2
32,n<=4,sr<=40%,kvB<=16k,kp<=4k,0.0806,2
32,n<=4,sr<=40%,kvB<=16k,kp<=512,0.0865,2
32,n<=4,sr<=40%,kvB<=16k,kp<=8k,0.0836,2
32,n<=4,sr<=40%,kvB<=16k,kp=0,0.0973,2
32,n<=4,sr<=40%,kvB<=1k,kp<=1k,0.1916,2
32,n<=4,sr<=40%,kvB<=1k,kp<=2k,0.109,2
32,n<=4,sr<=40%,kvB<=1k,kp<=4k,0.1801,2
32,n<=4,sr<=40%,kvB<=1k,kp<=512,0.174,2
32,n<=4,sr<=40%,kvB<=1k,kp<=8k,0.1964,2
32,n<=4,sr<=40%,kvB<=1k,kp=0,0.2075,2
32,n<=4,sr<=40%,kvB<=4k,kp<=1k,0.065,2
32,n<=4,sr<=40%,kvB<=4k,kp<=2k,0.0605,2
32,n<=4,sr<=40%,kvB<=4k,kp<=4k,0.0578,2
32,n<=4,sr<=40%,kvB<=4k,kp<=512,0.0646,2
32,n<=4,sr<=40%,kvB<=4k,kp<=8k,0.0769,2
32,n<=4,sr<=40%,kvB<=4k,kp=0,0.0772,2
32,n<=4,sr<=70%,kvB<=16k,kp<=1k,0.0827,2
32,n<=4,sr<=70%,kvB<=16k,kp<=2k,0.0869,2
32,n<=4,sr<=70%,kvB<=16k,kp<=4k,0.0856,2
32,n<=4,sr<=70%,kvB<=16k,kp<=512,0.0926,2
32,n<=4,sr<=70%,kvB<=16k,kp<=8k,0.1001,2
32,n<=4,sr<=70%,kvB<=16k,kp=0,0.0898,2
32,n<=4,sr<=70%,kvB<=1k,kp<=1k,0.0641,2
32,n<=4,sr<=70%,kvB<=1k,kp<=2k,0.0906,2
32,n<=4,sr<=70%,kvB<=1k,kp<=4k,0.0012,2
32,n<=4,sr<=70%,kvB<=1k,kp<=512,0.0274,2
32,n<=4,sr<=70%,kvB<=1k,kp<=8k,-0.0013,2
32,n<=4,sr<=70%,kvB<=1k,kp=0,0.014,2
32,n<=4,sr<=70%,kvB<=4k,kp<=1k,0.0527,2
32,n<=4,sr<=70%,kvB<=4k,kp<=2k,0.0629,2
32,n<=4,sr<=70%,kvB<=4k,kp<=4k,0.0512,2
32,n<=4,sr<=70%,kvB<=4k,kp<=512,0.069,2
32,n<=4,sr<=70%,kvB<=4k,kp<=8k,0.0533,2
32,n<=4,sr<=70%,kvB<=4k,kp=0,0.0779,2
32,n<=4,sr>70%,kvB<=16k,kp<=1k,-0.0401,2
32,n<=4,sr>70%,kvB<=16k,kp<=2k,-0.0592,2
32,n<=4,sr>70%,kvB<=16k,kp<=4k,-0.0652,2
32,n<=4,sr>70%,kvB<=16k,kp<=512,-0.032,2
32,n<=4,sr>70%,kvB<=16k,kp<=8k,-0.0641,2
32,n<=4,sr>70%,kvB<=16k,kp=0,-0.0519,2
32,n<=4,sr>70%,kvB<=1k,kp<=1k,0.0791,2
32,n<=4,sr>70%,kvB<=1k,kp<=2k,0.1105,2
32,n<=4,sr>70%,kvB<=1k,kp<=4k,0.0898,2
32,n<=4,sr>70%,kvB<=1k,kp<=512,0.0135,2
32,n<=4,sr>70%,kvB<=1k,kp<=8k,0.0432,2
32,n<=4,sr>70%,kvB<=1k,kp=0,0.016,2
32,n<=4,sr>70%,kvB<=4k,kp<=1k,-0.0805,2
32,n<=4,sr>70%,kvB<=4k,kp<=2k,-0.1241,2
32,n<=4,sr>70%,kvB<=4k,kp<=4k,-0.0793,2
32,n<=4,sr>70%,kvB<=4k,kp<=512,-0.1003,2
32,n<=4,sr>70%,kvB<=4k,kp<=8k,-0.1391,2
32,n<=4,sr>70%,kvB<=4k,kp=0,-0.13,2
32,n<=64,sr<=15%,kvB<=16k,kp<=1k,0.1347,4
32,n<=64,sr<=15%,kvB<=16k,kp<=2k,0.1377,4
32,n<=64,sr<=15%,kvB<=16k,kp<=4k,0.1192,4
32,n<=64,sr<=15%,kvB<=16k,kp<=512,0.126,4
32,n<=64,sr<=15%,kvB<=16k,kp<=8k,0.1362,4
32,n<=64,sr<=15%,kvB<=16k,kp=0,0.1263,4
32,n<=64,sr<=15%,kvB<=1k,kp<=1k,0.1669,4
32,n<=64,sr<=15%,kvB<=1k,kp<=2k,0.1657,4
32,n<=64,sr<=15%,kvB<=1k,kp<=4k,0.1728,4
32,n<=64,sr<=15%,kvB<=1k,kp<=512,0.1796,4
32,n<=64,sr<=15%,kvB<=1k,kp<=8k,0.158,4
32,n<=64,sr<=15%,kvB<=1k,kp=0,0.1509,4
32,n<=64,sr<=15%,kvB<=4k,kp<=1k,0.1456,4
32,n<=64,sr<=15%,kvB<=4k,kp<=2k,0.1333,4
32,n<=64,sr<=15%,kvB<=4k,kp<=4k,0.1279,4
32,n<=64,sr<=15%,kvB<=4k,kp<=512,0.1344,4
32,n<=64,sr<=15%,kvB<=4k,kp<=8k,0.1288,4
32,n<=64,sr<=15%,kvB<=4k,kp=0,0.1351,4
32,n<=64,sr<=40%,kvB<=16k,kp<=1k,0.1185,2
32,n<=64,sr<=40%,kvB<=16k,kp<=2k,0.1106,2
32,n<=64,sr<=40%,kvB<=16k,kp<=4k,0.1095,2
32,n<=64,sr<=40%,kvB<=16k,kp<=512,0.1108,2
32,n<=64,sr<=40%,kvB<=16k,kp<=8k,0.1103,2
32,n<=64,sr<=40%,kvB<=16k,kp=0,0.1099,2
32,n<=64,sr<=40%,kvB<=1k,kp<=1k,0.1132,2
32,n<=64,sr<=40%,kvB<=1k,kp<=2k,0.1258,2
32,n<=64,sr<=40%,kvB<=1k,kp<=4k,0.1042,2
32,n<=64,sr<=40%,kvB<=1k,kp<=512,0.1317,2
32,n<=64,sr<=40%,kvB<=1k,kp<=8k,0.1243,2
32,n<=64,sr<=40%,kvB<=1k,kp=0,0.1148,2
32,n<=64,sr<=40%,kvB<=4k,kp<=1k,0.1289,2
32,n<=64,sr<=40%,kvB<=4k,kp<=2k,0.1185,2
32,n<=64,sr<=40%,kvB<=4k,kp<=4k,0.0993,2
32,n<=64,sr<=40%,kvB<=4k,kp<=512,0.1383,2
32,n<=64,sr<=40%,kvB<=4k,kp<=8k,0.1359,2
32,n<=64,sr<=40%,kvB<=4k,kp=0,0.1377,2
32,n<=64,sr<=5%,kvB<=16k,kp<=1k,0.1533,6
32,n<=64,sr<=5%,kvB<=16k,kp<=2k,0.1374,6
32,n<=64,sr<=5%,kvB<=16k,kp<=4k,0.142,6
32,n<=64,sr<=5%,kvB<=16k,kp<=512,0.1497,6
32,n<=64,sr<=5%,kvB<=16k,kp<=8k,0.1566,6
32,n<=64,sr<=5%,kvB<=16k,kp=0,0.1486,6
32,n<=64,sr<=5%,kvB<=1k,kp<=1k,0.1415,6
32,n<=64,sr<=5%,kvB<=1k,kp<=2k,0.1616,6
32,n<=64,sr<=5%,kvB<=1k,kp<=4k,0.1442,6
32,n<=64,sr<=5%,kvB<=1k,kp<=512,0.1588,6
32,n<=64,sr<=5%,kvB<=1k,kp<=8k,0.1508,6
32,n<=64,sr<=5%,kvB<=1k,kp=0,0.1474,6
32,n<=64,sr<=5%,kvB<=4k,kp<=1k,0.1512,6
32,n<=64,sr<=5%,kvB<=4k,kp<=2k,0.1561,6
32,n<=64,sr<=5%,kvB<=4k,kp<=4k,0.1392,6
32,n<=64,sr<=5%,kvB<=4k,kp<=512,0.1492,6
32,n<=64,sr<=5%,kvB<=4k,kp<=8k,0.161,6
32,n<=64,sr<=5%,kvB<=4k,kp=0,0.1489,6
32,n<=64,sr<=70%,kvB<=16k,kp<=1k,0.1608,2
32,n<=64,sr<=70%,kvB<=16k,kp<=2k,0.1572,2
32,n<=64,sr<=70%,kvB<=16k,kp<=4k,0.1523,2
32,n<=64,sr<=70%,kvB<=16k,kp<=512,0.1602,2
32,n<=64,sr<=70%,kvB<=16k,kp<=8k,0.1632,2
32,n<=64,sr<=70%,kvB<=16k,kp=0,0.1605,2
32,n<=64,sr<=70%,kvB<=1k,kp<=1k,0.1624,2
32,n<=64,sr<=70%,kvB<=1k,kp<=2k,0.1626,2
32,n<=64,sr<=70%,kvB<=1k,kp<=4k,0.1587,2
32,n<=64,sr<=70%,kvB<=1k,kp<=512,0.1603,2
32,n<=64,sr<=70%,kvB<=1k,kp<=8k,0.1829,2
32,n<=64,sr<=70%,kvB<=1k,kp=0,0.122,2
32,n<=64,sr<=70%,kvB<=4k,kp<=1k,0.1529,2
32,n<=64,sr<=70%,kvB<=4k,kp<=2k,0.1628,2
32,n<=64,sr<=70%,kvB<=4k,kp<=4k,0.1868,2
32,n<=64,sr<=70%,kvB<=4k,kp<=512,0.1804,2
32,n<=64,sr<=70%,kvB<=4k,kp<=8k,0.1664,2
32,n<=64,sr<=70%,kvB<=4k,kp=0,0.1558,2
32,n<=64,sr>70%,kvB<=16k,kp<=1k,0.1038,4
32,n<=64,sr>70%,kvB<=16k,kp<=2k,0.1384,4
32,n<=64,sr>70%,kvB<=16k,kp<=4k,0.1433,4
32,n<=64,sr>70%,kvB<=16k,kp<=512,0.148,4
32,n<=64,sr>70%,kvB<=16k,kp<=8k,0.1439,4
32,n<=64,sr>70%,kvB<=16k,kp=0,0.1424,4
32,n<=64,sr>70%,kvB<=1k,kp<=1k,0.2396,4
32,n<=64,sr>70%,kvB<=1k,kp<=2k,0.2098,4
32,n<=64,sr>70%,kvB<=1k,kp<=4k,0.2222,4
32,n<=64,sr>70%,kvB<=1k,kp<=512,0.214,4
32,n<=64,sr>70%,kvB<=1k,kp<=8k,0.1975,4
32,n<=64,sr>70%,kvB<=1k,kp=0,0.2105,4
32,n<=64,sr>70%,kvB<=4k,kp<=1k,0.1727,4
32,n<=64,sr>70%,kvB<=4k,kp<=2k,0.1639,4
32,n<=64,sr>70%,kvB<=4k,kp<=4k,0.1673,4
32,n<=64,sr>70%,kvB<=4k,kp<=512,0.1768,4
32,n<=64,sr>70%,kvB<=4k,kp<=8k,0.188,4
32,n<=64,sr>70%,kvB<=4k,kp=0,0.1471,4
32,n<=8,sr<=15%,kvB<=16k,kp<=1k,0.2116,2
32,n<=8,sr<=15%,kvB<=16k,kp<=2k,0.2125,2
32,n<=8,sr<=15%,kvB<=16k,kp<=4k,0.2131,2
32,n<=8,sr<=15%,kvB<=16k,kp<=512,0.2112,2
32,n<=8,sr<=15%,kvB<=16k,kp<=8k,0.2122,2
32,n<=8,sr<=15%,kvB<=16k,kp=0,0.2142,2
32,n<=8,sr<=15%,kvB<=1k,kp<=1k,0.1343,2
32,n<=8,sr<=15%,kvB<=1k,kp<=2k,0.1206,2
32,n<=8,sr<=15%,kvB<=1k,kp<=4k,0.0884,2
32,n<=8,sr<=15%,kvB<=1k,kp<=512,0.1323,2
32,n<=8,sr<=15%,kvB<=1k,kp<=8k,0.1583,2
32,n<=8,sr<=15%,kvB<=1k,kp=0,0.1671,2
32,n<=8,sr<=15%,kvB<=4k,kp<=1k,0.1949,2
32,n<=8,sr<=15%,kvB<=4k,kp<=2k,0.1985,2
32,n<=8,sr<=15%,kvB<=4k,kp<=4k,0.1914,2
32,n<=8,sr<=15%,kvB<=4k,kp<=512,0.1991,2
32,n<=8,sr<=15%,kvB<=4k,kp<=8k,0.1948,2
32,n<=8,sr<=15%,kvB<=4k,kp=0,0.2126,2
32,n<=8,sr<=40%,kvB<=16k,kp<=1k,0.0413,4
32,n<=8,sr<=40%,kvB<=16k,kp<=2k,0.0395,4
32,n<=8,sr<=40%,kvB<=16k,kp<=4k,0.0378,4
32,n<=8,sr<=40%,kvB<=16k,kp<=512,0.0418,4
32,n<=8,sr<=40%,kvB<=16k,kp<=8k,0.0364,4
32,n<=8,sr<=40%,kvB<=16k,kp=0,0.0392,4
32,n<=8,sr<=40%,kvB<=1k,kp<=1k,0.0539,4
32,n<=8,sr<=40%,kvB<=1k,kp<=2k,0.0438,4
32,n<=8,sr<=40%,kvB<=1k,kp<=4k,0.0249,4
32,n<=8,sr<=40%,kvB<=1k,kp<=512,0.0389,4
32,n<=8,sr<=40%,kvB<=1k,kp<=8k,0.034,4
32,n<=8,sr<=40%,kvB<=1k,kp=0,0.0577,4
32,n<=8,sr<=40%,kvB<=4k,kp<=1k,0.0519,4
32,n<=8,sr<=40%,kvB<=4k,kp<=2k,0.0499,4
32,n<=8,sr<=40%,kvB<=4k,kp<=4k,0.0421,4
32,n<=8,sr<=40%,kvB<=4k,kp<=512,0.0607,4
32,n<=8,sr<=40%,kvB<=4k,kp<=8k,0.0387,4
32,n<=8,sr<=40%,kvB<=4k,kp=0,0.0619,4
32,n<=8,sr<=70%,kvB<=16k,kp<=1k,0.1037,2
32,n<=8,sr<=70%,kvB<=16k,kp<=2k,0.1036,2
32,n<=8,sr<=70%,kvB<=16k,kp<=4k,0.1074,2
32,n<=8,sr<=70%,kvB<=16k,kp<=512,0.1063,2
32,n<=8,sr<=70%,kvB<=16k,kp<=8k,0.1129,2
32,n<=8,sr<=70%,kvB<=16k,kp=0,0.1114,2
32,n<=8,sr<=70%,kvB<=1k,kp<=1k,0.0898,2
32,n<=8,sr<=70%,kvB<=1k,kp<=2k,0.0372,2
32,n<=8,sr<=70%,kvB<=1k,kp<=4k,0.1063,2
32,n<=8,sr<=70%,kvB<=1k,kp<=512,0.0831,2
32,n<=8,sr<=70%,kvB<=1k,kp<=8k,-0.0301,2
32,n<=8,sr<=70%,kvB<=1k,kp=0,0.1097,2
32,n<=8,sr<=70%,kvB<=4k,kp<=1k,0.132,2
32,n<=8,sr<=70%,kvB<=4k,kp<=2k,0.125,2
32,n<=8,sr<=70%,kvB<=4k,kp<=4k,0.116,2
32,n<=8,sr<=70%,kvB<=4k,kp<=512,0.1183,2
32,n<=8,sr<=70%,kvB<=4k,kp<=8k,0.1023,2
32,n<=8,sr<=70%,kvB<=4k,kp=0,0.117,2
32,n<=8,sr>70%,kvB<=16k,kp<=1k,0.9418,4
32,n<=8,sr>70%,kvB<=16k,kp<=2k,0.9276,4
32,n<=8,sr>70%,kvB<=16k,kp<=4k,0.9218,4
32,n<=8,sr>70%,kvB<=16k,kp<=512,0.9282,4
32,n<=8,sr>70%,kvB<=16k,kp<=8k,0.9288,4
32,n<=8,sr>70%,kvB<=16k,kp=0,0.9224,4
32,n<=8,sr>70%,kvB<=1k,kp<=1k,0.8871,4
32,n<=8,sr>70%,kvB<=1k,kp<=2k,0.8648,4
32,n<=8,sr>70%,kvB<=1k,kp<=4k,0.8556,4
32,n<=8,sr>70%,kvB<=1k,kp<=512,0.8879,4
32,n<=8,sr>70%,kvB<=1k,kp<=8k,0.7723,4
32,n<=8,sr>70%,kvB<=1k,kp=0,0.9774,4
32,n<=8,sr>70%,kvB<=4k,kp<=1k,0.9049,4
32,n<=8,sr>70%,kvB<=4k,kp<=2k,0.9009,4
32,n<=8,sr>70%,kvB<=4k,kp<=4k,0.9328,4
32,n<=8,sr>70%,kvB<=4k,kp<=512,0.9126,4
32,n<=8,sr>70%,kvB<=4k,kp<=8k,0.8843,4
32,n<=8,sr>70%,kvB<=4k,kp=0,0.9665,4
64,n<=16,sr<=15%,kvB<=16k,kp<=1k,0.4007,4
64,n<=16,sr<=15%,kvB<=16k,kp<=2k,0.4036,4
64,n<=16,sr<=15%,kvB<=16k,kp<=4k,0.4025,4
64,n<=16,sr<=15%,kvB<=16k,kp<=512,0.3995,4
64,n<=16,sr<=15%,kvB<=16k,kp<=8k,0.4025,4
64,n<=16,sr<=15%,kvB<=16k,kp=0,0.3998,4
64,n<=16,sr<=15%,kvB<=1k,kp<=1k,0.4121,4
64,n<=16,sr<=15%,kvB<=1k,kp<=2k,0.4279,4
64,n<=16,sr<=15%,kvB<=1k,kp<=4k,0.4292,4
64,n<=16,sr<=15%,kvB<=1k,kp<=512,0.4156,4
64,n<=16,sr<=15%,kvB<=1k,kp<=8k,0.4315,4
64,n<=16,sr<=15%,kvB<=1k,kp=0,0.4151,4
64,n<=16,sr<=15%,kvB<=4k,kp<=1k,0.4012,4
64,n<=16,sr<=15%,kvB<=4k,kp<=2k,0.4017,4
64,n<=16,sr<=15%,kvB<=4k,kp<=4k,0.4022,4
64,n<=16,sr<=15%,kvB<=4k,kp<=512,0.4004,4
64,n<=16,sr<=15%,kvB<=4k,kp<=8k,0.4063,4
64,n<=16,sr<=15%,kvB<=4k,kp=0,0.3964,4
64,n<=16,sr<=40%,kvB<=16k,kp<=1k,0.5057,4
64,n<=16,sr<=40%,kvB<=16k,kp<=2k,0.5039,4
64,n<=16,sr<=40%,kvB<=16k,kp<=4k,0.5062,4
64,n<=16,sr<=40%,kvB<=16k,kp<=512,0.5055,4
64,n<=16,sr<=40%,kvB<=16k,kp<=8k,0.506,4
64,n<=16,sr<=40%,kvB<=16k,kp=0,0.506,4
64,n<=16,sr<=40%,kvB<=1k,kp<=1k,0.4767,4
64,n<=16,sr<=40%,kvB<=1k,kp<=2k,0.483,4
64,n<=16,sr<=40%,kvB<=1k,kp<=4k,0.4963,4
64,n<=16,sr<=40%,kvB<=1k,kp<=512,0.4722,4
64,n<=16,sr<=40%,kvB<=1k,kp<=8k,0.4824,4
64,n<=16,sr<=40%,kvB<=1k,kp=0,0.4726,4
64,n<=16,sr<=40%,kvB<=4k,kp<=1k,0.4985,4
64,n<=16,sr<=40%,kvB<=4k,kp<=2k,0.4986,4
64,n<=16,sr<=40%,kvB<=4k,kp<=4k,0.4969,4
64,n<=16,sr<=40%,kvB<=4k,kp<=512,0.4953,4
64,n<=16,sr<=40%,kvB<=4k,kp<=8k,0.4946,4
64,n<=16,sr<=40%,kvB<=4k,kp=0,0.4951,4
64,n<=16,sr<=70%,kvB<=16k,kp<=1k,0.9413,2
64,n<=16,sr<=70%,kvB<=16k,kp<=2k,0.9449,2
64,n<=16,sr<=70%,kvB<=16k,kp<=4k,0.9527,2
64,n<=16,sr<=70%,kvB<=16k,kp<=512,0.9513,2
64,n<=16,sr<=70%,kvB<=16k,kp<=8k,0.9447,2
64,n<=16,sr<=70%,kvB<=16k,kp=0,0.9545,2
64,n<=16,sr<=70%,kvB<=1k,kp<=1k,0.8586,2
64,n<=16,sr<=70%,kvB<=1k,kp<=2k,0.9121,2
64,n<=16,sr<=70%,kvB<=1k,kp<=4k,0.8931,2
64,n<=16,sr<=70%,kvB<=1k,kp<=512,0.8817,2
64,n<=16,sr<=70%,kvB<=1k,kp<=8k,0.8769,2
64,n<=16,sr<=70%,kvB<=1k,kp=0,0.892,2
64,n<=16,sr<=70%,kvB<=4k,kp<=1k,0.9383,2
64,n<=16,sr<=70%,kvB<=4k,kp<=2k,0.9317,2
64,n<=16,sr<=70%,kvB<=4k,kp<=4k,0.934,2
64,n<=16,sr<=70%,kvB<=4k,kp<=512,0.9455,2
64,n<=16,sr<=70%,kvB<=4k,kp<=8k,0.9338,2
64,n<=16,sr<=70%,kvB<=4k,kp=0,0.9397,2
64,n<=16,sr>70%,kvB<=16k,kp<=1k,0.9329,4
64,n<=16,sr>70%,kvB<=16k,kp<=2k,0.9303,4
64,n<=16,sr>70%,kvB<=16k,kp<=4k,0.9272,4
64,n<=16,sr>70%,kvB<=16k,kp<=512,0.9277,4
64,n<=16,sr>70%,kvB<=16k,kp<=8k,0.9365,4
64,n<=16,sr>70%,kvB<=16k,kp=0,0.9177,4
64,n<=16,sr>70%,kvB<=1k,kp<=1k,0.8696,4
64,n<=16,sr>70%,kvB<=1k,kp<=2k,0.8558,4
64,n<=16,sr>70%,kvB<=1k,kp<=4k,0.8863,4
64,n<=16,sr>70%,kvB<=1k,kp<=512,0.8825,4
64,n<=16,sr>70%,kvB<=1k,kp<=8k,0.8288,4
64,n<=16,sr>70%,kvB<=1k,kp=0,0.8858,4
64,n<=16,sr>70%,kvB<=4k,kp<=1k,0.9153,4
64,n<=16,sr>70%,kvB<=4k,kp<=2k,0.9187,4
64,n<=16,sr>70%,kvB<=4k,kp<=4k,0.9125,4
64,n<=16,sr>70%,kvB<=4k,kp<=512,0.9053,4
64,n<=16,sr>70%,kvB<=4k,kp<=8k,0.9254,4
64,n<=16,sr>70%,kvB<=4k,kp=0,0.9274,4
64,n<=2,sr<=70%,kvB<=16k,kp<=1k,-0.0278,2
64,n<=2,sr<=70%,kvB<=16k,kp<=2k,-0.0353,2
64,n<=2,sr<=70%,kvB<=16k,kp<=4k,-0.0223,2
64,n<=2,sr<=70%,kvB<=16k,kp<=512,-0.0216,2
64,n<=2,sr<=70%,kvB<=16k,kp<=8k,-0.0436,2
64,n<=2,sr<=70%,kvB<=16k,kp=0,-0.0167,2
64,n<=2,sr<=70%,kvB<=1k,kp<=1k,0.0427,2
64,n<=2,sr<=70%,kvB<=1k,kp<=2k,-0.0353,2
64,n<=2,sr<=70%,kvB<=1k,kp<=4k,0.0027,2
64,n<=2,sr<=70%,kvB<=1k,kp<=512,0.0455,2
64,n<=2,sr<=70%,kvB<=1k,kp<=8k,-0.0006,2
64,n<=2,sr<=70%,kvB<=1k,kp=0,0.0093,2
64,n<=2,sr<=70%,kvB<=4k,kp<=1k,-0.1607,2
64,n<=2,sr<=70%,kvB<=4k,kp<=2k,-0.1636,2
64,n<=2,sr<=70%,kvB<=4k,kp<=4k,-0.1242,2
64,n<=2,sr<=70%,kvB<=4k,kp<=512,-0.1517,2
64,n<=2,sr<=70%,kvB<=4k,kp<=8k,-0.1929,2
64,n<=2,sr<=70%,kvB<=4k,kp=0,-0.1423,2
64,n<=32,sr<=15%,kvB<=16k,kp<=1k,0.3056,6
64,n<=32,sr<=15%,kvB<=16k,kp<=2k,0.3179,6
64,n<=32,sr<=15%,kvB<=16k,kp<=4k,0.3475,6
64,n<=32,sr<=15%,kvB<=16k,kp<=512,0.2892,6
64,n<=32,sr<=15%,kvB<=16k,kp<=8k,0.2983,6
64,n<=32,sr<=15%,kvB<=16k,kp=0,0.3063,6
64,n<=32,sr<=15%,kvB<=1k,kp<=1k,0.3122,6
64,n<=32,sr<=15%,kvB<=1k,kp<=2k,0.3113,6
64,n<=32,sr<=15%,kvB<=1k,kp<=4k,0.3369,6
64,n<=32,sr<=15%,kvB<=1k,kp<=512,0.3418,6
64,n<=32,sr<=15%,kvB<=1k,kp<=8k,0.3341,6
64,n<=32,sr<=15%,kvB<=1k,kp=0,0.3274,6
64,n<=32,sr<=15%,kvB<=4k,kp<=1k,0.3328,6
64,n<=32,sr<=15%,kvB<=4k,kp<=2k,0.339,6
64,n<=32,sr<=15%,kvB<=4k,kp<=4k,0.3555,6
64,n<=32,sr<=15%,kvB<=4k,kp<=512,0.2889,6
64,n<=32,sr<=15%,kvB<=4k,kp<=8k,0.3448,6
64,n<=32,sr<=15%,kvB<=4k,kp=0,0.2933,6
64,n<=32,sr<=40%,kvB<=16k,kp<=1k,0.3106,2
64,n<=32,sr<=40%,kvB<=16k,kp<=2k,0.3082,2
64,n<=32,sr<=40%,kvB<=16k,kp<=4k,0.3148,2
64,n<=32,sr<=40%,kvB<=16k,kp<=512,0.2987,2
64,n<=32,sr<=40%,kvB<=16k,kp<=8k,0.2974,2
64,n<=32,sr<=40%,kvB<=16k,kp=0,0.3164,2
64,n<=32,sr<=40%,kvB<=1k,kp<=1k,0.2996,2
64,n<=32,sr<=40%,kvB<=1k,kp<=2k,0.3153,2
64,n<=32,sr<=40%,kvB<=1k,kp<=4k,0.2874,2
64,n<=32,sr<=40%,kvB<=1k,kp<=512,0.2856,2
64,n<=32,sr<=40%,kvB<=1k,kp<=8k,0.28,2
64,n<=32,sr<=40%,kvB<=1k,kp=0,0.2637,2
64,n<=32,sr<=40%,kvB<=4k,kp<=1k,0.3093,2
64,n<=32,sr<=40%,kvB<=4k,kp<=2k,0.3114,2
64,n<=32,sr<=40%,kvB<=4k,kp<=4k,0.3097,2
64,n<=32,sr<=40%,kvB<=4k,kp<=512,0.3054,2
64,n<=32,sr<=40%,kvB<=4k,kp<=8k,0.315,2
64,n<=32,sr<=40%,kvB<=4k,kp=0,0.309,2
64,n<=32,sr<=5%,kvB<=16k,kp<=1k,0.2917,2
64,n<=32,sr<=5%,kvB<=16k,kp<=2k,0.3077,2
64,n<=32,sr<=5%,kvB<=16k,kp<=4k,0.2974,2
64,n<=32,sr<=5%,kvB<=16k,kp<=512,0.3264,2
64,n<=32,sr<=5%,kvB<=16k,kp<=8k,0.2887,2
64,n<=32,sr<=5%,kvB<=16k,kp=0,0.2907,2
64,n<=32,sr<=5%,kvB<=1k,kp<=1k,0.3117,2
64,n<=32,sr<=5%,kvB<=1k,kp<=2k,0.3434,2
64,n<=32,sr<=5%,kvB<=1k,kp<=4k,0.2984,2
64,n<=32,sr<=5%,kvB<=1k,kp<=512,0.2928,2
64,n<=32,sr<=5%,kvB<=1k,kp<=8k,0.324,2
64,n<=32,sr<=5%,kvB<=1k,kp=0,0.2971,2
64,n<=32,sr<=5%,kvB<=4k,kp<=1k,0.2884,2
64,n<=32,sr<=5%,kvB<=4k,kp<=2k,0.2911,2
64,n<=32,sr<=5%,kvB<=4k,kp<=4k,0.2861,2
64,n<=32,sr<=5%,kvB<=4k,kp<=512,0.2879,2
64,n<=32,sr<=5%,kvB<=4k,kp<=8k,0.2859,2
64,n<=32,sr<=5%,kvB<=4k,kp=0,0.3019,2
64,n<=32,sr<=70%,kvB<=16k,kp<=1k,0.6337,2
64,n<=32,sr<=70%,kvB<=16k,kp<=2k,0.6173,2
64,n<=32,sr<=70%,kvB<=16k,kp<=4k,0.64,2
64,n<=32,sr<=70%,kvB<=16k,kp<=512,0.6342,2
64,n<=32,sr<=70%,kvB<=16k,kp<=8k,0.6328,2
64,n<=32,sr<=70%,kvB<=16k,kp=0,0.5421,2
64,n<=32,sr<=70%,kvB<=1k,kp<=1k,0.5689,2
64,n<=32,sr<=70%,kvB<=1k,kp<=2k,0.5639,2
64,n<=32,sr<=70%,kvB<=1k,kp<=4k,0.5177,2
64,n<=32,sr<=70%,kvB<=1k,kp<=512,0.4619,2
64,n<=32,sr<=70%,kvB<=1k,kp<=8k,0.5778,2
64,n<=32,sr<=70%,kvB<=1k,kp=0,0.5243,2
64,n<=32,sr<=70%,kvB<=4k,kp<=1k,0.6548,2
64,n<=32,sr<=70%,kvB<=4k,kp<=2k,0.6617,2
64,n<=32,sr<=70%,kvB<=4k,kp<=4k,0.6527,2
64,n<=32,sr<=70%,kvB<=4k,kp<=512,0.6318,2
64,n<=32,sr<=70%,kvB<=4k,kp<=8k,0.6512,2
64,n<=32,sr<=70%,kvB<=4k,kp=0,0.6573,2
64,n<=32,sr>70%,kvB<=16k,kp<=1k,0.9438,4
64,n<=32,sr>70%,kvB<=16k,kp<=2k,0.9417,4
64,n<=32,sr>70%,kvB<=16k,kp<=4k,0.9383,4
64,n<=32,sr>70%,kvB<=16k,kp<=512,0.9488,4
64,n<=32,sr>70%,kvB<=16k,kp<=8k,0.9456,4
64,n<=32,sr>70%,kvB<=16k,kp=0,0.9434,4
64,n<=32,sr>70%,kvB<=1k,kp<=1k,0.8667,4
64,n<=32,sr>70%,kvB<=1k,kp<=2k,0.8607,4
64,n<=32,sr>70%,kvB<=1k,kp<=4k,0.8461,4
64,n<=32,sr>70%,kvB<=1k,kp<=512,0.879,4
64,n<=32,sr>70%,kvB<=1k,kp<=8k,0.8744,4
64,n<=32,sr>70%,kvB<=1k,kp=0,0.8525,4
64,n<=32,sr>70%,kvB<=4k,kp<=1k,0.9205,4
64,n<=32,sr>70%,kvB<=4k,kp<=2k,0.9206,4
64,n<=32,sr>70%,kvB<=4k,kp<=4k,0.9241,4
64,n<=32,sr>70%,kvB<=4k,kp<=512,0.9268,4
64,n<=32,sr>70%,kvB<=4k,kp<=8k,0.9275,4
64,n<=32,sr>70%,kvB<=4k,kp=0,0.9295,4
64,n<=4,sr<=40%,kvB<=16k,kp<=1k,0.088,2
64,n<=4,sr<=40%,kvB<=16k,kp<=2k,0.0895,2
64,n<=4,sr<=40%,kvB<=16k,kp<=4k,0.0854,2
64,n<=4,sr<=40%,kvB<=16k,kp<=512,0.0923,2
64,n<=4,sr<=40%,kvB<=16k,kp<=8k,0.0937,2
64,n<=4,sr<=40%,kvB<=16k,kp=0,0.0895,2
64,n<=4,sr<=40%,kvB<=1k,kp<=1k,0.1612,2
64,n<=4,sr<=40%,kvB<=1k,kp<=2k,0.1851,2
64,n<=4,sr<=40%,kvB<=1k,kp<=4k,0.1517,2
64,n<=4,sr<=40%,kvB<=1k,kp<=512,0.1983,2
64,n<=4,sr<=40%,kvB<=1k,kp<=8k,0.1439,2
64,n<=4,sr<=40%,kvB<=1k,kp=0,0.1844,2
64,n<=4,sr<=40%,kvB<=4k,kp<=1k,0.067,2
64,n<=4,sr<=40%,kvB<=4k,kp<=2k,0.0647,2
64,n<=4,sr<=40%,kvB<=4k,kp<=4k,0.0809,2
64,n<=4,sr<=40%,kvB<=4k,kp<=512,0.0695,2
64,n<=4,sr<=40%,kvB<=4k,kp<=8k,0.0563,2
64,n<=4,sr<=40%,kvB<=4k,kp=0,0.0809,2
64,n<=4,sr<=70%,kvB<=16k,kp<=1k,0.0921,2
64,n<=4,sr<=70%,kvB<=16k,kp<=2k,0.0851,2
64,n<=4,sr<=70%,kvB<=16k,kp<=4k,0.0896,2
64,n<=4,sr<=70%,kvB<=16k,kp<=512,0.0878,2
64,n<=4,sr<=70%,kvB<=16k,kp<=8k,0.0839,2
64,n<=4,sr<=70%,kvB<=16k,kp=0,0.0914,2
64,n<=4,sr<=70%,kvB<=1k,kp<=1k,0.0636,2
64,n<=4,sr<=70%,kvB<=1k,kp<=2k,0.0479,2
64,n<=4,sr<=70%,kvB<=1k,kp<=4k,0.0598,2
64,n<=4,sr<=70%,kvB<=1k,kp<=512,0.0462,2
64,n<=4,sr<=70%,kvB<=1k,kp<=8k,0.1071,2
64,n<=4,sr<=70%,kvB<=1k,kp=0,0.0663,2
64,n<=4,sr<=70%,kvB<=4k,kp<=1k,0.0403,2
64,n<=4,sr<=70%,kvB<=4k,kp<=2k,0.0482,2
64,n<=4,sr<=70%,kvB<=4k,kp<=4k,0.0416,2
64,n<=4,sr<=70%,kvB<=4k,kp<=512,0.0788,2
64,n<=4,sr<=70%,kvB<=4k,kp<=8k,0.0618,2
64,n<=4,sr<=70%,kvB<=4k,kp=0,0.0516,2
64,n<=4,sr>70%,kvB<=16k,kp<=1k,-0.0485,2
64,n<=4,sr>70%,kvB<=16k,kp<=2k,-0.0779,2
64,n<=4,sr>70%,kvB<=16k,kp<=4k,-0.0304,2
64,n<=4,sr>70%,kvB<=16k,kp<=512,-0.026,2
64,n<=4,sr>70%,kvB<=16k,kp<=8k,-0.026,2
64,n<=4,sr>70%,kvB<=16k,kp=0,-0.036,2
64,n<=4,sr>70%,kvB<=1k,kp<=1k,0.0601,2
64,n<=4,sr>70%,kvB<=1k,kp<=2k,0.0734,2
64,n<=4,sr>70%,kvB<=1k,kp<=4k,0.0592,2
64,n<=4,sr>70%,kvB<=1k,kp<=512,0.1645,2
64,n<=4,sr>70%,kvB<=1k,kp<=8k,0.0337,2
64,n<=4,sr>70%,kvB<=1k,kp=0,0.123,2
64,n<=4,sr>70%,kvB<=4k,kp<=1k,-0.1493,2
64,n<=4,sr>70%,kvB<=4k,kp<=2k,-0.1164,2
64,n<=4,sr>70%,kvB<=4k,kp<=4k,-0.074,2
64,n<=4,sr>70%,kvB<=4k,kp<=512,-0.1413,2
64,n<=4,sr>70%,kvB<=4k,kp<=8k,-0.1681,2
64,n<=4,sr>70%,kvB<=4k,kp=0,-0.136,2
64,n<=64,sr<=15%,kvB<=16k,kp<=1k,0.1319,4
64,n<=64,sr<=15%,kvB<=16k,kp<=2k,0.1201,4
64,n<=64,sr<=15%,kvB<=16k,kp<=4k,0.1274,4
64,n<=64,sr<=15%,kvB<=16k,kp<=512,0.1324,4
64,n<=64,sr<=15%,kvB<=16k,kp<=8k,0.1306,4
64,n<=64,sr<=15%,kvB<=16k,kp=0,0.1477,4
64,n<=64,sr<=15%,kvB<=1k,kp<=1k,0.1464,4
64,n<=64,sr<=15%,kvB<=1k,kp<=2k,0.1618,4
64,n<=64,sr<=15%,kvB<=1k,kp<=4k,0.175,4
64,n<=64,sr<=15%,kvB<=1k,kp<=512,0.1768,4
64,n<=64,sr<=15%,kvB<=1k,kp<=8k,0.1555,4
64,n<=64,sr<=15%,kvB<=1k,kp=0,0.1679,4
64,n<=64,sr<=15%,kvB<=4k,kp<=1k,0.1383,4
64,n<=64,sr<=15%,kvB<=4k,kp<=2k,0.1302,4
64,n<=64,sr<=15%,kvB<=4k,kp<=4k,0.1385,4
64,n<=64,sr<=15%,kvB<=4k,kp<=512,0.1311,4
64,n<=64,sr<=15%,kvB<=4k,kp<=8k,0.138,4
64,n<=64,sr<=15%,kvB<=4k,kp=0,0.1442,4
64,n<=64,sr<=40%,kvB<=16k,kp<=1k,0.0996,2
64,n<=64,sr<=40%,kvB<=16k,kp<=2k,0.1098,2
64,n<=64,sr<=40%,kvB<=16k,kp<=4k,0.1113,2
64,n<=64,sr<=40%,kvB<=16k,kp<=512,0.1115,2
64,n<=64,sr<=40%,kvB<=16k,kp<=8k,0.1113,2
64,n<=64,sr<=40%,kvB<=16k,kp=0,0.1095,2
64,n<=64,sr<=40%,kvB<=1k,kp<=1k,0.1233,2
64,n<=64,sr<=40%,kvB<=1k,kp<=2k,0.1074,2
64,n<=64,sr<=40%,kvB<=1k,kp<=4k,0.1259,2
64,n<=64,sr<=40%,kvB<=1k,kp<=512,0.1244,2
64,n<=64,sr<=40%,kvB<=1k,kp<=8k,0.1023,2
64,n<=64,sr<=40%,kvB<=1k,kp=0,0.1189,2
64,n<=64,sr<=40%,kvB<=4k,kp<=1k,0.1386,2
64,n<=64,sr<=40%,kvB<=4k,kp<=2k,0.1453,2
64,n<=64,sr<=40%,kvB<=4k,kp<=4k,0.103,2
64,n<=64,sr<=40%,kvB<=4k,kp<=512,0.1175,2
64,n<=64,sr<=40%,kvB<=4k,kp<=8k,0.1249,2
64,n<=64,sr<=40%,kvB<=4k,kp=0,0.1185,2
64,n<=64,sr<=5%,kvB<=16k,kp<=1k,0.1587,6
64,n<=64,sr<=5%,kvB<=16k,kp<=2k,0.1467,6
64,n<=64,sr<=5%,kvB<=16k,kp<=4k,0.1572,6
64,n<=64,sr<=5%,kvB<=16k,kp<=512,0.1549,6
64,n<=64,sr<=5%,kvB<=16k,kp<=8k,0.147,6
64,n<=64,sr<=5%,kvB<=16k,kp=0,0.145,6
64,n<=64,sr<=5%,kvB<=1k,kp<=1k,0.1486,6
64,n<=64,sr<=5%,kvB<=1k,kp<=2k,0.1424,6
64,n<=64,sr<=5%,kvB<=1k,kp<=4k,0.1605,6
64,n<=64,sr<=5%,kvB<=1k,kp<=512,0.1493,6
64,n<=64,sr<=5%,kvB<=1k,kp<=8k,0.1435,6
64,n<=64,sr<=5%,kvB<=1k,kp=0,0.1511,6
64,n<=64,sr<=5%,kvB<=4k,kp<=1k,0.1379,6
64,n<=64,sr<=5%,kvB<=4k,kp<=2k,0.155,6
64,n<=64,sr<=5%,kvB<=4k,kp<=4k,0.1469,6
64,n<=64,sr<=5%,kvB<=4k,kp<=512,0.1403,6
64,n<=64,sr<=5%,kvB<=4k,kp<=8k,0.1423,6
64,n<=64,sr<=5%,kvB<=4k,kp=0,0.148,6
64,n<=64,sr<=70%,kvB<=16k,kp<=1k,0.1426,2
64,n<=64,sr<=70%,kvB<=16k,kp<=2k,0.1598,2
64,n<=64,sr<=70%,kvB<=16k,kp<=4k,0.1522,2
64,n<=64,sr<=70%,kvB<=16k,kp<=512,0.1626,2
64,n<=64,sr<=70%,kvB<=16k,kp<=8k,0.1558,2
64,n<=64,sr<=70%,kvB<=16k,kp=0,0.1625,2
64,n<=64,sr<=70%,kvB<=1k,kp<=1k,0.1658,2
64,n<=64,sr<=70%,kvB<=1k,kp<=2k,0.1652,2
64,n<=64,sr<=70%,kvB<=1k,kp<=4k,0.1783,2
64,n<=64,sr<=70%,kvB<=1k,kp<=512,0.1528,2
64,n<=64,sr<=70%,kvB<=1k,kp<=8k,0.1698,2
64,n<=64,sr<=70%,kvB<=1k,kp=0,0.1342,2
64,n<=64,sr<=70%,kvB<=4k,kp<=1k,0.1908,2
64,n<=64,sr<=70%,kvB<=4k,kp<=2k,0.1796,2
64,n<=64,sr<=70%,kvB<=4k,kp<=4k,0.1692,2
64,n<=64,sr<=70%,kvB<=4k,kp<=512,0.1913,2
64,n<=64,sr<=70%,kvB<=4k,kp<=8k,0.1823,2
64,n<=64,sr<=70%,kvB<=4k,kp=0,0.1742,2
64,n<=64,sr>70%,kvB<=16k,kp<=1k,0.1389,4
64,n<=64,sr>70%,kvB<=16k,kp<=2k,0.143,4
64,n<=64,sr>70%,kvB<=16k,kp<=4k,0.1366,4
64,n<=64,sr>70%,kvB<=16k,kp<=512,0.1399,4
64,n<=64,sr>70%,kvB<=16k,kp<=8k,0.1886,4
64,n<=64,sr>70%,kvB<=16k,kp=0,0.1326,4
64,n<=64,sr>70%,kvB<=1k,kp<=1k,0.2131,4
64,n<=64,sr>70%,kvB<=1k,kp<=2k,0.2226,4
64,n<=64,sr>70%,kvB<=1k,kp<=4k,0.2098,4
64,n<=64,sr>70%,kvB<=1k,kp<=512,0.2224,4
64,n<=64,sr>70%,kvB<=1k,kp<=8k,0.2175,4
64,n<=64,sr>70%,kvB<=1k,kp=0,0.2314,4
64,n<=64,sr>70%,kvB<=4k,kp<=1k,0.1322,4
64,n<=64,sr>70%,kvB<=4k,kp<=2k,0.1461,4
64,n<=64,sr>70%,kvB<=4k,kp<=4k,0.1553,4
64,n<=64,sr>70%,kvB<=4k,kp<=512,0.1511,4
64,n<=64,sr>70%,kvB<=4k,kp<=8k,0.1672,4
64,n<=64,sr>70%,kvB<=4k,kp=0,0.1611,4
64,n<=8,sr<=15%,kvB<=16k,kp<=1k,0.2101,2
64,n<=8,sr<=15%,kvB<=16k,kp<=2k,0.2099,2
64,n<=8,sr<=15%,kvB<=16k,kp<=4k,0.2119,2
64,n<=8,sr<=15%,kvB<=16k,kp<=512,0.2127,2
64,n<=8,sr<=15%,kvB<=16k,kp<=8k,0.2121,2
64,n<=8,sr<=15%,kvB<=16k,kp=0,0.2142,2
64,n<=8,sr<=15%,kvB<=1k,kp<=1k,0.1267,2
64,n<=8,sr<=15%,kvB<=1k,kp<=2k,0.1214,2
64,n<=8,sr<=15%,kvB<=1k,kp<=4k,0.1238,2
64,n<=8,sr<=15%,kvB<=1k,kp<=512,0.1513,2
64,n<=8,sr<=15%,kvB<=1k,kp<=8k,0.1113,2
64,n<=8,sr<=15%,kvB<=1k,kp=0,0.1553,2
64,n<=8,sr<=15%,kvB<=4k,kp<=1k,0.201,2
64,n<=8,sr<=15%,kvB<=4k,kp<=2k,0.1922,2
64,n<=8,sr<=15%,kvB<=4k,kp<=4k,0.1843,2
64,n<=8,sr<=15%,kvB<=4k,kp<=512,0.1987,2
64,n<=8,sr<=15%,kvB<=4k,kp<=8k,0.1863,2
64,n<=8,sr<=15%,kvB<=4k,kp=0,0.2014,2
64,n<=8,sr<=40%,kvB<=16k,kp<=1k,0.0379,4
64,n<=8,sr<=40%,kvB<=16k,kp<=2k,0.0366,4
64,n<=8,sr<=40%,kvB<=16k,kp<=4k,0.0374,4
64,n<=8,sr<=40%,kvB<=16k,kp<=512,0.0367,4
64,n<=8,sr<=40%,kvB<=16k,kp<=8k,0.0361,4
64,n<=8,sr<=40%,kvB<=16k,kp=0,0.0376,4
64,n<=8,sr<=40%,kvB<=1k,kp<=1k,0.0421,4
64,n<=8,sr<=40%,kvB<=1k,kp<=2k,0.0231,4
64,n<=8,sr<=40%,kvB<=1k,kp<=4k,0.0179,4
64,n<=8,sr<=40%,kvB<=1k,kp<=512,0.0514,4
64,n<=8,sr<=40%,kvB<=1k,kp<=8k,0.0282,4
64,n<=8,sr<=40%,kvB<=1k,kp=0,0.0338,4
64,n<=8,sr<=40%,kvB<=4k,kp<=1k,0.0485,4
64,n<=8,sr<=40%,kvB<=4k,kp<=2k,0.0405,4
64,n<=8,sr<=40%,kvB<=4k,kp<=4k,0.0443,4
64,n<=8,sr<=40%,kvB<=4k,kp<=512,0.0554,4
64,n<=8,sr<=40%,kvB<=4k,kp<=8k,0.0351,4
64,n<=8,sr<=40%,kvB<=4k,kp=0,0.0606,4
64,n<=8,sr<=70%,kvB<=16k,kp<=1k,0.1085,2
64,n<=8,sr<=70%,kvB<=16k,kp<=2k,0.1107,2
64,n<=8,sr<=70%,kvB<=16k,kp<=4k,0.1004,2
64,n<=8,sr<=70%,kvB<=16k,kp<=512,0.118,2
64,n<=8,sr<=70%,kvB<=16k,kp<=8k,0.1124,2
64,n<=8,sr<=70%,kvB<=16k,kp=0,0.1087,2
64,n<=8,sr<=70%,kvB<=1k,kp<=1k,0.0429,2
64,n<=8,sr<=70%,kvB<=1k,kp<=2k,0.034,2
64,n<=8,sr<=70%,kvB<=1k,kp<=4k,-0.0247,2
64,n<=8,sr<=70%,kvB<=1k,kp<=512,0.0834,2
64,n<=8,sr<=70%,kvB<=1k,kp<=8k,-0.0007,2
64,n<=8,sr<=70%,kvB<=1k,kp=0,0.0773,2
64,n<=8,sr<=70%,kvB<=4k,kp<=1k,0.1076,2
64,n<=8,sr<=70%,kvB<=4k,kp<=2k,0.118,2
64,n<=8,sr<=70%,kvB<=4k,kp<=4k,0.1046,2
64,n<=8,sr<=70%,kvB<=4k,kp<=512,0.1073,2
64,n<=8,sr<=70%,kvB<=4k,kp<=8k,0.1061,2
64,n<=8,sr<=70%,kvB<=4k,kp=0,0.2156,2
64,n<=8,sr>70%,kvB<=16k,kp<=1k,0.9286,4
64,n<=8,sr>70%,kvB<=16k,kp<=2k,0.915,4
64,n<=8,sr>70%,kvB<=16k,kp<=4k,0.926,4
64,n<=8,sr>70%,kvB<=16k,kp<=512,0.933,4
64,n<=8,sr>70%,kvB<=16k,kp<=8k,0.921,4
64,n<=8,sr>70%,kvB<=16k,kp=0,0.9455,4
64,n<=8,sr>70%,kvB<=1k,kp<=1k,0.8992,4
64,n<=8,sr>70%,kvB<=1k,kp<=2k,0.8532,4
64,n<=8,sr>70%,kvB<=1k,kp<=4k,0.8917,4
64,n<=8,sr>70%,kvB<=1k,kp<=512,0.9202,4
64,n<=8,sr>70%,kvB<=1k,kp<=8k,0.778,4
64,n<=8,sr>70%,kvB<=1k,kp=0,0.922,4
64,n<=8,sr>70%,kvB<=4k,kp<=1k,0.9659,4
64,n<=8,sr>70%,kvB<=4k,kp<=2k,0.9374,4
64,n<=8,sr>70%,kvB<=4k,kp<=4k,0.915,4
64,n<=8,sr>70%,kvB<=4k,kp<=512,0.9212,4
64,n<=8,sr>70%,kvB<=4k,kp<=8k,0.9166,4
64,n<=8,sr>70%,kvB<=4k,kp=0,0.94,4
128,n<=16,sr<=15%,kvB<=16k,kp<=1k,0.4019,4
128,n<=16,sr<=15%,kvB<=16k,kp<=2k,0.4021,4
128,n<=16,sr<=15%,kvB<=16k,kp<=4k,0.4015,4
128,n<=16,sr<=15%,kvB<=16k,kp<=512,0.4005,4
128,n<=16,sr<=15%,kvB<=16k,kp<=8k,0.4021,4
128,n<=16,sr<=15%,kvB<=16k,kp=0,0.401,4
128,n<=16,sr<=15%,kvB<=1k,kp<=1k,0.4263,4
128,n<=16,sr<=15%,kvB<=1k,kp<=2k,0.4354,4
128,n<=16,sr<=15%,kvB<=1k,kp<=4k,0.4257,4
128,n<=16,sr<=15%,kvB<=1k,kp<=512,0.4282,4
128,n<=16,sr<=15%,kvB<=1k,kp<=8k,0.4405,4
128,n<=16,sr<=15%,kvB<=1k,kp=0,0.4172,4
128,n<=16,sr<=15%,kvB<=4k,kp<=1k,0.4047,4
128,n<=16,sr<=15%,kvB<=4k,kp<=2k,0.4005,4
128,n<=16,sr<=15%,kvB<=4k,kp<=4k,0.4049,4
128,n<=16,sr<=15%,kvB<=4k,kp<=512,0.4019,4
128,n<=16,sr<=15%,kvB<=4k,kp<=8k,0.4053,4
128,n<=16,sr<=15%,kvB<=4k,kp=0,0.4013,4
128,n<=16,sr<=40%,kvB<=16k,kp<=1k,0.5079,4
128,n<=16,sr<=40%,kvB<=16k,kp<=2k,0.5065,4
128,n<=16,sr<=40%,kvB<=16k,kp<=4k,0.5051,4
128,n<=16,sr<=40%,kvB<=16k,kp<=512,0.5051,4
128,n<=16,sr<=40%,kvB<=16k,kp<=8k,0.5067,4
128,n<=16,sr<=40%,kvB<=16k,kp=0,0.506,4
128,n<=16,sr<=40%,kvB<=1k,kp<=1k,0.4748,4
128,n<=16,sr<=40%,kvB<=1k,kp<=2k,0.4862,4
128,n<=16,sr<=40%,kvB<=1k,kp<=4k,0.4827,4
128,n<=16,sr<=40%,kvB<=1k,kp<=512,0.483,4
128,n<=16,sr<=40%,kvB<=1k,kp<=8k,0.4796,4
128,n<=16,sr<=40%,kvB<=1k,kp=0,0.4824,4
128,n<=16,sr<=40%,kvB<=4k,kp<=1k,0.4969,4
128,n<=16,sr<=40%,kvB<=4k,kp<=2k,0.4974,4
128,n<=16,sr<=40%,kvB<=4k,kp<=4k,0.4961,4
128,n<=16,sr<=40%,kvB<=4k,kp<=512,0.4987,4
128,n<=16,sr<=40%,kvB<=4k,kp<=8k,0.5023,4
128,n<=16,sr<=40%,kvB<=4k,kp=0,0.4988,4
128,n<=16,sr<=70%,kvB<=16k,kp<=1k,0.9407,2
128,n<=16,sr<=70%,kvB<=16k,kp<=2k,0.9478,2
128,n<=16,sr<=70%,kvB<=16k,kp<=4k,0.9491,2
128,n<=16,sr<=70%,kvB<=16k,kp<=512,0.9413,2
128,n<=16,sr<=70%,kvB<=16k,kp<=8k,0.9427,2
128,n<=16,sr<=70%,kvB<=16k,kp=0,0.9502,2
128,n<=16,sr<=70%,kvB<=1k,kp<=1k,0.883,2
128,n<=16,sr<=70%,kvB<=1k,kp<=2k,0.9153,2
128,n<=16,sr<=70%,kvB<=1k,kp<=4k,0.8968,2
128,n<=16,sr<=70%,kvB<=1k,kp<=512,0.8879,2
128,n<=16,sr<=70%,kvB<=1k,kp<=8k,0.892,2
128,n<=16,sr<=70%,kvB<=1k,kp=0,0.9087,2
128,n<=16,sr<=70%,kvB<=4k,kp<=1k,0.9326,2
128,n<=16,sr<=70%,kvB<=4k,kp<=2k,0.9215,2
128,n<=16,sr<=70%,kvB<=4k,kp<=4k,0.9296,2
128,n<=16,sr<=70%,kvB<=4k,kp<=512,0.9456,2
128,n<=16,sr<=70%,kvB<=4k,kp<=8k,0.9198,2
128,n<=16,sr<=70%,kvB<=4k,kp=0,0.9301,2
128,n<=16,sr>70%,kvB<=16k,kp<=1k,0.9347,4
128,n<=16,sr>70%,kvB<=16k,kp<=2k,0.9271,4
128,n<=16,sr>70%,kvB<=16k,kp<=4k,0.9254,4
128,n<=16,sr>70%,kvB<=16k,kp<=512,0.931,4
128,n<=16,sr>70%,kvB<=16k,kp<=8k,0.9294,4
128,n<=16,sr>70%,kvB<=16k,kp=0,0.9368,4
128,n<=16,sr>70%,kvB<=1k,kp<=1k,0.9073,4
128,n<=16,sr>70%,kvB<=1k,kp<=2k,0.9262,4
128,n<=16,sr>70%,kvB<=1k,kp<=4k,0.922,4
128,n<=16,sr>70%,kvB<=1k,kp<=512,0.8751,4
128,n<=16,sr>70%,kvB<=1k,kp<=8k,0.8433,4
128,n<=16,sr>70%,kvB<=1k,kp=0,0.8711,4
128,n<=16,sr>70%,kvB<=4k,kp<=1k,0.9262,4
128,n<=16,sr>70%,kvB<=4k,kp<=2k,0.9032,4
128,n<=16,sr>70%,kvB<=4k,kp<=4k,0.9091,4
128,n<=16,sr>70%,kvB<=4k,kp<=512,0.9281,4
128,n<=16,sr>70%,kvB<=4k,kp<=8k,0.9218,4
128,n<=16,sr>70%,kvB<=4k,kp=0,0.9197,4
128,n<=2,sr<=70%,kvB<=16k,kp<=1k,-0.0189,2
128,n<=2,sr<=70%,kvB<=16k,kp<=2k,-0.0333,2
128,n<=2,sr<=70%,kvB<=16k,kp<=4k,-0.0296,2
128,n<=2,sr<=70%,kvB<=16k,kp<=512,-0.0319,2
128,n<=2,sr<=70%,kvB<=16k,kp<=8k,-0.0216,2
128,n<=2,sr<=70%,kvB<=16k,kp=0,-0.0312,2
128,n<=2,sr<=70%,kvB<=1k,kp<=1k,0.0274,2
128,n<=2,sr<=70%,kvB<=1k,kp<=2k,0.048,2
128,n<=2,sr<=70%,kvB<=1k,kp<=4k,-0.0782,2
128,n<=2,sr<=70%,kvB<=1k,kp<=512,0.1096,2
128,n<=2,sr<=70%,kvB<=1k,kp<=8k,-0.077,2
128,n<=2,sr<=70%,kvB<=1k,kp=0,-0.0388,2
128,n<=2,sr<=70%,kvB<=4k,kp<=1k,-0.1485,2
128,n<=2,sr<=70%,kvB<=4k,kp<=2k,-0.1522,2
128,n<=2,sr<=70%,kvB<=4k,kp<=4k,-0.1335,2
128,n<=2,sr<=70%,kvB<=4k,kp<=512,-0.1747,2
128,n<=2,sr<=70%,kvB<=4k,kp<=8k,-0.1552,2
128,n<=2,sr<=70%,kvB<=4k,kp=0,-0.1611,2
128,n<=32,sr<=15%,kvB<=16k,kp<=1k,0.3375,6
128,n<=32,sr<=15%,kvB<=16k,kp<=2k,0.3413,6
128,n<=32,sr<=15%,kvB<=16k,kp<=4k,0.338,6
128,n<=32,sr<=15%,kvB<=16k,kp<=512,0.3233,6
128,n<=32,sr<=15%,kvB<=16k,kp<=8k,0.3072,6
128,n<=32,sr<=15%,kvB<=16k,kp=0,0.2815,6
128,n<=32,sr<=15%,kvB<=1k,kp<=1k,0.3402,6
128,n<=32,sr<=15%,kvB<=1k,kp<=2k,0.3221,6
128,n<=32,sr<=15%,kvB<=1k,kp<=4k,0.3214,6
128,n<=32,sr<=15%,kvB<=1k,kp<=512,0.2922,6
128,n<=32,sr<=15%,kvB<=1k,kp<=8k,0.2953,6
128,n<=32,sr<=15%,kvB<=1k,kp=0,0.3084,6
128,n<=32,sr<=15%,kvB<=4k,kp<=1k,0.3412,6
128,n<=32,sr<=15%,kvB<=4k,kp<=2k,0.3223,6
128,n<=32,sr<=15%,kvB<=4k,kp<=4k,0.3341,6
128,n<=32,sr<=15%,kvB<=4k,kp<=512,0.3138,6
128,n<=32,sr<=15%,kvB<=4k,kp<=8k,0.31,6
128,n<=32,sr<=15%,kvB<=4k,kp=0,0.3148,6
128,n<=32,sr<=40%,kvB<=16k,kp<=1k,0.3089,2
128,n<=32,sr<=40%,kvB<=16k,kp<=2k,0.3131,2
128,n<=32,sr<=40%,kvB<=16k,kp<=4k,0.3112,2
128,n<=32,sr<=40%,kvB<=16k,kp<=512,0.3181,2
128,n<=32,sr<=40%,kvB<=16k,kp<=8k,0.3119,2
128,n<=32,sr<=40%,kvB<=16k,kp=0,0.311,2
128,n<=32,sr<=40%,kvB<=1k,kp<=1k,0.316,2
128,n<=32,sr<=40%,kvB<=1k,kp<=2k,0.3135,2
128,n<=32,sr<=40%,kvB<=1k,kp<=4k,0.3075,2
128,n<=32,sr<=40%,kvB<=1k,kp<=512,0.2958,2
128,n<=32,sr<=40%,kvB<=1k,kp<=8k,0.3069,2
128,n<=32,sr<=40%,kvB<=1k,kp=0,0.2893,2
128,n<=32,sr<=40%,kvB<=4k,kp<=1k,0.3248,2
128,n<=32,sr<=40%,kvB<=4k,kp<=2k,0.3043,2
128,n<=32,sr<=40%,kvB<=4k,kp<=4k,0.289,2
128,n<=32,sr<=40%,kvB<=4k,kp<=512,0.3136,2
128,n<=32,sr<=40%,kvB<=4k,kp<=8k,0.3204,2
128,n<=32,sr<=40%,kvB<=4k,kp=0,0.3084,2
128,n<=32,sr<=5%,kvB<=16k,kp<=1k,0.3759,2
128,n<=32,sr<=5%,kvB<=16k,kp<=2k,0.3234,2
128,n<=32,sr<=5%,kvB<=16k,kp<=4k,0.2968,2
128,n<=32,sr<=5%,kvB<=16k,kp<=512,0.2893,2
128,n<=32,sr<=5%,kvB<=16k,kp<=8k,0.3,2
128,n<=32,sr<=5%,kvB<=16k,kp=0,0.3248,2
128,n<=32,sr<=5%,kvB<=1k,kp<=1k,0.297,2
128,n<=32,sr<=5%,kvB<=1k,kp<=2k,0.3013,2
128,n<=32,sr<=5%,kvB<=1k,kp<=4k,0.3278,2
128,n<=32,sr<=5%,kvB<=1k,kp<=512,0.2891,2
128,n<=32,sr<=5%,kvB<=1k,kp<=8k,0.3266,2
128,n<=32,sr<=5%,kvB<=1k,kp=0,0.3197,2
128,n<=32,sr<=5%,kvB<=4k,kp<=1k,0.283,2
128,n<=32,sr<=5%,kvB<=4k,kp<=2k,0.3066,2
128,n<=32,sr<=5%,kvB<=4k,kp<=4k,0.2869,2
128,n<=32,sr<=5%,kvB<=4k,kp<=512,0.2859,2
128,n<=32,sr<=5%,kvB<=4k,kp<=8k,0.3339,2
128,n<=32,sr<=5%,kvB<=4k,kp=0,0.2946,2
128,n<=32,sr<=70%,kvB<=16k,kp<=1k,0.6347,2
128,n<=32,sr<=70%,kvB<=16k,kp<=2k,0.6339,2
128,n<=32,sr<=70%,kvB<=16k,kp<=4k,0.5976,2
128,n<=32,sr<=70%,kvB<=16k,kp<=512,0.6143,2
128,n<=32,sr<=70%,kvB<=16k,kp<=8k,0.6354,2
128,n<=32,sr<=70%,kvB<=16k,kp=0,0.633,2
128,n<=32,sr<=70%,kvB<=1k,kp<=1k,0.4661,2
128,n<=32,sr<=70%,kvB<=1k,kp<=2k,0.4297,2
128,n<=32,sr<=70%,kvB<=1k,kp<=4k,0.5089,2
128,n<=32,sr<=70%,kvB<=1k,kp<=512,0.5171,2
128,n<=32,sr<=70%,kvB<=1k,kp<=8k,0.4055,2
128,n<=32,sr<=70%,kvB<=1k,kp=0,0.5271,2
128,n<=32,sr<=70%,kvB<=4k,kp<=1k,0.6392,2
128,n<=32,sr<=70%,kvB<=4k,kp<=2k,0.6434,2
128,n<=32,sr<=70%,kvB<=4k,kp<=4k,0.6212,2
128,n<=32,sr<=70%,kvB<=4k,kp<=512,0.5523,2
128,n<=32,sr<=70%,kvB<=4k,kp<=8k,0.6109,2
128,n<=32,sr<=70%,kvB<=4k,kp=0,0.6611,2
128,n<=32,sr>70%,kvB<=16k,kp<=1k,0.9375,4
128,n<=32,sr>70%,kvB<=16k,kp<=2k,0.9351,4
128,n<=32,sr>70%,kvB<=16k,kp<=4k,0.9442,4
128,n<=32,sr>70%,kvB<=16k,kp<=512,0.9405,4
128,n<=32,sr>70%,kvB<=16k,kp<=8k,0.953,4
128,n<=32,sr>70%,kvB<=16k,kp=0,0.9412,4
128,n<=32,sr>70%,kvB<=1k,kp<=1k,0.8643,4
128,n<=32,sr>70%,kvB<=1k,kp<=2k,0.8576,4
128,n<=32,sr>70%,kvB<=1k,kp<=4k,0.848,4
128,n<=32,sr>70%,kvB<=1k,kp<=512,0.8845,4
128,n<=32,sr>70%,kvB<=1k,kp<=8k,0.873,4
128,n<=32,sr>70%,kvB<=1k,kp=0,0.8538,4
128,n<=32,sr>70%,kvB<=4k,kp<=1k,0.9223,4
128,n<=32,sr>70%,kvB<=4k,kp<=2k,0.9327,4
128,n<=32,sr>70%,kvB<=4k,kp<=4k,0.9309,4
128,n<=32,sr>70%,kvB<=4k,kp<=512,0.922,4
128,n<=32,sr>70%,kvB<=4k,kp<=8k,0.9206,4
128,n<=32,sr>70%,kvB<=4k,kp=0,0.9269,4
128,n<=4,sr<=40%,kvB<=16k,kp<=1k,0.0861,2
128,n<=4,sr<=40%,kvB<=16k,kp<=2k,0.0874,2
128,n<=4,sr<=40%,kvB<=16k,kp<=4k,0.0807,2
128,n<=4,sr<=40%,kvB<=16k,kp<=512,0.0841,2
128,n<=4,sr<=40%,kvB<=16k,kp<=8k,0.0805,2
128,n<=4,sr<=40%,kvB<=16k,kp=0,0.0918,2
128,n<=4,sr<=40%,kvB<=1k,kp<=1k,0.1926,2
128,n<=4,sr<=40%,kvB<=1k,kp<=2k,0.1784,2
128,n<=4,sr<=40%,kvB<=1k,kp<=4k,0.1767,2
128,n<=4,sr<=40%,kvB<=1k,kp<=512,0.1843,2
128,n<=4,sr<=40%,kvB<=1k,kp<=8k,0.106,2
128,n<=4,sr<=40%,kvB<=1k,kp=0,0.1904,2
128,n<=4,sr<=40%,kvB<=4k,kp<=1k,0.0655,2
128,n<=4,sr<=40%,kvB<=4k,kp<=2k,0.0572,2
128,n<=4,sr<=40%,kvB<=4k,kp<=4k,0.0815,2
128,n<=4,sr<=40%,kvB<=4k,kp<=512,0.0728,2
128,n<=4,sr<=40%,kvB<=4k,kp<=8k,0.0786,2
128,n<=4,sr<=40%,kvB<=4k,kp=0,0.0687,2
128,n<=4,sr<=70%,kvB<=16k,kp<=1k,0.0953,2
128,n<=4,sr<=70%,kvB<=16k,kp<=2k,0.0912,2
128,n<=4,sr<=70%,kvB<=16k,kp<=4k,0.082,2
128,n<=4,sr<=70%,kvB<=16k,kp<=512,0.0784,2
128,n<=4,sr<=70%,kvB<=16k,kp<=8k,0.0987,2
128,n<=4,sr<=70%,kvB<=16k,kp=0,0.0784,2
128,n<=4,sr<=70%,kvB<=1k,kp<=1k,0.0332,2
128,n<=4,sr<=70%,kvB<=1k,kp<=2k,0.0056,2
128,n<=4,sr<=70%,kvB<=1k,kp<=4k,0.0352,2
128,n<=4,sr<=70%,kvB<=1k,kp<=512,0.0871,2
128,n<=4,sr<=70%,kvB<=1k,kp<=8k,-0.011,2
128,n<=4,sr<=70%,kvB<=1k,kp=0,0.0388,2
128,n<=4,sr<=70%,kvB<=4k,kp<=1k,0.0676,2
128,n<=4,sr<=70%,kvB<=4k,kp<=2k,0.0616,2
128,n<=4,sr<=70%,kvB<=4k,kp<=4k,0.0561,2
128,n<=4,sr<=70%,kvB<=4k,kp<=512,0.0504,2
128,n<=4,sr<=70%,kvB<=4k,kp<=8k,0.0535,2
128,n<=4,sr<=70%,kvB<=4k,kp=0,0.0683,2
128,n<=4,sr>70%,kvB<=16k,kp<=1k,-0.0774,2
128,n<=4,sr>70%,kvB<=16k,kp<=2k,-0.0776,2
128,n<=4,sr>70%,kvB<=16k,kp<=4k,-0.041,2
128,n<=4,sr>70%,kvB<=16k,kp<=512,-0.0646,2
128,n<=4,sr>70%,kvB<=16k,kp<=8k,-0.0626,2
128,n<=4,sr>70%,kvB<=16k,kp=0,-0.0411,2
128,n<=4,sr>70%,kvB<=1k,kp<=1k,0.0684,2
128,n<=4,sr>70%,kvB<=1k,kp<=2k,0.0438,2
128,n<=4,sr>70%,kvB<=1k,kp<=4k,0.0387,2
128,n<=4,sr>70%,kvB<=1k,kp<=512,-0.0034,2
128,n<=4,sr>70%,kvB<=1k,kp<=8k,0.0929,2
128,n<=4,sr>70%,kvB<=1k,kp=0,0.0442,2
128,n<=4,sr>70%,kvB<=4k,kp<=1k,-0.0959,2
128,n<=4,sr>70%,kvB<=4k,kp<=2k,-0.0727,2
128,n<=4,sr>70%,kvB<=4k,kp<=4k,-0.0964,2
128,n<=4,sr>70%,kvB<=4k,kp<=512,-0.1164,2
128,n<=4,sr>70%,kvB<=4k,kp<=8k,-0.1064,2
128,n<=4,sr>70%,kvB<=4k,kp=0,-0.1521,2
128,n<=64,sr<=15%,kvB<=16k,kp<=1k,0.1338,4
128,n<=64,sr<=15%,kvB<=16k,kp<=2k,0.1322,4
128,n<=64,sr<=15%,kvB<=16k,kp<=4k,0.1342,4
128,n<=64,sr<=15%,kvB<=16k,kp<=512,0.1283,4
128,n<=64,sr<=15%,kvB<=16k,kp<=8k,0.1372,4
128,n<=64,sr<=15%,kvB<=16k,kp=0,0.133,4
128,n<=64,sr<=15%,kvB<=1k,kp<=1k,0.1624,4
128,n<=64,sr<=15%,kvB<=1k,kp<=2k,0.1696,4
128,n<=64,sr<=15%,kvB<=1k,kp<=4k,0.1651,4
128,n<=64,sr<=15%,kvB<=1k,kp<=512,0.1784,4
128,n<=64,sr<=15%,kvB<=1k,kp<=8k,0.1697,4
128,n<=64,sr<=15%,kvB<=1k,kp=0,0.18,4
128,n<=64,sr<=15%,kvB<=4k,kp<=1k,0.1213,4
128,n<=64,sr<=15%,kvB<=4k,kp<=2k,0.1311,4
128,n<=64,sr<=15%,kvB<=4k,kp<=4k,0.1189,4
128,n<=64,sr<=15%,kvB<=4k,kp<=512,0.1384,4
128,n<=64,sr<=15%,kvB<=4k,kp<=8k,0.1315,4
128,n<=64,sr<=15%,kvB<=4k,kp=0,0.1407,4
128,n<=64,sr<=40%,kvB<=16k,kp<=1k,0.1093,2
128,n<=64,sr<=40%,kvB<=16k,kp<=2k,0.1079,2
128,n<=64,sr<=40%,kvB<=16k,kp<=4k,0.1096,2
128,n<=64,sr<=40%,kvB<=16k,kp<=512,0.1084,2
128,n<=64,sr<=40%,kvB<=16k,kp<=8k,0.111,2
128,n<=64,sr<=40%,kvB<=16k,kp=0,0.1091,2
128,n<=64,sr<=40%,kvB<=1k,kp<=1k,0.132,2
128,n<=64,sr<=40%,kvB<=1k,kp<=2k,0.127,2
128,n<=64,sr<=40%,kvB<=1k,kp<=4k,0.1321,2
128,n<=64,sr<=40%,kvB<=1k,kp<=512,0.1043,2
128,n<=64,sr<=40%,kvB<=1k,kp<=8k,0.1132,2
128,n<=64,sr<=40%,kvB<=1k,kp=0,0.1221,2
128,n<=64,sr<=40%,kvB<=4k,kp<=1k,0.1159,2
128,n<=64,sr<=40%,kvB<=4k,kp<=2k,0.1132,2
128,n<=64,sr<=40%,kvB<=4k,kp<=4k,0.118,2
128,n<=64,sr<=40%,kvB<=4k,kp<=512,0.1225,2
128,n<=64,sr<=40%,kvB<=4k,kp<=8k,0.097,2
128,n<=64,sr<=40%,kvB<=4k,kp=0,0.0881,2
128,n<=64,sr<=5%,kvB<=16k,kp<=1k,0.1534,6
128,n<=64,sr<=5%,kvB<=16k,kp<=2k,0.1439,6
128,n<=64,sr<=5%,kvB<=16k,kp<=4k,0.1494,6
128,n<=64,sr<=5%,kvB<=16k,kp<=512,0.1481,6
128,n<=64,sr<=5%,kvB<=16k,kp<=8k,0.148,6
128,n<=64,sr<=5%,kvB<=16k,kp=0,0.1532,6
128,n<=64,sr<=5%,kvB<=1k,kp<=1k,0.1481,6
128,n<=64,sr<=5%,kvB<=1k,kp<=2k,0.1536,6
128,n<=64,sr<=5%,kvB<=1k,kp<=4k,0.1521,6
128,n<=64,sr<=5%,kvB<=1k,kp<=512,0.1542,6
128,n<=64,sr<=5%,kvB<=1k,kp<=8k,0.1488,6
128,n<=64,sr<=5%,kvB<=1k,kp=0,0.147,6
128,n<=64,sr<=5%,kvB<=4k,kp<=1k,0.142,6
128,n<=64,sr<=5%,kvB<=4k,kp<=2k,0.1517,6
128,n<=64,sr<=5%,kvB<=4k,kp<=4k,0.1425,6
128,n<=64,sr<=5%,kvB<=4k,kp<=512,0.1506,6
128,n<=64,sr<=5%,kvB<=4k,kp<=8k,0.1508,6
128,n<=64,sr<=5%,kvB<=4k,kp=0,0.1574,6
128,n<=64,sr<=70%,kvB<=16k,kp<=1k,0.1635,2
128,n<=64,sr<=70%,kvB<=16k,kp<=2k,0.1633,2
128,n<=64,sr<=70%,kvB<=16k,kp<=4k,0.1572,2
128,n<=64,sr<=70%,kvB<=16k,kp<=512,0.1591,2
128,n<=64,sr<=70%,kvB<=16k,kp<=8k,0.1589,2
128,n<=64,sr<=70%,kvB<=16k,kp=0,0.1527,2
128,n<=64,sr<=70%,kvB<=1k,kp<=1k,0.1715,2
128,n<=64,sr<=70%,kvB<=1k,kp<=2k,0.1791,2
128,n<=64,sr<=70%,kvB<=1k,kp<=4k,0.1745,2
128,n<=64,sr<=70%,kvB<=1k,kp<=512,0.1756,2
128,n<=64,sr<=70%,kvB<=1k,kp<=8k,0.1811,2
128,n<=64,sr<=70%,kvB<=1k,kp=0,0.1527,2
128,n<=64,sr<=70%,kvB<=4k,kp<=1k,0.1724,2
128,n<=64,sr<=70%,kvB<=4k,kp<=2k,0.1839,2
128,n<=64,sr<=70%,kvB<=4k,kp<=4k,0.1645,2
128,n<=64,sr<=70%,kvB<=4k,kp<=512,0.1578,2
128,n<=64,sr<=70%,kvB<=4k,kp<=8k,0.1681,2
128,n<=64,sr<=70%,kvB<=4k,kp=0,0.1817,2
128,n<=64,sr>70%,kvB<=16k,kp<=1k,0.142,4
128,n<=64,sr>70%,kvB<=16k,kp<=2k,0.1331,4
128,n<=64,sr>70%,kvB<=16k,kp<=4k,0.1376,4
128,n<=64,sr>70%,kvB<=16k,kp<=512,0.1403,4
128,n<=64,sr>70%,kvB<=16k,kp<=8k,0.141,4
128,n<=64,sr>70%,kvB<=16k,kp=0,0.1448,4
128,n<=64,sr>70%,kvB<=1k,kp<=1k,0.2157,4
128,n<=64,sr>70%,kvB<=1k,kp<=2k,0.2258,4
128,n<=64,sr>70%,kvB<=1k,kp<=4k,0.2233,4
128,n<=64,sr>70%,kvB<=1k,kp<=512,0.2056,4
128,n<=64,sr>70%,kvB<=1k,kp<=8k,0.2251,4
128,n<=64,sr>70%,kvB<=1k,kp=0,0.1928,4
128,n<=64,sr>70%,kvB<=4k,kp<=1k,0.1594,4
128,n<=64,sr>70%,kvB<=4k,kp<=2k,0.1791,4
128,n<=64,sr>70%,kvB<=4k,kp<=4k,0.1799,4
128,n<=64,sr>70%,kvB<=4k,kp<=512,0.165,4
128,n<=64,sr>70%,kvB<=4k,kp<=8k,0.1871,4
128,n<=64,sr>70%,kvB<=4k,kp=0,0.1755,4
128,n<=8,sr<=15%,kvB<=16k,kp<=1k,0.2115,2
128,n<=8,sr<=15%,kvB<=16k,kp<=2k,0.2134,2
128,n<=8,sr<=15%,kvB<=16k,kp<=4k,0.2088,2
128,n<=8,sr<=15%,kvB<=16k,kp<=512,0.2138,2
128,n<=8,sr<=15%,kvB<=16k,kp<=8k,0.2098,2
128,n<=8,sr<=15%,kvB<=16k,kp=0,0.2152,2
128,n<=8,sr<=15%,kvB<=1k,kp<=1k,0.1099,2
128,n<=8,sr<=15%,kvB<=1k,kp<=2k,0.117,2
128,n<=8,sr<=15%,kvB<=1k,kp<=4k,0.1192,2
128,n<=8,sr<=15%,kvB<=1k,kp<=512,0.1089,2
128,n<=8,sr<=15%,kvB<=1k,kp<=8k,0.124,2
128,n<=8,sr<=15%,kvB<=1k,kp=0,0.1393,2
128,n<=8,sr<=15%,kvB<=4k,kp<=1k,0.1926,2
128,n<=8,sr<=15%,kvB<=4k,kp<=2k,0.1819,2
128,n<=8,sr<=15%,kvB<=4k,kp<=4k,0.1865,2
128,n<=8,sr<=15%,kvB<=4k,kp<=512,0.1926,2
128,n<=8,sr<=15%,kvB<=4k,kp<=8k,0.1852,2
128,n<=8,sr<=15%,kvB<=4k,kp=0,0.201,2
128,n<=8,sr<=40%,kvB<=16k,kp<=1k,0.0383,4
128,n<=8,sr<=40%,kvB<=16k,kp<=2k,0.0414,4
128,n<=8,sr<=40%,kvB<=16k,kp<=4k,0.038,4
128,n<=8,sr<=40%,kvB<=16k,kp<=512,0.0384,4
128,n<=8,sr<=40%,kvB<=16k,kp<=8k,0.0367,4
128,n<=8,sr<=40%,kvB<=16k,kp=0,0.0381,4
128,n<=8,sr<=40%,kvB<=1k,kp<=1k,0.0196,4
128,n<=8,sr<=40%,kvB<=1k,kp<=2k,0.0313,4
128,n<=8,sr<=40%,kvB<=1k,kp<=4k,0.0375,4
128,n<=8,sr<=40%,kvB<=1k,kp<=512,0.0357,4
128,n<=8,sr<=40%,kvB<=1k,kp<=8k,0.024,4
128,n<=8,sr<=40%,kvB<=1k,kp=0,0.052,4
128,n<=8,sr<=40%,kvB<=4k,kp<=1k,0.04,4
128,n<=8,sr<=40%,kvB<=4k,kp<=2k,0.0438,4
128,n<=8,sr<=40%,kvB<=4k,kp<=4k,0.044,4
128,n<=8,sr<=40%,kvB<=4k,kp<=512,0.0435,4
128,n<=8,sr<=40%,kvB<=4k,kp<=8k,0.0391,4
128,n<=8,sr<=40%,kvB<=4k,kp=0,0.0556,4
128,n<=8,sr<=70%,kvB<=16k,kp<=1k,0.1009,2
128,n<=8,sr<=70%,kvB<=16k,kp<=2k,0.1013,2
128,n<=8,sr<=70%,kvB<=16k,kp<=4k,0.1096,2
128,n<=8,sr<=70%,kvB<=16k,kp<=512,0.1066,2
128,n<=8,sr<=70%,kvB<=16k,kp<=8k,0.1144,2
128,n<=8,sr<=70%,kvB<=16k,kp=0,0.105,2
128,n<=8,sr<=70%,kvB<=1k,kp<=1k,0.0265,2
128,n<=8,sr<=70%,kvB<=1k,kp<=2k,0.0401,2
128,n<=8,sr<=70%,kvB<=1k,kp<=4k,-0.0137,2
128,n<=8,sr<=70%,kvB<=1k,kp<=512,0.0385,2
128,n<=8,sr<=70%,kvB<=1k,kp<=8k,0.028,2
128,n<=8,sr<=70%,kvB<=1k,kp=0,0.0578,2
128,n<=8,sr<=70%,kvB<=4k,kp<=1k,0.116,2
128,n<=8,sr<=70%,kvB<=4k,kp<=2k,0.1131,2
128,n<=8,sr<=70%,kvB<=4k,kp<=4k,0.0969,2
128,n<=8,sr<=70%,kvB<=4k,kp<=512,0.1047,2
128,n<=8,sr<=70%,kvB<=4k,kp<=8k,0.098,2
128,n<=8,sr<=70%,kvB<=4k,kp=0,0.1087,2
128,n<=8,sr>70%,kvB<=16k,kp<=1k,0.9217,4
128,n<=8,sr>70%,kvB<=16k,kp<=2k,0.9168,4
128,n<=8,sr>70%,kvB<=16k,kp<=4k,0.9191,4
128,n<=8,sr>70%,kvB<=16k,kp<=512,0.9327,4
128,n<=8,sr>70%,kvB<=16k,kp<=8k,0.9221,4
128,n<=8,sr>70%,kvB<=16k,kp=0,0.9232,4
128,n<=8,sr>70%,kvB<=1k,kp<=1k,0.8649,4
128,n<=8,sr>70%,kvB<=1k,kp<=2k,0.8497,4
128,n<=8,sr>70%,kvB<=1k,kp<=4k,0.7552,4
128,n<=8,sr>70%,kvB<=1k,kp<=512,0.8366,4
128,n<=8,sr>70%,kvB<=1k,kp<=8k,0.8175,4
128,n<=8,sr>70%,kvB<=1k,kp=0,0.8314,4
128,n<=8,sr>70%,kvB<=4k,kp<=1k,0.9138,4
128,n<=8,sr>70%,kvB<=4k,kp<=2k,0.937,4
128,n<=8,sr>70%,kvB<=4k,kp<=4k,0.9306,4
128,n<=8,sr>70%,kvB<=4k,kp<=512,0.9252,4
128,n<=8,sr>70%,kvB<=4k,kp<=8k,0.9102,4
128,n<=8,sr>70%,kvB<=4k,kp=0,0.9101,4
256,n<=16,sr<=15%,kvB<=16k,kp<=1k,0.401,4
256,n<=16,sr<=15%,kvB<=16k,kp<=2k,0.4015,4
256,n<=16,sr<=15%,kvB<=16k,kp<=4k,0.4016,4
256,n<=16,sr<=15%,kvB<=16k,kp<=512,0.4017,4
256,n<=16,sr<=15%,kvB<=16k,kp<=8k,0.4,4
256,n<=16,sr<=15%,kvB<=16k,kp=0,0.4008,4
256,n<=16,sr<=15%,kvB<=1k,kp<=1k,0.4243,4
256,n<=16,sr<=15%,kvB<=1k,kp<=2k,0.4202,4
256,n<=16,sr<=15%,kvB<=1k,kp<=4k,0.4323,4
256,n<=16,sr<=15%,kvB<=1k,kp<=512,0.426,4
256,n<=16,sr<=15%,kvB<=1k,kp<=8k,0.4169,4
256,n<=16,sr<=15%,kvB<=1k,kp=0,0.4246,4
256,n<=16,sr<=15%,kvB<=4k,kp<=1k,0.4052,4
256,n<=16,sr<=15%,kvB<=4k,kp<=2k,0.407,4
256,n<=16,sr<=15%,kvB<=4k,kp<=4k,0.4047,4
256,n<=16,sr<=15%,kvB<=4k,kp<=512,0.4046,4
256,n<=16,sr<=15%,kvB<=4k,kp<=8k,0.404,4
256,n<=16,sr<=15%,kvB<=4k,kp=0,0.4067,4
256,n<=16,sr<=40%,kvB<=16k,kp<=1k,0.5047,4
256,n<=16,sr<=40%,kvB<=16k,kp<=2k,0.5072,4
256,n<=16,sr<=40%,kvB<=16k,kp<=4k,0.5086,4
256,n<=16,sr<=40%,kvB<=16k,kp<=512,0.5078,4
256,n<=16,sr<=40%,kvB<=16k,kp<=8k,0.5073,4
256,n<=16,sr<=40%,kvB<=16k,kp=0,0.5043,4
256,n<=16,sr<=40%,kvB<=1k,kp<=1k,0.4886,4
256,n<=16,sr<=40%,kvB<=1k,kp<=2k,0.4717,4
256,n<=16,sr<=40%,kvB<=1k,kp<=4k,0.4951,4
256,n<=16,sr<=40%,kvB<=1k,kp<=512,0.4842,4
256,n<=16,sr<=40%,kvB<=1k,kp<=8k,0.4757,4
256,n<=16,sr<=40%,kvB<=1k,kp=0,0.4852,4
256,n<=16,sr<=40%,kvB<=4k,kp<=1k,0.494,4
256,n<=16,sr<=40%,kvB<=4k,kp<=2k,0.4972,4
256,n<=16,sr<=40%,kvB<=4k,kp<=4k,0.499,4
256,n<=16,sr<=40%,kvB<=4k,kp<=512,0.4984,4
256,n<=16,sr<=40%,kvB<=4k,kp<=8k,0.5,4
256,n<=16,sr<=40%,kvB<=4k,kp=0,0.4974,4
256,n<=16,sr<=70%,kvB<=16k,kp<=1k,0.9446,2
256,n<=16,sr<=70%,kvB<=16k,kp<=2k,0.9455,2
256,n<=16,sr<=70%,kvB<=16k,kp<=4k,0.9421,2
256,n<=16,sr<=70%,kvB<=16k,kp<=512,0.9497,2
256,n<=16,sr<=70%,kvB<=16k,kp<=8k,0.9514,2
256,n<=16,sr<=70%,kvB<=16k,kp=0,0.9454,2
256,n<=16,sr<=70%,kvB<=1k,kp<=1k,0.8891,2
256,n<=16,sr<=70%,kvB<=1k,kp<=2k,0.884,2
256,n<=16,sr<=70%,kvB<=1k,kp<=4k,0.8903,2
256,n<=16,sr<=70%,kvB<=1k,kp<=512,0.9023,2
256,n<=16,sr<=70%,kvB<=1k,kp<=8k,0.8802,2
256,n<=16,sr<=70%,kvB<=1k,kp=0,0.9147,2
256,n<=16,sr<=70%,kvB<=4k,kp<=1k,0.9353,2
256,n<=16,sr<=70%,kvB<=4k,kp<=2k,0.9385,2
256,n<=16,sr<=70%,kvB<=4k,kp<=4k,0.9263,2
256,n<=16,sr<=70%,kvB<=4k,kp<=512,0.9421,2
256,n<=16,sr<=70%,kvB<=4k,kp<=8k,0.947,2
256,n<=16,sr<=70%,kvB<=4k,kp=0,0.936,2
256,n<=16,sr>70%,kvB<=16k,kp<=1k,0.9373,4
256,n<=16,sr>70%,kvB<=16k,kp<=2k,0.9302,4
256,n<=16,sr>70%,kvB<=16k,kp<=4k,0.9273,4
256,n<=16,sr>70%,kvB<=16k,kp<=512,0.9146,4
256,n<=16,sr>70%,kvB<=16k,kp<=8k,0.9228,4
256,n<=16,sr>70%,kvB<=16k,kp=0,0.9184,4
256,n<=16,sr>70%,kvB<=1k,kp<=1k,0.8275,4
256,n<=16,sr>70%,kvB<=1k,kp<=2k,0.8926,4
256,n<=16,sr>70%,kvB<=1k,kp<=4k,0.8693,4
256,n<=16,sr>70%,kvB<=1k,kp<=512,0.8287,4
256,n<=16,sr>70%,kvB<=1k,kp<=8k,0.8948,4
256,n<=16,sr>70%,kvB<=1k,kp=0,0.8565,4
256,n<=16,sr>70%,kvB<=4k,kp<=1k,0.9041,4
256,n<=16,sr>70%,kvB<=4k,kp<=2k,0.918,4
256,n<=16,sr>70%,kvB<=4k,kp<=4k,0.8986,4
256,n<=16,sr>70%,kvB<=4k,kp<=512,0.9084,4
256,n<=16,sr>70%,kvB<=4k,kp<=8k,0.9077,4
256,n<=16,sr>70%,kvB<=4k,kp=0,0.8991,4
256,n<=2,sr<=70%,kvB<=16k,kp<=1k,-0.022,2
256,n<=2,sr<=70%,kvB<=16k,kp<=2k,-0.0124,2
256,n<=2,sr<=70%,kvB<=16k,kp<=4k,-0.0239,2
256,n<=2,sr<=70%,kvB<=16k,kp<=512,-0.0172,2
256,n<=2,sr<=70%,kvB<=16k,kp<=8k,-0.0349,2
256,n<=2,sr<=70%,kvB<=16k,kp=0,-0.0376,2
256,n<=2,sr<=70%,kvB<=1k,kp<=1k,0.0058,2
256,n<=2,sr<=70%,kvB<=1k,kp<=2k,-0.0293,2
256,n<=2,sr<=70%,kvB<=1k,kp<=4k,-0.0805,2
256,n<=2,sr<=70%,kvB<=1k,kp<=512,-0.1192,2
256,n<=2,sr<=70%,kvB<=1k,kp<=8k,0.1019,2
256,n<=2,sr<=70%,kvB<=1k,kp=0,0.061,2
256,n<=2,sr<=70%,kvB<=4k,kp<=1k,-0.1837,2
256,n<=2,sr<=70%,kvB<=4k,kp<=2k,-0.1775,2
256,n<=2,sr<=70%,kvB<=4k,kp<=4k,-0.1434,2
256,n<=2,sr<=70%,kvB<=4k,kp<=512,-0.1188,2
256,n<=2,sr<=70%,kvB<=4k,kp<=8k,-0.1718,2
256,n<=2,sr<=70%,kvB<=4k,kp=0,-0.1412,2
256,n<=32,sr<=15%,kvB<=16k,kp<=1k,0.3098,6
256,n<=32,sr<=15%,kvB<=16k,kp<=2k,0.3445,6
256,n<=32,sr<=15%,kvB<=16k,kp<=4k,0.3375,6
256,n<=32,sr<=15%,kvB<=16k,kp<=512,0.3318,6
256,n<=32,sr<=15%,kvB<=16k,kp<=8k,0.3273,6
256,n<=32,sr<=15%,kvB<=16k,kp=0,0.3212,6
256,n<=32,sr<=15%,kvB<=1k,kp<=1k,0.2987,6
256,n<=32,sr<=15%,kvB<=1k,kp<=2k,0.3319,6
256,n<=32,sr<=15%,kvB<=1k,kp<=4k,0.3543,6
256,n<=32,sr<=15%,kvB<=1k,kp<=512,0.3321,6
256,n<=32,sr<=15%,kvB<=1k,kp<=8k,0.3517,6
256,n<=32,sr<=15%,kvB<=1k,kp=0,0.3458,6
256,n<=32,sr<=15%,kvB<=4k,kp<=1k,0.3112,6
256,n<=32,sr<=15%,kvB<=4k,kp<=2k,0.318,6
256,n<=32,sr<=15%,kvB<=4k,kp<=4k,0.3209,6
256,n<=32,sr<=15%,kvB<=4k,kp<=512,0.3173,6
256,n<=32,sr<=15%,kvB<=4k,kp<=8k,0.3216,6
256,n<=32,sr<=15%,kvB<=4k,kp=0,0.3453,6
256,n<=32,sr<=40%,kvB<=16k,kp<=1k,0.3116,2
256,n<=32,sr<=40%,kvB<=16k,kp<=2k,0.3098,2
256,n<=32,sr<=40%,kvB<=16k,kp<=4k,0.3145,2
256,n<=32,sr<=40%,kvB<=16k,kp<=512,0.3157,2
256,n<=32,sr<=40%,kvB<=16k,kp<=8k,0.312,2
256,n<=32,sr<=40%,kvB<=16k,kp=0,0.316,2
256,n<=32,sr<=40%,kvB<=1k,kp<=1k,0.3256,2
256,n<=32,sr<=40%,kvB<=1k,kp<=2k,0.3063,2
256,n<=32,sr<=40%,kvB<=1k,kp<=4k,0.3116,2
256,n<=32,sr<=40%,kvB<=1k,kp<=512,0.3131,2
256,n<=32,sr<=40%,kvB<=1k,kp<=8k,0.3092,2
256,n<=32,sr<=40%,kvB<=1k,kp=0,0.3044,2
256,n<=32,sr<=40%,kvB<=4k,kp<=1k,0.3204,2
256,n<=32,sr<=40%,kvB<=4k,kp<=2k,0.3028,2
256,n<=32,sr<=40%,kvB<=4k,kp<=4k,0.3108,2
256,n<=32,sr<=40%,kvB<=4k,kp<=512,0.3204,2
256,n<=32,sr<=40%,kvB<=4k,kp<=8k,0.3167,2
256,n<=32,sr<=40%,kvB<=4k,kp=0,0.31,2
256,n<=32,sr<=5%,kvB<=16k,kp<=1k,0.2892,2
256,n<=32,sr<=5%,kvB<=16k,kp<=2k,0.2903,2
256,n<=32,sr<=5%,kvB<=16k,kp<=4k,0.2892,2
256,n<=32,sr<=5%,kvB<=16k,kp<=512,0.3251,2
256,n<=32,sr<=5%,kvB<=16k,kp<=8k,0.3447,2
256,n<=32,sr<=5%,kvB<=16k,kp=0,0.3236,2
256,n<=32,sr<=5%,kvB<=1k,kp<=1k,0.3161,2
256,n<=32,sr<=5%,kvB<=1k,kp<=2k,0.3247,2
256,n<=32,sr<=5%,kvB<=1k,kp<=4k,0.3414,2
256,n<=32,sr<=5%,kvB<=1k,kp<=512,0.3013,2
256,n<=32,sr<=5%,kvB<=1k,kp<=8k,0.3124,2
256,n<=32,sr<=5%,kvB<=1k,kp=0,0.3163,2
256,n<=32,sr<=5%,kvB<=4k,kp<=1k,0.3513,2
256,n<=32,sr<=5%,kvB<=4k,kp<=2k,0.3443,2
256,n<=32,sr<=5%,kvB<=4k,kp<=4k,0.341,2
256,n<=32,sr<=5%,kvB<=4k,kp<=512,0.2932,2
256,n<=32,sr<=5%,kvB<=4k,kp<=8k,0.3133,2
256,n<=32,sr<=5%,kvB<=4k,kp=0,0.2897,2
256,n<=32,sr<=70%,kvB<=16k,kp<=1k,0.6339,2
256,n<=32,sr<=70%,kvB<=16k,kp<=2k,0.6324,2
256,n<=32,sr<=70%,kvB<=16k,kp<=4k,0.5657,2
256,n<=32,sr<=70%,kvB<=16k,kp<=512,0.6328,2
256,n<=32,sr<=70%,kvB<=16k,kp<=8k,0.5696,2
256,n<=32,sr<=70%,kvB<=16k,kp=0,0.6383,2
256,n<=32,sr<=70%,kvB<=1k,kp<=1k,0.5963,2
256,n<=32,sr<=70%,kvB<=1k,kp<=2k,0.5159,2
256,n<=32,sr<=70%,kvB<=1k,kp<=4k,0.5659,2
256,n<=32,sr<=70%,kvB<=1k,kp<=512,0.5651,2
256,n<=32,sr<=70%,kvB<=1k,kp<=8k,0.5536,2
256,n<=32,sr<=70%,kvB<=1k,kp=0,0.5348,2
256,n<=32,sr<=70%,kvB<=4k,kp<=1k,0.6529,2
256,n<=32,sr<=70%,kvB<=4k,kp<=2k,0.6474,2
256,n<=32,sr<=70%,kvB<=4k,kp<=4k,0.6287,2
256,n<=32,sr<=70%,kvB<=4k,kp<=512,0.6574,2
256,n<=32,sr<=70%,kvB<=4k,kp<=8k,0.6586,2
256,n<=32,sr<=70%,kvB<=4k,kp=0,0.6527,2
256,n<=32,sr>70%,kvB<=16k,kp<=1k,0.935,4
256,n<=32,sr>70%,kvB<=16k,kp<=2k,0.9433,4
256,n<=32,sr>70%,kvB<=16k,kp<=4k,1.0562,4
256,n<=32,sr>70%,kvB<=16k,kp<=512,0.9492,4
256,n<=32,sr>70%,kvB<=16k,kp<=8k,0.949,4
256,n<=32,sr>70%,kvB<=16k,kp=0,0.9415,4
256,n<=32,sr>70%,kvB<=1k,kp<=1k,0.8817,4
256,n<=32,sr>70%,kvB<=1k,kp<=2k,0.8797,4
256,n<=32,sr>70%,kvB<=1k,kp<=4k,0.8555,4
256,n<=32,sr>70%,kvB<=1k,kp<=512,0.8799,4
256,n<=32,sr>70%,kvB<=1k,kp<=8k,0.8044,4
256,n<=32,sr>70%,kvB<=1k,kp=0,0.8484,4
256,n<=32,sr>70%,kvB<=4k,kp<=1k,0.917,4
256,n<=32,sr>70%,kvB<=4k,kp<=2k,0.9265,4
256,n<=32,sr>70%,kvB<=4k,kp<=4k,0.9139,4
256,n<=32,sr>70%,kvB<=4k,kp<=512,0.9361,4
256,n<=32,sr>70%,kvB<=4k,kp<=8k,0.9289,4
256,n<=32,sr>70%,kvB<=4k,kp=0,0.9239,4
256,n<=4,sr<=40%,kvB<=16k,kp<=1k,0.0819,2
256,n<=4,sr<=40%,kvB<=16k,kp<=2k,0.0833,2
256,n<=4,sr<=40%,kvB<=16k,kp<=4k,0.0844,2
256,n<=4,sr<=40%,kvB<=16k,kp<=512,0.0886,2
256,n<=4,sr<=40%,kvB<=16k,kp<=8k,0.0829,2
256,n<=4,sr<=40%,kvB<=16k,kp=0,0.0862,2
256,n<=4,sr<=40%,kvB<=1k,kp<=1k,0.1944,2
256,n<=4,sr<=40%,kvB<=1k,kp<=2k,0.1574,2
256,n<=4,sr<=40%,kvB<=1k,kp<=4k,0.1405,2
256,n<=4,sr<=40%,kvB<=1k,kp<=512,0.1567,2
256,n<=4,sr<=40%,kvB<=1k,kp<=8k,0.1274,2
256,n<=4,sr<=40%,kvB<=1k,kp=0,0.1418,2
256,n<=4,sr<=40%,kvB<=4k,kp<=1k,0.0613,2
256,n<=4,sr<=40%,kvB<=4k,kp<=2k,0.0659,2
256,n<=4,sr<=40%,kvB<=4k,kp<=4k,0.0747,2
256,n<=4,sr<=40%,kvB<=4k,kp<=512,0.0698,2
256,n<=4,sr<=40%,kvB<=4k,kp<=8k,0.0663,2
256,n<=4,sr<=40%,kvB<=4k,kp=0,0.0703,2
256,n<=4,sr<=70%,kvB<=16k,kp<=1k,0.0867,2
256,n<=4,sr<=70%,kvB<=16k,kp<=2k,0.0851,2
256,n<=4,sr<=70%,kvB<=16k,kp<=4k,0.0831,2
256,n<=4,sr<=70%,kvB<=16k,kp<=512,0.0865,2
256,n<=4,sr<=70%,kvB<=16k,kp<=8k,0.0953,2
256,n<=4,sr<=70%,kvB<=16k,kp=0,0.0854,2
256,n<=4,sr<=70%,kvB<=1k,kp<=1k,0.1147,2
256,n<=4,sr<=70%,kvB<=1k,kp<=2k,0.0036,2
256,n<=4,sr<=70%,kvB<=1k,kp<=4k,0.0842,2
256,n<=4,sr<=70%,kvB<=1k,kp<=512,0.0588,2
256,n<=4,sr<=70%,kvB<=1k,kp<=8k,0.1061,2
256,n<=4,sr<=70%,kvB<=1k,kp=0,0.0481,2
256,n<=4,sr<=70%,kvB<=4k,kp<=1k,0.0597,2
256,n<=4,sr<=70%,kvB<=4k,kp<=2k,0.0809,2
256,n<=4,sr<=70%,kvB<=4k,kp<=4k,0.0588,2
256,n<=4,sr<=70%,kvB<=4k,kp<=512,0.0837,2
256,n<=4,sr<=70%,kvB<=4k,kp<=8k,0.0953,2
256,n<=4,sr<=70%,kvB<=4k,kp=0,0.0673,2
256,n<=4,sr>70%,kvB<=16k,kp<=1k,-0.0671,2
256,n<=4,sr>70%,kvB<=16k,kp<=2k,-0.0729,2
256,n<=4,sr>70%,kvB<=16k,kp<=4k,-0.0738,2
256,n<=4,sr>70%,kvB<=16k,kp<=512,-0.0313,2
256,n<=4,sr>70%,kvB<=16k,kp<=8k,-0.0419,2
256,n<=4,sr>70%,kvB<=16k,kp=0,-0.0513,2
256,n<=4,sr>70%,kvB<=1k,kp<=1k,-0.0103,2
256,n<=4,sr>70%,kvB<=1k,kp<=2k,0.0273,2
256,n<=4,sr>70%,kvB<=1k,kp<=4k,0.2401,2
256,n<=4,sr>70%,kvB<=1k,kp<=512,0.0673,2
256,n<=4,sr>70%,kvB<=1k,kp<=8k,0.1099,2
256,n<=4,sr>70%,kvB<=1k,kp=0,0.0524,2
256,n<=4,sr>70%,kvB<=4k,kp<=1k,-0.1223,2
256,n<=4,sr>70%,kvB<=4k,kp<=2k,-0.127,2
256,n<=4,sr>70%,kvB<=4k,kp<=4k,-0.0575,2
256,n<=4,sr>70%,kvB<=4k,kp<=512,-0.1305,2
256,n<=4,sr>70%,kvB<=4k,kp<=8k,-0.0568,2
256,n<=4,sr>70%,kvB<=4k,kp=0,-0.0578,2
256,n<=64,sr<=15%,kvB<=16k,kp<=1k,0.1248,4
256,n<=64,sr<=15%,kvB<=16k,kp<=2k,0.1282,4
256,n<=64,sr<=15%,kvB<=16k,kp<=4k,0.1304,4
256,n<=64,sr<=15%,kvB<=16k,kp<=512,0.1409,4
256,n<=64,sr<=15%,kvB<=16k,kp<=8k,0.1307,4
256,n<=64,sr<=15%,kvB<=16k,kp=0,0.1299,4
256,n<=64,sr<=15%,kvB<=1k,kp<=1k,0.1699,4
256,n<=64,sr<=15%,kvB<=1k,kp<=2k,0.1726,4
256,n<=64,sr<=15%,kvB<=1k,kp<=4k,0.1659,4
256,n<=64,sr<=15%,kvB<=1k,kp<=512,0.1715,4
256,n<=64,sr<=15%,kvB<=1k,kp<=8k,0.1743,4
256,n<=64,sr<=15%,kvB<=1k,kp=0,0.188,4
256,n<=64,sr<=15%,kvB<=4k,kp<=1k,0.138,4
256,n<=64,sr<=15%,kvB<=4k,kp<=2k,0.1237,4
256,n<=64,sr<=15%,kvB<=4k,kp<=4k,0.1378,4
256,n<=64,sr<=15%,kvB<=4k,kp<=512,0.1289,4
256,n<=64,sr<=15%,kvB<=4k,kp<=8k,0.1431,4
256,n<=64,sr<=15%,kvB<=4k,kp=0,0.1225,4
256,n<=64,sr<=40%,kvB<=16k,kp<=1k,0.1099,2
256,n<=64,sr<=40%,kvB<=16k,kp<=2k,0.1104,2
256,n<=64,sr<=40%,kvB<=16k,kp<=4k,0.1114,2
256,n<=64,sr<=40%,kvB<=16k,kp<=512,0.1093,2
256,n<=64,sr<=40%,kvB<=16k,kp<=8k,0.1099,2
256,n<=64,sr<=40%,kvB<=16k,kp=0,0.1104,2
256,n<=64,sr<=40%,kvB<=1k,kp<=1k,0.1163,2
256,n<=64,sr<=40%,kvB<=1k,kp<=2k,0.14,2
256,n<=64,sr<=40%,kvB<=1k,kp<=4k,0.1089,2
256,n<=64,sr<=40%,kvB<=1k,kp<=512,0.1087,2
256,n<=64,sr<=40%,kvB<=1k,kp<=8k,0.123,2
256,n<=64,sr<=40%,kvB<=1k,kp=0,0.1173,2
256,n<=64,sr<=40%,kvB<=4k,kp<=1k,0.1147,2
256,n<=64,sr<=40%,kvB<=4k,kp<=2k,0.1064,2
256,n<=64,sr<=40%,kvB<=4k,kp<=4k,0.0998,2
256,n<=64,sr<=40%,kvB<=4k,kp<=512,0.1071,2
256,n<=64,sr<=40%,kvB<=4k,kp<=8k,0.1054,2
256,n<=64,sr<=40%,kvB<=4k,kp=0,0.1246,2
256,n<=64,sr<=5%,kvB<=16k,kp<=1k,0.1576,6
256,n<=64,sr<=5%,kvB<=16k,kp<=2k,0.1451,6
256,n<=64,sr<=5%,kvB<=16k,kp<=4k,0.1369,6
256,n<=64,sr<=5%,kvB<=16k,kp<=512,0.1425,6
256,n<=64,sr<=5%,kvB<=16k,kp<=8k,0.1366,6
256,n<=64,sr<=5%,kvB<=16k,kp=0,0.142,6
256,n<=64,sr<=5%,kvB<=1k,kp<=1k,0.1476,6
256,n<=64,sr<=5%,kvB<=1k,kp<=2k,0.15,6
256,n<=64,sr<=5%,kvB<=1k,kp<=4k,0.1514,6
256,n<=64,sr<=5%,kvB<=1k,kp<=512,0.1566,6
256,n<=64,sr<=5%,kvB<=1k,kp<=8k,0.1546,6
256,n<=64,sr<=5%,kvB<=1k,kp=0,0.1501,6
256,n<=64,sr<=5%,kvB<=4k,kp<=1k,0.1436,6
256,n<=64,sr<=5%,kvB<=4k,kp<=2k,0.1427,6
256,n<=64,sr<=5%,kvB<=4k,kp<=4k,0.1415,6
256,n<=64,sr<=5%,kvB<=4k,kp<=512,0.1513,6
256,n<=64,sr<=5%,kvB<=4k,kp<=8k,0.1432,6
256,n<=64,sr<=5%,kvB<=4k,kp=0,0.1421,6
256,n<=64,sr<=70%,kvB<=16k,kp<=1k,0.161,2
256,n<=64,sr<=70%,kvB<=16k,kp<=2k,0.1599,2
256,n<=64,sr<=70%,kvB<=16k,kp<=4k,0.1631,2
256,n<=64,sr<=70%,kvB<=16k,kp<=512,0.1629,2
256,n<=64,sr<=70%,kvB<=16k,kp<=8k,0.1616,2
256,n<=64,sr<=70%,kvB<=16k,kp=0,0.1497,2
256,n<=64,sr<=70%,kvB<=1k,kp<=1k,0.1929,2
256,n<=64,sr<=70%,kvB<=1k,kp<=2k,0.1526,2
256,n<=64,sr<=70%,kvB<=1k,kp<=4k,0.1777,2
256,n<=64,sr<=70%,kvB<=1k,kp<=512,0.1588,2
256,n<=64,sr<=70%,kvB<=1k,kp<=8k,0.1792,2
256,n<=64,sr<=70%,kvB<=1k,kp=0,0.1662,2
256,n<=64,sr<=70%,kvB<=4k,kp<=1k,0.1874,2
256,n<=64,sr<=70%,kvB<=4k,kp<=2k,0.1724,2
256,n<=64,sr<=70%,kvB<=4k,kp<=4k,0.1677,2
256,n<=64,sr<=70%,kvB<=4k,kp<=512,0.151,2
256,n<=64,sr<=70%,kvB<=4k,kp<=8k,0.1651,2
256,n<=64,sr<=70%,kvB<=4k,kp=0,0.1611,2
256,n<=64,sr>70%,kvB<=16k,kp<=1k,0.1412,4
256,n<=64,sr>70%,kvB<=16k,kp<=2k,0.1466,4
256,n<=64,sr>70%,kvB<=16k,kp<=4k,0.1416,4
256,n<=64,sr>70%,kvB<=16k,kp<=512,0.1265,4
256,n<=64,sr>70%,kvB<=16k,kp<=8k,0.1415,4
256,n<=64,sr>70%,kvB<=16k,kp=0,0.1466,4
256,n<=64,sr>70%,kvB<=1k,kp<=1k,0.2205,4
256,n<=64,sr>70%,kvB<=1k,kp<=2k,0.225,4
256,n<=64,sr>70%,kvB<=1k,kp<=4k,0.2056,4
256,n<=64,sr>70%,kvB<=1k,kp<=512,0.2333,4
256,n<=64,sr>70%,kvB<=1k,kp<=8k,0.2097,4
256,n<=64,sr>70%,kvB<=1k,kp=0,0.1959,4
256,n<=64,sr>70%,kvB<=4k,kp<=1k,0.151,4
256,n<=64,sr>70%,kvB<=4k,kp<=2k,0.1509,4
256,n<=64,sr>70%,kvB<=4k,kp<=4k,0.1533,4
256,n<=64,sr>70%,kvB<=4k,kp<=512,0.1647,4
256,n<=64,sr>70%,kvB<=4k,kp<=8k,0.1531,4
256,n<=64,sr>70%,kvB<=4k,kp=0,0.1473,4
256,n<=8,sr<=15%,kvB<=16k,kp<=1k,0.2126,2
256,n<=8,sr<=15%,kvB<=16k,kp<=2k,0.2139,2
256,n<=8,sr<=15%,kvB<=16k,kp<=4k,0.2105,2
256,n<=8,sr<=15%,kvB<=16k,kp<=512,0.2107,2
256,n<=8,sr<=15%,kvB<=16k,kp<=8k,0.2113,2
256,n<=8,sr<=15%,kvB<=16k,kp=0,0.2123,2
256,n<=8,sr<=15%,kvB<=1k,kp<=1k,0.1026,2
256,n<=8,sr<=15%,kvB<=1k,kp<=2k,0.1119,2
256,n<=8,sr<=15%,kvB<=1k,kp<=4k,0.1495,2
256,n<=8,sr<=15%,kvB<=1k,kp<=512,0.1094,2
256,n<=8,sr<=15%,kvB<=1k,kp<=8k,0.1392,2
256,n<=8,sr<=15%,kvB<=1k,kp=0,0.1048,2
256,n<=8,sr<=15%,kvB<=4k,kp<=1k,0.1931,2
256,n<=8,sr<=15%,kvB<=4k,kp<=2k,0.1883,2
256,n<=8,sr<=15%,kvB<=4k,kp<=4k,0.1872,2
256,n<=8,sr<=15%,kvB<=4k,kp<=512,0.1895,2
256,n<=8,sr<=15%,kvB<=4k,kp<=8k,0.184,2
256,n<=8,sr<=15%,kvB<=4k,kp=0,0.1919,2
256,n<=8,sr<=40%,kvB<=16k,kp<=1k,0.042,4
256,n<=8,sr<=40%,kvB<=16k,kp<=2k,0.0414,4
256,n<=8,sr<=40%,kvB<=16k,kp<=4k,0.0387,4
256,n<=8,sr<=40%,kvB<=16k,kp<=512,0.0377,4
256,n<=8,sr<=40%,kvB<=16k,kp<=8k,0.0382,4
256,n<=8,sr<=40%,kvB<=16k,kp=0,0.0378,4
256,n<=8,sr<=40%,kvB<=1k,kp<=1k,0.0211,4
256,n<=8,sr<=40%,kvB<=1k,kp<=2k,0.0264,4
256,n<=8,sr<=40%,kvB<=1k,kp<=4k,0.0055,4
256,n<=8,sr<=40%,kvB<=1k,kp<=512,0.0475,4
256,n<=8,sr<=40%,kvB<=1k,kp<=8k,0.0357,4
256,n<=8,sr<=40%,kvB<=1k,kp=0,0.0236,4
256,n<=8,sr<=40%,kvB<=4k,kp<=1k,0.0367,4
256,n<=8,sr<=40%,kvB<=4k,kp<=2k,0.0361,4
256,n<=8,sr<=40%,kvB<=4k,kp<=4k,0.041,4
256,n<=8,sr<=40%,kvB<=4k,kp<=512,0.0414,4
256,n<=8,sr<=40%,kvB<=4k,kp<=8k,0.034,4
256,n<=8,sr<=40%,kvB<=4k,kp=0,0.045,4
256,n<=8,sr<=70%,kvB<=16k,kp<=1k,0.1057,2
256,n<=8,sr<=70%,kvB<=16k,kp<=2k,0.1034,2
256,n<=8,sr<=70%,kvB<=16k,kp<=4k,0.1076,2
256,n<=8,sr<=70%,kvB<=16k,kp<=512,0.1045,2
256,n<=8,sr<=70%,kvB<=16k,kp<=8k,0.1123,2
256,n<=8,sr<=70%,kvB<=16k,kp=0,0.1045,2
256,n<=8,sr<=70%,kvB<=1k,kp<=1k,0.0361,2
256,n<=8,sr<=70%,kvB<=1k,kp<=2k,0.0318,2
256,n<=8,sr<=70%,kvB<=1k,kp<=4k,0.0359,2
256,n<=8,sr<=70%,kvB<=1k,kp<=512,0.0092,2
256,n<=8,sr<=70%,kvB<=1k,kp<=8k,0.0191,2
256,n<=8,sr<=70%,kvB<=1k,kp=0,0.0387,2
256,n<=8,sr<=70%,kvB<=4k,kp<=1k,0.0957,2
256,n<=8,sr<=70%,kvB<=4k,kp<=2k,0.0973,2
256,n<=8,sr<=70%,kvB<=4k,kp<=4k,0.0983,2
256,n<=8,sr<=70%,kvB<=4k,kp<=512,0.0967,2
256,n<=8,sr<=70%,kvB<=4k,kp<=8k,0.1,2
256,n<=8,sr<=70%,kvB<=4k,kp=0,0.1065,2
256,n<=8,sr>70%,kvB<=16k,kp<=1k,0.9252,4
256,n<=8,sr>70%,kvB<=16k,kp<=2k,0.9257,4
256,n<=8,sr>70%,kvB<=16k,kp<=4k,0.9351,4
256,n<=8,sr>70%,kvB<=16k,kp<=512,0.9244,4
256,n<=8,sr>70%,kvB<=16k,kp<=8k,0.9352,4
256,n<=8,sr>70%,kvB<=16k,kp=0,0.9134,4
256,n<=8,sr>70%,kvB<=1k,kp<=1k,0.7878,4
256,n<=8,sr>70%,kvB<=1k,kp<=2k,0.7824,4
256,n<=8,sr>70%,kvB<=1k,kp<=4k,0.7397,4
256,n<=8,sr>70%,kvB<=1k,kp<=512,0.6706,4
256,n<=8,sr>70%,kvB<=1k,kp<=8k,0.67,4
256,n<=8,sr>70%,kvB<=1k,kp=0,0.8338,4
256,n<=8,sr>70%,kvB<=4k,kp<=1k,0.92,4
256,n<=8,sr>70%,kvB<=4k,kp<=2k,0.9383,4
256,n<=8,sr>70%,kvB<=4k,kp<=4k,0.9539,4
256,n<=8,sr>70%,kvB<=4k,kp<=512,0.9039,4
256,n<=8,sr>70%,kvB<=4k,kp<=8k,0.9045,4
256,n<=8,sr>70%,kvB<=4k,kp=0,0.9226,4
512,n<=16,sr<=15%,kvB<=16k,kp<=1k,0.4012,4
512,n<=16,sr<=15%,kvB<=16k,kp<=2k,0.4004,4
512,n<=16,sr<=15%,kvB<=16k,kp<=4k,0.3997,4
512,n<=16,sr<=15%,kvB<=16k,kp<=512,0.4009,4
512,n<=16,sr<=15%,kvB<=16k,kp<=8k,0.4018,4
512,n<=16,sr<=15%,kvB<=16k,kp=0,0.4024,4
512,n<=16,sr<=15%,kvB<=1k,kp<=1k,0.4105,4
512,n<=16,sr<=15%,kvB<=1k,kp<=2k,0.4168,4
512,n<=16,sr<=15%,kvB<=1k,kp<=4k,0.5117,4
512,n<=16,sr<=15%,kvB<=1k,kp<=512,0.4193,4
512,n<=16,sr<=15%,kvB<=1k,kp<=8k,0.3873,4
512,n<=16,sr<=15%,kvB<=1k,kp=0,0.4229,4
512,n<=16,sr<=15%,kvB<=4k,kp<=1k,0.4034,4
512,n<=16,sr<=15%,kvB<=4k,kp<=2k,0.3983,4
512,n<=16,sr<=15%,kvB<=4k,kp<=4k,0.4001,4
512,n<=16,sr<=15%,kvB<=4k,kp<=512,0.405,4
512,n<=16,sr<=15%,kvB<=4k,kp<=8k,0.4116,4
512,n<=16,sr<=15%,kvB<=4k,kp=0,0.404,4
512,n<=16,sr<=40%,kvB<=16k,kp<=1k,0.5091,4
512,n<=16,sr<=40%,kvB<=16k,kp<=2k,0.5025,4
512,n<=16,sr<=40%,kvB<=16k,kp<=4k,0.5054,4
512,n<=16,sr<=40%,kvB<=16k,kp<=512,0.5054,4
512,n<=16,sr<=40%,kvB<=16k,kp<=8k,0.5056,4
512,n<=16,sr<=40%,kvB<=16k,kp=0,0.5065,4
512,n<=16,sr<=40%,kvB<=1k,kp<=1k,0.4704,4
512,n<=16,sr<=40%,kvB<=1k,kp<=2k,0.4711,4
512,n<=16,sr<=40%,kvB<=1k,kp<=4k,0.492,4
512,n<=16,sr<=40%,kvB<=1k,kp<=512,0.4757,4
512,n<=16,sr<=40%,kvB<=1k,kp<=8k,0.4679,4
512,n<=16,sr<=40%,kvB<=1k,kp=0,0.4777,4
512,n<=16,sr<=40%,kvB<=4k,kp<=1k,0.4991,4
512,n<=16,sr<=40%,kvB<=4k,kp<=2k,0.4949,4
512,n<=16,sr<=40%,kvB<=4k,kp<=4k,0.5122,4
512,n<=16,sr<=40%,kvB<=4k,kp<=512,0.4966,4
512,n<=16,sr<=40%,kvB<=4k,kp<=8k,0.5029,4
512,n<=16,sr<=40%,kvB<=4k,kp=0,0.4971,4
512,n<=16,sr<=70%,kvB<=16k,kp<=1k,0.9452,2
512,n<=16,sr<=70%,kvB<=16k,kp<=2k,0.9506,2
512,n<=16,sr<=70%,kvB<=16k,kp<=4k,0.938,2
512,n<=16,sr<=70%,kvB<=16k,kp<=512,0.9457,2
512,n<=16,sr<=70%,kvB<=16k,kp<=8k,0.9545,2
512,n<=16,sr<=70%,kvB<=16k,kp=0,0.9468,2
512,n<=16,sr<=70%,kvB<=1k,kp<=1k,0.863,2
512,n<=16,sr<=70%,kvB<=1k,kp<=2k,0.8769,2
512,n<=16,sr<=70%,kvB<=1k,kp<=4k,0.8747,2
512,n<=16,sr<=70%,kvB<=1k,kp<=512,0.9101,2
512,n<=16,sr<=70%,kvB<=1k,kp<=8k,0.9437,2
512,n<=16,sr<=70%,kvB<=1k,kp=0,0.8818,2
512,n<=16,sr<=70%,kvB<=4k,kp<=1k,0.9441,2
512,n<=16,sr<=70%,kvB<=4k,kp<=2k,0.9359,2
512,n<=16,sr<=70%,kvB<=4k,kp<=4k,0.947,2
512,n<=16,sr<=70%,kvB<=4k,kp<=512,0.9324,2
512,n<=16,sr<=70%,kvB<=4k,kp<=8k,0.9509,2
512,n<=16,sr<=70%,kvB<=4k,kp=0,0.9323,2
512,n<=16,sr>70%,kvB<=16k,kp<=1k,0.923,4
512,n<=16,sr>70%,kvB<=16k,kp<=2k,0.9317,4
512,n<=16,sr>70%,kvB<=16k,kp<=4k,0.9091,4
512,n<=16,sr>70%,kvB<=16k,kp<=512,0.9224,4
512,n<=16,sr>70%,kvB<=16k,kp<=8k,0.9168,4
512,n<=16,sr>70%,kvB<=16k,kp=0,0.9301,4
512,n<=16,sr>70%,kvB<=1k,kp<=1k,0.8733,4
512,n<=16,sr>70%,kvB<=1k,kp<=2k,0.8586,4
512,n<=16,sr>70%,kvB<=1k,kp<=4k,1.0907,4
512,n<=16,sr>70%,kvB<=1k,kp<=512,0.8553,4
512,n<=16,sr>70%,kvB<=1k,kp<=8k,0.1528,4
512,n<=16,sr>70%,kvB<=1k,kp=0,0.8914,4
512,n<=16,sr>70%,kvB<=4k,kp<=1k,0.9146,4
512,n<=16,sr>70%,kvB<=4k,kp<=2k,0.9192,4
512,n<=16,sr>70%,kvB<=4k,kp<=4k,0.8664,4
512,n<=16,sr>70%,kvB<=4k,kp<=512,0.912,4
512,n<=16,sr>70%,kvB<=4k,kp<=8k,0.9592,4
512,n<=16,sr>70%,kvB<=4k,kp=0,0.9035,4
512,n<=2,sr<=70%,kvB<=16k,kp<=1k,-0.0272,2
512,n<=2,sr<=70%,kvB<=16k,kp<=2k,-0.0212,2
512,n<=2,sr<=70%,kvB<=16k,kp<=4k,-0.0096,2
512,n<=2,sr<=70%,kvB<=16k,kp<=512,-0.0218,2
512,n<=2,sr<=70%,kvB<=16k,kp<=8k,-0.0485,2
512,n<=2,sr<=70%,kvB<=16k,kp=0,-0.0247,2
512,n<=2,sr<=70%,kvB<=1k,kp<=1k,-0.0224,2
512,n<=2,sr<=70%,kvB<=1k,kp<=2k,0.0088,2
512,n<=2,sr<=70%,kvB<=1k,kp<=4k,0.002,2
512,n<=2,sr<=70%,kvB<=1k,kp<=512,-0.0821,2
512,n<=2,sr<=70%,kvB<=1k,kp<=8k,-0.112,2
512,n<=2,sr<=70%,kvB<=1k,kp=0,0.0257,2
512,n<=2,sr<=70%,kvB<=4k,kp<=1k,-0.1525,2
512,n<=2,sr<=70%,kvB<=4k,kp<=2k,-0.1196,2
512,n<=2,sr<=70%,kvB<=4k,kp<=4k,-0.078,2
512,n<=2,sr<=70%,kvB<=4k,kp<=512,-0.1566,2
512,n<=2,sr<=70%,kvB<=4k,kp<=8k,-0.1011,2
512,n<=2,sr<=70%,kvB<=4k,kp=0,-0.1224,2
512,n<=32,sr<=15%,kvB<=16k,kp<=1k,0.3178,6
512,n<=32,sr<=15%,kvB<=16k,kp<=2k,0.3197,6
512,n<=32,sr<=15%,kvB<=16k,kp<=4k,0.3265,6
512,n<=32,sr<=15%,kvB<=16k,kp<=512,0.3646,6
512,n<=32,sr<=15%,kvB<=16k,kp<=8k,0.3224,6
512,n<=32,sr<=15%,kvB<=16k,kp=0,0.3103,6
512,n<=32,sr<=15%,kvB<=1k,kp<=1k,0.3347,6
512,n<=32,sr<=15%,kvB<=1k,kp<=2k,0.311,6
512,n<=32,sr<=15%,kvB<=1k,kp<=4k,0.2955,6
512,n<=32,sr<=15%,kvB<=1k,kp<=512,0.2951,6
512,n<=32,sr<=15%,kvB<=1k,kp<=8k,0.3236,6
512,n<=32,sr<=15%,kvB<=1k,kp=0,0.3307,6
512,n<=32,sr<=15%,kvB<=4k,kp<=1k,0.2968,6
512,n<=32,sr<=15%,kvB<=4k,kp<=2k,0.3323,6
512,n<=32,sr<=15%,kvB<=4k,kp<=4k,0.2921,6
512,n<=32,sr<=15%,kvB<=4k,kp<=512,0.3039,6
512,n<=32,sr<=15%,kvB<=4k,kp<=8k,0.3406,6
512,n<=32,sr<=15%,kvB<=4k,kp=0,0.2805,6
512,n<=32,sr<=40%,kvB<=16k,kp<=1k,0.3207,2
512,n<=32,sr<=40%,kvB<=16k,kp<=2k,0.3131,2
512,n<=32,sr<=40%,kvB<=16k,kp<=4k,0.293,2
512,n<=32,sr<=40%,kvB<=16k,kp<=512,0.3129,2
512,n<=32,sr<=40%,kvB<=16k,kp<=8k,0.2911,2
512,n<=32,sr<=40%,kvB<=16k,kp=0,0.3134,2
512,n<=32,sr<=40%,kvB<=1k,kp<=1k,0.3116,2
512,n<=32,sr<=40%,kvB<=1k,kp<=2k,0.3042,2
512,n<=32,sr<=40%,kvB<=1k,kp<=4k,0.2959,2
512,n<=32,sr<=40%,kvB<=1k,kp<=512,0.3265,2
512,n<=32,sr<=40%,kvB<=1k,kp<=8k,0.2611,2
512,n<=32,sr<=40%,kvB<=1k,kp=0,0.288,2
512,n<=32,sr<=40%,kvB<=4k,kp<=1k,0.3107,2
512,n<=32,sr<=40%,kvB<=4k,kp<=2k,0.3102,2
512,n<=32,sr<=40%,kvB<=4k,kp<=4k,0.2986,2
512,n<=32,sr<=40%,kvB<=4k,kp<=512,0.3135,2
512,n<=32,sr<=40%,kvB<=4k,kp<=8k,0.2924,2
512,n<=32,sr<=40%,kvB<=4k,kp=0,0.3133,2
512,n<=32,sr<=5%,kvB<=16k,kp<=1k,0.3253,2
512,n<=32,sr<=5%,kvB<=16k,kp<=2k,0.2895,2
512,n<=32,sr<=5%,kvB<=16k,kp<=4k,0.3273,2
512,n<=32,sr<=5%,kvB<=16k,kp<=512,0.2959,2
512,n<=32,sr<=5%,kvB<=16k,kp<=8k,0.3424,2
512,n<=32,sr<=5%,kvB<=16k,kp=0,0.3164,2
512,n<=32,sr<=5%,kvB<=1k,kp<=1k,0.3362,2
512,n<=32,sr<=5%,kvB<=1k,kp<=2k,0.3035,2
512,n<=32,sr<=5%,kvB<=1k,kp<=4k,0.2907,2
512,n<=32,sr<=5%,kvB<=1k,kp<=512,0.3429,2
512,n<=32,sr<=5%,kvB<=1k,kp<=8k,0.2982,2
512,n<=32,sr<=5%,kvB<=1k,kp=0,0.3343,2
512,n<=32,sr<=5%,kvB<=4k,kp<=1k,0.2841,2
512,n<=32,sr<=5%,kvB<=4k,kp<=2k,0.2925,2
512,n<=32,sr<=5%,kvB<=4k,kp<=4k,0.2928,2
512,n<=32,sr<=5%,kvB<=4k,kp<=512,0.3263,2
512,n<=32,sr<=5%,kvB<=4k,kp<=8k,0.2835,2
512,n<=32,sr<=5%,kvB<=4k,kp=0,0.2933,2
512,n<=32,sr<=70%,kvB<=16k,kp<=1k,0.6358,2
512,n<=32,sr<=70%,kvB<=16k,kp<=2k,0.636,2
512,n<=32,sr<=70%,kvB<=16k,kp<=4k,0.5755,2
512,n<=32,sr<=70%,kvB<=16k,kp<=512,0.6337,2
512,n<=32,sr<=70%,kvB<=16k,kp<=8k,0.5739,2
512,n<=32,sr<=70%,kvB<=16k,kp=0,0.6359,2
512,n<=32,sr<=70%,kvB<=1k,kp<=1k,0.5379,2
512,n<=32,sr<=70%,kvB<=1k,kp<=2k,0.5348,2
512,n<=32,sr<=70%,kvB<=1k,kp<=4k,0.5287,2
512,n<=32,sr<=70%,kvB<=1k,kp<=512,0.584,2
512,n<=32,sr<=70%,kvB<=1k,kp<=8k,0.5796,2
512,n<=32,sr<=70%,kvB<=1k,kp=0,0.5902,2
512,n<=32,sr<=70%,kvB<=4k,kp<=1k,0.6577,2
512,n<=32,sr<=70%,kvB<=4k,kp<=2k,0.6564,2
512,n<=32,sr<=70%,kvB<=4k,kp<=4k,0.6571,2
512,n<=32,sr<=70%,kvB<=4k,kp<=512,0.6503,2
512,n<=32,sr<=70%,kvB<=4k,kp<=8k,0.6495,2
512,n<=32,sr<=70%,kvB<=4k,kp=0,0.5976,2
512,n<=32,sr>70%,kvB<=16k,kp<=1k,0.9451,4
512,n<=32,sr>70%,kvB<=16k,kp<=2k,0.9422,4
512,n<=32,sr>70%,kvB<=16k,kp<=4k,0.945,4
512,n<=32,sr>70%,kvB<=16k,kp<=512,0.9454,4
512,n<=32,sr>70%,kvB<=16k,kp<=8k,0.9428,4
512,n<=32,sr>70%,kvB<=16k,kp=0,0.9421,4
512,n<=32,sr>70%,kvB<=1k,kp<=1k,0.8786,4
512,n<=32,sr>70%,kvB<=1k,kp<=2k,0.8731,4
512,n<=32,sr>70%,kvB<=1k,kp<=4k,0.8284,4
512,n<=32,sr>70%,kvB<=1k,kp<=512,0.8564,4
512,n<=32,sr>70%,kvB<=1k,kp<=8k,0.9192,4
512,n<=32,sr>70%,kvB<=1k,kp=0,0.8569,4
512,n<=32,sr>70%,kvB<=4k,kp<=1k,0.9314,4
512,n<=32,sr>70%,kvB<=4k,kp<=2k,0.9258,4
512,n<=32,sr>70%,kvB<=4k,kp<=4k,0.9303,4
512,n<=32,sr>70%,kvB<=4k,kp<=512,0.923,4
512,n<=32,sr>70%,kvB<=4k,kp<=8k,0.9645,4
512,n<=32,sr>70%,kvB<=4k,kp=0,0.912,4
512,n<=4,sr<=40%,kvB<=16k,kp<=1k,0.0868,2
512,n<=4,sr<=40%,kvB<=16k,kp<=2k,0.0926,2
512,n<=4,sr<=40%,kvB<=16k,kp<=4k,0.0863,2
512,n<=4,sr<=40%,kvB<=16k,kp<=512,0.0891,2
512,n<=4,sr<=40%,kvB<=16k,kp<=8k,0.0514,2
512,n<=4,sr<=40%,kvB<=16k,kp=0,0.0866,2
512,n<=4,sr<=40%,kvB<=1k,kp<=1k,0.184,2
512,n<=4,sr<=40%,kvB<=1k,kp<=2k,0.2107,2
512,n<=4,sr<=40%,kvB<=1k,kp<=4k,0.3046,2
512,n<=4,sr<=40%,kvB<=1k,kp<=512,0.1546,2
512,n<=4,sr<=40%,kvB<=1k,kp<=8k,0.5059,2
512,n<=4,sr<=40%,kvB<=1k,kp=0,0.181,2
512,n<=4,sr<=40%,kvB<=4k,kp<=1k,0.0655,2
512,n<=4,sr<=40%,kvB<=4k,kp<=2k,0.0617,2
512,n<=4,sr<=40%,kvB<=4k,kp<=4k,0.0786,2
512,n<=4,sr<=40%,kvB<=4k,kp<=512,0.0574,2
512,n<=4,sr<=40%,kvB<=4k,kp<=8k,0.1611,2
512,n<=4,sr<=40%,kvB<=4k,kp=0,0.0628,2
512,n<=4,sr<=70%,kvB<=16k,kp<=1k,0.0801,2
512,n<=4,sr<=70%,kvB<=16k,kp<=2k,0.0901,2
512,n<=4,sr<=70%,kvB<=16k,kp<=4k,0.1397,2
512,n<=4,sr<=70%,kvB<=16k,kp<=512,0.0869,2
512,n<=4,sr<=70%,kvB<=16k,kp<=8k,0.0791,2
512,n<=4,sr<=70%,kvB<=16k,kp=0,0.0851,2
512,n<=4,sr<=70%,kvB<=1k,kp<=1k,0.0468,2
512,n<=4,sr<=70%,kvB<=1k,kp<=2k,-0.0653,2
512,n<=4,sr<=70%,kvB<=1k,kp<=4k,-0.6646,1
512,n<=4,sr<=70%,kvB<=1k,kp<=512,0.0504,2
512,n<=4,sr<=70%,kvB<=1k,kp<=8k,0.2365,2
512,n<=4,sr<=70%,kvB<=1k,kp=0,0.0043,2
512,n<=4,sr<=70%,kvB<=4k,kp<=1k,0.0352,2
512,n<=4,sr<=70%,kvB<=4k,kp<=2k,0.0628,2
512,n<=4,sr<=70%,kvB<=4k,kp<=4k,0.0983,2
512,n<=4,sr<=70%,kvB<=4k,kp<=512,0.0571,2
512,n<=4,sr<=70%,kvB<=4k,kp<=8k,0.1657,2
512,n<=4,sr<=70%,kvB<=4k,kp=0,0.0431,2
512,n<=4,sr>70%,kvB<=16k,kp<=1k,-0.0475,2
512,n<=4,sr>70%,kvB<=16k,kp<=2k,-0.0696,2
512,n<=4,sr>70%,kvB<=16k,kp<=4k,-0.0684,2
512,n<=4,sr>70%,kvB<=16k,kp<=512,-0.0622,2
512,n<=4,sr>70%,kvB<=16k,kp<=8k,-0.0294,2
512,n<=4,sr>70%,kvB<=16k,kp=0,-0.0488,2
512,n<=4,sr>70%,kvB<=1k,kp<=1k,0.0444,2
512,n<=4,sr>70%,kvB<=1k,kp<=2k,0.1172,2
512,n<=4,sr>70%,kvB<=1k,kp<=4k,0.5577,2
512,n<=4,sr>70%,kvB<=1k,kp<=512,-0.0946,2
512,n<=4,sr>70%,kvB<=1k,kp<=8k,0.1742,2
512,n<=4,sr>70%,kvB<=1k,kp=0,-0.0012,2
512,n<=4,sr>70%,kvB<=4k,kp<=1k,-0.1148,2
512,n<=4,sr>70%,kvB<=4k,kp<=2k,-0.1573,2
512,n<=4,sr>70%,kvB<=4k,kp<=4k,0.0769,2
512,n<=4,sr>70%,kvB<=4k,kp<=512,-0.1549,2
512,n<=4,sr>70%,kvB<=4k,kp<=8k,-0.3309,2
512,n<=4,sr>70%,kvB<=4k,kp=0,-0.0959,2
512,n<=64,sr<=15%,kvB<=16k,kp<=1k,0.1305,4
512,n<=64,sr<=15%,kvB<=16k,kp<=2k,0.1253,4
512,n<=64,sr<=15%,kvB<=16k,kp<=4k,0.1239,4
512,n<=64,sr<=15%,kvB<=16k,kp<=512,0.145,4
512,n<=64,sr<=15%,kvB<=16k,kp<=8k,0.1029,4
512,n<=64,sr<=15%,kvB<=16k,kp=0,0.123,4
512,n<=64,sr<=15%,kvB<=1k,kp<=1k,0.1725,4
512,n<=64,sr<=15%,kvB<=1k,kp<=2k,0.1573,4
512,n<=64,sr<=15%,kvB<=1k,kp<=4k,0.175,4
512,n<=64,sr<=15%,kvB<=1k,kp<=512,0.1702,4
512,n<=64,sr<=15%,kvB<=1k,kp<=8k,0.1707,4
512,n<=64,sr<=15%,kvB<=1k,kp=0,0.17,4
512,n<=64,sr<=15%,kvB<=4k,kp<=1k,0.1199,4
512,n<=64,sr<=15%,kvB<=4k,kp<=2k,0.1415,4
512,n<=64,sr<=15%,kvB<=4k,kp<=4k,0.1321,4
512,n<=64,sr<=15%,kvB<=4k,kp<=512,0.1345,4
512,n<=64,sr<=15%,kvB<=4k,kp<=8k,0.1321,4
512,n<=64,sr<=15%,kvB<=4k,kp=0,0.1329,4
512,n<=64,sr<=40%,kvB<=16k,kp<=1k,0.1102,2
512,n<=64,sr<=40%,kvB<=16k,kp<=2k,0.1085,2
512,n<=64,sr<=40%,kvB<=16k,kp<=4k,0.107,2
512,n<=64,sr<=40%,kvB<=16k,kp<=512,0.11,2
512,n<=64,sr<=40%,kvB<=16k,kp<=8k,0.1101,2
512,n<=64,sr<=40%,kvB<=16k,kp=0,0.1097,2
512,n<=64,sr<=40%,kvB<=1k,kp<=1k,0.1357,2
512,n<=64,sr<=40%,kvB<=1k,kp<=2k,0.1148,2
512,n<=64,sr<=40%,kvB<=1k,kp<=4k,0.1176,2
512,n<=64,sr<=40%,kvB<=1k,kp<=512,0.1173,2
512,n<=64,sr<=40%,kvB<=1k,kp<=8k,0.1356,2
512,n<=64,sr<=40%,kvB<=1k,kp=0,0.1186,2
512,n<=64,sr<=40%,kvB<=4k,kp<=1k,0.0646,2
512,n<=64,sr<=40%,kvB<=4k,kp<=2k,0.1375,2
512,n<=64,sr<=40%,kvB<=4k,kp<=4k,0.0941,2
512,n<=64,sr<=40%,kvB<=4k,kp<=512,0.1181,2
512,n<=64,sr<=40%,kvB<=4k,kp<=8k,0.1249,2
512,n<=64,sr<=40%,kvB<=4k,kp=0,0.0969,2
512,n<=64,sr<=5%,kvB<=16k,kp<=1k,0.144,6
512,n<=64,sr<=5%,kvB<=16k,kp<=2k,0.1463,6
512,n<=64,sr<=5%,kvB<=16k,kp<=4k,0.1568,6
512,n<=64,sr<=5%,kvB<=16k,kp<=512,0.146,6
512,n<=64,sr<=5%,kvB<=16k,kp<=8k,0.1402,6
512,n<=64,sr<=5%,kvB<=16k,kp=0,0.1591,6
512,n<=64,sr<=5%,kvB<=1k,kp<=1k,0.1526,6
512,n<=64,sr<=5%,kvB<=1k,kp<=2k,0.1621,6
512,n<=64,sr<=5%,kvB<=1k,kp<=4k,0.1433,6
512,n<=64,sr<=5%,kvB<=1k,kp<=512,0.1423,6
512,n<=64,sr<=5%,kvB<=1k,kp<=8k,0.1563,6
512,n<=64,sr<=5%,kvB<=1k,kp=0,0.1445,6
512,n<=64,sr<=5%,kvB<=4k,kp<=1k,0.1485,6
512,n<=64,sr<=5%,kvB<=4k,kp<=2k,0.1359,6
512,n<=64,sr<=5%,kvB<=4k,kp<=4k,0.1449,6
512,n<=64,sr<=5%,kvB<=4k,kp<=512,0.1537,6
512,n<=64,sr<=5%,kvB<=4k,kp<=8k,0.152,6
512,n<=64,sr<=5%,kvB<=4k,kp=0,0.1463,6
512,n<=64,sr<=70%,kvB<=16k,kp<=1k,0.1609,2
512,n<=64,sr<=70%,kvB<=16k,kp<=2k,0.1615,2
512,n<=64,sr<=70%,kvB<=16k,kp<=4k,0.153,2
512,n<=64,sr<=70%,kvB<=16k,kp<=512,0.1614,2
512,n<=64,sr<=70%,kvB<=16k,kp<=8k,0.0637,2
512,n<=64,sr<=70%,kvB<=16k,kp=0,0.1593,2
512,n<=64,sr<=70%,kvB<=1k,kp<=1k,0.1869,2
512,n<=64,sr<=70%,kvB<=1k,kp<=2k,0.153,2
512,n<=64,sr<=70%,kvB<=1k,kp<=4k,0.1173,2
512,n<=64,sr<=70%,kvB<=1k,kp<=512,0.1597,2
512,n<=64,sr<=70%,kvB<=1k,kp<=8k,0.1134,2
512,n<=64,sr<=70%,kvB<=1k,kp=0,0.1838,2
512,n<=64,sr<=70%,kvB<=4k,kp<=1k,0.1886,2
512,n<=64,sr<=70%,kvB<=4k,kp<=2k,0.1603,2
512,n<=64,sr<=70%,kvB<=4k,kp<=4k,0.1609,2
512,n<=64,sr<=70%,kvB<=4k,kp<=512,0.1727,2
512,n<=64,sr<=70%,kvB<=4k,kp<=8k,0.1614,2
512,n<=64,sr<=70%,kvB<=4k,kp=0,0.1855,2
512,n<=64,sr>70%,kvB<=16k,kp<=1k,0.1507,4
512,n<=64,sr>70%,kvB<=16k,kp<=2k,0.1375,4
512,n<=64,sr>70%,kvB<=16k,kp<=4k,0.1396,4
512,n<=64,sr>70%,kvB<=16k,kp<=512,0.1346,4
512,n<=64,sr>70%,kvB<=16k,kp<=8k,0.0463,4
512,n<=64,sr>70%,kvB<=16k,kp=0,0.1212,4
512,n<=64,sr>70%,kvB<=1k,kp<=1k,0.2111,4
512,n<=64,sr>70%,kvB<=1k,kp<=2k,0.1964,4
512,n<=64,sr>70%,kvB<=1k,kp<=4k,0.2364,4
512,n<=64,sr>70%,kvB<=1k,kp<=512,0.2359,4
512,n<=64,sr>70%,kvB<=1k,kp<=8k,0.1845,3
512,n<=64,sr>70%,kvB<=1k,kp=0,0.1868,4
512,n<=64,sr>70%,kvB<=4k,kp<=1k,0.16,4
512,n<=64,sr>70%,kvB<=4k,kp<=2k,0.1597,4
512,n<=64,sr>70%,kvB<=4k,kp<=4k,0.1696,4
512,n<=64,sr>70%,kvB<=4k,kp<=512,0.1534,4
512,n<=64,sr>70%,kvB<=4k,kp<=8k,0.1448,4
512,n<=64,sr>70%,kvB<=4k,kp=0,0.1875,4
512,n<=8,sr<=15%,kvB<=16k,kp<=1k,0.2114,2
512,n<=8,sr<=15%,kvB<=16k,kp<=2k,0.2124,2
512,n<=8,sr<=15%,kvB<=16k,kp<=4k,0.2166,2
512,n<=8,sr<=15%,kvB<=16k,kp<=512,0.212,2
512,n<=8,sr<=15%,kvB<=16k,kp<=8k,0.2124,2
512,n<=8,sr<=15%,kvB<=16k,kp=0,0.2143,2
512,n<=8,sr<=15%,kvB<=1k,kp<=1k,0.1393,2
512,n<=8,sr<=15%,kvB<=1k,kp<=2k,0.1071,2
512,n<=8,sr<=15%,kvB<=1k,kp<=4k,0.2272,2
512,n<=8,sr<=15%,kvB<=1k,kp<=512,0.121,2
512,n<=8,sr<=15%,kvB<=1k,kp<=8k,0.2408,2
512,n<=8,sr<=15%,kvB<=1k,kp=0,0.1255,2
512,n<=8,sr<=15%,kvB<=4k,kp<=1k,0.1917,2
512,n<=8,sr<=15%,kvB<=4k,kp<=2k,0.1918,2
512,n<=8,sr<=15%,kvB<=4k,kp<=4k,0.1696,2
512,n<=8,sr<=15%,kvB<=4k,kp<=512,0.1961,2
512,n<=8,sr<=15%,kvB<=4k,kp<=8k,0.1874,2
512,n<=8,sr<=15%,kvB<=4k,kp=0,0.1905,2
512,n<=8,sr<=40%,kvB<=16k,kp<=1k,0.0355,4
512,n<=8,sr<=40%,kvB<=16k,kp<=2k,0.0404,4
512,n<=8,sr<=40%,kvB<=16k,kp<=4k,0.0373,4
512,n<=8,sr<=40%,kvB<=16k,kp<=512,0.042,4
512,n<=8,sr<=40%,kvB<=16k,kp<=8k,0.0443,4
512,n<=8,sr<=40%,kvB<=16k,kp=0,0.0406,4
512,n<=8,sr<=40%,kvB<=1k,kp<=1k,0.0354,4
512,n<=8,sr<=40%,kvB<=1k,kp<=2k,0.0418,4
512,n<=8,sr<=40%,kvB<=1k,kp<=4k,-0.0603,4
512,n<=8,sr<=40%,kvB<=1k,kp<=512,0.0147,4
512,n<=8,sr<=40%,kvB<=1k,kp<=8k,0.088,4
512,n<=8,sr<=40%,kvB<=1k,kp=0,0.053,4
512,n<=8,sr<=40%,kvB<=4k,kp<=1k,0.041,4
512,n<=8,sr<=40%,kvB<=4k,kp<=2k,0.0442,4
512,n<=8,sr<=40%,kvB<=4k,kp<=4k,0.052,4
512,n<=8,sr<=40%,kvB<=4k,kp<=512,0.045,4
512,n<=8,sr<=40%,kvB<=4k,kp<=8k,0.0109,4
512,n<=8,sr<=40%,kvB<=4k,kp=0,0.0456,4
512,n<=8,sr<=70%,kvB<=16k,kp<=1k,0.1086,2
512,n<=8,sr<=70%,kvB<=16k,kp<=2k,0.1084,2
512,n<=8,sr<=70%,kvB<=16k,kp<=4k,0.1035,2
512,n<=8,sr<=70%,kvB<=16k,kp<=512,0.1069,2
512,n<=8,sr<=70%,kvB<=16k,kp<=8k,0.1168,2
512,n<=8,sr<=70%,kvB<=16k,kp=0,0.111,2
512,n<=8,sr<=70%,kvB<=1k,kp<=1k,0.0125,2
512,n<=8,sr<=70%,kvB<=1k,kp<=2k,0.056,2
512,n<=8,sr<=70%,kvB<=1k,kp<=4k,0.1189,2
512,n<=8,sr<=70%,kvB<=1k,kp<=512,0.023,2
512,n<=8,sr<=70%,kvB<=1k,kp<=8k,-0.2376,2
512,n<=8,sr<=70%,kvB<=1k,kp=0,0.0531,2
512,n<=8,sr<=70%,kvB<=4k,kp<=1k,0.1012,2
512,n<=8,sr<=70%,kvB<=4k,kp<=2k,0.1193,2
512,n<=8,sr<=70%,kvB<=4k,kp<=4k,0.0931,2
512,n<=8,sr<=70%,kvB<=4k,kp<=512,0.1074,2
512,n<=8,sr<=70%,kvB<=4k,kp<=8k,0.1761,2
512,n<=8,sr<=70%,kvB<=4k,kp=0,0.1202,2
512,n<=8,sr>70%,kvB<=16k,kp<=1k,0.9394,4
512,n<=8,sr>70%,kvB<=16k,kp<=2k,0.9215,4
512,n<=8,sr>70%,kvB<=16k,kp<=4k,0.8854,4
512,n<=8,sr>70%,kvB<=16k,kp<=512,0.9226,4
512,n<=8,sr>70%,kvB<=16k,kp<=8k,0.9353,4
512,n<=8,sr>70%,kvB<=16k,kp=0,0.9391,4
512,n<=8,sr>70%,kvB<=1k,kp<=1k,0.8555,4
512,n<=8,sr>70%,kvB<=1k,kp<=2k,0.917,4
512,n<=8,sr>70%,kvB<=1k,kp<=4k,0.8234,2
512,n<=8,sr>70%,kvB<=1k,kp<=512,0.8518,4
512,n<=8,sr>70%,kvB<=1k,kp<=8k,0.2199,3
512,n<=8,sr>70%,kvB<=1k,kp=0,0.8321,4
512,n<=8,sr>70%,kvB<=4k,kp<=1k,0.9512,4
512,n<=8,sr>70%,kvB<=4k,kp<=2k,0.9571,4
512,n<=8,sr>70%,kvB<=4k,kp<=4k,0.8487,4
512,n<=8,sr>70%,kvB<=4k,kp<=512,0.9352,4
512,n<=8,sr>70%,kvB<=4k,kp<=8k,0.9317,4
512,n<=8,sr>70%,kvB<=4k,kp=0,0.9592,4
1024,n<=16,sr<=15%,kvB<=16k,kp<=1k,0.3995,4
1024,n<=16,sr<=15%,kvB<=16k,kp<=2k,0.4022,4
1024,n<=16,sr<=15%,kvB<=16k,kp<=4k,0.3841,4
1024,n<=16,sr<=15%,kvB<=16k,kp<=512,0.401,4
1024,n<=16,sr<=15%,kvB<=16k,kp<=8k,0.4027,4
1024,n<=16,sr<=15%,kvB<=16k,kp=0,0.4019,4
1024,n<=16,sr<=15%,kvB<=1k,kp<=1k,0.4162,4
1024,n<=16,sr<=15%,kvB<=1k,kp<=2k,0.3865,4
1024,n<=16,sr<=15%,kvB<=1k,kp<=4k,0.4013,4
1024,n<=16,sr<=15%,kvB<=1k,kp<=512,0.4104,4
1024,n<=16,sr<=15%,kvB<=1k,kp<=8k,0.4784,4
1024,n<=16,sr<=15%,kvB<=1k,kp=0,0.4129,4
1024,n<=16,sr<=15%,kvB<=4k,kp<=1k,0.4022,4
1024,n<=16,sr<=15%,kvB<=4k,kp<=2k,0.3981,4
1024,n<=16,sr<=15%,kvB<=4k,kp<=4k,0.4039,4
1024,n<=16,sr<=15%,kvB<=4k,kp<=512,0.3952,4
1024,n<=16,sr<=15%,kvB<=4k,kp<=8k,0.3856,4
1024,n<=16,sr<=15%,kvB<=4k,kp=0,0.4025,4
1024,n<=16,sr<=40%,kvB<=16k,kp<=1k,0.5061,4
1024,n<=16,sr<=40%,kvB<=16k,kp<=2k,0.5073,4
1024,n<=16,sr<=40%,kvB<=16k,kp<=4k,0.5036,4
1024,n<=16,sr<=40%,kvB<=16k,kp<=512,0.5039,4
1024,n<=16,sr<=40%,kvB<=16k,kp<=8k,0.3134,4
1024,n<=16,sr<=40%,kvB<=16k,kp=0,0.5067,4
1024,n<=16,sr<=40%,kvB<=1k,kp<=1k,0.4634,4
1024,n<=16,sr<=40%,kvB<=1k,kp<=2k,0.4534,4
1024,n<=16,sr<=40%,kvB<=1k,kp<=4k,0.5105,4
1024,n<=16,sr<=40%,kvB<=1k,kp<=512,0.4732,4
1024,n<=16,sr<=40%,kvB<=1k,kp<=8k,0.4363,4
1024,n<=16,sr<=40%,kvB<=1k,kp=0,0.4683,4
1024,n<=16,sr<=40%,kvB<=4k,kp<=1k,0.4985,4
1024,n<=16,sr<=40%,kvB<=4k,kp<=2k,0.4932,4
1024,n<=16,sr<=40%,kvB<=4k,kp<=4k,0.4887,4
1024,n<=16,sr<=40%,kvB<=4k,kp<=512,0.4896,4
1024,n<=16,sr<=40%,kvB<=4k,kp<=8k,0.5092,4
1024,n<=16,sr<=40%,kvB<=4k,kp=0,0.5005,4
1024,n<=16,sr<=70%,kvB<=16k,kp<=1k,0.9513,2
1024,n<=16,sr<=70%,kvB<=16k,kp<=2k,0.9521,2
1024,n<=16,sr<=70%,kvB<=16k,kp<=4k,0.9664,2
1024,n<=16,sr<=70%,kvB<=16k,kp<=512,0.9434,2
1024,n<=16,sr<=70%,kvB<=16k,kp<=8k,0.9224,2
1024,n<=16,sr<=70%,kvB<=16k,kp=0,0.9492,2
1024,n<=16,sr<=70%,kvB<=1k,kp<=1k,0.8704,2
1024,n<=16,sr<=70%,kvB<=1k,kp<=2k,0.8755,2
1024,n<=16,sr<=70%,kvB<=1k,kp<=4k,0.9706,2
1024,n<=16,sr<=70%,kvB<=1k,kp<=512,0.8763,2
1024,n<=16,sr<=70%,kvB<=1k,kp<=8k,0.7226,2
1024,n<=16,sr<=70%,kvB<=1k,kp=0,0.886,2
1024,n<=16,sr<=70%,kvB<=4k,kp<=1k,0.9347,2
1024,n<=16,sr<=70%,kvB<=4k,kp<=2k,0.9283,2
1024,n<=16,sr<=70%,kvB<=4k,kp<=4k,0.9749,2
1024,n<=16,sr<=70%,kvB<=4k,kp<=512,0.9262,2
1024,n<=16,sr<=70%,kvB<=4k,kp<=8k,0.9231,2
1024,n<=16,sr<=70%,kvB<=4k,kp=0,0.9445,2
1024,n<=16,sr>70%,kvB<=16k,kp<=1k,0.9214,4
1024,n<=16,sr>70%,kvB<=16k,kp<=2k,0.9258,4
1024,n<=16,sr>70%,kvB<=16k,kp<=4k,0.9258,4
1024,n<=16,sr>70%,kvB<=16k,kp<=512,0.9231,4
1024,n<=16,sr>70%,kvB<=16k,kp<=8k,0.5756,3
1024,n<=16,sr>70%,kvB<=16k,kp=0,0.9211,4
1024,n<=16,sr>70%,kvB<=1k,kp<=1k,0.8206,4
1024,n<=16,sr>70%,kvB<=1k,kp<=2k,1.0147,4
1024,n<=16,sr>70%,kvB<=1k,kp<=4k,1.0389,4
1024,n<=16,sr>70%,kvB<=1k,kp<=512,0.8838,4
1024,n<=16,sr>70%,kvB<=1k,kp<=8k,0.7557,4
1024,n<=16,sr>70%,kvB<=1k,kp=0,0.8505,4
1024,n<=16,sr>70%,kvB<=4k,kp<=1k,0.9388,4
1024,n<=16,sr>70%,kvB<=4k,kp<=2k,0.903,4
1024,n<=16,sr>70%,kvB<=4k,kp<=4k,0.9704,4
1024,n<=16,sr>70%,kvB<=4k,kp<=512,0.8967,4
1024,n<=16,sr>70%,kvB<=4k,kp<=8k,0.8142,4
1024,n<=16,sr>70%,kvB<=4k,kp=0,0.9232,4
1024,n<=2,sr<=70%,kvB<=16k,kp<=1k,-0.0308,2
1024,n<=2,sr<=70%,kvB<=16k,kp<=2k,-0.0744,2
1024,n<=2,sr<=70%,kvB<=16k,kp<=4k,0.0109,2
1024,n<=2,sr<=70%,kvB<=16k,kp<=512,-0.0217,2
1024,n<=2,sr<=70%,kvB<=16k,kp<=8k,-0.0209,2
1024,n<=2,sr<=70%,kvB<=16k,kp=0,-0.0387,2
1024,n<=2,sr<=70%,kvB<=1k,kp<=1k,-0.1197,2
1024,n<=2,sr<=70%,kvB<=1k,kp<=2k,0.3014,2
1024,n<=2,sr<=70%,kvB<=1k,kp<=4k,-0.4046,2
1024,n<=2,sr<=70%,kvB<=1k,kp<=512,0.011,2
1024,n<=2,sr<=70%,kvB<=1k,kp<=8k,0.263,2
1024,n<=2,sr<=70%,kvB<=1k,kp=0,0.0798,2
1024,n<=2,sr<=70%,kvB<=4k,kp<=1k,-0.1506,2
1024,n<=2,sr<=70%,kvB<=4k,kp<=2k,-0.3234,2
1024,n<=2,sr<=70%,kvB<=4k,kp<=4k,-0.0816,2
1024,n<=2,sr<=70%,kvB<=4k,kp<=512,-0.1642,2
1024,n<=2,sr<=70%,kvB<=4k,kp<=8k,-0.1604,2
1024,n<=2,sr<=70%,kvB<=4k,kp=0,-0.1284,2
1024,n<=32,sr<=15%,kvB<=16k,kp<=1k,0.3157,6
1024,n<=32,sr<=15%,kvB<=16k,kp<=2k,0.2841,6
1024,n<=32,sr<=15%,kvB<=16k,kp<=4k,0.2895,6
1024,n<=32,sr<=15%,kvB<=16k,kp<=512,0.3247,6
1024,n<=32,sr<=15%,kvB<=16k,kp<=8k,0.2032,6
1024,n<=32,sr<=15%,kvB<=16k,kp=0,0.3193,6
1024,n<=32,sr<=15%,kvB<=1k,kp<=1k,0.326,6
1024,n<=32,sr<=15%,kvB<=1k,kp<=2k,0.3379,6
1024,n<=32,sr<=15%,kvB<=1k,kp<=4k,0.3989,6
1024,n<=32,sr<=15%,kvB<=1k,kp<=512,0.3013,6
1024,n<=32,sr<=15%,kvB<=1k,kp<=8k,0.3011,6
1024,n<=32,sr<=15%,kvB<=1k,kp=0,0.309,6
1024,n<=32,sr<=15%,kvB<=4k,kp<=1k,0.2992,6
1024,n<=32,sr<=15%,kvB<=4k,kp<=2k,0.3023,6
1024,n<=32,sr<=15%,kvB<=4k,kp<=4k,0.2744,6
1024,n<=32,sr<=15%,kvB<=4k,kp<=512,0.3278,6
1024,n<=32,sr<=15%,kvB<=4k,kp<=8k,0.0818,6
1024,n<=32,sr<=15%,kvB<=4k,kp=0,0.2814,6
1024,n<=32,sr<=40%,kvB<=16k,kp<=1k,0.3136,2
1024,n<=32,sr<=40%,kvB<=16k,kp<=2k,0.2293,2
1024,n<=32,sr<=40%,kvB<=16k,kp<=4k,0.2938,2
1024,n<=32,sr<=40%,kvB<=16k,kp<=512,0.2947,2
1024,n<=32,sr<=40%,kvB<=16k,kp<=8k,0.0579,2
1024,n<=32,sr<=40%,kvB<=16k,kp=0,0.2935,2
1024,n<=32,sr<=40%,kvB<=1k,kp<=1k,0.2813,2
1024,n<=32,sr<=40%,kvB<=1k,kp<=2k,0.3112,2
1024,n<=32,sr<=40%,kvB<=1k,kp<=4k,0.7303,2
1024,n<=32,sr<=40%,kvB<=1k,kp<=512,0.3064,2
1024,n<=32,sr<=40%,kvB<=1k,kp<=8k,0.2754,2
1024,n<=32,sr<=40%,kvB<=1k,kp=0,0.3055,2
1024,n<=32,sr<=40%,kvB<=4k,kp<=1k,0.3171,2
1024,n<=32,sr<=40%,kvB<=4k,kp<=2k,0.3109,2
1024,n<=32,sr<=40%,kvB<=4k,kp<=4k,0.3107,2
1024,n<=32,sr<=40%,kvB<=4k,kp<=512,0.3099,2
1024,n<=32,sr<=40%,kvB<=4k,kp<=8k,0.0152,2
1024,n<=32,sr<=40%,kvB<=4k,kp=0,0.2955,2
1024,n<=32,sr<=5%,kvB<=16k,kp<=1k,0.2889,2
1024,n<=32,sr<=5%,kvB<=16k,kp<=2k,0.2913,2
1024,n<=32,sr<=5%,kvB<=16k,kp<=4k,0.3217,2
1024,n<=32,sr<=5%,kvB<=16k,kp<=512,0.3224,2
1024,n<=32,sr<=5%,kvB<=16k,kp<=8k,0.2419,2
1024,n<=32,sr<=5%,kvB<=16k,kp=0,0.2909,2
1024,n<=32,sr<=5%,kvB<=1k,kp<=1k,0.3042,2
1024,n<=32,sr<=5%,kvB<=1k,kp<=2k,0.3076,2
1024,n<=32,sr<=5%,kvB<=1k,kp<=4k,0.6084,2
1024,n<=32,sr<=5%,kvB<=1k,kp<=512,0.2971,2
1024,n<=32,sr<=5%,kvB<=1k,kp<=8k,0.2975,2
1024,n<=32,sr<=5%,kvB<=1k,kp=0,0.3231,2
1024,n<=32,sr<=5%,kvB<=4k,kp<=1k,0.318,2
1024,n<=32,sr<=5%,kvB<=4k,kp<=2k,0.3224,2
1024,n<=32,sr<=5%,kvB<=4k,kp<=4k,0.334,2
1024,n<=32,sr<=5%,kvB<=4k,kp<=512,0.2946,2
1024,n<=32,sr<=5%,kvB<=4k,kp<=8k,0.2284,2
1024,n<=32,sr<=5%,kvB<=4k,kp=0,0.2869,2
1024,n<=32,sr<=70%,kvB<=16k,kp<=1k,0.5585,2
1024,n<=32,sr<=70%,kvB<=16k,kp<=2k,0.3657,2
1024,n<=32,sr<=70%,kvB<=16k,kp<=4k,0.2878,2
1024,n<=32,sr<=70%,kvB<=16k,kp<=512,0.6605,2
1024,n<=32,sr<=70%,kvB<=16k,kp<=8k,0.3508,2
1024,n<=32,sr<=70%,kvB<=16k,kp=0,0.6132,2
1024,n<=32,sr<=70%,kvB<=1k,kp<=1k,0.4961,2
1024,n<=32,sr<=70%,kvB<=1k,kp<=2k,0.5668,2
1024,n<=32,sr<=70%,kvB<=1k,kp<=4k,0.3757,2
1024,n<=32,sr<=70%,kvB<=1k,kp<=512,0.5695,2
1024,n<=32,sr<=70%,kvB<=1k,kp<=8k,0.1187,2
1024,n<=32,sr<=70%,kvB<=1k,kp=0,0.5815,2
1024,n<=32,sr<=70%,kvB<=4k,kp<=1k,0.5928,2
1024,n<=32,sr<=70%,kvB<=4k,kp<=2k,0.6479,2
1024,n<=32,sr<=70%,kvB<=4k,kp<=4k,0.6494,2
1024,n<=32,sr<=70%,kvB<=4k,kp<=512,0.662,2
1024,n<=32,sr<=70%,kvB<=4k,kp<=8k,0.255,2
1024,n<=32,sr<=70%,kvB<=4k,kp=0,0.6466,2
1024,n<=32,sr>70%,kvB<=16k,kp<=1k,0.9251,4
1024,n<=32,sr>70%,kvB<=16k,kp<=2k,0.8818,4
1024,n<=32,sr>70%,kvB<=16k,kp<=4k,0.3219,4
1024,n<=32,sr>70%,kvB<=16k,kp<=512,0.858,4
1024,n<=32,sr>70%,kvB<=16k,kp<=8k,0.4041,2
1024,n<=32,sr>70%,kvB<=16k,kp=0,0.9367,4
1024,n<=32,sr>70%,kvB<=1k,kp<=1k,0.8823,4
1024,n<=32,sr>70%,kvB<=1k,kp<=2k,0.9161,4
1024,n<=32,sr>70%,kvB<=1k,kp<=4k,1.7774,4
1024,n<=32,sr>70%,kvB<=1k,kp<=512,0.8648,4
1024,n<=32,sr>70%,kvB<=1k,kp<=8k,1.2172,4
1024,n<=32,sr>70%,kvB<=1k,kp=0,0.846,4
1024,n<=32,sr>70%,kvB<=4k,kp<=1k,0.9292,4
1024,n<=32,sr>70%,kvB<=4k,kp<=2k,0.9087,4
1024,n<=32,sr>70%,kvB<=4k,kp<=4k,0.9021,4
1024,n<=32,sr>70%,kvB<=4k,kp<=512,1.3912,4
1024,n<=32,sr>70%,kvB<=4k,kp<=8k,1.4263,4
1024,n<=32,sr>70%,kvB<=4k,kp=0,0.9258,4
1024,n<=4,sr<=40%,kvB<=16k,kp<=1k,0.0955,2
1024,n<=4,sr<=40%,kvB<=16k,kp<=2k,0.0864,2
1024,n<=4,sr<=40%,kvB<=16k,kp<=4k,0.0795,2
1024,n<=4,sr<=40%,kvB<=16k,kp<=512,0.0935,2
1024,n<=4,sr<=40%,kvB<=16k,kp<=8k,0.1076,2
1024,n<=4,sr<=40%,kvB<=16k,kp=0,0.092,2
1024,n<=4,sr<=40%,kvB<=1k,kp<=1k,0.2003,2
1024,n<=4,sr<=40%,kvB<=1k,kp<=2k,0.0957,2
1024,n<=4,sr<=40%,kvB<=1k,kp<=4k,0.0774,2
1024,n<=4,sr<=40%,kvB<=1k,kp<=512,0.1993,2
1024,n<=4,sr<=40%,kvB<=1k,kp<=8k,0.0439,2
1024,n<=4,sr<=40%,kvB<=1k,kp=0,0.1846,2
1024,n<=4,sr<=40%,kvB<=4k,kp<=1k,0.0734,2
1024,n<=4,sr<=40%,kvB<=4k,kp<=2k,0.1087,2
1024,n<=4,sr<=40%,kvB<=4k,kp<=4k,-0.0443,2
1024,n<=4,sr<=40%,kvB<=4k,kp<=512,0.0656,2
1024,n<=4,sr<=40%,kvB<=4k,kp<=8k,0.1727,2
1024,n<=4,sr<=40%,kvB<=4k,kp=0,0.0639,2
1024,n<=4,sr<=70%,kvB<=16k,kp<=1k,0.0922,2
1024,n<=4,sr<=70%,kvB<=16k,kp<=2k,0.11,2
1024,n<=4,sr<=70%,kvB<=16k,kp<=4k,0.0852,2
1024,n<=4,sr<=70%,kvB<=16k,kp<=512,0.1036,2
1024,n<=4,sr<=70%,kvB<=16k,kp<=8k,0.1307,2
1024,n<=4,sr<=70%,kvB<=16k,kp=0,0.088,2
1024,n<=4,sr<=70%,kvB<=1k,kp<=1k,-0.0447,2
1024,n<=4,sr<=70%,kvB<=1k,kp<=2k,-0.2237,2
1024,n<=4,sr<=70%,kvB<=1k,kp<=4k,-1.3601,2
1024,n<=4,sr<=70%,kvB<=1k,kp<=512,0.0306,2
1024,n<=4,sr<=70%,kvB<=1k,kp<=8k,0.2634,2
1024,n<=4,sr<=70%,kvB<=1k,kp=0,0.0327,2
1024,n<=4,sr<=70%,kvB<=4k,kp<=1k,0.012,2
1024,n<=4,sr<=70%,kvB<=4k,kp<=2k,0.0952,2
1024,n<=4,sr<=70%,kvB<=4k,kp<=4k,0.2397,2
1024,n<=4,sr<=70%,kvB<=4k,kp<=512,0.0472,2
1024,n<=4,sr<=70%,kvB<=4k,kp<=8k,-0.1462,2
1024,n<=4,sr<=70%,kvB<=4k,kp=0,0.0382,2
1024,n<=4,sr>70%,kvB<=16k,kp<=1k,-0.0788,2
1024,n<=4,sr>70%,kvB<=16k,kp<=2k,-0.0852,2
1024,n<=4,sr>70%,kvB<=16k,kp<=4k,-0.0413,2
1024,n<=4,sr>70%,kvB<=16k,kp<=512,-0.0507,2
1024,n<=4,sr>70%,kvB<=16k,kp<=8k,-0.141,2
1024,n<=4,sr>70%,kvB<=16k,kp=0,-0.0629,2
1024,n<=4,sr>70%,kvB<=1k,kp<=1k,0.3076,2
1024,n<=4,sr>70%,kvB<=1k,kp<=2k,-0.366,2
1024,n<=4,sr>70%,kvB<=1k,kp<=4k,-3.8897,1
1024,n<=4,sr>70%,kvB<=1k,kp<=512,0.1181,2
1024,n<=4,sr>70%,kvB<=1k,kp<=8k,0.0562,1
1024,n<=4,sr>70%,kvB<=1k,kp=0,-0.0246,2
1024,n<=4,sr>70%,kvB<=4k,kp<=1k,-0.1171,2
1024,n<=4,sr>70%,kvB<=4k,kp<=2k,-0.0978,2
1024,n<=4,sr>70%,kvB<=4k,kp<=4k,0.1617,2
1024,n<=4,sr>70%,kvB<=4k,kp<=512,-0.0752,2
1024,n<=4,sr>70%,kvB<=4k,kp<=8k,0.2411,2
1024,n<=4,sr>70%,kvB<=4k,kp=0,-0.1956,2
1024,n<=64,sr<=15%,kvB<=16k,kp<=1k,0.124,4
1024,n<=64,sr<=15%,kvB<=16k,kp<=2k,0.0703,4
1024,n<=64,sr<=15%,kvB<=16k,kp<=4k,0.0866,4
1024,n<=64,sr<=15%,kvB<=16k,kp<=512,0.0943,4
1024,n<=64,sr<=15%,kvB<=16k,kp<=8k,0.2657,4
1024,n<=64,sr<=15%,kvB<=16k,kp=0,0.1305,4
1024,n<=64,sr<=15%,kvB<=1k,kp<=1k,0.3318,4
1024,n<=64,sr<=15%,kvB<=1k,kp<=2k,0.1846,4
1024,n<=64,sr<=15%,kvB<=1k,kp<=4k,0.7412,4
1024,n<=64,sr<=15%,kvB<=1k,kp<=512,0.1555,4
1024,n<=64,sr<=15%,kvB<=1k,kp<=8k,0.7122,4
1024,n<=64,sr<=15%,kvB<=1k,kp=0,0.1943,4
1024,n<=64,sr<=15%,kvB<=4k,kp<=1k,0.1268,4
1024,n<=64,sr<=15%,kvB<=4k,kp<=2k,0.1283,4
1024,n<=64,sr<=15%,kvB<=4k,kp<=4k,0.0867,4
1024,n<=64,sr<=15%,kvB<=4k,kp<=512,0.1267,4
1024,n<=64,sr<=15%,kvB<=4k,kp<=8k,0.1444,4
1024,n<=64,sr<=15%,kvB<=4k,kp=0,0.1236,4
1024,n<=64,sr<=40%,kvB<=16k,kp<=1k,0.0594,2
1024,n<=64,sr<=40%,kvB<=16k,kp<=2k,-0.005,2
1024,n<=64,sr<=40%,kvB<=16k,kp<=4k,0.1362,2
1024,n<=64,sr<=40%,kvB<=16k,kp<=512,0.1859,2
1024,n<=64,sr<=40%,kvB<=16k,kp<=8k,0.1828,2
1024,n<=64,sr<=40%,kvB<=16k,kp=0,0.0884,2
1024,n<=64,sr<=40%,kvB<=1k,kp<=1k,0.1531,2
1024,n<=64,sr<=40%,kvB<=1k,kp<=2k,0.461,2
1024,n<=64,sr<=40%,kvB<=1k,kp<=4k,0.7384,2
1024,n<=64,sr<=40%,kvB<=1k,kp<=512,0.198,2
1024,n<=64,sr<=40%,kvB<=1k,kp<=8k,0.0813,1
1024,n<=64,sr<=40%,kvB<=1k,kp=0,0.1193,2
1024,n<=64,sr<=40%,kvB<=4k,kp<=1k,0.1504,2
1024,n<=64,sr<=40%,kvB<=4k,kp<=2k,0.068,2
1024,n<=64,sr<=40%,kvB<=4k,kp<=4k,0.0205,2
1024,n<=64,sr<=40%,kvB<=4k,kp<=512,0.1275,2
1024,n<=64,sr<=40%,kvB<=4k,kp<=8k,-0.1969,2
1024,n<=64,sr<=40%,kvB<=4k,kp=0,0.1184,2
1024,n<=64,sr<=5%,kvB<=16k,kp<=1k,0.093,6
1024,n<=64,sr<=5%,kvB<=16k,kp<=2k,0.1291,6
1024,n<=64,sr<=5%,kvB<=16k,kp<=4k,0.1066,6
1024,n<=64,sr<=5%,kvB<=16k,kp<=512,0.1448,6
1024,n<=64,sr<=5%,kvB<=16k,kp<=8k,0.0613,6
1024,n<=64,sr<=5%,kvB<=16k,kp=0,0.1341,6
1024,n<=64,sr<=5%,kvB<=1k,kp<=1k,0.1454,6
1024,n<=64,sr<=5%,kvB<=1k,kp<=2k,0.3681,6
1024,n<=64,sr<=5%,kvB<=1k,kp<=4k,0.5093,6
1024,n<=64,sr<=5%,kvB<=1k,kp<=512,0.1805,6
1024,n<=64,sr<=5%,kvB<=1k,kp<=8k,1.0654,5
1024,n<=64,sr<=5%,kvB<=1k,kp=0,0.1577,6
1024,n<=64,sr<=5%,kvB<=4k,kp<=1k,0.1427,6
1024,n<=64,sr<=5%,kvB<=4k,kp<=2k,0.1425,6
1024,n<=64,sr<=5%,kvB<=4k,kp<=4k,0.0482,6
1024,n<=64,sr<=5%,kvB<=4k,kp<=512,0.1544,6
1024,n<=64,sr<=5%,kvB<=4k,kp<=8k,0.1138,6
1024,n<=64,sr<=5%,kvB<=4k,kp=0,0.1525,6
1024,n<=64,sr<=70%,kvB<=16k,kp<=1k,0.2121,2
1024,n<=64,sr<=70%,kvB<=16k,kp<=2k,0.2207,2
1024,n<=64,sr<=70%,kvB<=16k,kp<=4k,0.1955,2
1024,n<=64,sr<=70%,kvB<=16k,kp<=512,0.0915,2
1024,n<=64,sr<=70%,kvB<=16k,kp<=8k,0.0937,2
1024,n<=64,sr<=70%,kvB<=16k,kp=0,0.1873,2
1024,n<=64,sr<=70%,kvB<=1k,kp<=1k,0.1226,2
1024,n<=64,sr<=70%,kvB<=1k,kp<=2k,0.1116,2
1024,n<=64,sr<=70%,kvB<=1k,kp<=4k,0.4167,2
1024,n<=64,sr<=70%,kvB<=1k,kp<=512,0.2854,2
1024,n<=64,sr<=70%,kvB<=1k,kp<=8k,2.181,2
1024,n<=64,sr<=70%,kvB<=1k,kp=0,0.1867,2
1024,n<=64,sr<=70%,kvB<=4k,kp<=1k,0.166,2
1024,n<=64,sr<=70%,kvB<=4k,kp<=2k,0.1125,2
1024,n<=64,sr<=70%,kvB<=4k,kp<=4k,0.041,2
1024,n<=64,sr<=70%,kvB<=4k,kp<=512,0.1543,2
1024,n<=64,sr<=70%,kvB<=4k,kp<=8k,0.8736,2
1024,n<=64,sr<=70%,kvB<=4k,kp=0,0.1963,2
1024,n<=64,sr>70%,kvB<=16k,kp<=1k,-0.0597,3
1024,n<=64,sr>70%,kvB<=16k,kp<=2k,0.0962,2
1024,n<=64,sr>70%,kvB<=16k,kp<=4k,0.744,4
1024,n<=64,sr>70%,kvB<=16k,kp<=512,-0.0414,4
1024,n<=64,sr>70%,kvB<=16k,kp<=8k,0.1207,4
1024,n<=64,sr>70%,kvB<=16k,kp=0,-0.3343,4
1024,n<=64,sr>70%,kvB<=1k,kp<=1k,0.6391,4
1024,n<=64,sr>70%,kvB<=1k,kp<=2k,0.7447,4
1024,n<=64,sr>70%,kvB<=1k,kp<=4k,0.2698,3
1024,n<=64,sr>70%,kvB<=1k,kp<=512,0.223,4
1024,n<=64,sr>70%,kvB<=1k,kp<=8k,0.6807,3
1024,n<=64,sr>70%,kvB<=1k,kp=0,0.3156,4
1024,n<=64,sr>70%,kvB<=4k,kp<=1k,0.1797,4
1024,n<=64,sr>70%,kvB<=4k,kp<=2k,0.0166,4
1024,n<=64,sr>70%,kvB<=4k,kp<=4k,0.1939,3
1024,n<=64,sr>70%,kvB<=4k,kp<=512,0.1638,4
1024,n<=64,sr>70%,kvB<=4k,kp<=8k,-0.5898,2
1024,n<=64,sr>70%,kvB<=4k,kp=0,0.1766,4
1024,n<=8,sr<=15%,kvB<=16k,kp<=1k,0.2138,2
1024,n<=8,sr<=15%,kvB<=16k,kp<=2k,0.2103,2
1024,n<=8,sr<=15%,kvB<=16k,kp<=4k,0.2115,2
1024,n<=8,sr<=15%,kvB<=16k,kp<=512,0.2116,2
1024,n<=8,sr<=15%,kvB<=16k,kp<=8k,0.1883,2
1024,n<=8,sr<=15%,kvB<=16k,kp=0,0.2112,2
1024,n<=8,sr<=15%,kvB<=1k,kp<=1k,0.099,2
1024,n<=8,sr<=15%,kvB<=1k,kp<=2k,0.1348,2
1024,n<=8,sr<=15%,kvB<=1k,kp<=4k,0.1717,2
1024,n<=8,sr<=15%,kvB<=1k,kp<=512,0.1223,2
1024,n<=8,sr<=15%,kvB<=1k,kp<=8k,0.3744,2
1024,n<=8,sr<=15%,kvB<=1k,kp=0,0.1358,2
1024,n<=8,sr<=15%,kvB<=4k,kp<=1k,0.1945,2
1024,n<=8,sr<=15%,kvB<=4k,kp<=2k,0.1567,2
1024,n<=8,sr<=15%,kvB<=4k,kp<=4k,0.1436,2
1024,n<=8,sr<=15%,kvB<=4k,kp<=512,0.1858,2
1024,n<=8,sr<=15%,kvB<=4k,kp<=8k,0.0739,2
1024,n<=8,sr<=15%,kvB<=4k,kp=0,0.2019,2
1024,n<=8,sr<=40%,kvB<=16k,kp<=1k,0.1428,4
1024,n<=8,sr<=40%,kvB<=16k,kp<=2k,0.0396,4
1024,n<=8,sr<=40%,kvB<=16k,kp<=4k,0.0464,4
1024,n<=8,sr<=40%,kvB<=16k,kp<=512,0.0387,4
1024,n<=8,sr<=40%,kvB<=16k,kp<=8k,0.035,4
1024,n<=8,sr<=40%,kvB<=16k,kp=0,0.0348,4
1024,n<=8,sr<=40%,kvB<=1k,kp<=1k,0.034,4
1024,n<=8,sr<=40%,kvB<=1k,kp<=2k,0.015,4
1024,n<=8,sr<=40%,kvB<=1k,kp<=4k,-0.0226,4
1024,n<=8,sr<=40%,kvB<=1k,kp<=512,0.0623,4
1024,n<=8,sr<=40%,kvB<=1k,kp<=8k,0.2175,4
1024,n<=8,sr<=40%,kvB<=1k,kp=0,0.0339,4
1024,n<=8,sr<=40%,kvB<=4k,kp<=1k,0.0535,4
1024,n<=8,sr<=40%,kvB<=4k,kp<=2k,0.0714,4
1024,n<=8,sr<=40%,kvB<=4k,kp<=4k,0.1175,4
1024,n<=8,sr<=40%,kvB<=4k,kp<=512,0.0549,4
1024,n<=8,sr<=40%,kvB<=4k,kp<=8k,-0.0494,4
1024,n<=8,sr<=40%,kvB<=4k,kp=0,0.0479,4
1024,n<=8,sr<=70%,kvB<=16k,kp<=1k,0.1067,2
1024,n<=8,sr<=70%,kvB<=16k,kp<=2k,0.1131,2
1024,n<=8,sr<=70%,kvB<=16k,kp<=4k,0.0985,2
1024,n<=8,sr<=70%,kvB<=16k,kp<=512,0.1053,2
1024,n<=8,sr<=70%,kvB<=16k,kp<=8k,0.0966,2
1024,n<=8,sr<=70%,kvB<=16k,kp=0,0.101,2
1024,n<=8,sr<=70%,kvB<=1k,kp<=1k,0.064,2
1024,n<=8,sr<=70%,kvB<=1k,kp<=2k,0.1491,2
1024,n<=8,sr<=70%,kvB<=1k,kp<=4k,-0.318,2
1024,n<=8,sr<=70%,kvB<=1k,kp<=512,0.0764,2
1024,n<=8,sr<=70%,kvB<=1k,kp<=8k,-0.0579,2
1024,n<=8,sr<=70%,kvB<=1k,kp=0,0.0304,2
1024,n<=8,sr<=70%,kvB<=4k,kp<=1k,0.1126,2
1024,n<=8,sr<=70%,kvB<=4k,kp<=2k,0.1834,2
1024,n<=8,sr<=70%,kvB<=4k,kp<=4k,0.1348,2
1024,n<=8,sr<=70%,kvB<=4k,kp<=512,0.1022,2
1024,n<=8,sr<=70%,kvB<=4k,kp<=8k,0.2138,2
1024,n<=8,sr<=70%,kvB<=4k,kp=0,0.1214,2
1024,n<=8,sr>70%,kvB<=16k,kp<=1k,0.9308,4
1024,n<=8,sr>70%,kvB<=16k,kp<=2k,0.9117,4
1024,n<=8,sr>70%,kvB<=16k,kp<=4k,0.894,4
1024,n<=8,sr>70%,kvB<=16k,kp<=512,0.9338,4
1024,n<=8,sr>70%,kvB<=16k,kp<=8k,0.822,4
1024,n<=8,sr>70%,kvB<=16k,kp=0,0.9332,4
1024,n<=8,sr>70%,kvB<=1k,kp<=1k,0.9239,4
1024,n<=8,sr>70%,kvB<=1k,kp<=2k,0.8065,4
1024,n<=8,sr>70%,kvB<=1k,kp<=4k,1.0167,4
1024,n<=8,sr>70%,kvB<=1k,kp<=512,0.7533,4
1024,n<=8,sr>70%,kvB<=1k,kp<=8k,1.2156,4
1024,n<=8,sr>70%,kvB<=1k,kp=0,0.8135,4
1024,n<=8,sr>70%,kvB<=4k,kp<=1k,0.9287,4
1024,n<=8,sr>70%,kvB<=4k,kp<=2k,0.9429,4
1024,n<=8,sr>70%,kvB<=4k,kp<=4k,1.0828,4
1024,n<=8,sr>70%,kvB<=4k,kp<=512,0.913,4
1024,n<=8,sr>70%,kvB<=4k,kp<=8k,0.8583,3
1024,n<=8,sr>70%,kvB<=4k,kp=0,0.9352,4
2048,n<=16,sr<=15%,kvB<=16k,kp<=1k,0.1178,4
2048,n<=16,sr<=15%,kvB<=16k,kp<=2k,0.3218,4
2048,n<=16,sr<=15%,kvB<=16k,kp<=4k,0.3248,4
2048,n<=16,sr<=15%,kvB<=16k,kp<=512,0.3116,4
2048,n<=16,sr<=15%,kvB<=16k,kp<=8k,0.8154,4
2048,n<=16,sr<=15%,kvB<=16k,kp=0,0.4913,4
2048,n<=16,sr<=15%,kvB<=1k,kp<=1k,0.7645,4
2048,n<=16,sr<=15%,kvB<=1k,kp<=2k,1.4421,4
2048,n<=16,sr<=15%,kvB<=1k,kp<=4k,1.4198,3
2048,n<=16,sr<=15%,kvB<=1k,kp<=512,0.0392,4
2048,n<=16,sr<=15%,kvB<=1k,kp<=8k,0.1724,4
2048,n<=16,sr<=15%,kvB<=1k,kp=0,-0.9767,2
2048,n<=16,sr<=15%,kvB<=4k,kp<=1k,0.2926,4
2048,n<=16,sr<=15%,kvB<=4k,kp<=2k,0.3885,2
2048,n<=16,sr<=15%,kvB<=4k,kp<=4k,0.3582,4
2048,n<=16,sr<=15%,kvB<=4k,kp<=512,0.1491,4
2048,n<=16,sr<=15%,kvB<=4k,kp<=8k,0.3059,4
2048,n<=16,sr<=15%,kvB<=4k,kp=0,0.2707,4
2048,n<=16,sr<=40%,kvB<=16k,kp<=1k,0.2975,4
2048,n<=16,sr<=40%,kvB<=16k,kp<=2k,0.3963,4
2048,n<=16,sr<=40%,kvB<=16k,kp<=4k,0.3841,3
2048,n<=16,sr<=40%,kvB<=16k,kp<=512,0.5411,4
2048,n<=16,sr<=40%,kvB<=16k,kp<=8k,0.3687,3
2048,n<=16,sr<=40%,kvB<=16k,kp=0,0.3414,4
2048,n<=16,sr<=40%,kvB<=1k,kp<=1k,1.4245,3
2048,n<=16,sr<=40%,kvB<=1k,kp<=2k,1.3903,4
2048,n<=16,sr<=40%,kvB<=1k,kp<=4k,0.4232,4
2048,n<=16,sr<=40%,kvB<=1k,kp<=512,0.2716,4
2048,n<=16,sr<=40%,kvB<=1k,kp<=8k,0.4963,4
2048,n<=16,sr<=40%,kvB<=1k,kp=0,0.4395,2
2048,n<=16,sr<=40%,kvB<=4k,kp<=1k,0.149,3
2048,n<=16,sr<=40%,kvB<=4k,kp<=2k,0.3851,4
2048,n<=16,sr<=40%,kvB<=4k,kp<=4k,1.1307,4
2048,n<=16,sr<=40%,kvB<=4k,kp<=512,0.2431,4
2048,n<=16,sr<=40%,kvB<=4k,kp<=8k,0.9434,3
2048,n<=16,sr<=40%,kvB<=4k,kp=0,0.6263,4
2048,n<=16,sr<=70%,kvB<=16k,kp<=1k,0.6087,2
2048,n<=16,sr<=70%,kvB<=16k,kp<=2k,0.6094,2
2048,n<=16,sr<=70%,kvB<=16k,kp<=4k,1.0034,2
2048,n<=16,sr<=70%,kvB<=16k,kp<=512,0.6006,2
2048,n<=16,sr<=70%,kvB<=16k,kp<=8k,0.6264,2
2048,n<=16,sr<=70%,kvB<=16k,kp=0,0.6001,2
2048,n<=16,sr<=70%,kvB<=1k,kp<=1k,1.454,1
2048,n<=16,sr<=70%,kvB<=1k,kp<=2k,-3.8544,2
2048,n<=16,sr<=70%,kvB<=1k,kp<=4k,0.6505,2
2048,n<=16,sr<=70%,kvB<=1k,kp<=512,-2.2605,2
2048,n<=16,sr<=70%,kvB<=1k,kp<=8k,25.915,1
2048,n<=16,sr<=70%,kvB<=1k,kp=0,0.688,1
2048,n<=16,sr<=70%,kvB<=4k,kp<=1k,0.4571,2
2048,n<=16,sr<=70%,kvB<=4k,kp<=2k,0.5854,2
2048,n<=16,sr<=70%,kvB<=4k,kp<=4k,0.5792,1
2048,n<=16,sr<=70%,kvB<=4k,kp<=512,0.6068,2
2048,n<=16,sr<=70%,kvB<=4k,kp<=8k,-1.3461,2
2048,n<=16,sr<=70%,kvB<=4k,kp=0,0.3866,2
2048,n<=16,sr>70%,kvB<=16k,kp<=1k,0.2971,4
2048,n<=16,sr>70%,kvB<=16k,kp<=2k,0.2883,3
2048,n<=16,sr>70%,kvB<=16k,kp<=4k,0.2274,4
2048,n<=16,sr>70%,kvB<=16k,kp<=512,0.2633,4
2048,n<=16,sr>70%,kvB<=16k,kp<=8k,0.4617,4
2048,n<=16,sr>70%,kvB<=16k,kp=0,0.9277,3
2048,n<=16,sr>70%,kvB<=1k,kp<=1k,0.755,3
2048,n<=16,sr>70%,kvB<=1k,kp<=2k,0.8153,4
2048,n<=16,sr>70%,kvB<=1k,kp<=4k,0.1666,4
2048,n<=16,sr>70%,kvB<=1k,kp<=512,0.9955,4
2048,n<=16,sr>70%,kvB<=1k,kp<=8k,0.0222,2
2048,n<=16,sr>70%,kvB<=1k,kp=0,0.4714,2
2048,n<=16,sr>70%,kvB<=4k,kp<=1k,-0.8884,3
2048,n<=16,sr>70%,kvB<=4k,kp<=2k,0.2762,3
2048,n<=16,sr>70%,kvB<=4k,kp<=4k,0.383,4
2048,n<=16,sr>70%,kvB<=4k,kp<=512,0.8749,2
2048,n<=16,sr>70%,kvB<=4k,kp<=8k,0.181,4
2048,n<=16,sr>70%,kvB<=4k,kp=0,0.1091,3
2048,n<=2,sr<=70%,kvB<=16k,kp<=1k,-0.1234,2
2048,n<=2,sr<=70%,kvB<=16k,kp<=2k,1.0714,2
2048,n<=2,sr<=70%,kvB<=16k,kp<=4k,0.0286,2
2048,n<=2,sr<=70%,kvB<=16k,kp<=512,0.0029,2
2048,n<=2,sr<=70%,kvB<=16k,kp<=8k,-0.189,2
2048,n<=2,sr<=70%,kvB<=16k,kp=0,0.8017,2
2048,n<=2,sr<=70%,kvB<=1k,kp<=1k,0.0817,1
2048,n<=2,sr<=70%,kvB<=1k,kp<=2k,0.1718,1
2048,n<=2,sr<=70%,kvB<=1k,kp<=4k,0.7023,2
2048,n<=2,sr<=70%,kvB<=1k,kp<=512,0.0301,2
2048,n<=2,sr<=70%,kvB<=1k,kp<=8k,0.7116,2
2048,n<=2,sr<=70%,kvB<=1k,kp=0,-21.7662,2
2048,n<=2,sr<=70%,kvB<=4k,kp<=1k,-0.1198,2
2048,n<=2,sr<=70%,kvB<=4k,kp<=2k,0.0163,2
2048,n<=2,sr<=70%,kvB<=4k,kp<=4k,-0.1024,2
2048,n<=2,sr<=70%,kvB<=4k,kp<=512,-0.1878,1
2048,n<=2,sr<=70%,kvB<=4k,kp<=8k,0.0164,1
2048,n<=2,sr<=70%,kvB<=4k,kp=0,-0.1202,2
2048,n<=32,sr<=15%,kvB<=16k,kp<=1k,0.2465,6
2048,n<=32,sr<=15%,kvB<=16k,kp<=2k,0.278,6
2048,n<=32,sr<=15%,kvB<=16k,kp<=4k,0.2849,6
2048,n<=32,sr<=15%,kvB<=16k,kp<=512,0.2928,6
2048,n<=32,sr<=15%,kvB<=16k,kp<=8k,0.2788,6
2048,n<=32,sr<=15%,kvB<=16k,kp=0,0.2808,6
2048,n<=32,sr<=15%,kvB<=1k,kp<=1k,1.5036,6
2048,n<=32,sr<=15%,kvB<=1k,kp<=2k,0.3059,6
2048,n<=32,sr<=15%,kvB<=1k,kp<=4k,0.2681,6
2048,n<=32,sr<=15%,kvB<=1k,kp<=512,0.8077,6
2048,n<=32,sr<=15%,kvB<=1k,kp<=8k,0.2361,6
2048,n<=32,sr<=15%,kvB<=1k,kp=0,-0.1227,6
2048,n<=32,sr<=15%,kvB<=4k,kp<=1k,0.2513,4
2048,n<=32,sr<=15%,kvB<=4k,kp<=2k,0.2733,6
2048,n<=32,sr<=15%,kvB<=4k,kp<=4k,0.2569,6
2048,n<=32,sr<=15%,kvB<=4k,kp<=512,0.1828,6
2048,n<=32,sr<=15%,kvB<=4k,kp<=8k,0.2166,6
2048,n<=32,sr<=15%,kvB<=4k,kp=0,0.3447,6
2048,n<=32,sr<=40%,kvB<=16k,kp<=1k,0.1972,2
2048,n<=32,sr<=40%,kvB<=16k,kp<=2k,0.198,2
2048,n<=32,sr<=40%,kvB<=16k,kp<=4k,0.2141,2
2048,n<=32,sr<=40%,kvB<=16k,kp<=512,0.2229,2
2048,n<=32,sr<=40%,kvB<=16k,kp<=8k,0.204,2
2048,n<=32,sr<=40%,kvB<=16k,kp=0,0.2196,2
2048,n<=32,sr<=40%,kvB<=1k,kp<=1k,-0.2132,1
2048,n<=32,sr<=40%,kvB<=1k,kp<=2k,0.2417,2
2048,n<=32,sr<=40%,kvB<=1k,kp<=4k,0.1911,2
2048,n<=32,sr<=40%,kvB<=1k,kp<=512,-0.4529,2
2048,n<=32,sr<=40%,kvB<=1k,kp<=8k,0.4893,2
2048,n<=32,sr<=40%,kvB<=1k,kp=0,0.0522,2
2048,n<=32,sr<=40%,kvB<=4k,kp<=1k,0.1779,2
2048,n<=32,sr<=40%,kvB<=4k,kp<=2k,0.216,2
2048,n<=32,sr<=40%,kvB<=4k,kp<=4k,0.23,2
2048,n<=32,sr<=40%,kvB<=4k,kp<=512,0.0772,2
2048,n<=32,sr<=40%,kvB<=4k,kp<=8k,0.2312,2
2048,n<=32,sr<=40%,kvB<=4k,kp=0,0.2191,2
2048,n<=32,sr<=5%,kvB<=16k,kp<=1k,0.2465,2
2048,n<=32,sr<=5%,kvB<=16k,kp<=2k,0.2797,2
2048,n<=32,sr<=5%,kvB<=16k,kp<=4k,0.2276,2
2048,n<=32,sr<=5%,kvB<=16k,kp<=512,0.261,2
2048,n<=32,sr<=5%,kvB<=16k,kp<=8k,0.2574,2
2048,n<=32,sr<=5%,kvB<=16k,kp=0,0.2378,2
2048,n<=32,sr<=5%,kvB<=1k,kp<=1k,-1.3869,2
2048,n<=32,sr<=5%,kvB<=1k,kp<=2k,0.4956,2
2048,n<=32,sr<=5%,kvB<=1k,kp<=4k,0.2964,2
2048,n<=32,sr<=5%,kvB<=1k,kp<=512,-0.3141,2
2048,n<=32,sr<=5%,kvB<=1k,kp<=8k,0.3289,2
2048,n<=32,sr<=5%,kvB<=1k,kp=0,-0.0956,2
2048,n<=32,sr<=5%,kvB<=4k,kp<=1k,0.2246,2
2048,n<=32,sr<=5%,kvB<=4k,kp<=2k,0.2507,2
2048,n<=32,sr<=5%,kvB<=4k,kp<=4k,0.2465,2
2048,n<=32,sr<=5%,kvB<=4k,kp<=512,0.1963,2
2048,n<=32,sr<=5%,kvB<=4k,kp<=8k,0.2118,2
2048,n<=32,sr<=5%,kvB<=4k,kp=0,0.4652,2
2048,n<=32,sr<=70%,kvB<=16k,kp<=1k,0.4612,2
2048,n<=32,sr<=70%,kvB<=16k,kp<=2k,0.4772,2
2048,n<=32,sr<=70%,kvB<=16k,kp<=4k,1.0949,2
2048,n<=32,sr<=70%,kvB<=16k,kp<=512,0.4204,2
2048,n<=32,sr<=70%,kvB<=16k,kp<=8k,0.4164,2
2048,n<=32,sr<=70%,kvB<=16k,kp=0,0.4369,2
2048,n<=32,sr<=70%,kvB<=1k,kp<=1k,1.8713,2
2048,n<=32,sr<=70%,kvB<=1k,kp<=2k,4.4681,2
2048,n<=32,sr<=70%,kvB<=1k,kp<=4k,0.4321,2
2048,n<=32,sr<=70%,kvB<=1k,kp<=512,2.0444,1
2048,n<=32,sr<=70%,kvB<=1k,kp<=8k,0.9848,2
2048,n<=32,sr<=70%,kvB<=1k,kp=0,0.354,2
2048,n<=32,sr<=70%,kvB<=4k,kp<=1k,0.4219,2
2048,n<=32,sr<=70%,kvB<=4k,kp<=2k,0.4125,2
2048,n<=32,sr<=70%,kvB<=4k,kp<=4k,0.3955,2
2048,n<=32,sr<=70%,kvB<=4k,kp<=512,0.2812,2
2048,n<=32,sr<=70%,kvB<=4k,kp<=8k,0.4636,2
2048,n<=32,sr<=70%,kvB<=4k,kp=0,1.5357,2
2048,n<=32,sr>70%,kvB<=16k,kp<=1k,0.6349,4
2048,n<=32,sr>70%,kvB<=16k,kp<=2k,0.6041,4
2048,n<=32,sr>70%,kvB<=16k,kp<=4k,0.6342,4
2048,n<=32,sr>70%,kvB<=16k,kp<=512,0.7013,4
2048,n<=32,sr>70%,kvB<=16k,kp<=8k,0.6467,4
2048,n<=32,sr>70%,kvB<=16k,kp=0,0.6356,4
2048,n<=32,sr>70%,kvB<=1k,kp<=1k,-0.1939,3
2048,n<=32,sr>70%,kvB<=1k,kp<=2k,0.5386,4
2048,n<=32,sr>70%,kvB<=1k,kp<=4k,0.3661,4
2048,n<=32,sr>70%,kvB<=1k,kp<=512,-0.17,3
2048,n<=32,sr>70%,kvB<=1k,kp<=8k,-0.0743,3
2048,n<=32,sr>70%,kvB<=1k,kp=0,2.3335,3
2048,n<=32,sr>70%,kvB<=4k,kp<=1k,1.8819,3
2048,n<=32,sr>70%,kvB<=4k,kp<=2k,0.5962,4
2048,n<=32,sr>70%,kvB<=4k,kp<=4k,0.5882,4
2048,n<=32,sr>70%,kvB<=4k,kp<=512,0.5692,4
2048,n<=32,sr>70%,kvB<=4k,kp<=8k,0.4283,3
2048,n<=32,sr>70%,kvB<=4k,kp=0,0.5109,4
2048,n<=4,sr<=40%,kvB<=16k,kp<=1k,0.3457,2
2048,n<=4,sr<=40%,kvB<=16k,kp<=2k,0.0462,2
2048,n<=4,sr<=40%,kvB<=16k,kp<=4k,0.0382,2
2048,n<=4,sr<=40%,kvB<=16k,kp<=512,-0.0363,2
2048,n<=4,sr<=40%,kvB<=16k,kp<=8k,0.1148,2
2048,n<=4,sr<=40%,kvB<=16k,kp=0,0.1539,2
2048,n<=4,sr<=40%,kvB<=1k,kp<=1k,0.8665,2
2048,n<=4,sr<=40%,kvB<=1k,kp<=2k,0.1803,1
2048,n<=4,sr<=40%,kvB<=1k,kp<=4k,0.0478,2
2048,n<=4,sr<=40%,kvB<=1k,kp<=512,9.826,1
2048,n<=4,sr<=40%,kvB<=1k,kp<=8k,-0.3533,2
2048,n<=4,sr<=40%,kvB<=1k,kp=0,-6.1987,2
2048,n<=4,sr<=40%,kvB<=4k,kp<=1k,-3.1894,2
2048,n<=4,sr<=40%,kvB<=4k,kp<=2k,2.9176,2
2048,n<=4,sr<=40%,kvB<=4k,kp<=4k,0.0647,2
2048,n<=4,sr<=40%,kvB<=4k,kp<=512,1.7117,2
2048,n<=4,sr<=40%,kvB<=4k,kp<=8k,0.0701,2
2048,n<=4,sr<=40%,kvB<=4k,kp=0,-0.0341,2
2048,n<=4,sr<=70%,kvB<=16k,kp<=1k,0.0223,1
2048,n<=4,sr<=70%,kvB<=16k,kp<=2k,-0.4183,2
2048,n<=4,sr<=70%,kvB<=16k,kp<=4k,0.1019,2
2048,n<=4,sr<=70%,kvB<=16k,kp<=512,-0.0602,2
2048,n<=4,sr<=70%,kvB<=16k,kp<=8k,-0.1061,2
2048,n<=4,sr<=70%,kvB<=16k,kp=0,-0.4493,2
2048,n<=4,sr<=70%,kvB<=1k,kp<=1k,0.7226,2
2048,n<=4,sr<=70%,kvB<=1k,kp<=2k,0.0163,1
2048,n<=4,sr<=70%,kvB<=1k,kp<=4k,-0.0439,2
2048,n<=4,sr<=70%,kvB<=1k,kp<=512,-0.0653,2
2048,n<=4,sr<=70%,kvB<=1k,kp<=8k,0.4849,2
2048,n<=4,sr<=70%,kvB<=1k,kp=0,-12.2575,2
2048,n<=4,sr<=70%,kvB<=4k,kp<=1k,0.0655,1
2048,n<=4,sr<=70%,kvB<=4k,kp<=2k,0.0003,2
2048,n<=4,sr<=70%,kvB<=4k,kp<=4k,-0.0051,2
2048,n<=4,sr<=70%,kvB<=4k,kp<=512,2.7963,2
2048,n<=4,sr<=70%,kvB<=4k,kp<=8k,0.5398,2
2048,n<=4,sr<=70%,kvB<=4k,kp=0,0.653,1
2048,n<=4,sr>70%,kvB<=16k,kp<=1k,-0.4202,2
2048,n<=4,sr>70%,kvB<=16k,kp<=2k,-1.4142,2
2048,n<=4,sr>70%,kvB<=16k,kp<=4k,0.1147,2
2048,n<=4,sr>70%,kvB<=16k,kp<=512,-0.4606,2
2048,n<=4,sr>70%,kvB<=16k,kp<=8k,-1.016,1
2048,n<=4,sr>70%,kvB<=16k,kp=0,-0.1151,2
2048,n<=4,sr>70%,kvB<=1k,kp<=1k,-0.0383,2
2048,n<=4,sr>70%,kvB<=1k,kp<=2k,0.5785,1
2048,n<=4,sr>70%,kvB<=1k,kp<=4k,1.8005,2
2048,n<=4,sr>70%,kvB<=1k,kp<=512,0.89,1
2048,n<=4,sr>70%,kvB<=1k,kp<=8k,0.8525,2
2048,n<=4,sr>70%,kvB<=1k,kp=0,0.0267,1
2048,n<=4,sr>70%,kvB<=4k,kp<=1k,8.9806,1
2048,n<=4,sr>70%,kvB<=4k,kp<=2k,-0.1931,1
2048,n<=4,sr>70%,kvB<=4k,kp<=4k,-0.5415,2
2048,n<=4,sr>70%,kvB<=4k,kp<=512,-0.103,1
2048,n<=4,sr>70%,kvB<=4k,kp<=8k,0.4496,1
2048,n<=4,sr>70%,kvB<=4k,kp=0,-0.5737,2
2048,n<=64,sr<=15%,kvB<=16k,kp<=1k,0.049,4
2048,n<=64,sr<=15%,kvB<=16k,kp<=2k,0.1133,4
2048,n<=64,sr<=15%,kvB<=16k,kp<=4k,0.0527,4
2048,n<=64,sr<=15%,kvB<=16k,kp<=512,0.104,4
2048,n<=64,sr<=15%,kvB<=16k,kp<=8k,0.0871,4
2048,n<=64,sr<=15%,kvB<=16k,kp=0,0.0832,4
2048,n<=64,sr<=15%,kvB<=1k,kp<=1k,-0.2607,4
2048,n<=64,sr<=15%,kvB<=1k,kp<=2k,-0.7502,4
2048,n<=64,sr<=15%,kvB<=1k,kp<=4k,0.0223,4
2048,n<=64,sr<=15%,kvB<=1k,kp<=512,-0.3482,4
2048,n<=64,sr<=15%,kvB<=1k,kp<=8k,0.117,3
2048,n<=64,sr<=15%,kvB<=1k,kp=0,0.6548,4
2048,n<=64,sr<=15%,kvB<=4k,kp<=1k,0.083,4
2048,n<=64,sr<=15%,kvB<=4k,kp<=2k,0.0328,4
2048,n<=64,sr<=15%,kvB<=4k,kp<=4k,-0.0643,4
2048,n<=64,sr<=15%,kvB<=4k,kp<=512,0.2183,4
2048,n<=64,sr<=15%,kvB<=4k,kp<=8k,0.0992,3
2048,n<=64,sr<=15%,kvB<=4k,kp=0,0.1408,4
2048,n<=64,sr<=40%,kvB<=16k,kp<=1k,0.0738,2
2048,n<=64,sr<=40%,kvB<=16k,kp<=2k,0.1167,2
2048,n<=64,sr<=40%,kvB<=16k,kp<=4k,0.1257,2
2048,n<=64,sr<=40%,kvB<=16k,kp<=512,0.1592,2
2048,n<=64,sr<=40%,kvB<=16k,kp<=8k,0.1179,2
2048,n<=64,sr<=40%,kvB<=16k,kp=0,0.0959,2
2048,n<=64,sr<=40%,kvB<=1k,kp<=1k,0.1143,1
2048,n<=64,sr<=40%,kvB<=1k,kp<=2k,5.0259,2
2048,n<=64,sr<=40%,kvB<=1k,kp<=4k,0.5599,2
2048,n<=64,sr<=40%,kvB<=1k,kp<=512,1.531,1
2048,n<=64,sr<=40%,kvB<=1k,kp<=8k,-0.1437,2
2048,n<=64,sr<=40%,kvB<=1k,kp=0,1.0539,1
2048,n<=64,sr<=40%,kvB<=4k,kp<=1k,0.5305,2
2048,n<=64,sr<=40%,kvB<=4k,kp<=2k,0.4093,2
2048,n<=64,sr<=40%,kvB<=4k,kp<=4k,0.0598,2
2048,n<=64,sr<=40%,kvB<=4k,kp<=512,0.123,2
2048,n<=64,sr<=40%,kvB<=4k,kp<=8k,1.317,2
2048,n<=64,sr<=40%,kvB<=4k,kp=0,0.1051,2
2048,n<=64,sr<=5%,kvB<=16k,kp<=1k,0.1257,6
2048,n<=64,sr<=5%,kvB<=16k,kp<=2k,0.1914,6
2048,n<=64,sr<=5%,kvB<=16k,kp<=4k,0.1696,6
2048,n<=64,sr<=5%,kvB<=16k,kp<=512,0.0609,6
2048,n<=64,sr<=5%,kvB<=16k,kp<=8k,0.0904,6
2048,n<=64,sr<=5%,kvB<=16k,kp=0,0.1861,6
2048,n<=64,sr<=5%,kvB<=1k,kp<=1k,0.2566,5
2048,n<=64,sr<=5%,kvB<=1k,kp<=2k,0.2318,6
2048,n<=64,sr<=5%,kvB<=1k,kp<=4k,0.7657,6
2048,n<=64,sr<=5%,kvB<=1k,kp<=512,0.1663,6
2048,n<=64,sr<=5%,kvB<=1k,kp<=8k,3.5231,5
2048,n<=64,sr<=5%,kvB<=1k,kp=0,0.2939,6
2048,n<=64,sr<=5%,kvB<=4k,kp<=1k,0.2283,5
2048,n<=64,sr<=5%,kvB<=4k,kp<=2k,0.0998,6
2048,n<=64,sr<=5%,kvB<=4k,kp<=4k,0.2608,5
2048,n<=64,sr<=5%,kvB<=4k,kp<=512,0.3599,6
2048,n<=64,sr<=5%,kvB<=4k,kp<=8k,0.0307,3
2048,n<=64,sr<=5%,kvB<=4k,kp=0,0.0866,6
2048,n<=64,sr<=70%,kvB<=16k,kp<=1k,-0.2916,2
2048,n<=64,sr<=70%,kvB<=16k,kp<=2k,-1.2397,2
2048,n<=64,sr<=70%,kvB<=16k,kp<=4k,0.1156,2
2048,n<=64,sr<=70%,kvB<=16k,kp<=512,0.2961,2
2048,n<=64,sr<=70%,kvB<=16k,kp<=8k,0.1005,2
2048,n<=64,sr<=70%,kvB<=16k,kp=0,0.11,2
2048,n<=64,sr<=70%,kvB<=1k,kp<=1k,0.1139,1
2048,n<=64,sr<=70%,kvB<=1k,kp<=2k,0.4022,2
2048,n<=64,sr<=70%,kvB<=1k,kp<=4k,3.2617,2
2048,n<=64,sr<=70%,kvB<=1k,kp<=512,-0.8419,2
2048,n<=64,sr<=70%,kvB<=1k,kp<=8k,7.8346,2
2048,n<=64,sr<=70%,kvB<=1k,kp=0,-0.9259,2
2048,n<=64,sr<=70%,kvB<=4k,kp<=1k,0.19,2
2048,n<=64,sr<=70%,kvB<=4k,kp<=2k,0.0817,2
2048,n<=64,sr<=70%,kvB<=4k,kp<=4k,0.7521,2
2048,n<=64,sr<=70%,kvB<=4k,kp<=512,0.131,2
2048,n<=64,sr<=70%,kvB<=4k,kp<=8k,0.0921,1
2048,n<=64,sr<=70%,kvB<=4k,kp=0,0.656,2
2048,n<=64,sr>70%,kvB<=16k,kp<=1k,0.1725,4
2048,n<=64,sr>70%,kvB<=16k,kp<=2k,0.2199,3
2048,n<=64,sr>70%,kvB<=16k,kp<=4k,0.2245,3
2048,n<=64,sr>70%,kvB<=16k,kp<=512,-0.1175,3
2048,n<=64,sr>70%,kvB<=16k,kp<=8k,0.1841,4
2048,n<=64,sr>70%,kvB<=16k,kp=0,0.4716,4
2048,n<=64,sr>70%,kvB<=1k,kp<=1k,1.4123,4
2048,n<=64,sr>70%,kvB<=1k,kp<=2k,2.3925,4
2048,n<=64,sr>70%,kvB<=1k,kp<=4k,8.1007,3
2048,n<=64,sr>70%,kvB<=1k,kp<=512,2.2493,2
2048,n<=64,sr>70%,kvB<=1k,kp<=8k,4.7167,3
2048,n<=64,sr>70%,kvB<=1k,kp=0,1.0919,2
2048,n<=64,sr>70%,kvB<=4k,kp<=1k,0.9886,4
2048,n<=64,sr>70%,kvB<=4k,kp<=2k,0.696,3
2048,n<=64,sr>70%,kvB<=4k,kp<=4k,2.008,3
2048,n<=64,sr>70%,kvB<=4k,kp<=512,-0.0172,4
2048,n<=64,sr>70%,kvB<=4k,kp<=8k,0.1265,4
2048,n<=64,sr>70%,kvB<=4k,kp=0,1.0963,2
2048,n<=8,sr<=15%,kvB<=16k,kp<=1k,-0.0488,2
2048,n<=8,sr<=15%,kvB<=16k,kp<=2k,0.0922,2
2048,n<=8,sr<=15%,kvB<=16k,kp<=4k,0.0898,2
2048,n<=8,sr<=15%,kvB<=16k,kp<=512,0.2727,2
2048,n<=8,sr<=15%,kvB<=16k,kp<=8k,0.1452,2
2048,n<=8,sr<=15%,kvB<=16k,kp=0,0.0795,2
2048,n<=8,sr<=15%,kvB<=1k,kp<=1k,0.073,1
2048,n<=8,sr<=15%,kvB<=1k,kp<=2k,0.6688,2
2048,n<=8,sr<=15%,kvB<=1k,kp<=4k,0.281,2
2048,n<=8,sr<=15%,kvB<=1k,kp<=512,0.1143,2
2048,n<=8,sr<=15%,kvB<=1k,kp<=8k,-0.018,1
2048,n<=8,sr<=15%,kvB<=1k,kp=0,-0.6792,1
2048,n<=8,sr<=15%,kvB<=4k,kp<=1k,0.1109,1
2048,n<=8,sr<=15%,kvB<=4k,kp<=2k,-0.0186,2
2048,n<=8,sr<=15%,kvB<=4k,kp<=4k,0.0752,2
2048,n<=8,sr<=15%,kvB<=4k,kp<=512,0.0629,2
2048,n<=8,sr<=15%,kvB<=4k,kp<=8k,0.1914,2
2048,n<=8,sr<=15%,kvB<=4k,kp=0,-0.4899,2
2048,n<=8,sr<=40%,kvB<=16k,kp<=1k,-0.028,3
2048,n<=8,sr<=40%,kvB<=16k,kp<=2k,-0.0006,4
2048,n<=8,sr<=40%,kvB<=16k,kp<=4k,0.0196,4
2048,n<=8,sr<=40%,kvB<=16k,kp<=512,0.1479,4
2048,n<=8,sr<=40%,kvB<=16k,kp<=8k,-0.0004,4
2048,n<=8,sr<=40%,kvB<=16k,kp=0,0.0585,4
2048,n<=8,sr<=40%,kvB<=1k,kp<=1k,2.1686,3
2048,n<=8,sr<=40%,kvB<=1k,kp<=2k,-0.6308,3
2048,n<=8,sr<=40%,kvB<=1k,kp<=4k,0.0037,4
2048,n<=8,sr<=40%,kvB<=1k,kp<=512,-0.006,2
2048,n<=8,sr<=40%,kvB<=1k,kp<=8k,-0.026,4
2048,n<=8,sr<=40%,kvB<=1k,kp=0,-0.0298,2
2048,n<=8,sr<=40%,kvB<=4k,kp<=1k,-0.0192,4
2048,n<=8,sr<=40%,kvB<=4k,kp<=2k,1.2178,3
2048,n<=8,sr<=40%,kvB<=4k,kp<=4k,0.1306,4
2048,n<=8,sr<=40%,kvB<=4k,kp<=512,1.5391,4
2048,n<=8,sr<=40%,kvB<=4k,kp<=8k,-0.0501,4
2048,n<=8,sr<=40%,kvB<=4k,kp=0,0.2848,4
2048,n<=8,sr<=70%,kvB<=16k,kp<=1k,0.0085,2
2048,n<=8,sr<=70%,kvB<=16k,kp<=2k,0.0529,2
2048,n<=8,sr<=70%,kvB<=16k,kp<=4k,0.0266,2
2048,n<=8,sr<=70%,kvB<=16k,kp<=512,-0.0432,2
2048,n<=8,sr<=70%,kvB<=16k,kp<=8k,0.0184,2
2048,n<=8,sr<=70%,kvB<=16k,kp=0,-0.003,2
2048,n<=8,sr<=70%,kvB<=1k,kp<=1k,1.6688,2
2048,n<=8,sr<=70%,kvB<=1k,kp<=2k,-0.3389,2
2048,n<=8,sr<=70%,kvB<=1k,kp<=4k,-0.2972,2
2048,n<=8,sr<=70%,kvB<=1k,kp<=512,0.0593,1
2048,n<=8,sr<=70%,kvB<=1k,kp=0,-2.9317,1
2048,n<=8,sr<=70%,kvB<=4k,kp<=1k,-0.1482,2
2048,n<=8,sr<=70%,kvB<=4k,kp<=2k,-0.0109,1
2048,n<=8,sr<=70%,kvB<=4k,kp<=4k,0.0257,2
2048,n<=8,sr<=70%,kvB<=4k,kp<=512,0.0716,1
2048,n<=8,sr<=70%,kvB<=4k,kp<=8k,-0.0042,2
2048,n<=8,sr<=70%,kvB<=4k,kp=0,0.0281,2
2048,n<=8,sr>70%,kvB<=16k,kp<=1k,0.0565,3
2048,n<=8,sr>70%,kvB<=16k,kp<=2k,0.2415,4
2048,n<=8,sr>70%,kvB<=16k,kp<=4k,0.2348,4
2048,n<=8,sr>70%,kvB<=16k,kp<=512,0.2024,4
2048,n<=8,sr>70%,kvB<=16k,kp<=8k,0.0119,4
2048,n<=8,sr>70%,kvB<=16k,kp=0,0.1346,4
2048,n<=8,sr>70%,kvB<=1k,kp<=1k,-0.6308,4
2048,n<=8,sr>70%,kvB<=1k,kp<=2k,0.0395,4
2048,n<=8,sr>70%,kvB<=1k,kp<=4k,0.5325,4
2048,n<=8,sr>70%,kvB<=1k,kp<=512,0.2683,2
2048,n<=8,sr>70%,kvB<=1k,kp<=8k,-1.4706,2
2048,n<=8,sr>70%,kvB<=1k,kp=0,0.4611,1
2048,n<=8,sr>70%,kvB<=4k,kp<=1k,0.2333,2
2048,n<=8,sr>70%,kvB<=4k,kp<=2k,-3.5422,4
2048,n<=8,sr>70%,kvB<=4k,kp<=4k,0.1321,4
2048,n<=8,sr>70%,kvB<=4k,kp<=512,0.3994,4
2048,n<=8,sr>70%,kvB<=4k,kp<=8k,0.6611,4
2048,n<=8,sr>70%,kvB<=4k,kp=0,-0.5965,3
