regime,n,nb,ratio,skew,pc,kp,kvs,kv_big,kv_mean,t_mean_us,t_max_us,t_skew_us,alpha
pure,2,1,0.5,4.0,0,0,128,512,320,53.248,65.663,52.864,-0.0309
pure,2,1,0.5,4.0,0,0,256,1024,640,93.183,113.374,94.078,0.0443
pure,2,1,0.5,4.0,0,0,512,2048,1280,127.711,166.975,116.797,-0.278
pure,2,1,0.5,4.0,0,0,1024,4096,2560,193.82,276.988,183.872,-0.1196
pure,2,1,0.5,4.0,0,0,2048,8192,5120,323.102,478.748,315.935,-0.046
pure,2,1,0.5,4.0,0,0,4096,16384,10240,575.835,886.872,574.138,-0.0055
mixed,2,1,0.5,4.0,16,0,128,512,320,92.288,111.969,91.645,-0.0327
mixed,2,1,0.5,4.0,16,0,256,1024,640,113.408,136.992,114.752,0.057
mixed,2,1,0.5,4.0,16,0,512,2048,1280,147.872,191.614,138.399,-0.2166
mixed,2,1,0.5,4.0,16,0,1024,4096,2560,216.48,298.813,205.598,-0.1322
mixed,2,1,0.5,4.0,16,0,2048,8192,5120,343.263,496.893,336.73,-0.0425
mixed,2,1,0.5,4.0,16,0,4096,16384,10240,599.357,901.976,596.413,-0.0097
mixed,2,1,0.5,4.0,16,512,128,512,320,141.469,160.094,141.343,-0.0068
mixed,2,1,0.5,4.0,16,512,256,1024,640,161.761,184.863,163.328,0.0678
mixed,2,1,0.5,4.0,16,512,512,2048,1280,200.092,240.16,194.111,-0.1493
mixed,2,1,0.5,4.0,16,512,1024,4096,2560,268.635,348.48,257.661,-0.1374
mixed,2,1,0.5,4.0,16,512,2048,8192,5120,399.548,554.779,390.877,-0.0559
mixed,2,1,0.5,4.0,16,512,4096,16384,10240,655.164,956.856,644.09,-0.0367
mixed,2,1,0.5,4.0,16,1024,128,512,320,165.246,186.687,164.766,-0.0224
mixed,2,1,0.5,4.0,16,1024,256,1024,640,188.542,207.841,188.064,-0.0248
mixed,2,1,0.5,4.0,16,1024,512,2048,1280,226.974,267.967,215.776,-0.2732
mixed,2,1,0.5,4.0,16,1024,1024,4096,2560,291.134,368.702,283.615,-0.0969
mixed,2,1,0.5,4.0,16,1024,2048,8192,5120,422.75,574.649,415.166,-0.0499
mixed,2,1,0.5,4.0,16,1024,4096,16384,10240,680.348,981.976,671.837,-0.0282
mixed,2,1,0.5,4.0,16,2048,128,512,320,182.428,203.517,181.788,-0.0303
mixed,2,1,0.5,4.0,16,2048,256,1024,640,206.846,226.495,207.135,0.0147
mixed,2,1,0.5,4.0,16,2048,512,2048,1280,242.751,286.143,235.422,-0.1689
mixed,2,1,0.5,4.0,16,2048,1024,4096,2560,313.181,387.391,307.776,-0.0728
mixed,2,1,0.5,4.0,16,2048,2048,8192,5120,444.89,594.49,433.626,-0.0753
mixed,2,1,0.5,4.0,16,2048,4096,16384,10240,698.942,998.774,691.772,-0.0239
mixed,2,1,0.5,4.0,16,4096,128,512,320,237.342,257.632,236.671,-0.0331
mixed,2,1,0.5,4.0,16,4096,256,1024,640,258.238,283.166,261.728,0.14
mixed,2,1,0.5,4.0,16,4096,512,2048,1280,298.655,339.902,288.639,-0.2428
mixed,2,1,0.5,4.0,16,4096,1024,4096,2560,367.773,445.467,357.306,-0.1347
mixed,2,1,0.5,4.0,16,4096,2048,8192,5120,495.452,649.179,487.739,-0.0502
mixed,2,1,0.5,4.0,16,4096,4096,16384,10240,751.001,1050.583,741.755,-0.0309
mixed,2,1,0.5,4.0,16,8192,128,512,320,340.604,361.148,341.534,0.0453
mixed,2,1,0.5,4.0,16,8192,256,1024,640,363.677,388.828,364.669,0.0394
mixed,2,1,0.5,4.0,16,8192,512,2048,1280,405.084,464.54,395.293,-0.1647
mixed,2,1,0.5,4.0,16,8192,1024,4096,2560,471.262,549.371,461.918,-0.1196
mixed,2,1,0.5,4.0,16,8192,2048,8192,5120,597.786,750.745,593.211,-0.0299
mixed,2,1,0.5,4.0,16,8192,4096,16384,10240,851.097,1149.364,846.905,-0.0141
mixed,2,1,0.5,4.0,32,0,128,512,320,128.479,150.494,127.774,-0.032
mixed,2,1,0.5,4.0,32,0,256,1024,640,150.302,173.149,152.064,0.0771
mixed,2,1,0.5,4.0,32,0,512,2048,1280,186.622,229.053,177.28,-0.2202
mixed,2,1,0.5,4.0,32,0,1024,4096,2560,256.254,336.958,243.358,-0.1598
mixed,2,1,0.5,4.0,32,0,2048,8192,5120,382.845,538.202,374.942,-0.0509
mixed,2,1,0.5,4.0,32,0,4096,16384,10240,632.923,943.225,630.365,-0.0082
mixed,2,1,0.5,4.0,32,512,128,512,320,185.439,201.792,184.512,-0.0567
mixed,2,1,0.5,4.0,32,512,256,1024,640,205.534,229.025,207.389,0.079
mixed,2,1,0.5,4.0,32,512,512,2048,1280,246.048,287.262,239.422,-0.1608
mixed,2,1,0.5,4.0,32,512,1024,4096,2560,317.534,395.099,307.229,-0.1329
mixed,2,1,0.5,4.0,32,512,2048,8192,5120,444.509,599.005,434.269,-0.0663
mixed,2,1,0.5,4.0,32,512,4096,16384,10240,701.148,1001.784,691.867,-0.0309
mixed,2,1,0.5,4.0,32,1024,128,512,320,248.126,266.749,248.287,0.0086
mixed,2,1,0.5,4.0,32,1024,256,1024,640,271.39,293.217,269.854,-0.0704
mixed,2,1,0.5,4.0,32,1024,512,2048,1280,309.788,352.221,303.357,-0.1516
mixed,2,1,0.5,4.0,32,1024,1024,4096,2560,379.615,459.741,370.781,-0.1103
mixed,2,1,0.5,4.0,32,1024,2048,8192,5120,507.578,661.209,498.433,-0.0595
mixed,2,1,0.5,4.0,32,1024,4096,16384,10240,762.842,1062.52,752.985,-0.0329
mixed,2,1,0.5,4.0,32,2048,128,512,320,287.454,306.558,286.491,-0.0504
mixed,2,1,0.5,4.0,32,2048,256,1024,640,307.839,332.799,309.118,0.0512
mixed,2,1,0.5,4.0,32,2048,512,2048,1280,349.756,389.756,341.248,-0.2127
mixed,2,1,0.5,4.0,32,2048,1024,4096,2560,416.382,490.397,407.486,-0.1202
mixed,2,1,0.5,4.0,32,2048,2048,8192,5120,543.26,695.356,535.357,-0.052
mixed,2,1,0.5,4.0,32,2048,4096,16384,10240,797.722,1095.991,792.541,-0.0174
mixed,2,1,0.5,4.0,32,4096,128,512,320,401.024,416.765,400.414,-0.0388
mixed,2,1,0.5,4.0,32,4096,256,1024,640,420.125,444.062,419.709,-0.0174
mixed,2,1,0.5,4.0,32,4096,512,2048,1280,458.014,502.556,449.661,-0.1875
mixed,2,1,0.5,4.0,32,4096,1024,4096,2560,526.492,605.404,517.022,-0.12
mixed,2,1,0.5,4.0,32,4096,2048,8192,5120,649.692,809.498,649.241,-0.0028
mixed,2,1,0.5,4.0,32,4096,4096,16384,10240,904.7,1205.205,898.523,-0.0206
mixed,2,1,0.5,4.0,32,8192,128,512,320,601.756,615.899,602.333,0.0408
mixed,2,1,0.5,4.0,32,8192,256,1024,640,622.333,647.484,621.147,-0.0472
mixed,2,1,0.5,4.0,32,8192,512,2048,1280,664.413,700.702,654.973,-0.2601
mixed,2,1,0.5,4.0,32,8192,1024,4096,2560,727.674,805.339,720.891,-0.0873
mixed,2,1,0.5,4.0,32,8192,2048,8192,5120,856.509,1005.912,847.419,-0.0608
mixed,2,1,0.5,4.0,32,8192,4096,16384,10240,1107.959,1411.733,1099.384,-0.0282
mixed,2,1,0.5,4.0,64,0,128,512,320,128.48,149.375,128.319,-0.0077
mixed,2,1,0.5,4.0,64,0,256,1024,640,151.712,174.206,152.253,0.0241
mixed,2,1,0.5,4.0,64,0,512,2048,1280,189.982,230.972,181.406,-0.2092
mixed,2,1,0.5,4.0,64,0,1024,4096,2560,258.014,340.029,247.711,-0.1256
mixed,2,1,0.5,4.0,64,0,2048,8192,5120,386.012,539.676,378.654,-0.0479
mixed,2,1,0.5,4.0,64,0,4096,16384,10240,636.924,946.361,634.14,-0.009
mixed,2,1,0.5,4.0,64,512,128,512,320,263.42,282.913,262.814,-0.0311
mixed,2,1,0.5,4.0,64,512,256,1024,640,285.055,309.502,287.358,0.0942
mixed,2,1,0.5,4.0,64,512,512,2048,1280,324.99,366.171,318.528,-0.1569
mixed,2,1,0.5,4.0,64,512,1024,4096,2560,396.187,473.501,384.574,-0.1502
mixed,2,1,0.5,4.0,64,512,2048,8192,5120,523.577,679.033,514.077,-0.0611
mixed,2,1,0.5,4.0,64,512,4096,16384,10240,775.002,1075.511,771.705,-0.011
mixed,2,1,0.5,4.0,64,1024,128,512,320,347.357,362.78,347.037,-0.0207
mixed,2,1,0.5,4.0,64,1024,256,1024,640,365.981,390.558,367.646,0.0677
mixed,2,1,0.5,4.0,64,1024,512,2048,1280,408.476,448.703,398.75,-0.2418
mixed,2,1,0.5,4.0,64,1024,1024,4096,2560,474.972,548.765,464.891,-0.1366
mixed,2,1,0.5,4.0,64,1024,2048,8192,5120,600.024,752.731,593.98,-0.0396
mixed,2,1,0.5,4.0,64,1024,4096,16384,10240,856.505,1158.679,849.022,-0.0248
mixed,2,1,0.5,4.0,64,2048,128,512,320,450.299,469.245,450.175,-0.0065
mixed,2,1,0.5,4.0,64,2048,256,1024,640,470.878,495.068,469.597,-0.053
mixed,2,1,0.5,4.0,64,2048,512,2048,1280,512.605,548.349,501.565,-0.3089
mixed,2,1,0.5,4.0,64,2048,1024,4096,2560,576.026,652.604,565.918,-0.132
mixed,2,1,0.5,4.0,64,2048,2048,8192,5120,700.122,854.779,696.027,-0.0265
mixed,2,1,0.5,4.0,64,2048,4096,16384,10240,955.609,1254.456,944.345,-0.0377
mixed,2,1,0.5,4.0,64,4096,128,512,320,653.18,668.572,652.473,-0.0459
mixed,2,1,0.5,4.0,64,4096,256,1024,640,672.027,696.026,672.571,0.0227
mixed,2,1,0.5,4.0,64,4096,512,2048,1280,711.9,751.353,703.259,-0.219
mixed,2,1,0.5,4.0,64,4096,1024,4096,2560,778.074,855.292,770.394,-0.0995
mixed,2,1,0.5,4.0,64,4096,2048,8192,5120,903.675,1057.017,895.003,-0.0566
mixed,2,1,0.5,4.0,64,4096,4096,16384,10240,1157.178,1457.302,1153.175,-0.0133
mixed,2,1,0.5,4.0,64,8192,128,512,320,1048.345,1065.816,1048.535,0.0109
mixed,2,1,0.5,4.0,64,8192,256,1024,640,1069.051,1092.633,1068.888,-0.0069
mixed,2,1,0.5,4.0,64,8192,512,2048,1280,1110.648,1149.557,1099.352,-0.2903
mixed,2,1,0.5,4.0,64,8192,1024,4096,2560,1177.689,1254.198,1164.855,-0.1677
mixed,2,1,0.5,4.0,64,8192,2048,8192,5120,1298.328,1454.932,1292.055,-0.0401
mixed,2,1,0.5,4.0,64,8192,4096,16384,10240,1554.804,1849.01,1541.684,-0.0446
mixed,2,1,0.5,4.0,128,0,128,512,320,152.032,170.752,151.614,-0.0223
mixed,2,1,0.5,4.0,128,0,256,1024,640,175.805,197.952,174.685,-0.0506
mixed,2,1,0.5,4.0,128,0,512,2048,1280,215.52,255.005,206.526,-0.2278
mixed,2,1,0.5,4.0,128,0,1024,4096,2560,283.774,363.901,272.159,-0.145
mixed,2,1,0.5,4.0,128,0,2048,8192,5120,412.734,565.436,405.791,-0.0455
mixed,2,1,0.5,4.0,128,0,4096,16384,10240,664.027,968.187,655.612,-0.0277
mixed,2,1,0.5,4.0,128,512,128,512,320,395.038,412.092,396.029,0.0581
mixed,2,1,0.5,4.0,128,512,256,1024,640,414.94,440.921,418.363,0.1318
mixed,2,1,0.5,4.0,128,512,512,2048,1280,456.99,493.597,447.931,-0.2475
mixed,2,1,0.5,4.0,128,512,1024,4096,2560,523.804,601.178,511.548,-0.1584
mixed,2,1,0.5,4.0,128,512,2048,8192,5120,646.137,800.697,640.889,-0.034
mixed,2,1,0.5,4.0,128,512,4096,16384,10240,902.844,1200.885,893.496,-0.0314
mixed,2,1,0.5,4.0,128,1024,128,512,320,493.34,511.709,494.426,0.0591
mixed,2,1,0.5,4.0,128,1024,256,1024,640,513.116,538.779,513.402,0.0111
mixed,2,1,0.5,4.0,128,1024,512,2048,1280,556.476,593.18,547.388,-0.2476
mixed,2,1,0.5,4.0,128,1024,1024,4096,2560,621.083,693.406,612.185,-0.123
mixed,2,1,0.5,4.0,128,1024,2048,8192,5120,744.09,899.513,739.418,-0.0301
mixed,2,1,0.5,4.0,128,1024,4096,16384,10240,998.072,1299.479,993.274,-0.0159
mixed,2,1,0.5,4.0,128,2048,128,512,320,696.989,716.187,696.858,-0.0068
mixed,2,1,0.5,4.0,128,2048,256,1024,640,717.242,740.539,719.228,0.0852
mixed,2,1,0.5,4.0,128,2048,512,2048,1280,759.546,797.082,752.314,-0.1927
mixed,2,1,0.5,4.0,128,2048,1024,4096,2560,823.13,896.986,812.665,-0.1417
mixed,2,1,0.5,4.0,128,2048,2048,8192,5120,950.265,1101.337,943.451,-0.0451
mixed,2,1,0.5,4.0,128,2048,4096,16384,10240,1202.486,1499.221,1193.496,-0.0303
mixed,2,1,0.5,4.0,128,4096,128,512,320,1095.001,1111.895,1092.599,-0.1422
mixed,2,1,0.5,4.0,128,4096,256,1024,640,1114.648,1138.102,1113.591,-0.0451
mixed,2,1,0.5,4.0,128,4096,512,2048,1280,1152.792,1193.749,1145.656,-0.1742
mixed,2,1,0.5,4.0,128,4096,1024,4096,2560,1221.015,1295.48,1211.992,-0.1212
mixed,2,1,0.5,4.0,128,4096,2048,8192,5120,1347.863,1499.219,1337.527,-0.0683
mixed,2,1,0.5,4.0,128,4096,4096,16384,10240,1597.364,1894.033,1591.573,-0.0195
mixed,2,1,0.5,4.0,128,8192,128,512,320,1886.448,1902.095,1885.458,-0.0633
mixed,2,1,0.5,4.0,128,8192,256,1024,640,1905.906,1928.498,1904.019,-0.0835
mixed,2,1,0.5,4.0,128,8192,512,2048,1280,1945.843,1982.355,1934.993,-0.2972
mixed,2,1,0.5,4.0,128,8192,1024,4096,2560,2008.913,2086.64,1999.283,-0.1239
mixed,2,1,0.5,4.0,128,8192,2048,8192,5120,2132.722,2290.771,2130.387,-0.0148
mixed,2,1,0.5,4.0,128,8192,4096,16384,10240,2387.697,2683.824,2380.72,-0.0236
mixed,2,1,0.5,4.0,256,0,128,512,320,448.157,465.918,446.844,-0.0739
mixed,2,1,0.5,4.0,256,0,256,1024,640,467.069,491.612,470.299,0.1316
mixed,2,1,0.5,4.0,256,0,512,2048,1280,508.925,548.414,498.204,-0.2715
mixed,2,1,0.5,4.0,256,0,1024,4096,2560,572.892,652.217,564.252,-0.1089
mixed,2,1,0.5,4.0,256,0,2048,8192,5120,701.371,854.234,691.931,-0.0618
mixed,2,1,0.5,4.0,256,0,4096,16384,10240,952.537,1251.702,943.192,-0.0312
mixed,2,1,0.5,4.0,256,512,128,512,320,651.068,667.324,649.722,-0.0828
mixed,2,1,0.5,4.0,256,512,256,1024,640,670.136,694.459,666.84,-0.1355
mixed,2,1,0.5,4.0,256,512,512,2048,1280,709.084,747.003,700.09,-0.2372
mixed,2,1,0.5,4.0,256,512,1024,4096,2560,773.402,851.289,766.332,-0.0908
mixed,2,1,0.5,4.0,256,512,2048,8192,5120,898.202,1052.953,893.689,-0.0292
mixed,2,1,0.5,4.0,256,512,4096,16384,10240,1150.903,1449.683,1146.712,-0.014
mixed,2,1,0.5,4.0,256,1024,128,512,320,853.466,864.953,850.231,-0.2816
mixed,2,1,0.5,4.0,256,1024,256,1024,640,868.474,890.874,870.296,0.0813
mixed,2,1,0.5,4.0,256,1024,512,2048,1280,909.531,945.211,899.323,-0.2861
mixed,2,1,0.5,4.0,256,1024,1024,4096,2560,974.044,1046.264,962.585,-0.1587
mixed,2,1,0.5,4.0,256,1024,2048,8192,5120,1101.562,1249.751,1089.913,-0.0786
mixed,2,1,0.5,4.0,256,1024,4096,16384,10240,1346.487,1652.501,1343.799,-0.0088
mixed,2,1,0.5,4.0,256,2048,128,512,320,1245.847,1261.239,1250.873,0.3265
mixed,2,1,0.5,4.0,256,2048,256,1024,640,1270.49,1292.437,1266.005,-0.2044
mixed,2,1,0.5,4.0,256,2048,512,2048,1280,1307.287,1346.551,1298.583,-0.2217
mixed,2,1,0.5,4.0,256,2048,1024,4096,2560,1375.348,1447.702,1363.447,-0.1645
mixed,2,1,0.5,4.0,256,2048,2048,8192,5120,1494.901,1653.172,1491.413,-0.022
mixed,2,1,0.5,4.0,256,2048,4096,16384,10240,1746.259,2047.092,1743.314,-0.0098
mixed,2,1,0.5,4.0,256,4096,128,512,320,2043.12,2054.674,2038.673,-0.3849
mixed,2,1,0.5,4.0,256,4096,256,1024,640,2060.53,2081.104,2060.848,0.0155
mixed,2,1,0.5,4.0,256,4096,512,2048,1280,2098.705,2137.521,2088.433,-0.2646
mixed,2,1,0.5,4.0,256,4096,1024,4096,2560,2162.035,2235.444,2154.001,-0.1094
mixed,2,1,0.5,4.0,256,4096,2048,8192,5120,2285.652,2438.064,2284.623,-0.0068
mixed,2,1,0.5,4.0,256,4096,4096,16384,10240,2540.208,2841.519,2531.695,-0.0283
mixed,2,1,0.5,4.0,256,8192,128,512,320,3617.128,3639.943,3623.464,0.2777
mixed,2,1,0.5,4.0,256,8192,256,1024,640,3640.681,3660.903,3638.218,-0.1218
mixed,2,1,0.5,4.0,256,8192,512,2048,1280,3681.259,3715.083,3670.856,-0.3076
mixed,2,1,0.5,4.0,256,8192,1024,4096,2560,3739.751,3819.625,3727.977,-0.1474
mixed,2,1,0.5,4.0,256,8192,2048,8192,5120,3865.67,4016.999,3858.694,-0.0461
mixed,2,1,0.5,4.0,256,8192,4096,16384,10240,4123.844,4416.514,4114.502,-0.0319
mixed,2,1,0.5,4.0,512,0,128,512,320,526.427,544.892,525.756,-0.0363
mixed,2,1,0.5,4.0,512,0,256,1024,640,546.013,569.533,547.517,0.0639
mixed,2,1,0.5,4.0,512,0,512,2048,1280,585.692,626.651,579.453,-0.1523
mixed,2,1,0.5,4.0,512,0,1024,4096,2560,654.459,732.635,645.533,-0.1142
mixed,2,1,0.5,4.0,512,0,2048,8192,5120,781.05,934.65,770.682,-0.0675
mixed,2,1,0.5,4.0,512,0,4096,16384,10240,1031.29,1334.167,1027.13,-0.0137
mixed,2,1,0.5,4.0,512,512,128,512,320,946.041,961.946,943.641,-0.1509
mixed,2,1,0.5,4.0,512,512,256,1024,640,966.457,989.366,965.336,-0.0489
mixed,2,1,0.5,4.0,512,512,512,2048,1280,1007.0,1047.222,998.169,-0.2196
mixed,2,1,0.5,4.0,512,512,1024,4096,2560,1075.032,1147.352,1065.113,-0.1372
mixed,2,1,0.5,4.0,512,512,2048,8192,5120,1199.065,1351.989,1194.166,-0.032
mixed,2,1,0.5,4.0,512,512,4096,16384,10240,1450.007,1750.069,1444.279,-0.0191
mixed,2,1,0.5,4.0,512,1024,128,512,320,1336.406,1351.189,1334.292,-0.143
mixed,2,1,0.5,4.0,512,1024,256,1024,640,1357.015,1379.444,1357.687,0.03
mixed,2,1,0.5,4.0,512,1024,512,2048,1280,1400.695,1438.295,1387.065,-0.3625
mixed,2,1,0.5,4.0,512,1024,1024,4096,2560,1461.302,1540.597,1452.95,-0.1053
mixed,2,1,0.5,4.0,512,1024,2048,8192,5120,1591.445,1743.284,1581.814,-0.0634
mixed,2,1,0.5,4.0,512,1024,4096,16384,10240,1841.363,2140.111,1836.049,-0.0178
mixed,2,1,0.5,4.0,512,2048,128,512,320,2116.276,2136.497,2118.29,0.0996
mixed,2,1,0.5,4.0,512,2048,256,1024,640,2140.081,2164.432,2138.77,-0.0538
mixed,2,1,0.5,4.0,512,2048,512,2048,1280,2177.039,2214.959,2170.226,-0.1797
mixed,2,1,0.5,4.0,512,2048,1024,4096,2560,2244.368,2318.356,2236.687,-0.1038
mixed,2,1,0.5,4.0,512,2048,2048,8192,5120,2368.688,2526.414,2363.986,-0.0298
mixed,2,1,0.5,4.0,512,2048,4096,16384,10240,2621.836,2925.966,2616.08,-0.0189
mixed,2,1,0.5,4.0,512,4096,128,512,320,3679.078,3701.477,3682.474,0.1516
mixed,2,1,0.5,4.0,512,4096,256,1024,640,3707.813,3725.189,3703.529,-0.2465
mixed,2,1,0.5,4.0,512,4096,512,2048,1280,3740.169,3788.677,3737.702,-0.0509
mixed,2,1,0.5,4.0,512,4096,1024,4096,2560,3812.292,3886.532,3805.64,-0.0896
mixed,2,1,0.5,4.0,512,4096,2048,8192,5120,3934.533,4092.421,3927.686,-0.0434
mixed,2,1,0.5,4.0,512,4096,4096,16384,10240,4186.655,4494.787,4186.432,-0.0007
mixed,2,1,0.5,4.0,512,8192,128,512,320,6828.912,6844.659,6832.56,0.2317
mixed,2,1,0.5,4.0,512,8192,256,1024,640,6856.818,6874.576,6850.03,-0.3823
mixed,2,1,0.5,4.0,512,8192,512,2048,1280,6887.342,6928.845,6882.063,-0.1272
mixed,2,1,0.5,4.0,512,8192,1024,4096,2560,6949.84,7034.832,6941.773,-0.0949
mixed,2,1,0.5,4.0,512,8192,2048,8192,5120,7091.19,7241.517,7074.354,-0.112
mixed,2,1,0.5,4.0,512,8192,4096,16384,10240,7337.423,7634.795,7327.82,-0.0323
mixed,2,1,0.5,4.0,1024,0,128,512,320,1319.799,1333.751,1319.833,0.0024
mixed,2,1,0.5,4.0,1024,0,256,1024,640,1339.798,1364.694,1342.39,0.1041
mixed,2,1,0.5,4.0,1024,0,512,2048,1280,1382.392,1421.237,1373.495,-0.229
mixed,2,1,0.5,4.0,1024,0,1024,4096,2560,1445.303,1523.668,1437.174,-0.1037
mixed,2,1,0.5,4.0,1024,0,2048,8192,5120,1570.133,1723.954,1562.837,-0.0474
mixed,2,1,0.5,4.0,1024,0,4096,16384,10240,1829.715,2125.714,1818.965,-0.0363
mixed,2,1,0.5,4.0,1024,512,128,512,320,2168.433,2190.288,2168.656,0.0102
mixed,2,1,0.5,4.0,1024,512,256,1024,640,2190.481,2212.369,2190.737,0.0117
mixed,2,1,0.5,4.0,1024,512,512,2048,1280,2234.098,2267.28,2220.691,-0.404
mixed,2,1,0.5,4.0,1024,512,1024,4096,2560,2296.753,2372.079,2287.887,-0.1177
mixed,2,1,0.5,4.0,1024,512,2048,8192,5120,2421.104,2578.894,2420.019,-0.0069
mixed,2,1,0.5,4.0,1024,512,4096,16384,10240,2678.125,2977.197,2670.411,-0.0258
mixed,2,1,0.5,4.0,1024,1024,128,512,320,2975.818,2989.228,2974.22,-0.1192
mixed,2,1,0.5,4.0,1024,1024,256,1024,640,2997.196,3018.827,2994.603,-0.1199
mixed,2,1,0.5,4.0,1024,1024,512,2048,1280,3035.244,3068.267,3029.261,-0.1812
mixed,2,1,0.5,4.0,1024,1024,1024,4096,2560,3104.651,3176.14,3094.347,-0.1441
mixed,2,1,0.5,4.0,1024,1024,2048,8192,5120,3226.284,3380.168,3217.897,-0.0545
mixed,2,1,0.5,4.0,1024,1024,4096,16384,10240,3484.969,3785.799,3477.576,-0.0246
mixed,2,1,0.5,4.0,1024,2048,128,512,320,4540.706,4560.033,4550.85,0.5249
mixed,2,1,0.5,4.0,1024,2048,256,1024,640,4559.488,4584.77,4563.807,0.1708
mixed,2,1,0.5,4.0,1024,2048,512,2048,1280,4608.066,4645.858,4595.106,-0.3429
mixed,2,1,0.5,4.0,1024,2048,1024,4096,2560,4674.496,4745.662,4651.872,-0.3179
mixed,2,1,0.5,4.0,1024,2048,2048,8192,5120,4801.568,4949.277,4785.023,-0.112
mixed,2,1,0.5,4.0,1024,2048,4096,16384,10240,5053.504,5350.238,5034.206,-0.065
mixed,2,1,0.5,4.0,1024,4096,128,512,320,7667.695,7687.947,7652.912,-0.73
mixed,2,1,0.5,4.0,1024,4096,256,1024,640,7692.496,7708.268,7694.574,0.1318
mixed,2,1,0.5,4.0,1024,4096,512,2048,1280,7727.948,7767.249,7715.7,-0.3116
mixed,2,1,0.5,4.0,1024,4096,1024,4096,2560,7781.934,7874.191,7778.253,-0.0399
mixed,2,1,0.5,4.0,1024,4096,2048,8192,5120,7909.678,8069.838,7914.799,0.032
mixed,2,1,0.5,4.0,1024,4096,4096,16384,10240,8169.866,8467.789,8171.308,0.0048
mixed,2,1,0.5,4.0,1024,8192,128,512,320,13906.819,13912.29,13897.609,-1.6834
mixed,2,1,0.5,4.0,1024,8192,256,1024,640,13905.955,13938.597,13916.324,0.3177
mixed,2,1,0.5,4.0,1024,8192,512,2048,1280,13944.745,14009.35,13948.135,0.0525
mixed,2,1,0.5,4.0,1024,8192,1024,4096,2560,14038.31,14104.806,14014.278,-0.3614
mixed,2,1,0.5,4.0,1024,8192,2048,8192,5120,14163.3,14295.298,14163.362,0.0005
mixed,2,1,0.5,4.0,1024,8192,4096,16384,10240,14396.422,14722.306,14388.455,-0.0244
mixed,2,1,0.5,4.0,2048,0,128,512,320,3974.374,3982.117,3187.115,-101.6736
mixed,2,1,0.5,4.0,2048,0,256,1024,640,3157.548,3172.428,3155.627,-0.1291
mixed,2,1,0.5,4.0,2048,0,512,2048,1280,3194.987,3226.828,3184.076,-0.3427
mixed,2,1,0.5,4.0,2048,0,1024,4096,2560,3281.709,3594.443,3244.841,-0.1179
mixed,2,1,0.5,4.0,2048,0,2048,8192,5120,3362.379,3496.331,3351.435,-0.0817
mixed,2,1,0.5,4.0,2048,0,4096,16384,10240,3584.587,3887.56,3879.782,0.9743
mixed,2,1,0.5,4.0,2048,512,128,512,320,4347.619,4357.829,4345.988,-0.1597
mixed,2,1,0.5,4.0,2048,512,256,1024,640,4292.548,4314.117,4294.114,0.0726
mixed,2,1,0.5,4.0,2048,512,512,2048,1280,4332.485,4366.725,4326.055,-0.1878
mixed,2,1,0.5,4.0,2048,512,1024,4096,2560,4837.954,4422.31,4344.997,
mixed,2,1,0.5,4.0,2048,512,2048,8192,5120,4465.445,4594.882,4463.041,-0.0186
mixed,2,1,0.5,4.0,2048,512,4096,16384,10240,4685.28,5400.511,4687.874,0.0036
mixed,2,1,0.5,4.0,2048,1024,128,512,320,5429.118,5380.893,5344.605,
mixed,2,1,0.5,4.0,2048,1024,256,1024,640,5362.079,5387.933,5364.19,0.0817
mixed,2,1,0.5,4.0,2048,1024,512,2048,1280,5501.277,5941.656,5448.544,-0.1197
mixed,2,1,0.5,4.0,2048,1024,1024,4096,2560,5501.053,5568.284,5492.764,-0.1233
mixed,2,1,0.5,4.0,2048,1024,2048,8192,5120,5612.443,5749.562,5549.595,-0.4583
mixed,2,1,0.5,4.0,2048,1024,4096,16384,10240,5748.668,6004.249,5741.785,-0.0269
mixed,2,1,0.5,4.0,2048,2048,128,512,320,7671.214,7498.096,7467.985,
mixed,2,1,0.5,4.0,2048,2048,256,1024,640,7486.354,7509.425,7490.317,0.1718
mixed,2,1,0.5,4.0,2048,2048,512,2048,1280,7519.825,8315.561,7533.138,0.0167
mixed,2,1,0.5,4.0,2048,2048,1024,4096,2560,7579.409,7641.234,7575.566,-0.0622
mixed,2,1,0.5,4.0,2048,2048,2048,8192,5120,7690.32,7882.99,8308.619,3.2091
mixed,2,1,0.5,4.0,2048,2048,4096,16384,10240,7922.703,8171.629,7870.606,-0.2093
mixed,2,1,0.5,4.0,2048,4096,128,512,320,11921.749,11969.234,11932.114,0.2183
mixed,2,1,0.5,4.0,2048,4096,256,1024,640,11924.338,11973.016,11980.948,1.1629
mixed,2,1,0.5,4.0,2048,4096,512,2048,1280,11990.259,11993.107,12027.576,13.1029
mixed,2,1,0.5,4.0,2048,4096,1024,4096,2560,12050.452,12082.806,12043.827,-0.2048
mixed,2,1,0.5,4.0,2048,4096,2048,8192,5120,12159.921,12271.76,12192.784,0.2938
mixed,2,1,0.5,4.0,2048,4096,4096,16384,10240,12373.135,12684.112,12371.374,-0.0057
mixed,2,1,0.5,4.0,2048,8192,128,512,320,20689.175,20821.792,20795.29,0.8002
mixed,2,1,0.5,4.0,2048,8192,256,1024,640,20773.982,20786.557,20659.072,-9.138
mixed,2,1,0.5,4.0,2048,8192,512,2048,1280,20882.519,20867.867,20883.767,
mixed,2,1,0.5,4.0,2048,8192,1024,4096,2560,20916.826,20950.043,20917.371,0.0164
mixed,2,1,0.5,4.0,2048,8192,2048,8192,5120,21069.272,21157.371,21047.286,-0.2496
mixed,2,1,0.5,4.0,2048,8192,4096,16384,10240,21264.407,21398.166,21242.649,-0.1627
pure,4,1,0.25,4.0,0,0,128,512,224,57.376,88.894,65.247,0.2497
pure,4,1,0.25,4.0,0,0,256,1024,448,77.31,168.159,109.533,0.3547
pure,4,1,0.25,4.0,0,0,512,2048,896,153.438,275.581,162.846,0.077
pure,4,1,0.25,4.0,0,0,1024,4096,1792,246.4,475.165,267.069,0.0904
pure,4,1,0.25,4.0,0,0,2048,8192,3584,423.293,880.41,464.445,0.09
pure,4,1,0.25,4.0,0,0,4096,16384,7168,776.699,1678.678,862.649,0.0953
mixed,4,1,0.25,4.0,16,0,128,512,224,94.941,137.279,112.16,0.4067
mixed,4,1,0.25,4.0,16,0,256,1024,448,123.007,190.049,131.838,0.1317
mixed,4,1,0.25,4.0,16,0,512,2048,896,176.861,296.223,184.479,0.0638
mixed,4,1,0.25,4.0,16,0,1024,4096,1792,269.088,500.829,289.149,0.0866
mixed,4,1,0.25,4.0,16,0,2048,8192,3584,446.015,898.905,484.923,0.0859
mixed,4,1,0.25,4.0,16,0,4096,16384,7168,797.595,1696.95,885.307,0.0975
mixed,4,1,0.25,4.0,16,512,128,512,224,144.288,187.775,161.12,0.3871
mixed,4,1,0.25,4.0,16,512,256,1024,448,171.582,242.526,180.768,0.1295
mixed,4,1,0.25,4.0,16,512,512,2048,896,227.23,347.709,234.816,0.063
mixed,4,1,0.25,4.0,16,512,1024,4096,1792,319.52,549.725,336.828,0.0752
mixed,4,1,0.25,4.0,16,512,2048,8192,3584,497.052,950.267,539.197,0.093
mixed,4,1,0.25,4.0,16,512,4096,16384,7168,846.717,1751.83,933.146,0.0955
mixed,4,1,0.25,4.0,16,1024,128,512,224,168.19,211.039,185.02,0.3928
mixed,4,1,0.25,4.0,16,1024,256,1024,448,196.799,264.733,204.608,0.1149
mixed,4,1,0.25,4.0,16,1024,512,2048,896,250.4,369.469,258.592,0.0688
mixed,4,1,0.25,4.0,16,1024,1024,4096,1792,345.183,573.466,361.213,0.0702
mixed,4,1,0.25,4.0,16,1024,2048,8192,3584,522.334,976.537,560.027,0.083
mixed,4,1,0.25,4.0,16,1024,4096,16384,7168,873.339,1780.885,958.875,0.0942
mixed,4,1,0.25,4.0,16,2048,128,512,224,186.847,230.494,202.557,0.3599
mixed,4,1,0.25,4.0,16,2048,256,1024,448,216.7,285.342,223.071,0.0928
mixed,4,1,0.25,4.0,16,2048,512,2048,896,275.327,391.899,278.943,0.031
mixed,4,1,0.25,4.0,16,2048,1024,4096,1792,363.072,596.831,382.4,0.0827
mixed,4,1,0.25,4.0,16,2048,2048,8192,3584,542.492,999.418,581.978,0.0864
mixed,4,1,0.25,4.0,16,2048,4096,16384,7168,893.656,1797.718,972.987,0.0877
mixed,4,1,0.25,4.0,16,4096,128,512,224,240.188,286.398,257.279,0.3699
mixed,4,1,0.25,4.0,16,4096,256,1024,448,270.209,340.382,279.39,0.1308
mixed,4,1,0.25,4.0,16,4096,512,2048,896,327.774,448.829,333.63,0.0484
mixed,4,1,0.25,4.0,16,4096,1024,4096,1792,415.551,648.219,435.29,0.0848
mixed,4,1,0.25,4.0,16,4096,2048,8192,3584,597.528,1050.107,635.901,0.0848
mixed,4,1,0.25,4.0,16,4096,4096,16384,7168,951.641,1851.413,1027.801,0.0846
mixed,4,1,0.25,4.0,16,8192,128,512,224,346.622,387.709,360.83,0.3458
mixed,4,1,0.25,4.0,16,8192,256,1024,448,375.357,442.909,385.343,0.1478
mixed,4,1,0.25,4.0,16,8192,512,2048,896,430.013,550.941,435.933,0.049
mixed,4,1,0.25,4.0,16,8192,1024,4096,1792,524.249,748.249,537.63,0.0597
mixed,4,1,0.25,4.0,16,8192,2048,8192,3584,694.141,1155.61,736.411,0.0916
mixed,4,1,0.25,4.0,16,8192,4096,16384,7168,1047.576,1950.773,1127.226,0.0882
mixed,4,1,0.25,4.0,32,0,128,512,224,132.352,176.028,149.119,0.3839
mixed,4,1,0.25,4.0,32,0,256,1024,448,159.839,228.032,169.056,0.1352
mixed,4,1,0.25,4.0,32,0,512,2048,896,216.701,332.734,221.982,0.0455
mixed,4,1,0.25,4.0,32,0,1024,4096,1792,305.502,539.836,325.406,0.0849
mixed,4,1,0.25,4.0,32,0,2048,8192,3584,487.742,936.058,520.06,0.0721
mixed,4,1,0.25,4.0,32,0,4096,16384,7168,831.898,1740.468,925.885,0.1034
mixed,4,1,0.25,4.0,32,512,128,512,224,189.214,234.911,203.359,0.3095
mixed,4,1,0.25,4.0,32,512,256,1024,448,217.661,286.944,225.63,0.115
mixed,4,1,0.25,4.0,32,512,512,2048,896,275.742,392.889,279.869,0.0352
mixed,4,1,0.25,4.0,32,512,1024,4096,1792,367.487,597.277,384.093,0.0723
mixed,4,1,0.25,4.0,32,512,2048,8192,3584,545.599,1002.427,582.622,0.081
mixed,4,1,0.25,4.0,32,512,4096,16384,7168,899.864,1793.877,978.522,0.088
mixed,4,1,0.25,4.0,32,1024,128,512,224,253.439,302.172,269.309,0.3257
mixed,4,1,0.25,4.0,32,1024,256,1024,448,281.28,353.787,290.781,0.131
mixed,4,1,0.25,4.0,32,1024,512,2048,896,339.9,457.659,345.63,0.0487
mixed,4,1,0.25,4.0,32,1024,1024,4096,1792,431.836,659.481,447.642,0.0694
mixed,4,1,0.25,4.0,32,1024,2048,8192,3584,608.351,1063.352,643.259,0.0767
mixed,4,1,0.25,4.0,32,1024,4096,16384,7168,967.034,1859.861,1043.481,0.0856
mixed,4,1,0.25,4.0,32,2048,128,512,224,295.456,338.462,305.534,0.2343
mixed,4,1,0.25,4.0,32,2048,256,1024,448,320.896,389.054,324.925,0.0591
mixed,4,1,0.25,4.0,32,2048,512,2048,896,376.159,495.421,380.828,0.0391
mixed,4,1,0.25,4.0,32,2048,1024,4096,1792,469.086,696.797,484.185,0.0663
mixed,4,1,0.25,4.0,32,2048,2048,8192,3584,644.54,1099.095,684.155,0.0872
mixed,4,1,0.25,4.0,32,2048,4096,16384,7168,998.237,1898.71,1070.232,0.08
mixed,4,1,0.25,4.0,32,4096,128,512,224,405.344,444.478,417.277,0.3049
mixed,4,1,0.25,4.0,32,4096,256,1024,448,429.215,501.47,439.581,0.1435
mixed,4,1,0.25,4.0,32,4096,512,2048,896,485.404,598.619,494.588,0.0811
mixed,4,1,0.25,4.0,32,4096,1024,4096,1792,579.999,801.818,591.485,0.0518
mixed,4,1,0.25,4.0,32,4096,2048,8192,3584,752.124,1201.946,789.628,0.0834
mixed,4,1,0.25,4.0,32,4096,4096,16384,7168,1108.024,2002.036,1179.447,0.0799
mixed,4,1,0.25,4.0,32,8192,128,512,224,606.3,647.963,620.51,0.3411
mixed,4,1,0.25,4.0,32,8192,256,1024,448,632.094,702.397,642.334,0.1457
mixed,4,1,0.25,4.0,32,8192,512,2048,896,690.298,806.493,690.203,-0.0008
mixed,4,1,0.25,4.0,32,8192,1024,4096,1792,777.052,1005.081,799.194,0.0971
mixed,4,1,0.25,4.0,32,8192,2048,8192,3584,955.098,1408.216,990.427,0.078
mixed,4,1,0.25,4.0,32,8192,4096,16384,7168,1303.961,2206.962,1380.758,0.085
mixed,4,1,0.25,4.0,64,0,128,512,224,131.937,176.157,148.223,0.3683
mixed,4,1,0.25,4.0,64,0,256,1024,448,162.113,232.767,170.05,0.1123
mixed,4,1,0.25,4.0,64,0,512,2048,896,219.485,338.207,224.542,0.0426
mixed,4,1,0.25,4.0,64,0,1024,4096,1792,308.893,539.711,329.919,0.0911
mixed,4,1,0.25,4.0,64,0,2048,8192,3584,484.861,940.827,524.475,0.0869
mixed,4,1,0.25,4.0,64,0,4096,16384,7168,840.283,1749.363,922.296,0.0902
mixed,4,1,0.25,4.0,64,512,128,512,224,267.131,313.504,282.814,0.3382
mixed,4,1,0.25,4.0,64,512,256,1024,448,297.183,366.269,306.529,0.1353
mixed,4,1,0.25,4.0,64,512,512,2048,896,353.883,472.477,361.184,0.0616
mixed,4,1,0.25,4.0,64,512,1024,4096,1792,445.436,677.406,462.046,0.0716
mixed,4,1,0.25,4.0,64,512,2048,8192,3584,620.699,1073.499,660.219,0.0873
mixed,4,1,0.25,4.0,64,512,4096,16384,7168,974.458,1875.123,1058.741,0.0936
mixed,4,1,0.25,4.0,64,1024,128,512,224,352.862,395.327,363.486,0.2502
mixed,4,1,0.25,4.0,64,1024,256,1024,448,379.456,447.964,388.158,0.127
mixed,4,1,0.25,4.0,64,1024,512,2048,896,432.955,553.434,441.056,0.0672
mixed,4,1,0.25,4.0,64,1024,1024,4096,1792,526.908,757.818,542.365,0.0669
mixed,4,1,0.25,4.0,64,1024,2048,8192,3584,701.341,1156.762,743.001,0.0915
mixed,4,1,0.25,4.0,64,1024,4096,16384,7168,1058.168,1957.109,1136.44,0.0871
mixed,4,1,0.25,4.0,64,2048,128,512,224,455.933,498.942,466.173,0.2381
mixed,4,1,0.25,4.0,64,2048,256,1024,448,481.662,551.323,493.148,0.1649
mixed,4,1,0.25,4.0,64,2048,512,2048,896,539.644,656.381,543.325,0.0315
mixed,4,1,0.25,4.0,64,2048,1024,4096,1792,627.55,857.083,644.378,0.0733
mixed,4,1,0.25,4.0,64,2048,2048,8192,3584,804.667,1256.377,845.692,0.0908
mixed,4,1,0.25,4.0,64,2048,4096,16384,7168,1154.616,2056.98,1235.128,0.0892
mixed,4,1,0.25,4.0,64,4096,128,512,224,658.493,697.401,669.373,0.2796
mixed,4,1,0.25,4.0,64,4096,256,1024,448,684.124,751.387,691.451,0.1089
mixed,4,1,0.25,4.0,64,4096,512,2048,896,741.051,857.819,750.396,0.08
mixed,4,1,0.25,4.0,64,4096,1024,4096,1792,829.406,1057.401,847.899,0.0811
mixed,4,1,0.25,4.0,64,4096,2048,8192,3584,1006.714,1457.205,1043.065,0.0807
mixed,4,1,0.25,4.0,64,4096,4096,16384,7168,1358.999,2250.387,1436.219,0.0866
mixed,4,1,0.25,4.0,64,8192,128,512,224,1052.793,1093.884,1066.427,0.3318
mixed,4,1,0.25,4.0,64,8192,256,1024,448,1081.657,1149.368,1086.713,0.0747
mixed,4,1,0.25,4.0,64,8192,512,2048,896,1136.341,1251.992,1140.666,0.0374
mixed,4,1,0.25,4.0,64,8192,1024,4096,1792,1227.926,1456.281,1241.879,0.0611
mixed,4,1,0.25,4.0,64,8192,2048,8192,3584,1399.446,1858.771,1443.896,0.0968
mixed,4,1,0.25,4.0,64,8192,4096,16384,7168,1750.198,2654.64,1834.26,0.0929
mixed,4,1,0.25,4.0,128,0,128,512,224,156.031,201.024,172.992,0.377
mixed,4,1,0.25,4.0,128,0,256,1024,448,187.169,259.327,195.678,0.1179
mixed,4,1,0.25,4.0,128,0,512,2048,896,244.223,366.014,248.605,0.036
mixed,4,1,0.25,4.0,128,0,1024,4096,1792,338.013,572.827,356.222,0.0775
mixed,4,1,0.25,4.0,128,0,2048,8192,3584,518.108,982.969,556.221,0.082
mixed,4,1,0.25,4.0,128,0,4096,16384,7168,873.277,1789.59,959.672,0.0943
mixed,4,1,0.25,4.0,128,512,128,512,224,402.301,445.341,413.821,0.2677
mixed,4,1,0.25,4.0,128,512,256,1024,448,430.013,498.492,440.38,0.1514
mixed,4,1,0.25,4.0,128,512,512,2048,896,486.046,604.86,490.877,0.0407
mixed,4,1,0.25,4.0,128,512,1024,4096,1792,574.846,811.771,594.012,0.0809
mixed,4,1,0.25,4.0,128,512,2048,8192,3584,756.414,1214.843,792.154,0.078
mixed,4,1,0.25,4.0,128,512,4096,16384,7168,1114.232,2021.397,1191.96,0.0857
mixed,4,1,0.25,4.0,128,1024,128,512,224,500.668,544.924,512.031,0.2568
mixed,4,1,0.25,4.0,128,1024,256,1024,448,529.023,598.079,540.508,0.1663
mixed,4,1,0.25,4.0,128,1024,512,2048,896,582.939,702.715,588.379,0.0454
mixed,4,1,0.25,4.0,128,1024,1024,4096,1792,673.788,904.348,690.143,0.0709
mixed,4,1,0.25,4.0,128,1024,2048,8192,3584,849.658,1313.974,890.238,0.0874
mixed,4,1,0.25,4.0,128,1024,4096,16384,7168,1212.663,2130.802,1291.387,0.0857
mixed,4,1,0.25,4.0,128,2048,128,512,224,702.813,744.702,718.077,0.3644
mixed,4,1,0.25,4.0,128,2048,256,1024,448,733.243,801.751,740.702,0.1089
mixed,4,1,0.25,4.0,128,2048,512,2048,896,787.803,907.801,794.458,0.0555
mixed,4,1,0.25,4.0,128,2048,1024,4096,1792,881.116,1110.169,894.329,0.0577
mixed,4,1,0.25,4.0,128,2048,2048,8192,3584,1058.104,1518.805,1097.497,0.0855
mixed,4,1,0.25,4.0,128,2048,4096,16384,7168,1411.575,2328.143,1492.117,0.0879
mixed,4,1,0.25,4.0,128,4096,128,512,224,1097.431,1142.81,1111.002,0.2991
mixed,4,1,0.25,4.0,128,4096,256,1024,448,1127.127,1197.432,1135.962,0.1257
mixed,4,1,0.25,4.0,128,4096,512,2048,896,1184.92,1302.009,1188.056,0.0268
mixed,4,1,0.25,4.0,128,4096,1024,4096,1792,1270.042,1505.368,1292.409,0.095
mixed,4,1,0.25,4.0,128,4096,2048,8192,3584,1453.658,1908.342,1488.248,0.0761
mixed,4,1,0.25,4.0,128,4096,4096,16384,7168,1813.653,2723.886,1888.181,0.0819
mixed,4,1,0.25,4.0,128,8192,128,512,224,1895.634,1930.389,1901.109,0.1575
mixed,4,1,0.25,4.0,128,8192,256,1024,448,1919.764,1986.23,1925.874,0.0919
mixed,4,1,0.25,4.0,128,8192,512,2048,896,1971.091,2093.583,1982.93,0.0967
mixed,4,1,0.25,4.0,128,8192,1024,4096,1792,2061.138,2291.249,2078.034,0.0734
mixed,4,1,0.25,4.0,128,8192,2048,8192,3584,2239.091,2694.926,2275.218,0.0793
mixed,4,1,0.25,4.0,128,8192,4096,16384,7168,2603.088,3515.24,2676.782,0.0808
mixed,4,1,0.25,4.0,256,0,128,512,224,455.965,497.119,465.788,0.2387
mixed,4,1,0.25,4.0,256,0,256,1024,448,484.86,550.748,491.71,0.104
mixed,4,1,0.25,4.0,256,0,512,2048,896,537.341,655.357,541.082,0.0317
mixed,4,1,0.25,4.0,256,0,1024,4096,1792,630.973,863.867,649.659,0.0802
mixed,4,1,0.25,4.0,256,0,2048,8192,3584,806.269,1265.432,843.898,0.082
mixed,4,1,0.25,4.0,256,0,4096,16384,7168,1165.242,2077.01,1244.826,0.0873
mixed,4,1,0.25,4.0,256,512,128,512,224,658.363,697.404,667.421,0.232
mixed,4,1,0.25,4.0,256,512,256,1024,448,684.029,752.667,693.116,0.1324
mixed,4,1,0.25,4.0,256,512,512,2048,896,739.547,858.169,744.445,0.0413
mixed,4,1,0.25,4.0,256,512,1024,4096,1792,830.075,1065.24,848.186,0.077
mixed,4,1,0.25,4.0,256,512,2048,8192,3584,1010.681,1470.356,1047.578,0.0803
mixed,4,1,0.25,4.0,256,512,4096,16384,7168,1364.056,2274.867,1446.68,0.0907
mixed,4,1,0.25,4.0,256,1024,128,512,224,855.546,901.658,869.977,0.313
mixed,4,1,0.25,4.0,256,1024,256,1024,448,883.9,952.889,893.658,0.1414
mixed,4,1,0.25,4.0,256,1024,512,2048,896,939.034,1054.938,943.674,0.04
mixed,4,1,0.25,4.0,256,1024,1024,4096,1792,1030.715,1259.355,1045.978,0.0668
mixed,4,1,0.25,4.0,256,1024,2048,8192,3584,1213.401,1667.831,1245.783,0.0713
mixed,4,1,0.25,4.0,256,1024,4096,16384,7168,1569.109,2480.911,1646.198,0.0845
mixed,4,1,0.25,4.0,256,2048,128,512,224,1254.839,1295.477,1264.376,0.2347
mixed,4,1,0.25,4.0,256,2048,256,1024,448,1281.432,1348.601,1290.104,0.1291
mixed,4,1,0.25,4.0,256,2048,512,2048,896,1339.383,1455.702,1341.463,0.0179
mixed,4,1,0.25,4.0,256,2048,1024,4096,1792,1423.864,1660.535,1442.2,0.0775
mixed,4,1,0.25,4.0,256,2048,2048,8192,3584,1609.815,2063.572,1644.054,0.0755
mixed,4,1,0.25,4.0,256,2048,4096,16384,7168,1961.716,2871.471,2039.316,0.0853
mixed,4,1,0.25,4.0,256,4096,128,512,224,2045.716,2085.012,2053.459,0.197
mixed,4,1,0.25,4.0,256,4096,256,1024,448,2071.797,2140.083,2080.114,0.1218
mixed,4,1,0.25,4.0,256,4096,512,2048,896,2123.537,2244.048,2131.764,0.0683
mixed,4,1,0.25,4.0,256,4096,1024,4096,1792,2216.052,2447.761,2233.778,0.0765
mixed,4,1,0.25,4.0,256,4096,2048,8192,3584,2394.577,2849.998,2426.898,0.071
mixed,4,1,0.25,4.0,256,4096,4096,16384,7168,2750.543,3658.054,2830.252,0.0878
mixed,4,1,0.25,4.0,256,8192,128,512,224,3626.025,3670.344,3640.554,0.3278
mixed,4,1,0.25,4.0,256,8192,256,1024,448,3656.872,3729.993,3660.807,0.0538
mixed,4,1,0.25,4.0,256,8192,512,2048,896,3709.224,3830.853,3712.392,0.026
mixed,4,1,0.25,4.0,256,8192,1024,4096,1792,3798.183,4029.732,3816.101,0.0774
mixed,4,1,0.25,4.0,256,8192,2048,8192,3584,3980.808,4440.133,4013.259,0.0706
mixed,4,1,0.25,4.0,256,8192,4096,16384,7168,4336.641,5246.462,4414.946,0.0861
mixed,4,1,0.25,4.0,512,0,128,512,224,530.94,575.548,547.42,0.3694
mixed,4,1,0.25,4.0,512,0,256,1024,448,561.436,628.54,567.995,0.0977
mixed,4,1,0.25,4.0,512,0,512,2048,896,617.978,735.739,620.188,0.0188
mixed,4,1,0.25,4.0,512,0,1024,4096,1792,705.787,943.258,723.259,0.0736
mixed,4,1,0.25,4.0,512,0,2048,8192,3584,890.106,1355.895,923.705,0.0721
mixed,4,1,0.25,4.0,512,0,4096,16384,7168,1242.776,2160.24,1325.658,0.0903
mixed,4,1,0.25,4.0,512,512,128,512,224,957.242,997.752,970.714,0.3326
mixed,4,1,0.25,4.0,512,512,256,1024,448,984.312,1058.297,991.801,0.1012
mixed,4,1,0.25,4.0,512,512,512,2048,896,1043.994,1163.768,1048.598,0.0384
mixed,4,1,0.25,4.0,512,512,1024,4096,1792,1131.737,1368.534,1146.488,0.0623
mixed,4,1,0.25,4.0,512,512,2048,8192,3584,1312.695,1777.555,1350.391,0.0811
mixed,4,1,0.25,4.0,512,512,4096,16384,7168,1675.796,2590.832,1759.256,0.0912
mixed,4,1,0.25,4.0,512,1024,128,512,224,1359.288,1401.463,1372.822,0.3209
mixed,4,1,0.25,4.0,512,1024,256,1024,448,1385.366,1458.292,1395.446,0.1382
mixed,4,1,0.25,4.0,512,1024,512,2048,896,1443.958,1567.349,1449.623,0.0459
mixed,4,1,0.25,4.0,512,1024,1024,4096,1792,1533.75,1767.284,1550.325,0.071
mixed,4,1,0.25,4.0,512,1024,2048,8192,3584,1713.43,2175.185,1748.885,0.0768
mixed,4,1,0.25,4.0,512,1024,4096,16384,7168,2073.488,2991.179,2155.505,0.0894
mixed,4,1,0.25,4.0,512,2048,128,512,224,2151.825,2194.736,2168.05,0.3781
mixed,4,1,0.25,4.0,512,2048,256,1024,448,2187.506,2250.191,2195.795,0.1322
mixed,4,1,0.25,4.0,512,2048,512,2048,896,2236.398,2352.849,2241.812,0.0465
mixed,4,1,0.25,4.0,512,2048,1024,4096,1792,2332.305,2560.175,2347.282,0.0657
mixed,4,1,0.25,4.0,512,2048,2048,8192,3584,2504.465,2970.637,2546.638,0.0905
mixed,4,1,0.25,4.0,512,2048,4096,16384,7168,2860.427,3781.285,2946.186,0.0931
mixed,4,1,0.25,4.0,512,4096,128,512,224,3721.896,3748.617,3732.937,0.4132
mixed,4,1,0.25,4.0,512,4096,256,1024,448,3726.825,3810.857,3751.498,0.2936
mixed,4,1,0.25,4.0,512,4096,512,2048,896,3805.959,3930.441,3800.324,-0.0453
mixed,4,1,0.25,4.0,512,4096,1024,4096,1792,3872.23,4140.104,3900.456,0.1054
mixed,4,1,0.25,4.0,512,4096,2048,8192,3584,4077.352,4513.19,4127.846,0.1159
mixed,4,1,0.25,4.0,512,4096,4096,16384,7168,4420.45,5330.142,4492.836,0.0796
mixed,4,1,0.25,4.0,512,8192,128,512,224,6883.634,6937.146,6916.822,0.6202
mixed,4,1,0.25,4.0,512,8192,256,1024,448,6927.097,6958.934,6932.919,0.1829
mixed,4,1,0.25,4.0,512,8192,512,2048,896,6982.739,7100.466,6996.404,0.1161
mixed,4,1,0.25,4.0,512,8192,1024,4096,1792,7046.166,7306.774,7090.547,0.1703
mixed,4,1,0.25,4.0,512,8192,2048,8192,3584,7250.001,7710.962,7297.364,0.1027
mixed,4,1,0.25,4.0,512,8192,4096,16384,7168,7626.642,8490.793,7658.481,0.0368
mixed,4,1,0.25,4.0,1024,0,128,512,224,1325.911,1367.8,1337.079,0.2666
mixed,4,1,0.25,4.0,1024,0,256,1024,448,1352.568,1422.039,1363.32,0.1548
mixed,4,1,0.25,4.0,1024,0,512,2048,896,1411.127,1526.903,1414.007,0.0249
mixed,4,1,0.25,4.0,1024,0,1024,4096,1792,1504.758,1732.983,1521.623,0.0739
mixed,4,1,0.25,4.0,1024,0,2048,8192,3584,1685.462,2143.602,1720.694,0.0769
mixed,4,1,0.25,4.0,1024,0,4096,16384,7168,2036.951,2953.581,2124.788,0.0958
mixed,4,1,0.25,4.0,1024,512,128,512,224,2177.204,2220.081,2188.306,0.2589
mixed,4,1,0.25,4.0,1024,512,256,1024,448,2201.234,2277.043,2214.898,0.1802
mixed,4,1,0.25,4.0,1024,512,512,2048,896,2261.81,2390.319,2268.05,0.0486
mixed,4,1,0.25,4.0,1024,512,1024,4096,1792,2352.052,2589.104,2368.787,0.0706
mixed,4,1,0.25,4.0,1024,512,2048,8192,3584,2530.482,3006.222,2579.089,0.1022
mixed,4,1,0.25,4.0,1024,512,4096,16384,7168,2891.023,3809.001,2974.764,0.0912
mixed,4,1,0.25,4.0,1024,1024,128,512,224,2975.661,3022.094,2990.796,0.326
mixed,4,1,0.25,4.0,1024,1024,256,1024,448,3005.584,3074.413,3015.438,0.1432
mixed,4,1,0.25,4.0,1024,1024,512,2048,896,3062.382,3180.525,3065.326,0.0249
mixed,4,1,0.25,4.0,1024,1024,1024,4096,1792,3150.667,3391.306,3171.149,0.0851
mixed,4,1,0.25,4.0,1024,1024,2048,8192,3584,3334.506,3796.202,3380.811,0.1003
mixed,4,1,0.25,4.0,1024,1024,4096,16384,7168,3690.027,4611.139,3776.87,0.0943
mixed,4,1,0.25,4.0,1024,2048,128,512,224,4574.337,4615.042,4572.804,-0.0377
mixed,4,1,0.25,4.0,1024,2048,256,1024,448,4594.181,4671.202,4604.42,0.1329
mixed,4,1,0.25,4.0,1024,2048,512,2048,896,4650.374,4751.427,4654.402,0.0399
mixed,4,1,0.25,4.0,1024,2048,1024,4096,1792,4733.218,4961.157,4761.09,0.1223
mixed,4,1,0.25,4.0,1024,2048,2048,8192,3584,4916.418,5383.645,4952.291,0.0768
mixed,4,1,0.25,4.0,1024,2048,4096,16384,7168,5282.271,6195.931,5363.55,0.089
mixed,4,1,0.25,4.0,1024,4096,128,512,224,7685.071,7729.04,7693.582,0.1936
mixed,4,1,0.25,4.0,1024,4096,256,1024,448,7732.336,7786.193,7732.338,0.0
mixed,4,1,0.25,4.0,1024,4096,512,2048,896,7785.232,7885.965,7775.824,-0.0934
mixed,4,1,0.25,4.0,1024,4096,1024,4096,1792,7896.787,8112.4,7889.55,-0.0336
mixed,4,1,0.25,4.0,1024,4096,2048,8192,3584,8055.763,8510.283,8080.753,0.055
mixed,4,1,0.25,4.0,1024,4096,4096,16384,7168,8407.722,9310.856,8485.102,0.0857
mixed,4,1,0.25,4.0,1024,8192,128,512,224,14029.514,14068.489,14031.178,0.0427
mixed,4,1,0.25,4.0,1024,8192,256,1024,448,14000.686,14089.031,14004.583,0.0441
mixed,4,1,0.25,4.0,1024,8192,512,2048,896,14090.019,14216.649,14109.258,0.1519
mixed,4,1,0.25,4.0,1024,8192,1024,4096,1792,14187.143,14416.493,14228.204,0.179
mixed,4,1,0.25,4.0,1024,8192,2048,8192,3584,14361.896,14834.599,14400.452,0.0816
mixed,4,1,0.25,4.0,1024,8192,4096,16384,7168,14685.285,15642.364,14794.376,0.114
mixed,4,1,0.25,4.0,2048,0,128,512,224,3979.399,4021.572,3154.67,-19.5559
mixed,4,1,0.25,4.0,2048,0,256,1024,448,3168.49,3229.74,3176.685,0.1338
mixed,4,1,0.25,4.0,2048,0,512,2048,896,3222.059,3637.099,3200.782,-0.0513
mixed,4,1,0.25,4.0,2048,0,1024,4096,1792,3271.63,3477.449,3279.02,0.0359
mixed,4,1,0.25,4.0,2048,0,2048,8192,3584,3430.954,3884.937,3727.147,0.6524
mixed,4,1,0.25,4.0,2048,0,4096,16384,7168,3737.961,4485.41,3715.561,-0.03
mixed,4,1,0.25,4.0,2048,512,128,512,224,4279.332,4319.783,4676.804,9.826
mixed,4,1,0.25,4.0,2048,512,256,1024,448,5696.063,4403.555,4353.221,
mixed,4,1,0.25,4.0,2048,512,512,2048,896,4324.966,4427.557,4324.647,-0.0031
mixed,4,1,0.25,4.0,2048,512,1024,4096,1792,4403.685,4600.419,4832.164,2.178
mixed,4,1,0.25,4.0,2048,512,2048,8192,3584,4517.029,4919.712,4528.069,0.0274
mixed,4,1,0.25,4.0,2048,512,4096,16384,7168,4822.819,5626.685,4780.74,-0.0523
mixed,4,1,0.25,4.0,2048,1024,128,512,224,5303.742,5340.033,5317.855,0.3889
mixed,4,1,0.25,4.0,2048,1024,256,1024,448,5333.119,5876.669,5805.279,0.8687
mixed,4,1,0.25,4.0,2048,1024,512,2048,896,7266.772,7352.308,5559.807,-19.9561
mixed,4,1,0.25,4.0,2048,1024,1024,4096,1792,5511.103,5714.364,5466.333,-0.2203
mixed,4,1,0.25,4.0,2048,1024,2048,8192,3584,5610.046,6012.634,5619.646,0.0238
mixed,4,1,0.25,4.0,2048,1024,4096,16384,7168,5924.028,7111.156,6378.392,0.3827
mixed,4,1,0.25,4.0,2048,2048,128,512,224,9051.88,7542.1,7503.248,
mixed,4,1,0.25,4.0,2048,2048,256,1024,448,7415.73,7473.779,7426.197,0.1803
mixed,4,1,0.25,4.0,2048,2048,512,2048,896,7460.819,7566.611,8820.875,12.8559
mixed,4,1,0.25,4.0,2048,2048,1024,4096,1792,7631.474,7821.709,7601.809,-0.1559
mixed,4,1,0.25,4.0,2048,2048,2048,8192,3584,7723.951,8097.775,7732.112,0.0218
mixed,4,1,0.25,4.0,2048,2048,4096,16384,7168,8003.567,8816.075,8045.326,0.0514
mixed,4,1,0.25,4.0,2048,4096,128,512,224,11948.886,11990.005,11939.221,-0.235
mixed,4,1,0.25,4.0,2048,4096,256,1024,448,11961.721,12010.585,11973.846,0.2481
mixed,4,1,0.25,4.0,2048,4096,512,2048,896,12005.493,12135.891,12007.67,0.0167
mixed,4,1,0.25,4.0,2048,4096,1024,4096,1792,12059.482,12291.316,12078.009,0.0799
mixed,4,1,0.25,4.0,2048,4096,2048,8192,3584,12216.181,12601.43,12252.12,0.0933
mixed,4,1,0.25,4.0,2048,4096,4096,16384,7168,12543.796,13322.098,12563.027,0.0247
mixed,4,1,0.25,4.0,2048,8192,128,512,224,20796.701,20830.148,20628.959,-5.0152
mixed,4,1,0.25,4.0,2048,8192,256,1024,448,20818.116,20920.252,20833.091,0.1466
mixed,4,1,0.25,4.0,2048,8192,512,2048,896,20744.579,20955.167,20882.112,0.6531
mixed,4,1,0.25,4.0,2048,8192,1024,4096,1792,20932.614,21158.531,20834.022,-0.4364
mixed,4,1,0.25,4.0,2048,8192,2048,8192,3584,21091.84,21331.682,21141.536,0.2072
mixed,4,1,0.25,4.0,2048,8192,4096,16384,7168,21245.918,22217.561,21352.027,0.1092
pure,4,2,0.5,4.0,0,0,128,512,320,68.735,88.927,69.313,0.0286
pure,4,2,0.5,4.0,0,0,256,1024,640,98.464,132.672,100.64,0.0636
pure,4,2,0.5,4.0,0,0,512,2048,1280,200.957,276.126,195.68,-0.0702
pure,4,2,0.5,4.0,0,0,1024,4096,2560,323.486,478.109,333.566,0.0652
pure,4,2,0.5,4.0,0,0,2048,8192,5120,576.667,880.092,601.373,0.0814
pure,4,2,0.5,4.0,0,0,4096,16384,10240,1078.008,1681.173,1133.242,0.0916
mixed,4,2,0.5,4.0,16,0,128,512,320,114.783,137.983,116.032,0.0538
mixed,4,2,0.5,4.0,16,0,256,1024,640,150.688,188.512,149.12,-0.0415
mixed,4,2,0.5,4.0,16,0,512,2048,1280,212.989,294.878,216.16,0.0387
mixed,4,2,0.5,4.0,16,0,1024,4096,2560,347.102,499.837,357.79,0.07
mixed,4,2,0.5,4.0,16,0,2048,8192,5120,598.043,897.499,622.075,0.0803
mixed,4,2,0.5,4.0,16,0,4096,16384,10240,1101.466,1698.71,1156.923,0.0929
mixed,4,2,0.5,4.0,16,512,128,512,320,163.293,188.159,164.736,0.058
mixed,4,2,0.5,4.0,16,512,256,1024,640,201.887,240.893,202.43,0.0139
mixed,4,2,0.5,4.0,16,512,512,2048,1280,265.183,348.126,267.804,0.0316
mixed,4,2,0.5,4.0,16,512,1024,4096,2560,396.576,549.115,406.655,0.0661
mixed,4,2,0.5,4.0,16,512,2048,8192,5120,650.01,953.785,671.997,0.0724
mixed,4,2,0.5,4.0,16,512,4096,16384,10240,1153.015,1755.415,1207.926,0.0912
mixed,4,2,0.5,4.0,16,1024,128,512,320,187.456,210.367,188.16,0.0307
mixed,4,2,0.5,4.0,16,1024,256,1024,640,224.768,265.247,225.374,0.015
mixed,4,2,0.5,4.0,16,1024,512,2048,1280,288.799,371.741,293.566,0.0575
mixed,4,2,0.5,4.0,16,1024,1024,4096,2560,421.917,575.485,432.033,0.0659
mixed,4,2,0.5,4.0,16,1024,2048,8192,5120,670.46,978.107,694.363,0.0777
mixed,4,2,0.5,4.0,16,1024,4096,16384,10240,1174.201,1774.227,1223.992,0.083
mixed,4,2,0.5,4.0,16,2048,128,512,320,206.495,231.55,208.253,0.0702
mixed,4,2,0.5,4.0,16,2048,256,1024,640,245.214,287.712,249.915,0.1106
mixed,4,2,0.5,4.0,16,2048,512,2048,1280,312.864,394.241,314.847,0.0244
mixed,4,2,0.5,4.0,16,2048,1024,4096,2560,444.541,599.292,450.714,0.0399
mixed,4,2,0.5,4.0,16,2048,2048,8192,5120,692.733,996.954,716.187,0.0771
mixed,4,2,0.5,4.0,16,2048,4096,16384,10240,1200.889,1798.039,1248.825,0.0803
mixed,4,2,0.5,4.0,16,4096,128,512,320,260.382,286.303,260.926,0.021
mixed,4,2,0.5,4.0,16,4096,256,1024,640,298.556,340.991,301.918,0.0792
mixed,4,2,0.5,4.0,16,4096,512,2048,1280,366.813,444.092,370.08,0.0423
mixed,4,2,0.5,4.0,16,4096,1024,4096,2560,492.892,650.557,504.991,0.0767
mixed,4,2,0.5,4.0,16,4096,2048,8192,5120,747.674,1046.649,767.933,0.0678
mixed,4,2,0.5,4.0,16,4096,4096,16384,10240,1253.942,1852.023,1300.026,0.0771
mixed,4,2,0.5,4.0,16,8192,128,512,320,366.911,390.621,365.501,-0.0595
mixed,4,2,0.5,4.0,16,8192,256,1024,640,404.862,442.845,403.805,-0.0278
mixed,4,2,0.5,4.0,16,8192,512,2048,1280,469.917,546.94,471.835,0.0249
mixed,4,2,0.5,4.0,16,8192,1024,4096,2560,598.684,751.676,609.28,0.0693
mixed,4,2,0.5,4.0,16,8192,2048,8192,5120,853.851,1149.913,874.201,0.0687
mixed,4,2,0.5,4.0,16,8192,4096,16384,10240,1352.022,1952.885,1404.787,0.0878
mixed,4,2,0.5,4.0,32,0,128,512,320,151.839,175.679,153.054,0.051
mixed,4,2,0.5,4.0,32,0,256,1024,640,189.088,227.741,189.087,-0.0
mixed,4,2,0.5,4.0,32,0,512,2048,1280,252.51,334.108,254.847,0.0286
mixed,4,2,0.5,4.0,32,0,1024,4096,2560,382.528,540.285,396.894,0.0911
mixed,4,2,0.5,4.0,32,0,2048,8192,5120,635.037,938.012,656.06,0.0694
mixed,4,2,0.5,4.0,32,0,4096,16384,10240,1137.176,1739.893,1194.395,0.0949
mixed,4,2,0.5,4.0,32,512,128,512,320,207.294,234.879,207.774,0.0174
mixed,4,2,0.5,4.0,32,512,256,1024,640,247.967,287.678,249.248,0.0323
mixed,4,2,0.5,4.0,32,512,512,2048,1280,313.408,393.306,317.024,0.0453
mixed,4,2,0.5,4.0,32,512,1024,4096,2560,442.973,596.092,454.524,0.0754
mixed,4,2,0.5,4.0,32,512,2048,8192,5120,695.868,999.709,718.267,0.0737
mixed,4,2,0.5,4.0,32,512,4096,16384,10240,1193.018,1797.943,1251.93,0.0974
mixed,4,2,0.5,4.0,32,1024,128,512,320,271.647,298.687,272.639,0.0367
mixed,4,2,0.5,4.0,32,1024,256,1024,640,311.585,354.079,314.783,0.0753
mixed,4,2,0.5,4.0,32,1024,512,2048,1280,380.283,458.494,381.18,0.0115
mixed,4,2,0.5,4.0,32,1024,1024,4096,2560,508.317,661.821,518.045,0.0634
mixed,4,2,0.5,4.0,32,1024,2048,8192,5120,756.892,1059.546,781.053,0.0798
mixed,4,2,0.5,4.0,32,1024,4096,16384,10240,1265.561,1862.391,1315.352,0.0834
mixed,4,2,0.5,4.0,32,2048,128,512,320,309.533,335.613,311.135,0.0614
mixed,4,2,0.5,4.0,32,2048,256,1024,640,349.278,388.51,353.341,0.1036
mixed,4,2,0.5,4.0,32,2048,512,2048,1280,415.103,494.624,415.998,0.0113
mixed,4,2,0.5,4.0,32,2048,1024,4096,2560,544.544,695.421,556.19,0.0772
mixed,4,2,0.5,4.0,32,2048,2048,8192,5120,795.9,1100.696,820.315,0.0801
mixed,4,2,0.5,4.0,32,2048,4096,16384,10240,1298.106,1896.437,1351.19,0.0887
mixed,4,2,0.5,4.0,32,4096,128,512,320,420.224,444.383,420.223,-0.0
mixed,4,2,0.5,4.0,32,4096,256,1024,640,460.35,494.908,460.415,0.0019
mixed,4,2,0.5,4.0,32,4096,512,2048,1280,528.858,605.308,526.462,-0.0313
mixed,4,2,0.5,4.0,32,4096,1024,4096,2560,652.573,805.531,663.55,0.0718
mixed,4,2,0.5,4.0,32,4096,2048,8192,5120,904.413,1204.696,925.082,0.0688
mixed,4,2,0.5,4.0,32,4096,4096,16384,10240,1406.648,2003.378,1460.279,0.0899
mixed,4,2,0.5,4.0,32,8192,128,512,320,626.366,646.621,622.524,-0.1897
mixed,4,2,0.5,4.0,32,8192,256,1024,640,662.876,704.025,664.701,0.0444
mixed,4,2,0.5,4.0,32,8192,512,2048,1280,727.802,803.226,728.827,0.0136
mixed,4,2,0.5,4.0,32,8192,1024,4096,2560,854.332,1002.811,863.772,0.0636
mixed,4,2,0.5,4.0,32,8192,2048,8192,5120,1101.977,1400.952,1127.995,0.087
mixed,4,2,0.5,4.0,32,8192,4096,16384,10240,1602.966,2204.083,1665.045,0.1033
mixed,4,2,0.5,4.0,64,0,128,512,320,153.823,177.76,154.975,0.0481
mixed,4,2,0.5,4.0,64,0,256,1024,640,189.921,232.478,192.99,0.0721
mixed,4,2,0.5,4.0,64,0,512,2048,1280,260.605,344.062,260.7,0.0011
mixed,4,2,0.5,4.0,64,0,1024,4096,2560,392.735,546.813,402.973,0.0664
mixed,4,2,0.5,4.0,64,0,2048,8192,5120,651.323,958.777,671.965,0.0671
mixed,4,2,0.5,4.0,64,0,4096,16384,10240,1158.104,1767.539,1217.56,0.0976
mixed,4,2,0.5,4.0,64,512,128,512,320,287.746,312.893,289.597,0.0736
mixed,4,2,0.5,4.0,64,512,256,1024,640,328.799,372.031,330.396,0.0369
mixed,4,2,0.5,4.0,64,512,512,2048,1280,395.805,476.924,398.847,0.0375
mixed,4,2,0.5,4.0,64,512,1024,4096,2560,527.579,688.029,541.917,0.0894
mixed,4,2,0.5,4.0,64,512,2048,8192,5120,785.371,1093.175,805.146,0.0642
mixed,4,2,0.5,4.0,64,512,4096,16384,10240,1291.959,1908.951,1349.72,0.0936
mixed,4,2,0.5,4.0,64,1024,128,512,320,369.949,395.708,369.052,-0.0348
mixed,4,2,0.5,4.0,64,1024,256,1024,640,408.7,451.903,412.957,0.0985
mixed,4,2,0.5,4.0,64,1024,512,2048,1280,478.175,553.98,477.949,-0.003
mixed,4,2,0.5,4.0,64,1024,1024,4096,2560,608.154,762.972,615.994,0.0506
mixed,4,2,0.5,4.0,64,1024,2048,8192,5120,862.043,1168.759,884.439,0.073
mixed,4,2,0.5,4.0,64,1024,4096,16384,10240,1368.28,1979.638,1427.544,0.0969
mixed,4,2,0.5,4.0,64,2048,128,512,320,474.525,498.812,472.797,-0.0711
mixed,4,2,0.5,4.0,64,2048,256,1024,640,510.363,551.93,514.045,0.0886
mixed,4,2,0.5,4.0,64,2048,512,2048,1280,577.598,659.579,579.837,0.0273
mixed,4,2,0.5,4.0,64,2048,1024,4096,2560,707.23,863.001,715.644,0.054
mixed,4,2,0.5,4.0,64,2048,2048,8192,5120,963.513,1271.768,984.089,0.0667
mixed,4,2,0.5,4.0,64,2048,4096,16384,10240,1472.692,2080.564,1527.253,0.0898
mixed,4,2,0.5,4.0,64,4096,128,512,320,675.197,700.186,677.053,0.0743
mixed,4,2,0.5,4.0,64,4096,256,1024,640,714.778,753.498,716.859,0.0537
mixed,4,2,0.5,4.0,64,4096,512,2048,1280,780.124,861.05,779.321,-0.0099
mixed,4,2,0.5,4.0,64,4096,1024,4096,2560,910.458,1064.604,919.066,0.0558
mixed,4,2,0.5,4.0,64,4096,2048,8192,5120,1166.33,1471.029,1187.352,0.069
mixed,4,2,0.5,4.0,64,4096,4096,16384,10240,1671.73,2279.572,1729.333,0.0948
mixed,4,2,0.5,4.0,64,8192,128,512,320,1067.162,1094.971,1071.353,0.1507
mixed,4,2,0.5,4.0,64,8192,256,1024,640,1109.563,1151.672,1113.274,0.0881
mixed,4,2,0.5,4.0,64,8192,512,2048,1280,1178.076,1256.601,1177.498,-0.0074
mixed,4,2,0.5,4.0,64,8192,1024,4096,2560,1306.04,1459.097,1318.294,0.0801
mixed,4,2,0.5,4.0,64,8192,2048,8192,5120,1559.348,1867.286,1584.151,0.0805
mixed,4,2,0.5,4.0,64,8192,4096,16384,10240,2073.588,2680.242,2125.01,0.0848
mixed,4,2,0.5,4.0,128,0,128,512,320,177.794,202.272,177.47,-0.0132
mixed,4,2,0.5,4.0,128,0,256,1024,640,215.678,261.793,218.144,0.0535
mixed,4,2,0.5,4.0,128,0,512,2048,1280,287.292,366.941,285.471,-0.0229
mixed,4,2,0.5,4.0,128,0,1024,4096,2560,414.88,575.067,429.438,0.0909
mixed,4,2,0.5,4.0,128,0,2048,8192,5120,677.596,980.058,694.682,0.0565
mixed,4,2,0.5,4.0,128,0,4096,16384,10240,1189.56,1792.821,1240.185,0.0839
mixed,4,2,0.5,4.0,128,512,128,512,320,419.261,443.456,418.62,-0.0265
mixed,4,2,0.5,4.0,128,512,256,1024,640,456.414,499.196,461.694,0.1234
mixed,4,2,0.5,4.0,128,512,512,2048,1280,526.301,607.196,526.397,0.0012
mixed,4,2,0.5,4.0,128,512,1024,4096,2560,654.877,811.515,664.827,0.0635
mixed,4,2,0.5,4.0,128,512,2048,8192,5120,912.411,1215.159,929.211,0.0555
mixed,4,2,0.5,4.0,128,512,4096,16384,10240,1416.986,2028.147,1468.31,0.084
mixed,4,2,0.5,4.0,128,1024,128,512,320,518.592,542.107,517.342,-0.0532
mixed,4,2,0.5,4.0,128,1024,256,1024,640,556.543,597.978,559.069,0.061
mixed,4,2,0.5,4.0,128,1024,512,2048,1280,624.285,701.594,624.922,0.0082
mixed,4,2,0.5,4.0,128,1024,1024,4096,2560,751.741,905.658,764.444,0.0825
mixed,4,2,0.5,4.0,128,1024,2048,8192,5120,1012.09,1312.859,1027.833,0.0523
mixed,4,2,0.5,4.0,128,1024,4096,16384,10240,1517.014,2122.263,1581.143,0.106
mixed,4,2,0.5,4.0,128,2048,128,512,320,719.581,744.891,719.74,0.0063
mixed,4,2,0.5,4.0,128,2048,256,1024,640,760.413,801.755,760.633,0.0053
mixed,4,2,0.5,4.0,128,2048,512,2048,1280,825.532,908.409,828.86,0.0402
mixed,4,2,0.5,4.0,128,2048,1024,4096,2560,955.737,1113.432,966.393,0.0676
mixed,4,2,0.5,4.0,128,2048,2048,8192,5120,1211.645,1516.056,1232.759,0.0694
mixed,4,2,0.5,4.0,128,2048,4096,16384,10240,1715.702,2334.546,1775.414,0.0965
mixed,4,2,0.5,4.0,128,4096,128,512,320,1116.315,1142.295,1117.462,0.0441
mixed,4,2,0.5,4.0,128,4096,256,1024,640,1154.617,1196.821,1155.959,0.0318
mixed,4,2,0.5,4.0,128,4096,512,2048,1280,1223.321,1299.192,1224.154,0.011
mixed,4,2,0.5,4.0,128,4096,1024,4096,2560,1348.694,1505.69,1359.162,0.0667
mixed,4,2,0.5,4.0,128,4096,2048,8192,5120,1607.383,1908.181,1628.118,0.0689
mixed,4,2,0.5,4.0,128,4096,4096,16384,10240,2117.045,2724.05,2168.788,0.0852
mixed,4,2,0.5,4.0,128,8192,128,512,320,1909.749,1932.405,1909.046,-0.031
mixed,4,2,0.5,4.0,128,8192,256,1024,640,1944.692,1987.126,1944.468,-0.0053
mixed,4,2,0.5,4.0,128,8192,512,2048,1280,2014.966,2091.699,2014.133,-0.0109
mixed,4,2,0.5,4.0,128,8192,1024,4096,2560,2139.603,2291.503,2150.228,0.0699
mixed,4,2,0.5,4.0,128,8192,2048,8192,5120,2395.186,2699.309,2415.921,0.0682
mixed,4,2,0.5,4.0,128,8192,4096,16384,10240,2902.289,3510.604,2966.96,0.1063
mixed,4,2,0.5,4.0,256,0,128,512,320,472.702,497.214,470.397,-0.094
mixed,4,2,0.5,4.0,256,0,256,1024,640,511.006,555.899,515.069,0.0905
mixed,4,2,0.5,4.0,256,0,512,2048,1280,576.03,653.978,577.051,0.0131
mixed,4,2,0.5,4.0,256,0,1024,4096,2560,707.931,860.317,720.347,0.0815
mixed,4,2,0.5,4.0,256,0,2048,8192,5120,956.638,1263.801,981.914,0.0823
mixed,4,2,0.5,4.0,256,0,4096,16384,10240,1472.15,2075.154,1524.119,0.0862
mixed,4,2,0.5,4.0,256,512,128,512,320,673.598,699.931,672.603,-0.0378
mixed,4,2,0.5,4.0,256,512,256,1024,640,709.978,754.876,714.108,0.092
mixed,4,2,0.5,4.0,256,512,512,2048,1280,775.516,855.516,779.642,0.0516
mixed,4,2,0.5,4.0,256,512,1024,4096,2560,904.763,1059.323,919.035,0.0923
mixed,4,2,0.5,4.0,256,512,2048,8192,5120,1159.833,1467.931,1181.178,0.0693
mixed,4,2,0.5,4.0,256,512,4096,16384,10240,1669.752,2282.546,1725.427,0.0909
mixed,4,2,0.5,4.0,256,1024,128,512,320,872.892,899.099,873.594,0.0268
mixed,4,2,0.5,4.0,256,1024,256,1024,640,910.842,953.497,917.148,0.1478
mixed,4,2,0.5,4.0,256,1024,512,2048,1280,977.527,1054.65,978.648,0.0145
mixed,4,2,0.5,4.0,256,1024,1024,4096,2560,1106.04,1259.607,1116.955,0.0711
mixed,4,2,0.5,4.0,256,1024,2048,8192,5120,1356.76,1666.007,1378.038,0.0688
mixed,4,2,0.5,4.0,256,1024,4096,16384,10240,1865.013,2478.323,1921.011,0.0913
mixed,4,2,0.5,4.0,256,2048,128,512,320,1269.847,1295.835,1269.017,-0.0319
mixed,4,2,0.5,4.0,256,2048,256,1024,640,1309.56,1350.36,1310.297,0.0181
mixed,4,2,0.5,4.0,256,2048,512,2048,1280,1376.309,1453.398,1377.08,0.01
mixed,4,2,0.5,4.0,256,2048,1024,4096,2560,1496.727,1654.292,1512.151,0.0979
mixed,4,2,0.5,4.0,256,2048,2048,8192,5120,1753.557,2066.836,1777.492,0.0764
mixed,4,2,0.5,4.0,256,2048,4096,16384,10240,2268.949,2874.927,2321.905,0.0874
mixed,4,2,0.5,4.0,256,4096,128,512,320,2059.474,2081.939,2063.472,0.178
mixed,4,2,0.5,4.0,256,4096,256,1024,640,2097.97,2135.956,2099.925,0.0515
mixed,4,2,0.5,4.0,256,4096,512,2048,1280,2160.691,2242.833,2162.833,0.0261
mixed,4,2,0.5,4.0,256,4096,1024,4096,2560,2292.595,2447.248,2303.122,0.0681
mixed,4,2,0.5,4.0,256,4096,2048,8192,5120,2546.194,2845.901,2565.842,0.0656
mixed,4,2,0.5,4.0,256,4096,4096,16384,10240,3061.676,3660.426,3114.09,0.0875
mixed,4,2,0.5,4.0,256,8192,128,512,320,3644.841,3669.639,3651.788,0.2801
mixed,4,2,0.5,4.0,256,8192,256,1024,640,3676.425,3720.843,3678.73,0.0519
mixed,4,2,0.5,4.0,256,8192,512,2048,1280,3742.31,3825.675,3751.946,0.1156
mixed,4,2,0.5,4.0,256,8192,1024,4096,2560,3873.64,4031.368,3887.782,0.0897
mixed,4,2,0.5,4.0,256,8192,2048,8192,5120,4123.048,4441.834,4150.885,0.0873
mixed,4,2,0.5,4.0,256,8192,4096,16384,10240,4645.989,5248.417,4704.71,0.0975
mixed,4,2,0.5,4.0,512,0,128,512,320,551.901,574.62,548.477,-0.1507
mixed,4,2,0.5,4.0,512,0,256,1024,640,589.373,631.515,591.453,0.0494
mixed,4,2,0.5,4.0,512,0,512,2048,1280,654.717,738.939,656.284,0.0186
mixed,4,2,0.5,4.0,512,0,1024,4096,2560,786.396,940.665,794.17,0.0504
mixed,4,2,0.5,4.0,512,0,2048,8192,5120,1041.946,1346.775,1069.337,0.0899
mixed,4,2,0.5,4.0,512,0,4096,16384,10240,1553.432,2163.632,1604.632,0.0839
mixed,4,2,0.5,4.0,512,512,128,512,320,973.627,996.6,975.482,0.0807
mixed,4,2,0.5,4.0,512,512,256,1024,640,1012.122,1055.642,1013.945,0.0419
mixed,4,2,0.5,4.0,512,512,512,2048,1280,1079.161,1161.787,1081.787,0.0318
mixed,4,2,0.5,4.0,512,512,1024,4096,2560,1212.119,1361.847,1221.818,0.0648
mixed,4,2,0.5,4.0,512,512,2048,8192,5120,1468.727,1772.659,1490.549,0.0718
mixed,4,2,0.5,4.0,512,512,4096,16384,10240,1973.716,2582.31,2028.866,0.0906
mixed,4,2,0.5,4.0,512,1024,128,512,320,1372.29,1397.569,1375.843,0.1406
mixed,4,2,0.5,4.0,512,1024,256,1024,640,1412.036,1452.546,1412.451,0.0102
mixed,4,2,0.5,4.0,512,1024,512,2048,1280,1479.875,1559.327,1478.435,-0.0181
mixed,4,2,0.5,4.0,512,1024,1024,4096,2560,1607.365,1762.019,1614.979,0.0492
mixed,4,2,0.5,4.0,512,1024,2048,8192,5120,1865.859,2169.606,1888.227,0.0736
mixed,4,2,0.5,4.0,512,1024,4096,16384,10240,2375.779,2981.51,2425.251,0.0817
mixed,4,2,0.5,4.0,512,2048,128,512,320,2169.604,2190.467,2171.683,0.0997
mixed,4,2,0.5,4.0,512,2048,256,1024,640,2210.243,2249.061,2205.859,-0.1129
mixed,4,2,0.5,4.0,512,2048,512,2048,1280,2272.072,2352.611,2271.175,-0.0111
mixed,4,2,0.5,4.0,512,2048,1024,4096,2560,2402.816,2556.452,2415.59,0.0831
mixed,4,2,0.5,4.0,512,2048,2048,8192,5120,2658.787,2970.151,2677.411,0.0598
mixed,4,2,0.5,4.0,512,2048,4096,16384,10240,3168.869,3778.405,3228.579,0.098
mixed,4,2,0.5,4.0,512,4096,128,512,320,3749.539,3749.476,3713.033,
mixed,4,2,0.5,4.0,512,4096,256,1024,640,3791.334,3832.258,3764.134,-0.6646
mixed,4,2,0.5,4.0,512,4096,512,2048,1280,3820.679,3921.066,3850.117,0.2932
mixed,4,2,0.5,4.0,512,4096,1024,4096,2560,3989.032,4116.458,3986.149,-0.0226
mixed,4,2,0.5,4.0,512,4096,2048,8192,5120,4232.677,4516.741,4248.965,0.0573
mixed,4,2,0.5,4.0,512,4096,4096,16384,10240,4712.773,5324.742,4809.126,0.1574
mixed,4,2,0.5,4.0,512,8192,128,512,320,6902.217,6911.625,6909.223,0.7447
mixed,4,2,0.5,4.0,512,8192,256,1024,640,6950.503,6985.353,6957.453,0.1994
mixed,4,2,0.5,4.0,512,8192,512,2048,1280,7008.107,7079.017,7007.528,-0.0082
mixed,4,2,0.5,4.0,512,8192,1024,4096,2560,7130.408,7293.739,7162.825,0.1985
mixed,4,2,0.5,4.0,512,8192,2048,8192,5120,7398.315,7701.199,7416.713,0.0607
mixed,4,2,0.5,4.0,512,8192,4096,16384,10240,7901.418,8507.151,7952.136,0.0837
mixed,4,2,0.5,4.0,1024,0,128,512,320,1340.419,1364.001,1343.489,0.1302
mixed,4,2,0.5,4.0,1024,0,256,1024,640,1380.996,1420.226,1380.898,-0.0025
mixed,4,2,0.5,4.0,1024,0,512,2048,1280,1449.218,1529.699,1448.449,-0.0096
mixed,4,2,0.5,4.0,1024,0,1024,4096,2560,1580.353,1735.136,1588.259,0.0511
mixed,4,2,0.5,4.0,1024,0,2048,8192,5120,1833.538,2139.618,1856.707,0.0757
mixed,4,2,0.5,4.0,1024,0,4096,16384,10240,2343.33,2956.293,2399.139,0.091
mixed,4,2,0.5,4.0,1024,512,128,512,320,2192.647,2217.124,2194.179,0.0626
mixed,4,2,0.5,4.0,1024,512,256,1024,640,2234.243,2273.347,2234.949,0.0181
mixed,4,2,0.5,4.0,1024,512,512,2048,1280,2298.753,2379.971,2302.114,0.0414
mixed,4,2,0.5,4.0,1024,512,1024,4096,2560,2434.083,2584.611,2441.443,0.0489
mixed,4,2,0.5,4.0,1024,512,2048,8192,5120,2685.156,2993.283,2706.372,0.0689
mixed,4,2,0.5,4.0,1024,512,4096,16384,10240,3194.244,3805.956,3262.98,0.1124
mixed,4,2,0.5,4.0,1024,1024,128,512,320,2991.587,3022.339,2991.458,-0.0042
mixed,4,2,0.5,4.0,1024,1024,256,1024,640,3033.891,3078.213,3031.046,-0.0642
mixed,4,2,0.5,4.0,1024,1024,512,2048,1280,3103.045,3185.54,3104.163,0.0136
mixed,4,2,0.5,4.0,1024,1024,1024,4096,2560,3235.845,3390.693,3237.635,0.0116
mixed,4,2,0.5,4.0,1024,1024,2048,8192,5120,3490.694,3794.854,3507.843,0.0564
mixed,4,2,0.5,4.0,1024,1024,4096,16384,10240,3994.468,4607.269,4056.39,0.101
mixed,4,2,0.5,4.0,1024,2048,128,512,320,4576.996,4591.844,4584.165,0.4828
mixed,4,2,0.5,4.0,1024,2048,256,1024,640,4611.619,4653.478,4598.532,-0.3126
mixed,4,2,0.5,4.0,1024,2048,512,2048,1280,4671.684,4760.676,4681.316,0.1082
mixed,4,2,0.5,4.0,1024,2048,1024,4096,2560,4812.55,4967.717,4826.66,0.0909
mixed,4,2,0.5,4.0,1024,2048,2048,8192,5120,5076.579,5390.441,5093.284,0.0532
mixed,4,2,0.5,4.0,1024,2048,4096,16384,10240,5578.341,6168.328,5652.71,0.1261
mixed,4,2,0.5,4.0,1024,4096,128,512,320,7733.033,7755.562,7705.196,-1.2356
mixed,4,2,0.5,4.0,1024,4096,256,1024,640,7766.086,7793.767,7726.153,-1.4426
mixed,4,2,0.5,4.0,1024,4096,512,2048,1280,7802.791,7881.001,7824.329,0.2754
mixed,4,2,0.5,4.0,1024,4096,1024,4096,2560,7938.473,8084.072,7971.878,0.2294
mixed,4,2,0.5,4.0,1024,4096,2048,8192,5120,8185.836,8497.354,8203.753,0.0575
mixed,4,2,0.5,4.0,1024,4096,4096,16384,10240,8692.167,9314.667,8749.517,0.0921
mixed,4,2,0.5,4.0,1024,8192,128,512,320,13990.129,14025.936,13988.271,-0.0519
mixed,4,2,0.5,4.0,1024,8192,256,1024,640,14039.339,14079.179,14059.98,0.5181
mixed,4,2,0.5,4.0,1024,8192,512,2048,1280,14120.46,14129.329,14100.756,-2.2217
mixed,4,2,0.5,4.0,1024,8192,1024,4096,2560,14242.253,14422.671,14216.779,-0.1412
mixed,4,2,0.5,4.0,1024,8192,2048,8192,5120,14488.364,14779.562,14546.032,0.198
mixed,4,2,0.5,4.0,1024,8192,4096,16384,10240,14967.246,15618.539,15043.569,0.1172
mixed,4,2,0.5,4.0,2048,0,128,512,320,3988.227,4021.731,3157.092,-24.807
mixed,4,2,0.5,4.0,2048,0,256,1024,640,3199.587,3233.381,3202.211,0.0776
mixed,4,2,0.5,4.0,2048,0,512,2048,1280,3259.106,3600.547,3482.082,0.653
mixed,4,2,0.5,4.0,2048,0,1024,4096,2560,3948.132,3484.29,3351.107,
mixed,4,2,0.5,4.0,2048,0,2048,8192,5120,3563.014,3823.523,3570.37,0.0282
mixed,4,2,0.5,4.0,2048,0,4096,16384,10240,4325.733,4589.446,4084.356,-0.9153
mixed,4,2,0.5,4.0,2048,512,128,512,320,4297.218,4321.669,4294.917,-0.0941
mixed,4,2,0.5,4.0,2048,512,256,1024,640,4332.646,4784.966,4303.139,-0.0652
mixed,4,2,0.5,4.0,2048,512,512,2048,1280,4356.993,4424.869,4357.446,0.0067
mixed,4,2,0.5,4.0,2048,512,1024,4096,2560,4470.179,4597.443,4927.043,3.5899
mixed,4,2,0.5,4.0,2048,512,2048,8192,5120,4654.243,4913.795,4662.98,0.0337
mixed,4,2,0.5,4.0,2048,512,4096,16384,10240,5089.091,5616.997,5045.318,-0.0829
mixed,4,2,0.5,4.0,2048,1024,128,512,320,5330.375,5348.006,5318.116,-0.6953
mixed,4,2,0.5,4.0,2048,1024,256,1024,640,5361.924,5929.221,5772.646,0.724
mixed,4,2,0.5,4.0,2048,1024,512,2048,1280,5512.581,5487.365,5416.515,
mixed,4,2,0.5,4.0,2048,1024,1024,4096,2560,5525.091,5654.147,5533.539,0.0655
mixed,4,2,0.5,4.0,2048,1024,2048,8192,5120,6237.384,6058.502,5792.421,
mixed,4,2,0.5,4.0,2048,1024,4096,16384,10240,6145.159,6656.807,6156.577,0.0223
mixed,4,2,0.5,4.0,2048,2048,128,512,320,7629.829,7451.621,7402.502,
mixed,4,2,0.5,4.0,2048,2048,256,1024,640,7444.354,7479.845,7444.934,0.0163
mixed,4,2,0.5,4.0,2048,2048,512,2048,1280,7497.606,8374.726,7497.379,-0.0003
mixed,4,2,0.5,4.0,2048,2048,1024,4096,2560,7610.02,7739.719,7613.508,0.0269
mixed,4,2,0.5,4.0,2048,2048,2048,8192,5120,8276.58,8704.167,7831.113,-1.0418
mixed,4,2,0.5,4.0,2048,2048,4096,16384,10240,8269.255,8781.831,8277.286,0.0157
mixed,4,2,0.5,4.0,2048,4096,128,512,320,11957.193,11973.318,11935.85,-1.3236
mixed,4,2,0.5,4.0,2048,4096,256,1024,640,11976.678,12066.314,11976.457,-0.0025
mixed,4,2,0.5,4.0,2048,4096,512,2048,1280,12032.423,12101.477,12051.304,0.2734
mixed,4,2,0.5,4.0,2048,4096,1024,4096,2560,12163.175,12282.854,12151.462,-0.0979
mixed,4,2,0.5,4.0,2048,4096,2048,8192,5120,12366.983,12608.332,12432.007,0.2694
mixed,4,2,0.5,4.0,2048,4096,4096,16384,10240,12820.035,13377.123,12859.303,0.0705
mixed,4,2,0.5,4.0,2048,8192,128,512,320,20784.017,20833.9,20705.005,-1.5839
mixed,4,2,0.5,4.0,2048,8192,256,1024,640,20737.292,20939.085,20860.651,0.6113
mixed,4,2,0.5,4.0,2048,8192,512,2048,1280,20805.387,20921.292,20907.626,0.8821
mixed,4,2,0.5,4.0,2048,8192,1024,4096,2560,21023.344,21186.062,21082.927,0.3662
mixed,4,2,0.5,4.0,2048,8192,2048,8192,5120,21188.044,21521.68,21194.509,0.0194
mixed,4,2,0.5,4.0,2048,8192,4096,16384,10240,21671.085,22281.163,21583.433,-0.1437
pure,4,3,0.75,4.0,0,0,128,512,416,74.528,88.672,75.647,0.0791
pure,4,3,0.75,4.0,0,0,256,1024,832,113.761,133.119,114.912,0.0595
pure,4,3,0.75,4.0,0,0,512,2048,1664,243.358,274.977,224.544,-0.595
pure,4,3,0.75,4.0,0,0,1024,4096,3328,399.489,477.504,390.593,-0.114
pure,4,3,0.75,4.0,0,0,2048,8192,6656,727.136,879.936,719.905,-0.0473
pure,4,3,0.75,4.0,0,0,4096,16384,13312,1379.806,1676.387,1360.544,-0.0649
mixed,4,3,0.75,4.0,16,0,128,512,416,121.119,136.48,120.223,-0.0583
mixed,4,3,0.75,4.0,16,0,256,1024,832,163.808,190.496,167.424,0.1355
mixed,4,3,0.75,4.0,16,0,512,2048,1664,254.881,294.782,246.433,-0.2117
mixed,4,3,0.75,4.0,16,0,1024,4096,3328,419.298,497.505,411.295,-0.1023
mixed,4,3,0.75,4.0,16,0,2048,8192,6656,747.04,899.907,737.058,-0.0653
mixed,4,3,0.75,4.0,16,0,4096,16384,13312,1403.295,1703.65,1383.906,-0.0646
mixed,4,3,0.75,4.0,16,512,128,512,416,172.288,187.743,169.793,-0.1614
mixed,4,3,0.75,4.0,16,512,256,1024,832,215.903,241.345,217.727,0.0717
mixed,4,3,0.75,4.0,16,512,512,2048,1664,304.608,346.306,298.144,-0.155
mixed,4,3,0.75,4.0,16,512,1024,4096,3328,472.129,552.704,464.288,-0.0973
mixed,4,3,0.75,4.0,16,512,2048,8192,6656,803.422,953.982,792.16,-0.0748
mixed,4,3,0.75,4.0,16,512,4096,16384,13312,1446.495,1748.45,1433.952,-0.0415
mixed,4,3,0.75,4.0,16,1024,128,512,416,194.88,210.499,192.896,-0.127
mixed,4,3,0.75,4.0,16,1024,256,1024,832,239.008,264.608,243.872,0.19
mixed,4,3,0.75,4.0,16,1024,512,2048,1664,329.279,372.192,322.338,-0.1617
mixed,4,3,0.75,4.0,16,1024,1024,4096,3328,497.535,576.609,488.575,-0.1133
mixed,4,3,0.75,4.0,16,1024,2048,8192,6656,827.456,978.018,817.474,-0.0663
mixed,4,3,0.75,4.0,16,1024,4096,16384,13312,1472.481,1771.906,1458.112,-0.048
mixed,4,3,0.75,4.0,16,2048,128,512,416,215.072,230.304,212.959,-0.1387
mixed,4,3,0.75,4.0,16,2048,256,1024,832,261.987,287.648,264.032,0.0797
mixed,4,3,0.75,4.0,16,2048,512,2048,1664,353.665,393.377,340.545,-0.3304
mixed,4,3,0.75,4.0,16,2048,1024,4096,3328,517.696,595.01,509.186,-0.1101
mixed,4,3,0.75,4.0,16,2048,2048,8192,6656,847.615,998.079,838.816,-0.0585
mixed,4,3,0.75,4.0,16,2048,4096,16384,13312,1492.768,1793.311,1476.929,-0.0527
mixed,4,3,0.75,4.0,16,4096,128,512,416,269.442,285.888,265.502,-0.2396
mixed,4,3,0.75,4.0,16,4096,256,1024,832,316.192,343.106,315.296,-0.0333
mixed,4,3,0.75,4.0,16,4096,512,2048,1664,405.601,448.352,396.512,-0.2126
mixed,4,3,0.75,4.0,16,4096,1024,4096,3328,568.128,644.832,564.383,-0.0488
mixed,4,3,0.75,4.0,16,4096,2048,8192,6656,898.817,1047.553,889.922,-0.0598
mixed,4,3,0.75,4.0,16,4096,4096,16384,13312,1544.769,1850.368,1534.849,-0.0325
mixed,4,3,0.75,4.0,16,8192,128,512,416,372.289,392.223,371.968,-0.0161
mixed,4,3,0.75,4.0,16,8192,256,1024,832,419.423,443.108,420.671,0.0527
mixed,4,3,0.75,4.0,16,8192,512,2048,1664,506.527,546.975,499.52,-0.1732
mixed,4,3,0.75,4.0,16,8192,1024,4096,3328,675.105,751.615,665.377,-0.1271
mixed,4,3,0.75,4.0,16,8192,2048,8192,6656,1000.992,1148.159,994.4,-0.0448
mixed,4,3,0.75,4.0,16,8192,4096,16384,13312,1648.098,1944.898,1632.001,-0.0542
mixed,4,3,0.75,4.0,32,0,128,512,416,158.336,175.168,157.63,-0.0419
mixed,4,3,0.75,4.0,32,0,256,1024,832,203.935,226.558,205.024,0.0481
mixed,4,3,0.75,4.0,32,0,512,2048,1664,293.152,335.744,283.552,-0.2254
mixed,4,3,0.75,4.0,32,0,1024,4096,3328,460.16,536.64,452.481,-0.1004
mixed,4,3,0.75,4.0,32,0,2048,8192,6656,786.915,939.456,782.112,-0.0315
mixed,4,3,0.75,4.0,32,0,4096,16384,13312,1440.353,1738.626,1423.264,-0.0573
mixed,4,3,0.75,4.0,32,512,128,512,416,215.456,234.946,215.488,0.0016
mixed,4,3,0.75,4.0,32,512,256,1024,832,263.839,287.84,264.351,0.0213
mixed,4,3,0.75,4.0,32,512,512,2048,1664,352.224,394.974,343.966,-0.1932
mixed,4,3,0.75,4.0,32,512,1024,4096,3328,518.398,597.76,512.574,-0.0734
mixed,4,3,0.75,4.0,32,512,2048,8192,6656,851.328,1016.254,852.447,0.0068
mixed,4,3,0.75,4.0,32,512,4096,16384,13312,1520.672,1826.305,1507.425,-0.0433
mixed,4,3,0.75,4.0,32,1024,128,512,416,278.88,300.0,279.295,0.0196
mixed,4,3,0.75,4.0,32,1024,256,1024,832,329.311,355.968,332.413,0.1164
mixed,4,3,0.75,4.0,32,1024,512,2048,1664,422.625,461.471,413.985,-0.2224
mixed,4,3,0.75,4.0,32,1024,1024,4096,3328,591.041,669.472,587.454,-0.0457
mixed,4,3,0.75,4.0,32,1024,2048,8192,6656,927.071,1076.097,916.831,-0.0687
mixed,4,3,0.75,4.0,32,1024,4096,16384,13312,1584.448,1894.303,1574.079,-0.0335
mixed,4,3,0.75,4.0,32,2048,128,512,416,321.41,339.615,322.207,0.0438
mixed,4,3,0.75,4.0,32,2048,256,1024,832,369.983,395.84,373.696,0.1436
mixed,4,3,0.75,4.0,32,2048,512,2048,1664,462.942,500.227,454.079,-0.2377
mixed,4,3,0.75,4.0,32,2048,1024,4096,3328,628.896,705.376,621.471,-0.0971
mixed,4,3,0.75,4.0,32,2048,2048,8192,6656,965.152,1114.528,953.889,-0.0754
mixed,4,3,0.75,4.0,32,2048,4096,16384,13312,1621.697,1920.129,1605.248,-0.0551
mixed,4,3,0.75,4.0,32,4096,128,512,416,431.934,444.928,426.944,-0.384
mixed,4,3,0.75,4.0,32,4096,256,1024,832,475.713,501.919,481.119,0.2063
mixed,4,3,0.75,4.0,32,4096,512,2048,1664,567.328,607.008,558.624,-0.2194
mixed,4,3,0.75,4.0,32,4096,1024,4096,3328,734.274,817.63,730.305,-0.0476
mixed,4,3,0.75,4.0,32,4096,2048,8192,6656,1068.13,1219.008,1058.209,-0.0658
mixed,4,3,0.75,4.0,32,4096,4096,16384,13312,1731.17,2045.408,1710.723,-0.0651
mixed,4,3,0.75,4.0,32,8192,128,512,416,638.175,657.376,640.192,0.105
mixed,4,3,0.75,4.0,32,8192,256,1024,832,687.808,708.382,687.588,-0.0107
mixed,4,3,0.75,4.0,32,8192,512,2048,1664,773.056,818.016,770.143,-0.0648
mixed,4,3,0.75,4.0,32,8192,1024,4096,3328,945.026,1015.262,933.121,-0.1695
mixed,4,3,0.75,4.0,32,8192,2048,8192,6656,1280.288,1425.761,1269.727,-0.0726
mixed,4,3,0.75,4.0,32,8192,4096,16384,13312,1937.6,2241.599,1918.689,-0.0622
mixed,4,3,0.75,4.0,64,0,128,512,416,161.245,176.864,160.865,-0.0243
mixed,4,3,0.75,4.0,64,0,256,1024,832,207.618,234.432,212.257,0.173
mixed,4,3,0.75,4.0,64,0,512,2048,1664,301.117,342.528,293.248,-0.19
mixed,4,3,0.75,4.0,64,0,1024,4096,3328,468.992,547.136,459.554,-0.1208
mixed,4,3,0.75,4.0,64,0,2048,8192,6656,800.384,955.649,798.56,-0.0117
mixed,4,3,0.75,4.0,64,0,4096,16384,13312,1460.384,1774.368,1447.203,-0.042
mixed,4,3,0.75,4.0,64,512,128,512,416,296.254,313.216,294.208,-0.1206
mixed,4,3,0.75,4.0,64,512,256,1024,832,341.536,368.67,349.024,0.276
mixed,4,3,0.75,4.0,64,512,512,2048,1664,436.195,479.902,429.728,-0.148
mixed,4,3,0.75,4.0,64,512,1024,4096,3328,605.631,686.431,594.368,-0.1394
mixed,4,3,0.75,4.0,64,512,2048,8192,6656,938.432,1088.609,930.849,-0.0505
mixed,4,3,0.75,4.0,64,512,4096,16384,13312,1592.832,1904.223,1586.525,-0.0203
mixed,4,3,0.75,4.0,64,1024,128,512,416,378.144,395.839,376.165,-0.1118
mixed,4,3,0.75,4.0,64,1024,256,1024,832,425.152,450.529,428.799,0.1437
mixed,4,3,0.75,4.0,64,1024,512,2048,1664,518.273,559.263,506.785,-0.2803
mixed,4,3,0.75,4.0,64,1024,1024,4096,3328,685.727,762.56,677.12,-0.112
mixed,4,3,0.75,4.0,64,1024,2048,8192,6656,1016.031,1169.89,1011.807,-0.0275
mixed,4,3,0.75,4.0,64,1024,4096,16384,13312,1676.508,1980.834,1660.127,-0.0538
mixed,4,3,0.75,4.0,64,2048,128,512,416,480.671,498.302,481.215,0.0309
mixed,4,3,0.75,4.0,64,2048,256,1024,832,527.713,552.77,530.08,0.0945
mixed,4,3,0.75,4.0,64,2048,512,2048,1664,618.975,659.265,608.672,-0.2557
mixed,4,3,0.75,4.0,64,2048,1024,4096,3328,785.888,860.16,780.287,-0.0754
mixed,4,3,0.75,4.0,64,2048,2048,8192,6656,1127.392,1270.27,1105.34,-0.1543
mixed,4,3,0.75,4.0,64,2048,4096,16384,13312,1775.36,2086.755,1756.127,-0.0618
mixed,4,3,0.75,4.0,64,4096,128,512,416,682.689,699.936,683.101,0.0239
mixed,4,3,0.75,4.0,64,4096,256,1024,832,728.769,755.712,730.752,0.0736
mixed,4,3,0.75,4.0,64,4096,512,2048,1664,819.583,859.294,814.784,-0.1208
mixed,4,3,0.75,4.0,64,4096,1024,4096,3328,982.406,1062.078,977.44,-0.0623
mixed,4,3,0.75,4.0,64,4096,2048,8192,6656,1317.246,1465.665,1309.922,-0.0493
mixed,4,3,0.75,4.0,64,4096,4096,16384,13312,1968.96,2285.727,1960.64,-0.0263
mixed,4,3,0.75,4.0,64,8192,128,512,416,1081.187,1094.753,1078.047,-0.2315
mixed,4,3,0.75,4.0,64,8192,256,1024,832,1125.087,1151.103,1127.84,0.1058
mixed,4,3,0.75,4.0,64,8192,512,2048,1664,1215.168,1251.137,1208.065,-0.1975
mixed,4,3,0.75,4.0,64,8192,1024,4096,3328,1383.776,1458.017,1371.807,-0.1612
mixed,4,3,0.75,4.0,64,8192,2048,8192,6656,1715.298,1865.281,1706.72,-0.0572
mixed,4,3,0.75,4.0,64,8192,4096,16384,13312,2367.036,2680.895,2361.123,-0.0188
mixed,4,3,0.75,4.0,128,0,128,512,416,184.801,203.549,183.52,-0.0683
mixed,4,3,0.75,4.0,128,0,256,1024,832,233.153,258.173,235.838,0.1073
mixed,4,3,0.75,4.0,128,0,512,2048,1664,325.856,367.229,315.617,-0.2475
mixed,4,3,0.75,4.0,128,0,1024,4096,3328,495.742,571.744,486.335,-0.1238
mixed,4,3,0.75,4.0,128,0,2048,8192,6656,828.095,981.472,819.616,-0.0553
mixed,4,3,0.75,4.0,128,0,4096,16384,13312,1483.586,1788.483,1472.16,-0.0375
mixed,4,3,0.75,4.0,128,512,128,512,416,425.921,444.608,426.238,0.017
mixed,4,3,0.75,4.0,128,512,256,1024,832,475.904,496.543,475.488,-0.0202
mixed,4,3,0.75,4.0,128,512,512,2048,1664,563.903,602.237,555.841,-0.2103
mixed,4,3,0.75,4.0,128,512,1024,4096,3328,730.301,810.75,722.655,-0.095
mixed,4,3,0.75,4.0,128,512,2048,8192,6656,1058.944,1216.863,1049.921,-0.0571
mixed,4,3,0.75,4.0,128,512,4096,16384,13312,1724.704,2022.493,1704.829,-0.0667
mixed,4,3,0.75,4.0,128,1024,128,512,416,525.152,541.921,524.384,-0.0458
mixed,4,3,0.75,4.0,128,1024,256,1024,832,572.255,595.87,575.231,0.126
mixed,4,3,0.75,4.0,128,1024,512,2048,1664,661.344,701.568,653.31,-0.1997
mixed,4,3,0.75,4.0,128,1024,1024,4096,3328,825.12,902.527,819.871,-0.0678
mixed,4,3,0.75,4.0,128,1024,2048,8192,6656,1163.711,1311.552,1151.04,-0.0857
mixed,4,3,0.75,4.0,128,1024,4096,16384,13312,1823.137,2118.591,1800.895,-0.0753
mixed,4,3,0.75,4.0,128,2048,128,512,416,728.286,745.505,728.159,-0.0074
mixed,4,3,0.75,4.0,128,2048,256,1024,832,775.84,800.481,777.536,0.0688
mixed,4,3,0.75,4.0,128,2048,512,2048,1664,864.992,904.031,856.96,-0.2057
mixed,4,3,0.75,4.0,128,2048,1024,4096,3328,1029.504,1109.376,1026.24,-0.0409
mixed,4,3,0.75,4.0,128,2048,2048,8192,6656,1364.479,1513.951,1351.136,-0.0893
mixed,4,3,0.75,4.0,128,2048,4096,16384,13312,2025.725,2329.377,2003.005,-0.0748
mixed,4,3,0.75,4.0,128,4096,128,512,416,1124.927,1141.246,1123.743,-0.0726
mixed,4,3,0.75,4.0,128,4096,256,1024,832,1172.223,1198.431,1174.367,0.0818
mixed,4,3,0.75,4.0,128,4096,512,2048,1664,1265.151,1301.855,1253.409,-0.3199
mixed,4,3,0.75,4.0,128,4096,1024,4096,3328,1424.733,1505.535,1420.67,-0.0503
mixed,4,3,0.75,4.0,128,4096,2048,8192,6656,1755.166,1907.968,1754.718,-0.0029
mixed,4,3,0.75,4.0,128,4096,4096,16384,13312,2420.736,2722.207,2405.439,-0.0507
mixed,4,3,0.75,4.0,128,8192,128,512,416,1912.512,1926.398,1915.039,0.182
mixed,4,3,0.75,4.0,128,8192,256,1024,832,1961.664,1985.311,1963.133,0.0621
mixed,4,3,0.75,4.0,128,8192,512,2048,1664,2050.526,2090.143,2041.087,-0.2383
mixed,4,3,0.75,4.0,128,8192,1024,4096,3328,2214.558,2290.428,2209.215,-0.0704
mixed,4,3,0.75,4.0,128,8192,2048,8192,6656,2548.832,2704.895,2540.255,-0.055
mixed,4,3,0.75,4.0,128,8192,4096,16384,13312,3211.902,3514.877,3192.32,-0.0646
mixed,4,3,0.75,4.0,256,0,128,512,416,479.743,496.994,479.264,-0.0278
mixed,4,3,0.75,4.0,256,0,256,1024,832,524.384,549.824,526.655,0.0893
mixed,4,3,0.75,4.0,256,0,512,2048,1664,614.75,653.698,608.447,-0.1618
mixed,4,3,0.75,4.0,256,0,1024,4096,3328,778.527,859.36,775.807,-0.0336
mixed,4,3,0.75,4.0,256,0,2048,8192,6656,1114.113,1262.399,1110.656,-0.0233
mixed,4,3,0.75,4.0,256,0,4096,16384,13312,1773.79,2075.136,1756.288,-0.0581
mixed,4,3,0.75,4.0,256,512,128,512,416,680.896,699.04,682.015,0.0617
mixed,4,3,0.75,4.0,256,512,256,1024,832,727.616,754.622,729.503,0.0699
mixed,4,3,0.75,4.0,256,512,512,2048,1664,817.312,853.056,808.576,-0.2444
mixed,4,3,0.75,4.0,256,512,1024,4096,3328,981.76,1062.304,973.056,-0.1081
mixed,4,3,0.75,4.0,256,512,2048,8192,6656,1312.348,1469.567,1309.088,-0.0207
mixed,4,3,0.75,4.0,256,512,4096,16384,13312,1969.728,2276.444,1959.264,-0.0341
mixed,4,3,0.75,4.0,256,1024,128,512,416,880.479,896.097,880.033,-0.0286
mixed,4,3,0.75,4.0,256,1024,256,1024,832,928.288,952.416,928.225,-0.0026
mixed,4,3,0.75,4.0,256,1024,512,2048,1664,1015.487,1055.934,1006.432,-0.2239
mixed,4,3,0.75,4.0,256,1024,1024,4096,3328,1183.424,1257.31,1176.638,-0.0918
mixed,4,3,0.75,4.0,256,1024,2048,8192,6656,1514.847,1668.253,1504.766,-0.0657
mixed,4,3,0.75,4.0,256,1024,4096,16384,13312,2174.847,2474.653,2154.622,-0.0675
mixed,4,3,0.75,4.0,256,2048,128,512,416,1279.134,1294.912,1280.989,0.1176
mixed,4,3,0.75,4.0,256,2048,256,1024,832,1325.182,1349.118,1324.895,-0.012
mixed,4,3,0.75,4.0,256,2048,512,2048,1664,1414.37,1456.767,1405.566,-0.2077
mixed,4,3,0.75,4.0,256,2048,1024,4096,3328,1579.2,1658.177,1571.007,-0.1037
mixed,4,3,0.75,4.0,256,2048,2048,8192,6656,1905.984,2060.322,1898.75,-0.0469
mixed,4,3,0.75,4.0,256,2048,4096,16384,13312,2570.652,2871.264,2546.684,-0.0797
mixed,4,3,0.75,4.0,256,4096,128,512,416,2070.013,2082.431,2066.432,-0.2884
mixed,4,3,0.75,4.0,256,4096,256,1024,832,2113.408,2141.376,2123.038,0.3443
mixed,4,3,0.75,4.0,256,4096,512,2048,1664,2204.992,2246.301,2189.311,-0.3796
mixed,4,3,0.75,4.0,256,4096,1024,4096,3328,2367.612,2550.207,2360.124,-0.041
mixed,4,3,0.75,4.0,256,4096,2048,8192,6656,2701.15,2850.947,2690.204,-0.0731
mixed,4,3,0.75,4.0,256,4096,4096,16384,13312,3364.699,3661.566,3342.75,-0.0739
mixed,4,3,0.75,4.0,256,8192,128,512,416,3649.024,3665.693,3651.773,0.1649
mixed,4,3,0.75,4.0,256,8192,256,1024,832,3698.3,3721.248,3700.157,0.0809
mixed,4,3,0.75,4.0,256,8192,512,2048,1664,3785.502,3825.599,3774.718,-0.2689
mixed,4,3,0.75,4.0,256,8192,1024,4096,3328,3950.049,4030.17,3949.757,-0.0036
mixed,4,3,0.75,4.0,256,8192,2048,8192,6656,4286.333,4440.764,4271.9,-0.0935
mixed,4,3,0.75,4.0,256,8192,4096,16384,13312,4943.612,5250.424,4934.778,-0.0288
mixed,4,3,0.75,4.0,512,0,128,512,416,557.823,574.016,556.127,-0.1047
mixed,4,3,0.75,4.0,512,0,256,1024,832,606.812,631.744,607.872,0.0425
mixed,4,3,0.75,4.0,512,0,512,2048,1664,695.583,737.056,690.05,-0.1334
mixed,4,3,0.75,4.0,512,0,1024,4096,3328,862.592,944.864,855.489,-0.0863
mixed,4,3,0.75,4.0,512,0,2048,8192,6656,1194.496,1349.854,1191.295,-0.0206
mixed,4,3,0.75,4.0,512,0,4096,16384,13312,1855.392,2158.559,1838.367,-0.0562
mixed,4,3,0.75,4.0,512,512,128,512,416,982.688,1000.349,980.029,-0.1506
mixed,4,3,0.75,4.0,512,512,256,1024,832,1030.141,1051.584,1028.928,-0.0566
mixed,4,3,0.75,4.0,512,512,512,2048,1664,1117.983,1161.056,1112.094,-0.1367
mixed,4,3,0.75,4.0,512,512,1024,4096,3328,1290.368,1366.172,1278.177,-0.1608
mixed,4,3,0.75,4.0,512,512,2048,8192,6656,1618.048,1771.199,1609.407,-0.0564
mixed,4,3,0.75,4.0,512,512,4096,16384,13312,2281.31,2586.781,2261.854,-0.0637
mixed,4,3,0.75,4.0,512,1024,128,512,416,1381.119,1397.887,1380.415,-0.042
mixed,4,3,0.75,4.0,512,1024,256,1024,832,1430.142,1455.488,1432.225,0.0822
mixed,4,3,0.75,4.0,512,1024,512,2048,1664,1516.255,1559.837,1507.585,-0.1989
mixed,4,3,0.75,4.0,512,1024,1024,4096,3328,1685.599,1761.153,1679.038,-0.0868
mixed,4,3,0.75,4.0,512,1024,2048,8192,6656,2018.111,2172.765,2012.221,-0.0381
mixed,4,3,0.75,4.0,512,1024,4096,16384,13312,2672.735,2979.485,2657.437,-0.0499
mixed,4,3,0.75,4.0,512,2048,128,512,416,2177.793,2193.47,2175.327,-0.1573
mixed,4,3,0.75,4.0,512,2048,256,1024,832,2225.248,2250.366,2230.877,0.2241
mixed,4,3,0.75,4.0,512,2048,512,2048,1664,2312.444,2352.317,2303.068,-0.2351
mixed,4,3,0.75,4.0,512,2048,1024,4096,3328,2478.973,2550.045,2469.535,-0.1328
mixed,4,3,0.75,4.0,512,2048,2048,8192,6656,2814.014,2967.453,2799.388,-0.0953
mixed,4,3,0.75,4.0,512,2048,4096,16384,13312,3476.797,3783.644,3457.407,-0.0632
mixed,4,3,0.75,4.0,512,4096,128,512,416,3746.681,3753.344,3726.909,-2.9674
mixed,4,3,0.75,4.0,512,4096,256,1024,832,3774.813,3807.003,3797.627,0.7087
mixed,4,3,0.75,4.0,512,4096,512,2048,1664,3873.851,3928.957,3890.524,0.3026
mixed,4,3,0.75,4.0,512,4096,1024,4096,3328,4037.566,4112.284,4034.139,-0.0459
mixed,4,3,0.75,4.0,512,4096,2048,8192,6656,4367.547,4523.291,4358.396,-0.0588
mixed,4,3,0.75,4.0,512,4096,4096,16384,13312,5042.781,5314.876,5023.293,-0.0716
mixed,4,3,0.75,4.0,512,8192,128,512,416,6916.764,6941.016,6916.766,0.0001
mixed,4,3,0.75,4.0,512,8192,256,1024,832,6953.146,6996.798,6963.098,0.228
mixed,4,3,0.75,4.0,512,8192,512,2048,1664,7075.579,7112.246,7045.274,-0.8265
mixed,4,3,0.75,4.0,512,8192,1024,4096,3328,7220.119,7298.363,7202.748,-0.222
mixed,4,3,0.75,4.0,512,8192,2048,8192,6656,7553.624,7707.703,7548.154,-0.0355
mixed,4,3,0.75,4.0,512,8192,4096,16384,13312,8215.002,8511.868,8206.746,-0.0278
mixed,4,3,0.75,4.0,1024,0,128,512,416,1351.613,1367.934,1348.446,-0.194
mixed,4,3,0.75,4.0,1024,0,256,1024,832,1398.494,1423.904,1399.645,0.0453
mixed,4,3,0.75,4.0,1024,0,512,2048,1664,1491.391,1529.439,1477.022,-0.3777
mixed,4,3,0.75,4.0,1024,0,1024,4096,3328,1658.333,1730.112,1647.967,-0.1444
mixed,4,3,0.75,4.0,1024,0,2048,8192,6656,1985.983,2138.877,1978.047,-0.0519
mixed,4,3,0.75,4.0,1024,0,4096,16384,13312,2652.575,2951.997,2632.893,-0.0657
mixed,4,3,0.75,4.0,1024,512,128,512,416,2202.973,2221.533,2202.429,-0.0293
mixed,4,3,0.75,4.0,1024,512,256,1024,832,2245.503,2278.975,2250.974,0.1635
mixed,4,3,0.75,4.0,1024,512,512,2048,1664,2335.226,2379.964,2330.044,-0.1158
mixed,4,3,0.75,4.0,1024,512,1024,4096,3328,2511.326,2585.854,2506.813,-0.0606
mixed,4,3,0.75,4.0,1024,512,2048,8192,6656,2851.708,2994.524,2831.004,-0.145
mixed,4,3,0.75,4.0,1024,512,4096,16384,13312,3494.137,3804.733,3484.569,-0.0308
mixed,4,3,0.75,4.0,1024,1024,128,512,416,2997.82,3019.323,3006.044,0.3825
mixed,4,3,0.75,4.0,1024,1024,256,1024,832,3049.179,3074.621,3055.646,0.2542
mixed,4,3,0.75,4.0,1024,1024,512,2048,1664,3142.749,3186.173,3134.62,-0.1872
mixed,4,3,0.75,4.0,1024,1024,1024,4096,3328,3311.42,3387.739,3304.218,-0.0944
mixed,4,3,0.75,4.0,1024,1024,2048,8192,6656,3645.437,3792.827,3637.533,-0.0536
mixed,4,3,0.75,4.0,1024,1024,4096,16384,13312,4308.826,4605.598,4283.609,-0.085
mixed,4,3,0.75,4.0,1024,2048,128,512,416,4577.37,4609.24,4571.45,-0.1858
mixed,4,3,0.75,4.0,1024,2048,256,1024,832,4639.804,4666.041,4623.226,-0.6319
mixed,4,3,0.75,4.0,1024,2048,512,2048,1664,4718.62,4760.059,4724.859,0.1506
mixed,4,3,0.75,4.0,1024,2048,1024,4096,3328,4896.218,4981.596,4882.873,-0.1563
mixed,4,3,0.75,4.0,1024,2048,2048,8192,6656,5230.619,5378.809,5217.465,-0.0888
mixed,4,3,0.75,4.0,1024,2048,4096,16384,13312,5887.095,6193.526,5861.242,-0.0844
mixed,4,3,0.75,4.0,1024,4096,128,512,416,7739.093,7721.748,7701.332,
mixed,4,3,0.75,4.0,1024,4096,256,1024,832,7792.761,7796.151,7779.575,-3.8897
mixed,4,3,0.75,4.0,1024,4096,512,2048,1664,7852.377,7893.456,7848.731,-0.0888
mixed,4,3,0.75,4.0,1024,4096,1024,4096,3328,8003.507,8095.127,8022.937,0.2121
mixed,4,3,0.75,4.0,1024,4096,2048,8192,6656,8364.66,8504.79,8340.31,-0.1738
mixed,4,3,0.75,4.0,1024,4096,4096,16384,13312,9010.103,9320.884,9005.652,-0.0143
mixed,4,3,0.75,4.0,1024,8192,128,512,416,13973.007,14036.234,13976.558,0.0562
mixed,4,3,0.75,4.0,1024,8192,256,1024,832,14044.938,14028.684,14099.116,
mixed,4,3,0.75,4.0,1024,8192,512,2048,1664,14112.142,14139.824,14142.51,1.097
mixed,4,3,0.75,4.0,1024,8192,1024,4096,3328,14287.921,14371.051,14300.078,0.1462
mixed,4,3,0.75,4.0,1024,8192,2048,8192,6656,14651.883,14802.06,14659.722,0.0522
mixed,4,3,0.75,4.0,1024,8192,4096,16384,13312,15351.116,15632.204,15295.981,-0.1961
mixed,4,3,0.75,4.0,2048,0,128,512,416,4006.78,3182.715,3168.957,
mixed,4,3,0.75,4.0,2048,0,256,1024,832,3161.469,3181.753,3162.011,0.0267
mixed,4,3,0.75,4.0,2048,0,512,2048,1664,3238.652,3275.1,3527.962,7.9376
mixed,4,3,0.75,4.0,2048,0,1024,4096,3328,3662.715,4064.729,3403.963,-0.6436
mixed,4,3,0.75,4.0,2048,0,2048,8192,6656,3693.501,3829.883,3632.761,-0.4454
mixed,4,3,0.75,4.0,2048,0,4096,16384,13312,4213.946,4476.346,4207.162,-0.0259
mixed,4,3,0.75,4.0,2048,512,128,512,416,4304.122,4686.521,4644.444,0.89
mixed,4,3,0.75,4.0,2048,512,256,1024,832,4382.554,4339.674,4317.528,
mixed,4,3,0.75,4.0,2048,512,512,2048,1664,4390.872,4427.514,4387.098,-0.103
mixed,4,3,0.75,4.0,2048,512,1024,4096,3328,4985.529,4566.52,4494.684,
mixed,4,3,0.75,4.0,2048,512,2048,8192,6656,4785.045,4922.011,4779.1,-0.0434
mixed,4,3,0.75,4.0,2048,512,4096,16384,13312,5574.905,6004.885,5358.647,-0.5029
mixed,4,3,0.75,4.0,2048,1024,128,512,416,5414.328,5428.763,5424.442,0.7007
mixed,4,3,0.75,4.0,2048,1024,256,1024,832,5464.184,6594.745,5420.76,-0.0384
mixed,4,3,0.75,4.0,2048,1024,512,2048,1664,5498.65,5439.448,5401.113,
mixed,4,3,0.75,4.0,2048,1024,1024,4096,3328,5546.874,5616.763,6174.517,8.9806
mixed,4,3,0.75,4.0,2048,1024,2048,8192,6656,5875.541,6006.425,5875.192,-0.0027
mixed,4,3,0.75,4.0,2048,1024,4096,16384,13312,6443.289,6699.382,6307.764,-0.5292
mixed,4,3,0.75,4.0,2048,2048,128,512,416,7514.774,7419.415,7408.247,
mixed,4,3,0.75,4.0,2048,2048,256,1024,832,7446.806,7470.648,7460.598,0.5785
mixed,4,3,0.75,4.0,2048,2048,512,2048,1664,8309.653,7578.804,7527.51,
mixed,4,3,0.75,4.0,2048,2048,1024,4096,3328,7683.063,7740.279,7672.017,-0.1931
mixed,4,3,0.75,4.0,2048,2048,2048,8192,6656,9375.921,10294.545,8023.028,-1.4727
mixed,4,3,0.75,4.0,2048,2048,4096,16384,13312,8585.686,8808.371,8492.69,-0.4176
mixed,4,3,0.75,4.0,2048,4096,128,512,416,11910.032,11923.536,11961.902,3.8411
mixed,4,3,0.75,4.0,2048,4096,256,1024,832,11945.42,11962.385,11954.032,0.5076
mixed,4,3,0.75,4.0,2048,4096,512,2048,1664,12120.142,12123.725,12016.622,-28.892
mixed,4,3,0.75,4.0,2048,4096,1024,4096,3328,12232.461,12278.859,12215.183,-0.3724
mixed,4,3,0.75,4.0,2048,4096,2048,8192,6656,12504.334,12632.908,12492.716,-0.0904
mixed,4,3,0.75,4.0,2048,4096,4096,16384,13312,13081.291,13354.953,13125.066,0.16
mixed,4,3,0.75,4.0,2048,8192,128,512,416,20722.468,20854.909,20815.102,0.6994
mixed,4,3,0.75,4.0,2048,8192,256,1024,832,20722.716,20784.861,20818.908,1.5479
mixed,4,3,0.75,4.0,2048,8192,512,2048,1664,20946.525,20928.386,20890.434,
mixed,4,3,0.75,4.0,2048,8192,1024,4096,3328,20994.98,21167.874,21072.707,0.4496
mixed,4,3,0.75,4.0,2048,8192,2048,8192,6656,21409.827,21393.956,21391.071,
mixed,4,3,0.75,4.0,2048,8192,4096,16384,13312,21997.633,22026.143,21968.667,-1.016
pure,8,1,0.125,4.0,0,0,128,512,176,75.711,135.808,79.042,0.0554
pure,8,1,0.125,4.0,0,0,256,1024,352,106.464,226.369,116.928,0.0873
pure,8,1,0.125,4.0,0,0,512,2048,704,214.687,473.566,258.24,0.1682
pure,8,1,0.125,4.0,0,0,1024,4096,1408,346.688,874.013,458.977,0.2129
pure,8,1,0.125,4.0,0,0,2048,8192,2816,620.223,1678.722,849.055,0.2162
pure,8,1,0.125,4.0,0,0,4096,16384,5632,1172.094,3275.834,1621.15,0.2135
mixed,8,1,0.125,4.0,16,0,128,512,176,123.23,191.135,127.648,0.0651
mixed,8,1,0.125,4.0,16,0,256,1024,352,154.911,295.488,178.912,0.1707
mixed,8,1,0.125,4.0,16,0,512,2048,704,231.649,493.215,280.864,0.1882
mixed,8,1,0.125,4.0,16,0,1024,4096,1408,366.143,893.246,475.968,0.2084
mixed,8,1,0.125,4.0,16,0,2048,8192,2816,640.352,1689.726,868.576,0.2175
mixed,8,1,0.125,4.0,16,0,4096,16384,5632,1192.48,3294.4,1644.605,0.2151
mixed,8,1,0.125,4.0,16,512,128,512,176,171.967,241.248,176.641,0.0675
mixed,8,1,0.125,4.0,16,512,256,1024,352,206.045,345.535,228.991,0.1645
mixed,8,1,0.125,4.0,16,512,512,2048,704,284.831,543.137,329.505,0.1729
mixed,8,1,0.125,4.0,16,512,1024,4096,1408,421.501,945.984,527.679,0.2024
mixed,8,1,0.125,4.0,16,512,2048,8192,2816,690.91,1745.853,918.846,0.2161
mixed,8,1,0.125,4.0,16,512,4096,16384,5632,1245.468,3350.299,1692.864,0.2126
mixed,8,1,0.125,4.0,16,1024,128,512,176,194.785,268.607,203.678,0.1205
mixed,8,1,0.125,4.0,16,1024,256,1024,352,230.814,367.456,254.303,0.1719
mixed,8,1,0.125,4.0,16,1024,512,2048,704,307.231,568.254,354.338,0.1805
mixed,8,1,0.125,4.0,16,1024,1024,4096,1408,444.862,965.215,552.353,0.2066
mixed,8,1,0.125,4.0,16,1024,2048,8192,2816,718.428,1768.956,941.277,0.2121
mixed,8,1,0.125,4.0,16,1024,4096,16384,5632,1267.296,3365.534,1718.622,0.2151
mixed,8,1,0.125,4.0,16,2048,128,512,176,216.511,286.689,221.089,0.0652
mixed,8,1,0.125,4.0,16,2048,256,1024,352,252.065,391.838,272.128,0.1435
mixed,8,1,0.125,4.0,16,2048,512,2048,704,326.977,588.895,371.102,0.1685
mixed,8,1,0.125,4.0,16,2048,1024,4096,1408,463.839,987.422,568.543,0.2
mixed,8,1,0.125,4.0,16,2048,2048,8192,2816,740.257,1786.876,964.893,0.2146
mixed,8,1,0.125,4.0,16,2048,4096,16384,5632,1292.863,3387.225,1734.782,0.211
mixed,8,1,0.125,4.0,16,4096,128,512,176,268.833,345.344,274.337,0.0719
mixed,8,1,0.125,4.0,16,4096,256,1024,352,306.655,443.647,324.254,0.1285
mixed,8,1,0.125,4.0,16,4096,512,2048,704,381.055,643.329,423.935,0.1635
mixed,8,1,0.125,4.0,16,4096,1024,4096,1408,519.454,1040.478,617.983,0.1891
mixed,8,1,0.125,4.0,16,4096,2048,8192,2816,795.295,1842.749,1025.759,0.22
mixed,8,1,0.125,4.0,16,4096,4096,16384,5632,1367.932,3501.752,1821.63,0.2126
mixed,8,1,0.125,4.0,16,8192,128,512,176,381.057,448.414,383.36,0.0342
mixed,8,1,0.125,4.0,16,8192,256,1024,352,417.887,552.958,438.047,0.1493
mixed,8,1,0.125,4.0,16,8192,512,2048,704,488.189,754.558,535.008,0.1758
mixed,8,1,0.125,4.0,16,8192,1024,4096,1408,625.537,1163.23,736.35,0.2061
mixed,8,1,0.125,4.0,16,8192,2048,8192,2816,908.352,1974.911,1131.263,0.209
mixed,8,1,0.125,4.0,16,8192,4096,16384,5632,1465.979,3598.779,1920.957,0.2133
mixed,8,1,0.125,4.0,32,0,128,512,176,158.881,230.047,166.688,0.1097
mixed,8,1,0.125,4.0,32,0,256,1024,352,194.143,334.943,219.743,0.1818
mixed,8,1,0.125,4.0,32,0,512,2048,704,269.12,534.783,320.542,0.1936
mixed,8,1,0.125,4.0,32,0,1024,4096,1408,407.422,943.581,523.902,0.2172
mixed,8,1,0.125,4.0,32,0,2048,8192,2816,690.045,1755.164,915.038,0.2112
mixed,8,1,0.125,4.0,32,0,4096,16384,5632,1250.11,3385.116,1708.986,0.2149
mixed,8,1,0.125,4.0,32,512,128,512,176,217.342,290.238,223.904,0.09
mixed,8,1,0.125,4.0,32,512,256,1024,352,257.245,392.704,276.831,0.1446
mixed,8,1,0.125,4.0,32,512,512,2048,704,332.097,597.247,378.274,0.1742
mixed,8,1,0.125,4.0,32,512,1024,4096,1408,470.559,1000.704,579.389,0.2053
mixed,8,1,0.125,4.0,32,512,2048,8192,2816,751.711,1819.424,975.455,0.2096
mixed,8,1,0.125,4.0,32,512,4096,16384,5632,1313.375,3446.907,1764.796,0.2116
mixed,8,1,0.125,4.0,32,1024,128,512,176,283.105,354.814,289.022,0.0825
mixed,8,1,0.125,4.0,32,1024,256,1024,352,321.344,459.426,341.824,0.1483
mixed,8,1,0.125,4.0,32,1024,512,2048,704,396.734,660.288,441.214,0.1688
mixed,8,1,0.125,4.0,32,1024,1024,4096,1408,532.896,1072.54,641.403,0.2011
mixed,8,1,0.125,4.0,32,1024,2048,8192,2816,816.478,1883.453,1037.374,0.207
mixed,8,1,0.125,4.0,32,1024,4096,16384,5632,1373.882,3512.156,1828.797,0.2127
mixed,8,1,0.125,4.0,32,2048,128,512,176,325.249,395.937,328.511,0.0461
mixed,8,1,0.125,4.0,32,2048,256,1024,352,361.922,498.56,381.118,0.1405
mixed,8,1,0.125,4.0,32,2048,512,2048,704,435.486,698.653,483.425,0.1822
mixed,8,1,0.125,4.0,32,2048,1024,4096,1408,572.735,1104.957,680.479,0.2024
mixed,8,1,0.125,4.0,32,2048,2048,8192,2816,852.414,1922.911,1074.11,0.2071
mixed,8,1,0.125,4.0,32,2048,4096,16384,5632,1412.285,3544.504,1868.286,0.2139
mixed,8,1,0.125,4.0,32,4096,128,512,176,434.752,507.456,438.207,0.0475
mixed,8,1,0.125,4.0,32,4096,256,1024,352,473.406,608.736,486.974,0.1003
mixed,8,1,0.125,4.0,32,4096,512,2048,704,546.111,808.576,588.095,0.16
mixed,8,1,0.125,4.0,32,4096,1024,4096,1408,682.109,1218.591,788.797,0.1989
mixed,8,1,0.125,4.0,32,4096,2048,8192,2816,958.847,2028.0,1186.43,0.2129
mixed,8,1,0.125,4.0,32,4096,4096,16384,5632,1522.78,3657.559,1977.947,0.2132
mixed,8,1,0.125,4.0,32,8192,128,512,176,640.606,714.781,649.502,0.1199
mixed,8,1,0.125,4.0,32,8192,256,1024,352,678.717,814.492,701.757,0.1697
mixed,8,1,0.125,4.0,32,8192,512,2048,704,754.974,1018.942,799.934,0.1703
mixed,8,1,0.125,4.0,32,8192,1024,4096,1408,890.015,1418.109,996.095,0.2009
mixed,8,1,0.125,4.0,32,8192,2048,8192,2816,1162.812,2231.802,1389.886,0.2124
mixed,8,1,0.125,4.0,32,8192,4096,16384,5632,1730.397,3856.153,2181.277,0.2121
mixed,8,1,0.125,4.0,64,0,128,512,176,165.024,238.015,172.801,0.1065
mixed,8,1,0.125,4.0,64,0,256,1024,352,203.455,343.165,227.006,0.1686
mixed,8,1,0.125,4.0,64,0,512,2048,704,278.846,544.606,328.64,0.1874
mixed,8,1,0.125,4.0,64,0,1024,4096,1408,417.248,956.127,527.585,0.2048
mixed,8,1,0.125,4.0,64,0,2048,8192,2816,699.486,1764.318,924.606,0.2114
mixed,8,1,0.125,4.0,64,0,4096,16384,5632,1257.82,3393.785,1716.926,0.2149
mixed,8,1,0.125,4.0,64,512,128,512,176,301.634,376.702,311.135,0.1266
mixed,8,1,0.125,4.0,64,512,256,1024,352,341.342,476.257,362.782,0.1589
mixed,8,1,0.125,4.0,64,512,512,2048,704,415.841,681.246,465.151,0.1858
mixed,8,1,0.125,4.0,64,512,1024,4096,1408,553.982,1091.934,662.59,0.2019
mixed,8,1,0.125,4.0,64,512,2048,8192,2816,830.046,1901.246,1057.372,0.2122
mixed,8,1,0.125,4.0,64,512,4096,16384,5632,1393.755,3530.266,1848.349,0.2128
mixed,8,1,0.125,4.0,64,1024,128,512,176,384.895,455.743,388.897,0.0565
mixed,8,1,0.125,4.0,64,1024,256,1024,352,421.408,555.518,441.024,0.1463
mixed,8,1,0.125,4.0,64,1024,512,2048,704,495.006,756.67,543.904,0.1869
mixed,8,1,0.125,4.0,64,1024,1024,4096,1408,630.688,1169.756,740.832,0.2043
mixed,8,1,0.125,4.0,64,1024,2048,8192,2816,911.518,1977.436,1138.527,0.213
mixed,8,1,0.125,4.0,64,1024,4096,16384,5632,1473.178,3607.926,1920.124,0.2094
mixed,8,1,0.125,4.0,64,2048,128,512,176,486.367,558.497,490.589,0.0585
mixed,8,1,0.125,4.0,64,2048,256,1024,352,523.037,659.901,542.046,0.1389
mixed,8,1,0.125,4.0,64,2048,512,2048,704,597.12,857.087,641.852,0.1721
mixed,8,1,0.125,4.0,64,2048,1024,4096,1408,733.854,1265.535,838.623,0.1971
mixed,8,1,0.125,4.0,64,2048,2048,8192,2816,1013.022,2077.818,1229.725,0.2035
mixed,8,1,0.125,4.0,64,2048,4096,16384,5632,1574.489,3706.073,2025.435,0.2116
mixed,8,1,0.125,4.0,64,4096,128,512,176,686.459,761.183,691.519,0.0677
mixed,8,1,0.125,4.0,64,4096,256,1024,352,724.354,860.382,743.488,0.1407
mixed,8,1,0.125,4.0,64,4096,512,2048,704,797.597,1060.413,841.694,0.1678
mixed,8,1,0.125,4.0,64,4096,1024,4096,1408,940.031,1465.277,1038.973,0.1884
mixed,8,1,0.125,4.0,64,4096,2048,8192,2816,1212.51,2284.221,1433.436,0.2061
mixed,8,1,0.125,4.0,64,4096,4096,16384,5632,1772.061,3901.048,2226.172,0.2133
mixed,8,1,0.125,4.0,64,8192,128,512,176,1083.39,1156.926,1087.998,0.0627
mixed,8,1,0.125,4.0,64,8192,256,1024,352,1121.405,1257.887,1138.526,0.1254
mixed,8,1,0.125,4.0,64,8192,512,2048,704,1192.766,1458.749,1235.55,0.1609
mixed,8,1,0.125,4.0,64,8192,1024,4096,1408,1331.482,1863.834,1434.045,0.1927
mixed,8,1,0.125,4.0,64,8192,2048,8192,2816,1607.326,2671.099,1835.037,0.2141
mixed,8,1,0.125,4.0,64,8192,4096,16384,5632,2168.091,4303.768,2620.154,0.2117
mixed,8,1,0.125,4.0,128,0,128,512,176,185.501,259.839,192.032,0.0879
mixed,8,1,0.125,4.0,128,0,256,1024,352,224.16,362.88,245.535,0.1541
mixed,8,1,0.125,4.0,128,0,512,2048,704,298.592,564.319,346.462,0.1801
mixed,8,1,0.125,4.0,128,0,1024,4096,1408,436.126,967.518,545.726,0.2063
mixed,8,1,0.125,4.0,128,0,2048,8192,2816,716.51,1780.253,941.246,0.2113
mixed,8,1,0.125,4.0,128,0,4096,16384,5632,1271.771,3402.871,1732.379,0.2161
mixed,8,1,0.125,4.0,128,512,128,512,176,428.097,500.513,433.95,0.0808
mixed,8,1,0.125,4.0,128,512,256,1024,352,465.79,602.909,481.79,0.1167
mixed,8,1,0.125,4.0,128,512,512,2048,704,539.647,802.304,580.736,0.1564
mixed,8,1,0.125,4.0,128,512,1024,4096,1408,674.271,1207.069,781.599,0.2014
mixed,8,1,0.125,4.0,128,512,2048,8192,2816,950.623,2019.897,1168.51,0.2038
mixed,8,1,0.125,4.0,128,512,4096,16384,5632,1508.378,3640.916,1969.753,0.2164
mixed,8,1,0.125,4.0,128,1024,128,512,176,526.72,599.966,529.855,0.0428
mixed,8,1,0.125,4.0,128,1024,256,1024,352,564.031,699.741,581.596,0.1294
mixed,8,1,0.125,4.0,128,1024,512,2048,704,639.646,901.183,680.38,0.1557
mixed,8,1,0.125,4.0,128,1024,1024,4096,1408,771.807,1304.959,879.229,0.2015
mixed,8,1,0.125,4.0,128,1024,2048,8192,2816,1049.694,2119.1,1272.605,0.2084
mixed,8,1,0.125,4.0,128,1024,4096,16384,5632,1608.06,3742.327,2060.985,0.2122
mixed,8,1,0.125,4.0,128,2048,128,512,176,731.868,804.414,734.783,0.0402
mixed,8,1,0.125,4.0,128,2048,256,1024,352,767.037,904.608,786.077,0.1384
mixed,8,1,0.125,4.0,128,2048,512,2048,704,842.749,1103.869,883.614,0.1565
mixed,8,1,0.125,4.0,128,2048,1024,4096,1408,978.461,1509.723,1078.335,0.188
mixed,8,1,0.125,4.0,128,2048,2048,8192,2816,1254.46,2315.163,1474.907,0.2078
mixed,8,1,0.125,4.0,128,2048,4096,16384,5632,1808.411,3943.572,2267.033,0.2148
mixed,8,1,0.125,4.0,128,4096,128,512,176,1127.388,1201.054,1133.695,0.0856
mixed,8,1,0.125,4.0,128,4096,256,1024,352,1162.077,1301.755,1180.028,0.1285
mixed,8,1,0.125,4.0,128,4096,512,2048,704,1237.179,1499.194,1279.931,0.1632
mixed,8,1,0.125,4.0,128,4096,1024,4096,1408,1374.397,1901.853,1475.803,0.1923
mixed,8,1,0.125,4.0,128,4096,2048,8192,2816,1649.786,2716.537,1867.066,0.2037
mixed,8,1,0.125,4.0,128,4096,4096,16384,5632,2209.211,4335.028,2655.899,0.2101
mixed,8,1,0.125,4.0,128,8192,128,512,176,1915.098,1991.421,1920.379,0.0692
mixed,8,1,0.125,4.0,128,8192,256,1024,352,1953.401,2084.791,1972.12,0.1425
mixed,8,1,0.125,4.0,128,8192,512,2048,704,2027.324,2288.444,2067.672,0.1545
mixed,8,1,0.125,4.0,128,8192,1024,4096,1408,2166.427,2689.654,2267.322,0.1928
mixed,8,1,0.125,4.0,128,8192,2048,8192,2816,2437.628,3506.451,2655.799,0.2041
mixed,8,1,0.125,4.0,128,8192,4096,16384,5632,2999.673,5127.984,3449.171,0.2112
mixed,8,1,0.125,4.0,256,0,128,512,176,480.671,551.004,482.941,0.0323
mixed,8,1,0.125,4.0,256,0,256,1024,352,519.998,653.022,536.638,0.1251
mixed,8,1,0.125,4.0,256,0,512,2048,704,591.838,852.798,637.821,0.1762
mixed,8,1,0.125,4.0,256,0,1024,4096,1408,728.541,1251.709,831.005,0.1959
mixed,8,1,0.125,4.0,256,0,2048,8192,2816,1007.357,2071.095,1224.286,0.2039
mixed,8,1,0.125,4.0,256,0,4096,16384,5632,1557.502,3685.62,2013.721,0.2144
mixed,8,1,0.125,4.0,256,512,128,512,176,681.469,752.54,686.717,0.0738
mixed,8,1,0.125,4.0,256,512,256,1024,352,719.134,853.824,735.199,0.1193
mixed,8,1,0.125,4.0,256,512,512,2048,704,793.213,1054.557,832.317,0.1496
mixed,8,1,0.125,4.0,256,512,1024,4096,1408,929.407,1459.868,1035.036,0.1991
mixed,8,1,0.125,4.0,256,512,2048,8192,2816,1204.669,2277.174,1424.218,0.2047
mixed,8,1,0.125,4.0,256,512,4096,16384,5632,1761.5,3892.406,2213.785,0.2123
mixed,8,1,0.125,4.0,256,1024,128,512,176,881.182,957.053,886.044,0.0641
mixed,8,1,0.125,4.0,256,1024,256,1024,352,920.254,1051.644,935.42,0.1154
mixed,8,1,0.125,4.0,256,1024,512,2048,704,992.316,1251.485,1035.74,0.1676
mixed,8,1,0.125,4.0,256,1024,1024,4096,1408,1127.517,1656.124,1232.831,0.1992
mixed,8,1,0.125,4.0,256,1024,2048,8192,2816,1405.244,2466.199,1621.404,0.2037
mixed,8,1,0.125,4.0,256,1024,4096,16384,5632,1957.404,4093.331,2416.217,0.2148
mixed,8,1,0.125,4.0,256,2048,128,512,176,1281.821,1350.557,1284.318,0.0363
mixed,8,1,0.125,4.0,256,2048,256,1024,352,1316.796,1453.659,1334.715,0.1309
mixed,8,1,0.125,4.0,256,2048,512,2048,704,1389.02,1656.348,1434.335,0.1695
mixed,8,1,0.125,4.0,256,2048,1024,4096,1408,1525.95,2056.699,1628.41,0.193
mixed,8,1,0.125,4.0,256,2048,2048,8192,2816,1798.714,2869.243,2023.675,0.2101
mixed,8,1,0.125,4.0,256,2048,4096,16384,5632,2356.185,4489.109,2814.456,0.2149
mixed,8,1,0.125,4.0,256,4096,128,512,176,2065.626,2145.978,2077.37,0.1462
mixed,8,1,0.125,4.0,256,4096,256,1024,352,2104.759,2238.935,2124.985,0.1507
mixed,8,1,0.125,4.0,256,4096,512,2048,704,2182.907,2438.743,2223.513,0.1587
mixed,8,1,0.125,4.0,256,4096,1024,4096,1408,2315.319,2843.575,2417.754,0.1939
mixed,8,1,0.125,4.0,256,4096,2048,8192,2816,2589.688,3654.613,2813.72,0.2104
mixed,8,1,0.125,4.0,256,4096,4096,16384,5632,3152.696,5278.737,3600.275,0.2105
mixed,8,1,0.125,4.0,256,8192,128,512,176,3650.519,3719.957,3653.364,0.041
mixed,8,1,0.125,4.0,256,8192,256,1024,352,3687.894,3818.643,3709.717,0.1669
mixed,8,1,0.125,4.0,256,8192,512,2048,704,3762.933,4024.949,3801.815,0.1484
mixed,8,1,0.125,4.0,256,8192,1024,4096,1408,3900.277,4422.481,4001.076,0.193
mixed,8,1,0.125,4.0,256,8192,2048,8192,2816,4167.248,5237.396,4390.353,0.2085
mixed,8,1,0.125,4.0,256,8192,4096,16384,5632,4728.723,6867.946,5182.257,0.212
mixed,8,1,0.125,4.0,512,0,128,512,176,557.342,632.001,564.704,0.0986
mixed,8,1,0.125,4.0,512,0,256,1024,352,595.389,736.031,614.112,0.1331
mixed,8,1,0.125,4.0,512,0,512,2048,704,671.518,933.758,713.182,0.1589
mixed,8,1,0.125,4.0,512,0,1024,4096,1408,807.295,1338.973,912.669,0.1982
mixed,8,1,0.125,4.0,512,0,2048,8192,2816,1085.854,2145.562,1308.539,0.2101
mixed,8,1,0.125,4.0,512,0,4096,16384,5632,1637.467,3773.78,2097.595,0.2154
mixed,8,1,0.125,4.0,512,512,128,512,176,979.679,1056.254,987.164,0.0977
mixed,8,1,0.125,4.0,512,512,256,1024,352,1017.881,1154.877,1035.453,0.1283
mixed,8,1,0.125,4.0,512,512,512,2048,704,1095.644,1353.949,1138.462,0.1658
mixed,8,1,0.125,4.0,512,512,1024,4096,1408,1227.836,1764.222,1336.795,0.2031
mixed,8,1,0.125,4.0,512,512,2048,8192,2816,1505.435,2569.911,1726.843,0.208
mixed,8,1,0.125,4.0,512,512,4096,16384,5632,2065.5,4200.432,2520.214,0.213
mixed,8,1,0.125,4.0,512,1024,128,512,176,1380.796,1453.503,1388.794,0.11
mixed,8,1,0.125,4.0,512,1024,256,1024,352,1421.499,1550.747,1440.699,0.1486
mixed,8,1,0.125,4.0,512,1024,512,2048,704,1491.387,1757.561,1541.083,0.1867
mixed,8,1,0.125,4.0,512,1024,1024,4096,1408,1629.369,2159.224,1731.581,0.1929
mixed,8,1,0.125,4.0,512,1024,2048,8192,2816,1909.02,2972.408,2130.52,0.2083
mixed,8,1,0.125,4.0,512,1024,4096,16384,5632,2462.52,4598.228,2915.734,0.2122
mixed,8,1,0.125,4.0,512,2048,128,512,176,2175.003,2249.083,2177.782,0.0375
mixed,8,1,0.125,4.0,512,2048,256,1024,352,2213.464,2346.169,2230.554,0.1288
mixed,8,1,0.125,4.0,512,2048,512,2048,704,2287.001,2547.417,2331.77,0.1719
mixed,8,1,0.125,4.0,512,2048,1024,4096,1408,2424.954,2956.693,2529.463,0.1965
mixed,8,1,0.125,4.0,512,2048,2048,8192,2816,2699.895,3769.047,2923.385,0.209
mixed,8,1,0.125,4.0,512,2048,4096,16384,5632,3259.096,5393.555,3714.26,0.2132
mixed,8,1,0.125,4.0,512,4096,128,512,176,3743.222,3813.748,3765.943,0.3222
mixed,8,1,0.125,4.0,512,4096,256,1024,352,3784.084,3903.095,3807.153,0.1938
mixed,8,1,0.125,4.0,512,4096,512,2048,704,3870.517,4129.048,3907.027,0.1412
mixed,8,1,0.125,4.0,512,4096,1024,4096,1408,4001.907,4531.407,4095.283,0.1763
mixed,8,1,0.125,4.0,512,4096,2048,8192,2816,4285.683,5323.826,4507.828,0.214
mixed,8,1,0.125,4.0,512,4096,4096,16384,5632,4832.335,6955.02,5293.393,0.2172
mixed,8,1,0.125,4.0,512,8192,128,512,176,6920.394,6968.234,6912.746,-0.1599
mixed,8,1,0.125,4.0,512,8192,256,1024,352,6935.918,7060.208,6973.227,0.3002
mixed,8,1,0.125,4.0,512,8192,512,2048,704,7026.058,7285.417,7068.839,0.1649
mixed,8,1,0.125,4.0,512,8192,1024,4096,1408,7160.905,7690.568,7263.02,0.1928
mixed,8,1,0.125,4.0,512,8192,2048,8192,2816,7443.879,8501.445,7655.782,0.2004
mixed,8,1,0.125,4.0,512,8192,4096,16384,5632,8003.851,10138.37,8463.531,0.2154
mixed,8,1,0.125,4.0,1024,0,128,512,176,1350.558,1425.372,1356.251,0.0761
mixed,8,1,0.125,4.0,1024,0,256,1024,352,1387.229,1524.092,1408.251,0.1536
mixed,8,1,0.125,4.0,1024,0,512,2048,704,1461.594,1726.396,1510.493,0.1847
mixed,8,1,0.125,4.0,1024,0,1024,4096,1408,1597.403,2128.729,1706.972,0.2062
mixed,8,1,0.125,4.0,1024,0,2048,8192,2816,1880.379,2942.616,2099.898,0.2067
mixed,8,1,0.125,4.0,1024,0,4096,16384,5632,2440.921,4552.338,2889.175,0.2123
mixed,8,1,0.125,4.0,1024,512,128,512,176,2208.154,2276.763,2210.683,0.0369
mixed,8,1,0.125,4.0,1024,512,256,1024,352,2239.13,2379.13,2259.13,0.1429
mixed,8,1,0.125,4.0,1024,512,512,2048,704,2314.746,2578.072,2355.994,0.1566
mixed,8,1,0.125,4.0,1024,512,1024,4096,1408,2451.674,2984.055,2554.392,0.1929
mixed,8,1,0.125,4.0,1024,512,2048,8192,2816,2732.472,3794.933,2956.217,0.2106
mixed,8,1,0.125,4.0,1024,512,4096,16384,5632,3291.574,5425.969,3743.863,0.2119
mixed,8,1,0.125,4.0,1024,1024,128,512,176,3006.17,3072.28,3012.919,0.1021
mixed,8,1,0.125,4.0,1024,1024,256,1024,352,3047.799,3179.513,3060.728,0.0982
mixed,8,1,0.125,4.0,1024,1024,512,2048,704,3120.506,3379.352,3164.149,0.1686
mixed,8,1,0.125,4.0,1024,1024,1024,4096,1408,3252.407,3787.895,3359.768,0.2005
mixed,8,1,0.125,4.0,1024,1024,2048,8192,2816,3533.495,4602.515,3759.764,0.2117
mixed,8,1,0.125,4.0,1024,1024,4096,16384,5632,4093.46,6220.817,4549.459,0.2144
mixed,8,1,0.125,4.0,1024,2048,128,512,176,4597.043,4654.454,4594.164,-0.0501
mixed,8,1,0.125,4.0,1024,2048,256,1024,352,4612.597,4756.691,4636.244,0.1641
mixed,8,1,0.125,4.0,1024,2048,512,2048,704,4704.724,4960.753,4734.48,0.1162
mixed,8,1,0.125,4.0,1024,2048,1024,4096,1408,4848.368,5365.586,4934.517,0.1666
mixed,8,1,0.125,4.0,1024,2048,2048,8192,2816,5110.832,6175.022,5343.953,0.2191
mixed,8,1,0.125,4.0,1024,2048,4096,16384,5632,5684.208,7798.571,6124.112,0.2081
mixed,8,1,0.125,4.0,1024,4096,128,512,176,7716.779,7825.87,7715.277,-0.0138
mixed,8,1,0.125,4.0,1024,4096,256,1024,352,7758.157,7872.616,7797.098,0.3402
mixed,8,1,0.125,4.0,1024,4096,512,2048,704,7853.994,8092.36,7858.508,0.0189
mixed,8,1,0.125,4.0,1024,4096,1024,4096,1408,7966.796,8504.329,8057.164,0.1681
mixed,8,1,0.125,4.0,1024,4096,2048,8192,2816,8233.259,9304.356,8454.923,0.207
mixed,8,1,0.125,4.0,1024,4096,4096,16384,5632,8787.877,10939.555,9245.254,0.2126
mixed,8,1,0.125,4.0,1024,8192,128,512,176,14010.872,14066.967,13986.841,-0.4284
mixed,8,1,0.125,4.0,1024,8192,256,1024,352,13997.43,14152.828,14071.864,0.479
mixed,8,1,0.125,4.0,1024,8192,512,2048,704,14126.806,14743.319,14132.693,0.0095
mixed,8,1,0.125,4.0,1024,8192,1024,4096,1408,14227.384,14786.163,14312.439,0.1522
mixed,8,1,0.125,4.0,1024,8192,2048,8192,2816,14516.025,15556.688,14738.454,0.2137
mixed,8,1,0.125,4.0,1024,8192,4096,16384,5632,15105.781,17253.459,15497.238,0.1823
mixed,8,1,0.125,4.0,2048,0,128,512,176,4004.243,3761.813,3689.749,
mixed,8,1,0.125,4.0,2048,0,256,1024,352,3230.933,3294.584,3187.703,-0.6792
mixed,8,1,0.125,4.0,2048,0,512,2048,704,3243.702,3475.51,3263.158,0.0839
mixed,8,1,0.125,4.0,2048,0,1024,4096,1408,3649.24,3852.883,3398.069,-1.2334
mixed,8,1,0.125,4.0,2048,0,2048,8192,2816,3588.278,4497.622,3613.43,0.0277
mixed,8,1,0.125,4.0,2048,0,4096,16384,5632,3988.085,5814.609,4156.756,0.0923
mixed,8,1,0.125,4.0,2048,512,128,512,176,4169.013,4238.676,4177.491,0.1217
mixed,8,1,0.125,4.0,2048,512,256,1024,352,4206.164,4813.748,4275.54,0.1142
mixed,8,1,0.125,4.0,2048,512,512,2048,704,4336.916,4567.157,4355.796,0.082
mixed,8,1,0.125,4.0,2048,512,1024,4096,1408,4453.106,5331.472,4507.184,0.0616
mixed,8,1,0.125,4.0,2048,512,2048,8192,2816,4698.162,5611.441,4804.884,0.1169
mixed,8,1,0.125,4.0,2048,512,4096,16384,5632,5185.802,7244.33,5810.319,0.3034
mixed,8,1,0.125,4.0,2048,1024,128,512,176,6338.412,5527.918,5328.685,
mixed,8,1,0.125,4.0,2048,1024,256,1024,352,5362.254,5486.769,5371.344,0.073
mixed,8,1,0.125,4.0,2048,1024,512,2048,704,5963.213,5663.215,5446.161,
mixed,8,1,0.125,4.0,2048,1024,1024,4096,1408,5549.037,6007.245,5599.856,0.1109
mixed,8,1,0.125,4.0,2048,1024,2048,8192,2816,6312.04,6706.731,5887.982,-1.0744
mixed,8,1,0.125,4.0,2048,1024,4096,16384,5632,6276.464,8013.767,6283.694,0.0042
mixed,8,1,0.125,4.0,2048,2048,128,512,176,7447.369,7469.192,7449.672,0.1055
mixed,8,1,0.125,4.0,2048,2048,256,1024,352,7477.319,8238.858,7986.952,0.6692
mixed,8,1,0.125,4.0,2048,2048,512,2048,704,7562.281,7782.247,7561.13,-0.0052
mixed,8,1,0.125,4.0,2048,2048,1024,4096,1408,7668.266,8124.009,7658.342,-0.0218
mixed,8,1,0.125,4.0,2048,2048,2048,8192,2816,7900.586,8820.227,7967.559,0.0728
mixed,8,1,0.125,4.0,2048,2048,4096,16384,5632,8372.328,10187.396,8548.805,0.0972
mixed,8,1,0.125,4.0,2048,4096,128,512,176,11936.86,11972.088,11987.93,1.4497
mixed,8,1,0.125,4.0,2048,4096,256,1024,352,11981.596,12080.633,11994.776,0.1331
mixed,8,1,0.125,4.0,2048,4096,512,2048,704,12061.499,12281.563,12069.342,0.0356
mixed,8,1,0.125,4.0,2048,4096,1024,4096,1408,12169.084,12650.809,12209.275,0.0834
mixed,8,1,0.125,4.0,2048,4096,2048,8192,2816,12420.347,13328.502,12485.752,0.072
mixed,8,1,0.125,4.0,2048,4096,4096,16384,5632,12895.284,14709.073,13066.264,0.0943
mixed,8,1,0.125,4.0,2048,8192,128,512,176,20888.772,20736.125,20838.463,
mixed,8,1,0.125,4.0,2048,8192,256,1024,352,20829.278,21055.264,20825.219,-0.018
mixed,8,1,0.125,4.0,2048,8192,512,2048,704,20947.775,21056.922,20910.75,-0.3392
mixed,8,1,0.125,4.0,2048,8192,1024,4096,1408,20962.05,21548.384,21085.082,0.2098
mixed,8,1,0.125,4.0,2048,8192,2048,8192,2816,21116.252,22205.438,21364.796,0.2282
mixed,8,1,0.125,4.0,2048,8192,4096,16384,5632,21776.506,23493.303,21968.44,0.1118
pure,8,2,0.25,4.0,0,0,128,512,224,80.352,136.959,82.784,0.043
pure,8,2,0.25,4.0,0,0,256,1024,448,126.079,227.135,125.056,-0.0101
pure,8,2,0.25,4.0,0,0,512,2048,896,202.305,476.032,268.093,0.2403
pure,8,2,0.25,4.0,0,0,1024,4096,1792,419.486,871.581,466.686,0.1044
pure,8,2,0.25,4.0,0,0,2048,8192,3584,772.314,1671.448,859.708,0.0972
pure,8,2,0.25,4.0,0,0,4096,16384,7168,1472.856,3285.367,1648.57,0.0969
mixed,8,2,0.25,4.0,16,0,128,512,224,123.966,190.049,133.566,0.1453
mixed,8,2,0.25,4.0,16,0,256,1024,448,177.952,293.727,186.082,0.0702
mixed,8,2,0.25,4.0,16,0,512,2048,896,265.376,492.604,289.44,0.1059
mixed,8,2,0.25,4.0,16,0,1024,4096,1792,441.918,894.396,493.151,0.1132
mixed,8,2,0.25,4.0,16,0,2048,8192,3584,789.565,1690.458,887.066,0.1082
mixed,8,2,0.25,4.0,16,0,4096,16384,7168,1491.355,3302.23,1672.379,0.1
mixed,8,2,0.25,4.0,16,512,128,512,224,175.518,241.857,183.232,0.1163
mixed,8,2,0.25,4.0,16,512,256,1024,448,229.216,344.77,239.263,0.0869
mixed,8,2,0.25,4.0,16,512,512,2048,896,318.239,543.965,339.393,0.0937
mixed,8,2,0.25,4.0,16,512,1024,4096,1792,494.976,945.693,539.808,0.0995
mixed,8,2,0.25,4.0,16,512,2048,8192,3584,844.604,1740.858,936.255,0.1023
mixed,8,2,0.25,4.0,16,512,4096,16384,7168,1542.01,3347.509,1719.672,0.0984
mixed,8,2,0.25,4.0,16,1024,128,512,224,200.864,268.544,207.776,0.1021
mixed,8,2,0.25,4.0,16,1024,256,1024,448,254.4,367.932,260.958,0.0578
mixed,8,2,0.25,4.0,16,1024,512,2048,896,340.864,569.661,362.495,0.0945
mixed,8,2,0.25,4.0,16,1024,1024,4096,1792,521.63,971.485,561.791,0.0893
mixed,8,2,0.25,4.0,16,1024,2048,8192,3584,871.263,1763.545,958.687,0.098
mixed,8,2,0.25,4.0,16,1024,4096,16384,7168,1567.164,3370.93,1753.785,0.1035
mixed,8,2,0.25,4.0,16,2048,128,512,224,219.199,288.86,226.433,0.1038
mixed,8,2,0.25,4.0,16,2048,256,1024,448,274.078,389.986,283.392,0.0804
mixed,8,2,0.25,4.0,16,2048,512,2048,896,364.896,589.948,381.182,0.0724
mixed,8,2,0.25,4.0,16,2048,1024,4096,1792,539.292,988.54,583.743,0.0989
mixed,8,2,0.25,4.0,16,2048,2048,8192,3584,889.244,1791.196,984.446,0.1056
mixed,8,2,0.25,4.0,16,2048,4096,16384,7168,1589.468,3388.406,1769.115,0.0999
mixed,8,2,0.25,4.0,16,4096,128,512,224,273.79,347.776,280.351,0.0887
mixed,8,2,0.25,4.0,16,4096,256,1024,448,330.561,444.192,332.991,0.0214
mixed,8,2,0.25,4.0,16,4096,512,2048,896,421.758,639.552,437.089,0.0704
mixed,8,2,0.25,4.0,16,4096,1024,4096,1792,594.112,1044.894,683.164,0.1976
mixed,8,2,0.25,4.0,16,4096,2048,8192,3584,957.053,1874.394,1049.053,0.1003
mixed,8,2,0.25,4.0,16,4096,4096,16384,7168,1671.129,3494.963,1851.322,0.0988
mixed,8,2,0.25,4.0,16,8192,128,512,224,380.384,449.952,392.128,0.1688
mixed,8,2,0.25,4.0,16,8192,256,1024,448,437.216,551.646,443.679,0.0565
mixed,8,2,0.25,4.0,16,8192,512,2048,896,524.191,754.944,546.301,0.0958
mixed,8,2,0.25,4.0,16,8192,1024,4096,1792,700.511,1164.283,751.741,0.1105
mixed,8,2,0.25,4.0,16,8192,2048,8192,3584,1058.463,1973.883,1153.917,0.1043
mixed,8,2,0.25,4.0,16,8192,4096,16384,7168,1771.285,3600.147,1946.519,0.0958
mixed,8,2,0.25,4.0,32,0,128,512,224,163.487,230.975,172.094,0.1275
mixed,8,2,0.25,4.0,32,0,256,1024,448,216.864,331.902,228.063,0.0974
mixed,8,2,0.25,4.0,32,0,512,2048,896,304.349,536.317,331.776,0.1182
mixed,8,2,0.25,4.0,32,0,1024,4096,1792,484.605,943.482,534.527,0.1088
mixed,8,2,0.25,4.0,32,0,2048,8192,3584,839.422,1758.938,936.987,0.1061
mixed,8,2,0.25,4.0,32,0,4096,16384,7168,1556.761,3378.099,1741.754,0.1016
mixed,8,2,0.25,4.0,32,512,128,512,224,221.853,290.688,230.24,0.1218
mixed,8,2,0.25,4.0,32,512,256,1024,448,276.512,392.733,283.292,0.0583
mixed,8,2,0.25,4.0,32,512,512,2048,896,367.518,598.591,391.136,0.1022
mixed,8,2,0.25,4.0,32,512,1024,4096,1792,543.356,1003.006,592.606,0.1071
mixed,8,2,0.25,4.0,32,512,2048,8192,3584,901.404,1817.976,996.318,0.1036
mixed,8,2,0.25,4.0,32,512,4096,16384,7168,1607.385,3444.824,1798.201,0.1038
mixed,8,2,0.25,4.0,32,1024,128,512,224,286.91,355.358,296.448,0.1393
mixed,8,2,0.25,4.0,32,1024,256,1024,448,343.133,459.198,349.151,0.0519
mixed,8,2,0.25,4.0,32,1024,512,2048,896,433.181,659.04,457.757,0.1088
mixed,8,2,0.25,4.0,32,1024,1024,4096,1792,611.04,1069.117,656.828,0.1
mixed,8,2,0.25,4.0,32,1024,2048,8192,3584,964.602,1889.305,1055.26,0.098
mixed,8,2,0.25,4.0,32,1024,4096,16384,7168,1676.252,3508.242,1862.81,0.1018
mixed,8,2,0.25,4.0,32,2048,128,512,224,329.982,396.958,335.325,0.0798
mixed,8,2,0.25,4.0,32,2048,256,1024,448,384.125,498.59,390.944,0.0596
mixed,8,2,0.25,4.0,32,2048,512,2048,896,473.119,699.517,490.686,0.0776
mixed,8,2,0.25,4.0,32,2048,1024,4096,1792,647.454,1107.996,694.781,0.1028
mixed,8,2,0.25,4.0,32,2048,2048,8192,3584,1001.5,1919.864,1095.805,0.1027
mixed,8,2,0.25,4.0,32,2048,4096,16384,7168,1716.123,3547.188,1904.858,0.1031
mixed,8,2,0.25,4.0,32,4096,128,512,224,438.944,507.39,442.88,0.0575
mixed,8,2,0.25,4.0,32,4096,256,1024,448,493.694,604.223,494.269,0.0052
mixed,8,2,0.25,4.0,32,4096,512,2048,896,580.191,807.87,598.842,0.0819
mixed,8,2,0.25,4.0,32,4096,1024,4096,1792,757.404,1212.923,799.579,0.0926
mixed,8,2,0.25,4.0,32,4096,2048,8192,3584,1114.908,2023.066,1204.188,0.0983
mixed,8,2,0.25,4.0,32,4096,4096,16384,7168,1826.876,3657.491,2009.625,0.0998
mixed,8,2,0.25,4.0,32,8192,128,512,224,647.292,714.463,654.174,0.1025
mixed,8,2,0.25,4.0,32,8192,256,1024,448,701.084,819.424,710.301,0.0779
mixed,8,2,0.25,4.0,32,8192,512,2048,896,790.397,1013.853,803.964,0.0607
mixed,8,2,0.25,4.0,32,8192,1024,4096,1792,967.964,1419.484,1008.284,0.0893
mixed,8,2,0.25,4.0,32,8192,2048,8192,3584,1320.059,2231.927,1405.818,0.094
mixed,8,2,0.25,4.0,32,8192,4096,16384,7168,2032.761,3866.71,2219.384,0.1018
mixed,8,2,0.25,4.0,64,0,128,512,224,169.63,238.814,176.193,0.0949
mixed,8,2,0.25,4.0,64,0,256,1024,448,224.702,345.055,230.943,0.0519
mixed,8,2,0.25,4.0,64,0,512,2048,896,313.76,545.918,341.696,0.1203
mixed,8,2,0.25,4.0,64,0,1024,4096,1792,490.11,956.06,540.158,0.1074
mixed,8,2,0.25,4.0,64,0,2048,8192,3584,849.052,1769.53,941.405,0.1003
mixed,8,2,0.25,4.0,64,0,4096,16384,7168,1564.568,3390.263,1747.387,0.1001
mixed,8,2,0.25,4.0,64,512,128,512,224,306.528,374.879,312.51,0.0875
mixed,8,2,0.25,4.0,64,512,256,1024,448,361.343,481.342,369.344,0.0667
mixed,8,2,0.25,4.0,64,512,512,2048,896,451.037,681.596,474.526,0.1019
mixed,8,2,0.25,4.0,64,512,1024,4096,1792,629.086,1089.085,678.204,0.1068
mixed,8,2,0.25,4.0,64,512,2048,8192,3584,984.668,1900.408,1079.068,0.1031
mixed,8,2,0.25,4.0,64,512,4096,16384,7168,1703.418,3532.462,1876.856,0.0948
mixed,8,2,0.25,4.0,64,1024,128,512,224,390.559,455.518,396.83,0.0965
mixed,8,2,0.25,4.0,64,1024,256,1024,448,443.424,560.093,449.759,0.0543
mixed,8,2,0.25,4.0,64,1024,512,2048,896,530.365,754.461,554.557,0.108
mixed,8,2,0.25,4.0,64,1024,1024,4096,1792,708.733,1165.085,751.805,0.0944
mixed,8,2,0.25,4.0,64,1024,2048,8192,3584,1064.122,1973.111,1152.252,0.097
mixed,8,2,0.25,4.0,64,1024,4096,16384,7168,1781.946,3607.086,1958.008,0.0965
mixed,8,2,0.25,4.0,64,2048,128,512,224,493.758,559.648,498.75,0.0758
mixed,8,2,0.25,4.0,64,2048,256,1024,448,547.387,660.349,551.294,0.0346
mixed,8,2,0.25,4.0,64,2048,512,2048,896,634.302,861.499,653.148,0.083
mixed,8,2,0.25,4.0,64,2048,1024,4096,1792,811.55,1260.475,855.708,0.0984
mixed,8,2,0.25,4.0,64,2048,2048,8192,3584,1163.964,2078.139,1253.56,0.098
mixed,8,2,0.25,4.0,64,2048,4096,16384,7168,1874.328,3705.137,2050.743,0.0964
mixed,8,2,0.25,4.0,64,4096,128,512,224,692.736,761.663,700.285,0.1095
mixed,8,2,0.25,4.0,64,4096,256,1024,448,748.35,861.307,751.292,0.026
mixed,8,2,0.25,4.0,64,4096,512,2048,896,835.549,1061.532,855.998,0.0905
mixed,8,2,0.25,4.0,64,4096,1024,4096,1792,1013.083,1463.194,1058.235,0.1003
mixed,8,2,0.25,4.0,64,4096,2048,8192,3584,1364.25,2273.529,1447.867,0.092
mixed,8,2,0.25,4.0,64,4096,4096,16384,7168,2076.344,3906.162,2264.888,0.103
mixed,8,2,0.25,4.0,64,8192,128,512,224,1092.316,1159.256,1094.526,0.033
mixed,8,2,0.25,4.0,64,8192,256,1024,448,1143.387,1255.133,1147.674,0.0384
mixed,8,2,0.25,4.0,64,8192,512,2048,896,1233.722,1457.627,1249.34,0.0698
mixed,8,2,0.25,4.0,64,8192,1024,4096,1792,1410.01,1855.322,1447.291,0.0837
mixed,8,2,0.25,4.0,64,8192,2048,8192,3584,1764.986,2675.926,1848.982,0.0922
mixed,8,2,0.25,4.0,64,8192,4096,16384,7168,2470.233,4298.543,2646.485,0.0964
mixed,8,2,0.25,4.0,128,0,128,512,224,190.429,258.653,197.727,0.107
mixed,8,2,0.25,4.0,128,0,256,1024,448,245.504,363.292,252.576,0.06
mixed,8,2,0.25,4.0,128,0,512,2048,896,332.48,564.222,356.316,0.1029
mixed,8,2,0.25,4.0,128,0,1024,4096,1792,512.508,970.844,559.87,0.1033
mixed,8,2,0.25,4.0,128,0,2048,8192,3584,868.188,1779.513,959.579,0.1003
mixed,8,2,0.25,4.0,128,0,4096,16384,7168,1582.617,3403.957,1763.96,0.0996
mixed,8,2,0.25,4.0,128,512,128,512,224,430.749,500.704,438.302,0.108
mixed,8,2,0.25,4.0,128,512,256,1024,448,486.399,599.037,492.543,0.0545
mixed,8,2,0.25,4.0,128,512,512,2048,896,573.949,801.565,593.469,0.0858
mixed,8,2,0.25,4.0,128,512,1024,4096,1792,752.574,1203.805,792.539,0.0886
mixed,8,2,0.25,4.0,128,512,2048,8192,3584,1103.74,2009.527,1192.794,0.0983
mixed,8,2,0.25,4.0,128,512,4096,16384,7168,1814.04,3640.37,1996.315,0.0998
mixed,8,2,0.25,4.0,128,1024,128,512,224,532.479,596.669,538.367,0.0917
mixed,8,2,0.25,4.0,128,1024,256,1024,448,586.749,699.902,589.182,0.0215
mixed,8,2,0.25,4.0,128,1024,512,2048,896,674.461,900.123,691.102,0.0737
mixed,8,2,0.25,4.0,128,1024,1024,4096,1792,851.226,1309.05,892.382,0.0899
mixed,8,2,0.25,4.0,128,1024,2048,8192,3584,1205.597,2111.897,1293.467,0.097
mixed,8,2,0.25,4.0,128,1024,4096,16384,7168,1915.129,3737.331,2094.587,0.0985
mixed,8,2,0.25,4.0,128,2048,128,512,224,734.394,802.686,742.109,0.113
mixed,8,2,0.25,4.0,128,2048,256,1024,448,790.109,902.076,792.443,0.0208
mixed,8,2,0.25,4.0,128,2048,512,2048,896,879.804,1103.036,895.517,0.0704
mixed,8,2,0.25,4.0,128,2048,1024,4096,1792,1052.38,1505.147,1098.075,0.1009
mixed,8,2,0.25,4.0,128,2048,2048,8192,3584,1409.754,2319.767,1497.147,0.096
mixed,8,2,0.25,4.0,128,2048,4096,16384,7168,2115.671,3950.349,2307.354,0.1045
mixed,8,2,0.25,4.0,128,4096,128,512,224,1132.155,1200.606,1140.156,0.1169
mixed,8,2,0.25,4.0,128,4096,256,1024,448,1183.453,1300.859,1189.081,0.0479
mixed,8,2,0.25,4.0,128,4096,512,2048,896,1273.563,1498.201,1288.51,0.0665
mixed,8,2,0.25,4.0,128,4096,1024,4096,1792,1448.891,1903.416,1491.642,0.0941
mixed,8,2,0.25,4.0,128,4096,2048,8192,3584,1799.036,2714.965,1893.881,0.1036
mixed,8,2,0.25,4.0,128,4096,4096,16384,7168,2513.526,4337.199,2696.436,0.1003
mixed,8,2,0.25,4.0,128,8192,128,512,224,1921.431,1989.815,1929.684,0.1207
mixed,8,2,0.25,4.0,128,8192,256,1024,448,1977.786,2087.095,1981.176,0.031
mixed,8,2,0.25,4.0,128,8192,512,2048,896,2062.52,2287.319,2079.222,0.0743
mixed,8,2,0.25,4.0,128,8192,1024,4096,1792,2241.367,2696.948,2281.493,0.0881
mixed,8,2,0.25,4.0,128,8192,2048,8192,3584,2586.549,3508.343,2684.469,0.1062
mixed,8,2,0.25,4.0,128,8192,4096,16384,7168,3303.988,5127.277,3482.483,0.0979
mixed,8,2,0.25,4.0,256,0,128,512,224,485.629,549.248,489.885,0.0669
mixed,8,2,0.25,4.0,256,0,256,1024,448,538.303,654.461,542.591,0.0369
mixed,8,2,0.25,4.0,256,0,512,2048,896,627.807,852.315,647.454,0.0875
mixed,8,2,0.25,4.0,256,0,1024,4096,1792,800.317,1251.165,845.309,0.0998
mixed,8,2,0.25,4.0,256,0,2048,8192,3584,1151.102,2065.719,1244.124,0.1017
mixed,8,2,0.25,4.0,256,0,4096,16384,7168,1862.487,3694.707,2044.249,0.0992
mixed,8,2,0.25,4.0,256,512,128,512,224,685.948,757.435,696.157,0.1428
mixed,8,2,0.25,4.0,256,512,256,1024,448,740.478,854.811,745.756,0.0462
mixed,8,2,0.25,4.0,256,512,512,2048,896,827.389,1052.252,843.9,0.0734
mixed,8,2,0.25,4.0,256,512,1024,4096,1792,1003.838,1455.004,1047.643,0.0971
mixed,8,2,0.25,4.0,256,512,2048,8192,3584,1353.147,2261.332,1447.513,0.1039
mixed,8,2,0.25,4.0,256,512,4096,16384,7168,2064.922,3895.856,2246.294,0.0991
mixed,8,2,0.25,4.0,256,1024,128,512,224,885.82,954.686,893.598,0.1129
mixed,8,2,0.25,4.0,256,1024,256,1024,448,942.527,1054.555,943.325,0.0071
mixed,8,2,0.25,4.0,256,1024,512,2048,896,1029.565,1252.889,1048.444,0.0845
mixed,8,2,0.25,4.0,256,1024,1024,4096,1792,1207.451,1653.53,1242.971,0.0796
mixed,8,2,0.25,4.0,256,1024,2048,8192,3584,1556.122,2471.927,1645.622,0.0977
mixed,8,2,0.25,4.0,256,1024,4096,16384,7168,2260.311,4091.887,2448.47,0.1027
mixed,8,2,0.25,4.0,256,2048,128,512,224,1281.372,1354.202,1293.339,0.1643
mixed,8,2,0.25,4.0,256,2048,256,1024,448,1340.955,1449.498,1341.915,0.0088
mixed,8,2,0.25,4.0,256,2048,512,2048,896,1427.227,1654.266,1440.409,0.0581
mixed,8,2,0.25,4.0,256,2048,1024,4096,1792,1601.437,2049.527,1643.737,0.0944
mixed,8,2,0.25,4.0,256,2048,2048,8192,3584,1949.109,2872.051,2042.711,0.1014
mixed,8,2,0.25,4.0,256,2048,4096,16384,7168,2662.518,4487.821,2852.119,0.1039
mixed,8,2,0.25,4.0,256,4096,128,512,224,2075.066,2140.854,2078.263,0.0486
mixed,8,2,0.25,4.0,256,4096,256,1024,448,2124.694,2239.579,2127.993,0.0287
mixed,8,2,0.25,4.0,256,4096,512,2048,896,2214.134,2439.894,2233.304,0.0849
mixed,8,2,0.25,4.0,256,4096,1024,4096,1792,2390.747,2845.815,2432.278,0.0913
mixed,8,2,0.25,4.0,256,4096,2048,8192,3584,2744.661,3656.691,2830.194,0.0938
mixed,8,2,0.25,4.0,256,4096,4096,16384,7168,3449.619,5279.37,3635.536,0.1016
mixed,8,2,0.25,4.0,256,8192,128,512,224,3658.451,3716.242,3661.651,0.0554
mixed,8,2,0.25,4.0,256,8192,256,1024,448,3711.64,3824.305,3714.801,0.0281
mixed,8,2,0.25,4.0,256,8192,512,2048,896,3794.064,4025.524,3808.813,0.0637
mixed,8,2,0.25,4.0,256,8192,1024,4096,1792,3973.01,4426.797,4009.263,0.0799
mixed,8,2,0.25,4.0,256,8192,2048,8192,3584,4320.338,5237.035,4410.803,0.0987
mixed,8,2,0.25,4.0,256,8192,4096,16384,7168,5030.509,6856.39,5212.586,0.0997
mixed,8,2,0.25,4.0,512,0,128,512,224,562.012,631.552,570.142,0.1169
mixed,8,2,0.25,4.0,512,0,256,1024,448,617.055,733.949,623.773,0.0575
mixed,8,2,0.25,4.0,512,0,512,2048,896,708.186,933.15,727.294,0.0849
mixed,8,2,0.25,4.0,512,0,1024,4096,1792,884.349,1337.019,927.772,0.0959
mixed,8,2,0.25,4.0,512,0,2048,8192,3584,1238.778,2154.906,1325.148,0.0943
mixed,8,2,0.25,4.0,512,0,4096,16384,7168,1943.001,3776.563,2133.175,0.1037
mixed,8,2,0.25,4.0,512,512,128,512,224,988.348,1054.653,994.365,0.0907
mixed,8,2,0.25,4.0,512,512,256,1024,448,1044.476,1154.651,1044.795,0.0029
mixed,8,2,0.25,4.0,512,512,512,2048,896,1130.747,1354.426,1149.788,0.0851
mixed,8,2,0.25,4.0,512,512,1024,4096,1792,1303.997,1763.609,1347.708,0.0951
mixed,8,2,0.25,4.0,512,512,2048,8192,3584,1656.282,2567.893,1751.034,0.1039
mixed,8,2,0.25,4.0,512,512,4096,16384,7168,2369.527,4197.552,2554.038,0.1009
mixed,8,2,0.25,4.0,512,1024,128,512,224,1386.107,1451.899,1391.066,0.0754
mixed,8,2,0.25,4.0,512,1024,256,1024,448,1436.696,1552.921,1442.972,0.054
mixed,8,2,0.25,4.0,512,1024,512,2048,896,1527.993,1755.674,1548.122,0.0884
mixed,8,2,0.25,4.0,512,1024,1024,4096,1792,1704.951,2158.171,1745.337,0.0891
mixed,8,2,0.25,4.0,512,1024,2048,8192,3584,2055.255,2974.353,2153.271,0.1066
mixed,8,2,0.25,4.0,512,1024,4096,16384,7168,2771.574,4601.102,2951.924,0.0986
mixed,8,2,0.25,4.0,512,2048,128,512,224,2182.963,2247.286,2186.135,0.0493
mixed,8,2,0.25,4.0,512,2048,256,1024,448,2232.15,2343.224,2237.784,0.0507
mixed,8,2,0.25,4.0,512,2048,512,2048,896,2326.902,2548.055,2339.0,0.0547
mixed,8,2,0.25,4.0,512,2048,1024,4096,1792,2497.88,2953.493,2546.551,0.1068
mixed,8,2,0.25,4.0,512,2048,2048,8192,3584,2845.14,3762.195,2946.035,0.11
mixed,8,2,0.25,4.0,512,2048,4096,16384,7168,3566.383,5387.02,3745.683,0.0985
mixed,8,2,0.25,4.0,512,4096,128,512,224,3771.056,3804.273,3763.344,-0.2322
mixed,8,2,0.25,4.0,512,4096,256,1024,448,3818.034,3935.951,3824.915,0.0584
mixed,8,2,0.25,4.0,512,4096,512,2048,896,3898.132,4135.601,3898.737,0.0025
mixed,8,2,0.25,4.0,512,4096,1024,4096,1792,4054.893,4540.972,4117.264,0.1283
mixed,8,2,0.25,4.0,512,4096,2048,8192,3584,4441.937,5352.328,4528.787,0.0954
mixed,8,2,0.25,4.0,512,4096,4096,16384,7168,5130.569,6965.99,5323.754,0.1053
mixed,8,2,0.25,4.0,512,8192,128,512,224,6916.995,6958.598,6923.013,0.1447
mixed,8,2,0.25,4.0,512,8192,256,1024,448,6972.87,7090.184,6976.484,0.0308
mixed,8,2,0.25,4.0,512,8192,512,2048,896,7056.68,7285.254,7073.866,0.0752
mixed,8,2,0.25,4.0,512,8192,1024,4096,1792,7242.149,7683.109,7267.367,0.0572
mixed,8,2,0.25,4.0,512,8192,2048,8192,3584,7580.904,8502.013,7687.938,0.1162
mixed,8,2,0.25,4.0,512,8192,4096,16384,7168,8299.968,10110.591,8497.57,0.1091
mixed,8,2,0.25,4.0,1024,0,128,512,224,1355.355,1426.298,1363.355,0.1128
mixed,8,2,0.25,4.0,1024,0,256,1024,448,1410.685,1526.233,1413.563,0.0249
mixed,8,2,0.25,4.0,1024,0,512,2048,896,1497.401,1723.033,1522.683,0.112
mixed,8,2,0.25,4.0,1024,0,1024,4096,1792,1681.082,2127.866,1718.521,0.0838
mixed,8,2,0.25,4.0,1024,0,2048,8192,3584,2036.313,2941.976,2120.664,0.0931
mixed,8,2,0.25,4.0,1024,0,4096,16384,7168,2743.542,4565.777,2923.127,0.0986
mixed,8,2,0.25,4.0,1024,512,128,512,224,2208.15,2273.722,2213.239,0.0776
mixed,8,2,0.25,4.0,1024,512,256,1024,448,2257.687,2382.773,2270.166,0.0998
mixed,8,2,0.25,4.0,1024,512,512,2048,896,2351.895,2580.853,2375.64,0.1037
mixed,8,2,0.25,4.0,1024,512,1024,4096,1792,2524.79,2987.193,2572.342,0.1028
mixed,8,2,0.25,4.0,1024,512,2048,8192,3584,2886.87,3792.82,2974.998,0.0973
mixed,8,2,0.25,4.0,1024,512,4096,16384,7168,3594.003,5423.437,3781.012,0.1022
mixed,8,2,0.25,4.0,1024,1024,128,512,224,3010.614,3076.247,3016.246,0.0858
mixed,8,2,0.25,4.0,1024,1024,256,1024,448,3062.901,3179.124,3069.43,0.0562
mixed,8,2,0.25,4.0,1024,1024,512,2048,896,3153.651,3383.634,3172.884,0.0836
mixed,8,2,0.25,4.0,1024,1024,1024,4096,1792,3331.061,3781.842,3380.274,0.1092
mixed,8,2,0.25,4.0,1024,1024,2048,8192,3584,3684.466,4595.471,3774.997,0.0994
mixed,8,2,0.25,4.0,1024,1024,4096,16384,7168,4392.814,6222.058,4973.743,0.3176
mixed,8,2,0.25,4.0,1024,2048,128,512,224,4589.425,4653.104,4586.863,-0.0402
mixed,8,2,0.25,4.0,1024,2048,256,1024,448,4646.16,4753.009,4643.596,-0.024
mixed,8,2,0.25,4.0,1024,2048,512,2048,896,4720.496,4954.446,4753.936,0.1429
mixed,8,2,0.25,4.0,1024,2048,1024,4096,1792,4905.425,5362.221,4951.822,0.1016
mixed,8,2,0.25,4.0,1024,2048,2048,8192,3584,5263.083,6175.981,5345.868,0.0907
mixed,8,2,0.25,4.0,1024,2048,4096,16384,7168,5976.747,7808.388,6154.347,0.097
mixed,8,2,0.25,4.0,1024,4096,128,512,224,7711.269,7796.355,7715.268,0.047
mixed,8,2,0.25,4.0,1024,4096,256,1024,448,7790.182,7907.141,7769.471,-0.1771
mixed,8,2,0.25,4.0,1024,4096,512,2048,896,7868.74,8095.33,7881.925,0.0582
mixed,8,2,0.25,4.0,1024,4096,1024,4096,1792,8029.158,8505.057,8108.42,0.1666
mixed,8,2,0.25,4.0,1024,4096,2048,8192,3584,8383.842,9335.676,8516.896,0.1398
mixed,8,2,0.25,4.0,1024,4096,4096,16384,7168,9113.541,10921.018,9313.407,0.1106
mixed,8,2,0.25,4.0,1024,8192,128,512,224,13959.852,14048.973,13988.397,0.3203
mixed,8,2,0.25,4.0,1024,8192,256,1024,448,14068.432,14196.78,14072.556,0.0321
mixed,8,2,0.25,4.0,1024,8192,512,2048,896,14134.895,14405.61,14126.925,-0.0294
mixed,8,2,0.25,4.0,1024,8192,1024,4096,1792,14361.392,14772.079,14337.131,-0.0591
mixed,8,2,0.25,4.0,1024,8192,2048,8192,3584,14668.745,15630.631,14786.09,0.122
mixed,8,2,0.25,4.0,1024,8192,4096,16384,7168,15396.675,17224.065,15567.493,0.0935
mixed,8,2,0.25,4.0,2048,0,128,512,224,4006.163,3231.89,3150.133,
mixed,8,2,0.25,4.0,2048,0,256,1024,448,3196.278,3299.287,3193.973,-0.0224
mixed,8,2,0.25,4.0,2048,0,512,2048,896,3274.772,3729.618,3863.987,1.2954
mixed,8,2,0.25,4.0,2048,0,1024,4096,1792,3459.156,3802.13,3421.043,-0.1111
mixed,8,2,0.25,4.0,2048,0,2048,8192,3584,3712.529,4499.921,4040.178,0.4161
mixed,8,2,0.25,4.0,2048,0,4096,16384,7168,4329.104,5834.57,4311.536,-0.0117
mixed,8,2,0.25,4.0,2048,512,128,512,224,4279.024,4342.387,4283.12,0.0646
mixed,8,2,0.25,4.0,2048,512,256,1024,448,4724.432,4457.296,4355.408,
mixed,8,2,0.25,4.0,2048,512,512,2048,896,4434.19,4634.064,4369.232,-0.325
mixed,8,2,0.25,4.0,2048,512,1024,4096,1792,4524.879,4911.086,4531.375,0.0168
mixed,8,2,0.25,4.0,2048,512,2048,8192,3584,4828.622,5999.785,5725.803,0.7661
mixed,8,2,0.25,4.0,2048,512,4096,16384,7168,5476.974,6947.624,5409.388,-0.046
mixed,8,2,0.25,4.0,2048,1024,128,512,224,5333.581,5397.068,5851.084,8.1513
mixed,8,2,0.25,4.0,2048,1024,256,1024,448,5438.764,5531.882,5437.549,-0.013
mixed,8,2,0.25,4.0,2048,1024,512,2048,896,5506.09,5714.281,5440.971,-0.3128
mixed,8,2,0.25,4.0,2048,1024,1024,4096,1792,5577.071,5962.955,5580.748,0.0095
mixed,8,2,0.25,4.0,2048,1024,2048,8192,3584,5874.091,7201.604,5867.275,-0.0051
mixed,8,2,0.25,4.0,2048,1024,4096,16384,7168,6449.928,8019.234,6384.235,-0.0419
mixed,8,2,0.25,4.0,2048,2048,128,512,224,7456.935,7509.957,7467.015,0.1901
mixed,8,2,0.25,4.0,2048,2048,256,1024,448,7789.093,8180.482,7522.596,-0.6809
mixed,8,2,0.25,4.0,2048,2048,512,2048,896,7579.972,7772.324,7576.836,-0.0163
mixed,8,2,0.25,4.0,2048,2048,1024,4096,1792,7724.035,8112.066,8633.437,2.3436
mixed,8,2,0.25,4.0,2048,2048,2048,8192,3584,8024.389,8834.4,8059.84,0.0438
mixed,8,2,0.25,4.0,2048,2048,4096,16384,7168,8643.872,10185.178,8652.129,0.0054
mixed,8,2,0.25,4.0,2048,4096,128,512,224,11988.278,12015.316,12007.572,0.7136
mixed,8,2,0.25,4.0,2048,4096,256,1024,448,12015.318,12055.827,12031.668,0.4036
mixed,8,2,0.25,4.0,2048,4096,512,2048,896,12034.134,12277.141,12103.573,0.2857
mixed,8,2,0.25,4.0,2048,4096,1024,4096,1792,12257.558,12648.972,12268.88,0.0289
mixed,8,2,0.25,4.0,2048,4096,2048,8192,3584,12567.861,13337.613,12587.411,0.0254
mixed,8,2,0.25,4.0,2048,4096,4096,16384,7168,13157.556,14772.91,13188.016,0.0189
mixed,8,2,0.25,4.0,2048,8192,128,512,224,20879.312,20936.853,20731.897,-2.5619
mixed,8,2,0.25,4.0,2048,8192,256,1024,448,20956.502,21064.66,20968.471,0.1107
mixed,8,2,0.25,4.0,2048,8192,512,2048,896,20893.712,21044.112,20989.175,0.6347
mixed,8,2,0.25,4.0,2048,8192,1024,4096,1792,21125.652,21545.618,21081.645,-0.1048
mixed,8,2,0.25,4.0,2048,8192,2048,8192,3584,21460.818,22276.646,21397.781,-0.0773
mixed,8,2,0.25,4.0,2048,8192,4096,16384,7168,22086.025,23674.027,22079.692,-0.004
pure,8,3,0.375,4.0,0,0,128,512,272,92.097,136.479,91.68,-0.0094
pure,8,3,0.375,4.0,0,0,256,1024,544,139.295,278.783,171.521,0.231
pure,8,3,0.375,4.0,0,0,512,2048,1088,280.06,471.804,280.605,0.0028
pure,8,3,0.375,4.0,0,0,1024,4096,2176,494.334,872.285,483.358,-0.029
pure,8,3,0.375,4.0,0,0,2048,8192,4352,918.269,1672.668,887.197,-0.0412
pure,8,3,0.375,4.0,0,0,4096,16384,8704,1773.945,3271.124,1696.73,-0.0516
mixed,8,3,0.375,4.0,16,0,128,512,272,139.901,191.296,140.063,0.0032
mixed,8,3,0.375,4.0,16,0,256,1024,544,194.401,293.567,194.017,-0.0039
mixed,8,3,0.375,4.0,16,0,512,2048,1088,301.955,493.15,300.639,-0.0069
mixed,8,3,0.375,4.0,16,0,1024,4096,2176,518.078,893.182,507.805,-0.0274
mixed,8,3,0.375,4.0,16,0,2048,8192,4352,941.595,1691.129,911.325,-0.0404
mixed,8,3,0.375,4.0,16,0,4096,16384,8704,1787.48,3294.642,1713.658,-0.049
mixed,8,3,0.375,4.0,16,512,128,512,272,193.152,242.782,191.777,-0.0277
mixed,8,3,0.375,4.0,16,512,256,1024,544,244.831,346.911,244.704,-0.0012
mixed,8,3,0.375,4.0,16,512,512,2048,1088,355.389,545.406,352.829,-0.0135
mixed,8,3,0.375,4.0,16,512,1024,4096,2176,573.886,943.741,560.318,-0.0367
mixed,8,3,0.375,4.0,16,512,2048,8192,4352,993.789,1746.009,963.162,-0.0407
mixed,8,3,0.375,4.0,16,512,4096,16384,8704,1841.817,3338.612,1767.062,-0.0499
mixed,8,3,0.375,4.0,16,1024,128,512,272,215.006,267.231,212.734,-0.0435
mixed,8,3,0.375,4.0,16,1024,256,1024,544,266.527,367.744,270.656,0.0408
mixed,8,3,0.375,4.0,16,1024,512,2048,1088,386.11,569.534,378.878,-0.0394
mixed,8,3,0.375,4.0,16,1024,1024,4096,2176,591.55,971.13,578.716,-0.0338
mixed,8,3,0.375,4.0,16,1024,2048,8192,4352,1019.098,1772.441,988.765,-0.0403
mixed,8,3,0.375,4.0,16,1024,4096,16384,8704,1866.647,3367.473,1790.009,-0.0511
mixed,8,3,0.375,4.0,16,2048,128,512,272,234.878,288.576,235.614,0.0137
mixed,8,3,0.375,4.0,16,2048,256,1024,544,291.198,389.692,293.342,0.0218
mixed,8,3,0.375,4.0,16,2048,512,2048,1088,403.387,592.733,399.649,-0.0197
mixed,8,3,0.375,4.0,16,2048,1024,4096,2176,653.757,1001.948,611.679,-0.1208
mixed,8,3,0.375,4.0,16,2048,2048,8192,4352,1057.174,1814.872,1024.99,-0.0425
mixed,8,3,0.375,4.0,16,2048,4096,16384,8704,1924.314,3447.505,1838.165,-0.0566
mixed,8,3,0.375,4.0,16,4096,128,512,272,292.765,343.419,293.63,0.0171
mixed,8,3,0.375,4.0,16,4096,256,1024,544,350.43,445.726,352.317,0.0198
mixed,8,3,0.375,4.0,16,4096,512,2048,1088,455.872,647.485,459.006,0.0164
mixed,8,3,0.375,4.0,16,4096,1024,4096,2176,678.814,1056.732,668.062,-0.0285
mixed,8,3,0.375,4.0,16,4096,2048,8192,4352,1112.157,1871.706,1078.045,-0.0449
mixed,8,3,0.375,4.0,16,4096,4096,16384,8704,1974.966,3496.175,1898.807,-0.0501
mixed,8,3,0.375,4.0,16,8192,128,512,272,397.949,451.836,398.301,0.0065
mixed,8,3,0.375,4.0,16,8192,256,1024,544,455.294,549.468,457.215,0.0204
mixed,8,3,0.375,4.0,16,8192,512,2048,1088,567.035,755.357,558.271,-0.0465
mixed,8,3,0.375,4.0,16,8192,1024,4096,2176,778.974,1158.396,772.927,-0.0159
mixed,8,3,0.375,4.0,16,8192,2048,8192,4352,1216.571,1981.784,1179.642,-0.0483
mixed,8,3,0.375,4.0,16,8192,4096,16384,8704,2078.711,3597.328,2003.704,-0.0494
mixed,8,3,0.375,4.0,32,0,128,512,272,181.087,230.333,181.054,-0.0007
mixed,8,3,0.375,4.0,32,0,256,1024,544,235.424,335.103,234.141,-0.0129
mixed,8,3,0.375,4.0,32,0,512,2048,1088,344.445,533.79,345.983,0.0081
mixed,8,3,0.375,4.0,32,0,1024,4096,2176,558.431,946.235,554.14,-0.0111
mixed,8,3,0.375,4.0,32,0,2048,8192,4352,998.62,1755.862,962.908,-0.0472
mixed,8,3,0.375,4.0,32,0,4096,16384,8704,1857.654,3383.154,1777.176,-0.0528
mixed,8,3,0.375,4.0,32,512,128,512,272,239.2,291.423,239.36,0.0031
mixed,8,3,0.375,4.0,32,512,256,1024,544,297.471,394.718,295.519,-0.0201
mixed,8,3,0.375,4.0,32,512,512,2048,1088,406.079,598.142,405.214,-0.0045
mixed,8,3,0.375,4.0,32,512,1024,4096,2176,620.35,1001.245,618.205,-0.0056
mixed,8,3,0.375,4.0,32,512,2048,8192,4352,1059.067,1816.727,1025.819,-0.0439
mixed,8,3,0.375,4.0,32,512,4096,16384,8704,1913.59,3449.713,1839.672,-0.0481
mixed,8,3,0.375,4.0,32,1024,128,512,272,303.324,357.34,304.159,0.0155
mixed,8,3,0.375,4.0,32,1024,256,1024,544,359.488,457.63,362.109,0.0267
mixed,8,3,0.375,4.0,32,1024,512,2048,1088,469.376,659.516,467.517,-0.0098
mixed,8,3,0.375,4.0,32,1024,1024,4096,2176,687.261,1069.566,678.973,-0.0217
mixed,8,3,0.375,4.0,32,1024,2048,8192,4352,1115.098,1884.792,1090.942,-0.0314
mixed,8,3,0.375,4.0,32,1024,4096,16384,8704,1981.336,3508.335,1907.606,-0.0483
mixed,8,3,0.375,4.0,32,2048,128,512,272,343.737,394.3,344.926,0.0235
mixed,8,3,0.375,4.0,32,2048,256,1024,544,401.471,497.083,402.367,0.0094
mixed,8,3,0.375,4.0,32,2048,512,2048,1088,510.045,698.205,508.51,-0.0082
mixed,8,3,0.375,4.0,32,2048,1024,4096,2176,722.268,1107.738,714.013,-0.0214
mixed,8,3,0.375,4.0,32,2048,2048,8192,4352,1157.981,1918.935,1124.827,-0.0436
mixed,8,3,0.375,4.0,32,2048,4096,16384,8704,2027.03,3538.291,1942.361,-0.056
mixed,8,3,0.375,4.0,32,4096,128,512,272,455.58,505.084,451.422,-0.084
mixed,8,3,0.375,4.0,32,4096,256,1024,544,506.302,607.038,512.319,0.0597
mixed,8,3,0.375,4.0,32,4096,512,2048,1088,622.877,805.434,613.181,-0.0531
mixed,8,3,0.375,4.0,32,4096,1024,4096,2176,836.954,1215.066,828.063,-0.0235
mixed,8,3,0.375,4.0,32,4096,2048,8192,4352,1258.553,2024.725,1229.115,-0.0384
mixed,8,3,0.375,4.0,32,4096,4096,16384,8704,2134.488,3656.017,2051.96,-0.0542
mixed,8,3,0.375,4.0,32,8192,128,512,272,662.844,716.572,659.805,-0.0566
mixed,8,3,0.375,4.0,32,8192,256,1024,544,716.829,813.98,713.31,-0.0362
mixed,8,3,0.375,4.0,32,8192,512,2048,1088,826.269,1011.292,819.132,-0.0386
mixed,8,3,0.375,4.0,32,8192,1024,4096,2176,1041.436,1420.409,1032.923,-0.0225
mixed,8,3,0.375,4.0,32,8192,2048,8192,4352,1478.938,2233.91,1440.539,-0.0509
mixed,8,3,0.375,4.0,32,8192,4096,16384,8704,2340.663,3861.104,2252.723,-0.0578
mixed,8,3,0.375,4.0,64,0,128,512,272,188.864,237.438,187.135,-0.0356
mixed,8,3,0.375,4.0,64,0,256,1024,544,242.236,344.256,241.856,-0.0037
mixed,8,3,0.375,4.0,64,0,512,2048,1088,349.342,548.54,351.933,0.013
mixed,8,3,0.375,4.0,64,0,1024,4096,2176,570.719,950.202,563.422,-0.0192
mixed,8,3,0.375,4.0,64,0,2048,8192,4352,1006.109,1762.68,975.197,-0.0409
mixed,8,3,0.375,4.0,64,0,4096,16384,8704,1870.104,3394.707,1785.081,-0.0558
mixed,8,3,0.375,4.0,64,512,128,512,272,324.257,376.669,321.694,-0.0489
mixed,8,3,0.375,4.0,64,512,256,1024,544,377.275,477.79,381.31,0.0401
mixed,8,3,0.375,4.0,64,512,512,2048,1088,488.765,680.446,487.071,-0.0088
mixed,8,3,0.375,4.0,64,512,1024,4096,2176,707.038,1087.674,699.228,-0.0205
mixed,8,3,0.375,4.0,64,512,2048,8192,4352,1138.78,1906.742,1106.076,-0.0426
mixed,8,3,0.375,4.0,64,512,4096,16384,8704,2004.182,3520.817,1925.813,-0.0517
mixed,8,3,0.375,4.0,64,1024,128,512,272,403.648,455.325,403.229,-0.0081
mixed,8,3,0.375,4.0,64,1024,256,1024,544,457.758,557.885,459.359,0.016
mixed,8,3,0.375,4.0,64,1024,512,2048,1088,570.587,756.19,565.854,-0.0255
mixed,8,3,0.375,4.0,64,1024,1024,4096,2176,784.219,1158.874,775.74,-0.0226
mixed,8,3,0.375,4.0,64,1024,2048,8192,4352,1215.674,1969.815,1184.666,-0.0411
mixed,8,3,0.375,4.0,64,1024,4096,16384,8704,2075.544,3597.521,2002.422,-0.048
mixed,8,3,0.375,4.0,64,2048,128,512,272,510.459,560.093,506.495,-0.0799
mixed,8,3,0.375,4.0,64,2048,256,1024,544,560.318,659.9,561.407,0.0109
mixed,8,3,0.375,4.0,64,2048,512,2048,1088,670.622,859.419,668.894,-0.0092
mixed,8,3,0.375,4.0,64,2048,1024,4096,2176,888.636,1265.626,871.898,-0.0444
mixed,8,3,0.375,4.0,64,2048,2048,8192,4352,1319.837,2075.671,1286.3,-0.0444
mixed,8,3,0.375,4.0,64,2048,4096,16384,8704,2178.744,3699.443,2099.35,-0.0522
mixed,8,3,0.375,4.0,64,4096,128,512,272,710.907,759.837,706.877,-0.0824
mixed,8,3,0.375,4.0,64,4096,256,1024,544,763.005,862.202,761.756,-0.0126
mixed,8,3,0.375,4.0,64,4096,512,2048,1088,874.684,1060.122,870.716,-0.0214
mixed,8,3,0.375,4.0,64,4096,1024,4096,2176,1088.827,1466.71,1075.227,-0.036
mixed,8,3,0.375,4.0,64,4096,2048,8192,4352,1515.48,2277.142,1484.953,-0.0401
mixed,8,3,0.375,4.0,64,4096,4096,16384,8704,2383.252,3913.197,2296.919,-0.0564
mixed,8,3,0.375,4.0,64,8192,128,512,272,1104.092,1156.153,1102.81,-0.0246
mixed,8,3,0.375,4.0,64,8192,256,1024,544,1158.555,1255.736,1161.246,0.0277
mixed,8,3,0.375,4.0,64,8192,512,2048,1088,1271.676,1456.248,1264.093,-0.0411
mixed,8,3,0.375,4.0,64,8192,1024,4096,2176,1483.64,1862.487,1473.723,-0.0262
mixed,8,3,0.375,4.0,64,8192,2048,8192,4352,1912.375,2671.475,1884.538,-0.0367
mixed,8,3,0.375,4.0,64,8192,4096,16384,8704,2775.794,4289.645,2694.454,-0.0537
mixed,8,3,0.375,4.0,128,0,128,512,272,205.374,259.007,207.038,0.031
mixed,8,3,0.375,4.0,128,0,256,1024,544,260.893,361.855,263.102,0.0219
mixed,8,3,0.375,4.0,128,0,512,2048,1088,373.92,564.444,369.79,-0.0217
mixed,8,3,0.375,4.0,128,0,1024,4096,2176,587.868,968.702,583.388,-0.0118
mixed,8,3,0.375,4.0,128,0,2048,8192,4352,1021.146,1785.592,993.913,-0.0356
mixed,8,3,0.375,4.0,128,0,4096,16384,8704,1887.222,3406.8,1805.081,-0.0541
mixed,8,3,0.375,4.0,128,512,128,512,272,450.143,499.837,447.932,-0.0445
mixed,8,3,0.375,4.0,128,512,256,1024,544,502.781,598.527,502.078,-0.0073
mixed,8,3,0.375,4.0,128,512,512,2048,1088,612.187,801.788,608.573,-0.0191
mixed,8,3,0.375,4.0,128,512,1024,4096,2176,827.325,1202.298,819.326,-0.0213
mixed,8,3,0.375,4.0,128,512,2048,8192,4352,1260.378,2017.271,1224.122,-0.0479
mixed,8,3,0.375,4.0,128,512,4096,16384,8704,2119.702,3646.322,2044.373,-0.0493
mixed,8,3,0.375,4.0,128,1024,128,512,272,547.165,597.918,544.447,-0.0536
mixed,8,3,0.375,4.0,128,1024,256,1024,544,599.486,698.528,600.095,0.0061
mixed,8,3,0.375,4.0,128,1024,512,2048,1088,712.157,899.708,705.501,-0.0355
mixed,8,3,0.375,4.0,128,1024,1024,4096,2176,926.204,1302.65,915.962,-0.0272
mixed,8,3,0.375,4.0,128,1024,2048,8192,4352,1355.546,2113.783,1323.002,-0.0429
mixed,8,3,0.375,4.0,128,1024,4096,16384,8704,2218.584,3742.574,2144.763,-0.0484
mixed,8,3,0.375,4.0,128,2048,128,512,272,752.253,801.759,751.325,-0.0187
mixed,8,3,0.375,4.0,128,2048,256,1024,544,802.717,904.893,804.668,0.0191
mixed,8,3,0.375,4.0,128,2048,512,2048,1088,915.134,1102.747,913.532,-0.0085
mixed,8,3,0.375,4.0,128,2048,1024,4096,2176,1130.937,1506.972,1117.658,-0.0353
mixed,8,3,0.375,4.0,128,2048,2048,8192,4352,1559.864,2318.615,1526.713,-0.0437
mixed,8,3,0.375,4.0,128,2048,4096,16384,8704,2419.573,3939.086,2345.364,-0.0488
mixed,8,3,0.375,4.0,128,4096,128,512,272,1149.147,1202.236,1150.364,0.0229
mixed,8,3,0.375,4.0,128,4096,256,1024,544,1200.474,1299.193,1199.355,-0.0113
mixed,8,3,0.375,4.0,128,4096,512,2048,1088,1313.02,1499.578,1308.056,-0.0266
mixed,8,3,0.375,4.0,128,4096,1024,4096,2176,1521.785,1900.182,1514.651,-0.0189
mixed,8,3,0.375,4.0,128,4096,2048,8192,4352,1960.983,2718.58,1919.96,-0.0541
mixed,8,3,0.375,4.0,128,4096,4096,16384,8704,2823.699,4340.109,2743.091,-0.0532
mixed,8,3,0.375,4.0,128,8192,128,512,272,1937.911,1990.454,1934.904,-0.0572
mixed,8,3,0.375,4.0,128,8192,256,1024,544,1991.767,2088.92,1990.904,-0.0089
mixed,8,3,0.375,4.0,128,8192,512,2048,1088,2095.895,2285.205,2095.351,-0.0029
mixed,8,3,0.375,4.0,128,8192,1024,4096,2176,2314.264,2693.556,2301.62,-0.0333
mixed,8,3,0.375,4.0,128,8192,2048,8192,4352,2746.418,3505.169,2713.239,-0.0437
mixed,8,3,0.375,4.0,128,8192,4096,16384,8704,3609.138,5135.272,3523.504,-0.0561
mixed,8,3,0.375,4.0,256,0,128,512,272,500.51,550.398,499.935,-0.0115
mixed,8,3,0.375,4.0,256,0,256,1024,544,553.598,655.1,553.372,-0.0022
mixed,8,3,0.375,4.0,256,0,512,2048,1088,664.255,852.092,659.421,-0.0257
mixed,8,3,0.375,4.0,256,0,1024,4096,2176,877.693,1256.186,866.203,-0.0304
mixed,8,3,0.375,4.0,256,0,2048,8192,4352,1306.395,2065.175,1273.081,-0.0439
mixed,8,3,0.375,4.0,256,0,4096,16384,8704,2173.078,3688.593,2089.974,-0.0548
mixed,8,3,0.375,4.0,256,512,128,512,272,701.948,757.149,701.084,-0.0157
mixed,8,3,0.375,4.0,256,512,256,1024,544,755.165,856.508,757.246,0.0205
mixed,8,3,0.375,4.0,256,512,512,2048,1088,865.662,1053.851,860.058,-0.0298
mixed,8,3,0.375,4.0,256,512,1024,4096,2176,1076.57,1457.722,1065.021,-0.0303
mixed,8,3,0.375,4.0,256,512,2048,8192,4352,1505.178,2271.926,1476.314,-0.0376
mixed,8,3,0.375,4.0,256,512,4096,16384,8704,2374.644,3899.436,2290.389,-0.0553
mixed,8,3,0.375,4.0,256,1024,128,512,272,902.107,955.837,901.34,-0.0143
mixed,8,3,0.375,4.0,256,1024,256,1024,544,952.73,1054.747,953.34,0.006
mixed,8,3,0.375,4.0,256,1024,512,2048,1088,1061.244,1252.667,1064.252,0.0157
mixed,8,3,0.375,4.0,256,1024,1024,4096,2176,1278.01,1657.719,1265.211,-0.0337
mixed,8,3,0.375,4.0,256,1024,2048,8192,4352,1703.673,2470.835,1681.144,-0.0294
mixed,8,3,0.375,4.0,256,1024,4096,16384,8704,2568.181,4089.163,2495.028,-0.0481
mixed,8,3,0.375,4.0,256,2048,128,512,272,1300.505,1348.153,1299.609,-0.0188
mixed,8,3,0.375,4.0,256,2048,256,1024,544,1353.049,1452.825,1351.449,-0.016
mixed,8,3,0.375,4.0,256,2048,512,2048,1088,1466.777,1653.657,1459.162,-0.0407
mixed,8,3,0.375,4.0,256,2048,1024,4096,2176,1675.64,2056.886,1662.811,-0.0337
mixed,8,3,0.375,4.0,256,2048,2048,8192,4352,2104.951,2862.771,2074.711,-0.0399
mixed,8,3,0.375,4.0,256,2048,4096,16384,8704,2967.444,4490.191,2890.964,-0.0502
mixed,8,3,0.375,4.0,256,4096,128,512,272,2089.429,2140.536,2087.093,-0.0457
mixed,8,3,0.375,4.0,256,4096,256,1024,544,2143.383,2238.421,2140.119,-0.0343
mixed,8,3,0.375,4.0,256,4096,512,2048,1088,2250.74,2440.886,2251.127,0.002
mixed,8,3,0.375,4.0,256,4096,1024,4096,2176,2469.94,2850.098,2455.925,-0.0369
mixed,8,3,0.375,4.0,256,4096,2048,8192,4352,2894.518,3648.048,2856.306,-0.0507
mixed,8,3,0.375,4.0,256,4096,4096,16384,8704,3752.241,5275.147,3675.953,-0.0501
mixed,8,3,0.375,4.0,256,8192,128,512,272,3665.044,3722.095,3665.712,0.0117
mixed,8,3,0.375,4.0,256,8192,256,1024,544,3720.305,3817.422,3724.908,0.0474
mixed,8,3,0.375,4.0,256,8192,512,2048,1088,3833.039,4018.894,3830.987,-0.011
mixed,8,3,0.375,4.0,256,8192,1024,4096,2176,4056.526,4419.311,4042.669,-0.0382
mixed,8,3,0.375,4.0,256,8192,2048,8192,4352,4475.849,5227.784,4438.605,-0.0495
mixed,8,3,0.375,4.0,256,8192,4096,16384,8704,5344.108,6850.719,5264.712,-0.0527
mixed,8,3,0.375,4.0,512,0,128,512,272,577.853,631.452,579.741,0.0352
mixed,8,3,0.375,4.0,512,0,256,1024,544,634.621,733.598,636.639,0.0204
mixed,8,3,0.375,4.0,512,0,512,2048,1088,745.405,932.637,741.405,-0.0214
mixed,8,3,0.375,4.0,512,0,1024,4096,2176,958.17,1336.571,949.148,-0.0238
mixed,8,3,0.375,4.0,512,0,2048,8192,4352,1391.129,2146.485,1360.538,-0.0405
mixed,8,3,0.375,4.0,512,0,4096,16384,8704,2254.711,3775.822,2177.685,-0.0506
mixed,8,3,0.375,4.0,512,512,128,512,272,1004.413,1053.852,1000.635,-0.0764
mixed,8,3,0.375,4.0,512,512,256,1024,544,1056.635,1155.416,1058.396,0.0178
mixed,8,3,0.375,4.0,512,512,512,2048,1088,1168.476,1355.035,1166.938,-0.0082
mixed,8,3,0.375,4.0,512,512,1024,4096,2176,1381.113,1761.848,1370.043,-0.0291
mixed,8,3,0.375,4.0,512,512,2048,8192,4352,1812.376,2572.403,1786.295,-0.0343
mixed,8,3,0.375,4.0,512,512,4096,16384,8704,2668.564,4196.109,2598.744,-0.0457
mixed,8,3,0.375,4.0,512,1024,128,512,272,1403.962,1452.247,1400.346,-0.0749
mixed,8,3,0.375,4.0,512,1024,256,1024,544,1454.231,1552.986,1456.025,0.0182
mixed,8,3,0.375,4.0,512,1024,512,2048,1088,1567.035,1757.559,1561.495,-0.0291
mixed,8,3,0.375,4.0,512,1024,1024,4096,2176,1777.848,2158.198,1767.639,-0.0268
mixed,8,3,0.375,4.0,512,1024,2048,8192,4352,2217.464,2976.658,2180.118,-0.0492
mixed,8,3,0.375,4.0,512,1024,4096,16384,8704,3080.723,4599.527,2988.405,-0.0608
mixed,8,3,0.375,4.0,512,2048,128,512,272,2193.079,2252.471,2197.783,0.0792
mixed,8,3,0.375,4.0,512,2048,256,1024,544,2252.535,2347.51,2253.624,0.0115
mixed,8,3,0.375,4.0,512,2048,512,2048,1088,2365.461,2551.156,2357.46,-0.0431
mixed,8,3,0.375,4.0,512,2048,1024,4096,2176,2573.652,2958.772,2563.412,-0.0266
mixed,8,3,0.375,4.0,512,2048,2048,8192,4352,3006.579,3771.373,2976.245,-0.0397
mixed,8,3,0.375,4.0,512,2048,4096,16384,8704,3868.495,5393.288,3796.174,-0.0474
mixed,8,3,0.375,4.0,512,4096,128,512,272,3770.959,3813.293,3753.553,-0.4112
mixed,8,3,0.375,4.0,512,4096,256,1024,544,3825.39,3918.384,3810.83,-0.1566
mixed,8,3,0.375,4.0,512,4096,512,2048,1088,3948.113,4137.936,3949.134,0.0054
mixed,8,3,0.375,4.0,512,4096,1024,4096,2176,4149.07,4511.403,4130.543,-0.0511
mixed,8,3,0.375,4.0,512,4096,2048,8192,4352,4593.131,5346.472,4543.15,-0.0663
mixed,8,3,0.375,4.0,512,4096,4096,16384,8704,5457.062,6941.86,5365.223,-0.0619
mixed,8,3,0.375,4.0,512,8192,128,512,272,6925.058,6989.823,6928.545,0.0538
mixed,8,3,0.375,4.0,512,8192,256,1024,544,6984.387,7100.065,7001.761,0.1502
mixed,8,3,0.375,4.0,512,8192,512,2048,1088,7115.358,7296.064,7101.663,-0.0758
mixed,8,3,0.375,4.0,512,8192,1024,4096,2176,7325.922,7706.107,7305.057,-0.0549
mixed,8,3,0.375,4.0,512,8192,2048,8192,4352,7752.861,8504.696,7710.876,-0.0558
mixed,8,3,0.375,4.0,512,8192,4096,16384,8704,8609.662,10126.101,8533.753,-0.0501
mixed,8,3,0.375,4.0,1024,0,128,512,272,1371.898,1421.402,1371.8,-0.002
mixed,8,3,0.375,4.0,1024,0,256,1024,544,1427.227,1525.944,1428.666,0.0146
mixed,8,3,0.375,4.0,1024,0,512,2048,1088,1537.241,1728.024,1536.92,-0.0017
mixed,8,3,0.375,4.0,1024,0,1024,4096,2176,1749.719,2135.607,1745.817,-0.0101
mixed,8,3,0.375,4.0,1024,0,2048,8192,4352,2181.495,2941.717,2153.399,-0.037
mixed,8,3,0.375,4.0,1024,0,4096,16384,8704,3057.746,4568.46,2966.067,-0.0607
mixed,8,3,0.375,4.0,1024,512,128,512,272,2222.452,2275.064,2223.031,0.011
mixed,8,3,0.375,4.0,1024,512,256,1024,544,2277.303,2379.157,2278.644,0.0132
mixed,8,3,0.375,4.0,1024,512,512,2048,1088,2387.861,2578.676,2391.798,0.0206
mixed,8,3,0.375,4.0,1024,512,1024,4096,2176,2603.412,2985.809,2594.196,-0.0241
mixed,8,3,0.375,4.0,1024,512,2048,8192,4352,3038.387,3794.798,3006.549,-0.0421
mixed,8,3,0.375,4.0,1024,512,4096,16384,8704,3901.23,5428.65,3819.92,-0.0532
mixed,8,3,0.375,4.0,1024,1024,128,512,272,3029.043,3077.169,3026.227,-0.0585
mixed,8,3,0.375,4.0,1024,1024,256,1024,544,3087.122,3178.194,3086.836,-0.0031
mixed,8,3,0.375,4.0,1024,1024,512,2048,1088,3187.986,3376.273,3190.736,0.0146
mixed,8,3,0.375,4.0,1024,1024,1024,4096,2176,3404.08,3785.676,3394.322,-0.0256
mixed,8,3,0.375,4.0,1024,1024,2048,8192,4352,3839.053,4598.922,3810.256,-0.0379
mixed,8,3,0.375,4.0,1024,1024,4096,16384,8704,4705.229,6222.947,4629.005,-0.0502
mixed,8,3,0.375,4.0,1024,2048,128,512,272,4595.02,4655.338,4605.835,0.1793
mixed,8,3,0.375,4.0,1024,2048,256,1024,544,4662.894,4762.538,4665.099,0.0221
mixed,8,3,0.375,4.0,1024,2048,512,2048,1088,4761.168,4958.315,4765.453,0.0217
mixed,8,3,0.375,4.0,1024,2048,1024,4096,2176,4986.765,5365.992,4991.952,0.0137
mixed,8,3,0.375,4.0,1024,2048,2048,8192,4352,5422.088,6167.399,5393.643,-0.0382
mixed,8,3,0.375,4.0,1024,2048,4096,16384,8704,6284.04,7806.428,6218.345,-0.0432
mixed,8,3,0.375,4.0,1024,4096,128,512,272,7727.135,7811.36,7748.447,0.253
mixed,8,3,0.375,4.0,1024,4096,256,1024,544,7805.855,7914.56,7800.225,-0.0518
mixed,8,3,0.375,4.0,1024,4096,512,2048,1088,7902.081,8077.727,7921.215,0.1089
mixed,8,3,0.375,4.0,1024,4096,1024,4096,2176,8103.709,8503.518,8131.138,0.0686
mixed,8,3,0.375,4.0,1024,4096,2048,8192,4352,8566.044,9291.996,8532.188,-0.0466
mixed,8,3,0.375,4.0,1024,4096,4096,16384,8704,9419.737,10922.448,9326.395,-0.0621
mixed,8,3,0.375,4.0,1024,8192,128,512,272,13997.893,14118.721,14016.101,0.1507
mixed,8,3,0.375,4.0,1024,8192,256,1024,544,14067.461,14196.456,14120.421,0.4106
mixed,8,3,0.375,4.0,1024,8192,512,2048,1088,14199.272,14352.487,14199.558,0.0019
mixed,8,3,0.375,4.0,1024,8192,1024,4096,2176,14405.697,14774.953,14384.612,-0.0571
mixed,8,3,0.375,4.0,1024,8192,2048,8192,4352,14830.277,15564.164,14782.305,-0.0654
mixed,8,3,0.375,4.0,1024,8192,4096,16384,8704,15715.073,17205.046,15618.501,-0.0648
mixed,8,3,0.375,4.0,2048,0,128,512,272,4023.182,3234.034,3137.97,
mixed,8,3,0.375,4.0,2048,0,256,1024,544,3186.932,3276.37,3183.378,-0.0397
mixed,8,3,0.375,4.0,2048,0,512,2048,1088,3280.978,4114.288,3361.044,0.0961
mixed,8,3,0.375,4.0,2048,0,1024,4096,2176,3471.6,3799.952,3469.457,-0.0065
mixed,8,3,0.375,4.0,2048,0,2048,8192,4352,3848.59,4503.242,4088.528,0.3665
mixed,8,3,0.375,4.0,2048,0,4096,16384,8704,4595.309,5807.879,4505.613,-0.074
mixed,8,3,0.375,4.0,2048,512,128,512,272,4256.431,4305.71,4250.385,-0.1227
mixed,8,3,0.375,4.0,2048,512,256,1024,544,4714.605,4458.637,4344.91,
mixed,8,3,0.375,4.0,2048,512,512,2048,1088,4437.581,4602.829,4433.197,-0.0265
mixed,8,3,0.375,4.0,2048,512,1024,4096,2176,4622.03,5142.539,6084.584,2.8099
mixed,8,3,0.375,4.0,2048,512,2048,8192,4352,5034.187,5607.403,4948.908,-0.1488
mixed,8,3,0.375,4.0,2048,512,4096,16384,8704,5707.015,6943.94,5622.185,-0.0686
mixed,8,3,0.375,4.0,2048,1024,128,512,272,5358.185,5405.003,5348.713,-0.2023
mixed,8,3,0.375,4.0,2048,1024,256,1024,544,6502.949,5571.465,5401.419,
mixed,8,3,0.375,4.0,2048,1024,512,2048,1088,5496.425,5658.374,5486.376,-0.0621
mixed,8,3,0.375,4.0,2048,1024,1024,4096,2176,5678.696,6481.029,5675.209,-0.0043
mixed,8,3,0.375,4.0,2048,1024,2048,8192,4352,6073.956,6707.108,6046.375,-0.0436
mixed,8,3,0.375,4.0,2048,1024,4096,16384,8704,8871.965,8058.014,6744.199,
mixed,8,3,0.375,4.0,2048,2048,128,512,272,7551.649,7507.649,7462.718,
mixed,8,3,0.375,4.0,2048,2048,256,1024,544,7508.066,7601.188,7507.043,-0.011
mixed,8,3,0.375,4.0,2048,2048,512,2048,1088,8248.605,7910.975,7599.267,
mixed,8,3,0.375,4.0,2048,2048,1024,4096,2176,7796.351,8115.135,7796.032,-0.001
mixed,8,3,0.375,4.0,2048,2048,2048,8192,4352,8180.894,8815.736,8172.161,-0.0138
mixed,8,3,0.375,4.0,2048,2048,4096,16384,8704,8912.795,10211.673,8882.619,-0.0232
mixed,8,3,0.375,4.0,2048,4096,128,512,272,11971.918,12015.727,11925.006,-1.0708
mixed,8,3,0.375,4.0,2048,4096,256,1024,544,12034.802,12124.366,12045.043,0.1143
mixed,8,3,0.375,4.0,2048,4096,512,2048,1088,12111.055,12322.48,12139.085,0.1326
mixed,8,3,0.375,4.0,2048,4096,1024,4096,2176,12258.478,12575.148,12319.818,0.1937
mixed,8,3,0.375,4.0,2048,4096,2048,8192,4352,12634.699,13269.769,12617.355,-0.0273
mixed,8,3,0.375,4.0,2048,4096,4096,16384,8704,13381.642,14786.596,13421.738,0.0285
mixed,8,3,0.375,4.0,2048,8192,128,512,272,20783.055,20854.185,20835.085,0.7315
mixed,8,3,0.375,4.0,2048,8192,256,1024,544,20760.94,20976.08,20769.133,0.0381
mixed,8,3,0.375,4.0,2048,8192,512,2048,1088,20962.758,21127.245,20995.334,0.198
mixed,8,3,0.375,4.0,2048,8192,1024,4096,2176,21247.24,21551.05,21190.731,-0.186
mixed,8,3,0.375,4.0,2048,8192,2048,8192,4352,21637.102,22269.51,21570.988,-0.1045
mixed,8,3,0.375,4.0,2048,8192,4096,16384,8704,22253.185,23533.033,22332.393,0.0619
pure,8,4,0.5,4.0,0,0,128,512,320,103.967,136.959,102.686,-0.0388
pure,8,4,0.5,4.0,0,0,256,1024,640,157.566,226.783,205.376,0.6907
pure,8,4,0.5,4.0,0,0,512,2048,1280,318.463,470.525,337.213,0.1233
pure,8,4,0.5,4.0,0,0,1024,4096,2560,569.919,871.58,602.906,0.1094
pure,8,4,0.5,4.0,0,0,2048,8192,5120,1070.619,1671.354,1138.46,0.1129
pure,8,4,0.5,4.0,0,0,4096,16384,10240,2070.966,3271.667,2197.878,0.1057
mixed,8,4,0.5,4.0,16,0,128,512,320,152.062,189.118,153.791,0.0467
mixed,8,4,0.5,4.0,16,0,256,1024,640,215.646,294.527,219.904,0.054
mixed,8,4,0.5,4.0,16,0,512,2048,1280,340.157,492.637,361.31,0.1387
mixed,8,4,0.5,4.0,16,0,1024,4096,2560,590.527,894.013,623.84,0.1098
mixed,8,4,0.5,4.0,16,0,2048,8192,5120,1091.388,1692.954,1157.241,0.1095
mixed,8,4,0.5,4.0,16,0,4096,16384,10240,2094.713,3296.084,2220.95,0.1051
mixed,8,4,0.5,4.0,16,512,128,512,320,206.368,242.911,207.68,0.0359
mixed,8,4,0.5,4.0,16,512,256,1024,640,268.447,348.32,271.872,0.0429
mixed,8,4,0.5,4.0,16,512,512,2048,1280,394.461,543.294,413.023,0.1247
mixed,8,4,0.5,4.0,16,512,1024,4096,2560,644.893,949.82,675.041,0.0989
mixed,8,4,0.5,4.0,16,512,2048,8192,5120,1143.42,1744.954,1209.084,0.1092
mixed,8,4,0.5,4.0,16,512,4096,16384,10240,2142.39,3347.666,2276.147,0.111
mixed,8,4,0.5,4.0,16,1024,128,512,320,228.864,268.798,233.727,0.1218
mixed,8,4,0.5,4.0,16,1024,256,1024,640,291.934,370.879,299.07,0.0904
mixed,8,4,0.5,4.0,16,1024,512,2048,1280,420.093,573.087,442.589,0.147
mixed,8,4,0.5,4.0,16,1024,1024,4096,2560,679.262,983.899,712.831,0.1102
mixed,8,4,0.5,4.0,16,1024,2048,8192,5120,1189.214,1798.234,1251.644,0.1025
mixed,8,4,0.5,4.0,16,1024,4096,16384,10240,2201.269,3421.68,2341.879,0.1152
mixed,8,4,0.5,4.0,16,2048,128,512,320,252.545,289.662,256.379,0.1033
mixed,8,4,0.5,4.0,16,2048,256,1024,640,313.377,392.32,323.261,0.1252
mixed,8,4,0.5,4.0,16,2048,512,2048,1280,441.823,594.911,461.184,0.1265
mixed,8,4,0.5,4.0,16,2048,1024,4096,2560,696.221,1006.428,732.383,0.1166
mixed,8,4,0.5,4.0,16,2048,2048,8192,5120,1210.106,1817.432,1278.552,0.1127
mixed,8,4,0.5,4.0,16,2048,4096,16384,10240,2227.576,3442.321,2353.399,0.1036
mixed,8,4,0.5,4.0,16,4096,128,512,320,305.185,351.263,309.563,0.095
mixed,8,4,0.5,4.0,16,4096,256,1024,640,374.076,446.207,376.83,0.0382
mixed,8,4,0.5,4.0,16,4096,512,2048,1280,496.0,647.998,514.686,0.1229
mixed,8,4,0.5,4.0,16,4096,1024,4096,2560,752.126,1054.459,788.255,0.1195
mixed,8,4,0.5,4.0,16,4096,2048,8192,5120,1256.185,1867.256,1328.538,0.1184
mixed,8,4,0.5,4.0,16,4096,4096,16384,10240,2277.366,3502.226,2407.959,0.1066
mixed,8,4,0.5,4.0,16,8192,128,512,320,414.176,451.165,415.296,0.0303
mixed,8,4,0.5,4.0,16,8192,256,1024,640,477.885,555.195,481.95,0.0526
mixed,8,4,0.5,4.0,16,8192,512,2048,1280,605.532,755.806,620.319,0.0984
mixed,8,4,0.5,4.0,16,8192,1024,4096,2560,854.844,1160.12,892.861,0.1245
mixed,8,4,0.5,4.0,16,8192,2048,8192,5120,1365.884,1976.663,1433.755,0.1111
mixed,8,4,0.5,4.0,16,8192,4096,16384,10240,2389.751,3617.999,2505.88,0.0945
mixed,8,4,0.5,4.0,32,0,128,512,320,191.166,229.216,194.91,0.0984
mixed,8,4,0.5,4.0,32,0,256,1024,640,253.631,335.198,262.782,0.1122
mixed,8,4,0.5,4.0,32,0,512,2048,1280,379.998,534.716,405.152,0.1626
mixed,8,4,0.5,4.0,32,0,1024,4096,2560,638.461,945.337,670.814,0.1054
mixed,8,4,0.5,4.0,32,0,2048,8192,5120,1153.5,1761.657,1214.843,0.1009
mixed,8,4,0.5,4.0,32,0,4096,16384,10240,2160.216,3382.804,2299.542,0.114
mixed,8,4,0.5,4.0,32,512,128,512,320,251.84,290.016,254.303,0.0645
mixed,8,4,0.5,4.0,32,512,256,1024,640,316.926,395.166,323.777,0.0876
mixed,8,4,0.5,4.0,32,512,512,2048,1280,440.156,598.43,465.566,0.1605
mixed,8,4,0.5,4.0,32,512,1024,4096,2560,698.14,1004.282,730.912,0.107
mixed,8,4,0.5,4.0,32,512,2048,8192,5120,1207.707,1820.31,1273.914,0.1081
mixed,8,4,0.5,4.0,32,512,4096,16384,10240,2224.853,3436.338,2353.112,0.1059
mixed,8,4,0.5,4.0,32,1024,128,512,320,316.19,356.092,320.288,0.1027
mixed,8,4,0.5,4.0,32,1024,256,1024,640,381.693,456.736,388.157,0.0861
mixed,8,4,0.5,4.0,32,1024,512,2048,1280,508.892,661.437,530.78,0.1435
mixed,8,4,0.5,4.0,32,1024,1024,4096,2560,761.181,1066.33,800.573,0.1291
mixed,8,4,0.5,4.0,32,1024,2048,8192,5120,1271.608,1877.273,1340.157,0.1132
mixed,8,4,0.5,4.0,32,1024,4096,16384,10240,2289.4,3502.067,2412.342,0.1014
mixed,8,4,0.5,4.0,32,2048,128,512,320,359.998,393.627,359.037,-0.0286
mixed,8,4,0.5,4.0,32,2048,256,1024,640,422.685,495.008,426.4,0.0514
mixed,8,4,0.5,4.0,32,2048,512,2048,1280,543.838,694.912,562.717,0.125
mixed,8,4,0.5,4.0,32,2048,1024,4096,2560,801.466,1105.37,839.453,0.125
mixed,8,4,0.5,4.0,32,2048,2048,8192,5120,1309.689,1923.385,1377.789,0.111
mixed,8,4,0.5,4.0,32,2048,4096,16384,10240,2328.149,3546.16,2452.086,0.1018
mixed,8,4,0.5,4.0,32,4096,128,512,320,468.255,505.148,472.446,0.1136
mixed,8,4,0.5,4.0,32,4096,256,1024,640,528.126,604.575,536.123,0.1046
mixed,8,4,0.5,4.0,32,4096,512,2048,1280,653.023,803.291,673.823,0.1384
mixed,8,4,0.5,4.0,32,4096,1024,4096,2560,908.444,1220.604,943.037,0.1108
mixed,8,4,0.5,4.0,32,4096,2048,8192,5120,1417.5,2033.978,1483.192,0.1066
mixed,8,4,0.5,4.0,32,4096,4096,16384,10240,2432.691,3657.712,2564.566,0.1077
mixed,8,4,0.5,4.0,32,8192,128,512,320,682.588,711.003,676.667,-0.2084
mixed,8,4,0.5,4.0,32,8192,256,1024,640,739.835,816.188,739.423,-0.0054
mixed,8,4,0.5,4.0,32,8192,512,2048,1280,864.605,1020.571,883.068,0.1184
mixed,8,4,0.5,4.0,32,8192,1024,4096,2560,1116.571,1422.04,1146.555,0.0982
mixed,8,4,0.5,4.0,32,8192,2048,8192,5120,1618.874,2230.583,1689.305,0.1151
mixed,8,4,0.5,4.0,32,8192,4096,16384,10240,2636.213,3855.471,2773.108,0.1123
mixed,8,4,0.5,4.0,64,0,128,512,320,198.751,238.045,200.733,0.0504
mixed,8,4,0.5,4.0,64,0,256,1024,640,262.559,342.845,269.28,0.0837
mixed,8,4,0.5,4.0,64,0,512,2048,1280,391.198,542.909,413.374,0.1462
mixed,8,4,0.5,4.0,64,0,1024,4096,2560,645.021,950.845,716.19,0.2327
mixed,8,4,0.5,4.0,64,0,2048,8192,5120,1158.814,1766.264,1223.194,0.106
mixed,8,4,0.5,4.0,64,0,4096,16384,10240,2174.134,3390.447,2307.128,0.1093
mixed,8,4,0.5,4.0,64,512,128,512,320,339.613,377.855,341.439,0.0477
mixed,8,4,0.5,4.0,64,512,256,1024,640,402.368,478.046,409.373,0.0926
mixed,8,4,0.5,4.0,64,512,512,2048,1280,527.199,680.988,549.404,0.1444
mixed,8,4,0.5,4.0,64,512,1024,4096,2560,781.661,1088.218,811.71,0.098
mixed,8,4,0.5,4.0,64,512,2048,8192,5120,1292.729,1901.816,1362.169,0.114
mixed,8,4,0.5,4.0,64,512,4096,16384,10240,2297.176,3517.972,2442.42,0.119
mixed,8,4,0.5,4.0,64,1024,128,512,320,416.959,456.316,418.526,0.0398
mixed,8,4,0.5,4.0,64,1024,256,1024,640,480.992,556.319,484.285,0.0437
mixed,8,4,0.5,4.0,64,1024,512,2048,1280,606.494,758.877,625.341,0.1237
mixed,8,4,0.5,4.0,64,1024,1024,4096,2560,861.851,1162.33,892.955,0.1035
mixed,8,4,0.5,4.0,64,1024,2048,8192,5120,1368.54,1978.552,1435.642,0.11
mixed,8,4,0.5,4.0,64,1024,4096,16384,10240,2386.455,3603.185,2517.971,0.1081
mixed,8,4,0.5,4.0,64,2048,128,512,320,519.679,560.608,521.82,0.0523
mixed,8,4,0.5,4.0,64,2048,256,1024,640,584.349,660.285,586.526,0.0287
mixed,8,4,0.5,4.0,64,2048,512,2048,1280,708.38,859.707,725.502,0.1131
mixed,8,4,0.5,4.0,64,2048,1024,4096,2560,958.625,1265.211,995.164,0.1192
mixed,8,4,0.5,4.0,64,2048,2048,8192,5120,1467.225,2077.816,1536.348,0.1132
mixed,8,4,0.5,4.0,64,2048,4096,16384,10240,2482.326,3698.449,2616.119,0.11
mixed,8,4,0.5,4.0,64,4096,128,512,320,722.205,761.756,724.061,0.0469
mixed,8,4,0.5,4.0,64,4096,256,1024,640,789.693,859.421,786.361,-0.0478
mixed,8,4,0.5,4.0,64,4096,512,2048,1280,911.198,1061.757,924.35,0.0874
mixed,8,4,0.5,4.0,64,4096,1024,4096,2560,1159.805,1463.994,1192.925,0.1089
mixed,8,4,0.5,4.0,64,4096,2048,8192,5120,1667.577,2281.718,1734.876,0.1096
mixed,8,4,0.5,4.0,64,4096,4096,16384,10240,2688.277,3914.19,2808.533,0.0981
mixed,8,4,0.5,4.0,64,8192,128,512,320,1119.068,1158.266,1118.778,-0.0074
mixed,8,4,0.5,4.0,64,8192,256,1024,640,1184.189,1258.074,1184.281,0.0012
mixed,8,4,0.5,4.0,64,8192,512,2048,1280,1305.819,1460.732,1322.333,0.1066
mixed,8,4,0.5,4.0,64,8192,1024,4096,2560,1557.239,1864.695,1589.817,0.106
mixed,8,4,0.5,4.0,64,8192,2048,8192,5120,2063.095,2665.044,2137.783,0.1241
mixed,8,4,0.5,4.0,64,8192,4096,16384,10240,3075.698,4299.186,3209.718,0.1095
mixed,8,4,0.5,4.0,128,0,128,512,320,220.16,259.614,222.272,0.0535
mixed,8,4,0.5,4.0,128,0,256,1024,640,284.994,363.165,289.598,0.0589
mixed,8,4,0.5,4.0,128,0,512,2048,1280,409.918,565.95,429.503,0.1255
mixed,8,4,0.5,4.0,128,0,1024,4096,2560,667.517,969.946,699.037,0.1042
mixed,8,4,0.5,4.0,128,0,2048,8192,5120,1170.875,1779.864,1242.65,0.1179
mixed,8,4,0.5,4.0,128,0,4096,16384,10240,2186.873,3404.369,2310.779,0.1018
mixed,8,4,0.5,4.0,128,512,128,512,320,459.708,499.392,461.277,0.0395
mixed,8,4,0.5,4.0,128,512,256,1024,640,525.597,600.862,528.477,0.0383
mixed,8,4,0.5,4.0,128,512,512,2048,1280,649.884,799.196,670.941,0.141
mixed,8,4,0.5,4.0,128,512,1024,4096,2560,901.211,1208.125,930.714,0.0961
mixed,8,4,0.5,4.0,128,512,2048,8192,5120,1410.455,2023.287,1476.536,0.1078
mixed,8,4,0.5,4.0,128,512,4096,16384,10240,2424.182,3645.197,2553.973,0.1063
mixed,8,4,0.5,4.0,128,1024,128,512,320,561.469,598.814,561.502,0.0009
mixed,8,4,0.5,4.0,128,1024,256,1024,640,623.679,698.43,626.14,0.0329
mixed,8,4,0.5,4.0,128,1024,512,2048,1280,749.916,900.702,766.208,0.108
mixed,8,4,0.5,4.0,128,1024,1024,4096,2560,996.825,1303.93,1033.054,0.118
mixed,8,4,0.5,4.0,128,1024,2048,8192,5120,1507.546,2121.015,1573.881,0.1081
mixed,8,4,0.5,4.0,128,1024,4096,16384,10240,2525.397,3740.781,2645.779,0.099
mixed,8,4,0.5,4.0,128,2048,128,512,320,768.414,804.671,765.117,-0.0909
mixed,8,4,0.5,4.0,128,2048,256,1024,640,825.79,904.346,831.133,0.068
mixed,8,4,0.5,4.0,128,2048,512,2048,1280,956.284,1103.58,970.526,0.0967
mixed,8,4,0.5,4.0,128,2048,1024,4096,2560,1204.059,1507.228,1239.515,0.117
mixed,8,4,0.5,4.0,128,2048,2048,8192,5120,1708.473,2317.525,1775.8,0.1105
mixed,8,4,0.5,4.0,128,2048,4096,16384,10240,2731.16,3940.848,2850.931,0.099
mixed,8,4,0.5,4.0,128,4096,128,512,320,1161.338,1201.849,1163.644,0.0569
mixed,8,4,0.5,4.0,128,4096,256,1024,640,1226.012,1298.459,1223.419,-0.0358
mixed,8,4,0.5,4.0,128,4096,512,2048,1280,1349.945,1498.587,1367.16,0.1158
mixed,8,4,0.5,4.0,128,4096,1024,4096,2560,1601.722,1903.8,1629.625,0.0924
mixed,8,4,0.5,4.0,128,4096,2048,8192,5120,2103.033,2717.911,2174.101,0.1156
mixed,8,4,0.5,4.0,128,4096,4096,16384,10240,3115.534,4344.494,3248.34,0.1081
mixed,8,4,0.5,4.0,128,8192,128,512,320,1952.471,1987.735,1949.368,-0.088
mixed,8,4,0.5,4.0,128,8192,256,1024,640,2010.23,2087.544,2014.263,0.0522
mixed,8,4,0.5,4.0,128,8192,512,2048,1280,2139.097,2289.623,2153.688,0.0969
mixed,8,4,0.5,4.0,128,8192,1024,4096,2560,2389.047,2694.964,2419.124,0.0983
mixed,8,4,0.5,4.0,128,8192,2048,8192,5120,2890.866,3504.045,2969.076,0.1275
mixed,8,4,0.5,4.0,128,8192,4096,16384,10240,3910.992,5120.713,4045.264,0.111
mixed,8,4,0.5,4.0,256,0,128,512,320,512.221,551.838,517.213,0.126
mixed,8,4,0.5,4.0,256,0,256,1024,640,577.438,654.078,578.62,0.0154
mixed,8,4,0.5,4.0,256,0,512,2048,1280,702.941,852.891,716.764,0.0922
mixed,8,4,0.5,4.0,256,0,1024,4096,2560,953.437,1257.371,986.876,0.11
mixed,8,4,0.5,4.0,256,0,2048,8192,5120,1465.05,2066.743,1532.985,0.1129
mixed,8,4,0.5,4.0,256,0,4096,16384,10240,2475.094,3696.24,2600.277,0.1025
mixed,8,4,0.5,4.0,256,512,128,512,320,715.677,753.656,716.286,0.016
mixed,8,4,0.5,4.0,256,512,256,1024,640,777.787,854.877,778.364,0.0075
mixed,8,4,0.5,4.0,256,512,512,2048,1280,904.603,1055.899,918.396,0.0912
mixed,8,4,0.5,4.0,256,512,1024,4096,2560,1155.898,1456.282,1185.37,0.0981
mixed,8,4,0.5,4.0,256,512,2048,8192,5120,1662.423,2272.793,1728.923,0.109
mixed,8,4,0.5,4.0,256,512,4096,16384,10240,2678.709,3900.779,2805.013,0.1034
mixed,8,4,0.5,4.0,256,1024,128,512,320,915.486,957.18,918.364,0.069
mixed,8,4,0.5,4.0,256,1024,256,1024,640,976.729,1053.244,978.746,0.0264
mixed,8,4,0.5,4.0,256,1024,512,2048,1280,1102.619,1252.666,1118.074,0.103
mixed,8,4,0.5,4.0,256,1024,1024,4096,2560,1356.026,1655.834,1384.186,0.0939
mixed,8,4,0.5,4.0,256,1024,2048,8192,5120,1861.236,2469.108,1929.495,0.1123
mixed,8,4,0.5,4.0,256,1024,4096,16384,10240,2875.958,4086.732,3001.939,0.104
mixed,8,4,0.5,4.0,256,2048,128,512,320,1314.523,1351.77,1316.218,0.0455
mixed,8,4,0.5,4.0,256,2048,256,1024,640,1374.138,1452.984,1376.405,0.0288
mixed,8,4,0.5,4.0,256,2048,512,2048,1280,1503.671,1654.871,1515.514,0.0783
mixed,8,4,0.5,4.0,256,2048,1024,4096,2560,1753.72,2055.766,1784.535,0.102
mixed,8,4,0.5,4.0,256,2048,2048,8192,5120,2257.14,2867.956,2327.861,0.1158
mixed,8,4,0.5,4.0,256,2048,4096,16384,10240,3269.587,4493.387,3392.403,0.1004
mixed,8,4,0.5,4.0,256,4096,128,512,320,2103.414,2139.578,2103.83,0.0115
mixed,8,4,0.5,4.0,256,4096,256,1024,640,2166.582,2243.317,2169.751,0.0413
mixed,8,4,0.5,4.0,256,4096,512,2048,1280,2289.941,2435.764,2303.957,0.0961
mixed,8,4,0.5,4.0,256,4096,1024,4096,2560,2541.714,2846.26,2571.797,0.0988
mixed,8,4,0.5,4.0,256,4096,2048,8192,5120,3047.413,3654.769,3113.458,0.1087
mixed,8,4,0.5,4.0,256,4096,4096,16384,10240,4061.806,5272.298,4191.662,0.1073
mixed,8,4,0.5,4.0,256,8192,128,512,320,3684.818,3717.552,3678.864,-0.1819
mixed,8,4,0.5,4.0,256,8192,256,1024,640,3743.406,3820.817,3747.665,0.055
mixed,8,4,0.5,4.0,256,8192,512,2048,1280,3873.586,4019.632,3891.981,0.126
mixed,8,4,0.5,4.0,256,8192,1024,4096,2560,4124.206,4423.214,4152.237,0.0937
mixed,8,4,0.5,4.0,256,8192,2048,8192,5120,4623.979,5232.584,4694.412,0.1157
mixed,8,4,0.5,4.0,256,8192,4096,16384,10240,5644.108,6858.885,5779.525,0.1115
mixed,8,4,0.5,4.0,512,0,128,512,320,593.215,630.779,595.965,0.0732
mixed,8,4,0.5,4.0,512,0,256,1024,640,657.949,733.789,661.6,0.0481
mixed,8,4,0.5,4.0,512,0,512,2048,1280,781.694,933.757,800.189,0.1216
mixed,8,4,0.5,4.0,512,0,1024,4096,2560,1034.203,1339.482,1070.78,0.1198
mixed,8,4,0.5,4.0,512,0,2048,8192,5120,1542.713,2153.464,1611.002,0.1118
mixed,8,4,0.5,4.0,512,0,4096,16384,10240,2560.213,3777.55,2695.029,0.1107
mixed,8,4,0.5,4.0,512,512,128,512,320,1017.403,1054.683,1016.731,-0.018
mixed,8,4,0.5,4.0,512,512,256,1024,640,1082.109,1155.196,1084.572,0.0337
mixed,8,4,0.5,4.0,512,512,512,2048,1280,1205.852,1359.354,1220.921,0.0982
mixed,8,4,0.5,4.0,512,512,1024,4096,2560,1458.809,1765.686,1492.474,0.1097
mixed,8,4,0.5,4.0,512,512,2048,8192,5120,1965.016,2572.276,2032.055,0.1104
mixed,8,4,0.5,4.0,512,512,4096,16384,10240,2979.251,4207.79,3109.552,0.1061
mixed,8,4,0.5,4.0,512,1024,128,512,320,1418.234,1454.109,1419.609,0.0383
mixed,8,4,0.5,4.0,512,1024,256,1024,640,1483.033,1557.495,1483.514,0.0065
mixed,8,4,0.5,4.0,512,1024,512,2048,1280,1603.129,1763.065,1621.083,0.1123
mixed,8,4,0.5,4.0,512,1024,1024,4096,2560,1856.315,2167.732,1886.904,0.0982
mixed,8,4,0.5,4.0,512,1024,2048,8192,5120,2366.231,2971.632,2431.413,0.1077
mixed,8,4,0.5,4.0,512,1024,4096,16384,10240,3382.288,4602.925,3515.121,0.1088
mixed,8,4,0.5,4.0,512,2048,128,512,320,2213.173,2248.309,2204.662,-0.2422
mixed,8,4,0.5,4.0,512,2048,256,1024,640,2268.341,2346.197,2277.429,0.1167
mixed,8,4,0.5,4.0,512,2048,512,2048,1280,2400.15,2546.104,2414.871,0.1009
mixed,8,4,0.5,4.0,512,2048,1024,4096,2560,2648.759,2955.445,2686.643,0.1235
mixed,8,4,0.5,4.0,512,2048,2048,8192,5120,3158.769,3773.102,3228.209,0.113
mixed,8,4,0.5,4.0,512,2048,4096,16384,10240,4169.232,5389.962,4300.141,0.1072
mixed,8,4,0.5,4.0,512,4096,128,512,320,3779.98,3838.224,3782.863,0.0495
mixed,8,4,0.5,4.0,512,4096,256,1024,640,3833.231,3917.329,3846.032,0.1522
mixed,8,4,0.5,4.0,512,4096,512,2048,1280,3988.911,4116.08,3994.223,0.0418
mixed,8,4,0.5,4.0,512,4096,1024,4096,2560,4227.821,4518.574,4257.742,0.1029
mixed,8,4,0.5,4.0,512,4096,2048,8192,5120,4729.607,5350.151,4799.4,0.1125
mixed,8,4,0.5,4.0,512,4096,4096,16384,10240,5754.276,6966.177,5876.804,0.1011
mixed,8,4,0.5,4.0,512,8192,128,512,320,6966.34,6980.349,6955.997,-0.7383
mixed,8,4,0.5,4.0,512,8192,256,1024,640,7029.151,7089.828,7016.356,-0.2109
mixed,8,4,0.5,4.0,512,8192,512,2048,1280,7125.629,7294.56,7159.137,0.1984
mixed,8,4,0.5,4.0,512,8192,1024,4096,2560,7373.087,7689.6,7426.818,0.1698
mixed,8,4,0.5,4.0,512,8192,2048,8192,5120,7899.645,8511.643,7992.83,0.1523
mixed,8,4,0.5,4.0,512,8192,4096,16384,10240,8919.001,10140.242,9050.776,0.1079
mixed,8,4,0.5,4.0,1024,0,128,512,320,1384.826,1424.601,1384.379,-0.0112
mixed,8,4,0.5,4.0,1024,0,256,1024,640,1448.858,1524.537,1452.025,0.0418
mixed,8,4,0.5,4.0,1024,0,512,2048,1280,1571.385,1727.029,1593.241,0.1404
mixed,8,4,0.5,4.0,1024,0,1024,4096,2560,1827.83,2131.031,1863.129,0.1164
mixed,8,4,0.5,4.0,1024,0,2048,8192,5120,2330.295,2943.669,2398.743,0.1116
mixed,8,4,0.5,4.0,1024,0,4096,16384,10240,3354.161,4556.427,3472.245,0.0982
mixed,8,4,0.5,4.0,1024,512,128,512,320,2235.925,2274.359,2238.455,0.0658
mixed,8,4,0.5,4.0,1024,512,256,1024,640,2300.31,2378.519,2306.486,0.079
mixed,8,4,0.5,4.0,1024,512,512,2048,1280,2429.334,2580.851,2444.789,0.102
mixed,8,4,0.5,4.0,1024,512,1024,4096,2560,2680.244,2993.395,2712.277,0.1023
mixed,8,4,0.5,4.0,1024,512,2048,8192,5120,3186.004,3797.775,3255.344,0.1133
mixed,8,4,0.5,4.0,1024,512,4096,16384,10240,4205.548,5425.704,4331.599,0.1033
mixed,8,4,0.5,4.0,1024,1024,128,512,320,3042.996,3083.059,3041.042,-0.0488
mixed,8,4,0.5,4.0,1024,1024,256,1024,640,3102.58,3179.249,3109.843,0.0947
mixed,8,4,0.5,4.0,1024,1024,512,2048,1280,3231.729,3375.47,3244.146,0.0864
mixed,8,4,0.5,4.0,1024,1024,1024,4096,2560,3480.465,3787.214,3516.784,0.1184
mixed,8,4,0.5,4.0,1024,1024,2048,8192,5120,3993.583,4595.083,4058.51,0.1079
mixed,8,4,0.5,4.0,1024,1024,4096,16384,10240,5002.153,6223.397,5132.074,0.1064
mixed,8,4,0.5,4.0,1024,2048,128,512,320,4610.794,4653.422,4629.324,0.4347
mixed,8,4,0.5,4.0,1024,2048,256,1024,640,4683.018,4761.643,4688.14,0.0651
mixed,8,4,0.5,4.0,1024,2048,512,2048,1280,4799.147,4962.955,4828.937,0.1819
mixed,8,4,0.5,4.0,1024,2048,1024,4096,2560,5049.706,5365.927,5107.851,0.1839
mixed,8,4,0.5,4.0,1024,2048,2048,8192,5120,5559.691,6169.159,5633.51,0.1211
mixed,8,4,0.5,4.0,1024,2048,4096,16384,10240,6581.829,7805.152,6717.763,0.1111
mixed,8,4,0.5,4.0,1024,4096,128,512,320,7770.657,7792.732,7748.19,-1.0178
mixed,8,4,0.5,4.0,1024,4096,256,1024,640,7834.655,7889.369,7823.489,-0.2041
mixed,8,4,0.5,4.0,1024,4096,512,2048,1280,7949.018,8100.928,7975.423,0.1738
mixed,8,4,0.5,4.0,1024,4096,1024,4096,2560,8182.714,8501.725,8222.879,0.1259
mixed,8,4,0.5,4.0,1024,4096,2048,8192,5120,8687.575,9322.072,8755.096,0.1064
mixed,8,4,0.5,4.0,1024,4096,4096,16384,10240,9713.075,10933.231,9830.646,0.0964
mixed,8,4,0.5,4.0,1024,8192,128,512,320,14024.612,14066.019,14013.764,-0.262
mixed,8,4,0.5,4.0,1024,8192,256,1024,640,14082.498,14203.23,14078.4,-0.0339
mixed,8,4,0.5,4.0,1024,8192,512,2048,1280,14210.048,14318.882,14258.912,0.449
mixed,8,4,0.5,4.0,1024,8192,1024,4096,2560,14449.401,14777.662,14511.104,0.188
mixed,8,4,0.5,4.0,1024,8192,2048,8192,5120,14959.743,15584.126,15026.557,0.107
mixed,8,4,0.5,4.0,1024,8192,4096,16384,10240,15988.155,17215.286,16103.448,0.094
mixed,8,4,0.5,4.0,2048,0,128,512,320,4037.23,4080.846,3909.359,-2.9317
mixed,8,4,0.5,4.0,2048,0,256,1024,640,3973.263,3351.667,3203.666,
mixed,8,4,0.5,4.0,2048,0,512,2048,1280,3317.842,3452.593,3325.873,0.0596
mixed,8,4,0.5,4.0,2048,0,1024,4096,2560,3536.913,4080.812,3551.15,0.0262
mixed,8,4,0.5,4.0,2048,0,2048,8192,5120,3974.51,4494.252,4011.12,0.0704
mixed,8,4,0.5,4.0,2048,0,4096,16384,10240,4852.137,5806.086,4828.428,-0.0249
mixed,8,4,0.5,4.0,2048,512,128,512,320,4267.629,4300.011,4269.548,0.0593
mixed,8,4,0.5,4.0,2048,512,256,1024,640,4732.715,4499.181,4356.749,
mixed,8,4,0.5,4.0,2048,512,512,2048,1280,4467.374,4605.356,4477.26,0.0716
mixed,8,4,0.5,4.0,2048,512,1024,4096,2560,5093.705,4948.743,4635.341,
mixed,8,4,0.5,4.0,2048,512,2048,8192,5120,5055.979,5584.934,5091.369,0.0669
mixed,8,4,0.5,4.0,2048,512,4096,16384,10240,5934.216,6914.402,5860.455,-0.0753
mixed,8,4,0.5,4.0,2048,1024,128,512,320,5237.225,5271.658,5243.146,0.172
mixed,8,4,0.5,4.0,2048,1024,256,1024,640,5293.575,5953.252,6397.158,1.6729
mixed,8,4,0.5,4.0,2048,1024,512,2048,1280,5610.183,5657.896,5528.232,-1.7176
mixed,8,4,0.5,4.0,2048,1024,1024,4096,2560,5745.321,6011.623,5719.273,-0.0978
mixed,8,4,0.5,4.0,2048,1024,2048,8192,5120,6152.839,6664.708,6087.107,-0.1284
mixed,8,4,0.5,4.0,2048,1024,4096,16384,10240,6933.604,7973.659,6976.931,0.0417
mixed,8,4,0.5,4.0,2048,2048,128,512,320,7501.215,7541.279,7506.429,0.1301
mixed,8,4,0.5,4.0,2048,2048,256,1024,640,7556.445,7592.956,7523.452,-0.9036
mixed,8,4,0.5,4.0,2048,2048,512,2048,1280,7637.247,7768.732,7635.808,-0.0109
mixed,8,4,0.5,4.0,2048,2048,1024,4096,2560,8498.973,8151.164,7868.637,
mixed,8,4,0.5,4.0,2048,2048,2048,8192,5120,8261.754,8773.401,8297.915,0.0707
mixed,8,4,0.5,4.0,2048,2048,4096,16384,10240,9146.875,10186.483,9197.398,0.0486
mixed,8,4,0.5,4.0,2048,4096,128,512,320,11970.345,12027.531,11996.301,0.4539
mixed,8,4,0.5,4.0,2048,4096,256,1024,640,12050.346,12125.549,11995.338,-0.7315
mixed,8,4,0.5,4.0,2048,4096,512,2048,1280,12173.038,12284.872,12157.898,-0.1354
mixed,8,4,0.5,4.0,2048,4096,1024,4096,2560,12393.771,12641.065,12408.269,0.0586
mixed,8,4,0.5,4.0,2048,4096,2048,8192,5120,12751.431,13274.826,12826.12,0.1427
mixed,8,4,0.5,4.0,2048,4096,4096,16384,10240,13693.955,14730.846,13690.885,-0.003
mixed,8,4,0.5,4.0,2048,8192,128,512,320,20781.827,20762.211,20828.931,
mixed,8,4,0.5,4.0,2048,8192,256,1024,640,20866.311,20815.396,20767.498,
mixed,8,4,0.5,4.0,2048,8192,512,2048,1280,21019.263,21133.928,20845.732,-1.5134
mixed,8,4,0.5,4.0,2048,8192,1024,4096,2560,21172.994,21532.323,21226.691,0.1494
mixed,8,4,0.5,4.0,2048,8192,2048,8192,5120,21735.045,22161.019,21779.141,0.1035
mixed,8,4,0.5,4.0,2048,8192,4096,16384,10240,22633.211,23707.123,22638.591,0.005
pure,8,6,0.75,4.0,0,0,128,512,416,115.744,137.055,124.927,0.4309
pure,8,6,0.75,4.0,0,0,256,1024,832,191.2,227.359,204.194,0.3594
pure,8,6,0.75,4.0,0,0,512,2048,1664,396.893,470.942,458.975,0.8384
pure,8,6,0.75,4.0,0,0,1024,4096,3328,719.933,870.397,853.598,0.8884
pure,8,6,0.75,4.0,0,0,2048,8192,6656,1375.738,1670.651,1642.617,0.9049
pure,8,6,0.75,4.0,0,0,4096,16384,13312,2676.244,3273.33,3215.282,0.9028
mixed,8,6,0.75,4.0,16,0,128,512,416,167.133,190.462,188.159,0.9013
mixed,8,6,0.75,4.0,16,0,256,1024,832,252.957,297.181,290.304,0.8445
mixed,8,6,0.75,4.0,16,0,512,2048,1664,415.165,492.798,487.808,0.9357
mixed,8,6,0.75,4.0,16,0,1024,4096,3328,741.727,893.692,886.46,0.9524
mixed,8,6,0.75,4.0,16,0,2048,8192,6656,1392.859,1700.823,1673.079,0.9099
mixed,8,6,0.75,4.0,16,0,4096,16384,13312,2693.618,3288.818,3247.09,0.9299
mixed,8,6,0.75,4.0,16,512,128,512,416,219.041,255.553,242.654,0.6467
mixed,8,6,0.75,4.0,16,512,256,1024,832,306.106,348.607,344.764,0.9096
mixed,8,6,0.75,4.0,16,512,512,2048,1664,472.799,549.568,547.359,0.9712
mixed,8,6,0.75,4.0,16,512,1024,4096,3328,805.18,956.634,953.629,0.9802
mixed,8,6,0.75,4.0,16,512,2048,8192,6656,1471.162,1768.312,1749.018,0.9351
mixed,8,6,0.75,4.0,16,512,4096,16384,13312,2800.723,3402.544,3359.668,0.9288
mixed,8,6,0.75,4.0,16,1024,128,512,416,244.928,267.678,265.822,0.9184
mixed,8,6,0.75,4.0,16,1024,256,1024,832,332.096,369.504,371.774,1.0607
mixed,8,6,0.75,4.0,16,1024,512,2048,1664,496.159,574.237,572.351,0.9758
mixed,8,6,0.75,4.0,16,1024,1024,4096,3328,829.917,981.596,976.862,0.9688
mixed,8,6,0.75,4.0,16,1024,2048,8192,6656,1495.834,1790.618,1777.494,0.9555
mixed,8,6,0.75,4.0,16,1024,4096,16384,13312,2815.603,3416.368,3376.72,0.934
mixed,8,6,0.75,4.0,16,2048,128,512,416,268.864,291.36,285.12,0.7226
mixed,8,6,0.75,4.0,16,2048,256,1024,832,354.271,390.623,389.182,0.9604
mixed,8,6,0.75,4.0,16,2048,512,2048,1664,518.494,595.038,592.479,0.9666
mixed,8,6,0.75,4.0,16,2048,1024,4096,3328,850.622,1003.323,993.464,0.9354
mixed,8,6,0.75,4.0,16,2048,2048,8192,6656,1511.995,1816.215,1801.078,0.9502
mixed,8,6,0.75,4.0,16,2048,4096,16384,13312,2833.683,3446.064,3407.695,0.9373
mixed,8,6,0.75,4.0,16,4096,128,512,416,321.854,345.245,342.175,0.8688
mixed,8,6,0.75,4.0,16,4096,256,1024,832,412.732,448.061,443.292,0.865
mixed,8,6,0.75,4.0,16,4096,512,2048,1664,570.683,647.485,648.445,1.0125
mixed,8,6,0.75,4.0,16,4096,1024,4096,3328,904.957,1060.155,1048.541,0.9252
mixed,8,6,0.75,4.0,16,4096,2048,8192,6656,1563.227,1866.841,1851.48,0.9494
mixed,8,6,0.75,4.0,16,4096,4096,16384,13312,2890.001,3497.618,3456.88,0.933
mixed,8,6,0.75,4.0,16,8192,128,512,416,427.806,449.117,443.488,0.7359
mixed,8,6,0.75,4.0,16,8192,256,1024,832,512.445,553.469,550.203,0.9204
mixed,8,6,0.75,4.0,16,8192,512,2048,1664,677.181,755.677,752.347,0.9576
mixed,8,6,0.75,4.0,16,8192,1024,4096,3328,1012.12,1159.964,1152.187,0.9474
mixed,8,6,0.75,4.0,16,8192,2048,8192,6656,1672.984,1975.225,1950.52,0.9183
mixed,8,6,0.75,4.0,16,8192,4096,16384,13312,2990.129,3602.323,3570.194,0.9475
mixed,8,6,0.75,4.0,32,0,128,512,416,205.759,229.792,229.248,0.9774
mixed,8,6,0.75,4.0,32,0,256,1024,832,292.83,334.43,333.728,0.9831
mixed,8,6,0.75,4.0,32,0,512,2048,1664,459.679,536.801,537.664,1.0112
mixed,8,6,0.75,4.0,32,0,1024,4096,3328,791.613,943.388,935.29,0.9466
mixed,8,6,0.75,4.0,32,0,2048,8192,6656,1455.033,1762.487,1737.688,0.9193
mixed,8,6,0.75,4.0,32,0,4096,16384,13312,2773.458,3381.203,3335.6,0.925
mixed,8,6,0.75,4.0,32,512,128,512,416,269.439,290.434,283.997,0.6934
mixed,8,6,0.75,4.0,32,512,256,1024,832,355.998,394.206,391.325,0.9246
mixed,8,6,0.75,4.0,32,512,512,2048,1664,516.223,596.032,591.261,0.9402
mixed,8,6,0.75,4.0,32,512,1024,4096,3328,852.602,1002.749,986.747,0.8934
mixed,8,6,0.75,4.0,32,512,2048,8192,6656,1509.306,1817.495,1795.929,0.93
mixed,8,6,0.75,4.0,32,512,4096,16384,13312,2839.027,3446.67,3402.512,0.9273
mixed,8,6,0.75,4.0,32,1024,128,512,416,335.582,358.335,352.093,0.7257
mixed,8,6,0.75,4.0,32,1024,256,1024,832,420.06,458.336,454.653,0.9038
mixed,8,6,0.75,4.0,32,1024,512,2048,1664,587.102,658.396,660.159,1.0247
mixed,8,6,0.75,4.0,32,1024,1024,4096,3328,917.53,1070.557,1054.109,0.8925
mixed,8,6,0.75,4.0,32,1024,2048,8192,6656,1580.762,1879.29,1867.735,0.9613
mixed,8,6,0.75,4.0,32,1024,4096,16384,13312,2897.011,3497.073,3461.748,0.9411
mixed,8,6,0.75,4.0,32,2048,128,512,416,376.221,397.823,392.35,0.7466
mixed,8,6,0.75,4.0,32,2048,256,1024,832,459.391,496.637,493.085,0.9046
mixed,8,6,0.75,4.0,32,2048,512,2048,1664,620.38,697.693,693.182,0.9417
mixed,8,6,0.75,4.0,32,2048,1024,4096,3328,953.596,1109.307,1091.449,0.8853
mixed,8,6,0.75,4.0,32,2048,2048,8192,6656,1615.739,1916.953,1901.369,0.9483
mixed,8,6,0.75,4.0,32,2048,4096,16384,13312,2935.859,3547.987,3506.032,0.9315
mixed,8,6,0.75,4.0,32,4096,128,512,416,484.735,505.022,498.078,0.6577
mixed,8,6,0.75,4.0,32,4096,256,1024,832,569.21,604.96,602.909,0.9426
mixed,8,6,0.75,4.0,32,4096,512,2048,1664,730.301,805.628,809.821,1.0557
mixed,8,6,0.75,4.0,32,4096,1024,4096,3328,1058.812,1217.978,1200.669,0.8913
mixed,8,6,0.75,4.0,32,4096,2048,8192,6656,1723.641,2017.655,2003.928,0.9533
mixed,8,6,0.75,4.0,32,4096,4096,16384,13312,3041.811,3655.15,3603.185,0.9153
mixed,8,6,0.75,4.0,32,8192,128,512,416,689.692,715.868,709.534,0.758
mixed,8,6,0.75,4.0,32,8192,256,1024,832,777.918,814.557,806.107,0.7694
mixed,8,6,0.75,4.0,32,8192,512,2048,1664,941.083,1021.658,1002.684,0.7645
mixed,8,6,0.75,4.0,32,8192,1024,4096,3328,1270.78,1424.41,1408.823,0.8985
mixed,8,6,0.75,4.0,32,8192,2048,8192,6656,1938.871,2236.6,2212.502,0.9191
mixed,8,6,0.75,4.0,32,8192,4096,16384,13312,3250.001,3860.655,3820.72,0.9346
mixed,8,6,0.75,4.0,64,0,128,512,416,216.77,238.463,237.535,0.9572
mixed,8,6,0.75,4.0,64,0,256,1024,832,301.15,343.55,339.902,0.914
mixed,8,6,0.75,4.0,64,0,512,2048,1664,468.158,544.413,540.539,0.9492
mixed,8,6,0.75,4.0,64,0,1024,4096,3328,797.564,954.62,942.14,0.9205
mixed,8,6,0.75,4.0,64,0,2048,8192,6656,1462.17,1763.159,1745.113,0.94
mixed,8,6,0.75,4.0,64,0,4096,16384,13312,2784.916,3387.313,3356.114,0.9482
mixed,8,6,0.75,4.0,64,512,128,512,416,353.854,376.896,370.657,0.7292
mixed,8,6,0.75,4.0,64,512,256,1024,832,441.374,478.268,478.4,1.0036
mixed,8,6,0.75,4.0,64,512,512,2048,1664,603.2,682.429,675.901,0.9176
mixed,8,6,0.75,4.0,64,512,1024,4096,3328,936.638,1088.826,1078.876,0.9346
mixed,8,6,0.75,4.0,64,512,2048,8192,6656,1593.494,1903.385,1877.016,0.9149
mixed,8,6,0.75,4.0,64,512,4096,16384,13312,2917.653,3522.318,3486.513,0.9408
mixed,8,6,0.75,4.0,64,1024,128,512,416,433.503,455.421,450.397,0.7708
mixed,8,6,0.75,4.0,64,1024,256,1024,832,520.413,559.298,556.734,0.9341
mixed,8,6,0.75,4.0,64,1024,512,2048,1664,683.164,759.004,757.083,0.9747
mixed,8,6,0.75,4.0,64,1024,1024,4096,3328,1011.676,1160.987,1158.683,0.9846
mixed,8,6,0.75,4.0,64,1024,2048,8192,6656,1667.065,1977.718,1951.671,0.9162
mixed,8,6,0.75,4.0,64,1024,4096,16384,13312,2996.692,3600.427,3559.952,0.933
mixed,8,6,0.75,4.0,64,2048,128,512,416,534.815,557.439,550.207,0.6803
mixed,8,6,0.75,4.0,64,2048,256,1024,832,623.418,660.825,655.71,0.8633
mixed,8,6,0.75,4.0,64,2048,512,2048,1664,787.134,859.07,855.324,0.9479
mixed,8,6,0.75,4.0,64,2048,1024,4096,3328,1115.772,1260.602,1251.834,0.9395
mixed,8,6,0.75,4.0,64,2048,2048,8192,6656,1774.581,2080.119,2049.686,0.9004
mixed,8,6,0.75,4.0,64,2048,4096,16384,13312,3084.561,3700.94,3652.786,0.9219
mixed,8,6,0.75,4.0,64,4096,128,512,416,738.364,759.613,753.852,0.7289
mixed,8,6,0.75,4.0,64,4096,256,1024,832,822.686,860.156,858.047,0.9437
mixed,8,6,0.75,4.0,64,4096,512,2048,1664,984.186,1065.852,1050.845,0.8162
mixed,8,6,0.75,4.0,64,4096,1024,4096,3328,1317.018,1464.411,1452.282,0.9177
mixed,8,6,0.75,4.0,64,4096,2048,8192,6656,1973.24,2271.602,2262.421,0.9692
mixed,8,6,0.75,4.0,64,4096,4096,16384,13312,3297.075,3903.469,3856.334,0.9223
mixed,8,6,0.75,4.0,64,8192,128,512,416,1133.213,1156.699,1149.05,0.6743
mixed,8,6,0.75,4.0,64,8192,256,1024,832,1218.972,1257.499,1248.954,0.7782
mixed,8,6,0.75,4.0,64,8192,512,2048,1664,1386.362,1458.455,1448.281,0.8589
mixed,8,6,0.75,4.0,64,8192,1024,4096,3328,1709.081,1864.408,1850.807,0.9124
mixed,8,6,0.75,4.0,64,8192,2048,8192,6656,2365.623,2667.351,2652.851,0.9519
mixed,8,6,0.75,4.0,64,8192,4096,16384,13312,3686.669,4298.634,4242.347,0.908
mixed,8,6,0.75,4.0,128,0,128,512,416,235.198,260.286,254.75,0.7793
mixed,8,6,0.75,4.0,128,0,256,1024,832,321.023,363.455,357.568,0.8613
mixed,8,6,0.75,4.0,128,0,512,2048,1664,486.848,562.653,556.381,0.9173
mixed,8,6,0.75,4.0,128,0,1024,4096,3328,817.087,974.876,956.86,0.8858
mixed,8,6,0.75,4.0,128,0,2048,8192,6656,1478.232,1782.425,1760.728,0.9287
mixed,8,6,0.75,4.0,128,0,4096,16384,13312,2802.065,3403.825,3355.728,0.9201
mixed,8,6,0.75,4.0,128,512,128,512,416,475.677,499.966,495.195,0.8036
mixed,8,6,0.75,4.0,128,512,256,1024,832,562.846,600.606,595.231,0.8577
mixed,8,6,0.75,4.0,128,512,512,2048,1664,726.266,799.581,793.662,0.9193
mixed,8,6,0.75,4.0,128,512,1024,4096,3328,1052.571,1204.858,1195.386,0.9378
mixed,8,6,0.75,4.0,128,512,2048,8192,6656,1708.441,2023.446,1998.263,0.9201
mixed,8,6,0.75,4.0,128,512,4096,16384,13312,3032.435,3648.334,3613.135,0.9428
mixed,8,6,0.75,4.0,128,1024,128,512,416,576.861,599.838,592.094,0.663
mixed,8,6,0.75,4.0,128,1024,256,1024,832,661.439,700.285,697.212,0.9209
mixed,8,6,0.75,4.0,128,1024,512,2048,1664,824.798,898.075,893.82,0.9419
mixed,8,6,0.75,4.0,128,1024,1024,4096,3328,1150.139,1308.73,1292.699,0.8989
mixed,8,6,0.75,4.0,128,1024,2048,8192,6656,1816.28,2113.528,2093.046,0.9311
mixed,8,6,0.75,4.0,128,1024,4096,16384,13312,3128.081,3739.054,3691.569,0.9223
mixed,8,6,0.75,4.0,128,2048,128,512,416,781.15,800.572,795.648,0.7465
mixed,8,6,0.75,4.0,128,2048,256,1024,832,865.438,903.74,897.501,0.8371
mixed,8,6,0.75,4.0,128,2048,512,2048,1664,1025.627,1101.849,1097.275,0.94
mixed,8,6,0.75,4.0,128,2048,1024,4096,3328,1356.123,1505.593,1494.33,0.9246
mixed,8,6,0.75,4.0,128,2048,2048,8192,6656,2012.151,2317.463,2291.797,0.9159
mixed,8,6,0.75,4.0,128,2048,4096,16384,13312,3328.916,3947.886,3893.935,0.9128
mixed,8,6,0.75,4.0,128,4096,128,512,416,1172.892,1201.465,1192.282,0.6786
mixed,8,6,0.75,4.0,128,4096,256,1024,832,1262.59,1300.631,1293.401,0.8099
mixed,8,6,0.75,4.0,128,4096,512,2048,1664,1425.881,1500.889,1492.601,0.8895
mixed,8,6,0.75,4.0,128,4096,1024,4096,3328,1753.497,1901.946,1891.959,0.9327
mixed,8,6,0.75,4.0,128,4096,2048,8192,6656,2414.165,2716.053,2689.524,0.9121
mixed,8,6,0.75,4.0,128,4096,4096,16384,13312,3730.639,4339.498,4291.276,0.9208
mixed,8,6,0.75,4.0,128,8192,128,512,416,1968.31,1989.658,1980.982,0.5936
mixed,8,6,0.75,4.0,128,8192,256,1024,832,2049.718,2085.143,2078.643,0.8165
mixed,8,6,0.75,4.0,128,8192,512,2048,1664,2219.126,2290.997,2283.254,0.8923
mixed,8,6,0.75,4.0,128,8192,1024,4096,3328,2536.051,2694.707,2679.667,0.9052
mixed,8,6,0.75,4.0,128,8192,2048,8192,6656,3202.388,3503.76,3480.081,0.9214
mixed,8,6,0.75,4.0,128,8192,4096,16384,13312,4527.916,5132.264,5086.664,0.9245
mixed,8,6,0.75,4.0,256,0,128,512,416,526.367,553.217,546.175,0.7377
mixed,8,6,0.75,4.0,256,0,256,1024,832,616.287,653.085,647.069,0.8365
mixed,8,6,0.75,4.0,256,0,512,2048,1664,781.214,853.915,843.229,0.853
mixed,8,6,0.75,4.0,256,0,1024,4096,3328,1106.938,1256.476,1244.283,0.9185
mixed,8,6,0.75,4.0,256,0,2048,8192,6656,1766.648,2069.462,2045.942,0.9223
mixed,8,6,0.75,4.0,256,0,4096,16384,13312,3082.357,3697.806,3646.29,0.9163
mixed,8,6,0.75,4.0,256,512,128,512,416,728.862,756.83,746.971,0.6475
mixed,8,6,0.75,4.0,256,512,256,1024,832,821.054,856.189,846.718,0.7304
mixed,8,6,0.75,4.0,256,512,512,2048,1664,975.707,1055.228,1045.338,0.8756
mixed,8,6,0.75,4.0,256,512,1024,4096,3328,1308.826,1457.722,1443.318,0.9033
mixed,8,6,0.75,4.0,256,512,2048,8192,6656,1964.276,2273.173,2241.719,0.8982
mixed,8,6,0.75,4.0,256,512,4096,16384,13312,3287.667,3892.334,3853.355,0.9355
mixed,8,6,0.75,4.0,256,1024,128,512,416,930.876,952.794,945.339,0.6599
mixed,8,6,0.75,4.0,256,1024,256,1024,832,1014.621,1055.993,1049.211,0.8361
mixed,8,6,0.75,4.0,256,1024,512,2048,1664,1175.865,1255.13,1243.387,0.8519
mixed,8,6,0.75,4.0,256,1024,1024,4096,3328,1509.755,1659.292,1651.606,0.9486
mixed,8,6,0.75,4.0,256,1024,2048,8192,6656,2165.208,2467.287,2441.432,0.9144
mixed,8,6,0.75,4.0,256,1024,4096,16384,13312,3487.088,4089.165,4047.121,0.9302
mixed,8,6,0.75,4.0,256,2048,128,512,416,1325.851,1352.028,1339.452,0.5196
mixed,8,6,0.75,4.0,256,2048,256,1024,832,1414.904,1452.953,1448.093,0.8723
mixed,8,6,0.75,4.0,256,2048,512,2048,1664,1580.888,1650.713,1645.528,0.9257
mixed,8,6,0.75,4.0,256,2048,1024,4096,3328,1902.488,2053.302,2044.981,0.9448
mixed,8,6,0.75,4.0,256,2048,2048,8192,6656,2561.685,2866.066,2848.884,0.9436
mixed,8,6,0.75,4.0,256,2048,4096,16384,13312,3881.393,4489.483,4444.587,0.9262
mixed,8,6,0.75,4.0,256,4096,128,512,416,2118.614,2140.438,2132.088,0.6174
mixed,8,6,0.75,4.0,256,4096,256,1024,832,2203.639,2240.565,2234.23,0.8284
mixed,8,6,0.75,4.0,256,4096,512,2048,1664,2366.869,2437.523,2433.269,0.9398
mixed,8,6,0.75,4.0,256,4096,1024,4096,3328,2690.1,2839.889,2833.232,0.9556
mixed,8,6,0.75,4.0,256,4096,2048,8192,6656,3358.928,3655.247,3636.178,0.9356
mixed,8,6,0.75,4.0,256,4096,4096,16384,13312,4670.506,5270.12,5230.506,0.9339
mixed,8,6,0.75,4.0,256,8192,128,512,416,3702.96,3724.687,3716.781,0.6361
mixed,8,6,0.75,4.0,256,8192,256,1024,832,3784.239,3819.533,3817.645,0.9465
mixed,8,6,0.75,4.0,256,8192,512,2048,1664,3944.526,4022.286,4015.659,0.9148
mixed,8,6,0.75,4.0,256,8192,1024,4096,3328,4275.249,4425.609,4409.744,0.8945
mixed,8,6,0.75,4.0,256,8192,2048,8192,6656,4928.968,5237.484,5211.819,0.9168
mixed,8,6,0.75,4.0,256,8192,4096,16384,13312,6261.158,6854.209,6822.757,0.947
mixed,8,6,0.75,4.0,512,0,128,512,416,609.372,630.268,624.573,0.7275
mixed,8,6,0.75,4.0,512,0,256,1024,832,694.622,734.462,726.907,0.8104
mixed,8,6,0.75,4.0,512,0,512,2048,1664,857.499,931.322,929.787,0.9792
mixed,8,6,0.75,4.0,512,0,1024,4096,3328,1190.298,1341.306,1333.338,0.9472
mixed,8,6,0.75,4.0,512,0,2048,8192,6656,1852.216,2152.087,2138.036,0.9531
mixed,8,6,0.75,4.0,512,0,4096,16384,13312,3168.976,3778.863,3736.238,0.9301
mixed,8,6,0.75,4.0,512,512,128,512,416,1030.108,1053.722,1047.323,0.729
mixed,8,6,0.75,4.0,512,512,256,1024,832,1120.188,1154.14,1149.083,0.8511
mixed,8,6,0.75,4.0,512,512,512,2048,1664,1282.651,1357.594,1346.937,0.8578
mixed,8,6,0.75,4.0,512,512,1024,4096,3328,1611.45,1760.919,1750.167,0.9281
mixed,8,6,0.75,4.0,512,512,2048,8192,6656,2262.58,2570.869,2552.632,0.9408
mixed,8,6,0.75,4.0,512,512,4096,16384,13312,3589.842,4201.261,4153.321,0.9216
mixed,8,6,0.75,4.0,512,1024,128,512,416,1428.826,1453.818,1446.968,0.7259
mixed,8,6,0.75,4.0,512,1024,256,1024,832,1513.751,1554.712,1549.975,0.8844
mixed,8,6,0.75,4.0,512,1024,512,2048,1664,1677.37,1757.655,1750.583,0.9119
mixed,8,6,0.75,4.0,512,1024,1024,4096,3328,2013.433,2160.344,2151.061,0.9368
mixed,8,6,0.75,4.0,512,1024,2048,8192,6656,2675.38,2975.986,2957.173,0.9374
mixed,8,6,0.75,4.0,512,1024,4096,16384,13312,3984.621,4593.614,4560.239,0.9452
mixed,8,6,0.75,4.0,512,2048,128,512,416,2224.755,2246.838,2242.231,0.7914
mixed,8,6,0.75,4.0,512,2048,256,1024,832,2313.717,2351.8,2347.763,0.894
mixed,8,6,0.75,4.0,512,2048,512,2048,1664,2475.284,2551.508,2541.685,0.8711
mixed,8,6,0.75,4.0,512,2048,1024,4096,3328,2799.123,2952.977,2949.938,0.9802
mixed,8,6,0.75,4.0,512,2048,2048,8192,6656,3465.777,3763.313,3739.151,0.9188
mixed,8,6,0.75,4.0,512,2048,4096,16384,13312,4782.638,5398.819,5354.793,0.9286
mixed,8,6,0.75,4.0,512,4096,128,512,416,3784.177,3834.54,3819.343,0.6983
mixed,8,6,0.75,4.0,512,4096,256,1024,832,3881.517,3932.625,3929.807,0.9449
mixed,8,6,0.75,4.0,512,4096,512,2048,1664,4032.459,4124.269,4093.26,0.6622
mixed,8,6,0.75,4.0,512,4096,1024,4096,3328,4377.517,4529.228,4508.012,0.8602
mixed,8,6,0.75,4.0,512,4096,2048,8192,6656,5004.36,5353.703,5295.654,0.8338
mixed,8,6,0.75,4.0,512,4096,4096,16384,13312,6356.645,6966.911,6907.073,0.9019
mixed,8,6,0.75,4.0,512,8192,128,512,416,6959.456,6959.389,6982.943,
mixed,8,6,0.75,4.0,512,8192,256,1024,832,7052.033,7083.168,7050.688,-0.0432
mixed,8,6,0.75,4.0,512,8192,512,2048,1664,7220.959,7284.318,7288.347,1.0636
mixed,8,6,0.75,4.0,512,8192,1024,4096,3328,7544.925,7672.126,7676.258,1.0325
mixed,8,6,0.75,4.0,512,8192,2048,8192,6656,8194.551,8494.015,8471.128,0.9236
mixed,8,6,0.75,4.0,512,8192,4096,16384,13312,9529.33,10122.099,10086.898,0.9406
mixed,8,6,0.75,4.0,1024,0,128,512,416,1399.607,1426.682,1416.699,0.6313
mixed,8,6,0.75,4.0,1024,0,256,1024,832,1485.434,1527.034,1521.528,0.8676
mixed,8,6,0.75,4.0,1024,0,512,2048,1664,1650.839,1729.109,1720.152,0.8856
mixed,8,6,0.75,4.0,1024,0,1024,4096,3328,1977.623,2134.453,2118.901,0.9008
mixed,8,6,0.75,4.0,1024,0,2048,8192,6656,2643.285,2940.754,2924.788,0.9463
mixed,8,6,0.75,4.0,1024,0,4096,16384,13312,3958.092,4566.028,4528.492,0.9383
mixed,8,6,0.75,4.0,1024,512,128,512,416,2253.494,2277.238,2269.108,0.6576
mixed,8,6,0.75,4.0,1024,512,256,1024,832,2337.847,2378.932,2368.211,0.7391
mixed,8,6,0.75,4.0,1024,512,512,2048,1664,2501.14,2576.727,2572.756,0.9475
mixed,8,6,0.75,4.0,1024,512,1024,4096,3328,2832.402,2986.929,2972.019,0.9035
mixed,8,6,0.75,4.0,1024,512,2048,8192,6656,3490.863,3800.236,3787.855,0.96
mixed,8,6,0.75,4.0,1024,512,4096,16384,13312,4808.012,5419.526,5375.081,0.9273
mixed,8,6,0.75,4.0,1024,1024,128,512,416,3053.426,3079.986,3070.42,0.6398
mixed,8,6,0.75,4.0,1024,1024,256,1024,832,3145.843,3175.761,3177.713,1.0652
mixed,8,6,0.75,4.0,1024,1024,512,2048,1664,3305.905,3383.569,3381.104,0.9683
mixed,8,6,0.75,4.0,1024,1024,1024,4096,3328,3637.647,3787.694,3772.527,0.8989
mixed,8,6,0.75,4.0,1024,1024,2048,8192,6656,4294.956,4601.545,4580.01,0.9298
mixed,8,6,0.75,4.0,1024,1024,4096,16384,13312,5614.855,6220.61,6181.187,0.9349
mixed,8,6,0.75,4.0,1024,2048,128,512,416,4635.884,4659.433,4647.179,0.4796
mixed,8,6,0.75,4.0,1024,2048,256,1024,832,4721.675,4753.069,4749.221,0.8774
mixed,8,6,0.75,4.0,1024,2048,512,2048,1664,4887.303,4974.186,4965.066,0.895
mixed,8,6,0.75,4.0,1024,2048,1024,4096,3328,5208.136,5371.686,5365.801,0.964
mixed,8,6,0.75,4.0,1024,2048,2048,8192,6656,5876.069,6179.844,6162.02,0.9413
mixed,8,6,0.75,4.0,1024,2048,4096,16384,13312,7190.591,7799.741,7738.94,0.9002
mixed,8,6,0.75,4.0,1024,4096,128,512,416,7767.233,7792.668,7778.911,0.4591
mixed,8,6,0.75,4.0,1024,4096,256,1024,832,7830.685,7879.228,7877.853,0.9717
mixed,8,6,0.75,4.0,1024,4096,512,2048,1664,8020.857,8083.324,8077.504,0.9068
mixed,8,6,0.75,4.0,1024,4096,1024,4096,3328,8368.637,8502.652,8537.112,1.2571
mixed,8,6,0.75,4.0,1024,4096,2048,8192,6656,9019.574,9309.463,9273.623,0.8764
mixed,8,6,0.75,4.0,1024,4096,4096,16384,13312,10330.35,10961.902,10898.608,0.8998
mixed,8,6,0.75,4.0,1024,8192,128,512,416,14057.148,14070.211,14065.915,0.6711
mixed,8,6,0.75,4.0,1024,8192,256,1024,832,14168.736,14179.494,14179.776,1.0262
mixed,8,6,0.75,4.0,1024,8192,512,2048,1664,14309.728,14357.756,14393.759,1.7496
mixed,8,6,0.75,4.0,1024,8192,1024,4096,3328,14613.758,14765.34,14734.526,0.7967
mixed,8,6,0.75,4.0,1024,8192,2048,8192,6656,15257.597,15596.762,15543.447,0.8428
mixed,8,6,0.75,4.0,1024,8192,4096,16384,13312,16606.293,17277.257,17160.528,0.826
mixed,8,6,0.75,4.0,2048,0,128,512,416,4059.759,3462.45,3449.232,
mixed,8,6,0.75,4.0,2048,0,256,1024,832,3267.408,3294.895,3280.081,0.4611
mixed,8,6,0.75,4.0,2048,0,512,2048,1664,3412.368,3477.904,3437.679,0.3862
mixed,8,6,0.75,4.0,2048,0,1024,4096,3328,4011.406,3804.303,3733.871,
mixed,8,6,0.75,4.0,2048,0,2048,8192,6656,4241.45,4450.254,4300.459,0.2826
mixed,8,6,0.75,4.0,2048,0,4096,16384,13312,5322.534,5843.687,5403.977,0.1563
mixed,8,6,0.75,4.0,2048,512,128,512,416,4184.11,4205.645,4191.054,0.3225
mixed,8,6,0.75,4.0,2048,512,256,1024,832,4737.386,4428.171,4404.141,
mixed,8,6,0.75,4.0,2048,512,512,2048,1664,4539.818,4601.257,4565.13,0.412
mixed,8,6,0.75,4.0,2048,512,1024,4096,3328,5210.28,5744.006,4879.271,-0.6202
mixed,8,6,0.75,4.0,2048,512,2048,8192,6656,5392.647,5638.436,5499.015,0.4328
mixed,8,6,0.75,4.0,2048,512,4096,16384,13312,6423.904,6875.743,6520.511,0.2138
mixed,8,6,0.75,4.0,2048,1024,128,512,416,5289.444,5313.002,5297.928,0.3601
mixed,8,6,0.75,4.0,2048,1024,256,1024,832,5920.228,6469.187,5551.366,-0.6719
mixed,8,6,0.75,4.0,2048,1024,512,2048,1664,5679.463,5661.09,5616.967,
mixed,8,6,0.75,4.0,2048,1024,1024,4096,3328,5885.507,6012.45,5924.356,0.306
mixed,8,6,0.75,4.0,2048,1024,2048,8192,6656,6968.894,6698.944,6406.786,
mixed,8,6,0.75,4.0,2048,1024,4096,16384,13312,7465.532,7974.201,7514.46,0.0962
mixed,8,6,0.75,4.0,2048,2048,128,512,416,7499.933,7515.355,7505.373,0.3527
mixed,8,6,0.75,4.0,2048,2048,256,1024,832,7566.94,7608.317,7580.987,0.3395
mixed,8,6,0.75,4.0,2048,2048,512,2048,1664,7714.11,7778.94,7741.691,0.4254
mixed,8,6,0.75,4.0,2048,2048,1024,4096,3328,9866.033,10140.431,8772.308,-3.9859
mixed,8,6,0.75,4.0,2048,2048,2048,8192,6656,8549.27,8822.548,8619.351,0.2564
mixed,8,6,0.75,4.0,2048,2048,4096,16384,13312,9673.777,10195.791,9831.891,0.3029
mixed,8,6,0.75,4.0,2048,4096,128,512,416,12021.669,12033.954,12023.302,0.1329
mixed,8,6,0.75,4.0,2048,4096,256,1024,832,12031.43,12067.682,12030.761,-0.0185
mixed,8,6,0.75,4.0,2048,4096,512,2048,1664,12163.463,12294.759,12251.559,0.671
mixed,8,6,0.75,4.0,2048,4096,1024,4096,3328,12554.691,12654.753,12485.031,-0.6962
mixed,8,6,0.75,4.0,2048,4096,2048,8192,6656,13099.006,13322.978,13208.867,0.4905
mixed,8,6,0.75,4.0,2048,4096,4096,16384,13312,14197.307,14732.22,14351.227,0.2877
mixed,8,6,0.75,4.0,2048,8192,128,512,416,20880.732,20803.166,20719.231,
mixed,8,6,0.75,4.0,2048,8192,256,1024,832,20939.515,21002.618,20845.276,-1.4934
mixed,8,6,0.75,4.0,2048,8192,512,2048,1664,21092.477,21137.719,21113.886,0.4732
mixed,8,6,0.75,4.0,2048,8192,1024,4096,3328,21360.28,21457.595,21296.283,-0.6576
mixed,8,6,0.75,4.0,2048,8192,2048,8192,6656,21982.646,22185.112,22000.605,0.0887
mixed,8,6,0.75,4.0,2048,8192,4096,16384,13312,23101.396,23685.075,23115.57,0.0243
pure,8,7,0.875,4.0,0,0,128,512,464,128.832,136.8,128.703,-0.0162
pure,8,7,0.875,4.0,0,0,256,1024,928,203.68,227.936,211.395,0.3181
pure,8,7,0.875,4.0,0,0,512,2048,1856,365.79,473.086,470.079,0.972
pure,8,7,0.875,4.0,0,0,1024,4096,3712,800.091,870.428,862.364,0.8854
pure,8,7,0.875,4.0,0,0,2048,8192,7424,1526.584,1671.61,1655.382,0.8881
pure,8,7,0.875,4.0,0,0,4096,16384,14848,2981.618,3274.802,3246.159,0.9023
mixed,8,7,0.875,4.0,16,0,128,512,464,180.958,189.117,189.12,1.0004
mixed,8,7,0.875,4.0,16,0,256,1024,928,271.519,293.02,291.713,0.9392
mixed,8,7,0.875,4.0,16,0,512,2048,1856,454.494,491.58,493.183,1.0432
mixed,8,7,0.875,4.0,16,0,1024,4096,3712,818.076,892.509,886.779,0.923
mixed,8,7,0.875,4.0,16,0,2048,8192,7424,1547.738,1692.216,1714.169,1.1519
mixed,8,7,0.875,4.0,16,0,4096,16384,14848,3039.891,3355.089,3330.989,0.9235
mixed,8,7,0.875,4.0,16,512,128,512,464,235.872,243.744,243.038,0.9103
mixed,8,7,0.875,4.0,16,512,256,1024,928,327.455,346.27,349.31,1.1616
mixed,8,7,0.875,4.0,16,512,512,2048,1856,510.301,553.343,553.404,1.0014
mixed,8,7,0.875,4.0,16,512,1024,4096,3712,886.458,959.997,955.996,0.9456
mixed,8,7,0.875,4.0,16,512,2048,8192,7424,1622.07,1775.383,1768.696,0.9564
mixed,8,7,0.875,4.0,16,512,4096,16384,14848,3101.553,3403.791,3387.44,0.9459
mixed,8,7,0.875,4.0,16,1024,128,512,464,257.758,269.375,266.175,0.7245
mixed,8,7,0.875,4.0,16,1024,256,1024,928,352.831,368.254,376.319,1.5229
mixed,8,7,0.875,4.0,16,1024,512,2048,1856,535.134,575.901,574.047,0.9545
mixed,8,7,0.875,4.0,16,1024,1024,4096,3712,906.203,986.906,977.468,0.8831
mixed,8,7,0.875,4.0,16,1024,2048,8192,7424,1646.069,1797.431,1783.7,0.9093
mixed,8,7,0.875,4.0,16,1024,4096,16384,14848,3129.714,3430.798,3407.857,0.9238
mixed,8,7,0.875,4.0,16,2048,128,512,464,281.696,291.233,291.039,0.9797
mixed,8,7,0.875,4.0,16,2048,256,1024,928,373.148,392.672,391.007,0.9147
mixed,8,7,0.875,4.0,16,2048,512,2048,1856,558.94,596.86,596.924,1.0017
mixed,8,7,0.875,4.0,16,2048,1024,4096,3712,928.924,1000.727,997.276,0.9519
mixed,8,7,0.875,4.0,16,2048,2048,8192,7424,1664.534,1814.487,1813.653,0.9944
mixed,8,7,0.875,4.0,16,2048,4096,16384,14848,3138.929,3447.312,3417.871,0.9045
mixed,8,7,0.875,4.0,16,4096,128,512,464,335.038,347.515,340.957,0.4744
mixed,8,7,0.875,4.0,16,4096,256,1024,928,430.335,448.732,445.949,0.8487
mixed,8,7,0.875,4.0,16,4096,512,2048,1856,610.045,650.174,649.726,0.9888
mixed,8,7,0.875,4.0,16,4096,1024,4096,3712,983.227,1056.826,1058.299,1.02
mixed,8,7,0.875,4.0,16,4096,2048,8192,7424,1720.119,1874.584,1862.711,0.9231
mixed,8,7,0.875,4.0,16,4096,4096,16384,14848,3188.209,3496.913,3472.75,0.9217
mixed,8,7,0.875,4.0,16,8192,128,512,464,439.454,452.289,448.283,0.6879
mixed,8,7,0.875,4.0,16,8192,256,1024,928,535.804,553.052,554.651,1.0927
mixed,8,7,0.875,4.0,16,8192,512,2048,1856,715.0,754.781,755.71,1.0234
mixed,8,7,0.875,4.0,16,8192,1024,4096,3712,1081.02,1161.756,1164.699,1.0365
mixed,8,7,0.875,4.0,16,8192,2048,8192,7424,1822.292,1967.864,1961.815,0.9584
mixed,8,7,0.875,4.0,16,8192,4096,16384,14848,3289.327,3597.321,3576.755,0.9332
mixed,8,7,0.875,4.0,32,0,128,512,464,220.608,229.311,229.053,0.9704
mixed,8,7,0.875,4.0,32,0,256,1024,928,312.031,334.813,333.887,0.9594
mixed,8,7,0.875,4.0,32,0,512,2048,1856,497.789,537.406,536.959,0.9887
mixed,8,7,0.875,4.0,32,0,1024,4096,3712,867.036,944.444,943.867,0.9925
mixed,8,7,0.875,4.0,32,0,2048,8192,7424,1601.59,1754.935,1744.246,0.9303
mixed,8,7,0.875,4.0,32,0,4096,16384,14848,3077.87,3385.677,3359.115,0.9137
mixed,8,7,0.875,4.0,32,512,128,512,464,281.567,290.013,286.171,0.5451
mixed,8,7,0.875,4.0,32,512,256,1024,928,377.275,395.103,396.282,1.0661
mixed,8,7,0.875,4.0,32,512,512,2048,1856,555.196,599.387,598.651,0.9833
mixed,8,7,0.875,4.0,32,512,1024,4096,3712,931.29,1008.285,1003.071,0.9323
mixed,8,7,0.875,4.0,32,512,2048,8192,7424,1665.561,1815.322,1805.557,0.9348
mixed,8,7,0.875,4.0,32,512,4096,16384,14848,3138.449,3440.525,3418.926,0.9285
mixed,8,7,0.875,4.0,32,1024,128,512,464,345.662,355.325,354.428,0.9072
mixed,8,7,0.875,4.0,32,1024,256,1024,928,442.143,459.482,460.829,1.0777
mixed,8,7,0.875,4.0,32,1024,512,2048,1856,623.871,659.964,658.395,0.9565
mixed,8,7,0.875,4.0,32,1024,1024,4096,3712,993.883,1071.995,1059.613,0.8415
mixed,8,7,0.875,4.0,32,1024,2048,8192,7424,1726.326,1876.6,1872.628,0.9736
mixed,8,7,0.875,4.0,32,1024,4096,16384,14848,3203.601,3506.155,3481.199,0.9175
mixed,8,7,0.875,4.0,32,2048,128,512,464,386.91,395.646,392.671,0.6595
mixed,8,7,0.875,4.0,32,2048,256,1024,928,480.509,499.55,497.789,0.9075
mixed,8,7,0.875,4.0,32,2048,512,2048,1856,658.11,699.388,700.826,1.0348
mixed,8,7,0.875,4.0,32,2048,1024,4096,3712,1031.548,1107.162,1098.427,0.8845
mixed,8,7,0.875,4.0,32,2048,2048,8192,7424,1775.091,1928.534,1909.717,0.8774
mixed,8,7,0.875,4.0,32,2048,4096,16384,14848,3242.607,3543.052,3514.096,0.9036
mixed,8,7,0.875,4.0,32,4096,128,512,464,493.311,505.693,506.397,1.0569
mixed,8,7,0.875,4.0,32,4096,256,1024,928,583.612,607.452,601.467,0.749
mixed,8,7,0.875,4.0,32,4096,512,2048,1856,774.62,805.085,807.227,1.0703
mixed,8,7,0.875,4.0,32,4096,1024,4096,3712,1137.309,1216.059,1213.658,0.9695
mixed,8,7,0.875,4.0,32,4096,2048,8192,7424,1875.83,2036.244,2028.182,0.9497
mixed,8,7,0.875,4.0,32,4096,4096,16384,14848,3356.75,3660.557,3633.519,0.911
mixed,8,7,0.875,4.0,32,8192,128,512,464,702.138,715.102,711.514,0.7232
mixed,8,7,0.875,4.0,32,8192,256,1024,928,792.507,814.361,810.395,0.8185
mixed,8,7,0.875,4.0,32,8192,512,2048,1856,976.154,1015.42,1013.467,0.9503
mixed,8,7,0.875,4.0,32,8192,1024,4096,3712,1347.482,1417.685,1414.423,0.9535
mixed,8,7,0.875,4.0,32,8192,2048,8192,7424,2080.564,2234.424,2222.42,0.922
mixed,8,7,0.875,4.0,32,8192,4096,16384,14848,3561.868,3853.326,3828.685,0.9155
mixed,8,7,0.875,4.0,64,0,128,512,464,231.583,237.182,235.134,0.6342
mixed,8,7,0.875,4.0,64,0,256,1024,928,323.42,342.749,341.601,0.9406
mixed,8,7,0.875,4.0,64,0,512,2048,1856,504.255,546.557,544.766,0.9577
mixed,8,7,0.875,4.0,64,0,1024,4096,3712,877.595,954.363,954.906,1.0071
mixed,8,7,0.875,4.0,64,0,2048,8192,7424,1616.537,1764.085,1754.904,0.9378
mixed,8,7,0.875,4.0,64,0,4096,16384,14848,3089.138,3387.568,3370.321,0.9422
mixed,8,7,0.875,4.0,64,512,128,512,464,366.557,376.924,371.838,0.5094
mixed,8,7,0.875,4.0,64,512,256,1024,928,457.599,480.895,480.412,0.9793
mixed,8,7,0.875,4.0,64,512,512,2048,1856,641.116,684.254,678.141,0.8583
mixed,8,7,0.875,4.0,64,512,1024,4096,3712,1009.338,1090.938,1082.421,0.8956
mixed,8,7,0.875,4.0,64,512,2048,8192,7424,1745.814,1904.632,1890.743,0.9125
mixed,8,7,0.875,4.0,64,512,4096,16384,14848,3231.858,3532.88,3510.737,0.9264
mixed,8,7,0.875,4.0,64,1024,128,512,464,447.262,455.902,453.726,0.7481
mixed,8,7,0.875,4.0,64,1024,256,1024,928,538.239,558.139,557.151,0.9504
mixed,8,7,0.875,4.0,64,1024,512,2048,1856,722.845,757.372,758.141,1.0223
mixed,8,7,0.875,4.0,64,1024,1024,4096,3712,1093.34,1170.394,1160.859,0.8763
mixed,8,7,0.875,4.0,64,1024,2048,8192,7424,1833.464,1977.686,1964.313,0.9073
mixed,8,7,0.875,4.0,64,1024,4096,16384,14848,3304.019,3608.433,3586.831,0.929
mixed,8,7,0.875,4.0,64,2048,128,512,464,548.156,558.143,555.551,0.7405
mixed,8,7,0.875,4.0,64,2048,256,1024,928,638.686,660.061,660.926,1.0405
mixed,8,7,0.875,4.0,64,2048,512,2048,1856,821.918,859.482,856.219,0.9131
mixed,8,7,0.875,4.0,64,2048,1024,4096,3712,1192.025,1266.105,1260.603,0.9257
mixed,8,7,0.875,4.0,64,2048,2048,8192,7424,1924.31,2078.293,2067.096,0.9273
mixed,8,7,0.875,4.0,64,2048,4096,16384,14848,3404.179,3707.664,3676.784,0.8982
mixed,8,7,0.875,4.0,64,4096,128,512,464,749.341,759.421,755.099,0.5712
mixed,8,7,0.875,4.0,64,4096,256,1024,928,839.645,861.053,860.282,0.964
mixed,8,7,0.875,4.0,64,4096,512,2048,1856,1023.933,1061.178,1057.5,0.9012
mixed,8,7,0.875,4.0,64,4096,1024,4096,3712,1390.683,1460.219,1463.223,1.0432
mixed,8,7,0.875,4.0,64,4096,2048,8192,7424,2128.469,2283.637,2268.087,0.8998
mixed,8,7,0.875,4.0,64,4096,4096,16384,14848,3599.218,3901.742,3873.291,0.906
mixed,8,7,0.875,4.0,64,8192,128,512,464,1144.7,1156.314,1152.09,0.6363
mixed,8,7,0.875,4.0,64,8192,256,1024,928,1235.868,1253.657,1253.978,1.018
mixed,8,7,0.875,4.0,64,8192,512,2048,1856,1421.243,1460.055,1460.381,1.0084
mixed,8,7,0.875,4.0,64,8192,1024,4096,3712,1788.088,1864.666,1861.69,0.9611
mixed,8,7,0.875,4.0,64,8192,2048,8192,7424,2524.727,2673.907,2663.797,0.9322
mixed,8,7,0.875,4.0,64,8192,4096,16384,14848,3998.637,4296.493,4279.053,0.9414
mixed,8,7,0.875,4.0,128,0,128,512,464,248.351,259.103,255.457,0.6609
mixed,8,7,0.875,4.0,128,0,256,1024,928,339.134,364.604,360.255,0.8293
mixed,8,7,0.875,4.0,128,0,512,2048,1856,524.126,563.516,567.389,1.0983
mixed,8,7,0.875,4.0,128,0,1024,4096,3712,895.325,970.043,966.971,0.9589
mixed,8,7,0.875,4.0,128,0,2048,8192,7424,1630.135,1778.936,1763.736,0.8979
mixed,8,7,0.875,4.0,128,0,4096,16384,14848,3104.239,3410.832,3391.25,0.9361
mixed,8,7,0.875,4.0,128,512,128,512,464,487.838,499.103,496.831,0.7983
mixed,8,7,0.875,4.0,128,512,256,1024,928,579.805,601.053,597.308,0.8237
mixed,8,7,0.875,4.0,128,512,512,2048,1856,764.671,802.557,798.683,0.8977
mixed,8,7,0.875,4.0,128,512,1024,4096,3712,1131.133,1208.635,1199.964,0.8881
mixed,8,7,0.875,4.0,128,512,2048,8192,7424,1867.225,2018.356,2006.363,0.9206
mixed,8,7,0.875,4.0,128,512,4096,16384,14848,3342.899,3655.924,3627.468,0.9091
mixed,8,7,0.875,4.0,128,1024,128,512,464,588.189,598.269,593.598,0.5366
mixed,8,7,0.875,4.0,128,1024,256,1024,928,678.397,698.555,698.588,1.0016
mixed,8,7,0.875,4.0,128,1024,512,2048,1856,861.246,900.665,897.854,0.9287
mixed,8,7,0.875,4.0,128,1024,1024,4096,3712,1231.357,1303.032,1299.672,0.9531
mixed,8,7,0.875,4.0,128,1024,2048,8192,7424,1971.065,2113.178,2105.046,0.9428
mixed,8,7,0.875,4.0,128,1024,4096,16384,14848,3436.143,3741.134,3712.338,0.9056
mixed,8,7,0.875,4.0,128,2048,128,512,464,792.732,805.275,797.755,0.4005
mixed,8,7,0.875,4.0,128,2048,256,1024,928,880.73,904.219,906.139,1.0817
mixed,8,7,0.875,4.0,128,2048,512,2048,1856,1064.506,1101.658,1098.586,0.9173
mixed,8,7,0.875,4.0,128,2048,1024,4096,3712,1435.258,1506.454,1505.977,0.9933
mixed,8,7,0.875,4.0,128,2048,2048,8192,7424,2165.492,2317.812,2307.446,0.9319
mixed,8,7,0.875,4.0,128,2048,4096,16384,14848,3642.195,3941.483,3920.718,0.9306
mixed,8,7,0.875,4.0,128,4096,128,512,464,1189.914,1200.57,1194.555,0.4355
mixed,8,7,0.875,4.0,128,4096,256,1024,928,1277.338,1299.833,1295.194,0.7938
mixed,8,7,0.875,4.0,128,4096,512,2048,1856,1461.881,1499.386,1492.795,0.8243
mixed,8,7,0.875,4.0,128,4096,1024,4096,3712,1828.793,1902.871,1902.232,0.9914
mixed,8,7,0.875,4.0,128,4096,2048,8192,7424,2566.868,2716.149,2703.858,0.9177
mixed,8,7,0.875,4.0,128,4096,4096,16384,14848,4033.386,4347.018,4321.707,0.9193
mixed,8,7,0.875,4.0,128,8192,128,512,464,1973.784,1988.313,1989.689,1.0947
mixed,8,7,0.875,4.0,128,8192,256,1024,928,2065.332,2089.141,2086.679,0.8966
mixed,8,7,0.875,4.0,128,8192,512,2048,1856,2254.646,2289.428,2283.892,0.8408
mixed,8,7,0.875,4.0,128,8192,1024,4096,3712,2620.693,2693.971,2691.541,0.9668
mixed,8,7,0.875,4.0,128,8192,2048,8192,7424,3347.312,3504.686,3492.878,0.925
mixed,8,7,0.875,4.0,128,8192,4096,16384,14848,4828.398,5135.082,5108.232,0.9125
mixed,8,7,0.875,4.0,256,0,128,512,464,540.829,551.134,547.198,0.618
mixed,8,7,0.875,4.0,256,0,256,1024,928,630.78,652.093,652.702,1.0286
mixed,8,7,0.875,4.0,256,0,512,2048,1856,812.475,852.571,849.948,0.9346
mixed,8,7,0.875,4.0,256,0,1024,4096,3712,1181.049,1258.426,1258.14,0.9963
mixed,8,7,0.875,4.0,256,0,2048,8192,7424,1912.791,2067.062,2055.767,0.9268
mixed,8,7,0.875,4.0,256,0,4096,16384,14848,3392.145,3693.933,3660.304,0.8886
mixed,8,7,0.875,4.0,256,512,128,512,464,744.441,756.894,748.604,0.3343
mixed,8,7,0.875,4.0,256,512,256,1024,928,834.459,857.371,849.661,0.6635
mixed,8,7,0.875,4.0,256,512,512,2048,1856,1013.341,1056.349,1051.322,0.8831
mixed,8,7,0.875,4.0,256,512,1024,4096,3712,1383.643,1458.362,1454.265,0.9452
mixed,8,7,0.875,4.0,256,512,2048,8192,7424,2118.933,2265.11,2255.829,0.9365
mixed,8,7,0.875,4.0,256,512,4096,16384,14848,3589.968,3893.228,3864.239,0.9044
mixed,8,7,0.875,4.0,256,1024,128,512,464,940.218,952.218,948.157,0.6616
mixed,8,7,0.875,4.0,256,1024,256,1024,928,1029.529,1057.406,1051.386,0.7841
mixed,8,7,0.875,4.0,256,1024,512,2048,1856,1212.888,1251.227,1245.561,0.8522
mixed,8,7,0.875,4.0,256,1024,1024,4096,3712,1580.183,1658.519,1650.841,0.902
mixed,8,7,0.875,4.0,256,1024,2048,8192,7424,2319.415,2468.246,2458.483,0.9344
mixed,8,7,0.875,4.0,256,1024,4096,16384,14848,3782.256,4088.973,4062.733,0.9144
mixed,8,7,0.875,4.0,256,2048,128,512,464,1339.352,1349.244,1345.53,0.6245
mixed,8,7,0.875,4.0,256,2048,256,1024,928,1429.499,1451.257,1449.529,0.9206
mixed,8,7,0.875,4.0,256,2048,512,2048,1856,1612.697,1655.769,1651.673,0.9049
mixed,8,7,0.875,4.0,256,2048,1024,4096,3712,1980.343,2056.247,2051.226,0.9339
mixed,8,7,0.875,4.0,256,2048,2048,8192,7424,2718.131,2863.413,2851.349,0.917
mixed,8,7,0.875,4.0,256,2048,4096,16384,14848,4190.059,4478.636,4451.436,0.9057
mixed,8,7,0.875,4.0,256,4096,128,512,464,2131.094,2139.446,2135.286,0.5019
mixed,8,7,0.875,4.0,256,4096,256,1024,928,2216.822,2240.758,2232.595,0.659
mixed,8,7,0.875,4.0,256,4096,512,2048,1856,2404.148,2435.028,2437.779,1.0891
mixed,8,7,0.875,4.0,256,4096,1024,4096,3712,2764.756,2846.993,2842.034,0.9397
mixed,8,7,0.875,4.0,256,4096,2048,8192,7424,3503.185,3653.007,3642.317,0.9286
mixed,8,7,0.875,4.0,256,4096,4096,16384,14848,4979.371,5278.277,5260.647,0.941
mixed,8,7,0.875,4.0,256,8192,128,512,464,3705.969,3724.113,3714.994,0.4974
mixed,8,7,0.875,4.0,256,8192,256,1024,928,3795.984,3829.2,3810.063,0.4239
mixed,8,7,0.875,4.0,256,8192,512,2048,1856,3988.143,4023.694,4024.363,1.0188
mixed,8,7,0.875,4.0,256,8192,1024,4096,3712,4350.027,4427.597,4420.426,0.9076
mixed,8,7,0.875,4.0,256,8192,2048,8192,7424,5081.098,5236.904,5225.956,0.9297
mixed,8,7,0.875,4.0,256,8192,4096,16384,14848,6554.051,6861.504,6834.21,0.9112
mixed,8,7,0.875,4.0,512,0,128,512,464,621.118,630.178,628.412,0.8051
mixed,8,7,0.875,4.0,512,0,256,1024,928,709.886,733.021,732.698,0.986
mixed,8,7,0.875,4.0,512,0,512,2048,1856,895.132,934.619,931.869,0.9304
mixed,8,7,0.875,4.0,512,0,1024,4096,3712,1264.409,1339.451,1339.194,0.9966
mixed,8,7,0.875,4.0,512,0,2048,8192,7424,2002.615,2154.359,2138.905,0.8982
mixed,8,7,0.875,4.0,512,0,4096,16384,14848,3469.454,3766.863,3758.959,0.9734
mixed,8,7,0.875,4.0,512,512,128,512,464,1044.379,1057.276,1052.892,0.6601
mixed,8,7,0.875,4.0,512,512,256,1024,928,1136.698,1153.915,1157.242,1.1932
mixed,8,7,0.875,4.0,512,512,512,2048,1856,1319.355,1355.325,1362.682,1.2045
mixed,8,7,0.875,4.0,512,512,1024,4096,3712,1685.751,1756.889,1755.735,0.9838
mixed,8,7,0.875,4.0,512,512,2048,8192,7424,2428.92,2573.01,2557.971,0.8956
mixed,8,7,0.875,4.0,512,512,4096,16384,14848,3887.345,4192.782,4166.605,0.9143
mixed,8,7,0.875,4.0,512,1024,128,512,464,1441.754,1452.825,1449.625,0.711
mixed,8,7,0.875,4.0,512,1024,256,1024,928,1531.034,1554.616,1553.337,0.9458
mixed,8,7,0.875,4.0,512,1024,512,2048,1856,1716.952,1749.622,1753.975,1.1332
mixed,8,7,0.875,4.0,512,1024,1024,4096,3712,2079.928,2155.125,2156.373,1.0166
mixed,8,7,0.875,4.0,512,1024,2048,8192,7424,2816.787,2965.394,2949.874,0.8956
mixed,8,7,0.875,4.0,512,1024,4096,16384,14848,4288.681,4591.084,4569.451,0.9285
mixed,8,7,0.875,4.0,512,2048,128,512,464,2234.904,2245.556,2245.368,0.9824
mixed,8,7,0.875,4.0,512,2048,256,1024,928,2324.37,2346.356,2348.5,1.0975
mixed,8,7,0.875,4.0,512,2048,512,2048,1856,2510.773,2549.748,2545.721,0.8967
mixed,8,7,0.875,4.0,512,2048,1024,4096,3712,2876.179,2952.176,2949.491,0.9647
mixed,8,7,0.875,4.0,512,2048,2048,8192,7424,3606.735,3764.496,3741.868,0.8566
mixed,8,7,0.875,4.0,512,2048,4096,16384,14848,5083.948,5384.134,5357.831,0.9124
mixed,8,7,0.875,4.0,512,4096,128,512,464,3822.701,3818.159,3807.568,
mixed,8,7,0.875,4.0,512,4096,256,1024,928,3918.19,3899.503,3922.83,
mixed,8,7,0.875,4.0,512,4096,512,2048,1856,4066.668,4127.626,4124.332,0.946
mixed,8,7,0.875,4.0,512,4096,1024,4096,3712,4464.106,4535.692,4538.091,1.0335
mixed,8,7,0.875,4.0,512,4096,2048,8192,7424,5196.263,5342.468,5315.529,0.8157
mixed,8,7,0.875,4.0,512,4096,4096,16384,14848,6665.023,6961.984,6933.342,0.9035
mixed,8,7,0.875,4.0,512,8192,128,512,464,6969.725,6977.218,6985.346,2.0847
mixed,8,7,0.875,4.0,512,8192,256,1024,928,7054.749,7061.438,7078.69,3.5792
mixed,8,7,0.875,4.0,512,8192,512,2048,1856,7248.189,7291.453,7278.045,0.6901
mixed,8,7,0.875,4.0,512,8192,1024,4096,3712,7604.86,7699.422,7674.91,0.7408
mixed,8,7,0.875,4.0,512,8192,2048,8192,7424,8350.97,8491.095,8482.61,0.9394
mixed,8,7,0.875,4.0,512,8192,4096,16384,14848,9812.495,10110.291,10088.023,0.9252
mixed,8,7,0.875,4.0,1024,0,128,512,464,1415.066,1425.018,1422.168,0.7136
mixed,8,7,0.875,4.0,1024,0,256,1024,928,1504.891,1524.728,1523.543,0.9403
mixed,8,7,0.875,4.0,1024,0,512,2048,1856,1686.902,1724.089,1730.679,1.1772
mixed,8,7,0.875,4.0,1024,0,1024,4096,3712,2063.799,2128.023,2136.566,1.133
mixed,8,7,0.875,4.0,1024,0,2048,8192,7424,2792.596,2940.468,2926.516,0.9056
mixed,8,7,0.875,4.0,1024,0,4096,16384,14848,4257.643,4568.202,4539.629,0.908
mixed,8,7,0.875,4.0,1024,512,128,512,464,2265.942,2276.5,2274.197,0.7819
mixed,8,7,0.875,4.0,1024,512,256,1024,928,2358.709,2378.323,2377.3,0.9478
mixed,8,7,0.875,4.0,1024,512,512,2048,1856,2537.524,2577.814,2577.845,1.0008
mixed,8,7,0.875,4.0,1024,512,1024,4096,3712,2913.458,2985.17,2977.361,0.8911
mixed,8,7,0.875,4.0,1024,512,2048,8192,7424,3641.839,3796.142,3791.95,0.9728
mixed,8,7,0.875,4.0,1024,512,4096,16384,14848,5120.49,5422.508,5399.082,0.9224
mixed,8,7,0.875,4.0,1024,1024,128,512,464,3067.09,3074.259,3075.345,1.1515
mixed,8,7,0.875,4.0,1024,1024,256,1024,928,3160.625,3181.715,3183.059,1.0637
mixed,8,7,0.875,4.0,1024,1024,512,2048,1856,3338.159,3383.278,3378.609,0.8965
mixed,8,7,0.875,4.0,1024,1024,1024,4096,3712,3710.157,3781.552,3783.439,1.0264
mixed,8,7,0.875,4.0,1024,1024,2048,8192,7424,4448.27,4602.248,4585.835,0.8934
mixed,8,7,0.875,4.0,1024,1024,4096,16384,14848,5918.311,6218.596,6196.002,0.9248
mixed,8,7,0.875,4.0,1024,2048,128,512,464,4638.636,4662.892,4654.603,0.6583
mixed,8,7,0.875,4.0,1024,2048,256,1024,928,4736.298,4753.161,4761.673,1.5048
mixed,8,7,0.875,4.0,1024,2048,512,2048,1856,4922.603,4970.313,4952.106,0.6184
mixed,8,7,0.875,4.0,1024,2048,1024,4096,3712,5292.102,5362.251,5365.896,1.052
mixed,8,7,0.875,4.0,1024,2048,2048,8192,7424,6022.311,6164.676,6149.763,0.8952
mixed,8,7,0.875,4.0,1024,2048,4096,16384,14848,7494.268,7794.713,7774.427,0.9325
mixed,8,7,0.875,4.0,1024,4096,128,512,464,7768.576,7807.741,7810.139,1.0612
mixed,8,7,0.875,4.0,1024,4096,256,1024,928,7869.912,7894.807,7911.225,1.6595
mixed,8,7,0.875,4.0,1024,4096,512,2048,1856,8064.249,8078.747,8101.564,2.5738
mixed,8,7,0.875,4.0,1024,4096,1024,4096,3712,8424.31,8523.735,8504.215,0.8037
mixed,8,7,0.875,4.0,1024,4096,2048,8192,7424,9152.791,9327.603,9301.69,0.8518
mixed,8,7,0.875,4.0,1024,4096,4096,16384,14848,10621.936,10944.336,10911.663,0.8987
mixed,8,7,0.875,4.0,1024,8192,128,512,464,14044.989,14069.507,14069.538,1.0013
mixed,8,7,0.875,4.0,1024,8192,256,1024,928,14168.766,14177.147,14208.026,4.6844
mixed,8,7,0.875,4.0,1024,8192,512,2048,1856,14343.551,14336.739,14393.37,
mixed,8,7,0.875,4.0,1024,8192,1024,4096,3712,14683.806,14811.451,14788.346,0.819
mixed,8,7,0.875,4.0,1024,8192,2048,8192,7424,15453.181,15565.178,15547.958,0.8462
mixed,8,7,0.875,4.0,1024,8192,4096,16384,14848,16919.606,17256.143,17182.925,0.7824
mixed,8,7,0.875,4.0,2048,0,128,512,464,4072.716,3236.015,3230.898,
mixed,8,7,0.875,4.0,2048,0,256,1024,928,3302.706,3278.096,3264.241,
mixed,8,7,0.875,4.0,2048,0,512,2048,1856,3413.234,3449.84,3426.643,0.3663
mixed,8,7,0.875,4.0,2048,0,1024,4096,3712,4021.101,4408.65,3775.726,-0.6331
mixed,8,7,0.875,4.0,2048,0,2048,8192,7424,4343.531,4478.733,4377.418,0.2506
mixed,8,7,0.875,4.0,2048,0,4096,16384,14848,5624.771,5773.412,5547.557,-0.5195
mixed,8,7,0.875,4.0,2048,512,128,512,464,4234.255,4237.867,4228.269,-1.6573
mixed,8,7,0.875,4.0,2048,512,256,1024,928,4619.339,4534.057,4412.332,
mixed,8,7,0.875,4.0,2048,512,512,2048,1856,4567.628,4604.652,4579.467,0.3198
mixed,8,7,0.875,4.0,2048,512,1024,4096,3712,4891.369,5326.314,5732.998,1.935
mixed,8,7,0.875,4.0,2048,512,2048,8192,7424,5522.856,5542.437,5444.199,-4.017
mixed,8,7,0.875,4.0,2048,512,4096,16384,14848,6681.636,6837.153,6619.01,-0.4027
mixed,8,7,0.875,4.0,2048,1024,128,512,464,5263.175,5281.034,5878.501,34.4547
mixed,8,7,0.875,4.0,2048,1024,256,1024,928,5513.544,5541.063,5519.879,0.2302
mixed,8,7,0.875,4.0,2048,1024,512,2048,1856,5675.622,5657.51,5630.536,
mixed,8,7,0.875,4.0,2048,1024,1024,4096,3712,5951.431,5977.35,5912.227,-1.5126
mixed,8,7,0.875,4.0,2048,1024,2048,8192,7424,6540.518,6580.511,6481.794,-1.4684
mixed,8,7,0.875,4.0,2048,1024,4096,16384,14848,7711.293,7967.355,7695.198,-0.0629
mixed,8,7,0.875,4.0,2048,2048,128,512,464,7508.923,7510.524,7504.223,-2.9357
mixed,8,7,0.875,4.0,2048,2048,256,1024,928,7581.692,9022.006,7638.173,0.0392
mixed,8,7,0.875,4.0,2048,2048,512,2048,1856,7791.07,7822.204,7703.359,-2.8172
mixed,8,7,0.875,4.0,2048,2048,1024,4096,3712,8062.072,8129.756,8059.1,-0.0439
mixed,8,7,0.875,4.0,2048,2048,2048,8192,7424,8682.006,8809.046,8681.369,-0.005
mixed,8,7,0.875,4.0,2048,2048,4096,16384,14848,9940.722,10201.749,9950.645,0.038
mixed,8,7,0.875,4.0,2048,4096,128,512,464,12002.664,12028.581,12023.528,0.805
mixed,8,7,0.875,4.0,2048,4096,256,1024,928,12092.966,12114.411,12132.426,1.8401
mixed,8,7,0.875,4.0,2048,4096,512,2048,1856,12260.231,12300.296,12258.951,-0.0319
mixed,8,7,0.875,4.0,2048,4096,1024,4096,3712,12581.384,12640.713,12576.842,-0.0766
mixed,8,7,0.875,4.0,2048,4096,2048,8192,7424,13225.026,13350.438,13204.002,-0.1676
mixed,8,7,0.875,4.0,2048,4096,4096,16384,14848,14483.164,14722.846,14449.053,-0.1423
mixed,8,7,0.875,4.0,2048,8192,128,512,464,20804.417,20877.251,20698.561,-1.4534
mixed,8,7,0.875,4.0,2048,8192,256,1024,928,20941.378,20812.576,20956.769,
mixed,8,7,0.875,4.0,2048,8192,512,2048,1856,21087.067,21097.056,21077.151,-0.9927
mixed,8,7,0.875,4.0,2048,8192,1024,4096,3712,21265.083,21389.658,21452.092,1.5012
mixed,8,7,0.875,4.0,2048,8192,2048,8192,7424,22054.334,22439.379,22080.249,0.0673
mixed,8,7,0.875,4.0,2048,8192,4096,16384,14848,23314.832,23658.672,23273.621,-0.1199
pure,16,1,0.0625,4.0,0,0,128,512,152,85.504,215.839,129.311,0.3361
pure,16,1,0.0625,4.0,0,0,256,1024,304,138.848,393.695,213.086,0.2913
pure,16,1,0.0625,4.0,0,0,512,2048,608,298.941,872.957,468.382,0.2952
pure,16,1,0.0625,4.0,0,0,1024,4096,1216,542.878,1664.76,867.898,0.2897
pure,16,1,0.0625,4.0,0,0,2048,8192,2432,1017.181,3271.06,1661.015,0.2857
pure,16,1,0.0625,4.0,0,0,4096,16384,4864,1968.149,6469.09,3235.666,0.2816
mixed,16,1,0.0625,4.0,16,0,128,512,152,128.128,281.438,186.943,0.3836
mixed,16,1,0.0625,4.0,16,0,256,1024,304,195.263,487.677,289.823,0.3234
mixed,16,1,0.0625,4.0,16,0,512,2048,608,320.414,891.516,487.74,0.293
mixed,16,1,0.0625,4.0,16,0,1024,4096,1216,562.686,1691.961,877.885,0.2791
mixed,16,1,0.0625,4.0,16,0,2048,8192,2432,1036.604,3288.372,1660.184,0.2769
mixed,16,1,0.0625,4.0,16,0,4096,16384,4864,1984.6,6999.88,3230.9,0.2485
mixed,16,1,0.0625,4.0,16,512,128,512,152,182.593,340.574,241.728,0.3743
mixed,16,1,0.0625,4.0,16,512,256,1024,304,250.207,544.606,340.764,0.3076
mixed,16,1,0.0625,4.0,16,512,512,2048,608,378.719,952.83,540.958,0.2826
mixed,16,1,0.0625,4.0,16,512,1024,4096,1216,623.263,1769.944,930.586,0.268
mixed,16,1,0.0625,4.0,16,512,2048,8192,2432,1107.417,3413.042,1718.202,0.2649
mixed,16,1,0.0625,4.0,16,512,4096,16384,4864,2078.935,6656.839,3284.209,0.2633
mixed,16,1,0.0625,4.0,16,1024,128,512,152,204.992,363.199,263.005,0.3667
mixed,16,1,0.0625,4.0,16,1024,256,1024,304,270.561,568.893,366.563,0.3218
mixed,16,1,0.0625,4.0,16,1024,512,2048,608,401.31,974.654,560.317,0.2773
mixed,16,1,0.0625,4.0,16,1024,1024,4096,1216,650.398,1786.104,957.467,0.2704
mixed,16,1,0.0625,4.0,16,1024,2048,8192,2432,1131.293,3423.121,1734.045,0.263
mixed,16,1,0.0625,4.0,16,1024,4096,16384,4864,2102.358,6666.31,3307.414,0.264
mixed,16,1,0.0625,4.0,16,2048,128,512,152,224.928,384.576,285.471,0.3792
mixed,16,1,0.0625,4.0,16,2048,256,1024,304,292.286,594.173,388.223,0.3178
mixed,16,1,0.0625,4.0,16,2048,512,2048,608,425.087,999.515,589.663,0.2865
mixed,16,1,0.0625,4.0,16,2048,1024,4096,1216,668.38,1810.457,979.578,0.2725
mixed,16,1,0.0625,4.0,16,2048,2048,8192,2432,1151.964,3436.818,1761.147,0.2666
mixed,16,1,0.0625,4.0,16,2048,4096,16384,4864,2118.616,6698.662,3322.931,0.2629
mixed,16,1,0.0625,4.0,16,4096,128,512,152,276.896,438.46,338.591,0.3819
mixed,16,1,0.0625,4.0,16,4096,256,1024,304,351.55,646.429,443.869,0.3131
mixed,16,1,0.0625,4.0,16,4096,512,2048,608,475.901,1053.626,640.859,0.2855
mixed,16,1,0.0625,4.0,16,4096,1024,4096,1216,724.668,1866.073,1031.965,0.2692
mixed,16,1,0.0625,4.0,16,4096,2048,8192,2432,1207.611,3486.838,1808.408,0.2636
mixed,16,1,0.0625,4.0,16,4096,4096,16384,4864,2168.408,6738.343,3382.741,0.2657
mixed,16,1,0.0625,4.0,16,8192,128,512,152,384.318,542.686,444.479,0.3799
mixed,16,1,0.0625,4.0,16,8192,256,1024,304,449.343,747.099,547.292,0.329
mixed,16,1,0.0625,4.0,16,8192,512,2048,608,579.868,1154.812,746.587,0.29
mixed,16,1,0.0625,4.0,16,8192,1024,4096,1216,829.277,1969.689,1139.933,0.2724
mixed,16,1,0.0625,4.0,16,8192,2048,8192,2432,1306.107,3594.674,1918.108,0.2674
mixed,16,1,0.0625,4.0,16,8192,4096,16384,4864,2281.495,6860.899,3483.217,0.2624
mixed,16,1,0.0625,4.0,32,0,128,512,152,166.943,324.734,225.694,0.3723
mixed,16,1,0.0625,4.0,32,0,256,1024,304,232.574,533.82,326.271,0.311
mixed,16,1,0.0625,4.0,32,0,512,2048,608,363.55,937.53,520.955,0.2742
mixed,16,1,0.0625,4.0,32,0,1024,4096,1216,609.854,1754.361,912.765,0.2647
mixed,16,1,0.0625,4.0,32,0,2048,8192,2432,1093.82,3381.841,1698.841,0.2644
mixed,16,1,0.0625,4.0,32,0,4096,16384,4864,2066.106,6619.239,3266.74,0.2637
mixed,16,1,0.0625,4.0,32,512,128,512,152,225.726,385.887,286.912,0.382
mixed,16,1,0.0625,4.0,32,512,256,1024,304,294.43,594.016,383.04,0.2958
mixed,16,1,0.0625,4.0,32,512,512,2048,608,423.903,1004.028,584.253,0.2764
mixed,16,1,0.0625,4.0,32,512,1024,4096,1216,670.238,1815.609,974.524,0.2657
mixed,16,1,0.0625,4.0,32,512,2048,8192,2432,1154.234,3437.331,1755.002,0.2631
mixed,16,1,0.0625,4.0,32,512,4096,16384,4864,2113.048,6685.701,3324.278,0.2649
mixed,16,1,0.0625,4.0,32,1024,128,512,152,294.112,455.071,352.894,0.3652
mixed,16,1,0.0625,4.0,32,1024,256,1024,304,358.558,656.831,457.338,0.3312
mixed,16,1,0.0625,4.0,32,1024,512,2048,608,491.198,1067.037,649.725,0.2753
mixed,16,1,0.0625,4.0,32,1024,1024,4096,1216,734.686,1879.672,1043.964,0.2701
mixed,16,1,0.0625,4.0,32,1024,2048,8192,2432,1218.715,3507.793,1827.767,0.2661
mixed,16,1,0.0625,4.0,32,1024,4096,16384,4864,2181.781,6763.94,3382.165,0.262
mixed,16,1,0.0625,4.0,32,2048,128,512,152,330.655,488.798,386.24,0.3515
mixed,16,1,0.0625,4.0,32,2048,256,1024,304,396.221,692.702,492.318,0.3241
mixed,16,1,0.0625,4.0,32,2048,512,2048,608,531.486,1102.907,693.118,0.2829
mixed,16,1,0.0625,4.0,32,2048,1024,4096,1216,768.798,1921.561,1084.379,0.2738
mixed,16,1,0.0625,4.0,32,2048,2048,8192,2432,1247.133,3541.458,1865.754,0.2696
mixed,16,1,0.0625,4.0,32,2048,4096,16384,4864,2220.857,6789.029,3433.554,0.2655
mixed,16,1,0.0625,4.0,32,4096,128,512,152,441.983,592.606,505.982,0.4249
mixed,16,1,0.0625,4.0,32,4096,256,1024,304,506.816,802.749,600.411,0.3163
mixed,16,1,0.0625,4.0,32,4096,512,2048,608,637.119,1209.498,798.781,0.2824
mixed,16,1,0.0625,4.0,32,4096,1024,4096,1216,875.196,2020.729,1190.94,0.2756
mixed,16,1,0.0625,4.0,32,4096,2048,8192,2432,1357.434,3644.432,1983.96,0.274
mixed,16,1,0.0625,4.0,32,4096,4096,16384,4864,2326.647,6890.246,3547.284,0.2675
mixed,16,1,0.0625,4.0,32,8192,128,512,152,647.711,802.078,712.251,0.4181
mixed,16,1,0.0625,4.0,32,8192,256,1024,304,712.766,1003.9,809.567,0.3325
mixed,16,1,0.0625,4.0,32,8192,512,2048,608,845.211,1415.419,1004.858,0.28
mixed,16,1,0.0625,4.0,32,8192,1024,4096,1216,1089.627,2223.797,1400.731,0.2743
mixed,16,1,0.0625,4.0,32,8192,2048,8192,2432,1566.967,3846.45,2191.957,0.2742
mixed,16,1,0.0625,4.0,32,8192,4096,16384,4864,2533.716,7103.334,3750.257,0.2662
mixed,16,1,0.0625,4.0,64,0,128,512,152,174.592,332.32,232.385,0.3664
mixed,16,1,0.0625,4.0,64,0,256,1024,304,241.953,538.527,335.775,0.3164
mixed,16,1,0.0625,4.0,64,0,512,2048,608,369.503,947.194,533.822,0.2844
mixed,16,1,0.0625,4.0,64,0,1024,4096,1216,619.101,1759.256,920.7,0.2645
mixed,16,1,0.0625,4.0,64,0,2048,8192,2432,1105.884,3380.179,1706.649,0.2642
mixed,16,1,0.0625,4.0,64,0,4096,16384,4864,2060.76,6629.318,3272.501,0.2652
mixed,16,1,0.0625,4.0,64,512,128,512,152,313.087,470.559,372.255,0.3757
mixed,16,1,0.0625,4.0,64,512,256,1024,304,380.479,679.871,473.917,0.3121
mixed,16,1,0.0625,4.0,64,512,512,2048,608,508.545,1082.938,666.396,0.2748
mixed,16,1,0.0625,4.0,64,512,1024,4096,1216,755.869,1895.386,1063.387,0.2699
mixed,16,1,0.0625,4.0,64,512,2048,8192,2432,1238.332,3519.221,1848.376,0.2675
mixed,16,1,0.0625,4.0,64,512,4096,16384,4864,2201.813,6768.423,3411.859,0.265
mixed,16,1,0.0625,4.0,64,1024,128,512,152,390.72,548.287,451.069,0.383
mixed,16,1,0.0625,4.0,64,1024,256,1024,304,458.687,756.735,550.909,0.3094
mixed,16,1,0.0625,4.0,64,1024,512,2048,608,584.894,1162.46,749.918,0.2857
mixed,16,1,0.0625,4.0,64,1024,1024,4096,1216,830.717,1975.544,1144.22,0.2738
mixed,16,1,0.0625,4.0,64,1024,2048,8192,2432,1311.291,3598.064,1923.833,0.2679
mixed,16,1,0.0625,4.0,64,1024,4096,16384,4864,2271.318,6845.537,3494.483,0.2674
mixed,16,1,0.0625,4.0,64,2048,128,512,152,495.455,651.55,556.989,0.3942
mixed,16,1,0.0625,4.0,64,2048,256,1024,304,560.766,852.731,654.683,0.3217
mixed,16,1,0.0625,4.0,64,2048,512,2048,608,688.99,1262.202,854.556,0.2888
mixed,16,1,0.0625,4.0,64,2048,1024,4096,1216,931.964,2070.806,1247.004,0.2766
mixed,16,1,0.0625,4.0,64,2048,2048,8192,2432,1419.546,3699.634,2028.663,0.2671
mixed,16,1,0.0625,4.0,64,2048,4096,16384,4864,2383.221,6943.111,3606.485,0.2683
mixed,16,1,0.0625,4.0,64,4096,128,512,152,696.827,851.676,757.533,0.392
mixed,16,1,0.0625,4.0,64,4096,256,1024,304,762.81,1053.244,857.214,0.325
mixed,16,1,0.0625,4.0,64,4096,512,2048,608,889.15,1461.982,1054.811,0.2892
mixed,16,1,0.0625,4.0,64,4096,1024,4096,1216,1130.331,2273.399,1444.951,0.2752
mixed,16,1,0.0625,4.0,64,4096,2048,8192,2432,1612.154,3896.369,2231.64,0.2712
mixed,16,1,0.0625,4.0,64,4096,4096,16384,4864,2582.168,7146.5,3801.168,0.2671
mixed,16,1,0.0625,4.0,64,8192,128,512,152,1092.795,1247.195,1155.288,0.4047
mixed,16,1,0.0625,4.0,64,8192,256,1024,304,1154.905,1451.516,1256.346,0.342
mixed,16,1,0.0625,4.0,64,8192,512,2048,608,1283.608,1857.114,1453.212,0.2957
mixed,16,1,0.0625,4.0,64,8192,1024,4096,1216,1526.778,2667.414,1842.458,0.2768
mixed,16,1,0.0625,4.0,64,8192,2048,8192,2432,2009.113,4296.335,2622.133,0.268
mixed,16,1,0.0625,4.0,64,8192,4096,16384,4864,2974.836,7541.314,4207.435,0.2699
mixed,16,1,0.0625,4.0,128,0,128,512,152,197.983,357.119,259.039,0.3837
mixed,16,1,0.0625,4.0,128,0,256,1024,304,266.879,564.126,359.55,0.3118
mixed,16,1,0.0625,4.0,128,0,512,2048,608,394.014,966.494,556.733,0.2842
mixed,16,1,0.0625,4.0,128,0,1024,4096,1216,639.999,1779.291,948.957,0.2712
mixed,16,1,0.0625,4.0,128,0,2048,8192,2432,1120.604,3400.498,1729.497,0.2671
mixed,16,1,0.0625,4.0,128,0,4096,16384,4864,2080.761,6643.075,3293.396,0.2658
mixed,16,1,0.0625,4.0,128,512,128,512,152,437.824,595.806,501.536,0.4033
mixed,16,1,0.0625,4.0,128,512,256,1024,304,506.462,800.509,602.461,0.3265
mixed,16,1,0.0625,4.0,128,512,512,2048,608,636.509,1206.621,793.951,0.2762
mixed,16,1,0.0625,4.0,128,512,1024,4096,1216,877.821,2015.543,1190.716,0.275
mixed,16,1,0.0625,4.0,128,512,2048,8192,2432,1354.332,3630.545,1975.383,0.2728
mixed,16,1,0.0625,4.0,128,512,4096,16384,4864,2321.783,6895.329,3531.408,0.2645
mixed,16,1,0.0625,4.0,128,1024,128,512,152,538.781,695.997,600.991,0.3957
mixed,16,1,0.0625,4.0,128,1024,256,1024,304,604.671,897.883,700.797,0.3278
mixed,16,1,0.0625,4.0,128,1024,512,2048,608,728.029,1301.755,900.734,0.301
mixed,16,1,0.0625,4.0,128,1024,1024,4096,1216,968.763,2115.896,1288.346,0.2786
mixed,16,1,0.0625,4.0,128,1024,2048,8192,2432,1452.823,3731.088,2071.063,0.2714
mixed,16,1,0.0625,4.0,128,1024,4096,16384,4864,2419.831,6983.528,3639.282,0.2672
mixed,16,1,0.0625,4.0,128,2048,128,512,152,743.26,898.75,803.868,0.3898
mixed,16,1,0.0625,4.0,128,2048,256,1024,304,806.173,1098.875,907.036,0.3446
mixed,16,1,0.0625,4.0,128,2048,512,2048,608,932.892,1505.37,1100.699,0.2931
mixed,16,1,0.0625,4.0,128,2048,1024,4096,1216,1180.283,2316.312,1489.816,0.2725
mixed,16,1,0.0625,4.0,128,2048,2048,8192,2432,1655.896,3944.207,2275.384,0.2707
mixed,16,1,0.0625,4.0,128,2048,4096,16384,4864,2621.495,7182.563,3842.67,0.2677
mixed,16,1,0.0625,4.0,128,4096,128,512,152,1139.483,1295.833,1201.404,0.396
mixed,16,1,0.0625,4.0,128,4096,256,1024,304,1203.74,1497.849,1298.974,0.3238
mixed,16,1,0.0625,4.0,128,4096,512,2048,608,1330.427,1906.104,1499.547,0.2938
mixed,16,1,0.0625,4.0,128,4096,1024,4096,1216,1575.96,2718.357,1896.12,0.2803
mixed,16,1,0.0625,4.0,128,4096,2048,8192,2432,2047.962,4341.741,2666.42,0.2696
mixed,16,1,0.0625,4.0,128,4096,4096,16384,4864,3018.484,7586.787,4240.526,0.2675
mixed,16,1,0.0625,4.0,128,8192,128,512,152,1926.553,2083.258,1991.257,0.4129
mixed,16,1,0.0625,4.0,128,8192,256,1024,304,1993.495,2288.63,2092.28,0.3347
mixed,16,1,0.0625,4.0,128,8192,512,2048,608,2121.366,2685.399,2286.356,0.2925
mixed,16,1,0.0625,4.0,128,8192,1024,4096,1216,2364.309,3504.243,2677.335,0.2746
mixed,16,1,0.0625,4.0,128,8192,2048,8192,2432,2844.915,5127.886,3461.235,0.27
mixed,16,1,0.0625,4.0,128,8192,4096,16384,4864,3803.473,8381.729,5028.202,0.2675
mixed,16,1,0.0625,4.0,256,0,128,512,152,486.591,640.894,549.148,0.4054
mixed,16,1,0.0625,4.0,256,0,256,1024,304,552.51,847.678,647.646,0.3223
mixed,16,1,0.0625,4.0,256,0,512,2048,608,681.916,1251.866,848.028,0.2915
mixed,16,1,0.0625,4.0,256,0,1024,4096,1216,926.173,2060.278,1242.554,0.279
mixed,16,1,0.0625,4.0,256,0,2048,8192,2432,1403.386,3691.57,2028.182,0.2731
mixed,16,1,0.0625,4.0,256,0,4096,16384,4864,2367.703,6937.06,3578.51,0.265
mixed,16,1,0.0625,4.0,256,512,128,512,152,692.476,843.388,749.5,0.3779
mixed,16,1,0.0625,4.0,256,512,256,1024,304,752.542,1052.187,851.934,0.3317
mixed,16,1,0.0625,4.0,256,512,512,2048,608,881.949,1451.261,1047.995,0.2917
mixed,16,1,0.0625,4.0,256,512,1024,4096,1216,1127.069,2269.59,1441.563,0.2753
mixed,16,1,0.0625,4.0,256,512,2048,8192,2432,1606.167,3888.595,2229.143,0.2729
mixed,16,1,0.0625,4.0,256,512,4096,16384,4864,2575.252,7136.608,3786.225,0.2655
mixed,16,1,0.0625,4.0,256,1024,128,512,152,891.325,1043.609,949.467,0.3818
mixed,16,1,0.0625,4.0,256,1024,256,1024,304,953.051,1249.048,1049.693,0.3265
mixed,16,1,0.0625,4.0,256,1024,512,2048,608,1081.18,1655.994,1247.964,0.2902
mixed,16,1,0.0625,4.0,256,1024,1024,4096,1216,1325.243,2463.028,1643.513,0.2797
mixed,16,1,0.0625,4.0,256,1024,2048,8192,2432,1802.167,4084.526,2417.559,0.2696
mixed,16,1,0.0625,4.0,256,1024,4096,16384,4864,2768.786,7335.747,3991.438,0.2677
mixed,16,1,0.0625,4.0,256,2048,128,512,152,1283.13,1441.498,1350.234,0.4237
mixed,16,1,0.0625,4.0,256,2048,256,1024,304,1346.042,1646.042,1439.899,0.3129
mixed,16,1,0.0625,4.0,256,2048,512,2048,608,1478.009,2050.809,1648.41,0.2975
mixed,16,1,0.0625,4.0,256,2048,1024,4096,1216,1724.343,2856.533,2039.734,0.2786
mixed,16,1,0.0625,4.0,256,2048,2048,8192,2432,2205.945,4485.424,2817.591,0.2683
mixed,16,1,0.0625,4.0,256,2048,4096,16384,4864,3176.496,7726.145,4388.236,0.2663
mixed,16,1,0.0625,4.0,256,4096,128,512,152,2078.362,2226.134,2135.67,0.3878
mixed,16,1,0.0625,4.0,256,4096,256,1024,304,2145.847,2429.461,2235.541,0.3163
mixed,16,1,0.0625,4.0,256,4096,512,2048,608,2266.102,2837.845,2433.848,0.2934
mixed,16,1,0.0625,4.0,256,4096,1024,4096,1216,2510.518,3645.009,2822.451,0.275
mixed,16,1,0.0625,4.0,256,4096,2048,8192,2432,2988.596,5276.04,3615.027,0.2739
mixed,16,1,0.0625,4.0,256,4096,4096,16384,4864,3953.651,8522.43,5172.332,0.2667
mixed,16,1,0.0625,4.0,256,8192,128,512,152,3653.326,3811.408,3712.497,0.3743
mixed,16,1,0.0625,4.0,256,8192,256,1024,304,3720.146,4015.566,3816.274,0.3254
mixed,16,1,0.0625,4.0,256,8192,512,2048,608,3854.127,4420.813,4017.68,0.2886
mixed,16,1,0.0625,4.0,256,8192,1024,4096,1216,4089.2,5231.147,4406.704,0.278
mixed,16,1,0.0625,4.0,256,8192,2048,8192,2432,4571.083,6851.652,5189.515,0.2712
mixed,16,1,0.0625,4.0,256,8192,4096,16384,4864,5540.841,10116.789,6756.679,0.2657
mixed,16,1,0.0625,4.0,512,0,128,512,152,569.501,724.829,629.983,0.3894
mixed,16,1,0.0625,4.0,512,0,256,1024,304,636.444,931.614,730.269,0.3179
mixed,16,1,0.0625,4.0,512,0,512,2048,608,762.397,1338.331,929.436,0.29
mixed,16,1,0.0625,4.0,512,0,1024,4096,1216,1007.45,2147.447,1321.019,0.2751
mixed,16,1,0.0625,4.0,512,0,2048,8192,2432,1489.37,3771.569,2100.887,0.268
mixed,16,1,0.0625,4.0,512,0,4096,16384,4864,2451.991,7014.149,3679.185,0.269
mixed,16,1,0.0625,4.0,512,512,128,512,152,994.204,1144.732,1050.587,0.3746
mixed,16,1,0.0625,4.0,512,512,256,1024,304,1057.915,1353.273,1150.108,0.3121
mixed,16,1,0.0625,4.0,512,512,512,2048,608,1185.435,1758.008,1347.706,0.2834
mixed,16,1,0.0625,4.0,512,512,1024,4096,1216,1431.867,2569.46,1744.378,0.2747
mixed,16,1,0.0625,4.0,512,512,2048,8192,2432,1910.808,4189.359,2524.247,0.2692
mixed,16,1,0.0625,4.0,512,512,4096,16384,4864,2876.885,7440.448,4091.246,0.2661
mixed,16,1,0.0625,4.0,512,1024,128,512,152,1391.355,1546.331,1448.315,0.3675
mixed,16,1,0.0625,4.0,512,1024,256,1024,304,1459.129,1757.911,1552.217,0.3116
mixed,16,1,0.0625,4.0,512,1024,512,2048,608,1586.135,2155.573,1750.297,0.2883
mixed,16,1,0.0625,4.0,512,1024,1024,4096,1216,1834.042,2970.068,2142.105,0.2712
mixed,16,1,0.0625,4.0,512,1024,2048,8192,2432,2311.51,4604.206,2915.476,0.2634
mixed,16,1,0.0625,4.0,512,1024,4096,16384,4864,3277.461,7843.998,4500.912,0.2679
mixed,16,1,0.0625,4.0,512,2048,128,512,152,2184.441,2343.671,2244.629,0.378
mixed,16,1,0.0625,4.0,512,2048,256,1024,304,2251.51,2546.645,2345.557,0.3187
mixed,16,1,0.0625,4.0,512,2048,512,2048,608,2383.32,2954.069,2541.459,0.2771
mixed,16,1,0.0625,4.0,512,2048,1024,4096,1216,2628.468,3764.43,2933.46,0.2685
mixed,16,1,0.0625,4.0,512,2048,2048,8192,2432,3100.403,5392.203,3719.6,0.2702
mixed,16,1,0.0625,4.0,512,2048,4096,16384,4864,4069.808,8636.765,5284.33,0.2659
mixed,16,1,0.0625,4.0,512,4096,128,512,152,3744.915,3910.703,3828.304,0.503
mixed,16,1,0.0625,4.0,512,4096,256,1024,304,3807.856,4103.024,3933.745,0.4265
mixed,16,1,0.0625,4.0,512,4096,512,2048,608,3950.961,4537.773,4124.269,0.2953
mixed,16,1,0.0625,4.0,512,4096,1024,4096,1216,4199.63,5319.595,4505.678,0.2733
mixed,16,1,0.0625,4.0,512,4096,2048,8192,2432,4663.5,6964.42,5284.332,0.2698
mixed,16,1,0.0625,4.0,512,4096,4096,16384,4864,5633.511,10216.633,6844.677,0.2643
mixed,16,1,0.0625,4.0,512,8192,128,512,152,6932.065,7069.092,6978.981,0.3424
mixed,16,1,0.0625,4.0,512,8192,256,1024,304,6991.875,7300.26,7075.361,0.2707
mixed,16,1,0.0625,4.0,512,8192,512,2048,608,7110.214,7679.807,7278.599,0.2956
mixed,16,1,0.0625,4.0,512,8192,1024,4096,1216,7356.991,8499.452,7688.957,0.2906
mixed,16,1,0.0625,4.0,512,8192,2048,8192,2432,7832.738,10130.13,8463.709,0.2746
mixed,16,1,0.0625,4.0,512,8192,4096,16384,4864,8815.835,13379.373,10019.606,0.2638
mixed,16,1,0.0625,4.0,1024,0,128,512,152,1360.122,1519.579,1420.762,0.3803
mixed,16,1,0.0625,4.0,1024,0,256,1024,304,1427.514,1723.226,1521.21,0.3168
mixed,16,1,0.0625,4.0,1024,0,512,2048,608,1556.443,2130.775,1721.497,0.2874
mixed,16,1,0.0625,4.0,1024,0,1024,4096,1216,1800.375,2939.185,2113.016,0.2745
mixed,16,1,0.0625,4.0,1024,0,2048,8192,2432,2279.574,4568.811,2894.102,0.2684
mixed,16,1,0.0625,4.0,1024,0,4096,16384,4864,3242.965,7801.441,4462.029,0.2674
mixed,16,1,0.0625,4.0,1024,512,128,512,152,2213.398,2367.254,2277.047,0.4137
mixed,16,1,0.0625,4.0,1024,512,256,1024,304,2277.334,2580.565,2372.887,0.3151
mixed,16,1,0.0625,4.0,1024,512,512,2048,608,2404.182,2977.938,2571.604,0.2918
mixed,16,1,0.0625,4.0,1024,512,1024,4096,1216,2654.036,3803.247,2959.38,0.2657
mixed,16,1,0.0625,4.0,1024,512,2048,8192,2432,3137.556,5413.13,3745.104,0.267
mixed,16,1,0.0625,4.0,1024,512,4096,16384,4864,4102.19,8657.98,5311.912,0.2655
mixed,16,1,0.0625,4.0,1024,1024,128,512,152,3014.45,3170.836,3074.289,0.3826
mixed,16,1,0.0625,4.0,1024,1024,256,1024,304,3083.283,3379.281,3176.146,0.3137
mixed,16,1,0.0625,4.0,1024,1024,512,2048,608,3203.539,3788.207,3377.04,0.2968
mixed,16,1,0.0625,4.0,1024,1024,1024,4096,1216,3455.441,4593.099,3769.649,0.2762
mixed,16,1,0.0625,4.0,1024,1024,2048,8192,2432,3929.584,6223.396,4546.83,0.2691
mixed,16,1,0.0625,4.0,1024,1024,4096,16384,4864,4901.613,9477.303,6106.246,0.2633
mixed,16,1,0.0625,4.0,1024,2048,128,512,152,4595.247,4763.663,4649.548,0.3224
mixed,16,1,0.0625,4.0,1024,2048,256,1024,304,4656.33,4963.949,4740.716,0.2743
mixed,16,1,0.0625,4.0,1024,2048,512,2048,608,4785.067,5366.892,4954.347,0.2909
mixed,16,1,0.0625,4.0,1024,2048,1024,4096,1216,5032.874,6182.795,5340.715,0.2677
mixed,16,1,0.0625,4.0,1024,2048,2048,8192,2432,5514.727,7775.328,6110.313,0.2635
mixed,16,1,0.0625,4.0,1024,2048,4096,16384,4864,6482.306,11046.323,7702.303,0.2673
mixed,16,1,0.0625,4.0,1024,4096,128,512,152,7726.146,7883.07,7765.724,0.2522
mixed,16,1,0.0625,4.0,1024,4096,256,1024,304,7786.494,8086.653,7867.069,0.2684
mixed,16,1,0.0625,4.0,1024,4096,512,2048,608,7921.95,8491.036,8071.935,0.2636
mixed,16,1,0.0625,4.0,1024,4096,1024,4096,1216,8156.22,9302.333,8480.447,0.2829
mixed,16,1,0.0625,4.0,1024,4096,2048,8192,2432,8648.22,10945.523,9248.475,0.2613
mixed,16,1,0.0625,4.0,1024,4096,4096,16384,4864,9629.079,14208.776,10804.85,0.2567
mixed,16,1,0.0625,4.0,1024,8192,128,512,152,14032.968,14165.539,14100.391,0.5086
mixed,16,1,0.0625,4.0,1024,8192,256,1024,304,14039.526,14344.264,14187.943,0.487
mixed,16,1,0.0625,4.0,1024,8192,512,2048,608,14177.607,14757.505,14360.806,0.3159
mixed,16,1,0.0625,4.0,1024,8192,1024,4096,1216,14393.125,15593.73,14725.697,0.277
mixed,16,1,0.0625,4.0,1024,8192,2048,8192,2432,14949.953,17182.614,15521.38,0.2559
mixed,16,1,0.0625,4.0,1024,8192,4096,16384,4864,15855.323,20446.149,17103.353,0.2719
mixed,16,1,0.0625,4.0,2048,0,128,512,152,4015.28,3994.961,3896.495,
mixed,16,1,0.0625,4.0,2048,0,256,1024,304,3656.88,3922.032,3290.802,-1.3806
mixed,16,1,0.0625,4.0,2048,0,512,2048,608,3271.924,3766.384,3403.217,0.2655
mixed,16,1,0.0625,4.0,2048,0,1024,4096,1216,3478.449,4756.78,3707.793,0.1794
mixed,16,1,0.0625,4.0,2048,0,2048,8192,2432,3873.614,5833.032,4504.27,0.3219
mixed,16,1,0.0625,4.0,2048,0,4096,16384,4864,5386.635,10068.819,7138.37,0.3741
mixed,16,1,0.0625,4.0,2048,512,128,512,152,5589.641,5747.079,5652.071,0.3965
mixed,16,1,0.0625,4.0,2048,512,256,1024,304,5665.577,5962.155,5750.632,0.2868
mixed,16,1,0.0625,4.0,2048,512,512,2048,608,5784.008,6363.845,5952.582,0.2907
mixed,16,1,0.0625,4.0,2048,512,1024,4096,1216,6033.287,7174.273,6154.923,0.1066
mixed,16,1,0.0625,4.0,2048,512,2048,8192,2432,6304.072,7395.328,5954.691,-0.3202
mixed,16,1,0.0625,4.0,2048,512,4096,16384,4864,5839.145,9751.289,6817.443,0.2501
mixed,16,1,0.0625,4.0,2048,1024,128,512,152,5195.147,5329.676,5240.235,0.3352
mixed,16,1,0.0625,4.0,2048,1024,256,1024,304,5257.992,6150.471,5471.017,0.2387
mixed,16,1,0.0625,4.0,2048,1024,512,2048,608,5504.872,5996.712,5634.888,0.2643
mixed,16,1,0.0625,4.0,2048,1024,1024,4096,1216,5715.976,6652.26,5827.942,0.1196
mixed,16,1,0.0625,4.0,2048,1024,2048,8192,2432,6009.381,7976.157,6421.829,0.2097
mixed,16,1,0.0625,4.0,2048,1024,4096,16384,4864,6780.292,10693.042,7683.491,0.2308
mixed,16,1,0.0625,4.0,2048,2048,128,512,152,7433.441,7576.479,8996.858,10.9301
mixed,16,1,0.0625,4.0,2048,2048,256,1024,304,9950.294,10861.906,10510.295,0.6143
mixed,16,1,0.0625,4.0,2048,2048,512,2048,608,10542.93,11139.6,10708.47,0.2774
mixed,16,1,0.0625,4.0,2048,2048,1024,4096,1216,10805.586,10482.23,9757.017,
mixed,16,1,0.0625,4.0,2048,2048,2048,8192,2432,9244.088,10201.621,8687.897,-0.5809
mixed,16,1,0.0625,4.0,2048,2048,4096,16384,4864,9051.357,12974.471,9976.565,0.2358
mixed,16,1,0.0625,4.0,2048,4096,128,512,152,13048.907,14779.554,14414.117,0.7888
mixed,16,1,0.0625,4.0,2048,4096,256,1024,304,14418.981,12236.3,12101.774,
mixed,16,1,0.0625,4.0,2048,4096,512,2048,608,12144.657,12640.783,12250.505,0.2133
mixed,16,1,0.0625,4.0,2048,4096,1024,4096,1216,12344.62,13330.149,12583.851,0.2427
mixed,16,1,0.0625,4.0,2048,4096,2048,8192,2432,12775.275,14719.525,13162.346,0.1991
mixed,16,1,0.0625,4.0,2048,4096,4096,16384,4864,13569.607,17412.759,14519.684,0.2472
mixed,16,1,0.0625,4.0,2048,8192,128,512,152,20720.143,20797.449,20918.984,2.5721
mixed,16,1,0.0625,4.0,2048,8192,256,1024,304,20933.028,21142.671,20936.204,0.0151
mixed,16,1,0.0625,4.0,2048,8192,512,2048,608,20996.645,21469.857,21120.904,0.2626
mixed,16,1,0.0625,4.0,2048,8192,1024,4096,1216,21173.609,22221.796,21318.918,0.1386
mixed,16,1,0.0625,4.0,2048,8192,2048,8192,2432,21577.353,23518.043,22070.562,0.2541
mixed,16,1,0.0625,4.0,2048,8192,4096,16384,4864,22531.91,26467.697,23267.936,0.187
pure,16,2,0.125,4.0,0,0,128,512,176,94.688,215.199,147.84,0.4411
pure,16,2,0.125,4.0,0,0,256,1024,352,158.814,393.407,341.279,0.7778
pure,16,2,0.125,4.0,0,0,512,2048,704,345.406,879.483,636.478,0.545
pure,16,2,0.125,4.0,0,0,1024,4096,1408,631.39,1692.314,1209.626,0.545
pure,16,2,0.125,4.0,0,0,2048,8192,2816,1185.084,3325.491,2369.59,0.5534
pure,16,2,0.125,4.0,0,0,4096,16384,5632,2311.641,6575.14,4688.59,0.5575
mixed,16,2,0.125,4.0,16,0,128,512,176,142.879,285.823,220.896,0.5458
mixed,16,2,0.125,4.0,16,0,256,1024,352,221.567,492.477,365.823,0.5325
mixed,16,2,0.125,4.0,16,0,512,2048,704,367.072,900.668,654.271,0.5382
mixed,16,2,0.125,4.0,16,0,1024,4096,1408,646.365,1715.351,1231.003,0.5469
mixed,16,2,0.125,4.0,16,0,2048,8192,2816,1210.076,3345.042,2389.428,0.5524
mixed,16,2,0.125,4.0,16,0,4096,16384,5632,2326.1,6599.335,4705.07,0.5567
mixed,16,2,0.125,4.0,16,512,128,512,176,195.776,341.695,270.72,0.5136
mixed,16,2,0.125,4.0,16,512,256,1024,352,275.516,544.83,413.15,0.5111
mixed,16,2,0.125,4.0,16,512,512,2048,704,418.974,952.251,705.277,0.5369
mixed,16,2,0.125,4.0,16,512,1024,4096,1408,698.906,1774.837,1280.955,0.541
mixed,16,2,0.125,4.0,16,512,2048,8192,2816,1262.266,3401.138,2434.582,0.5481
mixed,16,2,0.125,4.0,16,512,4096,16384,5632,2386.932,6661.091,4759.722,0.5551
mixed,16,2,0.125,4.0,16,1024,128,512,176,217.214,362.652,294.015,0.5281
mixed,16,2,0.125,4.0,16,1024,256,1024,352,298.621,569.407,439.231,0.5193
mixed,16,2,0.125,4.0,16,1024,512,2048,704,440.191,978.012,728.892,0.5368
mixed,16,2,0.125,4.0,16,1024,1024,4096,1408,721.405,1792.312,1309.209,0.5489
mixed,16,2,0.125,4.0,16,1024,2048,8192,2816,1288.57,3420.369,2455.731,0.5475
mixed,16,2,0.125,4.0,16,1024,4096,16384,5632,2407.254,6672.517,4772.525,0.5545
mixed,16,2,0.125,4.0,16,2048,128,512,176,238.048,385.023,314.881,0.5228
mixed,16,2,0.125,4.0,16,2048,256,1024,352,319.807,592.126,462.207,0.5229
mixed,16,2,0.125,4.0,16,2048,512,2048,704,463.868,1000.572,753.247,0.5392
mixed,16,2,0.125,4.0,16,2048,1024,4096,1408,749.693,1811.384,1329.501,0.5461
mixed,16,2,0.125,4.0,16,2048,2048,8192,2816,1306.491,3443.923,2488.278,0.5529
mixed,16,2,0.125,4.0,16,2048,4096,16384,5632,2424.566,6689.252,4795.438,0.5559
mixed,16,2,0.125,4.0,16,4096,128,512,176,292.736,439.71,371.134,0.5334
mixed,16,2,0.125,4.0,16,4096,256,1024,352,375.326,643.099,515.485,0.5234
mixed,16,2,0.125,4.0,16,4096,512,2048,704,513.661,1054.78,805.405,0.5391
mixed,16,2,0.125,4.0,16,4096,1024,4096,1408,804.156,1863.126,1381.021,0.5447
mixed,16,2,0.125,4.0,16,4096,2048,8192,2816,1354.907,3494.548,2534.676,0.5514
mixed,16,2,0.125,4.0,16,4096,4096,16384,5632,2476.471,6731.906,4834.705,0.5542
mixed,16,2,0.125,4.0,16,8192,128,512,176,397.595,544.957,472.414,0.5077
mixed,16,2,0.125,4.0,16,8192,256,1024,352,482.013,747.835,619.006,0.5154
mixed,16,2,0.125,4.0,16,8192,512,2048,704,621.662,1154.652,909.692,0.5404
mixed,16,2,0.125,4.0,16,8192,1024,4096,1408,897.949,1965.754,1480.089,0.5452
mixed,16,2,0.125,4.0,16,8192,2048,8192,2816,1458.939,3596.561,2642.901,0.5539
mixed,16,2,0.125,4.0,16,8192,4096,16384,5632,2578.291,6833.126,4949.487,0.5573
mixed,16,2,0.125,4.0,32,0,128,512,176,179.488,324.48,254.624,0.5182
mixed,16,2,0.125,4.0,32,0,256,1024,352,260.383,531.229,402.302,0.524
mixed,16,2,0.125,4.0,32,0,512,2048,704,407.936,943.837,692.858,0.5317
mixed,16,2,0.125,4.0,32,0,1024,4096,1408,685.406,1748.219,1269.435,0.5495
mixed,16,2,0.125,4.0,32,0,2048,8192,2816,1239.866,3373.361,2430.228,0.5579
mixed,16,2,0.125,4.0,32,0,4096,16384,5632,2358.806,6626.724,4736.489,0.5571
mixed,16,2,0.125,4.0,32,512,128,512,176,241.6,384.415,312.992,0.4999
mixed,16,2,0.125,4.0,32,512,256,1024,352,317.437,593.887,459.615,0.5143
mixed,16,2,0.125,4.0,32,512,512,2048,704,467.04,1000.792,750.783,0.5316
mixed,16,2,0.125,4.0,32,512,1024,4096,1408,747.612,1814.552,1324.955,0.5411
mixed,16,2,0.125,4.0,32,512,2048,8192,2816,1304.22,3446.226,2484.567,0.551
mixed,16,2,0.125,4.0,32,512,4096,16384,5632,2428.376,6697.158,4800.716,0.5557
mixed,16,2,0.125,4.0,32,1024,128,512,176,306.878,449.214,383.073,0.5353
mixed,16,2,0.125,4.0,32,1024,256,1024,352,386.654,657.662,525.375,0.5119
mixed,16,2,0.125,4.0,32,1024,512,2048,704,528.99,1063.293,820.572,0.5457
mixed,16,2,0.125,4.0,32,1024,1024,4096,1408,808.029,1879.992,1396.828,0.5493
mixed,16,2,0.125,4.0,32,1024,2048,8192,2816,1373.943,3505.877,2549.299,0.5513
mixed,16,2,0.125,4.0,32,1024,4096,16384,5632,2495.191,6752.419,4865.644,0.5568
mixed,16,2,0.125,4.0,32,2048,128,512,176,344.637,488.412,419.104,0.5179
mixed,16,2,0.125,4.0,32,2048,256,1024,352,424.35,694.046,566.27,0.5262
mixed,16,2,0.125,4.0,32,2048,512,2048,704,566.239,1100.345,854.493,0.5397
mixed,16,2,0.125,4.0,32,2048,1024,4096,1408,847.228,1911.163,1429.851,0.5476
mixed,16,2,0.125,4.0,32,2048,2048,8192,2816,1405.721,3535.346,2588.12,0.5552
mixed,16,2,0.125,4.0,32,2048,4096,16384,5632,2518.551,6801.734,4896.17,0.5551
mixed,16,2,0.125,4.0,32,4096,128,512,176,452.669,593.596,528.864,0.5407
mixed,16,2,0.125,4.0,32,4096,256,1024,352,529.119,802.077,667.711,0.5077
mixed,16,2,0.125,4.0,32,4096,512,2048,704,675.037,1207.227,956.284,0.5285
mixed,16,2,0.125,4.0,32,4096,1024,4096,1408,955.352,2019.481,1538.33,0.5478
mixed,16,2,0.125,4.0,32,4096,2048,8192,2816,1511.93,3647.122,2686.839,0.5503
mixed,16,2,0.125,4.0,32,4096,4096,16384,5632,2625.044,6888.224,5004.331,0.5581
mixed,16,2,0.125,4.0,32,8192,128,512,176,663.55,806.589,736.639,0.511
mixed,16,2,0.125,4.0,32,8192,256,1024,352,737.789,1005.788,883.839,0.545
mixed,16,2,0.125,4.0,32,8192,512,2048,704,885.725,1412.986,1170.621,0.5403
mixed,16,2,0.125,4.0,32,8192,1024,4096,1408,1158.969,2225.754,1746.106,0.5504
mixed,16,2,0.125,4.0,32,8192,2048,8192,2816,1721.818,3857.936,2902.769,0.5528
mixed,16,2,0.125,4.0,32,8192,4096,16384,5632,2838.548,7090.817,5205.547,0.5566
mixed,16,2,0.125,4.0,64,0,128,512,176,187.04,331.903,262.431,0.5204
mixed,16,2,0.125,4.0,64,0,256,1024,352,266.784,543.581,409.47,0.5155
mixed,16,2,0.125,4.0,64,0,512,2048,704,411.04,945.595,701.949,0.5442
mixed,16,2,0.125,4.0,64,0,1024,4096,1408,693.469,1768.952,1274.714,0.5405
mixed,16,2,0.125,4.0,64,0,2048,8192,2816,1251.642,3393.907,2436.664,0.5532
mixed,16,2,0.125,4.0,64,0,4096,16384,5632,2376.79,6634.978,4738.25,0.5546
mixed,16,2,0.125,4.0,64,512,128,512,176,327.263,474.077,402.077,0.5096
mixed,16,2,0.125,4.0,64,512,256,1024,352,403.102,680.22,548.031,0.523
mixed,16,2,0.125,4.0,64,512,512,2048,704,551.326,1082.235,839.71,0.5432
mixed,16,2,0.125,4.0,64,512,1024,4096,1408,830.008,1893.079,1416.119,0.5513
mixed,16,2,0.125,4.0,64,512,2048,8192,2816,1387.738,3524.369,2574.678,0.5555
mixed,16,2,0.125,4.0,64,512,4096,16384,5632,2507.894,6783.81,4866.024,0.5515
mixed,16,2,0.125,4.0,64,1024,128,512,176,405.182,548.445,479.581,0.5193
mixed,16,2,0.125,4.0,64,1024,256,1024,352,484.03,753.885,623.55,0.517
mixed,16,2,0.125,4.0,64,1024,512,2048,704,628.893,1159.293,915.066,0.5395
mixed,16,2,0.125,4.0,64,1024,1024,4096,1408,908.316,1972.6,1491.864,0.5483
mixed,16,2,0.125,4.0,64,1024,2048,8192,2816,1470.586,3600.559,2643.187,0.5505
mixed,16,2,0.125,4.0,64,1024,4096,16384,5632,2586.775,6848.61,4952.012,0.555
mixed,16,2,0.125,4.0,64,2048,128,512,176,508.925,651.678,584.798,0.5315
mixed,16,2,0.125,4.0,64,2048,256,1024,352,582.749,855.902,728.03,0.5319
mixed,16,2,0.125,4.0,64,2048,512,2048,704,728.637,1260.54,1016.572,0.5413
mixed,16,2,0.125,4.0,64,2048,1024,4096,1408,1012.251,2073.562,1589.146,0.5436
mixed,16,2,0.125,4.0,64,2048,2048,8192,2816,1566.103,3702.096,2747.189,0.5529
mixed,16,2,0.125,4.0,64,2048,4096,16384,5632,2679.382,6951.332,5068.233,0.5592
mixed,16,2,0.125,4.0,64,4096,128,512,176,711.229,850.11,784.733,0.5293
mixed,16,2,0.125,4.0,64,4096,256,1024,352,785.087,1056.669,930.139,0.5341
mixed,16,2,0.125,4.0,64,4096,512,2048,704,925.755,1460.665,1219.322,0.5488
mixed,16,2,0.125,4.0,64,4096,1024,4096,1408,1213.245,2280.213,1793.174,0.5435
mixed,16,2,0.125,4.0,64,4096,2048,8192,2816,1768.793,3903.822,2952.245,0.5543
mixed,16,2,0.125,4.0,64,4096,4096,16384,5632,2886.003,7148.353,5261.867,0.5574
mixed,16,2,0.125,4.0,64,8192,128,512,176,1104.508,1246.297,1178.584,0.5224
mixed,16,2,0.125,4.0,64,8192,256,1024,352,1183.162,1451.289,1323.772,0.5244
mixed,16,2,0.125,4.0,64,8192,512,2048,704,1323.739,1856.697,1613.945,0.5445
mixed,16,2,0.125,4.0,64,8192,1024,4096,1408,1599.962,2668.757,2189.303,0.5514
mixed,16,2,0.125,4.0,64,8192,2048,8192,2816,2162.613,4298.252,3343.091,0.5528
mixed,16,2,0.125,4.0,64,8192,4096,16384,5632,3276.883,7560.445,5650.154,0.554
mixed,16,2,0.125,4.0,128,0,128,512,176,211.135,356.446,285.406,0.5111
mixed,16,2,0.125,4.0,128,0,256,1024,352,292.414,561.565,435.102,0.5301
mixed,16,2,0.125,4.0,128,0,512,2048,704,436.607,971.451,727.003,0.543
mixed,16,2,0.125,4.0,128,0,1024,4096,1408,719.356,1781.624,1302.586,0.549
mixed,16,2,0.125,4.0,128,0,2048,8192,2816,1274.875,3402.867,2449.363,0.5519
mixed,16,2,0.125,4.0,128,0,4096,16384,5632,2394.422,6653.826,4766.219,0.5568
mixed,16,2,0.125,4.0,128,512,128,512,176,454.208,594.909,530.526,0.5424
mixed,16,2,0.125,4.0,128,512,256,1024,352,530.047,802.588,673.023,0.5246
mixed,16,2,0.125,4.0,128,512,512,2048,704,673.149,1206.458,962.17,0.5419
mixed,16,2,0.125,4.0,128,512,1024,4096,1408,954.973,2023.927,1539.066,0.5464
mixed,16,2,0.125,4.0,128,512,2048,8192,2816,1514.906,3646.193,2687.955,0.5504
mixed,16,2,0.125,4.0,128,512,4096,16384,5632,2643.476,6893.926,5010.572,0.5569
mixed,16,2,0.125,4.0,128,1024,128,512,176,553.918,695.007,626.526,0.5146
mixed,16,2,0.125,4.0,128,1024,256,1024,352,628.733,900.348,771.997,0.5275
mixed,16,2,0.125,4.0,128,1024,512,2048,704,773.019,1302.236,1061.081,0.5443
mixed,16,2,0.125,4.0,128,1024,1024,4096,1408,1047.291,2117.813,1630.81,0.5451
mixed,16,2,0.125,4.0,128,1024,2048,8192,2816,1612.152,3749.457,2782.576,0.5476
mixed,16,2,0.125,4.0,128,1024,4096,16384,5632,2731.925,6978.018,5102.406,0.5583
mixed,16,2,0.125,4.0,128,2048,128,512,176,758.908,902.203,832.317,0.5123
mixed,16,2,0.125,4.0,128,2048,256,1024,352,831.036,1102.074,975.997,0.5348
mixed,16,2,0.125,4.0,128,2048,512,2048,704,973.978,1504.858,1262.267,0.543
mixed,16,2,0.125,4.0,128,2048,1024,4096,1408,1252.569,2317.975,1829.559,0.5416
mixed,16,2,0.125,4.0,128,2048,2048,8192,2816,1812.057,3947.473,2997.845,0.5553
mixed,16,2,0.125,4.0,128,2048,4096,16384,5632,2933.589,7200.932,5301.866,0.555
mixed,16,2,0.125,4.0,128,4096,128,512,176,1153.18,1294.234,1227.163,0.5245
mixed,16,2,0.125,4.0,128,4096,256,1024,352,1232.285,1499.258,1374.298,0.5319
mixed,16,2,0.125,4.0,128,4096,512,2048,704,1372.412,1903.739,1659.801,0.5409
mixed,16,2,0.125,4.0,128,4096,1024,4096,1408,1652.539,2724.564,2236.759,0.545
mixed,16,2,0.125,4.0,128,4096,2048,8192,2816,2211.832,4341.581,3388.368,0.5524
mixed,16,2,0.125,4.0,128,4096,4096,16384,5632,3328.244,7597.538,5699.657,0.5555
mixed,16,2,0.125,4.0,128,8192,128,512,176,1936.503,2083.447,2014.647,0.5318
mixed,16,2,0.125,4.0,128,8192,256,1024,352,2015.479,2284.501,2163.45,0.55
mixed,16,2,0.125,4.0,128,8192,512,2048,704,2157.334,2694.997,2448.277,0.5411
mixed,16,2,0.125,4.0,128,8192,1024,4096,1408,2433.395,3499.663,3021.586,0.5516
mixed,16,2,0.125,4.0,128,8192,2048,8192,2816,2993.906,5132.874,4179.025,0.5541
mixed,16,2,0.125,4.0,128,8192,4096,16384,5632,4117.71,8388.382,6493.894,0.5564
mixed,16,2,0.125,4.0,256,0,128,512,176,501.181,644.383,576.765,0.5278
mixed,16,2,0.125,4.0,256,0,256,1024,352,580.509,852.091,722.525,0.5229
mixed,16,2,0.125,4.0,256,0,512,2048,704,719.677,1253.69,1004.892,0.5341
mixed,16,2,0.125,4.0,256,0,1024,4096,1408,1000.346,2060.728,1587.576,0.5538
mixed,16,2,0.125,4.0,256,0,2048,8192,2816,1557.208,3687.63,2736.466,0.5535
mixed,16,2,0.125,4.0,256,0,4096,16384,5632,2679.315,6939.649,5046.57,0.5557
mixed,16,2,0.125,4.0,256,512,128,512,176,705.757,848.158,779.196,0.5157
mixed,16,2,0.125,4.0,256,512,256,1024,352,781.052,1051.418,924.86,0.5319
mixed,16,2,0.125,4.0,256,512,512,2048,704,922.747,1452.76,1208.41,0.539
mixed,16,2,0.125,4.0,256,512,1024,4096,1408,1198.265,2262.294,1786.393,0.5527
mixed,16,2,0.125,4.0,256,512,2048,8192,2816,1759.034,3888.207,2940.851,0.5551
mixed,16,2,0.125,4.0,256,512,4096,16384,5632,2870.324,7132.93,5241.768,0.5563
mixed,16,2,0.125,4.0,256,1024,128,512,176,902.846,1041.469,977.278,0.5369
mixed,16,2,0.125,4.0,256,1024,256,1024,352,977.916,1250.492,1120.7,0.5238
mixed,16,2,0.125,4.0,256,1024,512,2048,704,1121.244,1654.264,1404.088,0.5306
mixed,16,2,0.125,4.0,256,1024,1024,4096,1408,1398.778,2464.82,1985.273,0.5502
mixed,16,2,0.125,4.0,256,1024,2048,8192,2816,1954.744,4093.358,3140.979,0.5547
mixed,16,2,0.125,4.0,256,1024,4096,16384,5632,3073.46,7349.152,5434.212,0.5521
mixed,16,2,0.125,4.0,256,2048,128,512,176,1298.875,1441.816,1375.833,0.5384
mixed,16,2,0.125,4.0,256,2048,256,1024,352,1379.479,1648.282,1519.064,0.5193
mixed,16,2,0.125,4.0,256,2048,512,2048,704,1519.416,2049.461,1805.497,0.5397
mixed,16,2,0.125,4.0,256,2048,1024,4096,1408,1795.959,2861.872,2383.093,0.5508
mixed,16,2,0.125,4.0,256,2048,2048,8192,2816,2354.997,4487.531,3534.8,0.5532
mixed,16,2,0.125,4.0,256,2048,4096,16384,5632,3475.822,7745.502,5845.828,0.5551
mixed,16,2,0.125,4.0,256,4096,128,512,176,2086.648,2231.829,2168.755,0.5655
mixed,16,2,0.125,4.0,256,4096,256,1024,352,2163.096,2436.02,2308.565,0.533
mixed,16,2,0.125,4.0,256,4096,512,2048,704,2304.978,2839.667,2596.629,0.5455
mixed,16,2,0.125,4.0,256,4096,1024,4096,1408,2583.283,3650.736,3168.143,0.5479
mixed,16,2,0.125,4.0,256,4096,2048,8192,2816,3149.683,5279.782,4321.419,0.5501
mixed,16,2,0.125,4.0,256,4096,4096,16384,5632,4255.084,8523.927,6627.683,0.5558
mixed,16,2,0.125,4.0,256,8192,128,512,176,3673.392,3808.747,3747.631,0.5485
mixed,16,2,0.125,4.0,256,8192,256,1024,352,3749.743,4017.453,3886.19,0.5097
mixed,16,2,0.125,4.0,256,8192,512,2048,704,3888.909,4417.739,4181.229,0.5528
mixed,16,2,0.125,4.0,256,8192,1024,4096,1408,4172.712,5232.617,4751.623,0.5462
mixed,16,2,0.125,4.0,256,8192,2048,8192,2816,4734.988,6863.23,5907.653,0.551
mixed,16,2,0.125,4.0,256,8192,4096,16384,5632,5847.906,10110.101,8209.785,0.5541
mixed,16,2,0.125,4.0,512,0,128,512,176,582.428,724.766,655.165,0.511
mixed,16,2,0.125,4.0,512,0,256,1024,352,660.54,931.963,805.436,0.5338
mixed,16,2,0.125,4.0,512,0,512,2048,704,803.325,1338.746,1094.556,0.5439
mixed,16,2,0.125,4.0,512,0,1024,4096,1408,1080.378,2150.613,1667.162,0.5483
mixed,16,2,0.125,4.0,512,0,2048,8192,2816,1649.688,3779.153,2823.668,0.5513
mixed,16,2,0.125,4.0,512,0,4096,16384,5632,2751.956,7030.562,5128.395,0.5554
mixed,16,2,0.125,4.0,512,512,128,512,176,1004.893,1147.899,1080.219,0.5267
mixed,16,2,0.125,4.0,512,512,256,1024,352,1082.49,1355.452,1226.843,0.5288
mixed,16,2,0.125,4.0,512,512,512,2048,704,1226.428,1759.544,1519.834,0.5504
mixed,16,2,0.125,4.0,512,512,1024,4096,1408,1505.881,2573.461,2094.871,0.5517
mixed,16,2,0.125,4.0,512,512,2048,8192,2816,2066.391,4197.132,3243.441,0.5524
mixed,16,2,0.125,4.0,512,512,4096,16384,5632,3183.027,7442.75,5549.193,0.5555
mixed,16,2,0.125,4.0,512,1024,128,512,176,1398.617,1548.504,1475.292,0.5116
mixed,16,2,0.125,4.0,512,1024,256,1024,352,1481.337,1754.935,1621.4,0.5119
mixed,16,2,0.125,4.0,512,1024,512,2048,704,1622.585,2157.461,1906.903,0.5316
mixed,16,2,0.125,4.0,512,1024,1024,4096,1408,1900.312,2966.002,2490.996,0.5543
mixed,16,2,0.125,4.0,512,1024,2048,8192,2816,2462.455,4599.274,3648.623,0.5551
mixed,16,2,0.125,4.0,512,1024,4096,16384,5632,3579.186,7842.557,5946.441,0.5553
mixed,16,2,0.125,4.0,512,2048,128,512,176,2196.438,2340.823,2271.924,0.5228
mixed,16,2,0.125,4.0,512,2048,256,1024,352,2271.574,2544.117,2412.055,0.5154
mixed,16,2,0.125,4.0,512,2048,512,2048,704,2414.517,2951.347,2696.596,0.5255
mixed,16,2,0.125,4.0,512,2048,1024,4096,1408,2692.824,3759.82,3277.396,0.5479
mixed,16,2,0.125,4.0,512,2048,2048,8192,2816,3248.211,5378.345,4428.75,0.5542
mixed,16,2,0.125,4.0,512,2048,4096,16384,5632,4375.309,8638.233,6736.867,0.554
mixed,16,2,0.125,4.0,512,4096,128,512,176,3750.831,3915.121,3846.157,0.5802
mixed,16,2,0.125,4.0,512,4096,256,1024,352,3848.014,4106.381,4002.706,0.5987
mixed,16,2,0.125,4.0,512,4096,512,2048,704,3982.511,4507.757,4281.774,0.5698
mixed,16,2,0.125,4.0,512,4096,1024,4096,1408,4269.998,5347.977,4838.923,0.5278
mixed,16,2,0.125,4.0,512,4096,2048,8192,2816,4815.212,6976.26,6009.058,0.5524
mixed,16,2,0.125,4.0,512,4096,4096,16384,5632,5948.038,10211.217,8312.859,0.5547
mixed,16,2,0.125,4.0,512,8192,128,512,176,6953.797,7078.372,7008.29,0.4374
mixed,16,2,0.125,4.0,512,8192,256,1024,352,7016.578,7274.978,7159.808,0.5543
mixed,16,2,0.125,4.0,512,8192,512,2048,704,7159.011,7684.127,7445.853,0.5462
mixed,16,2,0.125,4.0,512,8192,1024,4096,1408,7430.559,8503.257,8019.738,0.5492
mixed,16,2,0.125,4.0,512,8192,2048,8192,2816,7975.934,10129.941,9172.857,0.5557
mixed,16,2,0.125,4.0,512,8192,4096,16384,5632,9128.759,13372.612,11501.448,0.5591
mixed,16,2,0.125,4.0,1024,0,128,512,176,1371.449,1517.785,1447.098,0.517
mixed,16,2,0.125,4.0,1024,0,256,1024,352,1453.178,1725.784,1591.449,0.5072
mixed,16,2,0.125,4.0,1024,0,512,2048,704,1594.011,2131.636,1886.935,0.5448
mixed,16,2,0.125,4.0,1024,0,1024,4096,1408,1878.038,2941.204,2459.157,0.5466
mixed,16,2,0.125,4.0,1024,0,2048,8192,2816,2432.821,4568.682,3622.481,0.557
mixed,16,2,0.125,4.0,1024,0,4096,16384,5632,3546.641,7815.066,5914.502,0.5547
mixed,16,2,0.125,4.0,1024,512,128,512,176,2232.341,2370.26,2298.358,0.4787
mixed,16,2,0.125,4.0,1024,512,256,1024,352,2301.687,2576.852,2441.46,0.508
mixed,16,2,0.125,4.0,1024,512,512,2048,704,2450.006,2983.571,2732.661,0.5297
mixed,16,2,0.125,4.0,1024,512,1024,4096,1408,2733.173,3807.662,3313.044,0.5397
mixed,16,2,0.125,4.0,1024,512,2048,8192,2816,3283.025,5426.569,4466.38,0.5521
mixed,16,2,0.125,4.0,1024,512,4096,16384,5632,4398.604,8672.699,6770.434,0.5549
mixed,16,2,0.125,4.0,1024,1024,128,512,176,3024.177,3174.515,3101.266,0.5128
mixed,16,2,0.125,4.0,1024,1024,256,1024,352,3109.394,3378.161,3249.618,0.5217
mixed,16,2,0.125,4.0,1024,1024,512,2048,704,3249.011,3788.304,3534.962,0.5302
mixed,16,2,0.125,4.0,1024,1024,1024,4096,1408,3537.009,4601.196,4117.039,0.545
mixed,16,2,0.125,4.0,1024,1024,2048,8192,2816,4088.014,6224.036,5268.202,0.5525
mixed,16,2,0.125,4.0,1024,1024,4096,16384,5632,5209.131,9467.833,7577.629,0.5562
mixed,16,2,0.125,4.0,1024,2048,128,512,176,4599.69,4736.427,4673.803,0.542
mixed,16,2,0.125,4.0,1024,2048,256,1024,352,4686.507,4958.185,4826.606,0.5157
mixed,16,2,0.125,4.0,1024,2048,512,2048,704,4829.292,5358.76,5111.337,0.5327
mixed,16,2,0.125,4.0,1024,2048,1024,4096,1408,5098.219,6188.356,5688.998,0.5419
mixed,16,2,0.125,4.0,1024,2048,2048,8192,2816,5666.31,7784.799,6849.893,0.5587
mixed,16,2,0.125,4.0,1024,2048,4096,16384,5632,6786.148,11070.157,9166.647,0.5557
mixed,16,2,0.125,4.0,1024,4096,128,512,176,7729.119,7882.685,7795.933,0.4351
mixed,16,2,0.125,4.0,1024,4096,256,1024,352,7807.166,8067.772,7968.7,0.6198
mixed,16,2,0.125,4.0,1024,4096,512,2048,704,7946.881,8479.835,8260.349,0.5882
mixed,16,2,0.125,4.0,1024,4096,1024,4096,1408,8225.243,9317.692,8805.818,0.5314
mixed,16,2,0.125,4.0,1024,4096,2048,8192,2816,9217.08,10911.409,9971.671,0.4454
mixed,16,2,0.125,4.0,1024,4096,4096,16384,5632,9927.797,14180.929,12300.266,0.5578
mixed,16,2,0.125,4.0,1024,8192,128,512,176,14070.687,14176.642,14084.576,0.1311
mixed,16,2,0.125,4.0,1024,8192,256,1024,352,14090.98,14386.5,14241.029,0.5077
mixed,16,2,0.125,4.0,1024,8192,512,2048,704,14211.559,14784.862,14525.663,0.5479
mixed,16,2,0.125,4.0,1024,8192,1024,4096,1408,14572.161,15595.963,15090.653,0.5064
mixed,16,2,0.125,4.0,1024,8192,2048,8192,2816,15094.585,17226.413,16296.636,0.5639
mixed,16,2,0.125,4.0,1024,8192,4096,16384,5632,16226.779,20438.313,18577.775,0.5582
mixed,16,2,0.125,4.0,2048,0,128,512,176,4029.198,4167.756,4098.83,0.5025
mixed,16,2,0.125,4.0,2048,0,256,1024,352,4107.151,3963.151,3671.95,
mixed,16,2,0.125,4.0,2048,0,512,2048,704,3352.657,3766.51,3521.36,0.4076
mixed,16,2,0.125,4.0,2048,0,1024,4096,1408,3543.184,4461.868,3930.062,0.4211
mixed,16,2,0.125,4.0,2048,0,2048,8192,2816,3976.559,5810.822,4849.738,0.476
mixed,16,2,0.125,4.0,2048,0,4096,16384,5632,4939.339,9055.03,7756.511,0.6845
mixed,16,2,0.125,4.0,2048,512,128,512,176,5658.854,5753.605,5182.186,-5.0307
mixed,16,2,0.125,4.0,2048,512,256,1024,352,4357.323,4596.811,4428.877,0.2988
mixed,16,2,0.125,4.0,2048,512,512,2048,704,4444.75,4905.098,4660.683,0.4691
mixed,16,2,0.125,4.0,2048,512,1024,4096,1408,5135.336,5538.922,5046.473,-0.2202
mixed,16,2,0.125,4.0,2048,512,2048,8192,2816,5111.53,6922.399,7082.497,1.0884
mixed,16,2,0.125,4.0,2048,512,4096,16384,5632,6613.026,10308.629,7533.569,0.2491
mixed,16,2,0.125,4.0,2048,1024,128,512,176,5175.434,5293.577,5224.681,0.4168
mixed,16,2,0.125,4.0,2048,1024,256,1024,352,5781.926,7587.871,7401.503,0.8968
mixed,16,2,0.125,4.0,2048,1024,512,2048,704,7408.898,7953.727,7369.762,-0.0718
mixed,16,2,0.125,4.0,2048,1024,1024,4096,1408,7362.527,8378.268,7922.237,0.551
mixed,16,2,0.125,4.0,2048,1024,2048,8192,2816,8296.764,10382.645,9433.813,0.5451
mixed,16,2,0.125,4.0,2048,1024,4096,16384,5632,9145.305,13290.153,8681.307,-0.1119
mixed,16,2,0.125,4.0,2048,2048,128,512,176,7455.775,7575.519,7507.743,0.434
mixed,16,2,0.125,4.0,2048,2048,256,1024,352,7518.274,8825.724,9792.567,1.7395
mixed,16,2,0.125,4.0,2048,2048,512,2048,704,10875.823,8897.978,7855.424,
mixed,16,2,0.125,4.0,2048,2048,1024,4096,1408,7897.151,8801.399,8292.156,0.4368
mixed,16,2,0.125,4.0,2048,2048,2048,8192,2816,8358.778,10178.483,9170.998,0.4463
mixed,16,2,0.125,4.0,2048,2048,4096,16384,5632,9317.653,12954.855,10966.164,0.4532
mixed,16,2,0.125,4.0,2048,4096,128,512,176,11966.25,12994.088,15778.361,3.7089
mixed,16,2,0.125,4.0,2048,4096,256,1024,352,16970.137,17089.65,12717.734,-35.5811
mixed,16,2,0.125,4.0,2048,4096,512,2048,704,12109.769,12631.529,12387.084,0.5315
mixed,16,2,0.125,4.0,2048,4096,1024,4096,1408,12354.569,13323.75,12805.638,0.4654
mixed,16,2,0.125,4.0,2048,4096,2048,8192,2816,12954.026,14656.225,13642.052,0.4042
mixed,16,2,0.125,4.0,2048,4096,4096,16384,5632,13893.956,17442.744,15438.431,0.4352
mixed,16,2,0.125,4.0,2048,8192,128,512,176,20781.673,20977.059,20722.054,-0.3051
mixed,16,2,0.125,4.0,2048,8192,256,1024,352,20865.189,21044.196,20956.388,0.5095
mixed,16,2,0.125,4.0,2048,8192,512,2048,704,20860.711,21472.228,21225.86,0.5971
mixed,16,2,0.125,4.0,2048,8192,1024,4096,1408,21143.521,22068.346,21517.922,0.4048
mixed,16,2,0.125,4.0,2048,8192,2048,8192,2816,21696.29,23570.361,22503.777,0.4309
mixed,16,2,0.125,4.0,2048,8192,4096,16384,5632,22601.723,32262.197,31845.237,0.9568
pure,16,3,0.1875,4.0,0,0,128,512,200,125.664,264.222,197.949,0.5217
pure,16,3,0.1875,4.0,0,0,256,1024,400,214.271,474.269,342.944,0.4949
pure,16,3,0.1875,4.0,0,0,512,2048,800,380.896,878.077,632.605,0.5063
pure,16,3,0.1875,4.0,0,0,1024,4096,1600,700.061,1688.41,1214.202,0.5202
pure,16,3,0.1875,4.0,0,0,2048,8192,3200,1340.601,3321.617,2373.015,0.5212
pure,16,3,0.1875,4.0,0,0,4096,16384,6400,2614.9,6575.141,4679.244,0.5213
mixed,16,3,0.1875,4.0,16,0,128,512,200,155.55,285.534,220.895,0.5027
mixed,16,3,0.1875,4.0,16,0,256,1024,400,235.838,494.206,362.047,0.4885
mixed,16,3,0.1875,4.0,16,0,512,2048,800,405.758,902.621,656.285,0.5042
mixed,16,3,0.1875,4.0,16,0,1024,4096,1600,722.782,1717.209,1233.785,0.5139
mixed,16,3,0.1875,4.0,16,0,2048,8192,3200,1357.308,3340.911,2395.124,0.5232
mixed,16,3,0.1875,4.0,16,0,4096,16384,6400,2628.276,6593.571,4723.724,0.5284
mixed,16,3,0.1875,4.0,16,512,128,512,200,208.317,340.221,275.326,0.508
mixed,16,3,0.1875,4.0,16,512,256,1024,400,287.55,545.629,416.415,0.4993
mixed,16,3,0.1875,4.0,16,512,512,2048,800,455.518,951.196,708.285,0.5099
mixed,16,3,0.1875,4.0,16,512,1024,4096,1600,775.038,1769.336,1288.922,0.5168
mixed,16,3,0.1875,4.0,16,512,2048,8192,3200,1416.505,3389.265,2442.967,0.5203
mixed,16,3,0.1875,4.0,16,512,4096,16384,6400,2689.652,6650.177,4756.27,0.5218
mixed,16,3,0.1875,4.0,16,1024,128,512,200,232.447,366.014,296.32,0.4782
mixed,16,3,0.1875,4.0,16,1024,256,1024,400,310.495,570.206,440.512,0.5006
mixed,16,3,0.1875,4.0,16,1024,512,2048,800,476.863,976.379,731.837,0.5104
mixed,16,3,0.1875,4.0,16,1024,1024,4096,1600,797.119,1787.608,1304.475,0.5122
mixed,16,3,0.1875,4.0,16,1024,2048,8192,3200,1435.994,3421.135,2461.3,0.5165
mixed,16,3,0.1875,4.0,16,1024,4096,16384,6400,2716.691,6677.381,4788.27,0.523
mixed,16,3,0.1875,4.0,16,2048,128,512,200,252.545,385.309,313.663,0.4604
mixed,16,3,0.1875,4.0,16,2048,256,1024,400,333.887,588.316,461.246,0.5006
mixed,16,3,0.1875,4.0,16,2048,512,2048,800,504.38,997.213,756.093,0.5107
mixed,16,3,0.1875,4.0,16,2048,1024,4096,1600,818.939,1812.631,1328.794,0.5131
mixed,16,3,0.1875,4.0,16,2048,2048,8192,3200,1457.081,3433.872,2487.732,0.5214
mixed,16,3,0.1875,4.0,16,2048,4096,16384,6400,2729.298,6673.478,4809.703,0.5275
mixed,16,3,0.1875,4.0,16,4096,128,512,200,308.638,437.756,369.182,0.4689
mixed,16,3,0.1875,4.0,16,4096,256,1024,400,390.561,643.229,518.046,0.5046
mixed,16,3,0.1875,4.0,16,4096,512,2048,800,555.775,1050.844,806.588,0.5066
mixed,16,3,0.1875,4.0,16,4096,1024,4096,1600,877.149,1862.552,1382.297,0.5126
mixed,16,3,0.1875,4.0,16,4096,2048,8192,3200,1507.542,3489.521,2547.923,0.5249
mixed,16,3,0.1875,4.0,16,4096,4096,16384,6400,2784.565,6743.489,4864.301,0.5253
mixed,16,3,0.1875,4.0,16,8192,128,512,200,412.734,543.262,474.75,0.4751
mixed,16,3,0.1875,4.0,16,8192,256,1024,400,494.558,748.86,616.128,0.4781
mixed,16,3,0.1875,4.0,16,8192,512,2048,800,656.989,1153.818,916.7,0.5227
mixed,16,3,0.1875,4.0,16,8192,1024,4096,1600,978.492,1968.568,1486.33,0.5129
mixed,16,3,0.1875,4.0,16,8192,2048,8192,3200,1610.838,3594.514,2647.221,0.5225
mixed,16,3,0.1875,4.0,16,8192,4096,16384,6400,2887.761,6834.757,4960.166,0.5251
mixed,16,3,0.1875,4.0,32,0,128,512,200,194.367,324.543,255.264,0.4678
mixed,16,3,0.1875,4.0,32,0,256,1024,400,273.501,534.3,403.069,0.4968
mixed,16,3,0.1875,4.0,32,0,512,2048,800,445.276,938.844,692.251,0.5004
mixed,16,3,0.1875,4.0,32,0,1024,4096,1600,757.404,1758.455,1270.874,0.5129
mixed,16,3,0.1875,4.0,32,0,2048,8192,3200,1395.547,3378.61,2433.556,0.5234
mixed,16,3,0.1875,4.0,32,0,4096,16384,6400,2665.971,6635.203,4741.323,0.5229
mixed,16,3,0.1875,4.0,32,512,128,512,200,252.737,385.151,316.702,0.4831
mixed,16,3,0.1875,4.0,32,512,256,1024,400,334.847,595.165,464.701,0.4988
mixed,16,3,0.1875,4.0,32,512,512,2048,800,502.014,999.867,753.373,0.5049
mixed,16,3,0.1875,4.0,32,512,1024,4096,1600,821.244,1812.633,1335.323,0.5185
mixed,16,3,0.1875,4.0,32,512,2048,8192,3200,1455.321,3430.64,2492.375,0.525
mixed,16,3,0.1875,4.0,32,512,4096,16384,6400,2725.526,6692.29,4804.014,0.524
mixed,16,3,0.1875,4.0,32,1024,128,512,200,323.551,453.47,382.015,0.45
mixed,16,3,0.1875,4.0,32,1024,256,1024,400,399.166,657.275,533.086,0.5189
mixed,16,3,0.1875,4.0,32,1024,512,2048,800,567.197,1066.142,817.501,0.5017
mixed,16,3,0.1875,4.0,32,1024,1024,4096,1600,888.187,1875.962,1402.232,0.5204
mixed,16,3,0.1875,4.0,32,1024,2048,8192,3200,1520.024,3503.857,2547.315,0.5178
mixed,16,3,0.1875,4.0,32,1024,4096,16384,6400,2791.03,6772.675,4872.205,0.5227
mixed,16,3,0.1875,4.0,32,2048,128,512,200,357.822,489.021,418.91,0.4656
mixed,16,3,0.1875,4.0,32,2048,256,1024,400,434.561,696.251,567.451,0.5078
mixed,16,3,0.1875,4.0,32,2048,512,2048,800,602.047,1100.734,856.444,0.5101
mixed,16,3,0.1875,4.0,32,2048,1024,4096,1600,928.188,1910.613,1434.169,0.515
mixed,16,3,0.1875,4.0,32,2048,2048,8192,3200,1560.186,3542.29,2587.412,0.5183
mixed,16,3,0.1875,4.0,32,2048,4096,16384,6400,2826.74,6788.934,4913.737,0.5267
mixed,16,3,0.1875,4.0,32,4096,128,512,200,466.397,598.365,529.116,0.4753
mixed,16,3,0.1875,4.0,32,4096,256,1024,400,544.349,802.973,674.334,0.5026
mixed,16,3,0.1875,4.0,32,4096,512,2048,800,707.101,1211.227,966.877,0.5153
mixed,16,3,0.1875,4.0,32,4096,1024,4096,1600,1027.487,2017.717,1536.635,0.5142
mixed,16,3,0.1875,4.0,32,4096,2048,8192,3200,1661.336,3643.761,2694.034,0.5209
mixed,16,3,0.1875,4.0,32,4096,4096,16384,6400,2935.731,6911.138,5011.878,0.5222
mixed,16,3,0.1875,4.0,32,8192,128,512,200,675.1,806.109,736.477,0.4685
mixed,16,3,0.1875,4.0,32,8192,256,1024,400,753.852,1009.53,882.623,0.5036
mixed,16,3,0.1875,4.0,32,8192,512,2048,800,920.412,1413.657,1169.948,0.5059
mixed,16,3,0.1875,4.0,32,8192,1024,4096,1600,1236.474,2230.614,1742.711,0.5092
mixed,16,3,0.1875,4.0,32,8192,2048,8192,3200,1870.135,3853.87,2901.715,0.52
mixed,16,3,0.1875,4.0,32,8192,4096,16384,6400,3140.692,7088.062,5223.173,0.5276
mixed,16,3,0.1875,4.0,64,0,128,512,200,204.064,331.711,264.319,0.472
mixed,16,3,0.1875,4.0,64,0,256,1024,400,281.791,540.318,412.158,0.5043
mixed,16,3,0.1875,4.0,64,0,512,2048,800,452.67,955.227,702.525,0.4972
mixed,16,3,0.1875,4.0,64,0,1024,4096,1600,770.365,1760.569,1280.953,0.5156
mixed,16,3,0.1875,4.0,64,0,2048,8192,3200,1407.836,3388.752,2434.325,0.5182
mixed,16,3,0.1875,4.0,64,0,4096,16384,6400,2671.539,6631.937,4746.283,0.5239
mixed,16,3,0.1875,4.0,64,512,128,512,200,339.807,473.023,403.584,0.4787
mixed,16,3,0.1875,4.0,64,512,256,1024,400,421.628,679.357,548.636,0.4928
mixed,16,3,0.1875,4.0,64,512,512,2048,800,587.486,1084.667,837.563,0.503
mixed,16,3,0.1875,4.0,64,512,1024,4096,1600,903.324,1901.269,1418.17,0.5159
mixed,16,3,0.1875,4.0,64,512,2048,8192,3200,1538.264,3521.618,2569.777,0.5201
mixed,16,3,0.1875,4.0,64,512,4096,16384,6400,2819.026,6773.503,4888.14,0.5232
mixed,16,3,0.1875,4.0,64,1024,128,512,200,417.375,547.646,480.123,0.4817
mixed,16,3,0.1875,4.0,64,1024,256,1024,400,496.381,751.613,625.405,0.5055
mixed,16,3,0.1875,4.0,64,1024,512,2048,800,662.749,1161.498,916.317,0.5084
mixed,16,3,0.1875,4.0,64,1024,1024,4096,1600,981.052,1969.526,1494.68,0.5196
mixed,16,3,0.1875,4.0,64,1024,2048,8192,3200,1616.663,3601.327,2651.093,0.5212
mixed,16,3,0.1875,4.0,64,1024,4096,16384,6400,2887.925,6844.77,4965.575,0.5251
mixed,16,3,0.1875,4.0,64,2048,128,512,200,519.868,651.197,584.733,0.4939
mixed,16,3,0.1875,4.0,64,2048,256,1024,400,601.181,853.434,727.996,0.5027
mixed,16,3,0.1875,4.0,64,2048,512,2048,800,766.267,1263.931,1016.893,0.5036
mixed,16,3,0.1875,4.0,64,2048,1024,4096,1600,1086.716,2070.297,1598.073,0.5199
mixed,16,3,0.1875,4.0,64,2048,2048,8192,3200,1719.802,3695.792,2752.34,0.5225
mixed,16,3,0.1875,4.0,64,2048,4096,16384,6400,2992.912,6960.669,5060.394,0.5211
mixed,16,3,0.1875,4.0,64,4096,128,512,200,719.453,853.694,787.389,0.5061
mixed,16,3,0.1875,4.0,64,4096,256,1024,400,799.998,1058.713,931.292,0.5075
mixed,16,3,0.1875,4.0,64,4096,512,2048,800,965.338,1461.817,1221.818,0.5166
mixed,16,3,0.1875,4.0,64,4096,1024,4096,1600,1288.475,2270.518,1790.999,0.5117
mixed,16,3,0.1875,4.0,64,4096,2048,8192,3200,1914.295,3895.951,2948.051,0.5217
mixed,16,3,0.1875,4.0,64,4096,4096,16384,6400,3178.865,7139.811,5252.906,0.5236
mixed,16,3,0.1875,4.0,64,8192,128,512,200,1117.594,1243.866,1176.923,0.4699
mixed,16,3,0.1875,4.0,64,8192,256,1024,400,1194.203,1452.792,1323.193,0.4988
mixed,16,3,0.1875,4.0,64,8192,512,2048,800,1358.076,1855.416,1611.925,0.5104
mixed,16,3,0.1875,4.0,64,8192,1024,4096,1600,1678.902,2672.566,2191.125,0.5155
mixed,16,3,0.1875,4.0,64,8192,2048,8192,3200,2313.109,4290.988,3345.712,0.5221
mixed,16,3,0.1875,4.0,64,8192,4096,16384,6400,3579.667,7542.143,5654.406,0.5236
mixed,16,3,0.1875,4.0,128,0,128,512,200,224.608,357.408,287.902,0.4766
mixed,16,3,0.1875,4.0,128,0,256,1024,400,306.527,561.02,436.19,0.5095
mixed,16,3,0.1875,4.0,128,0,512,2048,800,470.878,973.436,720.093,0.4959
mixed,16,3,0.1875,4.0,128,0,1024,4096,1600,789.244,1777.273,1301.816,0.5188
mixed,16,3,0.1875,4.0,128,0,2048,8192,3200,1420.728,3408.368,2462.612,0.5242
mixed,16,3,0.1875,4.0,128,0,4096,16384,6400,2698.229,6654.278,4772.84,0.5244
mixed,16,3,0.1875,4.0,128,512,128,512,200,464.764,595.71,527.517,0.4792
mixed,16,3,0.1875,4.0,128,512,256,1024,400,546.589,797.181,673.757,0.5075
mixed,16,3,0.1875,4.0,128,512,512,2048,800,709.726,1206.043,962.844,0.51
mixed,16,3,0.1875,4.0,128,512,1024,4096,1600,1027.738,2014.997,1541.402,0.5203
mixed,16,3,0.1875,4.0,128,512,2048,8192,3200,1663.257,3645.102,2694.964,0.5206
mixed,16,3,0.1875,4.0,128,512,4096,16384,6400,2929.94,6886.179,5005.83,0.5247
mixed,16,3,0.1875,4.0,128,1024,128,512,200,565.053,695.643,626.781,0.4727
mixed,16,3,0.1875,4.0,128,1024,256,1024,400,644.348,903.261,771.997,0.493
mixed,16,3,0.1875,4.0,128,1024,512,2048,800,809.213,1305.339,1060.186,0.5059
mixed,16,3,0.1875,4.0,128,1024,1024,4096,1600,1128.186,2118.968,1636.568,0.5131
mixed,16,3,0.1875,4.0,128,1024,2048,8192,3200,1764.248,3744.463,2792.146,0.5191
mixed,16,3,0.1875,4.0,128,1024,4096,16384,6400,3028.532,6976.258,5115.562,0.5287
mixed,16,3,0.1875,4.0,128,2048,128,512,200,770.781,897.563,829.245,0.4611
mixed,16,3,0.1875,4.0,128,2048,256,1024,400,846.812,1099.29,975.932,0.5114
mixed,16,3,0.1875,4.0,128,2048,512,2048,800,1010.555,1510.135,1268.186,0.5157
mixed,16,3,0.1875,4.0,128,2048,1024,4096,1600,1330.171,2321.172,1838.584,0.513
mixed,16,3,0.1875,4.0,128,2048,2048,8192,3200,1965.302,3946.35,2989.042,0.5168
mixed,16,3,0.1875,4.0,128,2048,4096,16384,6400,3234.705,7184.162,5305.547,0.5243
mixed,16,3,0.1875,4.0,128,4096,128,512,200,1167.419,1297.434,1228.22,0.4676
mixed,16,3,0.1875,4.0,128,4096,256,1024,400,1240.986,1499.194,1373.883,0.5147
mixed,16,3,0.1875,4.0,128,4096,512,2048,800,1409.946,1904.888,1659.641,0.5045
mixed,16,3,0.1875,4.0,128,4096,1024,4096,1600,1728.023,2716.083,2239.19,0.5173
mixed,16,3,0.1875,4.0,128,4096,2048,8192,3200,2362.487,4338.669,3390.547,0.5202
mixed,16,3,0.1875,4.0,128,4096,4096,16384,6400,3630.992,7584.639,5690.632,0.5209
mixed,16,3,0.1875,4.0,128,8192,128,512,200,1952.088,2082.197,2013.11,0.469
mixed,16,3,0.1875,4.0,128,8192,256,1024,400,2027.64,2284.053,2160.727,0.519
mixed,16,3,0.1875,4.0,128,8192,512,2048,800,2196.951,2689.524,2448.981,0.5117
mixed,16,3,0.1875,4.0,128,8192,1024,4096,1600,2513.75,3498.703,3029.814,0.5239
mixed,16,3,0.1875,4.0,128,8192,2048,8192,3200,3148.468,5132.037,4181.291,0.5207
mixed,16,3,0.1875,4.0,128,8192,4096,16384,6400,4413.547,8365.945,6493.412,0.5262
mixed,16,3,0.1875,4.0,256,0,128,512,200,513.76,641.95,575.933,0.485
mixed,16,3,0.1875,4.0,256,0,256,1024,400,594.236,848.572,720.029,0.4946
mixed,16,3,0.1875,4.0,256,0,512,2048,800,758.012,1248.445,1009.724,0.5132
mixed,16,3,0.1875,4.0,256,0,1024,4096,1600,1075.774,2062.388,1587.733,0.5189
mixed,16,3,0.1875,4.0,256,0,2048,8192,3200,1708.024,3690.031,2742.834,0.5221
mixed,16,3,0.1875,4.0,256,0,4096,16384,6400,2978.514,6934.529,5049.483,0.5235
mixed,16,3,0.1875,4.0,256,512,128,512,200,714.399,845.372,777.084,0.4786
mixed,16,3,0.1875,4.0,256,512,256,1024,400,793.595,1049.019,922.941,0.5064
mixed,16,3,0.1875,4.0,256,512,512,2048,800,958.397,1455.768,1209.562,0.505
mixed,16,3,0.1875,4.0,256,512,1024,4096,1600,1274.17,2271.635,1789.434,0.5166
mixed,16,3,0.1875,4.0,256,512,2048,8192,3200,1908.634,3885.072,2936.401,0.52
mixed,16,3,0.1875,4.0,256,512,4096,16384,6400,3177.618,7128.639,5258.985,0.5268
mixed,16,3,0.1875,4.0,256,1024,128,512,200,915.58,1046.3,977.79,0.4759
mixed,16,3,0.1875,4.0,256,1024,256,1024,400,991.165,1249.37,1122.648,0.5092
mixed,16,3,0.1875,4.0,256,1024,512,2048,800,1156.795,1651.929,1408.506,0.5084
mixed,16,3,0.1875,4.0,256,1024,1024,4096,1600,1472.73,2458.966,1976.539,0.5108
mixed,16,3,0.1875,4.0,256,1024,2048,8192,3200,2105.174,4092.622,3144.436,0.5229
mixed,16,3,0.1875,4.0,256,1024,4096,16384,6400,3383.409,7335.52,5447.4,0.5223
mixed,16,3,0.1875,4.0,256,2048,128,512,200,1308.731,1440.377,1374.874,0.5024
mixed,16,3,0.1875,4.0,256,2048,256,1024,400,1390.012,1648.857,1516.601,0.4891
mixed,16,3,0.1875,4.0,256,2048,512,2048,800,1552.184,2048.311,1806.713,0.513
mixed,16,3,0.1875,4.0,256,2048,1024,4096,1600,1873.335,2863.923,2377.975,0.5094
mixed,16,3,0.1875,4.0,256,2048,2048,8192,3200,2504.566,4484.585,3537.008,0.5214
mixed,16,3,0.1875,4.0,256,2048,4096,16384,6400,3778.126,7728.638,5856.871,0.5262
mixed,16,3,0.1875,4.0,256,4096,128,512,200,2101.975,2230.677,2167.83,0.5117
mixed,16,3,0.1875,4.0,256,4096,256,1024,400,2175.287,2434.068,2307.063,0.5092
mixed,16,3,0.1875,4.0,256,4096,512,2048,800,2343.765,2835.859,2593.907,0.5083
mixed,16,3,0.1875,4.0,256,4096,1024,4096,1600,2659.892,3652.559,3167.953,0.5118
mixed,16,3,0.1875,4.0,256,4096,2048,8192,3200,3293.361,5270.15,4329.742,0.5243
mixed,16,3,0.1875,4.0,256,4096,4096,16384,6400,4569.928,8509.978,6647.584,0.5273
mixed,16,3,0.1875,4.0,256,8192,128,512,200,3679.697,3815.088,3742.258,0.4621
mixed,16,3,0.1875,4.0,256,8192,256,1024,400,3761.102,4011.695,3889.582,0.5127
mixed,16,3,0.1875,4.0,256,8192,512,2048,800,3920.875,4420.398,4178.96,0.5167
mixed,16,3,0.1875,4.0,256,8192,1024,4096,1600,4237.036,5220.329,4743.784,0.5154
mixed,16,3,0.1875,4.0,256,8192,2048,8192,3200,4876.839,6857.151,5904.456,0.5189
mixed,16,3,0.1875,4.0,256,8192,4096,16384,6400,6142.695,10092.718,8216.895,0.5251
mixed,16,3,0.1875,4.0,512,0,128,512,200,595.773,721.79,656.638,0.483
mixed,16,3,0.1875,4.0,512,0,256,1024,400,674.078,928.668,801.757,0.5015
mixed,16,3,0.1875,4.0,512,0,512,2048,800,835.869,1336.186,1092.891,0.5137
mixed,16,3,0.1875,4.0,512,0,1024,4096,1600,1156.892,2151.189,1668.665,0.5147
mixed,16,3,0.1875,4.0,512,0,2048,8192,3200,1789.751,3772.91,2824.657,0.5218
mixed,16,3,0.1875,4.0,512,0,4096,16384,6400,3059.632,7024.45,5140.009,0.5247
mixed,16,3,0.1875,4.0,512,512,128,512,200,1018.782,1150.396,1079.227,0.4593
mixed,16,3,0.1875,4.0,512,512,256,1024,400,1099.067,1351.483,1228.603,0.5132
mixed,16,3,0.1875,4.0,512,512,512,2048,800,1263.802,1758.999,1512.25,0.5017
mixed,16,3,0.1875,4.0,512,512,1024,4096,1600,1584.823,2568.438,2092.183,0.5158
mixed,16,3,0.1875,4.0,512,512,2048,8192,3200,2216.502,4187.18,3240.369,0.5196
mixed,16,3,0.1875,4.0,512,512,4096,16384,6400,3482.961,7439.776,5553.192,0.5232
mixed,16,3,0.1875,4.0,512,1024,128,512,200,1416.858,1547.161,1478.55,0.4735
mixed,16,3,0.1875,4.0,512,1024,256,1024,400,1495.671,1750.808,1619.193,0.4841
mixed,16,3,0.1875,4.0,512,1024,512,2048,800,1663.32,2152.662,1912.023,0.5082
mixed,16,3,0.1875,4.0,512,1024,1024,4096,1600,1977.207,2967.156,2491.7,0.5197
mixed,16,3,0.1875,4.0,512,1024,2048,8192,3200,2616.213,4586.251,3648.561,0.524
mixed,16,3,0.1875,4.0,512,1024,4096,16384,6400,3881.74,7833.946,5969.416,0.5282
mixed,16,3,0.1875,4.0,512,2048,128,512,200,2209.431,2337.973,2271.414,0.4822
mixed,16,3,0.1875,4.0,512,2048,256,1024,400,2286.71,2543.671,2416.532,0.5052
mixed,16,3,0.1875,4.0,512,2048,512,2048,800,2452.403,2947.793,2702.898,0.5057
mixed,16,3,0.1875,4.0,512,2048,1024,4096,1600,2771.378,3761.616,3283.474,0.5171
mixed,16,3,0.1875,4.0,512,2048,2048,8192,3200,3405.554,5383.174,4431.565,0.5188
mixed,16,3,0.1875,4.0,512,2048,4096,16384,6400,4677.452,8639.129,6744.545,0.5218
mixed,16,3,0.1875,4.0,512,4096,128,512,200,3796.301,3919.021,3844.21,0.3904
mixed,16,3,0.1875,4.0,512,4096,256,1024,400,3869.422,4129.387,3997.392,0.4923
mixed,16,3,0.1875,4.0,512,4096,512,2048,800,4025.228,4530.058,4272.045,0.4889
mixed,16,3,0.1875,4.0,512,4096,1024,4096,1600,4331.819,5337.703,4869.163,0.5342
mixed,16,3,0.1875,4.0,512,4096,2048,8192,3200,4980.328,6947.585,6012.866,0.5249
mixed,16,3,0.1875,4.0,512,4096,4096,16384,6400,6248.772,10206.35,8316.443,0.5225
mixed,16,3,0.1875,4.0,512,8192,128,512,200,6948.388,7061.247,7012.194,0.5654
mixed,16,3,0.1875,4.0,512,8192,256,1024,400,7035.746,7282.685,7155.489,0.4849
mixed,16,3,0.1875,4.0,512,8192,512,2048,800,7182.943,7683.453,7461.244,0.556
mixed,16,3,0.1875,4.0,512,8192,1024,4096,1600,7517.953,8497.241,8020.252,0.5129
mixed,16,3,0.1875,4.0,512,8192,2048,8192,3200,8150.233,10094.993,9195.224,0.5373
mixed,16,3,0.1875,4.0,512,8192,4096,16384,6400,9400.378,13369.472,11484.139,0.525
mixed,16,3,0.1875,4.0,1024,0,128,512,200,1389.338,1517.433,1447.77,0.4562
mixed,16,3,0.1875,4.0,1024,0,256,1024,400,1464.602,1723.449,1597.463,0.5133
mixed,16,3,0.1875,4.0,1024,0,512,2048,800,1633.687,2125.206,1881.334,0.5038
mixed,16,3,0.1875,4.0,1024,0,1024,4096,1600,1949.849,2939.956,2465.333,0.5206
mixed,16,3,0.1875,4.0,1024,0,2048,8192,3200,2580.181,4561.771,3611.089,0.5202
mixed,16,3,0.1875,4.0,1024,0,4096,16384,6400,3853.775,7813.44,5926.856,0.5235
mixed,16,3,0.1875,4.0,1024,512,128,512,200,2238.965,2372.563,2303.701,0.4846
mixed,16,3,0.1875,4.0,1024,512,256,1024,400,2318.998,2576.884,2446.901,0.496
mixed,16,3,0.1875,4.0,1024,512,512,2048,800,2483.316,2983.7,2732.562,0.4981
mixed,16,3,0.1875,4.0,1024,512,1024,4096,1600,2803.156,3796.847,3310.897,0.511
mixed,16,3,0.1875,4.0,1024,512,2048,8192,3200,3448.656,5410.695,4476.491,0.5239
mixed,16,3,0.1875,4.0,1024,512,4096,16384,6400,4707.627,8658.681,6772.962,0.5227
mixed,16,3,0.1875,4.0,1024,1024,128,512,200,3039.06,3174.611,3104.66,0.484
mixed,16,3,0.1875,4.0,1024,1024,256,1024,400,3125.81,3378.321,3248.72,0.4868
mixed,16,3,0.1875,4.0,1024,1024,512,2048,800,3287.568,3786.19,3541.65,0.5096
mixed,16,3,0.1875,4.0,1024,1024,1024,4096,1600,3605.104,4596.97,4117.838,0.5169
mixed,16,3,0.1875,4.0,1024,1024,2048,8192,3200,4237.488,6222.949,5272.935,0.5215
mixed,16,3,0.1875,4.0,1024,1024,4096,16384,6400,5513.896,9465.59,7585.277,0.5242
mixed,16,3,0.1875,4.0,1024,2048,128,512,200,4614.507,4744.043,4676.554,0.479
mixed,16,3,0.1875,4.0,1024,2048,256,1024,400,4696.587,4949.772,4819.304,0.4847
mixed,16,3,0.1875,4.0,1024,2048,512,2048,800,4862.603,5355.88,5110.699,0.503
mixed,16,3,0.1875,4.0,1024,2048,1024,4096,1600,5179.851,6166.114,5687.044,0.5143
mixed,16,3,0.1875,4.0,1024,2048,2048,8192,3200,5816.357,7796.764,6854.783,0.5243
mixed,16,3,0.1875,4.0,1024,2048,4096,16384,6400,7067.967,11041.45,9157.271,0.5258
mixed,16,3,0.1875,4.0,1024,4096,128,512,200,7734.815,7865.691,7803.772,0.5269
mixed,16,3,0.1875,4.0,1024,4096,256,1024,400,7829.05,8090.876,7965.309,0.5204
mixed,16,3,0.1875,4.0,1024,4096,512,2048,800,8005.467,8485.242,8247.071,0.5036
mixed,16,3,0.1875,4.0,1024,4096,1024,4096,1600,8297.403,9300.02,8803.354,0.5046
mixed,16,3,0.1875,4.0,1024,4096,2048,8192,3200,8934.326,10908.564,9955.092,0.517
mixed,16,3,0.1875,4.0,1024,4096,4096,16384,6400,10189.649,14192.219,12273.093,0.5205
mixed,16,3,0.1875,4.0,1024,8192,128,512,200,14033.889,14139.937,14063.008,0.2746
mixed,16,3,0.1875,4.0,1024,8192,256,1024,400,14104.38,14376.992,14242.208,0.5056
mixed,16,3,0.1875,4.0,1024,8192,512,2048,800,14269.118,14746.875,14535.81,0.5582
mixed,16,3,0.1875,4.0,1024,8192,1024,4096,1600,14610.878,15591.736,15110.43,0.5093
mixed,16,3,0.1875,4.0,1024,8192,2048,8192,3200,15249.438,17209.106,16267.77,0.5196
mixed,16,3,0.1875,4.0,1024,8192,4096,16384,6400,16491.448,20448.353,17567.888,0.272
mixed,16,3,0.1875,4.0,2048,0,128,512,200,3833.165,3344.239,3201.522,
mixed,16,3,0.1875,4.0,2048,0,256,1024,400,3219.313,3442.257,3320.657,0.4546
mixed,16,3,0.1875,4.0,2048,0,512,2048,800,3685.296,3767.183,3523.634,-1.9742
mixed,16,3,0.1875,4.0,2048,0,1024,4096,1600,3610.991,4461.836,3992.367,0.4482
mixed,16,3,0.1875,4.0,2048,0,2048,8192,3200,4415.051,5853.925,4768.747,0.2458
mixed,16,3,0.1875,4.0,2048,0,4096,16384,6400,5126.791,8515.097,6448.163,0.39
mixed,16,3,0.1875,4.0,2048,512,128,512,200,4088.015,4168.941,4104.302,0.2013
mixed,16,3,0.1875,4.0,2048,512,256,1024,400,4646.347,5315.174,4735.563,0.1334
mixed,16,3,0.1875,4.0,2048,512,512,2048,800,4768.971,5018.727,4776.425,0.0298
mixed,16,3,0.1875,4.0,2048,512,1024,4096,1600,4721.003,5571.528,5022.602,0.3546
mixed,16,3,0.1875,4.0,2048,512,2048,8192,3200,5200.456,6891.779,5928.581,0.4305
mixed,16,3,0.1875,4.0,2048,512,4096,16384,6400,6592.036,12305.861,10168.306,0.6259
mixed,16,3,0.1875,4.0,2048,1024,128,512,200,7198.432,6883.555,6810.626,
mixed,16,3,0.1875,4.0,2048,1024,256,1024,400,6103.203,6327.33,6211.046,0.4812
mixed,16,3,0.1875,4.0,2048,1024,512,2048,800,6246.435,6039.811,5668.071,
mixed,16,3,0.1875,4.0,2048,1024,1024,4096,1600,5767.622,6613.698,6114.114,0.4095
mixed,16,3,0.1875,4.0,2048,1024,2048,8192,3200,7875.74,9294.356,6977.792,-0.633
mixed,16,3,0.1875,4.0,2048,1024,4096,16384,6400,7275.552,10668.752,8690.457,0.417
mixed,16,3,0.1875,4.0,2048,2048,128,512,200,7456.735,7567.804,7507.037,0.4529
mixed,16,3,0.1875,4.0,2048,2048,256,1024,400,7535.452,8448.25,9052.023,1.6615
mixed,16,3,0.1875,4.0,2048,2048,512,2048,800,9910.226,11146.414,10876.493,0.7817
mixed,16,3,0.1875,4.0,2048,2048,1024,4096,1600,9981.46,10314.066,8312.314,-5.0184
mixed,16,3,0.1875,4.0,2048,2048,2048,8192,3200,8493.978,10171.857,9187.543,0.4134
mixed,16,3,0.1875,4.0,2048,2048,4096,16384,6400,9574.741,12960.069,10981.711,0.4156
mixed,16,3,0.1875,4.0,2048,4096,128,512,200,11997.58,12112.106,12041.516,0.3836
mixed,16,3,0.1875,4.0,2048,4096,256,1024,400,12097.195,12292.551,12199.208,0.5222
mixed,16,3,0.1875,4.0,2048,4096,512,2048,800,12193.094,12667.749,12415.69,0.469
mixed,16,3,0.1875,4.0,2048,4096,1024,4096,1600,13256.064,17025.395,17710.485,1.1818
mixed,16,3,0.1875,4.0,2048,4096,2048,8192,3200,17954.798,14827.163,13706.919,
mixed,16,3,0.1875,4.0,2048,4096,4096,16384,6400,14045.124,17459.853,15459.833,0.4143
mixed,16,3,0.1875,4.0,2048,8192,128,512,200,20667.207,20856.324,20778.306,0.5875
mixed,16,3,0.1875,4.0,2048,8192,256,1024,400,20879.048,20957.508,20938.432,0.7569
mixed,16,3,0.1875,4.0,2048,8192,512,2048,800,21049.345,23444.79,28736.703,3.2092
mixed,16,3,0.1875,4.0,2048,8192,1024,4096,1600,23880.376,22165.017,21561.057,
mixed,16,3,0.1875,4.0,2048,8192,2048,8192,3200,21898.977,23619.319,22523.706,0.3631
mixed,16,3,0.1875,4.0,2048,8192,4096,16384,6400,22991.196,26261.671,24267.438,0.3902
pure,16,4,0.25,4.0,0,0,128,512,224,116.926,218.238,151.775,0.344
pure,16,4,0.25,4.0,0,0,256,1024,448,194.398,392.157,364.991,0.8626
pure,16,4,0.25,4.0,0,0,512,2048,896,417.982,880.286,636.03,0.4717
pure,16,4,0.25,4.0,0,0,1024,4096,1792,776.349,1693.018,1209.626,0.4727
pure,16,4,0.25,4.0,0,0,2048,8192,3584,1488.567,3322.579,2372.629,0.482
pure,16,4,0.25,4.0,0,0,4096,16384,7168,2916.434,6575.328,4687.977,0.4842
mixed,16,4,0.25,4.0,16,0,128,512,224,167.872,288.223,222.24,0.4517
mixed,16,4,0.25,4.0,16,0,256,1024,448,260.607,497.245,367.422,0.4514
mixed,16,4,0.25,4.0,16,0,512,2048,896,442.876,905.533,656.382,0.4615
mixed,16,4,0.25,4.0,16,0,1024,4096,1792,801.659,1716.377,1237.69,0.4767
mixed,16,4,0.25,4.0,16,0,2048,8192,3584,1537.658,3348.241,2396.019,0.4741
mixed,16,4,0.25,4.0,16,0,4096,16384,7168,2940.66,6584.42,4713.74,0.4866
mixed,16,4,0.25,4.0,16,512,128,512,224,219.649,339.166,271.808,0.4364
mixed,16,4,0.25,4.0,16,512,256,1024,448,312.318,544.542,421.083,0.4684
mixed,16,4,0.25,4.0,16,512,512,2048,896,495.838,953.406,708.349,0.4644
mixed,16,4,0.25,4.0,16,512,1024,4096,1792,846.589,1765.686,1289.018,0.4814
mixed,16,4,0.25,4.0,16,512,2048,8192,3584,1565.399,3389.938,2447.511,0.4835
mixed,16,4,0.25,4.0,16,512,4096,16384,7168,2988.466,6641.57,4774.826,0.489
mixed,16,4,0.25,4.0,16,1024,128,512,224,243.102,362.943,295.101,0.4339
mixed,16,4,0.25,4.0,16,1024,256,1024,448,338.431,569.055,441.886,0.4486
mixed,16,4,0.25,4.0,16,1024,512,2048,896,520.125,977.914,735.39,0.4702
mixed,16,4,0.25,4.0,16,1024,1024,4096,1792,874.398,1794.902,1311.419,0.4748
mixed,16,4,0.25,4.0,16,1024,2048,8192,3584,1592.793,3417.424,2459.511,0.475
mixed,16,4,0.25,4.0,16,1024,4096,16384,7168,3008.817,6671.14,4788.267,0.4859
mixed,16,4,0.25,4.0,16,2048,128,512,224,265.695,385.147,316.927,0.4289
mixed,16,4,0.25,4.0,16,2048,256,1024,448,359.964,595.199,461.823,0.433
mixed,16,4,0.25,4.0,16,2048,512,2048,896,541.244,999.931,755.005,0.466
mixed,16,4,0.25,4.0,16,2048,1024,4096,1792,901.468,1813.27,1334.779,0.4752
mixed,16,4,0.25,4.0,16,2048,2048,8192,3584,1606.745,3440.144,2497.365,0.4858
mixed,16,4,0.25,4.0,16,2048,4096,16384,7168,3037.748,6697.215,4822.667,0.4878
mixed,16,4,0.25,4.0,16,4096,128,512,224,323.838,439.902,371.517,0.4108
mixed,16,4,0.25,4.0,16,4096,256,1024,448,408.637,643.484,520.253,0.4753
mixed,16,4,0.25,4.0,16,4096,512,2048,896,594.268,1048.955,807.995,0.4701
mixed,16,4,0.25,4.0,16,4096,1024,4096,1792,945.244,1866.073,1386.714,0.4794
mixed,16,4,0.25,4.0,16,4096,2048,8192,3584,1662.775,3495.826,2550.196,0.4841
mixed,16,4,0.25,4.0,16,4096,4096,16384,7168,3095.569,6728.738,4866.412,0.4874
mixed,16,4,0.25,4.0,16,8192,128,512,224,425.919,542.015,473.086,0.4063
mixed,16,4,0.25,4.0,16,8192,256,1024,448,516.703,747.71,620.027,0.4473
mixed,16,4,0.25,4.0,16,8192,512,2048,896,695.166,1150.844,909.949,0.4713
mixed,16,4,0.25,4.0,16,8192,1024,4096,1792,1051.898,1968.341,1490.458,0.4785
mixed,16,4,0.25,4.0,16,8192,2048,8192,3584,1769.978,3592.751,2655.539,0.4858
mixed,16,4,0.25,4.0,16,8192,4096,16384,7168,3189.619,6849.57,4958.474,0.4833
mixed,16,4,0.25,4.0,32,0,128,512,224,205.471,325.151,257.759,0.4369
mixed,16,4,0.25,4.0,32,0,256,1024,448,298.879,534.684,407.006,0.4585
mixed,16,4,0.25,4.0,32,0,512,2048,896,481.727,941.435,696.989,0.4683
mixed,16,4,0.25,4.0,32,0,1024,4096,1792,839.259,1754.518,1280.347,0.4819
mixed,16,4,0.25,4.0,32,0,2048,8192,3584,1547.993,3374.448,2432.917,0.4845
mixed,16,4,0.25,4.0,32,0,4096,16384,7168,2964.465,6632.065,4753.1,0.4877
mixed,16,4,0.25,4.0,32,512,128,512,224,266.75,385.278,317.758,0.4303
mixed,16,4,0.25,4.0,32,512,256,1024,448,357.696,595.198,463.039,0.4435
mixed,16,4,0.25,4.0,32,512,512,2048,896,538.843,1000.442,758.365,0.4756
mixed,16,4,0.25,4.0,32,512,1024,4096,1792,896.762,1810.105,1331.29,0.4758
mixed,16,4,0.25,4.0,32,512,2048,8192,3584,1608.535,3435.407,2490.549,0.4828
mixed,16,4,0.25,4.0,32,512,4096,16384,7168,3038.995,6691.586,4805.93,0.4837
mixed,16,4,0.25,4.0,32,1024,128,512,224,333.951,453.022,382.268,0.4058
mixed,16,4,0.25,4.0,32,1024,256,1024,448,425.825,658.878,533.31,0.4612
mixed,16,4,0.25,4.0,32,1024,512,2048,896,608.446,1062.973,824.76,0.4759
mixed,16,4,0.25,4.0,32,1024,1024,4096,1792,964.989,1876.276,1401.048,0.4785
mixed,16,4,0.25,4.0,32,1024,2048,8192,3584,1674.617,3502.353,2564.593,0.4869
mixed,16,4,0.25,4.0,32,1024,4096,16384,7168,3093.296,6756.577,4879.308,0.4875
mixed,16,4,0.25,4.0,32,2048,128,512,224,370.59,490.205,418.846,0.4034
mixed,16,4,0.25,4.0,32,2048,256,1024,448,465.438,695.002,566.11,0.4385
mixed,16,4,0.25,4.0,32,2048,512,2048,896,643.999,1104.699,860.378,0.4697
mixed,16,4,0.25,4.0,32,2048,1024,4096,1792,1000.444,1914.008,1433.975,0.4745
mixed,16,4,0.25,4.0,32,2048,2048,8192,3584,1709.753,3542.034,2597.204,0.4843
mixed,16,4,0.25,4.0,32,2048,4096,16384,7168,3134.002,6787.457,4913.641,0.4871
mixed,16,4,0.25,4.0,32,4096,128,512,224,476.765,598.077,527.004,0.4141
mixed,16,4,0.25,4.0,32,4096,256,1024,448,568.989,798.43,675.741,0.4653
mixed,16,4,0.25,4.0,32,4096,512,2048,896,748.863,1213.019,967.418,0.4709
mixed,16,4,0.25,4.0,32,4096,1024,4096,1792,1105.245,2019.288,1542.075,0.4779
mixed,16,4,0.25,4.0,32,4096,2048,8192,3584,1817.337,3640.974,2706.452,0.4876
mixed,16,4,0.25,4.0,32,4096,4096,16384,7168,3232.052,6892.287,5021.03,0.4888
mixed,16,4,0.25,4.0,32,8192,128,512,224,688.282,802.556,735.197,0.4105
mixed,16,4,0.25,4.0,32,8192,256,1024,448,774.491,1004.794,884.604,0.4781
mixed,16,4,0.25,4.0,32,8192,512,2048,896,952.923,1411.065,1173.403,0.4812
mixed,16,4,0.25,4.0,32,8192,1024,4096,1792,1316.475,2224.66,1751.61,0.4791
mixed,16,4,0.25,4.0,32,8192,2048,8192,3584,2027.512,3844.075,2903.571,0.4823
mixed,16,4,0.25,4.0,32,8192,4096,16384,7168,3440.656,7100.511,5215.464,0.4849
mixed,16,4,0.25,4.0,64,0,128,512,224,215.903,331.199,264.158,0.4185
mixed,16,4,0.25,4.0,64,0,256,1024,448,310.334,542.044,413.822,0.4466
mixed,16,4,0.25,4.0,64,0,512,2048,896,491.936,943.742,702.491,0.466
mixed,16,4,0.25,4.0,64,0,1024,4096,1792,847.291,1758.136,1281.979,0.4772
mixed,16,4,0.25,4.0,64,0,2048,8192,3584,1556.633,3390.286,2440.981,0.4823
mixed,16,4,0.25,4.0,64,0,4096,16384,7168,2974.677,6621.797,4751.754,0.4873
mixed,16,4,0.25,4.0,64,512,128,512,224,354.172,472.063,401.117,0.3982
mixed,16,4,0.25,4.0,64,512,256,1024,448,444.991,679.197,553.63,0.4639
mixed,16,4,0.25,4.0,64,512,512,2048,896,627.995,1086.717,843.966,0.4708
mixed,16,4,0.25,4.0,64,512,1024,4096,1792,980.411,1901.624,1417.85,0.4749
mixed,16,4,0.25,4.0,64,512,2048,8192,3584,1689.528,3516.306,2582.516,0.4888
mixed,16,4,0.25,4.0,64,512,4096,16384,7168,3117.65,6767.716,4886.214,0.4845
mixed,16,4,0.25,4.0,64,1024,128,512,224,432.733,549.5,481.535,0.4179
mixed,16,4,0.25,4.0,64,1024,256,1024,448,522.651,752.061,626.974,0.4547
mixed,16,4,0.25,4.0,64,1024,512,2048,896,705.727,1166.428,918.714,0.4623
mixed,16,4,0.25,4.0,64,1024,1024,4096,1792,1063.229,1969.623,1498.043,0.4797
mixed,16,4,0.25,4.0,64,1024,2048,8192,3584,1770.935,3609.646,2651.028,0.4786
mixed,16,4,0.25,4.0,64,1024,4096,16384,7168,3194.005,6854.751,4970.539,0.4853
mixed,16,4,0.25,4.0,64,2048,128,512,224,533.341,651.387,585.022,0.4378
mixed,16,4,0.25,4.0,64,2048,256,1024,448,624.349,858.781,734.14,0.4683
mixed,16,4,0.25,4.0,64,2048,512,2048,896,803.646,1262.648,1021.275,0.4741
mixed,16,4,0.25,4.0,64,2048,1024,4096,1792,1159.258,2077.718,1598.968,0.4787
mixed,16,4,0.25,4.0,64,2048,2048,8192,3584,1870.169,3697.166,2755.06,0.4843
mixed,16,4,0.25,4.0,64,2048,4096,16384,7168,3291.793,6954.595,5061.195,0.4831
mixed,16,4,0.25,4.0,64,4096,128,512,224,735.453,849.051,789.66,0.4772
mixed,16,4,0.25,4.0,64,4096,256,1024,448,821.725,1054.17,934.141,0.4836
mixed,16,4,0.25,4.0,64,4096,512,2048,896,1004.382,1460.12,1222.715,0.4791
mixed,16,4,0.25,4.0,64,4096,1024,4096,1792,1356.859,2278.391,1798.135,0.4789
mixed,16,4,0.25,4.0,64,4096,2048,8192,3584,2066.103,3895.79,2949.105,0.4826
mixed,16,4,0.25,4.0,64,4096,4096,16384,7168,3490.895,7141.983,5269.03,0.487
mixed,16,4,0.25,4.0,64,8192,128,512,224,1129.02,1245.019,1182.523,0.4612
mixed,16,4,0.25,4.0,64,8192,256,1024,448,1218.811,1450.775,1328.058,0.471
mixed,16,4,0.25,4.0,64,8192,512,2048,896,1399.482,1854.967,1612.6,0.4679
mixed,16,4,0.25,4.0,64,8192,1024,4096,1792,1759.253,2670.099,2188.984,0.4718
mixed,16,4,0.25,4.0,64,8192,2048,8192,3584,2464.566,4291.054,3347.631,0.4835
mixed,16,4,0.25,4.0,64,8192,4096,16384,7168,3877.583,7547.295,5662.278,0.4863
mixed,16,4,0.25,4.0,128,0,128,512,224,237.471,356.256,289.279,0.4361
mixed,16,4,0.25,4.0,128,0,256,1024,448,332.287,563.741,439.646,0.4638
mixed,16,4,0.25,4.0,128,0,512,2048,896,510.975,969.34,726.972,0.4712
mixed,16,4,0.25,4.0,128,0,1024,4096,1792,864.124,1780.409,1307.035,0.4834
mixed,16,4,0.25,4.0,128,0,2048,8192,3584,1578.265,3401.937,2457.654,0.4822
mixed,16,4,0.25,4.0,128,0,4096,16384,7168,2995.795,6653.252,4770.09,0.4851
mixed,16,4,0.25,4.0,128,512,128,512,224,476.831,593.79,528.606,0.4427
mixed,16,4,0.25,4.0,128,512,256,1024,448,568.51,799.963,676.316,0.4658
mixed,16,4,0.25,4.0,128,512,512,2048,896,748.028,1211.099,962.364,0.4629
mixed,16,4,0.25,4.0,128,512,1024,4096,1792,1107.289,2020.76,1545.081,0.4793
mixed,16,4,0.25,4.0,128,512,2048,8192,3584,1813.208,3640.944,2696.949,0.4835
mixed,16,4,0.25,4.0,128,512,4096,16384,7168,3236.468,6892.991,5002.344,0.4829
mixed,16,4,0.25,4.0,128,1024,128,512,224,575.581,694.139,630.814,0.4659
mixed,16,4,0.25,4.0,128,1024,256,1024,448,667.229,898.171,772.316,0.455
mixed,16,4,0.25,4.0,128,1024,512,2048,896,847.643,1301.179,1064.797,0.4788
mixed,16,4,0.25,4.0,128,1024,1024,4096,1792,1198.267,2115.99,1638.554,0.4798
mixed,16,4,0.25,4.0,128,1024,2048,8192,3584,1916.407,3742.671,2797.557,0.4825
mixed,16,4,0.25,4.0,128,1024,4096,16384,7168,3334.513,6983.902,5111.019,0.4868
mixed,16,4,0.25,4.0,128,2048,128,512,224,778.014,897.178,834.973,0.478
mixed,16,4,0.25,4.0,128,2048,256,1024,448,870.78,1099.482,977.209,0.4654
mixed,16,4,0.25,4.0,128,2048,512,2048,896,1047.483,1504.921,1265.305,0.4762
mixed,16,4,0.25,4.0,128,2048,1024,4096,1792,1408.634,2315.158,1842.552,0.4787
mixed,16,4,0.25,4.0,128,2048,2048,8192,3584,2112.725,3943.151,3003.858,0.4868
mixed,16,4,0.25,4.0,128,2048,4096,16384,7168,3537.33,7188.386,5317.063,0.4875
mixed,16,4,0.25,4.0,128,4096,128,512,224,1177.85,1293.435,1232.22,0.4704
mixed,16,4,0.25,4.0,128,4096,256,1024,448,1267.804,1504.538,1374.809,0.452
mixed,16,4,0.25,4.0,128,4096,512,2048,896,1451.097,1901.912,1665.689,0.476
mixed,16,4,0.25,4.0,128,4096,1024,4096,1792,1802.424,2714.677,2234.485,0.4736
mixed,16,4,0.25,4.0,128,4096,2048,8192,3584,2515.317,4339.178,3399.279,0.4847
mixed,16,4,0.25,4.0,128,4096,4096,16384,7168,3930.35,7588.863,5713.222,0.4873
mixed,16,4,0.25,4.0,128,8192,128,512,224,1962.841,2082.519,2016.021,0.4444
mixed,16,4,0.25,4.0,128,8192,256,1024,448,2057.719,2288.885,2160.308,0.4438
mixed,16,4,0.25,4.0,128,8192,512,2048,896,2236.725,2687.411,2451.188,0.4759
mixed,16,4,0.25,4.0,128,8192,1024,4096,1792,2586.163,3503.408,3027.441,0.4811
mixed,16,4,0.25,4.0,128,8192,2048,8192,3584,3299.185,5125.224,4177.419,0.481
mixed,16,4,0.25,4.0,128,8192,4096,16384,7168,4714.958,8380.156,6497.507,0.4863
mixed,16,4,0.25,4.0,256,0,128,512,224,526.37,642.942,577.789,0.4411
mixed,16,4,0.25,4.0,256,0,256,1024,448,617.789,843.677,727.356,0.4851
mixed,16,4,0.25,4.0,256,0,512,2048,896,796.636,1252.09,1012.187,0.4733
mixed,16,4,0.25,4.0,256,0,1024,4096,1792,1151.163,2066.552,1584.982,0.4739
mixed,16,4,0.25,4.0,256,0,2048,8192,3584,1865.015,3681.488,2743.794,0.4838
mixed,16,4,0.25,4.0,256,0,4096,16384,7168,3281.681,6945.695,5046.41,0.4816
mixed,16,4,0.25,4.0,256,512,128,512,224,726.459,844.22,782.589,0.4766
mixed,16,4,0.25,4.0,256,512,256,1024,448,824.283,1048.284,927.194,0.4594
mixed,16,4,0.25,4.0,256,512,512,2048,896,996.443,1449.083,1218.138,0.4898
mixed,16,4,0.25,4.0,256,512,1024,4096,1792,1350.038,2270.07,1789.079,0.4772
mixed,16,4,0.25,4.0,256,512,2048,8192,3584,2062.04,3884.238,2947.924,0.4862
mixed,16,4,0.25,4.0,256,512,4096,16384,7168,3482.642,7131.455,5260.552,0.4873
mixed,16,4,0.25,4.0,256,1024,128,512,224,927.452,1044.026,978.237,0.4356
mixed,16,4,0.25,4.0,256,1024,256,1024,448,1015.13,1247.706,1126.907,0.4806
mixed,16,4,0.25,4.0,256,1024,512,2048,896,1200.027,1650.614,1415.481,0.4782
mixed,16,4,0.25,4.0,256,1024,1024,4096,1792,1549.913,2471.765,1987.319,0.4745
mixed,16,4,0.25,4.0,256,1024,2048,8192,3584,2255.32,4089.484,3141.072,0.4829
mixed,16,4,0.25,4.0,256,1024,4096,16384,7168,3681.069,7337.019,5451.495,0.4843
mixed,16,4,0.25,4.0,256,2048,128,512,224,1326.843,1441.498,1375.162,0.4214
mixed,16,4,0.25,4.0,256,2048,256,1024,448,1416.152,1646.744,1520.439,0.4523
mixed,16,4,0.25,4.0,256,2048,512,2048,896,1595.063,2045.111,1809.111,0.4756
mixed,16,4,0.25,4.0,256,2048,1024,4096,1792,1950.455,2858.453,2389.236,0.4832
mixed,16,4,0.25,4.0,256,2048,2048,8192,3584,2651.733,4480.812,3543.117,0.4873
mixed,16,4,0.25,4.0,256,2048,4096,16384,7168,4075.851,7734.333,5853.573,0.4859
mixed,16,4,0.25,4.0,256,4096,128,512,224,2112.086,2229.399,2164.375,0.4457
mixed,16,4,0.25,4.0,256,4096,256,1024,448,2203.124,2434.227,2315.189,0.4849
mixed,16,4,0.25,4.0,256,4096,512,2048,896,2381.714,2837.65,2600.019,0.4788
mixed,16,4,0.25,4.0,256,4096,1024,4096,1792,2740.399,3645.647,3180.209,0.4858
mixed,16,4,0.25,4.0,256,4096,2048,8192,3584,3444.433,5264.744,4326.543,0.4846
mixed,16,4,0.25,4.0,256,4096,4096,16384,7168,4864.779,8517.686,6648.385,0.4883
mixed,16,4,0.25,4.0,256,8192,128,512,224,3688.303,3807.987,3742.7,0.4545
mixed,16,4,0.25,4.0,256,8192,256,1024,448,3783.951,4013.901,3885.646,0.4422
mixed,16,4,0.25,4.0,256,8192,512,2048,896,3965.678,4423.404,4185.328,0.4799
mixed,16,4,0.25,4.0,256,8192,1024,4096,1792,4319.757,5230.311,4758.794,0.4822
mixed,16,4,0.25,4.0,256,8192,2048,8192,3584,5023.685,6853.924,5920.007,0.4897
mixed,16,4,0.25,4.0,256,8192,4096,16384,7168,6449.67,10091.089,8224.474,0.4874
mixed,16,4,0.25,4.0,512,0,128,512,224,607.487,723.709,657.598,0.4312
mixed,16,4,0.25,4.0,512,0,256,1024,448,698.846,932.09,806.015,0.4595
mixed,16,4,0.25,4.0,512,0,512,2048,896,879.355,1334.554,1095.771,0.4754
mixed,16,4,0.25,4.0,512,0,1024,4096,1792,1232.603,2153.142,1671.576,0.4769
mixed,16,4,0.25,4.0,512,0,2048,8192,3584,1946.007,3767.886,2828.565,0.4844
mixed,16,4,0.25,4.0,512,0,4096,16384,7168,3370.478,7011.934,5139.942,0.4859
mixed,16,4,0.25,4.0,512,512,128,512,224,1031.387,1150.746,1078.683,0.3962
mixed,16,4,0.25,4.0,512,512,256,1024,448,1119.738,1353.178,1226.649,0.458
mixed,16,4,0.25,4.0,512,512,512,2048,896,1301.818,1759.48,1518.169,0.4727
mixed,16,4,0.25,4.0,512,512,1024,4096,1792,1661.497,2566.869,2094.775,0.4786
mixed,16,4,0.25,4.0,512,512,2048,8192,3584,2364.501,4193.484,3249.234,0.4837
mixed,16,4,0.25,4.0,512,512,4096,16384,7168,3787.248,7436.028,5559.622,0.4857
mixed,16,4,0.25,4.0,512,1024,128,512,224,1424.184,1546.841,1477.049,0.431
mixed,16,4,0.25,4.0,512,1024,256,1024,448,1519.45,1753.656,1628.121,0.464
mixed,16,4,0.25,4.0,512,1024,512,2048,896,1700.6,2154.55,1913.143,0.4682
mixed,16,4,0.25,4.0,512,1024,1024,4096,1792,2049.946,2964.659,2488.948,0.4799
mixed,16,4,0.25,4.0,512,1024,2048,8192,3584,2766.483,4587.755,3652.496,0.4865
mixed,16,4,0.25,4.0,512,1024,4096,16384,7168,4182.089,7835.519,5965.189,0.4881
mixed,16,4,0.25,4.0,512,2048,128,512,224,2223.733,2336.15,2271.799,0.4276
mixed,16,4,0.25,4.0,512,2048,256,1024,448,2315.894,2547.573,2416.885,0.4359
mixed,16,4,0.25,4.0,512,2048,512,2048,896,2496.852,2953.427,2702.356,0.4501
mixed,16,4,0.25,4.0,512,2048,1024,4096,1792,2849.109,3761.742,3284.112,0.4766
mixed,16,4,0.25,4.0,512,2048,2048,8192,3584,3557.135,5375.494,4431.754,0.481
mixed,16,4,0.25,4.0,512,2048,4096,16384,7168,4979.882,8638.646,6737.665,0.4804
mixed,16,4,0.25,4.0,512,4096,128,512,224,3790.958,3898.476,3856.942,0.6137
mixed,16,4,0.25,4.0,512,4096,256,1024,448,3885.676,4113.997,3998.445,0.4939
mixed,16,4,0.25,4.0,512,4096,512,2048,896,4076.174,4528.939,4296.3,0.4862
mixed,16,4,0.25,4.0,512,4096,1024,4096,1792,4417.069,5322.952,4868.809,0.4987
mixed,16,4,0.25,4.0,512,4096,2048,8192,3584,5137.161,6967.296,6026.114,0.4857
mixed,16,4,0.25,4.0,512,4096,4096,16384,7168,6534.402,10208.686,8316.155,0.4849
mixed,16,4,0.25,4.0,512,8192,128,512,224,6960.673,7066.241,7007.037,0.4392
mixed,16,4,0.25,4.0,512,8192,256,1024,448,7046.848,7262.658,7138.751,0.4259
mixed,16,4,0.25,4.0,512,8192,512,2048,896,7208.957,7687.101,7426.527,0.455
mixed,16,4,0.25,4.0,512,8192,1024,4096,1792,7560.86,8489.368,8014.814,0.4889
mixed,16,4,0.25,4.0,512,8192,2048,8192,3584,8280.791,10130.321,9155.763,0.4731
mixed,16,4,0.25,4.0,512,8192,4096,16384,7168,9683.889,13376.576,11466.188,0.4827
mixed,16,4,0.25,4.0,1024,0,128,512,224,1398.586,1519.257,1446.457,0.3967
mixed,16,4,0.25,4.0,1024,0,256,1024,448,1494.968,1724.088,1594.552,0.4346
mixed,16,4,0.25,4.0,1024,0,512,2048,896,1671.928,2130.135,1891.095,0.4783
mixed,16,4,0.25,4.0,1024,0,1024,4096,1792,2025.783,2940.659,2466.258,0.4815
mixed,16,4,0.25,4.0,1024,0,2048,8192,3584,2741.268,4565.993,3610.608,0.4764
mixed,16,4,0.25,4.0,1024,0,4096,16384,7168,4150.574,7806.842,5944.357,0.4906
mixed,16,4,0.25,4.0,1024,512,128,512,224,2251.19,2377.046,2302.262,0.4058
mixed,16,4,0.25,4.0,1024,512,256,1024,448,2342.325,2576.885,2450.581,0.4615
mixed,16,4,0.25,4.0,1024,512,512,2048,896,2521.397,2983.504,2735.54,0.4634
mixed,16,4,0.25,4.0,1024,512,1024,4096,1792,2882.1,3795.44,3310.064,0.4686
mixed,16,4,0.25,4.0,1024,512,2048,8192,3584,3589.872,5415.656,4475.915,0.4853
mixed,16,4,0.25,4.0,1024,512,4096,16384,7168,5012.359,8662.614,6767.556,0.4808
mixed,16,4,0.25,4.0,1024,1024,128,512,224,3055.186,3176.401,3100.721,0.3757
mixed,16,4,0.25,4.0,1024,1024,256,1024,448,3147.025,3374.032,3249.649,0.4521
mixed,16,4,0.25,4.0,1024,1024,512,2048,896,3327.089,3784.558,3539.953,0.4653
mixed,16,4,0.25,4.0,1024,1024,1024,4096,1792,3679.629,4596.427,4121.325,0.4818
mixed,16,4,0.25,4.0,1024,1024,2048,8192,3584,4390.827,6219.174,5275.558,0.4839
mixed,16,4,0.25,4.0,1024,1024,4096,16384,7168,5822.535,9456.753,7587.964,0.4858
mixed,16,4,0.25,4.0,1024,2048,128,512,224,4623.596,4747.5,4672.268,0.3928
mixed,16,4,0.25,4.0,1024,2048,256,1024,448,4727.881,4958.636,4825.996,0.4252
mixed,16,4,0.25,4.0,1024,2048,512,2048,896,4899.212,5361.352,5103.494,0.442
mixed,16,4,0.25,4.0,1024,2048,1024,4096,1792,5259.813,6171.01,5696.197,0.4789
mixed,16,4,0.25,4.0,1024,2048,2048,8192,3584,5966.886,7799.418,6857.444,0.486
mixed,16,4,0.25,4.0,1024,2048,4096,16384,7168,7394.686,11038.57,9164.602,0.4857
mixed,16,4,0.25,4.0,1024,4096,128,512,224,7769.372,7863.067,7807.392,0.4058
mixed,16,4,0.25,4.0,1024,4096,256,1024,448,7872.506,8073.373,7974.873,0.5096
mixed,16,4,0.25,4.0,1024,4096,512,2048,896,8011.676,8477.015,8229.754,0.4686
mixed,16,4,0.25,4.0,1024,4096,1024,4096,1792,8362.937,9292.276,8800.761,0.4711
mixed,16,4,0.25,4.0,1024,4096,2048,8192,3584,9100.019,10914.354,9986.386,0.4885
mixed,16,4,0.25,4.0,1024,4096,4096,16384,7168,10505.292,14166.048,12274.441,0.4833
mixed,16,4,0.25,4.0,1024,8192,128,512,224,14058.847,14155.519,14077.057,0.1884
mixed,16,4,0.25,4.0,1024,8192,256,1024,448,14165.788,14376.092,14252.73,0.4134
mixed,16,4,0.25,4.0,1024,8192,512,2048,896,14310.595,14778.46,14533.345,0.4761
mixed,16,4,0.25,4.0,1024,8192,1024,4096,1792,14674.051,15592.409,15137.275,0.5044
mixed,16,4,0.25,4.0,1024,8192,2048,8192,3584,15366.583,17206.032,16270.808,0.4916
mixed,16,4,0.25,4.0,1024,8192,4096,16384,7168,16804.787,20470.02,17749.165,0.2577
mixed,16,4,0.25,4.0,2048,0,128,512,224,3883.726,3345.649,3223.953,
mixed,16,4,0.25,4.0,2048,0,256,1024,448,3264.625,3468.718,3350.641,0.4215
mixed,16,4,0.25,4.0,2048,0,512,2048,896,3649.745,4678.861,4565.004,0.8894
mixed,16,4,0.25,4.0,2048,0,1024,4096,1792,4676.62,5593.445,5106.569,0.469
mixed,16,4,0.25,4.0,2048,0,2048,8192,3584,5386.918,5880.517,4788.17,-1.213
mixed,16,4,0.25,4.0,2048,0,4096,16384,7168,5390.917,8516.795,6463.938,0.3433
mixed,16,4,0.25,4.0,2048,512,128,512,224,4097.133,4196.685,4127.117,0.3012
mixed,16,4,0.25,4.0,2048,512,256,1024,448,4149.998,4875.402,4432.46,0.3894
mixed,16,4,0.25,4.0,2048,512,512,2048,896,4512.812,4914.184,4666.443,0.3828
mixed,16,4,0.25,4.0,2048,512,1024,4096,1792,5172.488,6466.37,5417.64,0.1895
mixed,16,4,0.25,4.0,2048,512,2048,8192,3584,5692.903,6982.816,6028.23,0.26
mixed,16,4,0.25,4.0,2048,512,4096,16384,7168,6523.043,9660.629,7588.604,0.3396
mixed,16,4,0.25,4.0,2048,1024,128,512,224,5228.327,5300.614,5250.6,0.3081
mixed,16,4,0.25,4.0,2048,1024,256,1024,448,5302.281,6107.362,6515.201,1.5066
mixed,16,4,0.25,4.0,2048,1024,512,2048,896,7063.904,7980.346,7693.276,0.6868
mixed,16,4,0.25,4.0,2048,1024,1024,4096,1792,7843.932,8749.913,7274.559,-0.6285
mixed,16,4,0.25,4.0,2048,1024,2048,8192,3584,6801.794,7992.828,7041.44,0.2012
mixed,16,4,0.25,4.0,2048,1024,4096,16384,7168,7610.753,10731.438,8742.456,0.3626
mixed,16,4,0.25,4.0,2048,2048,128,512,224,7472.319,7574.27,7513.629,0.4052
mixed,16,4,0.25,4.0,2048,2048,256,1024,448,7549.825,9228.76,9762.579,1.318
mixed,16,4,0.25,4.0,2048,2048,512,2048,896,7803.9,8193.434,7943.483,0.3583
mixed,16,4,0.25,4.0,2048,2048,1024,4096,1792,7997.34,8802.969,8302.363,0.3786
mixed,16,4,0.25,4.0,2048,2048,2048,8192,3584,8626.837,10189.621,9202.391,0.3683
mixed,16,4,0.25,4.0,2048,2048,4096,16384,7168,9838.071,12966.471,11013.902,0.3759
mixed,16,4,0.25,4.0,2048,4096,128,512,224,12001.35,12105.289,12049.705,0.4652
mixed,16,4,0.25,4.0,2048,4096,256,1024,448,12083.371,12284.203,12149.865,0.3311
mixed,16,4,0.25,4.0,2048,4096,512,2048,896,12242.823,12612.394,12407.304,0.4451
mixed,16,4,0.25,4.0,2048,4096,1024,4096,1792,12547.748,13324.583,12805.51,0.3318
mixed,16,4,0.25,4.0,2048,4096,2048,8192,3584,13157.187,14722.939,13742.786,0.374
mixed,16,4,0.25,4.0,2048,4096,4096,16384,7168,14364.161,17514.092,15470.009,0.3511
mixed,16,4,0.25,4.0,2048,8192,128,512,224,20735.615,20945.472,20909.25,0.8274
mixed,16,4,0.25,4.0,2048,8192,256,1024,448,20897.062,21153.024,20948.122,0.1995
mixed,16,4,0.25,4.0,2048,8192,512,2048,896,21078.53,21478.813,21200.572,0.3049
mixed,16,4,0.25,4.0,2048,8192,1024,4096,1792,21367.773,30652.625,28737.569,0.7937
mixed,16,4,0.25,4.0,2048,8192,2048,8192,3584,29010.169,25131.85,22581.494,
mixed,16,4,0.25,4.0,2048,8192,4096,16384,7168,23263.126,26256.135,24294.991,0.3448
pure,16,8,0.5,4.0,0,0,128,512,320,148.992,217.248,188.48,0.5785
pure,16,8,0.5,4.0,0,0,256,1024,640,258.431,392.607,336.638,0.5829
pure,16,8,0.5,4.0,0,0,512,2048,1280,575.294,880.989,856.03,0.9184
pure,16,8,0.5,4.0,0,0,1024,4096,2560,1084.763,1690.84,1665.913,0.9589
pure,16,8,0.5,4.0,0,0,2048,8192,5120,2102.516,3319.348,3252.019,0.9447
pure,16,8,0.5,4.0,0,0,4096,16384,10240,4137.871,6575.333,6452.294,0.9495
mixed,16,8,0.5,4.0,16,0,128,512,320,209.056,287.486,278.815,0.8894
mixed,16,8,0.5,4.0,16,0,256,1024,640,339.231,494.109,478.174,0.8971
mixed,16,8,0.5,4.0,16,0,512,2048,1280,594.974,901.725,879.742,0.9283
mixed,16,8,0.5,4.0,16,0,1024,4096,2560,1104.058,1714.679,1681.37,0.9455
mixed,16,8,0.5,4.0,16,0,2048,8192,5120,2114.198,3340.237,3269.36,0.9422
mixed,16,8,0.5,4.0,16,0,4096,16384,10240,4148.527,6590.406,6464.831,0.9486
mixed,16,8,0.5,4.0,16,512,128,512,320,259.325,340.989,330.688,0.8739
mixed,16,8,0.5,4.0,16,512,256,1024,640,393.056,547.165,530.75,0.8935
mixed,16,8,0.5,4.0,16,512,512,2048,1280,649.118,951.099,933.181,0.9407
mixed,16,8,0.5,4.0,16,512,1024,4096,2560,1155.608,1771.702,1730.136,0.9325
mixed,16,8,0.5,4.0,16,512,2048,8192,5120,2175.159,3398.929,3320.943,0.9363
mixed,16,8,0.5,4.0,16,512,4096,16384,10240,4205.998,6652.515,6523.971,0.9475
mixed,16,8,0.5,4.0,16,1024,128,512,320,282.879,362.526,350.013,0.8429
mixed,16,8,0.5,4.0,16,1024,256,1024,640,416.252,569.02,552.735,0.8934
mixed,16,8,0.5,4.0,16,1024,512,2048,1280,675.804,980.637,954.746,0.9151
mixed,16,8,0.5,4.0,16,1024,1024,4096,2560,1180.572,1790.938,1749.401,0.9319
mixed,16,8,0.5,4.0,16,1024,2048,8192,5120,2201.496,3410.962,3348.624,0.9485
mixed,16,8,0.5,4.0,16,1024,4096,16384,10240,4232.334,6672.26,6533.955,0.9433
mixed,16,8,0.5,4.0,16,2048,128,512,320,306.749,384.158,370.016,0.8173
mixed,16,8,0.5,4.0,16,2048,256,1024,640,434.686,589.087,575.838,0.9142
mixed,16,8,0.5,4.0,16,2048,512,2048,1280,695.387,999.675,976.828,0.9249
mixed,16,8,0.5,4.0,16,2048,1024,4096,2560,1205.277,1811.893,1775.224,0.9396
mixed,16,8,0.5,4.0,16,2048,2048,8192,5120,2215.574,3428.207,3368.914,0.9511
mixed,16,8,0.5,4.0,16,2048,4096,16384,10240,4248.427,6692.802,6554.885,0.9436
mixed,16,8,0.5,4.0,16,4096,128,512,320,358.719,436.702,428.797,0.8986
mixed,16,8,0.5,4.0,16,4096,256,1024,640,489.595,646.111,630.011,0.8971
mixed,16,8,0.5,4.0,16,4096,512,2048,1280,751.484,1053.273,1030.78,0.9255
mixed,16,8,0.5,4.0,16,4096,1024,4096,2560,1258.042,1866.359,1822.52,0.9279
mixed,16,8,0.5,4.0,16,4096,2048,8192,5120,2270.455,3484.943,3418.704,0.9455
mixed,16,8,0.5,4.0,16,4096,4096,16384,10240,4308.269,6728.26,6621.153,0.9557
mixed,16,8,0.5,4.0,16,8192,128,512,320,466.333,549.052,532.447,0.7993
mixed,16,8,0.5,4.0,16,8192,256,1024,640,592.763,746.684,735.385,0.9266
mixed,16,8,0.5,4.0,16,8192,512,2048,1280,850.686,1153.819,1135.675,0.9401
mixed,16,8,0.5,4.0,16,8192,1024,4096,2560,1361.977,1975.928,1932.346,0.929
mixed,16,8,0.5,4.0,16,8192,2048,8192,5120,2375.636,3591.021,3533.677,0.9528
mixed,16,8,0.5,4.0,16,8192,4096,16384,10240,4395.499,6838.494,6717.183,0.9503
mixed,16,8,0.5,4.0,32,0,128,512,320,246.878,324.639,315.871,0.8872
mixed,16,8,0.5,4.0,32,0,256,1024,640,378.494,532.413,519.296,0.9148
mixed,16,8,0.5,4.0,32,0,512,2048,1280,634.364,940.285,916.381,0.9219
mixed,16,8,0.5,4.0,32,0,1024,4096,2560,1146.427,1753.207,1710.52,0.9296
mixed,16,8,0.5,4.0,32,0,2048,8192,5120,2163.03,3387.568,3308.786,0.9357
mixed,16,8,0.5,4.0,32,0,4096,16384,10240,4195.469,6632.13,6503.62,0.9473
mixed,16,8,0.5,4.0,32,512,128,512,320,306.942,385.727,374.879,0.8623
mixed,16,8,0.5,4.0,32,512,256,1024,640,438.4,594.621,577.695,0.8917
mixed,16,8,0.5,4.0,32,512,512,2048,1280,690.78,998.009,974.043,0.922
mixed,16,8,0.5,4.0,32,512,1024,4096,2560,1203.355,1812.57,1765.146,0.9222
mixed,16,8,0.5,4.0,32,512,2048,8192,5120,2219.893,3440.147,3372.815,0.9448
mixed,16,8,0.5,4.0,32,512,4096,16384,10240,4253.323,6680.004,6573.216,0.956
mixed,16,8,0.5,4.0,32,1024,128,512,320,375.201,452.894,440.062,0.8348
mixed,16,8,0.5,4.0,32,1024,256,1024,640,506.653,659.357,640.349,0.8755
mixed,16,8,0.5,4.0,32,1024,512,2048,1280,759.582,1061.851,1040.379,0.929
mixed,16,8,0.5,4.0,32,1024,1024,4096,2560,1269.148,1877.049,1836.725,0.9337
mixed,16,8,0.5,4.0,32,1024,2048,8192,5120,2284.118,3506.351,3434.031,0.9408
mixed,16,8,0.5,4.0,32,1024,4096,16384,10240,4310.894,6734.822,6611.168,0.949
mixed,16,8,0.5,4.0,32,2048,128,512,320,410.208,488.831,478.558,0.8693
mixed,16,8,0.5,4.0,32,2048,256,1024,640,542.399,694.878,681.85,0.9146
mixed,16,8,0.5,4.0,32,2048,512,2048,1280,797.435,1100.378,1078.748,0.9286
mixed,16,8,0.5,4.0,32,2048,1024,4096,2560,1303.356,1916.793,1874.742,0.9315
mixed,16,8,0.5,4.0,32,2048,2048,8192,5120,2327.028,3537.424,3473.457,0.9472
mixed,16,8,0.5,4.0,32,2048,4096,16384,10240,4351.724,6789.249,6654.689,0.9448
mixed,16,8,0.5,4.0,32,4096,128,512,320,513.404,593.533,586.463,0.9118
mixed,16,8,0.5,4.0,32,4096,256,1024,640,650.333,798.046,783.549,0.9019
mixed,16,8,0.5,4.0,32,4096,512,2048,1280,909.533,1212.507,1187.131,0.9162
mixed,16,8,0.5,4.0,32,4096,1024,4096,2560,1411.896,2018.902,1978.454,0.9334
mixed,16,8,0.5,4.0,32,4096,2048,8192,5120,2429.588,3647.634,3576.399,0.9415
mixed,16,8,0.5,4.0,32,4096,4096,16384,10240,4454.348,6893.093,6760.803,0.9458
mixed,16,8,0.5,4.0,32,8192,128,512,320,729.052,800.638,789.722,0.8475
mixed,16,8,0.5,4.0,32,8192,256,1024,640,854.652,1007.098,991.708,0.899
mixed,16,8,0.5,4.0,32,8192,512,2048,1280,1112.925,1413.688,1394.458,0.9361
mixed,16,8,0.5,4.0,32,8192,1024,4096,2560,1615.387,2232.467,2179.476,0.9141
mixed,16,8,0.5,4.0,32,8192,2048,8192,5120,2633.492,3842.32,3773.005,0.9427
mixed,16,8,0.5,4.0,32,8192,4096,16384,10240,4661.482,7092.16,6960.417,0.9458
mixed,16,8,0.5,4.0,64,0,128,512,320,255.52,333.343,321.086,0.8425
mixed,16,8,0.5,4.0,64,0,256,1024,640,384.671,541.949,526.876,0.9042
mixed,16,8,0.5,4.0,64,0,512,2048,1280,641.148,946.044,924.253,0.9285
mixed,16,8,0.5,4.0,64,0,1024,4096,2560,1149.306,1757.75,1722.776,0.9425
mixed,16,8,0.5,4.0,64,0,2048,8192,5120,2166.581,3378.833,3323.15,0.9541
mixed,16,8,0.5,4.0,64,0,4096,16384,10240,4195.021,6624.229,6514.082,0.9547
mixed,16,8,0.5,4.0,64,512,128,512,320,393.567,468.927,462.749,0.918
mixed,16,8,0.5,4.0,64,512,256,1024,640,523.968,678.525,658.909,0.8731
mixed,16,8,0.5,4.0,64,512,512,2048,1280,779.966,1085.115,1060.924,0.9207
mixed,16,8,0.5,4.0,64,512,1024,4096,2560,1288.57,1890.359,1861.399,0.9519
mixed,16,8,0.5,4.0,64,512,2048,8192,5120,2302.771,3522.895,3447.282,0.938
mixed,16,8,0.5,4.0,64,512,4096,16384,10240,4333.292,6760.897,6650.916,0.9547
mixed,16,8,0.5,4.0,64,1024,128,512,320,471.451,546.365,538.559,0.8958
mixed,16,8,0.5,4.0,64,1024,256,1024,640,597.948,757.531,733.661,0.8504
mixed,16,8,0.5,4.0,64,1024,512,2048,1280,853.787,1160.699,1136.73,0.9219
mixed,16,8,0.5,4.0,64,1024,1024,4096,2560,1365.88,1968.09,1933.497,0.9426
mixed,16,8,0.5,4.0,64,1024,2048,8192,5120,2385.587,3591.442,3533.137,0.9516
mixed,16,8,0.5,4.0,64,1024,4096,16384,10240,4412.234,6836.417,6688.002,0.9388
mixed,16,8,0.5,4.0,64,2048,128,512,320,572.286,650.176,641.084,0.8833
mixed,16,8,0.5,4.0,64,2048,256,1024,640,698.846,854.461,841.915,0.9194
mixed,16,8,0.5,4.0,64,2048,512,2048,1280,956.796,1260.796,1241.595,0.9368
mixed,16,8,0.5,4.0,64,2048,1024,4096,2560,1465.081,2075.735,2033.271,0.9305
mixed,16,8,0.5,4.0,64,2048,2048,8192,5120,2478.004,3695.728,3623.949,0.9411
mixed,16,8,0.5,4.0,64,2048,4096,16384,10240,4518.186,6955.679,6823.777,0.9459
mixed,16,8,0.5,4.0,64,4096,128,512,320,774.172,850.554,839.388,0.8538
mixed,16,8,0.5,4.0,64,4096,256,1024,640,900.666,1057.085,1041.82,0.9024
mixed,16,8,0.5,4.0,64,4096,512,2048,1280,1160.446,1461.785,1434.49,0.9094
mixed,16,8,0.5,4.0,64,4096,1024,4096,2560,1664.792,2276.308,2239.574,0.9399
mixed,16,8,0.5,4.0,64,4096,2048,8192,5120,2684.244,3893.197,3822.576,0.9416
mixed,16,8,0.5,4.0,64,4096,4096,16384,10240,4702.888,7135.262,7026.78,0.9554
mixed,16,8,0.5,4.0,64,8192,128,512,320,1169.404,1249.627,1233.881,0.8037
mixed,16,8,0.5,4.0,64,8192,256,1024,640,1293.722,1451.131,1434.744,0.8959
mixed,16,8,0.5,4.0,64,8192,512,2048,1280,1551.612,1852.44,1829.654,0.9243
mixed,16,8,0.5,4.0,64,8192,1024,4096,2560,2056.666,2666.961,2627.989,0.9361
mixed,16,8,0.5,4.0,64,8192,2048,8192,5120,3075.987,4293.993,4227.819,0.9457
mixed,16,8,0.5,4.0,64,8192,4096,16384,10240,5112.039,7550.108,7414.717,0.9445
mixed,16,8,0.5,4.0,128,0,128,512,320,278.431,358.014,345.407,0.8416
mixed,16,8,0.5,4.0,128,0,256,1024,640,409.247,564.127,552.734,0.9264
mixed,16,8,0.5,4.0,128,0,512,2048,1280,663.998,969.565,950.204,0.9366
mixed,16,8,0.5,4.0,128,0,1024,4096,2560,1173.946,1784.471,1740.824,0.9285
mixed,16,8,0.5,4.0,128,0,2048,8192,5120,2184.79,3411.985,3341.427,0.9425
mixed,16,8,0.5,4.0,128,0,4096,16384,10240,4222.956,6647.267,6531.201,0.9521
mixed,16,8,0.5,4.0,128,512,128,512,320,514.205,595.549,584.671,0.8663
mixed,16,8,0.5,4.0,128,512,256,1024,640,648.061,799.741,783.676,0.8941
mixed,16,8,0.5,4.0,128,512,512,2048,1280,902.268,1210.041,1183.387,0.9134
mixed,16,8,0.5,4.0,128,512,1024,4096,2560,1403.77,2009.749,1981.783,0.9538
mixed,16,8,0.5,4.0,128,512,2048,8192,5120,2422.325,3643.055,3556.881,0.9294
mixed,16,8,0.5,4.0,128,512,4096,16384,10240,4444.684,6882.207,6746.339,0.9443
mixed,16,8,0.5,4.0,128,1024,128,512,320,616.382,696.157,682.558,0.8295
mixed,16,8,0.5,4.0,128,1024,256,1024,640,744.285,896.095,880.57,0.8977
mixed,16,8,0.5,4.0,128,1024,512,2048,1280,999.517,1305.56,1276.887,0.9063
mixed,16,8,0.5,4.0,128,1024,1024,4096,2560,1505.111,2110.805,2074.067,0.9393
mixed,16,8,0.5,4.0,128,1024,2048,8192,5120,2514.933,3728.495,3669.391,0.9513
mixed,16,8,0.5,4.0,128,1024,4096,16384,10240,4545.641,6999.229,6847.456,0.9381
mixed,16,8,0.5,4.0,128,2048,128,512,320,820.541,896.061,889.562,0.9139
mixed,16,8,0.5,4.0,128,2048,256,1024,640,947.771,1102.811,1089.723,0.9156
mixed,16,8,0.5,4.0,128,2048,512,2048,1280,1200.155,1505.017,1479.672,0.9169
mixed,16,8,0.5,4.0,128,2048,1024,4096,2560,1708.858,2318.453,2271.318,0.9227
mixed,16,8,0.5,4.0,128,2048,2048,8192,5120,2716.884,3941.102,3868.301,0.9405
mixed,16,8,0.5,4.0,128,2048,4096,16384,10240,4757.225,7182.748,7060.7,0.9497
mixed,16,8,0.5,4.0,128,4096,128,512,320,1219.642,1296.443,1287.354,0.8817
mixed,16,8,0.5,4.0,128,4096,256,1024,640,1345.275,1498.584,1483.353,0.9007
mixed,16,8,0.5,4.0,128,4096,512,2048,1280,1597.595,1904.056,1876.277,0.9094
mixed,16,8,0.5,4.0,128,4096,1024,4096,2560,2101.272,2712.086,2672.213,0.9347
mixed,16,8,0.5,4.0,128,4096,2048,8192,5120,3125.235,4330.827,4273.163,0.9522
mixed,16,8,0.5,4.0,128,4096,4096,16384,10240,5144.134,7578.526,7452.73,0.9483
mixed,16,8,0.5,4.0,128,8192,128,512,320,2006.329,2085.749,2073.175,0.8417
mixed,16,8,0.5,4.0,128,8192,256,1024,640,2131.511,2284.887,2270.392,0.9055
mixed,16,8,0.5,4.0,128,8192,512,2048,1280,2387.732,2690.739,2664.596,0.9137
mixed,16,8,0.5,4.0,128,8192,1024,4096,2560,2892.143,3500.179,3452.369,0.9214
mixed,16,8,0.5,4.0,128,8192,2048,8192,5120,3903.858,5124.169,5051.208,0.9402
mixed,16,8,0.5,4.0,128,8192,4096,16384,10240,5940.578,8363.292,8225.853,0.9433
mixed,16,8,0.5,4.0,256,0,128,512,320,564.828,643.55,633.054,0.8667
mixed,16,8,0.5,4.0,256,0,256,1024,640,691.422,846.075,834.812,0.9272
mixed,16,8,0.5,4.0,256,0,512,2048,1280,946.938,1250.104,1223.609,0.9126
mixed,16,8,0.5,4.0,256,0,1024,4096,2560,1457.4,2055.607,2020.918,0.942
mixed,16,8,0.5,4.0,256,0,2048,8192,5120,2468.788,3683.054,3616.46,0.9452
mixed,16,8,0.5,4.0,256,0,4096,16384,10240,4495.66,6927.617,6794.947,0.9454
mixed,16,8,0.5,4.0,256,512,128,512,320,766.494,841.019,831.452,0.8716
mixed,16,8,0.5,4.0,256,512,256,1024,640,891.581,1050.331,1035.898,0.9091
mixed,16,8,0.5,4.0,256,512,512,2048,1280,1151.353,1452.312,1431.707,0.9315
mixed,16,8,0.5,4.0,256,512,1024,4096,2560,1651.705,2264.725,2230.776,0.9446
mixed,16,8,0.5,4.0,256,512,2048,8192,5120,2664.883,3885.452,3820.526,0.9468
mixed,16,8,0.5,4.0,256,512,4096,16384,10240,4701.451,7122.271,7002.145,0.9504
mixed,16,8,0.5,4.0,256,1024,128,512,320,967.451,1041.659,1030.717,0.8525
mixed,16,8,0.5,4.0,256,1024,256,1024,640,1097.243,1246.521,1231.323,0.8982
mixed,16,8,0.5,4.0,256,1024,512,2048,1280,1343.802,1652.279,1627.096,0.9184
mixed,16,8,0.5,4.0,256,1024,1024,4096,2560,1854.582,2460.022,2423.544,0.9397
mixed,16,8,0.5,4.0,256,1024,2048,8192,5120,2863.537,4085.197,4022.378,0.9486
mixed,16,8,0.5,4.0,256,1024,4096,16384,10240,4905.93,7340.061,7202.655,0.9436
mixed,16,8,0.5,4.0,256,2048,128,512,320,1360.634,1442.392,1431.671,0.8689
mixed,16,8,0.5,4.0,256,2048,256,1024,640,1487.802,1645.079,1627.482,0.8881
mixed,16,8,0.5,4.0,256,2048,512,2048,1280,1746.52,2043.638,2024.854,0.9368
mixed,16,8,0.5,4.0,256,2048,1024,4096,2560,2247.095,2856.466,2819.25,0.9389
mixed,16,8,0.5,4.0,256,2048,2048,8192,5120,3261.842,4481.867,4414.636,0.9449
mixed,16,8,0.5,4.0,256,2048,4096,16384,10240,5290.026,7722.493,7590.425,0.9457
mixed,16,8,0.5,4.0,256,4096,128,512,320,2154.516,2231.509,2219.222,0.8404
mixed,16,8,0.5,4.0,256,4096,256,1024,640,2284.533,2431.607,2417.492,0.904
mixed,16,8,0.5,4.0,256,4096,512,2048,1280,2534.932,2833.906,2812.723,0.9291
mixed,16,8,0.5,4.0,256,4096,1024,4096,2560,3037.782,3651.344,3605.712,0.9256
mixed,16,8,0.5,4.0,256,4096,2048,8192,5120,4062.256,5271.591,5199.082,0.94
mixed,16,8,0.5,4.0,256,4096,4096,16384,10240,6089.925,8513.66,8374.678,0.9427
mixed,16,8,0.5,4.0,256,8192,128,512,320,3731.058,3810.893,3795.821,0.8112
mixed,16,8,0.5,4.0,256,8192,256,1024,640,3856.782,4016.077,3999.756,0.8975
mixed,16,8,0.5,4.0,256,8192,512,2048,1280,4112.235,4416.906,4394.444,0.9263
mixed,16,8,0.5,4.0,256,8192,1024,4096,2560,4625.1,5224.645,5196.072,0.9523
mixed,16,8,0.5,4.0,256,8192,2048,8192,5120,5627.809,6855.361,6781.953,0.9402
mixed,16,8,0.5,4.0,256,8192,4096,16384,10240,7658.718,10085.556,9974.679,0.9543
mixed,16,8,0.5,4.0,512,0,128,512,320,646.461,725.373,713.469,0.8491
mixed,16,8,0.5,4.0,512,0,256,1024,640,775.037,929.882,912.892,0.8903
mixed,16,8,0.5,4.0,512,0,512,2048,1280,1029.21,1340.731,1311.706,0.9068
mixed,16,8,0.5,4.0,512,0,1024,4096,2560,1542.073,2147.734,2110.805,0.939
mixed,16,8,0.5,4.0,512,0,2048,8192,5120,2550.675,3764.238,3704.338,0.9506
mixed,16,8,0.5,4.0,512,0,4096,16384,10240,4578.603,7006.142,6874.69,0.9458
mixed,16,8,0.5,4.0,512,512,128,512,320,1060.922,1145.082,1137.658,0.9118
mixed,16,8,0.5,4.0,512,512,256,1024,640,1199.068,1349.05,1335.482,0.9095
mixed,16,8,0.5,4.0,512,512,512,2048,1280,1457.21,1757.336,1727.224,0.8997
mixed,16,8,0.5,4.0,512,512,1024,4096,2560,1960.759,2569.331,2533.047,0.9404
mixed,16,8,0.5,4.0,512,512,2048,8192,5120,2968.21,4192.907,4130.732,0.9492
mixed,16,8,0.5,4.0,512,512,4096,16384,10240,4997.608,7435.708,7301.12,0.9448
mixed,16,8,0.5,4.0,512,1024,128,512,320,1466.202,1545.785,1532.027,0.8271
mixed,16,8,0.5,4.0,512,1024,256,1024,640,1598.201,1754.17,1734.266,0.8724
mixed,16,8,0.5,4.0,512,1024,512,2048,1280,1851.319,2154.102,2133.622,0.9324
mixed,16,8,0.5,4.0,512,1024,1024,4096,2560,2358.901,2966.292,2934.13,0.947
mixed,16,8,0.5,4.0,512,1024,2048,8192,5120,3370.994,4584.684,4516.267,0.9436
mixed,16,8,0.5,4.0,512,1024,4096,16384,10240,5390.694,7835.071,7701.982,0.9456
mixed,16,8,0.5,4.0,512,2048,128,512,320,2260.79,2343.764,2323.284,0.7532
mixed,16,8,0.5,4.0,512,2048,256,1024,640,2382.931,2540.5,2526.514,0.9112
mixed,16,8,0.5,4.0,512,2048,512,2048,1280,2637.237,2949.201,2925.203,0.9231
mixed,16,8,0.5,4.0,512,2048,1024,4096,2560,3145.137,3755.824,3718.736,0.9393
mixed,16,8,0.5,4.0,512,2048,2048,8192,5120,4162.283,5380.008,5314.247,0.946
mixed,16,8,0.5,4.0,512,2048,4096,16384,10240,6183.395,8634.454,8516.025,0.9517
mixed,16,8,0.5,4.0,512,4096,128,512,320,3833.966,3915.723,3912.27,0.9578
mixed,16,8,0.5,4.0,512,4096,256,1024,640,3973.87,4120.876,4098.67,0.8489
mixed,16,8,0.5,4.0,512,4096,512,2048,1280,4228.687,4530.731,4510.155,0.9319
mixed,16,8,0.5,4.0,512,4096,1024,4096,2560,4727.786,5340.552,5310.312,0.9507
mixed,16,8,0.5,4.0,512,4096,2048,8192,5120,5721.158,6955.298,6878.463,0.9377
mixed,16,8,0.5,4.0,512,4096,4096,16384,10240,7756.858,10211.311,10059.375,0.9381
mixed,16,8,0.5,4.0,512,8192,128,512,320,7001.505,7079.394,7062.656,0.7851
mixed,16,8,0.5,4.0,512,8192,256,1024,640,7117.052,7278.238,7275.136,0.9808
mixed,16,8,0.5,4.0,512,8192,512,2048,1280,7368.288,7690.847,7657.563,0.8968
mixed,16,8,0.5,4.0,512,8192,1024,4096,2560,7869.44,8464.344,8444.632,0.9669
mixed,16,8,0.5,4.0,512,8192,2048,8192,5120,8898.167,10096.082,10034.448,0.9485
mixed,16,8,0.5,4.0,512,8192,4096,16384,10240,10906.189,13347.136,13239.618,0.956
mixed,16,8,0.5,4.0,1024,0,128,512,320,1437.051,1519.16,1503.385,0.8079
mixed,16,8,0.5,4.0,1024,0,256,1024,640,1567.001,1722.425,1708.088,0.9078
mixed,16,8,0.5,4.0,1024,0,512,2048,1280,1826.489,2132.727,2105.75,0.9119
mixed,16,8,0.5,4.0,1024,0,1024,4096,2560,2333.173,2934.867,2906.516,0.9529
mixed,16,8,0.5,4.0,1024,0,2048,8192,5120,3350.864,4565.801,4493.74,0.9407
mixed,16,8,0.5,4.0,1024,0,4096,16384,10240,5366.948,7798.045,7679.577,0.9513
mixed,16,8,0.5,4.0,1024,512,128,512,320,2292.405,2368.884,2357.782,0.8548
mixed,16,8,0.5,4.0,1024,512,256,1024,640,2417.588,2579.316,2560.084,0.8811
mixed,16,8,0.5,4.0,1024,512,512,2048,1280,2678.932,2979.892,2956.785,0.9232
mixed,16,8,0.5,4.0,1024,512,1024,4096,2560,3185.233,3794.988,3750.414,0.9269
mixed,16,8,0.5,4.0,1024,512,2048,8192,5120,4193.006,5401.095,5333.703,0.9442
mixed,16,8,0.5,4.0,1024,512,4096,16384,10240,6226.755,8655.162,8517.333,0.9432
mixed,16,8,0.5,4.0,1024,1024,128,512,320,3087.154,3169.812,3161.713,0.902
mixed,16,8,0.5,4.0,1024,1024,256,1024,640,3226.513,3384.592,3362.739,0.8618
mixed,16,8,0.5,4.0,1024,1024,512,2048,1280,3483.855,3797.387,3761.935,0.8869
mixed,16,8,0.5,4.0,1024,1024,1024,4096,2560,3989.869,4594.442,4562.73,0.9475
mixed,16,8,0.5,4.0,1024,1024,2048,8192,5120,5002.922,6222.917,6152.131,0.942
mixed,16,8,0.5,4.0,1024,1024,4096,16384,10240,7040.609,9463.987,9351.702,0.9537
mixed,16,8,0.5,4.0,1024,2048,128,512,320,4671.211,4751.818,4730.123,0.7309
mixed,16,8,0.5,4.0,1024,2048,256,1024,640,4795.272,4949.194,4936.135,0.9152
mixed,16,8,0.5,4.0,1024,2048,512,2048,1280,5048.491,5351.496,5334.119,0.9427
mixed,16,8,0.5,4.0,1024,2048,1024,4096,2560,5560.742,6173.155,6127.108,0.9248
mixed,16,8,0.5,4.0,1024,2048,2048,8192,5120,6575.874,7794.107,7730.393,0.9477
mixed,16,8,0.5,4.0,1024,2048,4096,16384,10240,8600.634,11033.55,10919.695,0.9532
mixed,16,8,0.5,4.0,1024,4096,128,512,320,7800.379,7865.945,7872.378,1.0981
mixed,16,8,0.5,4.0,1024,4096,256,1024,640,7932.892,8075.1,8067.068,0.9435
mixed,16,8,0.5,4.0,1024,4096,512,2048,1280,8189.689,8467.926,8467.546,0.9986
mixed,16,8,0.5,4.0,1024,4096,1024,4096,2560,8699.894,9285.171,9267.315,0.9695
mixed,16,8,0.5,4.0,1024,4096,2048,8192,5120,9714.997,10919.693,10883.535,0.97
mixed,16,8,0.5,4.0,1024,4096,4096,16384,10240,11753.132,14143.325,14060.955,0.9655
mixed,16,8,0.5,4.0,1024,8192,128,512,320,14093.315,14126.879,14179.387,2.5644
mixed,16,8,0.5,4.0,1024,8192,256,1024,640,14219.099,14392.796,14332.671,0.6539
mixed,16,8,0.5,4.0,1024,8192,512,2048,1280,14473.187,14775.671,14787.489,1.0391
mixed,16,8,0.5,4.0,1024,8192,1024,4096,2560,14966.397,15611.381,15545.306,0.8976
mixed,16,8,0.5,4.0,1024,8192,2048,8192,5120,15986.837,17214.93,17150.706,0.9477
mixed,16,8,0.5,4.0,1024,8192,4096,16384,10240,18022.701,20495.779,20288.321,0.9161
mixed,16,8,0.5,4.0,2048,0,128,512,320,3918.927,3316.049,3240.721,
mixed,16,8,0.5,4.0,2048,0,256,1024,640,3309.394,3445.489,3403.022,0.688
mixed,16,8,0.5,4.0,2048,0,512,2048,1280,3856.688,3903.248,3836.59,-0.4317
mixed,16,8,0.5,4.0,2048,0,1024,4096,2560,4082.573,4601.356,4286.539,0.3932
mixed,16,8,0.5,4.0,2048,0,2048,8192,5120,4790.282,5783.462,5381.479,0.5953
mixed,16,8,0.5,4.0,2048,0,4096,16384,10240,6422.049,8468.473,7652.508,0.6013
mixed,16,8,0.5,4.0,2048,512,128,512,320,4096.495,4176.077,4577.483,6.0439
mixed,16,8,0.5,4.0,2048,512,256,1024,640,5681.479,6012.066,4775.081,-2.7418
mixed,16,8,0.5,4.0,2048,512,512,2048,1280,4712.2,4905.448,4823.851,0.5778
mixed,16,8,0.5,4.0,2048,512,1024,4096,2560,5078.503,5543.015,5362.727,0.6119
mixed,16,8,0.5,4.0,2048,512,2048,8192,5120,5899.554,6930.56,6414.787,0.4997
mixed,16,8,0.5,4.0,2048,512,4096,16384,10240,7504.096,9598.869,8813.396,0.625
mixed,16,8,0.5,4.0,2048,1024,128,512,320,5828.869,6862.498,7331.807,1.454
mixed,16,8,0.5,4.0,2048,1024,256,1024,640,6855.201,5743.205,5560.263,
mixed,16,8,0.5,4.0,2048,1024,512,2048,1280,5702.789,5958.246,5873.543,0.6684
mixed,16,8,0.5,4.0,2048,1024,1024,4096,2560,6599.17,6655.044,6377.893,-3.9603
mixed,16,8,0.5,4.0,2048,1024,2048,8192,5120,6921.311,7886.815,7510.495,0.6102
mixed,16,8,0.5,4.0,2048,1024,4096,16384,10240,8597.078,10671.44,9859.156,0.6084
mixed,16,8,0.5,4.0,2048,2048,128,512,320,7515.387,7577.311,8238.424,11.6762
mixed,16,8,0.5,4.0,2048,2048,256,1024,640,10557.233,10719.156,9565.332,-6.1258
mixed,16,8,0.5,4.0,2048,2048,512,2048,1280,7902.65,8116.571,8002.556,0.467
mixed,16,8,0.5,4.0,2048,2048,1024,4096,2560,8258.012,8802.871,8586.939,0.6037
mixed,16,8,0.5,4.0,2048,2048,2048,8192,5120,9146.229,10188.565,9778.292,0.6064
mixed,16,8,0.5,4.0,2048,2048,4096,16384,10240,10882.443,12971.843,12157.383,0.6102
mixed,16,8,0.5,4.0,2048,4096,128,512,320,12044.94,12109.317,12101.799,0.8832
mixed,16,8,0.5,4.0,2048,4096,256,1024,640,12149.0,12283.72,12229.484,0.5974
mixed,16,8,0.5,4.0,2048,4096,512,2048,1280,17667.247,12891.494,12528.168,
mixed,16,8,0.5,4.0,2048,4096,1024,4096,2560,12786.532,13342.019,13108.29,0.5792
mixed,16,8,0.5,4.0,2048,4096,2048,8192,5120,13647.329,14712.86,14400.699,0.707
mixed,16,8,0.5,4.0,2048,4096,4096,16384,10240,15462.908,17457.394,17632.944,1.088
mixed,16,8,0.5,4.0,2048,8192,128,512,320,23635.286,21794.201,21772.611,
mixed,16,8,0.5,4.0,2048,8192,256,1024,640,21846.08,21962.456,24861.965,25.915
mixed,16,8,0.5,4.0,2048,8192,512,2048,1280,26563.079,30347.446,21218.624,-1.4122
mixed,16,8,0.5,4.0,2048,8192,1024,4096,2560,21491.776,22166.626,21987.037,0.7339
mixed,16,8,0.5,4.0,2048,8192,2048,8192,5120,22553.647,23559.765,23208.024,0.6504
mixed,16,8,0.5,4.0,2048,8192,4096,16384,10240,24201.996,26305.195,25507.851,0.6209
pure,16,12,0.75,4.0,0,0,128,512,416,183.808,216.703,194.077,0.3122
pure,16,12,0.75,4.0,0,0,256,1024,832,327.871,391.454,348.415,0.3231
pure,16,12,0.75,4.0,0,0,512,2048,1664,729.596,882.172,869.436,0.9165
pure,16,12,0.75,4.0,0,0,1024,4096,3328,1391.867,1694.456,1669.88,0.9188
pure,16,12,0.75,4.0,0,0,2048,8192,6656,2713.91,3319.923,3285.712,0.9435
pure,16,12,0.75,4.0,0,0,4096,16384,13312,5367.177,6576.771,6493.283,0.931
mixed,16,12,0.75,4.0,16,0,128,512,416,246.208,288.383,283.486,0.8839
mixed,16,12,0.75,4.0,16,0,256,1024,832,417.117,494.589,486.751,0.8988
mixed,16,12,0.75,4.0,16,0,512,2048,1664,749.948,902.268,889.979,0.9193
mixed,16,12,0.75,4.0,16,0,1024,4096,3328,1416.123,1712.119,1694.265,0.9397
mixed,16,12,0.75,4.0,16,0,2048,8192,6656,2739.571,3344.753,3295.794,0.9191
mixed,16,12,0.75,4.0,16,0,4096,16384,13312,5380.615,6590.209,6512.548,0.9358
mixed,16,12,0.75,4.0,16,512,128,512,416,300.0,341.374,333.728,0.8152
mixed,16,12,0.75,4.0,16,512,256,1024,832,495.263,546.525,536.125,0.7971
mixed,16,12,0.75,4.0,16,512,512,2048,1664,802.077,953.692,938.332,0.8987
mixed,16,12,0.75,4.0,16,512,1024,4096,3328,1465.881,1771.161,1745.209,0.915
mixed,16,12,0.75,4.0,16,512,2048,8192,6656,2783.283,3397.01,3352.786,0.9279
mixed,16,12,0.75,4.0,16,512,4096,16384,13312,5431.815,6643.749,6567.552,0.9371
mixed,16,12,0.75,4.0,16,1024,128,512,416,323.167,362.302,357.407,0.8749
mixed,16,12,0.75,4.0,16,1024,256,1024,832,492.957,569.342,558.88,0.863
mixed,16,12,0.75,4.0,16,1024,512,2048,1664,825.565,979.324,961.436,0.8837
mixed,16,12,0.75,4.0,16,1024,1024,4096,3328,1490.234,1794.358,1770.871,0.9228
mixed,16,12,0.75,4.0,16,1024,2048,8192,6656,2800.659,3419.439,3367.663,0.9163
mixed,16,12,0.75,4.0,16,1024,4096,16384,13312,5445.861,6680.835,6587.808,0.9247
mixed,16,12,0.75,4.0,16,2048,128,512,416,345.409,382.91,377.536,0.8567
mixed,16,12,0.75,4.0,16,2048,256,1024,832,514.526,591.775,584.381,0.9043
mixed,16,12,0.75,4.0,16,2048,512,2048,1664,846.33,999.515,987.261,0.92
mixed,16,12,0.75,4.0,16,2048,1024,4096,3328,1519.77,1808.28,1783.64,0.9146
mixed,16,12,0.75,4.0,16,2048,2048,8192,6656,2822.707,3441.873,3396.624,0.9269
mixed,16,12,0.75,4.0,16,2048,4096,16384,13312,5467.843,6690.783,6614.21,0.9374
mixed,16,12,0.75,4.0,16,4096,128,512,416,399.934,440.223,434.398,0.8554
mixed,16,12,0.75,4.0,16,4096,256,1024,832,569.184,645.438,635.966,0.8758
mixed,16,12,0.75,4.0,16,4096,512,2048,1664,899.897,1052.828,1042.652,0.9335
mixed,16,12,0.75,4.0,16,4096,1024,4096,3328,1560.088,1865.237,1835.255,0.9017
mixed,16,12,0.75,4.0,16,4096,2048,8192,6656,2880.34,3492.815,3466.159,0.9565
mixed,16,12,0.75,4.0,16,4096,4096,16384,13312,5518.952,6753.407,6654.466,0.9199
mixed,16,12,0.75,4.0,16,8192,128,512,416,500.156,543.167,533.919,0.785
mixed,16,12,0.75,4.0,16,8192,256,1024,832,670.716,745.821,740.22,0.9254
mixed,16,12,0.75,4.0,16,8192,512,2048,1664,1004.988,1155.578,1141.499,0.9065
mixed,16,12,0.75,4.0,16,8192,1024,4096,3328,1663.543,1969.557,1944.12,0.9169
mixed,16,12,0.75,4.0,16,8192,2048,8192,6656,2991.988,3590.638,3550.318,0.9326
mixed,16,12,0.75,4.0,16,8192,4096,16384,13312,5621.321,6845.859,6750.5,0.9221
mixed,16,12,0.75,4.0,32,0,128,512,416,286.078,322.813,318.527,0.8833
mixed,16,12,0.75,4.0,32,0,256,1024,832,458.11,531.453,523.774,0.8953
mixed,16,12,0.75,4.0,32,0,512,2048,1664,789.052,938.877,924.986,0.9073
mixed,16,12,0.75,4.0,32,0,1024,4096,3328,1453.401,1754.808,1731.224,0.9218
mixed,16,12,0.75,4.0,32,0,2048,8192,6656,2777.457,3382.768,3334.831,0.9208
mixed,16,12,0.75,4.0,32,0,4096,16384,13312,5418.506,6626.34,6550.082,0.9369
mixed,16,12,0.75,4.0,32,512,128,512,416,346.687,385.822,381.471,0.8888
mixed,16,12,0.75,4.0,32,512,256,1024,832,516.988,591.326,582.334,0.879
mixed,16,12,0.75,4.0,32,512,512,2048,1664,848.219,997.532,982.077,0.8965
mixed,16,12,0.75,4.0,32,512,1024,4096,3328,1506.168,1808.759,1788.345,0.9325
mixed,16,12,0.75,4.0,32,512,2048,8192,6656,2830.738,3440.178,3394.704,0.9254
mixed,16,12,0.75,4.0,32,512,4096,16384,13312,5468.867,6685.628,6602.369,0.9316
mixed,16,12,0.75,4.0,32,1024,128,512,416,411.836,452.382,445.631,0.8335
mixed,16,12,0.75,4.0,32,1024,256,1024,832,582.493,659.868,647.769,0.8436
mixed,16,12,0.75,4.0,32,1024,512,2048,1664,915.036,1065.211,1057.5,0.9487
mixed,16,12,0.75,4.0,32,1024,1024,4096,3328,1576.186,1875.477,1852.281,0.9225
mixed,16,12,0.75,4.0,32,1024,2048,8192,6656,2893.329,3497.425,3460.53,0.9389
mixed,16,12,0.75,4.0,32,1024,4096,16384,13312,5537.063,6772.42,6673.348,0.9198
mixed,16,12,0.75,4.0,32,2048,128,512,416,450.142,485.76,483.518,0.9371
mixed,16,12,0.75,4.0,32,2048,256,1024,832,619.165,692.191,685.885,0.9136
mixed,16,12,0.75,4.0,32,2048,512,2048,1664,951.641,1102.139,1084.665,0.8839
mixed,16,12,0.75,4.0,32,2048,1024,4096,3328,1611.287,1911.352,1885.878,0.9151
mixed,16,12,0.75,4.0,32,2048,2048,8192,6656,2922.836,3532.942,3491.47,0.932
mixed,16,12,0.75,4.0,32,2048,4096,16384,13312,5569.801,6779.938,6696.894,0.9314
mixed,16,12,0.75,4.0,32,4096,128,512,416,558.749,595.932,586.013,0.7332
mixed,16,12,0.75,4.0,32,4096,256,1024,832,720.538,799.613,792.414,0.909
mixed,16,12,0.75,4.0,32,4096,512,2048,1664,1056.539,1205.691,1187.004,0.8747
mixed,16,12,0.75,4.0,32,4096,1024,4096,3328,1720.055,2022.165,1995.958,0.9133
mixed,16,12,0.75,4.0,32,4096,2048,8192,6656,3038.641,3648.145,3600.272,0.9215
mixed,16,12,0.75,4.0,32,4096,4096,16384,13312,5675.301,6885.567,6801.537,0.9306
mixed,16,12,0.75,4.0,32,8192,128,512,416,766.811,804.188,798.558,0.8494
mixed,16,12,0.75,4.0,32,8192,256,1024,832,932.026,1005.819,996.025,0.8673
mixed,16,12,0.75,4.0,32,8192,512,2048,1664,1259.547,1413.111,1403.064,0.9346
mixed,16,12,0.75,4.0,32,8192,1024,4096,3328,1924.887,2221.27,2203.669,0.9406
mixed,16,12,0.75,4.0,32,8192,2048,8192,6656,3242.963,3853.553,3804.94,0.9204
mixed,16,12,0.75,4.0,32,8192,4096,16384,13312,5885.255,7081.633,7016.8,0.9458
mixed,16,12,0.75,4.0,64,0,128,512,416,295.615,333.375,328.318,0.8661
mixed,16,12,0.75,4.0,64,0,256,1024,832,463.998,537.981,530.429,0.8979
mixed,16,12,0.75,4.0,64,0,512,2048,1664,793.436,948.059,935.708,0.9201
mixed,16,12,0.75,4.0,64,0,1024,4096,3328,1457.594,1758.744,1740.248,0.9386
mixed,16,12,0.75,4.0,64,0,2048,8192,6656,2775.987,3391.089,3333.741,0.9068
mixed,16,12,0.75,4.0,64,0,4096,16384,13312,5415.878,6637.057,6547.009,0.9263
mixed,16,12,0.75,4.0,64,512,128,512,416,431.583,471.934,464.766,0.8224
mixed,16,12,0.75,4.0,64,512,256,1024,832,600.286,678.877,668.604,0.8693
mixed,16,12,0.75,4.0,64,512,512,2048,1664,936.923,1085.978,1069.757,0.8912
mixed,16,12,0.75,4.0,64,512,1024,4096,3328,1590.041,1896.12,1868.984,0.9113
mixed,16,12,0.75,4.0,64,512,2048,8192,6656,2910.868,3521.389,3477.646,0.9284
mixed,16,12,0.75,4.0,64,512,4096,16384,13312,5549.796,6758.943,6675.557,0.931
mixed,16,12,0.75,4.0,64,1024,128,512,416,511.486,550.14,542.462,0.8014
mixed,16,12,0.75,4.0,64,1024,256,1024,832,677.756,753.852,743.422,0.8629
mixed,16,12,0.75,4.0,64,1024,512,2048,1664,1011.548,1158.717,1151.034,0.9478
mixed,16,12,0.75,4.0,64,1024,1024,4096,3328,1672.472,1973.176,1948.696,0.9186
mixed,16,12,0.75,4.0,64,1024,2048,8192,6656,2993.171,3599.695,3558.894,0.9327
mixed,16,12,0.75,4.0,64,1024,4096,16384,13312,5623.077,6843.457,6767.137,0.9375
mixed,16,12,0.75,4.0,64,2048,128,512,416,613.66,652.284,644.061,0.7871
mixed,16,12,0.75,4.0,64,2048,256,1024,832,777.021,855.867,846.588,0.8823
mixed,16,12,0.75,4.0,64,2048,512,2048,1664,1113.114,1257.785,1246.011,0.9186
mixed,16,12,0.75,4.0,64,2048,1024,4096,3328,1769.689,2075.833,2049.655,0.9145
mixed,16,12,0.75,4.0,64,2048,2048,8192,6656,3093.717,3697.969,3656.11,0.9307
mixed,16,12,0.75,4.0,64,2048,4096,16384,13312,5725.383,6946.629,6873.284,0.9399
mixed,16,12,0.75,4.0,64,4096,128,512,416,809.565,850.11,847.132,0.9266
mixed,16,12,0.75,4.0,64,4096,256,1024,832,980.316,1056.508,1046.812,0.8727
mixed,16,12,0.75,4.0,64,4096,512,2048,1664,1312.73,1461.973,1446.743,0.898
mixed,16,12,0.75,4.0,64,4096,1024,4096,3328,1969.528,2273.78,2251.894,0.9281
mixed,16,12,0.75,4.0,64,4096,2048,8192,6656,3289.872,3903.115,3853.933,0.9198
mixed,16,12,0.75,4.0,64,4096,4096,16384,13312,5940.292,7148.604,7069.852,0.9348
mixed,16,12,0.75,4.0,64,8192,128,512,416,1207.642,1247.258,1240.506,0.8296
mixed,16,12,0.75,4.0,64,8192,256,1024,832,1374.105,1453.978,1441.719,0.8465
mixed,16,12,0.75,4.0,64,8192,512,2048,1664,1702.549,1859.187,1842.903,0.896
mixed,16,12,0.75,4.0,64,8192,1024,4096,3328,2369.749,2665.296,2651.572,0.9536
mixed,16,12,0.75,4.0,64,8192,2048,8192,6656,3691.756,4294.636,4257.833,0.939
mixed,16,12,0.75,4.0,64,8192,4096,16384,13312,6327.395,7540.539,7469.308,0.9413
mixed,16,12,0.75,4.0,128,0,128,512,416,317.374,356.063,350.27,0.8503
mixed,16,12,0.75,4.0,128,0,256,1024,832,486.301,561.821,553.726,0.8928
mixed,16,12,0.75,4.0,128,0,512,2048,1664,816.284,968.698,954.428,0.9064
mixed,16,12,0.75,4.0,128,0,1024,4096,3328,1481.306,1781.046,1757.784,0.9224
mixed,16,12,0.75,4.0,128,0,2048,8192,6656,2793.491,3396.946,3365.039,0.9471
mixed,16,12,0.75,4.0,128,0,4096,16384,13312,5436.903,6646.432,6574.913,0.9409
mixed,16,12,0.75,4.0,128,512,128,512,416,556.607,594.908,588.061,0.8212
mixed,16,12,0.75,4.0,128,512,256,1024,832,723.004,799.739,792.094,0.9004
mixed,16,12,0.75,4.0,128,512,512,2048,1664,1058.395,1205.53,1195.353,0.9308
mixed,16,12,0.75,4.0,128,512,1024,4096,3328,1720.438,2014.328,1992.884,0.927
mixed,16,12,0.75,4.0,128,512,2048,8192,6656,3031.762,3651.787,3599.244,0.9153
mixed,16,12,0.75,4.0,128,512,4096,16384,13312,5671.171,6883.104,6806.529,0.9368
mixed,16,12,0.75,4.0,128,1024,128,512,416,652.954,695.931,688.445,0.8258
mixed,16,12,0.75,4.0,128,1024,256,1024,832,818.364,894.682,891.449,0.9576
mixed,16,12,0.75,4.0,128,1024,512,2048,1664,1150.872,1304.698,1288.987,0.8979
mixed,16,12,0.75,4.0,128,1024,1024,4096,3328,1810.775,2111.892,2094.168,0.9411
mixed,16,12,0.75,4.0,128,1024,2048,8192,6656,3129.841,3738.476,3701.805,0.9397
mixed,16,12,0.75,4.0,128,1024,4096,16384,13312,5763.812,6988.45,6910.079,0.936
mixed,16,12,0.75,4.0,128,2048,128,512,416,859.578,897.146,892.22,0.8689
mixed,16,12,0.75,4.0,128,2048,256,1024,832,1029.594,1098.169,1096.763,0.9795
mixed,16,12,0.75,4.0,128,2048,512,2048,1664,1356.888,1508.091,1488.793,0.8724
mixed,16,12,0.75,4.0,128,2048,1024,4096,3328,2019.637,2318.26,2290.514,0.9071
mixed,16,12,0.75,4.0,128,2048,2048,8192,6656,3330.641,3938.03,3898.922,0.9356
mixed,16,12,0.75,4.0,128,2048,4096,16384,13312,5977.667,7194.779,7096.922,0.9196
mixed,16,12,0.75,4.0,128,4096,128,512,416,1254.811,1295.29,1289.179,0.849
mixed,16,12,0.75,4.0,128,4096,256,1024,832,1426.842,1497.401,1496.281,0.9841
mixed,16,12,0.75,4.0,128,4096,512,2048,1664,1750.393,1902.776,1886.487,0.8931
mixed,16,12,0.75,4.0,128,4096,1024,4096,3328,2413.012,2721.809,2694.128,0.9104
mixed,16,12,0.75,4.0,128,4096,2048,8192,6656,3730.446,4345.128,4300.458,0.9273
mixed,16,12,0.75,4.0,128,4096,4096,16384,13312,6375.008,7583.864,7501.693,0.932
mixed,16,12,0.75,4.0,128,8192,128,512,416,2040.694,2082.133,2074.997,0.8278
mixed,16,12,0.75,4.0,128,8192,256,1024,832,2205.109,2287.988,2273.843,0.8293
mixed,16,12,0.75,4.0,128,8192,512,2048,1664,2541.459,2688.149,2680.881,0.9505
mixed,16,12,0.75,4.0,128,8192,1024,4096,3328,3193.936,3508.174,3478.574,0.9058
mixed,16,12,0.75,4.0,128,8192,2048,8192,6656,4515.69,5136.23,5087.526,0.9215
mixed,16,12,0.75,4.0,128,8192,4096,16384,13312,7165.983,8371.766,8285.971,0.9288
mixed,16,12,0.75,4.0,256,0,128,512,416,602.971,643.772,638.653,0.8745
mixed,16,12,0.75,4.0,256,0,256,1024,832,770.62,851.388,839.035,0.8471
mixed,16,12,0.75,4.0,256,0,512,2048,1664,1103.321,1249.498,1236.826,0.9133
mixed,16,12,0.75,4.0,256,0,1024,4096,3328,1761.625,2065.14,2034.613,0.8994
mixed,16,12,0.75,4.0,256,0,2048,8192,6656,3080.431,3690.51,3646.702,0.9282
mixed,16,12,0.75,4.0,256,0,4096,16384,13312,5725.539,6934.784,6836.705,0.9189
mixed,16,12,0.75,4.0,256,512,128,512,416,805.882,846.299,841.243,0.8749
mixed,16,12,0.75,4.0,256,512,256,1024,832,970.682,1048.953,1035.357,0.8263
mixed,16,12,0.75,4.0,256,512,512,2048,1664,1301.274,1456.025,1436.123,0.8714
mixed,16,12,0.75,4.0,256,512,1024,4096,3328,1964.855,2272.341,2245.044,0.9112
mixed,16,12,0.75,4.0,256,512,2048,8192,6656,3284.528,3893.772,3838.219,0.9088
mixed,16,12,0.75,4.0,256,512,4096,16384,13312,5914.436,7150.655,7053.82,0.9217
mixed,16,12,0.75,4.0,256,1024,128,512,416,1001.982,1044.924,1038.491,0.8502
mixed,16,12,0.75,4.0,256,1024,256,1024,832,1171.257,1250.522,1235.836,0.8147
mixed,16,12,0.75,4.0,256,1024,512,2048,1664,1496.856,1653.974,1634.68,0.8772
mixed,16,12,0.75,4.0,256,1024,1024,4096,3328,2167.637,2464.56,2439.67,0.9162
mixed,16,12,0.75,4.0,256,1024,2048,8192,6656,3486.414,4085.259,4043.469,0.9302
mixed,16,12,0.75,4.0,256,1024,4096,16384,13312,6114.498,7329.116,7260.831,0.9438
mixed,16,12,0.75,4.0,256,2048,128,512,416,1403.255,1438.359,1432.794,0.8415
mixed,16,12,0.75,4.0,256,2048,256,1024,832,1571.447,1644.662,1639.734,0.9327
mixed,16,12,0.75,4.0,256,2048,512,2048,1664,1896.438,2050.068,2035.062,0.9023
mixed,16,12,0.75,4.0,256,2048,1024,4096,3328,2559.282,2860.497,2838.611,0.9273
mixed,16,12,0.75,4.0,256,2048,2048,8192,6656,3876.652,4481.036,4441.002,0.9338
mixed,16,12,0.75,4.0,256,2048,4096,16384,13312,6510.814,7733.273,7645.525,0.9282
mixed,16,12,0.75,4.0,256,4096,128,512,416,2193.461,2231.285,2227.092,0.8891
mixed,16,12,0.75,4.0,256,4096,256,1024,832,2362.292,2433.14,2425.461,0.8916
mixed,16,12,0.75,4.0,256,4096,512,2048,1664,2684.275,2839.088,2822.865,0.8952
mixed,16,12,0.75,4.0,256,4096,1024,4096,3328,3349.423,3653.676,3622.7,0.8982
mixed,16,12,0.75,4.0,256,4096,2048,8192,6656,4668.776,5267.59,5226.566,0.9315
mixed,16,12,0.75,4.0,256,4096,4096,16384,13312,7312.538,8520.667,8447.192,0.9392
mixed,16,12,0.75,4.0,256,8192,128,512,416,3767.309,3810.86,3803.404,0.8288
mixed,16,12,0.75,4.0,256,8192,256,1024,832,3939.692,4016.65,4006.541,0.8686
mixed,16,12,0.75,4.0,256,8192,512,2048,1664,4269.803,4421.932,4403.37,0.878
mixed,16,12,0.75,4.0,256,8192,1024,4096,3328,4936.807,5231.557,5207.014,0.9167
mixed,16,12,0.75,4.0,256,8192,2048,8192,6656,6249.25,6864.801,6814.527,0.9183
mixed,16,12,0.75,4.0,256,8192,4096,16384,13312,8882.645,10108.461,10016.883,0.9253
mixed,16,12,0.75,4.0,512,0,128,512,416,683.868,723.261,717.884,0.8635
mixed,16,12,0.75,4.0,512,0,256,1024,832,850.718,930.237,922.524,0.903
mixed,16,12,0.75,4.0,512,0,512,2048,1664,1182.265,1338.331,1320.025,0.8827
mixed,16,12,0.75,4.0,512,0,1024,4096,3328,1844.088,2150.198,2124.18,0.915
mixed,16,12,0.75,4.0,512,0,2048,8192,6656,3168.017,3771.502,3731.82,0.9342
mixed,16,12,0.75,4.0,512,0,4096,16384,13312,5798.82,7027.39,6943.262,0.9315
mixed,16,12,0.75,4.0,512,512,128,512,416,1108.506,1146.681,1140.827,0.8467
mixed,16,12,0.75,4.0,512,512,256,1024,832,1275.546,1351.321,1342.904,0.8889
mixed,16,12,0.75,4.0,512,512,512,2048,1664,1609.048,1754.646,1741.017,0.9064
mixed,16,12,0.75,4.0,512,512,1024,4096,3328,2267.476,2573.043,2547.284,0.9157
mixed,16,12,0.75,4.0,512,512,2048,8192,6656,3587.502,4210.349,4146.987,0.8983
mixed,16,12,0.75,4.0,512,512,4096,16384,13312,6224.065,7439.642,7358.939,0.9336
mixed,16,12,0.75,4.0,512,1024,128,512,416,1507.736,1546.873,1539.514,0.812
mixed,16,12,0.75,4.0,512,1024,256,1024,832,1670.169,1753.817,1745.652,0.9024
mixed,16,12,0.75,4.0,512,1024,512,2048,1664,1999.283,2158.773,2143.509,0.9043
mixed,16,12,0.75,4.0,512,1024,1024,4096,3328,2668.468,2966.738,2941.745,0.9162
mixed,16,12,0.75,4.0,512,1024,2048,8192,6656,3979.661,4593.481,4551.371,0.9314
mixed,16,12,0.75,4.0,512,1024,4096,16384,13312,6619.231,7835.961,7748.537,0.9281
mixed,16,12,0.75,4.0,512,2048,128,512,416,2296.244,2336.596,2332.469,0.8977
mixed,16,12,0.75,4.0,512,2048,256,1024,832,2464.563,2544.917,2530.674,0.8227
mixed,16,12,0.75,4.0,512,2048,512,2048,1664,2807.474,2949.329,2929.519,0.8604
mixed,16,12,0.75,4.0,512,2048,1024,4096,3328,3461.133,3761.613,3740.203,0.9287
mixed,16,12,0.75,4.0,512,2048,2048,8192,6656,4782.025,5387.173,5336.165,0.9157
mixed,16,12,0.75,4.0,512,2048,4096,16384,13312,7423.545,8631.414,8556.179,0.9377
mixed,16,12,0.75,4.0,512,4096,128,512,416,3888.108,3906.058,3912.361,1.3511
mixed,16,12,0.75,4.0,512,4096,256,1024,832,4038.734,4087.115,4088.971,1.0384
mixed,16,12,0.75,4.0,512,4096,512,2048,1664,4380.648,4534.602,4491.69,0.7213
mixed,16,12,0.75,4.0,512,4096,1024,4096,3328,5039.656,5343.012,5310.692,0.8935
mixed,16,12,0.75,4.0,512,4096,2048,8192,6656,6357.313,6956.699,6906.722,0.9166
mixed,16,12,0.75,4.0,512,4096,4096,16384,13312,8982.995,10212.527,10108.653,0.9155
mixed,16,12,0.75,4.0,512,8192,128,512,416,7022.845,7068.156,7061.402,0.8509
mixed,16,12,0.75,4.0,512,8192,256,1024,832,7199.996,7282.172,7282.715,1.0066
mixed,16,12,0.75,4.0,512,8192,512,2048,1664,7534.425,7668.443,7665.046,0.9747
mixed,16,12,0.75,4.0,512,8192,1024,4096,3328,8166.777,8494.872,8480.147,0.9551
mixed,16,12,0.75,4.0,512,8192,2048,8192,6656,9532.11,10144.333,10095.089,0.9196
mixed,16,12,0.75,4.0,512,8192,4096,16384,13312,12153.796,13385.338,13290.107,0.9227
mixed,16,12,0.75,4.0,1024,0,128,512,416,1478.745,1515.64,1514.263,0.9627
mixed,16,12,0.75,4.0,1024,0,256,1024,832,1645.752,1728.408,1716.727,0.8587
mixed,16,12,0.75,4.0,1024,0,512,2048,1664,1974.805,2126.773,2117.524,0.9391
mixed,16,12,0.75,4.0,1024,0,1024,4096,3328,2637.94,2942.931,2920.338,0.9259
mixed,16,12,0.75,4.0,1024,0,2048,8192,6656,3955.245,4569.481,4523.275,0.9248
mixed,16,12,0.75,4.0,1024,0,4096,16384,13312,6598.559,7812.794,7724.697,0.9274
mixed,16,12,0.75,4.0,1024,512,128,512,416,2328.277,2369.364,2357.782,0.7181
mixed,16,12,0.75,4.0,1024,512,256,1024,832,2494.037,2576.948,2570.549,0.9228
mixed,16,12,0.75,4.0,1024,512,512,2048,1664,2828.113,2980.945,2968.755,0.9202
mixed,16,12,0.75,4.0,1024,512,1024,4096,3328,3487.054,3793.163,3764.654,0.9069
mixed,16,12,0.75,4.0,1024,512,2048,8192,6656,4817.257,5409.126,5373.126,0.9392
mixed,16,12,0.75,4.0,1024,512,4096,16384,13312,7443.772,8665.335,8570.9,0.9227
mixed,16,12,0.75,4.0,1024,1024,128,512,416,3128.305,3170.736,3162.193,0.7987
mixed,16,12,0.75,4.0,1024,1024,256,1024,832,3302.483,3380.27,3366.959,0.8289
mixed,16,12,0.75,4.0,1024,1024,512,2048,1664,3636.43,3782.351,3778.508,0.9737
mixed,16,12,0.75,4.0,1024,1024,1024,4096,3328,4296.044,4593.545,4576.744,0.9435
mixed,16,12,0.75,4.0,1024,1024,2048,8192,6656,5604.486,6221.216,6175.139,0.9253
mixed,16,12,0.75,4.0,1024,1024,4096,16384,13312,8246.811,9459.19,9375.566,0.931
mixed,16,12,0.75,4.0,1024,2048,128,512,416,4705.64,4742.794,4741.577,0.9672
mixed,16,12,0.75,4.0,1024,2048,256,1024,832,4878.538,4949.413,4954.088,1.066
mixed,16,12,0.75,4.0,1024,2048,512,2048,1664,5199.655,5361.254,5340.135,0.8693
mixed,16,12,0.75,4.0,1024,2048,1024,4096,3328,5861.248,6175.779,6148.288,0.9126
mixed,16,12,0.75,4.0,1024,2048,2048,8192,6656,7182.908,7791.609,7750.747,0.9329
mixed,16,12,0.75,4.0,1024,2048,4096,16384,13312,9828.495,11027.494,10944.97,0.9312
mixed,16,12,0.75,4.0,1024,4096,128,512,416,7814.521,7855.993,7862.684,1.1613
mixed,16,12,0.75,4.0,1024,4096,256,1024,832,8010.906,8068.634,8056.695,0.7932
mixed,16,12,0.75,4.0,1024,4096,512,2048,1664,8358.356,8490.133,8462.393,0.7895
mixed,16,12,0.75,4.0,1024,4096,1024,4096,3328,8998.641,9283.606,9292.948,1.0328
mixed,16,12,0.75,4.0,1024,4096,2048,8192,6656,10305.803,10939.855,10886.572,0.916
mixed,16,12,0.75,4.0,1024,4096,4096,16384,13312,12957.954,14145.785,14083.097,0.9472
mixed,16,12,0.75,4.0,1024,8192,128,512,416,14074.782,14173.244,14141.687,0.6795
mixed,16,12,0.75,4.0,1024,8192,256,1024,832,14279.322,14399.679,14368.219,0.7386
mixed,16,12,0.75,4.0,1024,8192,512,2048,1664,14631.77,14765.081,14785.082,1.15
mixed,16,12,0.75,4.0,1024,8192,1024,4096,3328,15281.341,15601.778,15526.547,0.7652
mixed,16,12,0.75,4.0,1024,8192,2048,8192,6656,16628.721,17235.436,17152.621,0.8635
mixed,16,12,0.75,4.0,1024,8192,4096,16384,13312,19227.392,19723.485,19242.689,0.0308
mixed,16,12,0.75,4.0,2048,0,128,512,416,3921.07,3313.714,3216.911,
mixed,16,12,0.75,4.0,2048,0,256,1024,832,3349.966,3420.206,3383.921,0.4834
mixed,16,12,0.75,4.0,2048,0,512,2048,1664,4183.629,3820.238,3698.798,
mixed,16,12,0.75,4.0,2048,0,1024,4096,3328,4213.485,4465.194,4275.819,0.2476
mixed,16,12,0.75,4.0,2048,0,2048,8192,6656,5302.629,5799.076,5534.888,0.4678
mixed,16,12,0.75,4.0,2048,0,4096,16384,13312,7967.959,10455.407,10377.805,0.9688
mixed,16,12,0.75,4.0,2048,512,128,512,416,5707.526,5761.508,5745.509,0.7036
mixed,16,12,0.75,4.0,2048,512,256,1024,832,5892.324,5956.291,5950.529,0.9099
mixed,16,12,0.75,4.0,2048,512,512,2048,1664,6210.082,6364.769,6344.771,0.8707
mixed,16,12,0.75,4.0,2048,512,1024,4096,3328,6877.918,6124.74,5431.334,
mixed,16,12,0.75,4.0,2048,512,2048,8192,6656,6375.78,6824.415,6506.05,0.2904
mixed,16,12,0.75,4.0,2048,512,4096,16384,13312,8573.783,9578.037,8860.505,0.2855
mixed,16,12,0.75,4.0,2048,1024,128,512,416,5279.974,5305.222,5293.636,0.5411
mixed,16,12,0.75,4.0,2048,1024,256,1024,832,5654.789,6551.423,6313.953,0.7352
mixed,16,12,0.75,4.0,2048,1024,512,2048,1664,6551.105,6687.71,6646.592,0.699
mixed,16,12,0.75,4.0,2048,1024,1024,4096,3328,7552.86,8753.72,6448.674,-0.9195
mixed,16,12,0.75,4.0,2048,1024,2048,8192,6656,7487.419,7885.404,7531.291,0.1102
mixed,16,12,0.75,4.0,2048,1024,4096,16384,13312,9622.292,10664.17,9964.367,0.3283
mixed,16,12,0.75,4.0,2048,2048,128,512,416,7536.794,7541.244,7546.267,2.1288
mixed,16,12,0.75,4.0,2048,2048,256,1024,832,7677.496,8421.879,7727.096,0.0666
mixed,16,12,0.75,4.0,2048,2048,512,2048,1664,7989.209,8119.64,8020.762,0.2419
mixed,16,12,0.75,4.0,2048,2048,1024,4096,3328,8543.829,8798.644,8623.189,0.3114
mixed,16,12,0.75,4.0,2048,2048,2048,8192,6656,11979.849,10911.753,9853.742,
mixed,16,12,0.75,4.0,2048,2048,4096,16384,13312,11931.751,12948.482,12279.94,0.3425
mixed,16,12,0.75,4.0,2048,4096,128,512,416,12077.513,12101.447,12090.758,0.5534
mixed,16,12,0.75,4.0,2048,4096,256,1024,832,12250.085,12291.814,12236.009,-0.3373
mixed,16,12,0.75,4.0,2048,4096,512,2048,1664,12500.611,12630.211,12549.697,0.3787
mixed,16,12,0.75,4.0,2048,4096,1024,4096,3328,13070.976,13331.391,13190.307,0.4582
mixed,16,12,0.75,4.0,2048,4096,2048,8192,6656,14185.176,14660.924,14309.408,0.2611
mixed,16,12,0.75,4.0,2048,4096,4096,16384,13312,16509.967,17790.122,16780.307,0.2112
mixed,16,12,0.75,4.0,2048,8192,128,512,416,20971.838,20889.782,20953.47,
mixed,16,12,0.75,4.0,2048,8192,256,1024,832,21073.983,21159.671,21111.229,0.4347
mixed,16,12,0.75,4.0,2048,8192,512,2048,1664,21368.985,21499.094,21351.039,-0.1379
mixed,16,12,0.75,4.0,2048,8192,1024,4096,3328,21987.867,22245.494,21964.985,-0.0888
mixed,16,12,0.75,4.0,2048,8192,2048,8192,6656,23001.205,23403.537,23148.084,0.3651
mixed,16,12,0.75,4.0,2048,8192,4096,16384,13312,25215.458,26224.677,25702.308,0.4824
pure,16,14,0.875,4.0,0,0,128,512,464,195.166,216.096,203.745,0.4099
pure,16,14,0.875,4.0,0,0,256,1024,928,433.916,471.229,467.613,0.9031
pure,16,14,0.875,4.0,0,0,512,2048,1856,808.765,882.589,869.532,0.8231
pure,16,14,0.875,4.0,0,0,1024,4096,3712,1544.568,1691.126,1677.207,0.905
pure,16,14,0.875,4.0,0,0,2048,8192,7424,3015.186,3317.104,3300.559,0.9452
pure,16,14,0.875,4.0,0,0,4096,16384,14848,5955.524,6571.778,6523.647,0.9219
mixed,16,14,0.875,4.0,16,0,128,512,464,263.264,287.872,284.897,0.8791
mixed,16,14,0.875,4.0,16,0,256,1024,928,454.269,490.718,486.206,0.8762
mixed,16,14,0.875,4.0,16,0,512,2048,1856,826.781,900.669,894.011,0.9099
mixed,16,14,0.875,4.0,16,0,1024,4096,3712,1560.792,1714.36,1700.504,0.9098
mixed,16,14,0.875,4.0,16,0,2048,8192,7424,3163.631,3341.518,3316.146,0.8574
mixed,16,14,0.875,4.0,16,0,4096,16384,14848,5984.801,6590.942,6554.433,0.9398
mixed,16,14,0.875,4.0,16,512,128,512,464,316.221,339.455,336.223,0.8609
mixed,16,14,0.875,4.0,16,512,256,1024,928,505.887,546.047,542.269,0.9059
mixed,16,14,0.875,4.0,16,512,512,2048,1856,881.5,950.782,946.395,0.9367
mixed,16,14,0.875,4.0,16,512,1024,4096,3712,1612.758,1767.478,1753.654,0.9107
mixed,16,14,0.875,4.0,16,512,2048,8192,7424,3089.2,3399.759,3365.774,0.8906
mixed,16,14,0.875,4.0,16,512,4096,16384,14848,6036.898,6646.013,6593.694,0.9141
mixed,16,14,0.875,4.0,16,1024,128,512,464,335.486,361.181,356.127,0.8033
mixed,16,14,0.875,4.0,16,1024,256,1024,928,530.844,572.477,563.84,0.7925
mixed,16,14,0.875,4.0,16,1024,512,2048,1856,904.027,978.46,968.634,0.868
mixed,16,14,0.875,4.0,16,1024,1024,4096,3712,1641.559,1789.047,1779.383,0.9345
mixed,16,14,0.875,4.0,16,1024,2048,8192,7424,3114.383,3414.543,3389.135,0.9154
mixed,16,14,0.875,4.0,16,1024,4096,16384,14848,6049.316,6675.517,6619.169,0.91
mixed,16,14,0.875,4.0,16,2048,128,512,464,358.046,388.287,380.64,0.7471
mixed,16,14,0.875,4.0,16,2048,256,1024,928,552.253,591.418,585.407,0.8465
mixed,16,14,0.875,4.0,16,2048,512,2048,1856,924.509,995.9,993.499,0.9664
mixed,16,14,0.875,4.0,16,2048,1024,4096,3712,1656.826,1817.143,1795.286,0.8637
mixed,16,14,0.875,4.0,16,2048,2048,8192,7424,3132.273,3444.205,3407.729,0.8831
mixed,16,14,0.875,4.0,16,2048,4096,16384,14848,6063.522,6680.322,6626.018,0.912
mixed,16,14,0.875,4.0,16,4096,128,512,464,414.077,439.9,436.0,0.849
mixed,16,14,0.875,4.0,16,4096,256,1024,928,609.306,647.962,637.917,0.7401
mixed,16,14,0.875,4.0,16,4096,512,2048,1856,978.199,1050.586,1042.395,0.8868
mixed,16,14,0.875,4.0,16,4096,1024,4096,3712,1714.453,1868.342,1847.928,0.8673
mixed,16,14,0.875,4.0,16,4096,2048,8192,7424,3181.682,3485.841,3461.486,0.9199
mixed,16,14,0.875,4.0,16,4096,4096,16384,14848,6138.147,6737.055,6702.4,0.9421
mixed,16,14,0.875,4.0,16,8192,128,512,464,519.198,549.565,542.015,0.7514
mixed,16,14,0.875,4.0,16,8192,256,1024,928,708.285,749.759,743.292,0.8441
mixed,16,14,0.875,4.0,16,8192,512,2048,1856,1080.444,1160.955,1142.747,0.7738
mixed,16,14,0.875,4.0,16,8192,1024,4096,3712,1818.423,1967.38,1956.98,0.9302
mixed,16,14,0.875,4.0,16,8192,2048,8192,7424,3294.224,3599.633,3558.385,0.8649
mixed,16,14,0.875,4.0,16,8192,4096,16384,14848,6232.672,6838.143,6784.958,0.9122
mixed,16,14,0.875,4.0,32,0,128,512,464,298.78,328.253,321.084,0.7568
mixed,16,14,0.875,4.0,32,0,256,1024,928,492.381,531.614,529.854,0.9551
mixed,16,14,0.875,4.0,32,0,512,2048,1856,865.273,942.108,929.724,0.8388
mixed,16,14,0.875,4.0,32,0,1024,4096,3712,1598.202,1753.335,1731.67,0.8603
mixed,16,14,0.875,4.0,32,0,2048,8192,7424,3075.091,3381.935,3345.773,0.8821
mixed,16,14,0.875,4.0,32,0,4096,16384,14848,6017.637,6628.799,6577.156,0.9155
mixed,16,14,0.875,4.0,32,512,128,512,464,358.493,385.98,379.87,0.7777
mixed,16,14,0.875,4.0,32,512,256,1024,928,551.903,592.126,586.846,0.8687
mixed,16,14,0.875,4.0,32,512,512,2048,1856,919.484,997.593,989.467,0.896
mixed,16,14,0.875,4.0,32,512,1024,4096,3712,1658.101,1810.905,1796.533,0.9059
mixed,16,14,0.875,4.0,32,512,2048,8192,7424,3131.441,3438.796,3405.712,0.8924
mixed,16,14,0.875,4.0,32,512,4096,16384,14848,6078.655,6689.089,6636.035,0.9131
mixed,16,14,0.875,4.0,32,1024,128,512,464,426.044,454.17,451.74,0.9136
mixed,16,14,0.875,4.0,32,1024,256,1024,928,618.077,655.101,650.142,0.8661
mixed,16,14,0.875,4.0,32,1024,512,2048,1856,989.787,1069.37,1057.913,0.856
mixed,16,14,0.875,4.0,32,1024,1024,4096,3712,1725.241,1872.599,1863.288,0.9368
mixed,16,14,0.875,4.0,32,1024,2048,8192,7424,3194.061,3511.633,3474.575,0.8833
mixed,16,14,0.875,4.0,32,1024,4096,16384,14848,6147.683,6745.887,6694.848,0.9147
mixed,16,14,0.875,4.0,32,2048,128,512,464,462.237,488.092,484.96,0.8789
mixed,16,14,0.875,4.0,32,2048,256,1024,928,655.645,694.269,690.558,0.9039
mixed,16,14,0.875,4.0,32,2048,512,2048,1856,1025.851,1102.266,1091.292,0.8564
mixed,16,14,0.875,4.0,32,2048,1024,4096,3712,1765.846,1906.486,1895.318,0.9206
mixed,16,14,0.875,4.0,32,2048,2048,8192,7424,3233.71,3537.966,3517.488,0.9327
mixed,16,14,0.875,4.0,32,2048,4096,16384,14848,6174.014,6775.748,6747.967,0.9538
mixed,16,14,0.875,4.0,32,4096,128,512,464,572.383,594.206,590.813,0.8445
mixed,16,14,0.875,4.0,32,4096,256,1024,928,759.164,799.644,794.653,0.8767
mixed,16,14,0.875,4.0,32,4096,512,2048,1856,1135.868,1208.186,1200.121,0.8885
mixed,16,14,0.875,4.0,32,4096,1024,4096,3712,1864.568,2017.877,2002.55,0.9
mixed,16,14,0.875,4.0,32,4096,2048,8192,7424,3336.172,3647.919,3624.815,0.9259
mixed,16,14,0.875,4.0,32,4096,4096,16384,14848,6284.804,6882.879,6839.837,0.928
mixed,16,14,0.875,4.0,32,8192,128,512,464,773.757,805.659,800.508,0.8385
mixed,16,14,0.875,4.0,32,8192,256,1024,928,971.034,1006.46,1000.733,0.8383
mixed,16,14,0.875,4.0,32,8192,512,2048,1856,1340.345,1414.04,1403.418,0.8559
mixed,16,14,0.875,4.0,32,8192,1024,4096,3712,2073.908,2229.075,2212.759,0.8948
mixed,16,14,0.875,4.0,32,8192,2048,8192,7424,3547.057,3851.629,3821.166,0.9
mixed,16,14,0.875,4.0,32,8192,4096,16384,14848,6498.978,7104.703,7051.422,0.912
mixed,16,14,0.875,4.0,64,0,128,512,464,307.647,333.118,328.925,0.8354
mixed,16,14,0.875,4.0,64,0,256,1024,928,503.518,538.909,534.718,0.8816
mixed,16,14,0.875,4.0,64,0,512,2048,1856,874.524,945.18,937.118,0.8859
mixed,16,14,0.875,4.0,64,0,1024,4096,3712,1610.04,1760.729,1745.56,0.8993
mixed,16,14,0.875,4.0,64,0,2048,8192,7424,3079.761,3384.208,3349.231,0.8851
mixed,16,14,0.875,4.0,64,0,4096,16384,14848,6026.944,6629.502,6570.751,0.9025
mixed,16,14,0.875,4.0,64,512,128,512,464,445.278,470.909,471.71,1.0313
mixed,16,14,0.875,4.0,64,512,256,1024,928,640.348,675.613,673.791,0.9483
mixed,16,14,0.875,4.0,64,512,512,2048,1856,1009.209,1083.838,1075.388,0.8868
mixed,16,14,0.875,4.0,64,512,1024,4096,3712,1742.453,1898.519,1882.743,0.8989
mixed,16,14,0.875,4.0,64,512,2048,8192,7424,3219.345,3524.847,3491.661,0.8914
mixed,16,14,0.875,4.0,64,512,4096,16384,14848,6159.264,6761.182,6714.722,0.9228
mixed,16,14,0.875,4.0,64,1024,128,512,464,521.277,550.814,549.437,0.9534
mixed,16,14,0.875,4.0,64,1024,256,1024,928,711.931,754.938,750.909,0.9063
mixed,16,14,0.875,4.0,64,1024,512,2048,1856,1085.273,1164.824,1152.57,0.846
mixed,16,14,0.875,4.0,64,1024,1024,4096,3712,1825.433,1972.182,1955.927,0.8892
mixed,16,14,0.875,4.0,64,1024,2048,8192,7424,3296.049,3598.094,3575.757,0.926
mixed,16,14,0.875,4.0,64,1024,4096,16384,14848,6245.246,6839.935,6789.693,0.9155
mixed,16,14,0.875,4.0,64,2048,128,512,464,623.133,650.367,646.269,0.8495
mixed,16,14,0.875,4.0,64,2048,256,1024,928,816.155,854.94,847.868,0.8177
mixed,16,14,0.875,4.0,64,2048,512,2048,1856,1187.129,1262.137,1256.411,0.9237
mixed,16,14,0.875,4.0,64,2048,1024,4096,3712,1922.004,2070.965,2061.331,0.9353
mixed,16,14,0.875,4.0,64,2048,2048,8192,7424,3390.926,3694.893,3666.444,0.9064
mixed,16,14,0.875,4.0,64,2048,4096,16384,14848,6342.27,6954.206,6891.421,0.8974
mixed,16,14,0.875,4.0,64,4096,128,512,464,823.996,853.146,849.181,0.864
mixed,16,14,0.875,4.0,64,4096,256,1024,928,1016.025,1054.265,1050.748,0.908
mixed,16,14,0.875,4.0,64,4096,512,2048,1856,1387.608,1462.007,1448.504,0.8185
mixed,16,14,0.875,4.0,64,4096,1024,4096,3712,2117.237,2277.653,2259.924,0.8895
mixed,16,14,0.875,4.0,64,4096,2048,8192,7424,3596.974,3906.703,3874.062,0.8946
mixed,16,14,0.875,4.0,64,4096,4096,16384,14848,6555.775,7155.326,7103.071,0.9128
mixed,16,14,0.875,4.0,64,8192,128,512,464,1219.706,1248.954,1243.577,0.8162
mixed,16,14,0.875,4.0,64,8192,256,1024,928,1413.398,1451.0,1441.816,0.7558
mixed,16,14,0.875,4.0,64,8192,512,2048,1856,1783.128,1857.045,1848.021,0.8779
mixed,16,14,0.875,4.0,64,8192,1024,4096,3712,2515.764,2671.827,2650.71,0.8647
mixed,16,14,0.875,4.0,64,8192,2048,8192,7424,4005.58,4294.668,4267.276,0.9052
mixed,16,14,0.875,4.0,64,8192,4096,16384,14848,6928.572,7544.284,7496.474,0.9224
mixed,16,14,0.875,4.0,128,0,128,512,464,329.885,357.183,354.527,0.9027
mixed,16,14,0.875,4.0,128,0,256,1024,928,524.604,563.997,555.965,0.7961
mixed,16,14,0.875,4.0,128,0,512,2048,1856,893.147,967.739,960.763,0.9065
mixed,16,14,0.875,4.0,128,0,1024,4096,3712,1626.842,1778.933,1767.608,0.9255
mixed,16,14,0.875,4.0,128,0,2048,8192,7424,3100.144,3406.96,3378.378,0.9068
mixed,16,14,0.875,4.0,128,0,4096,16384,14848,6040.739,6653.087,6603.013,0.9182
mixed,16,14,0.875,4.0,128,512,128,512,464,568.478,599.42,590.366,0.7074
mixed,16,14,0.875,4.0,128,512,256,1024,928,761.501,797.09,795.191,0.9466
mixed,16,14,0.875,4.0,128,512,512,2048,1856,1125.824,1205.665,1194.751,0.8633
mixed,16,14,0.875,4.0,128,512,1024,4096,3712,1872.309,2012.918,2005.942,0.9504
mixed,16,14,0.875,4.0,128,512,2048,8192,7424,3336.411,3641.542,3618.693,0.9251
mixed,16,14,0.875,4.0,128,512,4096,16384,14848,6273.261,6881.501,6836.348,0.9258
mixed,16,14,0.875,4.0,128,1024,128,512,464,669.202,692.498,689.778,0.8832
mixed,16,14,0.875,4.0,128,1024,256,1024,928,856.313,903.194,896.089,0.8484
mixed,16,14,0.875,4.0,128,1024,512,2048,1856,1225.665,1302.276,1293.539,0.886
mixed,16,14,0.875,4.0,128,1024,1024,4096,3712,1960.918,2114.491,2100.219,0.9071
mixed,16,14,0.875,4.0,128,1024,2048,8192,7424,3429.341,3735.847,3715.686,0.9342
mixed,16,14,0.875,4.0,128,1024,4096,16384,14848,6375.599,6981.406,6935.611,0.9244
mixed,16,14,0.875,4.0,128,2048,128,512,464,871.193,899.479,894.81,0.8349
mixed,16,14,0.875,4.0,128,2048,256,1024,928,1063.166,1100.575,1095.23,0.8571
mixed,16,14,0.875,4.0,128,2048,512,2048,1856,1429.512,1507.465,1502.277,0.9334
mixed,16,14,0.875,4.0,128,2048,1024,4096,3712,2168.378,2312.321,2299.644,0.9119
mixed,16,14,0.875,4.0,128,2048,2048,8192,7424,3637.506,3937.514,3908.555,0.9035
mixed,16,14,0.875,4.0,128,2048,4096,16384,14848,6575.087,7172.575,7145.792,0.9552
mixed,16,14,0.875,4.0,128,4096,128,512,464,1269.218,1295.457,1290.754,0.8208
mixed,16,14,0.875,4.0,128,4096,256,1024,928,1461.064,1499.846,1493.734,0.8424
mixed,16,14,0.875,4.0,128,4096,512,2048,1856,1826.994,1900.657,1895.348,0.9279
mixed,16,14,0.875,4.0,128,4096,1024,4096,3712,2565.124,2709.576,2697.481,0.9163
mixed,16,14,0.875,4.0,128,4096,2048,8192,7424,4033.965,4344.498,4309.875,0.8885
mixed,16,14,0.875,4.0,128,4096,4096,16384,14848,6966.681,7580.969,7524.007,0.9073
mixed,16,14,0.875,4.0,128,8192,128,512,464,2056.248,2080.726,2079.608,0.9543
mixed,16,14,0.875,4.0,128,8192,256,1024,928,2243.614,2283.293,2278.492,0.879
mixed,16,14,0.875,4.0,128,8192,512,2048,1856,2616.261,2688.104,2687.367,0.9897
mixed,16,14,0.875,4.0,128,8192,1024,4096,3712,3348.921,3502.298,3494.333,0.9481
mixed,16,14,0.875,4.0,128,8192,2048,8192,7424,4816.894,5125.99,5101.031,0.9193
mixed,16,14,0.875,4.0,128,8192,4096,16384,14848,7758.889,8363.645,8328.763,0.9423
mixed,16,14,0.875,4.0,256,0,128,512,464,617.552,641.905,637.392,0.8147
mixed,16,14,0.875,4.0,256,0,256,1024,928,811.795,848.086,844.436,0.8994
mixed,16,14,0.875,4.0,256,0,512,2048,1856,1172.769,1249.346,1246.306,0.9603
mixed,16,14,0.875,4.0,256,0,1024,4096,3712,1915.954,2068.501,2048.598,0.8695
mixed,16,14,0.875,4.0,256,0,2048,8192,7424,3375.513,3678.719,3663.551,0.95
mixed,16,14,0.875,4.0,256,0,4096,16384,14848,6316.483,6933.814,6871.539,0.8991
mixed,16,14,0.875,4.0,256,512,128,512,464,816.727,842.934,841.62,0.9499
mixed,16,14,0.875,4.0,256,512,256,1024,928,1007.578,1051.034,1040.282,0.7526
mixed,16,14,0.875,4.0,256,512,512,2048,1856,1375.718,1448.005,1439.686,0.8849
mixed,16,14,0.875,4.0,256,512,1024,4096,3712,2117.558,2262.586,2254.427,0.9437
mixed,16,14,0.875,4.0,256,512,2048,8192,7424,3585.532,3896.87,3855.968,0.8686
mixed,16,14,0.875,4.0,256,512,4096,16384,14848,6521.127,7129.046,7070.036,0.9029
mixed,16,14,0.875,4.0,256,1024,128,512,464,1019.45,1043.483,1039.067,0.8163
mixed,16,14,0.875,4.0,256,1024,256,1024,928,1209.054,1250.049,1244.062,0.854
mixed,16,14,0.875,4.0,256,1024,512,2048,1856,1575.943,1659.786,1644.234,0.8145
mixed,16,14,0.875,4.0,256,1024,1024,4096,3712,2314.171,2464.414,2451.518,0.9142
mixed,16,14,0.875,4.0,256,1024,2048,8192,7424,3782.528,4088.841,4066.311,0.9264
mixed,16,14,0.875,4.0,256,1024,4096,16384,14848,6727.915,7332.985,7285.239,0.9211
mixed,16,14,0.875,4.0,256,2048,128,512,464,1414.405,1441.892,1437.607,0.8441
mixed,16,14,0.875,4.0,256,2048,256,1024,928,1606.634,1647.85,1640.618,0.8245
mixed,16,14,0.875,4.0,256,2048,512,2048,1856,1973.971,2047.955,2042.451,0.9256
mixed,16,14,0.875,4.0,256,2048,1024,4096,3712,2709.158,2863.015,2846.984,0.8958
mixed,16,14,0.875,4.0,256,2048,2048,8192,7424,4184.328,4482.706,4463.6,0.936
mixed,16,14,0.875,4.0,256,2048,4096,16384,14848,7112.468,7726.948,7685.794,0.933
mixed,16,14,0.875,4.0,256,4096,128,512,464,2207.992,2225.08,2224.823,0.985
mixed,16,14,0.875,4.0,256,4096,256,1024,928,2393.469,2433.083,2423.518,0.7585
mixed,16,14,0.875,4.0,256,4096,512,2048,1856,2763.172,2833.926,2828.964,0.9299
mixed,16,14,0.875,4.0,256,4096,1024,4096,3712,3493.145,3648.507,3632.505,0.897
mixed,16,14,0.875,4.0,256,4096,2048,8192,7424,4971.804,5279.013,5238.818,0.8692
mixed,16,14,0.875,4.0,256,4096,4096,16384,14848,7915.107,8525.428,8459.122,0.8914
mixed,16,14,0.875,4.0,256,8192,128,512,464,3781.054,3806.908,3808.766,1.0719
mixed,16,14,0.875,4.0,256,8192,256,1024,928,3969.088,4007.91,4008.002,1.0024
mixed,16,14,0.875,4.0,256,8192,512,2048,1856,4350.061,4417.322,4411.917,0.9196
mixed,16,14,0.875,4.0,256,8192,1024,4096,3712,5080.861,5226.498,5212.062,0.9009
mixed,16,14,0.875,4.0,256,8192,2048,8192,7424,6550.112,6844.199,6824.007,0.9313
mixed,16,14,0.875,4.0,256,8192,4096,16384,14848,9487.141,10088.31,10037.27,0.9151
mixed,16,14,0.875,4.0,512,0,128,512,464,698.292,724.05,721.649,0.9068
mixed,16,14,0.875,4.0,512,0,256,1024,928,887.829,930.389,924.822,0.8692
mixed,16,14,0.875,4.0,512,0,512,2048,1856,1261.087,1335.776,1322.783,0.826
mixed,16,14,0.875,4.0,512,0,1024,4096,3712,1994.097,2146.035,2130.453,0.8974
mixed,16,14,0.875,4.0,512,0,2048,8192,7424,3461.206,3768.249,3739.772,0.9073
mixed,16,14,0.875,4.0,512,0,4096,16384,14848,6401.885,7007.947,6963.268,0.9263
mixed,16,14,0.875,4.0,512,512,128,512,464,1118.458,1145.947,1142.716,0.8825
mixed,16,14,0.875,4.0,512,512,256,1024,928,1311.519,1352.64,1341.792,0.7362
mixed,16,14,0.875,4.0,512,512,512,2048,1856,1682.185,1756.939,1752.778,0.9443
mixed,16,14,0.875,4.0,512,512,1024,4096,3712,2413.497,2567.615,2551.422,0.8949
mixed,16,14,0.875,4.0,512,512,2048,8192,7424,3884.669,4193.254,4161.446,0.8969
mixed,16,14,0.875,4.0,512,512,4096,16384,14848,6839.555,7437.715,7383.278,0.909
mixed,16,14,0.875,4.0,512,1024,128,512,464,1518.597,1541.989,1541.766,0.9905
mixed,16,14,0.875,4.0,512,1024,256,1024,928,1713.032,1752.844,1743.433,0.7636
mixed,16,14,0.875,4.0,512,1024,512,2048,1856,2077.841,2156.051,2140.787,0.8048
mixed,16,14,0.875,4.0,512,1024,1024,4096,3712,2811.683,2968.549,2960.229,0.947
mixed,16,14,0.875,4.0,512,1024,2048,8192,7424,4298.949,4587.307,4559.981,0.9052
mixed,16,14,0.875,4.0,512,1024,4096,16384,14848,7218.312,7832.92,7770.615,0.8986
mixed,16,14,0.875,4.0,512,2048,128,512,464,2311.959,2337.046,2335.189,0.926
mixed,16,14,0.875,4.0,512,2048,256,1024,928,2501.596,2545.214,2541.915,0.9244
mixed,16,14,0.875,4.0,512,2048,512,2048,1856,2872.804,2947.205,2948.933,1.0232
mixed,16,14,0.875,4.0,512,2048,1024,4096,3712,3606.069,3757.975,3743.991,0.9079
mixed,16,14,0.875,4.0,512,2048,2048,8192,7424,5078.359,5378.782,5356.766,0.9267
mixed,16,14,0.875,4.0,512,2048,4096,16384,14848,8026.776,8627.24,8582.308,0.9252
mixed,16,14,0.875,4.0,512,4096,128,512,464,3890.907,3921.404,3908.443,0.575
mixed,16,14,0.875,4.0,512,4096,256,1024,928,4050.428,4114.081,4127.999,1.2187
mixed,16,14,0.875,4.0,512,4096,512,2048,1856,4456.551,4514.759,4505.093,0.8339
mixed,16,14,0.875,4.0,512,4096,1024,4096,3712,5164.019,5331.675,5315.64,0.9044
mixed,16,14,0.875,4.0,512,4096,2048,8192,7424,6657.66,6970.178,6922.944,0.8489
mixed,16,14,0.875,4.0,512,4096,4096,16384,14848,9592.185,10224.518,10156.549,0.8925
mixed,16,14,0.875,4.0,512,8192,128,512,464,7038.049,7520.584,7095.746,0.1196
mixed,16,14,0.875,4.0,512,8192,256,1024,928,7258.976,7300.171,7278.34,0.4701
mixed,16,14,0.875,4.0,512,8192,512,2048,1856,7622.449,7671.92,7662.797,0.8156
mixed,16,14,0.875,4.0,512,8192,1024,4096,3712,8338.301,8497.253,8493.95,0.9792
mixed,16,14,0.875,4.0,512,8192,2048,8192,7424,9780.225,10111.498,10091.523,0.9397
mixed,16,14,0.875,4.0,512,8192,4096,16384,14848,12774.66,13367.088,13296.843,0.8814
mixed,16,14,0.875,4.0,1024,0,128,512,464,1491.394,1518.209,1514.369,0.8568
mixed,16,14,0.875,4.0,1024,0,256,1024,928,1681.318,1726.183,1714.725,0.7446
mixed,16,14,0.875,4.0,1024,0,512,2048,1856,2049.359,2129.52,2120.623,0.889
mixed,16,14,0.875,4.0,1024,0,1024,4096,3712,2789.661,2940.674,2926.464,0.9059
mixed,16,14,0.875,4.0,1024,0,2048,8192,7424,4259.006,4571.049,4533.991,0.8812
mixed,16,14,0.875,4.0,1024,0,4096,16384,14848,7195.714,7805.712,7746.384,0.9027
mixed,16,14,0.875,4.0,1024,512,128,512,464,2342.838,2373.813,2365.46,0.7303
mixed,16,14,0.875,4.0,1024,512,256,1024,928,2539.225,2575.129,2575.384,1.0071
mixed,16,14,0.875,4.0,1024,512,512,2048,1856,2904.894,2978.657,2971.746,0.9063
mixed,16,14,0.875,4.0,1024,512,1024,4096,3712,3638.77,3801.011,3774.676,0.8377
mixed,16,14,0.875,4.0,1024,512,2048,8192,7424,5111.729,5416.41,5388.917,0.9098
mixed,16,14,0.875,4.0,1024,512,4096,16384,14848,8049.908,8657.247,8604.157,0.9126
mixed,16,14,0.875,4.0,1024,1024,128,512,464,3144.035,3175.367,3169.127,0.8008
mixed,16,14,0.875,4.0,1024,1024,256,1024,928,3337.226,3381.353,3373.642,0.8253
mixed,16,14,0.875,4.0,1024,1024,512,2048,1856,3705.649,3783.156,3774.898,0.8935
mixed,16,14,0.875,4.0,1024,1024,1024,4096,3712,4434.976,4602.278,4586.724,0.907
mixed,16,14,0.875,4.0,1024,1024,2048,8192,7424,5913.728,6228.168,6196.707,0.8999
mixed,16,14,0.875,4.0,1024,1024,4096,16384,14848,8851.649,9479.441,9408.65,0.8872
mixed,16,14,0.875,4.0,1024,2048,128,512,464,4730.311,4740.293,4739.751,0.9457
mixed,16,14,0.875,4.0,1024,2048,256,1024,928,4912.33,4952.428,4948.393,0.8994
mixed,16,14,0.875,4.0,1024,2048,512,2048,1856,5292.66,5363.666,5350.034,0.808
mixed,16,14,0.875,4.0,1024,2048,1024,4096,3712,6008.354,6174.695,6161.059,0.918
mixed,16,14,0.875,4.0,1024,2048,2048,8192,7424,7496.003,7790.569,7761.127,0.9
mixed,16,14,0.875,4.0,1024,2048,4096,16384,14848,10430.109,11040.108,10981.514,0.9039
mixed,16,14,0.875,4.0,1024,4096,128,512,464,7852.424,7867.049,7882.632,2.0655
mixed,16,14,0.875,4.0,1024,4096,256,1024,928,8047.433,8073.769,8089.549,1.5992
mixed,16,14,0.875,4.0,1024,4096,512,2048,1856,8390.931,8481.013,8463.155,0.8018
mixed,16,14,0.875,4.0,1024,4096,1024,4096,3712,9159.237,9294.152,9286.024,0.9398
mixed,16,14,0.875,4.0,1024,4096,2048,8192,7424,10620.096,10905.861,10896.075,0.9658
mixed,16,14,0.875,4.0,1024,4096,4096,16384,14848,13561.374,14204.78,14111.241,0.8546
mixed,16,14,0.875,4.0,1024,8192,128,512,464,14121.997,14128.008,14153.513,5.2431
mixed,16,14,0.875,4.0,1024,8192,256,1024,928,14312.398,14345.553,14362.288,1.5048
mixed,16,14,0.875,4.0,1024,8192,512,2048,1856,14718.518,14800.789,14792.563,0.9
mixed,16,14,0.875,4.0,1024,8192,1024,4096,3712,15443.718,15585.638,15548.58,0.7389
mixed,16,14,0.875,4.0,1024,8192,2048,8192,7424,16886.273,17212.1,17160.067,0.8403
mixed,16,14,0.875,4.0,1024,8192,4096,16384,14848,19867.204,19519.892,19451.285,
mixed,16,14,0.875,4.0,2048,0,128,512,464,3975.153,3317.157,3259.076,
mixed,16,14,0.875,4.0,2048,0,256,1024,928,3407.654,3446.215,3424.296,0.4316
mixed,16,14,0.875,4.0,2048,0,512,2048,1856,3736.461,4296.57,3779.214,0.0763
mixed,16,14,0.875,4.0,2048,0,1024,4096,3712,4315.738,4440.475,4341.338,0.2052
mixed,16,14,0.875,4.0,2048,0,2048,8192,7424,7204.694,6363.044,6328.676,
mixed,16,14,0.875,4.0,2048,0,4096,16384,14848,8703.891,9250.463,8952.601,0.455
mixed,16,14,0.875,4.0,2048,512,128,512,464,4891.781,4915.492,4912.265,0.8639
mixed,16,14,0.875,4.0,2048,512,256,1024,928,5399.951,5955.675,5955.451,0.9996
mixed,16,14,0.875,4.0,2048,512,512,2048,1856,6285.153,6362.787,6354.369,0.8916
mixed,16,14,0.875,4.0,2048,512,1024,4096,3712,5622.773,5606.322,5405.934,
mixed,16,14,0.875,4.0,2048,512,2048,8192,7424,6654.855,6893.93,6686.986,0.1344
mixed,16,14,0.875,4.0,2048,512,4096,16384,14848,9743.751,10065.84,9764.808,0.0654
mixed,16,14,0.875,4.0,2048,1024,128,512,464,5503.633,5436.526,5425.613,
mixed,16,14,0.875,4.0,2048,1024,256,1024,928,5577.552,5608.498,6121.246,17.5691
mixed,16,14,0.875,4.0,2048,1024,512,2048,1856,6938.54,6177.308,6142.077,
mixed,16,14,0.875,4.0,2048,1024,1024,4096,3712,6756.87,6873.707,6782.953,0.2232
mixed,16,14,0.875,4.0,2048,1024,2048,8192,7424,10138.221,10380.432,10356.527,0.9013
mixed,16,14,0.875,4.0,2048,1024,4096,16384,14848,10583.895,10695.833,10262.573,-2.8705
mixed,16,14,0.875,4.0,2048,2048,128,512,464,7555.384,7579.577,7568.792,0.5542
mixed,16,14,0.875,4.0,2048,2048,256,1024,928,7796.188,8398.794,8976.146,1.9581
mixed,16,14,0.875,4.0,2048,2048,512,2048,1856,8627.306,8369.734,8018.882,
mixed,16,14,0.875,4.0,2048,2048,1024,4096,3712,8672.876,8777.746,8685.611,0.1214
mixed,16,14,0.875,4.0,2048,2048,2048,8192,7424,9936.999,10190.569,9955.271,0.0721
mixed,16,14,0.875,4.0,2048,2048,4096,16384,14848,12449.53,12994.525,12529.4,0.1466
mixed,16,14,0.875,4.0,2048,4096,128,512,464,12083.979,12106.417,12091.723,0.3451
mixed,16,14,0.875,4.0,2048,4096,256,1024,928,12243.924,12278.257,12266.133,0.6469
mixed,16,14,0.875,4.0,2048,4096,512,2048,1856,12576.633,12622.68,12583.802,0.1557
mixed,16,14,0.875,4.0,2048,4096,1024,4096,3712,13205.635,13339.491,13222.881,0.1288
mixed,16,14,0.875,4.0,2048,4096,2048,8192,7424,14461.655,14723.136,14511.965,0.1924
mixed,16,14,0.875,4.0,2048,4096,4096,16384,14848,16955.179,17469.075,17113.71,0.3085
mixed,16,14,0.875,4.0,2048,8192,128,512,464,20953.015,20806.17,20877.332,
mixed,16,14,0.875,4.0,2048,8192,256,1024,928,21161.179,21214.908,21106.002,-1.027
mixed,16,14,0.875,4.0,2048,8192,512,2048,1856,21432.382,21512.099,21449.247,0.2116
mixed,16,14,0.875,4.0,2048,8192,1024,4096,3712,21936.454,22191.726,22073.199,0.5357
mixed,16,14,0.875,4.0,2048,8192,2048,8192,7424,23320.996,23574.187,23411.23,0.3564
mixed,16,14,0.875,4.0,2048,8192,4096,16384,14848,25710.578,26412.823,26036.689,0.4644
pure,32,1,0.0312,4.0,0,0,128,512,140,149.571,406.536,227.333,0.3026
pure,32,1,0.0312,4.0,0,0,256,1024,280,239.493,752.335,499.016,0.506
pure,32,1,0.0312,4.0,0,0,512,2048,560,496.009,1654.816,836.209,0.2936
pure,32,1,0.0312,4.0,0,0,1024,4096,1120,939.634,3222.172,1594.718,0.287
pure,32,1,0.0312,4.0,0,0,2048,8192,2240,1795.872,6367.701,3383.94,0.3474
pure,32,1,0.0312,4.0,0,0,4096,16384,4480,3517.249,12634.479,6142.836,0.288
mixed,32,1,0.0312,4.0,16,0,128,512,140,201.185,499.499,284.582,0.2796
mixed,32,1,0.0312,4.0,16,0,256,1024,280,301.799,890.706,530.123,0.3877
mixed,32,1,0.0312,4.0,16,0,512,2048,560,519.944,1673.473,896.372,0.3263
mixed,32,1,0.0312,4.0,16,0,1024,4096,1120,961.747,3244.19,1699.391,0.3232
mixed,32,1,0.0312,4.0,16,0,2048,8192,2240,1823.201,6397.911,3306.048,0.3241
mixed,32,1,0.0312,4.0,16,0,4096,16384,4480,3541.025,12669.772,6191.699,0.2904
mixed,32,1,0.0312,4.0,16,512,128,512,140,255.845,547.85,347.462,0.3138
mixed,32,1,0.0312,4.0,16,512,256,1024,280,353.83,941.263,569.899,0.3678
mixed,32,1,0.0312,4.0,16,512,512,2048,560,573.069,1732.318,909.17,0.2899
mixed,32,1,0.0312,4.0,16,512,1024,4096,1120,1015.315,3292.987,1756.416,0.3254
mixed,32,1,0.0312,4.0,16,512,2048,8192,2240,1873.443,6430.455,3350.652,0.3242
mixed,32,1,0.0312,4.0,16,512,4096,16384,4480,3588.738,12706.858,6231.351,0.2898
mixed,32,1,0.0312,4.0,16,1024,128,512,140,279.81,568.938,360.678,0.2797
mixed,32,1,0.0312,4.0,16,1024,256,1024,280,378.948,962.352,552.329,0.2972
mixed,32,1,0.0312,4.0,16,1024,512,2048,560,599.115,1748.511,1009.874,0.3574
mixed,32,1,0.0312,4.0,16,1024,1024,4096,1120,1036.978,3320.313,1773.724,0.3227
mixed,32,1,0.0312,4.0,16,1024,2048,8192,2240,1899.111,6470.903,3374.365,0.3227
mixed,32,1,0.0312,4.0,16,1024,4096,16384,4480,3613.091,12747.846,7120.096,0.3839
mixed,32,1,0.0312,4.0,16,2048,128,512,140,298.566,595.339,411.817,0.3816
mixed,32,1,0.0312,4.0,16,2048,256,1024,280,398.472,993.457,572.33,0.2922
mixed,32,1,0.0312,4.0,16,2048,512,2048,560,623.403,1775.84,958.163,0.2905
mixed,32,1,0.0312,4.0,16,2048,1024,4096,1120,1061.589,3343.097,1714.271,0.2861
mixed,32,1,0.0312,4.0,16,2048,2048,8192,2240,1918.113,6495.414,3568.383,0.3605
mixed,32,1,0.0312,4.0,16,2048,4096,16384,4480,3637.441,12746.499,6809.117,0.3482
mixed,32,1,0.0312,4.0,16,4096,128,512,140,350.469,650.7,443.559,0.3101
mixed,32,1,0.0312,4.0,16,4096,256,1024,280,454.472,1043.632,643.535,0.3209
mixed,32,1,0.0312,4.0,16,4096,512,2048,560,674.668,1827.971,1045.779,0.3218
mixed,32,1,0.0312,4.0,16,4096,1024,4096,1120,1112.98,3402.622,1773.602,0.2885
mixed,32,1,0.0312,4.0,16,4096,2048,8192,2240,1979.234,6541.586,3292.604,0.2879
mixed,32,1,0.0312,4.0,16,4096,4096,16384,4480,3696.512,12810.24,6321.389,0.288
mixed,32,1,0.0312,4.0,16,8192,128,512,140,455.56,756.749,552.458,0.3217
mixed,32,1,0.0312,4.0,16,8192,256,1024,280,558.217,1149.3,729.424,0.2896
mixed,32,1,0.0312,4.0,16,8192,512,2048,560,783.214,1936.929,1112.436,0.2854
mixed,32,1,0.0312,4.0,16,8192,1024,4096,1120,1221.716,3509.469,1877.889,0.2868
mixed,32,1,0.0312,4.0,16,8192,2048,8192,2240,2084.993,6649.297,3569.755,0.3253
mixed,32,1,0.0312,4.0,16,8192,4096,16384,4480,3800.641,12925.696,6791.635,0.3278
mixed,32,1,0.0312,4.0,32,0,128,512,140,239.173,533.608,324.103,0.2885
mixed,32,1,0.0312,4.0,32,0,256,1024,280,340.678,927.758,536.073,0.3328
mixed,32,1,0.0312,4.0,32,0,512,2048,560,559.594,1713.181,891.535,0.2877
mixed,32,1,0.0312,4.0,32,0,1024,4096,1120,1003.153,3282.87,1661.822,0.2889
mixed,32,1,0.0312,4.0,32,0,2048,8192,2240,1860.257,6428.942,3512.284,0.3616
mixed,32,1,0.0312,4.0,32,0,4096,16384,4480,3582.971,12697.914,6542.701,0.3247
mixed,32,1,0.0312,4.0,32,512,128,512,140,301.831,594.28,383.204,0.2782
mixed,32,1,0.0312,4.0,32,512,256,1024,280,400.328,993.968,570.696,0.287
mixed,32,1,0.0312,4.0,32,512,512,2048,560,622.601,1772.827,1026.355,0.351
mixed,32,1,0.0312,4.0,32,512,1024,4096,1120,1061.873,3343.192,1801.086,0.324
mixed,32,1,0.0312,4.0,32,512,2048,8192,2240,1923.556,6499.053,3496.505,0.3438
mixed,32,1,0.0312,4.0,32,512,4096,16384,4480,3640.895,12756.22,6614.194,0.3262
mixed,32,1,0.0312,4.0,32,1024,128,512,140,368.903,663.021,467.657,0.3358
mixed,32,1,0.0312,4.0,32,1024,256,1024,280,472.135,1058.771,643.626,0.2923
mixed,32,1,0.0312,4.0,32,1024,512,2048,560,687.34,1844.385,1061.329,0.3232
mixed,32,1,0.0312,4.0,32,1024,1024,4096,1120,1130.194,3408.092,1786.813,0.2883
mixed,32,1,0.0312,4.0,32,1024,2048,8192,2240,1988.833,6548.684,3475.803,0.3261
mixed,32,1,0.0312,4.0,32,1024,4096,16384,4480,3710.175,12839.703,6362.953,0.2906
mixed,32,1,0.0312,4.0,32,2048,128,512,140,402.44,698.639,493.033,0.3059
mixed,32,1,0.0312,4.0,32,2048,256,1024,280,504.265,1089.714,677.705,0.2963
mixed,32,1,0.0312,4.0,32,2048,512,2048,560,726.027,1878.813,1060.142,0.2898
mixed,32,1,0.0312,4.0,32,2048,1024,4096,1120,1162.323,3450.936,1816.222,0.2857
mixed,32,1,0.0312,4.0,32,2048,2048,8192,2240,2026.082,6594.636,3350.004,0.2898
mixed,32,1,0.0312,4.0,32,2048,4096,16384,4480,3743.485,12871.666,6689.899,0.3228
mixed,32,1,0.0312,4.0,32,4096,128,512,140,509.992,812.042,595.019,0.2815
mixed,32,1,0.0312,4.0,32,4096,256,1024,280,614.471,1204.657,807.501,0.3271
mixed,32,1,0.0312,4.0,32,4096,512,2048,560,836.684,1990.462,1168.048,0.2872
mixed,32,1,0.0312,4.0,32,4096,1024,4096,1120,1279.221,3565.691,2012.895,0.3209
mixed,32,1,0.0312,4.0,32,4096,2048,8192,2240,2131.522,6699.98,3621.944,0.3262
mixed,32,1,0.0312,4.0,32,4096,4096,16384,4480,3852.379,12965.616,6500.037,0.2905
mixed,32,1,0.0312,4.0,32,8192,128,512,140,721.163,1016.463,810.127,0.3013
mixed,32,1,0.0312,4.0,32,8192,256,1024,280,822.862,1414.516,1032.399,0.3542
mixed,32,1,0.0312,4.0,32,8192,512,2048,560,1045.394,2205.666,1383.672,0.2916
mixed,32,1,0.0312,4.0,32,8192,1024,4096,1120,1480.439,3777.213,2217.187,0.3208
mixed,32,1,0.0312,4.0,32,8192,2048,8192,2240,2345.766,6903.276,3662.62,0.2889
mixed,32,1,0.0312,4.0,32,8192,4096,16384,4480,4060.289,13189.488,7033.393,0.3257
mixed,32,1,0.0312,4.0,64,0,128,512,140,249.542,548.71,342.756,0.3116
mixed,32,1,0.0312,4.0,64,0,256,1024,280,349.029,937.423,521.641,0.2934
mixed,32,1,0.0312,4.0,64,0,512,2048,560,568.843,1721.949,989.104,0.3645
mixed,32,1,0.0312,4.0,64,0,1024,4096,1120,1009.231,3289.878,1661.37,0.2859
mixed,32,1,0.0312,4.0,64,0,2048,8192,2240,1869.244,6432.483,3187.344,0.2889
mixed,32,1,0.0312,4.0,64,0,4096,16384,4480,3589.173,12723.558,6248.543,0.2911
mixed,32,1,0.0312,4.0,64,512,128,512,140,388.839,684.138,471.498,0.2799
mixed,32,1,0.0312,4.0,64,512,256,1024,280,488.743,1073.712,661.929,0.2961
mixed,32,1,0.0312,4.0,64,512,512,2048,560,709.773,1859.903,1043.407,0.2901
mixed,32,1,0.0312,4.0,64,512,1024,4096,1120,1149.873,3431.925,1805.499,0.2873
mixed,32,1,0.0312,4.0,64,512,2048,8192,2240,2007.586,6567.494,3488.246,0.3247
mixed,32,1,0.0312,4.0,64,512,4096,16384,4480,3729.274,12839.714,6707.015,0.3268
mixed,32,1,0.0312,4.0,64,1024,128,512,140,465.608,761.229,545.512,0.2703
mixed,32,1,0.0312,4.0,64,1024,256,1024,280,564.969,1156.336,755.403,0.322
mixed,32,1,0.0312,4.0,64,1024,512,2048,560,786.957,1943.932,1125.936,0.293
mixed,32,1,0.0312,4.0,64,1024,1024,4096,1120,1229.427,3508.983,1884.252,0.2873
mixed,32,1,0.0312,4.0,64,1024,2048,8192,2240,2085.569,6654.213,3405.749,0.289
mixed,32,1,0.0312,4.0,64,1024,4096,16384,4480,3805.529,12931.363,6473.346,0.2923
mixed,32,1,0.0312,4.0,64,2048,128,512,140,565.064,866.093,662.38,0.3233
mixed,32,1,0.0312,4.0,64,2048,256,1024,280,668.648,1258.322,874.253,0.3487
mixed,32,1,0.0312,4.0,64,2048,512,2048,560,891.917,2045.692,1260.084,0.3191
mixed,32,1,0.0312,4.0,64,2048,1024,4096,1120,1338.836,3616.021,1985.244,0.2839
mixed,32,1,0.0312,4.0,64,2048,2048,8192,2240,2188.097,6759.334,3929.595,0.381
mixed,32,1,0.0312,4.0,64,2048,4096,16384,4480,3910.428,13032.194,6549.853,0.2894
mixed,32,1,0.0312,4.0,64,4096,128,512,140,769.836,1067.472,864.717,0.3188
mixed,32,1,0.0312,4.0,64,4096,256,1024,280,869.869,1459.988,1042.928,0.2933
mixed,32,1,0.0312,4.0,64,4096,512,2048,560,1094.256,2249.888,1424.917,0.2861
mixed,32,1,0.0312,4.0,64,4096,1024,4096,1120,1538.902,3814.199,2189.793,0.2861
mixed,32,1,0.0312,4.0,64,4096,2048,8192,2240,2402.563,6950.147,3870.905,0.3229
mixed,32,1,0.0312,4.0,64,4096,4096,16384,4480,4110.429,13238.625,6767.809,0.2911
mixed,32,1,0.0312,4.0,64,8192,128,512,140,1163.375,1461.557,1262.418,0.3322
mixed,32,1,0.0312,4.0,64,8192,256,1024,280,1265.683,1857.851,1456.341,0.322
mixed,32,1,0.0312,4.0,64,8192,512,2048,560,1489.589,2649.254,1825.211,0.2894
mixed,32,1,0.0312,4.0,64,8192,1024,4096,1120,1927.613,4216.956,2580.196,0.2851
mixed,32,1,0.0312,4.0,64,8192,2048,8192,2240,2786.214,7353.449,4102.969,0.2883
mixed,32,1,0.0312,4.0,64,8192,4096,16384,4480,4512.769,13620.869,7143.27,0.2888
mixed,32,1,0.0312,4.0,128,0,128,512,140,271.652,571.623,362.887,0.3041
mixed,32,1,0.0312,4.0,128,0,256,1024,280,374.98,966.285,566.406,0.3237
mixed,32,1,0.0312,4.0,128,0,512,2048,560,594.824,1747.93,964.173,0.3203
mixed,32,1,0.0312,4.0,128,0,1024,4096,1120,1033.648,3314.576,1690.713,0.2881
mixed,32,1,0.0312,4.0,128,0,2048,8192,2240,1889.594,6471.642,3358.766,0.3206
mixed,32,1,0.0312,4.0,128,0,4096,16384,4480,3608.98,12735.191,6582.656,0.3258
mixed,32,1,0.0312,4.0,128,512,128,512,140,513.638,809.228,598.343,0.2866
mixed,32,1,0.0312,4.0,128,512,256,1024,280,615.945,1201.969,785.77,0.2898
mixed,32,1,0.0312,4.0,128,512,512,2048,560,834.124,1992.124,1168.561,0.2888
mixed,32,1,0.0312,4.0,128,512,1024,4096,1120,1281.778,3556.528,1930.453,0.2852
mixed,32,1,0.0312,4.0,128,512,2048,8192,2240,2134.333,6701.053,3465.357,0.2915
mixed,32,1,0.0312,4.0,128,512,4096,16384,4480,3853.845,12974.037,6487.74,0.2888
mixed,32,1,0.0312,4.0,128,1024,128,512,140,611.659,909.003,705.197,0.3146
mixed,32,1,0.0312,4.0,128,1024,256,1024,280,714.954,1308.272,888.524,0.2925
mixed,32,1,0.0312,4.0,128,1024,512,2048,560,935.373,2086.366,1271.921,0.2924
mixed,32,1,0.0312,4.0,128,1024,1024,4096,1120,1381.557,3664.501,2022.14,0.2806
mixed,32,1,0.0312,4.0,128,1024,2048,8192,2240,2237.087,6798.621,3829.013,0.349
mixed,32,1,0.0312,4.0,128,1024,4096,16384,4480,3950.267,13089.807,7447.333,0.3826
mixed,32,1,0.0312,4.0,128,2048,128,512,140,815.435,1112.303,909.005,0.3152
mixed,32,1,0.0312,4.0,128,2048,256,1024,280,914.029,1508.374,1091.055,0.2979
mixed,32,1,0.0312,4.0,128,2048,512,2048,560,1137.39,2294.208,1579.832,0.3825
mixed,32,1,0.0312,4.0,128,2048,1024,4096,1120,1581.173,3855.796,2233.983,0.287
mixed,32,1,0.0312,4.0,128,2048,2048,8192,2240,2438.625,7005.34,3914.709,0.3232
mixed,32,1,0.0312,4.0,128,2048,4096,16384,4480,4157.374,13280.245,7107.644,0.3234
mixed,32,1,0.0312,4.0,128,4096,128,512,140,1209.266,1512.947,1303.95,0.3118
mixed,32,1,0.0312,4.0,128,4096,256,1024,280,1311.796,1901.85,1507.732,0.3321
mixed,32,1,0.0312,4.0,128,4096,512,2048,560,1537.107,2686.341,1868.056,0.288
mixed,32,1,0.0312,4.0,128,4096,1024,4096,1120,1979.964,4258.202,2633.09,0.2867
mixed,32,1,0.0312,4.0,128,4096,2048,8192,2240,2836.614,7397.731,4307.319,0.3224
mixed,32,1,0.0312,4.0,128,4096,4096,16384,4480,4552.701,13668.375,7199.552,0.2904
mixed,32,1,0.0312,4.0,128,8192,128,512,140,1997.979,2302.812,2092.092,0.3087
mixed,32,1,0.0312,4.0,128,8192,256,1024,280,2097.147,2696.614,2295.679,0.3312
mixed,32,1,0.0312,4.0,128,8192,512,2048,560,2324.32,3482.254,2656.87,0.2872
mixed,32,1,0.0312,4.0,128,8192,1024,4096,1120,2764.037,5050.343,3554.926,0.3459
mixed,32,1,0.0312,4.0,128,8192,2048,8192,2240,3621.074,8191.657,5204.997,0.3465
mixed,32,1,0.0312,4.0,128,8192,4096,16384,4480,5340.295,14474.079,7973.74,0.2883
mixed,32,1,0.0312,4.0,256,0,128,512,140,565.669,863.948,650.985,0.286
mixed,32,1,0.0312,4.0,256,0,256,1024,280,666.535,1255.921,857.546,0.3241
mixed,32,1,0.0312,4.0,256,0,512,2048,560,884.619,2037.722,1223.184,0.2936
mixed,32,1,0.0312,4.0,256,0,1024,4096,1120,1327.091,3615.921,1987.991,0.2888
mixed,32,1,0.0312,4.0,256,0,2048,8192,2240,2191.23,6751.093,3653.073,0.3206
mixed,32,1,0.0312,4.0,256,0,4096,16384,4480,3912.146,13026.376,6868.602,0.3244
mixed,32,1,0.0312,4.0,256,512,128,512,140,768.714,1065.233,850.765,0.2767
mixed,32,1,0.0312,4.0,256,512,256,1024,280,863.787,1457.043,1046.188,0.3075
mixed,32,1,0.0312,4.0,256,512,512,2048,560,1089.327,2240.125,1459.507,0.3217
mixed,32,1,0.0312,4.0,256,512,1024,4096,1120,1532.498,3817.554,2186.015,0.286
mixed,32,1,0.0312,4.0,256,512,2048,8192,2240,2391.232,6949.144,3861.745,0.3226
mixed,32,1,0.0312,4.0,256,512,4096,16384,4480,4106.389,13251.306,7084.888,0.3257
mixed,32,1,0.0312,4.0,256,1024,128,512,140,967.055,1262.933,1057.806,0.3067
mixed,32,1,0.0312,4.0,256,1024,256,1024,280,1067.119,1658.387,1255.438,0.3185
mixed,32,1,0.0312,4.0,256,1024,512,2048,560,1288.881,2442.909,1661.333,0.3227
mixed,32,1,0.0312,4.0,256,1024,1024,4096,1120,1732.247,4011.348,2549.567,0.3586
mixed,32,1,0.0312,4.0,256,1024,2048,8192,2240,2591.618,7144.118,3905.521,0.2886
mixed,32,1,0.0312,4.0,256,1024,4096,16384,4480,4308.856,13451.752,6954.774,0.2894
mixed,32,1,0.0312,4.0,256,2048,128,512,140,1360.817,1662.613,1457.522,0.3204
mixed,32,1,0.0312,4.0,256,2048,256,1024,280,1460.466,2054.458,1654.005,0.3258
mixed,32,1,0.0312,4.0,256,2048,512,2048,560,1682.742,2839.907,2019.224,0.2908
mixed,32,1,0.0312,4.0,256,2048,1024,4096,1120,2130.907,4405.625,2945.476,0.3581
mixed,32,1,0.0312,4.0,256,2048,2048,8192,2240,2983.78,7545.725,4301.204,0.2888
mixed,32,1,0.0312,4.0,256,2048,4096,16384,4480,4702.138,13820.617,7352.54,0.2907
mixed,32,1,0.0312,4.0,256,4096,128,512,140,2150.489,2446.432,2242.011,0.3093
mixed,32,1,0.0312,4.0,256,4096,256,1024,280,2254.233,2843.458,2460.158,0.3495
mixed,32,1,0.0312,4.0,256,4096,512,2048,560,2475.166,3623.18,2811.426,0.2929
mixed,32,1,0.0312,4.0,256,4096,1024,4096,1120,2922.243,5203.963,3728.011,0.3531
mixed,32,1,0.0312,4.0,256,4096,2048,8192,2240,3780.814,8336.835,5087.294,0.2868
mixed,32,1,0.0312,4.0,256,4096,4096,16384,4480,5493.538,14624.242,8139.55,0.2898
mixed,32,1,0.0312,4.0,256,8192,128,512,140,3729.674,4027.244,3833.261,0.3481
mixed,32,1,0.0312,4.0,256,8192,256,1024,280,3830.475,4422.867,4010.225,0.3034
mixed,32,1,0.0312,4.0,256,8192,512,2048,560,4051.47,5216.51,4379.12,0.2812
mixed,32,1,0.0312,4.0,256,8192,1024,4096,1120,4500.182,6772.271,5231.197,0.3217
mixed,32,1,0.0312,4.0,256,8192,2048,8192,2240,5354.21,9924.628,6673.262,0.2886
mixed,32,1,0.0312,4.0,256,8192,4096,16384,4480,7074.16,16204.474,10349.435,0.3587
mixed,32,1,0.0312,4.0,512,0,128,512,140,643.784,939.114,744.712,0.3417
mixed,32,1,0.0312,4.0,512,0,256,1024,280,743.722,1327.248,937.706,0.3324
mixed,32,1,0.0312,4.0,512,0,512,2048,560,961.836,2115.482,1337.329,0.3255
mixed,32,1,0.0312,4.0,512,0,1024,4096,1120,1405.103,3685.099,2055.0,0.285
mixed,32,1,0.0312,4.0,512,0,2048,8192,2240,2264.536,6824.654,3585.769,0.2897
mixed,32,1,0.0312,4.0,512,0,4096,16384,4480,3975.792,13109.753,6926.096,0.323
mixed,32,1,0.0312,4.0,512,512,128,512,140,1064.524,1362.192,1158.316,0.3151
mixed,32,1,0.0312,4.0,512,512,256,1024,280,1166.638,1756.372,1373.039,0.35
mixed,32,1,0.0312,4.0,512,512,512,2048,560,1387.887,2536.606,1781.556,0.3427
mixed,32,1,0.0312,4.0,512,512,1024,4096,1120,1827.7,4102.801,2560.412,0.3221
mixed,32,1,0.0312,4.0,512,512,2048,8192,2240,2683.871,7252.274,4165.518,0.3243
mixed,32,1,0.0312,4.0,512,512,4096,16384,4480,4399.987,13533.976,7038.255,0.2888
mixed,32,1,0.0312,4.0,512,1024,128,512,140,1458.094,1760.821,1549.681,0.3025
mixed,32,1,0.0312,4.0,512,1024,256,1024,280,1564.753,2150.168,1766.834,0.3452
mixed,32,1,0.0312,4.0,512,1024,512,2048,560,1779.668,2936.801,2114.936,0.2897
mixed,32,1,0.0312,4.0,512,1024,1024,4096,1120,2224.953,4504.788,2869.44,0.2827
mixed,32,1,0.0312,4.0,512,1024,2048,8192,2240,3080.004,7645.335,4548.625,0.3217
mixed,32,1,0.0312,4.0,512,1024,4096,16384,4480,4797.044,13917.596,7771.926,0.3262
mixed,32,1,0.0312,4.0,512,2048,128,512,140,2253.115,2550.205,2351.419,0.3309
mixed,32,1,0.0312,4.0,512,2048,256,1024,280,2352.731,2941.601,2527.356,0.2965
mixed,32,1,0.0312,4.0,512,2048,512,2048,560,2573.374,3724.297,2956.256,0.3327
mixed,32,1,0.0312,4.0,512,2048,1024,4096,1120,3020.418,5306.586,3665.734,0.2823
mixed,32,1,0.0312,4.0,512,2048,2048,8192,2240,3880.106,8436.924,5186.652,0.2867
mixed,32,1,0.0312,4.0,512,2048,4096,16384,4480,5593.789,14716.325,8240.572,0.2901
mixed,32,1,0.0312,4.0,512,4096,128,512,140,3839.628,4124.013,3924.426,0.2982
mixed,32,1,0.0312,4.0,512,4096,256,1024,280,3926.345,4528.112,4100.301,0.2891
mixed,32,1,0.0312,4.0,512,4096,512,2048,560,4155.408,5293.465,4557.525,0.3533
mixed,32,1,0.0312,4.0,512,4096,1024,4096,1120,4596.113,6887.053,5232.731,0.2779
mixed,32,1,0.0312,4.0,512,4096,2048,8192,2240,5456.474,10022.542,6940.747,0.3251
mixed,32,1,0.0312,4.0,512,4096,4096,16384,4480,7171.213,16296.5,10162.797,0.3278
mixed,32,1,0.0312,4.0,512,8192,128,512,140,6991.021,7294.382,7107.787,0.3849
mixed,32,1,0.0312,4.0,512,8192,256,1024,280,7088.297,7679.952,7251.248,0.2754
mixed,32,1,0.0312,4.0,512,8192,512,2048,560,7314.637,8469.37,7632.884,0.2756
mixed,32,1,0.0312,4.0,512,8192,1024,4096,1120,7745.808,10038.252,8400.249,0.2855
mixed,32,1,0.0312,4.0,512,8192,2048,8192,2240,8625.15,13173.485,10095.114,0.3232
mixed,32,1,0.0312,4.0,512,8192,4096,16384,4480,10313.837,19455.571,13487.757,0.3472
mixed,32,1,0.0312,4.0,1024,0,128,512,140,1436.209,1726.993,1528.272,0.3166
mixed,32,1,0.0312,4.0,1024,0,256,1024,280,1537.105,2125.813,1728.244,0.3247
mixed,32,1,0.0312,4.0,1024,0,512,2048,560,1754.322,2911.201,2091.252,0.2912
mixed,32,1,0.0312,4.0,1024,0,1024,4096,1120,2200.695,4482.128,2852.64,0.2858
mixed,32,1,0.0312,4.0,1024,0,2048,8192,2240,3053.92,7618.033,4372.972,0.289
mixed,32,1,0.0312,4.0,1024,0,4096,16384,4480,4773.682,13897.201,7431.853,0.2914
mixed,32,1,0.0312,4.0,1024,512,128,512,140,2284.534,2580.507,2369.465,0.287
mixed,32,1,0.0312,4.0,1024,512,256,1024,280,2388.473,2975.135,2564.282,0.2997
mixed,32,1,0.0312,4.0,1024,512,512,2048,560,2606.395,3760.264,2984.001,0.3273
mixed,32,1,0.0312,4.0,1024,512,1024,4096,1120,3052.383,5333.399,3705.446,0.2863
mixed,32,1,0.0312,4.0,1024,512,2048,8192,2240,3901.706,8470.006,5211.638,0.2867
mixed,32,1,0.0312,4.0,1024,512,4096,16384,4480,5625.115,14742.168,8646.072,0.3314
mixed,32,1,0.0312,4.0,1024,1024,128,512,140,3081.374,3382.212,3170.497,0.2962
mixed,32,1,0.0312,4.0,1024,1024,256,1024,280,3189.441,3774.663,3368.673,0.3063
mixed,32,1,0.0312,4.0,1024,1024,512,2048,560,3405.507,4563.856,3745.863,0.2938
mixed,32,1,0.0312,4.0,1024,1024,1024,4096,1120,3851.431,6134.334,4591.566,0.3242
mixed,32,1,0.0312,4.0,1024,1024,2048,8192,2240,4712.847,9271.899,6024.157,0.2876
mixed,32,1,0.0312,4.0,1024,1024,4096,16384,4480,6427.522,15554.271,9067.132,0.2892
mixed,32,1,0.0312,4.0,1024,2048,128,512,140,4663.631,4963.956,4753.934,0.3007
mixed,32,1,0.0312,4.0,1024,2048,256,1024,280,4754.704,5350.07,4938.867,0.3093
mixed,32,1,0.0312,4.0,1024,2048,512,2048,560,4973.62,6135.869,5356.726,0.3296
mixed,32,1,0.0312,4.0,1024,2048,1024,4096,1120,5418.809,7711.469,6153.758,0.3206
mixed,32,1,0.0312,4.0,1024,2048,2048,8192,2240,6290.43,11297.462,7767.98,0.2951
mixed,32,1,0.0312,4.0,1024,2048,4096,16384,4480,8002.354,17127.599,10650.476,0.2902
mixed,32,1,0.0312,4.0,1024,4096,128,512,140,7387.498,7658.892,7873.553,1.791
mixed,32,1,0.0312,4.0,1024,4096,256,1024,280,7880.525,8487.476,8106.258,0.3719
mixed,32,1,0.0312,4.0,1024,4096,512,2048,560,8127.984,9255.902,8493.016,0.3236
mixed,32,1,0.0312,4.0,1024,4096,1024,4096,1120,8568.726,10835.885,9331.676,0.3365
mixed,32,1,0.0312,4.0,1024,4096,2048,8192,2240,9402.648,13983.082,10738.16,0.2916
mixed,32,1,0.0312,4.0,1024,4096,4096,16384,4480,11128.878,20272.71,14139.755,0.3293
mixed,32,1,0.0312,4.0,1024,8192,128,512,140,14090.442,14479.757,14197.325,0.2745
mixed,32,1,0.0312,4.0,1024,8192,256,1024,280,14188.464,14769.49,14367.31,0.3078
mixed,32,1,0.0312,4.0,1024,8192,512,2048,560,14408.56,15560.246,14364.555,-0.0382
mixed,32,1,0.0312,4.0,1024,8192,1024,4096,1120,14458.222,16748.322,15135.632,0.2958
mixed,32,1,0.0312,4.0,1024,8192,2048,8192,2240,15823.42,20018.918,16797.254,0.2321
mixed,32,1,0.0312,4.0,1024,8192,4096,16384,4480,16493.506,25241.047,18629.238,0.2442
mixed,32,1,0.0312,4.0,2048,0,128,512,140,3665.315,3945.222,3286.878,-1.352
mixed,32,1,0.0312,4.0,2048,0,256,1024,280,3236.543,3759.941,3374.595,0.2638
mixed,32,1,0.0312,4.0,2048,0,512,2048,560,3435.3,4735.375,4754.319,1.0146
mixed,32,1,0.0312,4.0,2048,0,1024,4096,1120,3840.71,5823.864,4294.984,0.2291
mixed,32,1,0.0312,4.0,2048,0,2048,8192,2240,4557.356,8552.367,5624.631,0.2672
mixed,32,1,0.0312,4.0,2048,0,4096,16384,4480,5992.921,14063.079,7854.317,0.2307
mixed,32,1,0.0312,4.0,2048,512,128,512,140,4127.655,4342.218,4147.433,0.0922
mixed,32,1,0.0312,4.0,2048,512,256,1024,280,4714.796,4919.918,4559.177,-0.7587
mixed,32,1,0.0312,4.0,2048,512,512,2048,560,4604.138,5616.501,4786.349,0.18
mixed,32,1,0.0312,4.0,2048,512,1024,4096,1120,4885.71,6924.704,5294.26,0.2004
mixed,32,1,0.0312,4.0,2048,512,2048,8192,2240,5518.133,9589.115,6493.565,0.2396
mixed,32,1,0.0312,4.0,2048,512,4096,16384,4480,7076.741,15109.07,9217.016,0.2665
mixed,32,1,0.0312,4.0,2048,1024,128,512,140,5251.507,5507.413,5273.2,0.0848
mixed,32,1,0.0312,4.0,2048,1024,256,1024,280,7056.87,7941.034,5721.622,-1.5102
mixed,32,1,0.0312,4.0,2048,1024,512,2048,560,5642.869,6681.789,5898.361,0.2459
mixed,32,1,0.0312,4.0,2048,1024,1024,4096,1120,6041.721,8019.724,6474.398,0.2187
mixed,32,1,0.0312,4.0,2048,1024,2048,8192,2240,6696.478,10732.706,7845.259,0.2846
mixed,32,1,0.0312,4.0,2048,1024,4096,16384,4480,8182.731,16228.407,10089.117,0.2369
mixed,32,1,0.0312,4.0,2048,2048,128,512,140,7484.869,7766.823,7534.949,0.1776
mixed,32,1,0.0312,4.0,2048,2048,256,1024,280,7594.022,11236.584,9406.293,0.4975
mixed,32,1,0.0312,4.0,2048,2048,512,2048,560,7768.55,8786.64,8070.728,0.2968
mixed,32,1,0.0312,4.0,2048,2048,1024,4096,1120,8169.742,10185.18,8651.185,0.2389
mixed,32,1,0.0312,4.0,2048,2048,2048,8192,2240,8931.571,12975.385,9985.405,0.2606
mixed,32,1,0.0312,4.0,2048,2048,4096,16384,4480,10455.042,18523.688,12750.709,0.2845
mixed,32,1,0.0312,4.0,2048,4096,128,512,140,12043.34,12325.422,12124.364,0.2872
mixed,32,1,0.0312,4.0,2048,4096,256,1024,280,12135.663,12676.914,12297.458,0.2989
mixed,32,1,0.0312,4.0,2048,4096,512,2048,560,12316.683,13337.338,12573.489,0.2516
mixed,32,1,0.0312,4.0,2048,4096,1024,4096,1120,12707.128,14679.65,13190.619,0.2451
mixed,32,1,0.0312,4.0,2048,4096,2048,8192,2240,13485.722,17537.375,14364.031,0.2168
mixed,32,1,0.0312,4.0,2048,4096,4096,16384,4480,15038.757,23044.117,16883.16,0.2304
mixed,32,1,0.0312,4.0,2048,8192,128,512,140,20887.388,21158.976,20943.354,0.2061
mixed,32,1,0.0312,4.0,2048,8192,256,1024,280,20898.271,21478.816,21104.796,0.3557
mixed,32,1,0.0312,4.0,2048,8192,512,2048,560,21171.58,22212.134,21448.963,0.2666
mixed,32,1,0.0312,4.0,2048,8192,1024,4096,1120,21563.552,23528.689,21949.698,0.1965
mixed,32,1,0.0312,4.0,2048,8192,2048,8192,2240,22241.029,26239.82,23407.952,0.2918
mixed,32,1,0.0312,4.0,2048,8192,4096,16384,4480,23871.736,32003.298,25897.552,0.2491
pure,32,2,0.0625,4.0,0,0,128,512,152,152.16,407.171,231.043,0.3093
pure,32,2,0.0625,4.0,0,0,256,1024,304,302.915,865.257,491.652,0.3356
pure,32,2,0.0625,4.0,0,0,512,2048,608,548.453,1651.985,879.178,0.2997
pure,32,2,0.0625,4.0,0,0,1024,4096,1216,1016.04,3217.151,1680.688,0.302
pure,32,2,0.0625,4.0,0,0,2048,8192,2432,1950.194,6360.761,3654.08,0.3863
pure,32,2,0.0625,4.0,0,0,4096,16384,4864,3818.468,12634.735,6557.598,0.3107
mixed,32,2,0.0625,4.0,16,0,128,512,152,204.547,497.542,330.596,0.4302
mixed,32,2,0.0625,4.0,16,0,256,1024,304,324.131,891.946,479.493,0.2736
mixed,32,2,0.0625,4.0,16,0,512,2048,608,569.222,1676.362,899.59,0.2984
mixed,32,2,0.0625,4.0,16,0,1024,4096,1216,1042.571,3344.35,1622.478,0.2519
mixed,32,2,0.0625,4.0,16,0,2048,8192,2432,1970.162,6382.425,3577.184,0.3642
mixed,32,2,0.0625,4.0,16,0,4096,16384,4864,3836.224,12657.106,6208.825,0.269
mixed,32,2,0.0625,4.0,16,512,128,512,152,253.987,548.742,360.355,0.3609
mixed,32,2,0.0625,4.0,16,512,256,1024,304,380.898,941.065,550.022,0.3019
mixed,32,2,0.0625,4.0,16,512,512,2048,608,622.376,1728.367,1013.993,0.3541
mixed,32,2,0.0625,4.0,16,512,1024,4096,1216,1091.146,3300.73,1757.968,0.3018
mixed,32,2,0.0625,4.0,16,512,2048,8192,2432,2018.129,6439.033,3373.341,0.3065
mixed,32,2,0.0625,4.0,16,512,4096,16384,4864,3889.154,12716.91,6264.79,0.2691
mixed,32,2,0.0625,4.0,16,1024,128,512,152,280.003,567.782,385.189,0.3655
mixed,32,2,0.0625,4.0,16,1024,256,1024,304,403.491,966.342,612.164,0.3707
mixed,32,2,0.0625,4.0,16,1024,512,2048,608,645.444,1752.11,976.807,0.2994
mixed,32,2,0.0625,4.0,16,1024,1024,4096,1216,1116.107,3319.101,1698.67,0.2644
mixed,32,2,0.0625,4.0,16,1024,2048,8192,2432,2042.704,6461.752,3382.396,0.3032
mixed,32,2,0.0625,4.0,16,1024,4096,16384,4864,3908.321,12734.826,6288.307,0.2696
mixed,32,2,0.0625,4.0,16,2048,128,512,152,300.674,596.357,388.323,0.2964
mixed,32,2,0.0625,4.0,16,2048,256,1024,304,428.962,991.144,629.285,0.3563
mixed,32,2,0.0625,4.0,16,2048,512,2048,608,669.06,1776.588,998.923,0.2978
mixed,32,2,0.0625,4.0,16,2048,1024,4096,1216,1136.971,3342.043,1723.47,0.266
mixed,32,2,0.0625,4.0,16,2048,2048,8192,2432,2068.596,6481.69,3406.686,0.3032
mixed,32,2,0.0625,4.0,16,2048,4096,16384,4864,3932.033,12771.533,6318.612,0.27
mixed,32,2,0.0625,4.0,16,4096,128,512,152,358.851,653.093,472.582,0.3865
mixed,32,2,0.0625,4.0,16,4096,256,1024,304,480.805,1040.073,645.828,0.2951
mixed,32,2,0.0625,4.0,16,4096,512,2048,608,726.598,1830.573,1054.92,0.2974
mixed,32,2,0.0625,4.0,16,4096,1024,4096,1216,1188.49,3401.212,1856.306,0.3018
mixed,32,2,0.0625,4.0,16,4096,2048,8192,2432,2123.566,6537.816,3296.925,0.2658
mixed,32,2,0.0625,4.0,16,4096,4096,16384,4864,3990.623,12814.215,6986.329,0.3395
mixed,32,2,0.0625,4.0,16,8192,128,512,152,462.656,756.135,572.132,0.373
mixed,32,2,0.0625,4.0,16,8192,256,1024,304,583.013,1149.609,740.07,0.2772
mixed,32,2,0.0625,4.0,16,8192,512,2048,608,834.856,1940.366,1157.32,0.2917
mixed,32,2,0.0625,4.0,16,8192,1024,4096,1216,1301.548,3509.72,2222.737,0.4172
mixed,32,2,0.0625,4.0,16,8192,2048,8192,2432,2232.181,6650.521,3403.804,0.2652
mixed,32,2,0.0625,4.0,16,8192,4096,16384,4864,4098.433,12922.347,6468.276,0.2686
mixed,32,2,0.0625,4.0,32,0,128,512,152,242.947,532.743,327.715,0.2925
mixed,32,2,0.0625,4.0,32,0,256,1024,304,360.901,923.909,518.436,0.2798
mixed,32,2,0.0625,4.0,32,0,512,2048,608,610.565,1710.798,936.199,0.296
mixed,32,2,0.0625,4.0,32,0,1024,4096,1216,1075.688,3283.098,1660.109,0.2648
mixed,32,2,0.0625,4.0,32,0,2048,8192,2432,2008.049,6436.759,3499.935,0.3369
mixed,32,2,0.0625,4.0,32,0,4096,16384,4864,3873.568,12701.607,6253.944,0.2696
mixed,32,2,0.0625,4.0,32,512,128,512,152,301.602,596.291,411.843,0.3741
mixed,32,2,0.0625,4.0,32,512,256,1024,304,422.69,988.04,626.151,0.3599
mixed,32,2,0.0625,4.0,32,512,512,2048,608,672.166,1772.532,1067.015,0.3588
mixed,32,2,0.0625,4.0,32,512,1024,4096,1216,1134.024,3345.242,1813.262,0.3072
mixed,32,2,0.0625,4.0,32,512,2048,8192,2432,2069.68,6485.303,3410.234,0.3036
mixed,32,2,0.0625,4.0,32,512,4096,16384,4864,3933.954,12754.342,7138.169,0.3633
mixed,32,2,0.0625,4.0,32,1024,128,512,152,371.588,666.563,462.372,0.3078
mixed,32,2,0.0625,4.0,32,1024,256,1024,304,489.957,1055.273,695.271,0.3632
mixed,32,2,0.0625,4.0,32,1024,512,2048,608,737.126,1846.158,1074.505,0.3042
mixed,32,2,0.0625,4.0,32,1024,1024,4096,1216,1207.499,3412.443,1788.913,0.2637
mixed,32,2,0.0625,4.0,32,1024,2048,8192,2432,2134.895,6556.05,3480.344,0.3043
mixed,32,2,0.0625,4.0,32,1024,4096,16384,4864,4004.033,12832.608,7218.135,0.3641
mixed,32,2,0.0625,4.0,32,2048,128,512,152,405.478,699.333,497.668,0.3137
mixed,32,2,0.0625,4.0,32,2048,256,1024,304,531.237,1091.784,700.104,0.3013
mixed,32,2,0.0625,4.0,32,2048,512,2048,608,779.396,1876.241,1104.392,0.2963
mixed,32,2,0.0625,4.0,32,2048,1024,4096,1216,1242.153,3453.055,1897.453,0.2964
mixed,32,2,0.0625,4.0,32,2048,2048,8192,2432,2171.92,6594.579,3511.678,0.3029
mixed,32,2,0.0625,4.0,32,2048,4096,16384,4864,4039.742,12863.234,6736.95,0.3057
mixed,32,2,0.0625,4.0,32,4096,128,512,152,516.005,810.118,607.622,0.3115
mixed,32,2,0.0625,4.0,32,4096,256,1024,304,639.912,1199.529,828.199,0.3365
mixed,32,2,0.0625,4.0,32,4096,512,2048,608,883.014,1987.887,1246.377,0.3289
mixed,32,2,0.0625,4.0,32,4096,1024,4096,1216,1357.228,3568.506,2067.186,0.3211
mixed,32,2,0.0625,4.0,32,4096,2048,8192,2432,2283.442,6705.108,3934.75,0.3735
mixed,32,2,0.0625,4.0,32,4096,4096,16384,4864,4145.824,12993.537,6852.917,0.306
mixed,32,2,0.0625,4.0,32,8192,128,512,152,722.598,1014.057,829.956,0.3683
mixed,32,2,0.0625,4.0,32,8192,256,1024,304,845.606,1414.381,1069.737,0.3941
mixed,32,2,0.0625,4.0,32,8192,512,2048,608,1101.416,2200.078,1388.554,0.2614
mixed,32,2,0.0625,4.0,32,8192,1024,4096,1216,1565.806,3771.641,2435.028,0.3941
mixed,32,2,0.0625,4.0,32,8192,2048,8192,2432,2494.578,6910.358,3980.098,0.3364
mixed,32,2,0.0625,4.0,32,8192,4096,16384,4864,4361.345,13183.171,6726.194,0.2681
mixed,32,2,0.0625,4.0,64,0,128,512,152,251.36,544.292,350.146,0.3372
mixed,32,2,0.0625,4.0,64,0,256,1024,304,373.409,936.071,568.13,0.3461
mixed,32,2,0.0625,4.0,64,0,512,2048,608,621.54,1724.332,909.445,0.2611
mixed,32,2,0.0625,4.0,64,0,1024,4096,1216,1089.608,3289.176,1675.308,0.2663
mixed,32,2,0.0625,4.0,64,0,2048,8192,2432,2019.408,6432.398,3196.571,0.2667
mixed,32,2,0.0625,4.0,64,0,4096,16384,4864,3888.54,12704.959,6568.686,0.304
mixed,32,2,0.0625,4.0,64,512,128,512,152,388.576,685.607,476.993,0.2977
mixed,32,2,0.0625,4.0,64,512,256,1024,304,515.171,1076.487,698.598,0.3268
mixed,32,2,0.0625,4.0,64,512,512,2048,608,759.428,1862.797,1090.791,0.3003
mixed,32,2,0.0625,4.0,64,512,1024,4096,1216,1229.065,3430.423,1818.606,0.2678
mixed,32,2,0.0625,4.0,64,512,2048,8192,2432,2152.398,6570.256,3337.176,0.2682
mixed,32,2,0.0625,4.0,64,512,4096,16384,4864,4022.781,12848.255,6405.452,0.27
mixed,32,2,0.0625,4.0,64,1024,128,512,152,466.115,761.542,574.691,0.3675
mixed,32,2,0.0625,4.0,64,1024,256,1024,304,590.564,1155.561,762.342,0.304
mixed,32,2,0.0625,4.0,64,1024,512,2048,608,834.917,1942.188,1201.031,0.3306
mixed,32,2,0.0625,4.0,64,1024,1024,4096,1216,1307.081,3511.131,2043.345,0.3341
mixed,32,2,0.0625,4.0,64,1024,2048,8192,2432,2236.976,6653.903,3581.081,0.3043
mixed,32,2,0.0625,4.0,64,1024,4096,16384,4864,4098.621,12922.879,6475.179,0.2693
mixed,32,2,0.0625,4.0,64,2048,128,512,152,570.341,866.502,682.789,0.3797
mixed,32,2,0.0625,4.0,64,2048,256,1024,304,694.822,1257.928,864.937,0.3021
mixed,32,2,0.0625,4.0,64,2048,512,2048,608,939.943,2045.135,1372.744,0.3916
mixed,32,2,0.0625,4.0,64,2048,1024,4096,1216,1409.195,3616.41,2206.032,0.361
mixed,32,2,0.0625,4.0,64,2048,2048,8192,2432,2334.672,6758.255,3668.57,0.3015
mixed,32,2,0.0625,4.0,64,2048,4096,16384,4864,4203.773,13030.493,6906.866,0.3062
mixed,32,2,0.0625,4.0,64,4096,128,512,152,772.421,1066.535,878.823,0.3618
mixed,32,2,0.0625,4.0,64,4096,256,1024,304,893.413,1460.972,1083.079,0.3342
mixed,32,2,0.0625,4.0,64,4096,512,2048,608,1138.921,2249.167,1533.129,0.3551
mixed,32,2,0.0625,4.0,64,4096,1024,4096,1216,1613.097,3813.916,2350.865,0.3352
mixed,32,2,0.0625,4.0,64,4096,2048,8192,2432,2538.449,6956.21,3990.554,0.3287
mixed,32,2,0.0625,4.0,64,4096,4096,16384,4864,4401.918,13235.993,7292.016,0.3272
mixed,32,2,0.0625,4.0,64,8192,128,512,152,1165.704,1465.258,1250.665,0.2836
mixed,32,2,0.0625,4.0,64,8192,256,1024,304,1289.259,1860.973,1508.106,0.3828
mixed,32,2,0.0625,4.0,64,8192,512,2048,608,1541.418,2645.489,1869.935,0.2976
mixed,32,2,0.0625,4.0,64,8192,1024,4096,1216,2011.981,4209.309,2853.588,0.383
mixed,32,2,0.0625,4.0,64,8192,2048,8192,2432,2937.974,7343.507,4133.434,0.2714
mixed,32,2,0.0625,4.0,64,8192,4096,16384,4864,4805.441,13633.601,7499.829,0.3052
mixed,32,2,0.0625,4.0,128,0,128,512,152,274.66,570.181,399.394,0.4221
mixed,32,2,0.0625,4.0,128,0,256,1024,304,400.098,964.071,551.46,0.2684
mixed,32,2,0.0625,4.0,128,0,512,2048,608,641.955,1747.437,1037.893,0.3582
mixed,32,2,0.0625,4.0,128,0,1024,4096,1216,1111.559,3321.268,1847.822,0.3332
mixed,32,2,0.0625,4.0,128,0,2048,8192,2432,2044.973,6452.044,3382.136,0.3034
mixed,32,2,0.0625,4.0,128,0,4096,16384,4864,3907.352,12725.139,6611.085,0.3066
mixed,32,2,0.0625,4.0,128,512,128,512,152,514.083,810.66,609.957,0.3233
mixed,32,2,0.0625,4.0,128,512,256,1024,304,642.63,1204.775,787.686,0.258
mixed,32,2,0.0625,4.0,128,512,512,2048,608,885.67,1991.054,1172.072,0.2591
mixed,32,2,0.0625,4.0,128,512,1024,4096,1216,1355.464,3562.005,2016.14,0.2994
mixed,32,2,0.0625,4.0,128,512,2048,8192,2432,2284.142,6699.498,3733.722,0.3283
mixed,32,2,0.0625,4.0,128,512,4096,16384,4864,4148.924,12970.739,7166.059,0.342
mixed,32,2,0.0625,4.0,128,1024,128,512,152,612.931,913.507,722.02,0.3629
mixed,32,2,0.0625,4.0,128,1024,256,1024,304,735.303,1305.931,908.164,0.3029
mixed,32,2,0.0625,4.0,128,1024,512,2048,608,981.991,2087.085,1376.777,0.3572
mixed,32,2,0.0625,4.0,128,1024,1024,4096,1216,1455.818,3657.88,2241.9,0.357
mixed,32,2,0.0625,4.0,128,1024,2048,8192,2432,2382.192,6808.621,3885.273,0.3396
mixed,32,2,0.0625,4.0,128,1024,4096,16384,4864,4245.885,13073.688,6636.686,0.2708
mixed,32,2,0.0625,4.0,128,2048,128,512,152,816.995,1111.845,933.319,0.3945
mixed,32,2,0.0625,4.0,128,2048,256,1024,304,938.726,1506.856,1135.749,0.3468
mixed,32,2,0.0625,4.0,128,2048,512,2048,608,1187.943,2300.686,1476.489,0.2593
mixed,32,2,0.0625,4.0,128,2048,1024,4096,1216,1657.867,3857.56,2324.142,0.3029
mixed,32,2,0.0625,4.0,128,2048,2048,8192,2432,2595.823,6998.925,4087.708,0.3388
mixed,32,2,0.0625,4.0,128,2048,4096,16384,4864,4451.709,13285.075,7454.832,0.34
mixed,32,2,0.0625,4.0,128,4096,128,512,152,1211.847,1511.658,1322.921,0.3705
mixed,32,2,0.0625,4.0,128,4096,256,1024,304,1338.283,1901.739,1524.199,0.33
mixed,32,2,0.0625,4.0,128,4096,512,2048,608,1585.482,2690.831,1944.618,0.3249
mixed,32,2,0.0625,4.0,128,4096,1024,4096,1216,2051.854,4257.311,2800.273,0.3393
mixed,32,2,0.0625,4.0,128,4096,2048,8192,2432,2987.06,7393.264,4590.556,0.3639
mixed,32,2,0.0625,4.0,128,4096,4096,16384,4864,4851.772,13671.189,7866.737,0.3419
mixed,32,2,0.0625,4.0,128,8192,128,512,152,2001.261,2300.462,2103.597,0.342
mixed,32,2,0.0625,4.0,128,8192,256,1024,304,2125.197,2695.057,2302.736,0.3115
mixed,32,2,0.0625,4.0,128,8192,512,2048,608,2376.175,3477.304,2662.992,0.2605
mixed,32,2,0.0625,4.0,128,8192,1024,4096,1216,2845.364,5051.521,3588.468,0.3368
mixed,32,2,0.0625,4.0,128,8192,2048,8192,2432,3767.895,8186.45,5101.312,0.3018
mixed,32,2,0.0625,4.0,128,8192,4096,16384,4864,5633.602,14465.787,8007.123,0.2687
mixed,32,2,0.0625,4.0,256,0,128,512,152,566.98,863.782,673.606,0.3592
mixed,32,2,0.0625,4.0,256,0,256,1024,304,689.474,1254.184,860.227,0.3024
mixed,32,2,0.0625,4.0,256,0,512,2048,608,934.951,2041.421,1394.728,0.4155
mixed,32,2,0.0625,4.0,256,0,1024,4096,1216,1405.864,3607.414,2120.845,0.3248
mixed,32,2,0.0625,4.0,256,0,2048,8192,2432,2333.966,6747.783,3772.57,0.3259
mixed,32,2,0.0625,4.0,256,0,4096,16384,4864,4201.466,13016.365,6894.027,0.3055
mixed,32,2,0.0625,4.0,256,512,128,512,152,767.045,1068.453,871.332,0.346
mixed,32,2,0.0625,4.0,256,512,256,1024,304,892.58,1459.657,1083.237,0.3362
mixed,32,2,0.0625,4.0,256,512,512,2048,608,1137.861,2240.208,1530.503,0.3562
mixed,32,2,0.0625,4.0,256,512,1024,4096,1216,1607.69,3811.576,2269.006,0.3001
mixed,32,2,0.0625,4.0,256,512,2048,8192,2432,2537.518,6956.073,3725.975,0.269
mixed,32,2,0.0625,4.0,256,512,4096,16384,4864,4402.01,13226.069,7425.739,0.3427
mixed,32,2,0.0625,4.0,256,1024,128,512,152,965.99,1263.337,1065.927,0.3361
mixed,32,2,0.0625,4.0,256,1024,256,1024,304,1090.023,1660.331,1283.078,0.3385
mixed,32,2,0.0625,4.0,256,1024,512,2048,608,1337.32,2442.029,1664.652,0.2963
mixed,32,2,0.0625,4.0,256,1024,1024,4096,1216,1806.572,4012.921,2481.425,0.3059
mixed,32,2,0.0625,4.0,256,1024,2048,8192,2432,2736.625,7145.673,3919.864,0.2684
mixed,32,2,0.0625,4.0,256,1024,4096,16384,4864,4597.214,13425.042,7621.357,0.3426
mixed,32,2,0.0625,4.0,256,2048,128,512,152,1363.754,1660.073,1461.738,0.3307
mixed,32,2,0.0625,4.0,256,2048,256,1024,304,1487.369,2057.099,1693.576,0.3619
mixed,32,2,0.0625,4.0,256,2048,512,2048,608,1734.89,2839.824,2020.749,0.2587
mixed,32,2,0.0625,4.0,256,2048,1024,4096,1216,2205.645,4408.889,2923.026,0.3256
mixed,32,2,0.0625,4.0,256,2048,2048,8192,2432,3127.604,7545.804,4729.053,0.3625
mixed,32,2,0.0625,4.0,256,2048,4096,16384,4864,5002.815,13811.246,8022.35,0.3428
mixed,32,2,0.0625,4.0,256,4096,128,512,152,2151.053,2448.751,2247.95,0.3255
mixed,32,2,0.0625,4.0,256,4096,256,1024,304,2275.212,2846.862,2467.277,0.336
mixed,32,2,0.0625,4.0,256,4096,512,2048,608,2531.789,3630.805,2939.15,0.3707
mixed,32,2,0.0625,4.0,256,4096,1024,4096,1216,2992.014,5192.542,3659.767,0.3035
mixed,32,2,0.0625,4.0,256,4096,2048,8192,2432,3918.387,8329.551,5103.579,0.2687
mixed,32,2,0.0625,4.0,256,4096,4096,16384,4864,5784.541,14609.332,8785.811,0.3401
mixed,32,2,0.0625,4.0,256,8192,128,512,152,3735.83,4021.397,3848.76,0.3955
mixed,32,2,0.0625,4.0,256,8192,256,1024,304,3852.533,4428.312,4015.093,0.2823
mixed,32,2,0.0625,4.0,256,8192,512,2048,608,4099.928,5203.836,4457.276,0.3237
mixed,32,2,0.0625,4.0,256,8192,1024,4096,1216,4575.033,6777.381,5243.837,0.3037
mixed,32,2,0.0625,4.0,256,8192,2048,8192,2432,5501.63,9922.611,6841.315,0.303
mixed,32,2,0.0625,4.0,256,8192,4096,16384,4864,7360.936,16193.816,9758.034,0.2714
mixed,32,2,0.0625,4.0,512,0,128,512,152,642.915,939.142,737.348,0.3188
mixed,32,2,0.0625,4.0,512,0,256,1024,304,767.332,1326.856,956.614,0.3383
mixed,32,2,0.0625,4.0,512,0,512,2048,608,1012.07,2113.547,1365.643,0.321
mixed,32,2,0.0625,4.0,512,0,1024,4096,1216,1482.631,3680.98,2066.764,0.2657
mixed,32,2,0.0625,4.0,512,0,2048,8192,2432,2414.219,6824.897,3752.434,0.3034
mixed,32,2,0.0625,4.0,512,0,4096,16384,4864,4282.26,13107.848,7169.957,0.3272
mixed,32,2,0.0625,4.0,512,512,128,512,152,1065.828,1359.913,1154.437,0.3013
mixed,32,2,0.0625,4.0,512,512,256,1024,304,1185.831,1753.768,1361.255,0.3089
mixed,32,2,0.0625,4.0,512,512,512,2048,608,1428.552,2543.34,1760.327,0.2976
mixed,32,2,0.0625,4.0,512,512,1024,4096,1216,1901.992,4110.645,2569.484,0.3022
mixed,32,2,0.0625,4.0,512,512,2048,8192,2432,2830.927,7255.719,4010.675,0.2666
mixed,32,2,0.0625,4.0,512,512,4096,16384,4864,4701.656,13521.93,8429.703,0.4227
mixed,32,2,0.0625,4.0,512,1024,128,512,152,1463.881,1757.483,1550.858,0.2962
mixed,32,2,0.0625,4.0,512,1024,256,1024,304,1587.401,2146.537,1773.098,0.3321
mixed,32,2,0.0625,4.0,512,1024,512,2048,608,1827.818,2934.415,2233.515,0.3666
mixed,32,2,0.0625,4.0,512,1024,1024,4096,1216,2295.626,4502.328,2884.527,0.2669
mixed,32,2,0.0625,4.0,512,1024,2048,8192,2432,3227.377,7642.12,4568.119,0.3037
mixed,32,2,0.0625,4.0,512,1024,4096,16384,4864,5095.707,13927.27,7474.152,0.2693
mixed,32,2,0.0625,4.0,512,2048,128,512,152,2254.699,2545.999,2381.1,0.4339
mixed,32,2,0.0625,4.0,512,2048,256,1024,304,2371.661,2942.319,2584.174,0.3724
mixed,32,2,0.0625,4.0,512,2048,512,2048,608,2620.877,3723.093,2986.704,0.3319
mixed,32,2,0.0625,4.0,512,2048,1024,4096,1216,3086.61,5299.835,4014.198,0.4191
mixed,32,2,0.0625,4.0,512,2048,2048,8192,2432,4020.377,8441.996,5967.906,0.4405
mixed,32,2,0.0625,4.0,512,2048,4096,16384,4864,5885.151,14709.454,8270.603,0.2703
mixed,32,2,0.0625,4.0,512,4096,128,512,152,3827.542,4134.839,3927.382,0.3249
mixed,32,2,0.0625,4.0,512,4096,256,1024,304,3962.55,4525.113,4150.231,0.3336
mixed,32,2,0.0625,4.0,512,4096,512,2048,608,4200.024,5298.077,4642.682,0.4031
mixed,32,2,0.0625,4.0,512,4096,1024,4096,1216,4674.203,6890.501,5264.446,0.2663
mixed,32,2,0.0625,4.0,512,4096,2048,8192,2432,5601.085,10028.117,6938.02,0.302
mixed,32,2,0.0625,4.0,512,4096,4096,16384,4864,7481.191,16296.756,9835.698,0.2671
mixed,32,2,0.0625,4.0,512,8192,128,512,152,6996.069,7287.398,7066.059,0.2402
mixed,32,2,0.0625,4.0,512,8192,256,1024,304,7109.288,7678.277,7296.743,0.3295
mixed,32,2,0.0625,4.0,512,8192,512,2048,608,7360.519,8458.509,7692.644,0.3025
mixed,32,2,0.0625,4.0,512,8192,1024,4096,1216,7832.234,10022.098,8639.183,0.3685
mixed,32,2,0.0625,4.0,512,8192,2048,8192,2432,8762.7,13184.102,10085.939,0.2993
mixed,32,2,0.0625,4.0,512,8192,4096,16384,4864,10631.445,19442.63,13334.407,0.3068
mixed,32,2,0.0625,4.0,1024,0,128,512,152,1437.637,1734.858,1518.122,0.2708
mixed,32,2,0.0625,4.0,1024,0,256,1024,304,1561.609,2124.874,1730.089,0.2991
mixed,32,2,0.0625,4.0,1024,0,512,2048,608,1803.272,2911.053,2095.178,0.2635
mixed,32,2,0.0625,4.0,1024,0,1024,4096,1216,2278.734,4478.583,2932.656,0.2973
mixed,32,2,0.0625,4.0,1024,0,2048,8192,2432,3210.768,7618.372,4643.032,0.325
mixed,32,2,0.0625,4.0,1024,0,4096,16384,4864,5068.569,13907.432,7442.31,0.2686
mixed,32,2,0.0625,4.0,1024,512,128,512,152,2287.245,2584.685,2371.021,0.2817
mixed,32,2,0.0625,4.0,1024,512,256,1024,304,2408.236,2977.68,2581.902,0.305
mixed,32,2,0.0625,4.0,1024,512,512,2048,608,2652.269,3755.987,3012.655,0.3265
mixed,32,2,0.0625,4.0,1024,512,1024,4096,1216,3131.28,5330.939,3920.086,0.3586
mixed,32,2,0.0625,4.0,1024,512,2048,8192,2432,4052.02,8475.66,5235.259,0.2675
mixed,32,2,0.0625,4.0,1024,512,4096,16384,4864,5924.413,14753.742,8297.928,0.2688
mixed,32,2,0.0625,4.0,1024,1024,128,512,152,3091.183,3390.13,3174.481,0.2786
mixed,32,2,0.0625,4.0,1024,1024,256,1024,304,3211.183,3785.17,3413.615,0.3527
mixed,32,2,0.0625,4.0,1024,1024,512,2048,608,3454.802,4565.56,3816.596,0.3257
mixed,32,2,0.0625,4.0,1024,1024,1024,4096,1216,3926.452,6139.325,4597.975,0.3035
mixed,32,2,0.0625,4.0,1024,1024,2048,8192,2432,4854.615,9267.922,6304.99,0.3286
mixed,32,2,0.0625,4.0,1024,1024,4096,16384,4864,6727.555,15562.098,9636.337,0.3293
mixed,32,2,0.0625,4.0,1024,2048,128,512,152,4516.214,4806.551,4627.03,0.3817
mixed,32,2,0.0625,4.0,1024,2048,256,1024,304,4788.184,5354.616,4952.889,0.2908
mixed,32,2,0.0625,4.0,1024,2048,512,2048,608,5035.291,6133.983,5393.115,0.3257
mixed,32,2,0.0625,4.0,1024,2048,1024,4096,1216,5502.299,7709.48,6095.104,0.2686
mixed,32,2,0.0625,4.0,1024,2048,2048,8192,2432,6433.377,10846.073,7883.977,0.3287
mixed,32,2,0.0625,4.0,1024,2048,4096,16384,4864,8297.93,17122.487,10984.726,0.3045
mixed,32,2,0.0625,4.0,1024,4096,128,512,152,7391.491,7672.807,7485.605,0.3345
mixed,32,2,0.0625,4.0,1024,4096,256,1024,304,7901.125,8498.506,8084.008,0.3061
mixed,32,2,0.0625,4.0,1024,4096,512,2048,608,8150.54,9252.462,8485.705,0.3042
mixed,32,2,0.0625,4.0,1024,4096,1024,4096,1216,8612.522,10867.319,9282.54,0.2972
mixed,32,2,0.0625,4.0,1024,4096,2048,8192,2432,9568.624,13967.106,10741.844,0.2667
mixed,32,2,0.0625,4.0,1024,4096,4096,16384,4864,11419.8,20256.707,13030.143,0.1822
mixed,32,2,0.0625,4.0,1024,8192,128,512,152,12645.471,12919.459,12739.008,0.3414
mixed,32,2,0.0625,4.0,1024,8192,256,1024,304,14399.332,14748.646,14397.123,-0.0063
mixed,32,2,0.0625,4.0,1024,8192,512,2048,608,14468.133,15559.175,14819.752,0.3223
mixed,32,2,0.0625,4.0,1024,8192,1024,4096,1216,14916.904,16755.986,14867.749,-0.0267
mixed,32,2,0.0625,4.0,1024,8192,2048,8192,2432,15022.314,19243.228,15767.953,0.1767
mixed,32,2,0.0625,4.0,1024,8192,4096,16384,4864,16047.566,24221.395,17668.439,0.1983
mixed,32,2,0.0625,4.0,2048,0,128,512,152,3355.919,3617.681,3239.503,-0.4447
mixed,32,2,0.0625,4.0,2048,0,256,1024,304,3276.015,3778.482,3411.696,0.27
mixed,32,2,0.0625,4.0,2048,0,512,2048,608,3811.891,5542.202,4041.013,0.1324
mixed,32,2,0.0625,4.0,2048,0,1024,4096,1216,3910.101,5878.971,4493.461,0.2963
mixed,32,2,0.0625,4.0,2048,0,2048,8192,2432,4667.413,8584.458,5521.945,0.2182
mixed,32,2,0.0625,4.0,2048,0,4096,16384,4864,6175.355,13948.833,8389.193,0.2848
mixed,32,2,0.0625,4.0,2048,512,128,512,152,4124.37,4378.421,4143.156,0.0739
mixed,32,2,0.0625,4.0,2048,512,256,1024,304,4178.739,5176.539,5754.206,1.5789
mixed,32,2,0.0625,4.0,2048,512,512,2048,608,4707.351,5583.867,4911.545,0.233
mixed,32,2,0.0625,4.0,2048,512,1024,4096,1216,5030.199,6946.656,5425.784,0.2064
mixed,32,2,0.0625,4.0,2048,512,2048,8192,2432,5813.275,9684.784,6749.374,0.2418
mixed,32,2,0.0625,4.0,2048,512,4096,16384,4864,7358.915,15100.106,9276.812,0.2478
mixed,32,2,0.0625,4.0,2048,1024,128,512,152,5218.458,5511.353,5329.209,0.3781
mixed,32,2,0.0625,4.0,2048,1024,256,1024,304,5318.266,6390.812,6873.024,1.4496
mixed,32,2,0.0625,4.0,2048,1024,512,2048,608,7760.389,6751.871,6058.556,
mixed,32,2,0.0625,4.0,2048,1024,1024,4096,1216,6054.848,8040.292,6616.8,0.283
mixed,32,2,0.0625,4.0,2048,1024,2048,8192,2432,6886.562,10734.9,7636.322,0.1948
mixed,32,2,0.0625,4.0,2048,1024,4096,16384,4864,8423.687,16252.135,10729.971,0.2946
mixed,32,2,0.0625,4.0,2048,2048,128,512,152,7460.866,7757.924,7574.596,0.3829
mixed,32,2,0.0625,4.0,2048,2048,256,1024,304,7607.652,8114.662,7771.589,0.3233
mixed,32,2,0.0625,4.0,2048,2048,512,2048,608,7849.058,8799.525,8119.971,0.285
mixed,32,2,0.0625,4.0,2048,2048,1024,4096,1216,8239.847,10197.745,8839.687,0.3064
mixed,32,2,0.0625,4.0,2048,2048,2048,8192,2432,9064.681,12978.362,10093.965,0.263
mixed,32,2,0.0625,4.0,2048,2048,4096,16384,4864,10719.729,18436.017,12744.92,0.2625
mixed,32,2,0.0625,4.0,2048,4096,128,512,152,12042.646,12291.738,12108.183,0.2631
mixed,32,2,0.0625,4.0,2048,4096,256,1024,304,12145.463,12641.433,12267.35,0.2458
mixed,32,2,0.0625,4.0,2048,4096,512,2048,608,12369.24,13337.82,12593.145,0.2312
mixed,32,2,0.0625,4.0,2048,4096,1024,4096,1216,12773.851,14757.859,13281.467,0.2559
mixed,32,2,0.0625,4.0,2048,4096,2048,8192,2432,13622.524,17451.857,14848.512,0.3202
mixed,32,2,0.0625,4.0,2048,4096,4096,16384,4864,15280.264,23037.351,17188.461,0.246
mixed,32,2,0.0625,4.0,2048,8192,128,512,152,20882.589,21100.831,20858.267,-0.1114
mixed,32,2,0.0625,4.0,2048,8192,256,1024,304,20940.056,21499.389,21133.375,0.3456
mixed,32,2,0.0625,4.0,2048,8192,512,2048,608,21269.057,22227.59,21478.556,0.2186
mixed,32,2,0.0625,4.0,2048,8192,1024,4096,1216,21649.153,23515.241,22110.818,0.2474
mixed,32,2,0.0625,4.0,2048,8192,2048,8192,2432,22378.693,26325.18,23427.878,0.2659
mixed,32,2,0.0625,4.0,2048,8192,4096,16384,4864,24109.29,31859.247,26160.886,0.2647
pure,32,3,0.0938,4.0,0,0,128,512,164,170.88,406.498,241.344,0.2991
pure,32,3,0.0938,4.0,0,0,256,1024,328,328.545,866.5,474.114,0.2706
pure,32,3,0.0938,4.0,0,0,512,2048,656,575.523,1657.254,1004.355,0.3964
pure,32,3,0.0938,4.0,0,0,1024,4096,1312,1086.982,3223.918,1890.985,0.3762
pure,32,3,0.0938,4.0,0,0,2048,8192,2624,2095.817,6364.189,3457.295,0.319
pure,32,3,0.0938,4.0,0,0,4096,16384,5248,4108.212,12642.01,6765.658,0.3114
mixed,32,3,0.0938,4.0,16,0,128,512,164,225.858,502.115,330.656,0.3793
mixed,32,3,0.0938,4.0,16,0,256,1024,328,346.371,889.318,546.018,0.3677
mixed,32,3,0.0938,4.0,16,0,512,2048,656,593.827,1672.744,865.251,0.2516
mixed,32,3,0.0938,4.0,16,0,1024,4096,1312,1112.645,3244.812,1631.398,0.2433
mixed,32,3,0.0938,4.0,16,0,2048,8192,2624,2118.154,6389.405,3836.017,0.4022
mixed,32,3,0.0938,4.0,16,0,4096,16384,5248,4132.911,12652.181,7063.901,0.344
mixed,32,3,0.0938,4.0,16,512,128,512,164,279.198,545.922,350.725,0.2682
mixed,32,3,0.0938,4.0,16,512,256,1024,328,401.058,943.684,551.81,0.2778
mixed,32,3,0.0938,4.0,16,512,512,2048,656,648.101,1726.631,1051.971,0.3745
mixed,32,3,0.0938,4.0,16,512,1024,4096,1312,1160.838,3294.605,1758.022,0.2799
mixed,32,3,0.0938,4.0,16,512,2048,8192,2624,2174.667,6438.077,3225.648,0.2465
mixed,32,3,0.0938,4.0,16,512,4096,16384,5248,4182.9,12716.15,6948.193,0.3241
mixed,32,3,0.0938,4.0,16,1024,128,512,164,300.673,571.683,396.161,0.3523
mixed,32,3,0.0938,4.0,16,1024,256,1024,328,429.025,967.3,592.034,0.3028
mixed,32,3,0.0938,4.0,16,1024,512,2048,656,670.178,1754.984,940.355,0.2491
mixed,32,3,0.0938,4.0,16,1024,1024,4096,1312,1184.995,3320.273,1785.766,0.2814
mixed,32,3,0.0938,4.0,16,1024,2048,8192,2624,2190.216,6459.742,3659.251,0.3441
mixed,32,3,0.0938,4.0,16,1024,4096,16384,5248,4215.538,12737.748,6640.764,0.2846
mixed,32,3,0.0938,4.0,16,2048,128,512,164,327.459,596.16,404.194,0.2856
mixed,32,3,0.0938,4.0,16,2048,256,1024,328,448.547,990.627,616.674,0.3102
mixed,32,3,0.0938,4.0,16,2048,512,2048,656,693.604,1775.879,1129.35,0.4026
mixed,32,3,0.0938,4.0,16,2048,1024,4096,1312,1208.837,3353.421,1809.383,0.28
mixed,32,3,0.0938,4.0,16,2048,2048,8192,2624,2218.249,6488.026,3670.478,0.3401
mixed,32,3,0.0938,4.0,16,2048,4096,16384,5248,4228.947,12767.54,6672.09,0.2861
mixed,32,3,0.0938,4.0,16,4096,128,512,164,380.643,648.739,475.234,0.3528
mixed,32,3,0.0938,4.0,16,4096,256,1024,328,500.769,1044.867,686.627,0.3416
mixed,32,3,0.0938,4.0,16,4096,512,2048,656,749.475,1828.712,1014.339,0.2454
mixed,32,3,0.0938,4.0,16,4096,1024,4096,1312,1264.549,3400.142,1855.656,0.2768
mixed,32,3,0.0938,4.0,16,4096,2048,8192,2624,2274.474,6539.194,3739.983,0.3436
mixed,32,3,0.0938,4.0,16,4096,4096,16384,5248,4286.292,12819.605,7443.875,0.37
mixed,32,3,0.0938,4.0,16,8192,128,512,164,483.265,755.94,580.61,0.357
mixed,32,3,0.0938,4.0,16,8192,256,1024,328,610.625,1150.693,763.652,0.2833
mixed,32,3,0.0938,4.0,16,8192,512,2048,656,856.067,1934.633,1236.614,0.3528
mixed,32,3,0.0938,4.0,16,8192,1024,4096,1312,1372.134,3509.935,2026.791,0.3062
mixed,32,3,0.0938,4.0,16,8192,2048,8192,2624,2380.681,6645.688,3697.2,0.3087
mixed,32,3,0.0938,4.0,16,8192,4096,16384,5248,4387.186,12931.763,6826.972,0.2855
mixed,32,3,0.0938,4.0,32,0,128,512,164,267.681,533.184,365.217,0.3674
mixed,32,3,0.0938,4.0,32,0,256,1024,328,388.384,929.347,571.172,0.3379
mixed,32,3,0.0938,4.0,32,0,512,2048,656,635.648,1712.806,1005.7,0.3435
mixed,32,3,0.0938,4.0,32,0,1024,4096,1312,1150.788,3282.542,1672.834,0.2449
mixed,32,3,0.0938,4.0,32,0,2048,8192,2624,2154.858,6419.416,3357.325,0.282
mixed,32,3,0.0938,4.0,32,0,4096,16384,5248,4168.24,12704.307,6595.706,0.2844
mixed,32,3,0.0938,4.0,32,512,128,512,164,326.434,596.321,409.922,0.3093
mixed,32,3,0.0938,4.0,32,512,256,1024,328,449.123,986.628,618.594,0.3153
mixed,32,3,0.0938,4.0,32,512,512,2048,656,698.116,1771.976,1003.077,0.284
mixed,32,3,0.0938,4.0,32,512,1024,4096,1312,1210.116,3349.835,1734.569,0.2451
mixed,32,3,0.0938,4.0,32,512,2048,8192,2624,2219.979,6484.508,3675.439,0.3413
mixed,32,3,0.0938,4.0,32,512,4096,16384,5248,4224.339,12760.944,7270.048,0.3568
mixed,32,3,0.0938,4.0,32,1024,128,512,164,391.776,664.259,463.842,0.2645
mixed,32,3,0.0938,4.0,32,1024,256,1024,328,516.835,1056.324,717.284,0.3716
mixed,32,3,0.0938,4.0,32,1024,512,2048,656,760.929,1846.823,1068.932,0.2836
mixed,32,3,0.0938,4.0,32,1024,1024,4096,1312,1278.82,3415.467,1949.383,0.3138
mixed,32,3,0.0938,4.0,32,1024,2048,8192,2624,2285.257,6547.961,3662.096,0.323
mixed,32,3,0.0938,4.0,32,1024,4096,16384,5248,4297.841,12834.512,6939.514,0.3095
mixed,32,3,0.0938,4.0,32,2048,128,512,164,431.489,700.836,514.117,0.3068
mixed,32,3,0.0938,4.0,32,2048,256,1024,328,551.266,1091.205,719.267,0.3111
mixed,32,3,0.0938,4.0,32,2048,512,2048,656,800.772,1879.879,1107.59,0.2843
mixed,32,3,0.0938,4.0,32,2048,1024,4096,1312,1310.275,3450.667,1959.273,0.3032
mixed,32,3,0.0938,4.0,32,2048,2048,8192,2624,2328.65,6600.794,3533.548,0.282
mixed,32,3,0.0938,4.0,32,2048,4096,16384,5248,4339.89,12864.69,7259.389,0.3425
mixed,32,3,0.0938,4.0,32,4096,128,512,164,541.539,812.097,627.425,0.3174
mixed,32,3,0.0938,4.0,32,4096,256,1024,328,665.504,1201.027,876.609,0.3942
mixed,32,3,0.0938,4.0,32,4096,512,2048,656,913.222,1990.376,1182.02,0.2495
mixed,32,3,0.0938,4.0,32,4096,1024,4096,1312,1426.216,3561.582,2285.994,0.4026
mixed,32,3,0.0938,4.0,32,4096,2048,8192,2624,2440.587,6694.044,3642.06,0.2825
mixed,32,3,0.0938,4.0,32,4096,4096,16384,5248,4445.105,12968.081,7206.972,0.324
mixed,32,3,0.0938,4.0,32,8192,128,512,164,747.428,1021.667,834.852,0.3188
mixed,32,3,0.0938,4.0,32,8192,256,1024,328,869.541,1411.524,1083.781,0.3953
mixed,32,3,0.0938,4.0,32,8192,512,2048,656,1121.091,2199.273,1502.439,0.3537
mixed,32,3,0.0938,4.0,32,8192,1024,4096,1312,1641.956,3770.832,2437.514,0.3737
mixed,32,3,0.0938,4.0,32,8192,2048,8192,2624,2643.978,6909.691,3701.87,0.248
mixed,32,3,0.0938,4.0,32,8192,4096,16384,5248,4651.729,13180.718,6811.318,0.2532
mixed,32,3,0.0938,4.0,64,0,128,512,164,276.609,543.01,351.232,0.2801
mixed,32,3,0.0938,4.0,64,0,256,1024,328,398.561,937.38,559.682,0.299
mixed,32,3,0.0938,4.0,64,0,512,2048,656,642.403,1726.024,910.339,0.2473
mixed,32,3,0.0938,4.0,64,0,1024,4096,1312,1156.835,3293.866,1831.976,0.3159
mixed,32,3,0.0938,4.0,64,0,2048,8192,2624,2166.088,6435.063,3377.227,0.2837
mixed,32,3,0.0938,4.0,64,0,4096,16384,5248,4183.472,12707.275,6622.424,0.2861
mixed,32,3,0.0938,4.0,64,512,128,512,164,413.763,684.193,522.499,0.4021
mixed,32,3,0.0938,4.0,64,512,256,1024,328,536.545,1077.698,722.755,0.3441
mixed,32,3,0.0938,4.0,64,512,512,2048,656,783.522,1861.001,1112.867,0.3057
mixed,32,3,0.0938,4.0,64,512,1024,4096,1312,1299.524,3428.524,1814.76,0.242
mixed,32,3,0.0938,4.0,64,512,2048,8192,2624,2307.049,6569.174,3611.853,0.3061
mixed,32,3,0.0938,4.0,64,512,4096,16384,5248,4311.534,12852.589,6770.104,0.2879
mixed,32,3,0.0938,4.0,64,1024,128,512,164,488.289,759.491,576.451,0.3251
mixed,32,3,0.0938,4.0,64,1024,256,1024,328,611.682,1156.196,776.546,0.3028
mixed,32,3,0.0938,4.0,64,1024,512,2048,656,863.618,1938.567,1248.675,0.3582
mixed,32,3,0.0938,4.0,64,1024,1024,4096,1312,1376.452,3505.228,1983.204,0.285
mixed,32,3,0.0938,4.0,64,1024,2048,8192,2624,2386.184,6644.374,3597.516,0.2845
mixed,32,3,0.0938,4.0,64,1024,4096,16384,5248,4393.744,12932.94,7014.683,0.3069
mixed,32,3,0.0938,4.0,64,2048,128,512,164,594.403,867.522,673.989,0.2914
mixed,32,3,0.0938,4.0,64,2048,256,1024,328,713.602,1259.717,869.603,0.2857
mixed,32,3,0.0938,4.0,64,2048,512,2048,656,966.852,2041.513,1274.405,0.2862
mixed,32,3,0.0938,4.0,64,2048,1024,4096,1312,1475.686,3612.652,2073.383,0.2797
mixed,32,3,0.0938,4.0,64,2048,2048,8192,2624,2494.826,6755.225,3699.084,0.2827
mixed,32,3,0.0938,4.0,64,2048,4096,16384,5248,4507.118,13028.273,7251.227,0.322
mixed,32,3,0.0938,4.0,64,4096,128,512,164,795.362,1065.122,904.227,0.4036
mixed,32,3,0.0938,4.0,64,4096,256,1024,328,915.91,1462.084,1068.42,0.2792
mixed,32,3,0.0938,4.0,64,4096,512,2048,656,1167.747,2252.069,1474.088,0.2825
mixed,32,3,0.0938,4.0,64,4096,1024,4096,1312,1682.694,3816.973,2464.362,0.3662
mixed,32,3,0.0938,4.0,64,4096,2048,8192,2624,2692.298,6963.899,4048.139,0.3174
mixed,32,3,0.0938,4.0,64,4096,4096,16384,5248,4704.527,13241.259,7652.634,0.3453
mixed,32,3,0.0938,4.0,64,8192,128,512,164,1192.036,1460.388,1262.5,0.2626
mixed,32,3,0.0938,4.0,64,8192,256,1024,328,1316.997,1855.78,1481.637,0.3056
mixed,32,3,0.0938,4.0,64,8192,512,2048,656,1567.813,2640.65,1946.341,0.3528
mixed,32,3,0.0938,4.0,64,8192,1024,4096,1312,2089.382,4213.04,2752.712,0.3124
mixed,32,3,0.0938,4.0,64,8192,2048,8192,2624,3087.913,7346.904,4437.39,0.3169
mixed,32,3,0.0938,4.0,64,8192,4096,16384,5248,5095.215,13624.045,7809.877,0.3183
mixed,32,3,0.0938,4.0,128,0,128,512,164,296.672,570.977,377.793,0.2957
mixed,32,3,0.0938,4.0,128,0,256,1024,328,420.706,960.9,569.73,0.2759
mixed,32,3,0.0938,4.0,128,0,512,2048,656,665.824,1745.22,1040.577,0.3472
mixed,32,3,0.0938,4.0,128,0,1024,4096,1312,1182.532,3316.135,1786.885,0.2833
mixed,32,3,0.0938,4.0,128,0,2048,8192,2624,2194.342,6461.461,3754.54,0.3656
mixed,32,3,0.0938,4.0,128,0,4096,16384,5248,4207.181,12728.105,6345.649,0.251
mixed,32,3,0.0938,4.0,128,512,128,512,164,537.185,809.411,633.379,0.3534
mixed,32,3,0.0938,4.0,128,512,256,1024,328,662.405,1201.026,841.282,0.3321
mixed,32,3,0.0938,4.0,128,512,512,2048,656,911.395,1986.248,1215.139,0.2826
mixed,32,3,0.0938,4.0,128,512,1024,4096,1312,1426.851,3559.049,2076.229,0.3046
mixed,32,3,0.0938,4.0,128,512,2048,8192,2624,2437.703,6695.605,3797.898,0.3195
mixed,32,3,0.0938,4.0,128,512,4096,16384,5248,4452.557,12984.776,7078.677,0.3078
mixed,32,3,0.0938,4.0,128,1024,128,512,164,635.939,911.904,714.753,0.2856
mixed,32,3,0.0938,4.0,128,1024,256,1024,328,760.514,1302.468,961.221,0.3703
mixed,32,3,0.0938,4.0,128,1024,512,2048,656,1007.62,2087.591,1416.836,0.3789
mixed,32,3,0.0938,4.0,128,1024,1024,4096,1312,1527.877,3654.411,2187.27,0.3101
mixed,32,3,0.0938,4.0,128,1024,2048,8192,2624,2540.073,6802.037,3576.427,0.2432
mixed,32,3,0.0938,4.0,128,1024,4096,16384,5248,4552.016,13076.553,7789.499,0.3798
mixed,32,3,0.0938,4.0,128,2048,128,512,164,843.715,1115.843,919.396,0.2781
mixed,32,3,0.0938,4.0,128,2048,256,1024,328,962.466,1504.453,1131.812,0.3125
mixed,32,3,0.0938,4.0,128,2048,512,2048,656,1212.61,2295.846,1482.309,0.249
mixed,32,3,0.0938,4.0,128,2048,1024,4096,1312,1727.333,3867.532,2455.752,0.3404
mixed,32,3,0.0938,4.0,128,2048,2048,8192,2624,2741.447,6995.601,4048.749,0.3073
mixed,32,3,0.0938,4.0,128,2048,4096,16384,5248,4750.32,13276.293,7882.869,0.3674
mixed,32,3,0.0938,4.0,128,4096,128,512,164,1239.3,1511.556,1323.107,0.3078
mixed,32,3,0.0938,4.0,128,4096,256,1024,328,1364.869,1903.558,1545.796,0.3359
mixed,32,3,0.0938,4.0,128,4096,512,2048,656,1607.619,2690.695,1983.622,0.3472
mixed,32,3,0.0938,4.0,128,4096,1024,4096,1312,2126.341,4264.557,2800.265,0.3152
mixed,32,3,0.0938,4.0,128,4096,2048,8192,2624,3138.024,7402.229,4608.14,0.3448
mixed,32,3,0.0938,4.0,128,4096,4096,16384,5248,5153.551,13679.597,7902.325,0.3224
mixed,32,3,0.0938,4.0,128,8192,128,512,164,2028.71,2304.615,2101.637,0.2643
mixed,32,3,0.0938,4.0,128,8192,256,1024,328,2151.975,2691.816,2318.983,0.3094
mixed,32,3,0.0938,4.0,128,8192,512,2048,656,2397.7,3478.698,2745.701,0.3219
mixed,32,3,0.0938,4.0,128,8192,1024,4096,1312,2915.53,5047.343,3566.504,0.3054
mixed,32,3,0.0938,4.0,128,8192,2048,8192,2624,3922.345,8187.129,5635.281,0.4016
mixed,32,3,0.0938,4.0,128,8192,4096,16384,5248,5930.509,14463.849,8381.397,0.2872
mixed,32,3,0.0938,4.0,256,0,128,512,164,588.002,862.595,673.219,0.3103
mixed,32,3,0.0938,4.0,256,0,256,1024,328,715.17,1254.978,907.682,0.3566
mixed,32,3,0.0938,4.0,256,0,512,2048,656,961.443,2041.925,1305.828,0.3187
mixed,32,3,0.0938,4.0,256,0,1024,4096,1312,1479.238,3616.425,2215.109,0.3443
mixed,32,3,0.0938,4.0,256,0,2048,8192,2624,2487.398,6756.721,3937.067,0.3396
mixed,32,3,0.0938,4.0,256,0,4096,16384,5248,4495.66,13014.243,7254.547,0.3239
mixed,32,3,0.0938,4.0,256,512,128,512,164,792.226,1065.922,872.32,0.2926
mixed,32,3,0.0938,4.0,256,512,256,1024,328,912.801,1465.19,1082.308,0.3069
mixed,32,3,0.0938,4.0,256,512,512,2048,656,1163.299,2238.661,1472.483,0.2875
mixed,32,3,0.0938,4.0,256,512,1024,4096,1312,1682.789,3809.709,2356.201,0.3166
mixed,32,3,0.0938,4.0,256,512,2048,8192,2624,2684.519,6951.252,4144.008,0.3421
mixed,32,3,0.0938,4.0,256,512,4096,16384,5248,4699.502,13227.463,7425.779,0.3197
mixed,32,3,0.0938,4.0,256,1024,128,512,164,991.617,1264.675,1068.611,0.282
mixed,32,3,0.0938,4.0,256,1024,256,1024,328,1116.16,1661.892,1247.266,0.2402
mixed,32,3,0.0938,4.0,256,1024,512,2048,656,1369.666,2439.143,1705.283,0.3138
mixed,32,3,0.0938,4.0,256,1024,1024,4096,1312,1878.052,4016.138,2525.576,0.3029
mixed,32,3,0.0938,4.0,256,1024,2048,8192,2624,2890.598,7151.987,4350.059,0.3425
mixed,32,3,0.0938,4.0,256,1024,4096,16384,5248,4894.987,13437.797,7035.732,0.2506
mixed,32,3,0.0938,4.0,256,2048,128,512,164,1389.891,1661.124,1467.72,0.2869
mixed,32,3,0.0938,4.0,256,2048,256,1024,328,1510.692,2059.88,1695.91,0.3373
mixed,32,3,0.0938,4.0,256,2048,512,2048,656,1760.229,2843.017,2062.756,0.2794
mixed,32,3,0.0938,4.0,256,2048,1024,4096,1312,2273.126,4414.797,2950.023,0.3161
mixed,32,3,0.0938,4.0,256,2048,2048,8192,2624,3279.658,7556.47,4647.152,0.3197
mixed,32,3,0.0938,4.0,256,2048,4096,16384,5248,5298.988,13831.047,8037.303,0.3209
mixed,32,3,0.0938,4.0,256,4096,128,512,164,2178.278,2454.728,2267.78,0.3238
mixed,32,3,0.0938,4.0,256,4096,256,1024,328,2296.101,2845.767,2487.496,0.3482
mixed,32,3,0.0938,4.0,256,4096,512,2048,656,2552.869,3632.616,2959.399,0.3765
mixed,32,3,0.0938,4.0,256,4096,1024,4096,1312,3066.214,5197.709,3668.746,0.2827
mixed,32,3,0.0938,4.0,256,4096,2048,8192,2624,4079.18,8340.722,5383.791,0.3061
mixed,32,3,0.0938,4.0,256,4096,4096,16384,5248,6079.857,14617.029,8852.214,0.3247
mixed,32,3,0.0938,4.0,256,8192,128,512,164,3755.241,4033.033,3849.642,0.3398
mixed,32,3,0.0938,4.0,256,8192,256,1024,328,3881.422,4428.557,4097.034,0.3941
mixed,32,3,0.0938,4.0,256,8192,512,2048,656,4132.457,5212.335,4514.7,0.354
mixed,32,3,0.0938,4.0,256,8192,1024,4096,1312,4647.439,6782.126,5327.818,0.3187
mixed,32,3,0.0938,4.0,256,8192,2048,8192,2624,5659.023,9912.728,6853.392,0.2808
mixed,32,3,0.0938,4.0,256,8192,4096,16384,5248,7663.859,16205.746,10943.252,0.3839
mixed,32,3,0.0938,4.0,512,0,128,512,164,669.252,938.37,755.201,0.3194
mixed,32,3,0.0938,4.0,512,0,256,1024,328,789.122,1330.243,962.657,0.3207
mixed,32,3,0.0938,4.0,512,0,512,2048,656,1038.786,2123.782,1375.683,0.3105
mixed,32,3,0.0938,4.0,512,0,1024,4096,1312,1553.027,3685.931,2071.972,0.2433
mixed,32,3,0.0938,4.0,512,0,2048,8192,2624,2558.662,6828.527,4028.907,0.3443
mixed,32,3,0.0938,4.0,512,0,4096,16384,5248,4570.606,13106.47,7018.641,0.2868
mixed,32,3,0.0938,4.0,512,512,128,512,164,1089.026,1359.364,1178.244,0.33
mixed,32,3,0.0938,4.0,512,512,256,1024,328,1215.78,1756.931,1375.652,0.2954
mixed,32,3,0.0938,4.0,512,512,512,2048,656,1456.771,2535.717,1733.957,0.2569
mixed,32,3,0.0938,4.0,512,512,1024,4096,1312,1974.374,4103.977,2629.637,0.3077
mixed,32,3,0.0938,4.0,512,512,2048,8192,2624,2980.841,7241.012,4440.042,0.3425
mixed,32,3,0.0938,4.0,512,512,4096,16384,5248,4993.739,13517.252,8448.211,0.4053
mixed,32,3,0.0938,4.0,512,1024,128,512,164,1485.859,1759.684,1572.742,0.3173
mixed,32,3,0.0938,4.0,512,1024,256,1024,328,1613.285,2151.97,1810.85,0.3668
mixed,32,3,0.0938,4.0,512,1024,512,2048,656,1858.499,2933.065,2165.123,0.2853
mixed,32,3,0.0938,4.0,512,1024,1024,4096,1312,2368.582,4505.612,2893.033,0.2454
mixed,32,3,0.0938,4.0,512,1024,2048,8192,2624,3383.784,7647.509,4991.754,0.3771
mixed,32,3,0.0938,4.0,512,1024,4096,16384,5248,5392.175,13915.974,8629.366,0.3798
mixed,32,3,0.0938,4.0,512,2048,128,512,164,2281.766,2552.933,2351.301,0.2564
mixed,32,3,0.0938,4.0,512,2048,256,1024,328,2405.606,2946.28,2533.123,0.2358
mixed,32,3,0.0938,4.0,512,2048,512,2048,656,2652.229,3725.448,2918.76,0.2483
mixed,32,3,0.0938,4.0,512,2048,1024,4096,1312,3162.758,5300.109,3683.11,0.2435
mixed,32,3,0.0938,4.0,512,2048,2048,8192,2624,4188.842,8455.349,5478.958,0.3024
mixed,32,3,0.0938,4.0,512,2048,4096,16384,5248,6183.31,14714.248,9121.619,0.3444
mixed,32,3,0.0938,4.0,512,4096,128,512,164,3870.123,4131.051,3950.602,0.3084
mixed,32,3,0.0938,4.0,512,4096,256,1024,328,3988.906,4532.844,4139.307,0.2765
mixed,32,3,0.0938,4.0,512,4096,512,2048,656,4234.828,5320.075,4618.219,0.3533
mixed,32,3,0.0938,4.0,512,4096,1024,4096,1312,4740.332,6875.6,5338.605,0.2802
mixed,32,3,0.0938,4.0,512,4096,2048,8192,2624,5748.332,10021.722,6941.648,0.2792
mixed,32,3,0.0938,4.0,512,4096,4096,16384,5248,7768.659,16292.907,10811.39,0.357
mixed,32,3,0.0938,4.0,512,8192,128,512,164,7031.409,7277.812,7105.811,0.302
mixed,32,3,0.0938,4.0,512,8192,256,1024,328,7143.504,7675.311,7321.167,0.3341
mixed,32,3,0.0938,4.0,512,8192,512,2048,656,7394.67,8442.74,7731.283,0.3212
mixed,32,3,0.0938,4.0,512,8192,1024,4096,1312,7880.148,10036.113,8562.613,0.3165
mixed,32,3,0.0938,4.0,512,8192,2048,8192,2624,8896.885,13173.057,10631.773,0.4057
mixed,32,3,0.0938,4.0,512,8192,4096,16384,5248,10918.849,19463.569,13552.188,0.3082
mixed,32,3,0.0938,4.0,1024,0,128,512,164,1462.788,1732.9,1554.274,0.3387
mixed,32,3,0.0938,4.0,1024,0,256,1024,328,1583.142,2127.493,1749.828,0.3062
mixed,32,3,0.0938,4.0,1024,0,512,2048,656,1832.422,2908.167,2169.894,0.3137
mixed,32,3,0.0938,4.0,1024,0,1024,4096,1312,2341.958,4484.362,2870.727,0.2468
mixed,32,3,0.0938,4.0,1024,0,2048,8192,2624,3349.961,7615.732,4661.419,0.3074
mixed,32,3,0.0938,4.0,1024,0,4096,16384,5248,5362.697,13885.729,8108.211,0.3221
mixed,32,3,0.0938,4.0,1024,512,128,512,164,2313.509,2589.158,2379.396,0.239
mixed,32,3,0.0938,4.0,1024,512,256,1024,328,2441.221,2983.815,2597.221,0.2875
mixed,32,3,0.0938,4.0,1024,512,512,2048,656,2681.637,3759.335,3091.142,0.38
mixed,32,3,0.0938,4.0,1024,512,1024,4096,1312,3196.551,5337.068,3924.33,0.34
mixed,32,3,0.0938,4.0,1024,512,2048,8192,2624,4201.962,8470.553,5417.484,0.2848
mixed,32,3,0.0938,4.0,1024,512,4096,16384,5248,6220.751,14741.855,9380.341,0.3708
mixed,32,3,0.0938,4.0,1024,1024,128,512,164,3120.871,3385.993,3222.983,0.3852
mixed,32,3,0.0938,4.0,1024,1024,256,1024,328,3237.287,3775.688,3386.728,0.2776
mixed,32,3,0.0938,4.0,1024,1024,512,2048,656,3479.751,4562.986,3790.761,0.2871
mixed,32,3,0.0938,4.0,1024,1024,1024,4096,1312,4002.503,6140.783,4687.05,0.3201
mixed,32,3,0.0938,4.0,1024,1024,2048,8192,2624,5007.628,9275.604,6220.878,0.2843
mixed,32,3,0.0938,4.0,1024,1024,4096,16384,5248,7016.946,15541.602,9389.395,0.2783
mixed,32,3,0.0938,4.0,1024,2048,128,512,164,4567.4,4805.643,4620.203,0.2216
mixed,32,3,0.0938,4.0,1024,2048,256,1024,328,4811.627,5354.54,5019.627,0.3831
mixed,32,3,0.0938,4.0,1024,2048,512,2048,656,5067.31,6146.316,5438.188,0.3437
mixed,32,3,0.0938,4.0,1024,2048,1024,4096,1312,5569.163,7714.61,6168.752,0.2795
mixed,32,3,0.0938,4.0,1024,2048,2048,8192,2624,6581.263,10843.129,7787.504,0.283
mixed,32,3,0.0938,4.0,1024,2048,4096,16384,5248,8587.988,17134.76,10717.942,0.2492
mixed,32,3,0.0938,4.0,1024,4096,128,512,164,7407.887,7671.572,7476.688,0.2609
mixed,32,3,0.0938,4.0,1024,4096,256,1024,328,7947.025,8461.331,8105.231,0.3076
mixed,32,3,0.0938,4.0,1024,4096,512,2048,656,8174.097,9250.772,8443.443,0.2502
mixed,32,3,0.0938,4.0,1024,4096,1024,4096,1312,8685.683,10848.05,9293.299,0.281
mixed,32,3,0.0938,4.0,1024,4096,2048,8192,2624,9693.335,13952.859,11160.501,0.3444
mixed,32,3,0.0938,4.0,1024,4096,4096,16384,5248,11727.326,20234.507,15200.322,0.4082
mixed,32,3,0.0938,4.0,1024,8192,128,512,164,13777.791,14032.032,13810.72,0.1295
mixed,32,3,0.0938,4.0,1024,8192,256,1024,328,13886.878,14857.154,14198.433,0.3211
mixed,32,3,0.0938,4.0,1024,8192,512,2048,656,14297.025,15356.129,15197.185,0.8499
mixed,32,3,0.0938,4.0,1024,8192,1024,4096,1312,15013.119,16727.944,14862.557,-0.0878
mixed,32,3,0.0938,4.0,1024,8192,2048,8192,2624,15162.751,19226.701,15537.19,0.0921
mixed,32,3,0.0938,4.0,1024,8192,4096,16384,5248,16354.047,24247.1,18486.503,0.2702
mixed,32,3,0.0938,4.0,2048,0,128,512,164,4079.561,4386.057,3308.167,-2.5168
mixed,32,3,0.0938,4.0,2048,0,256,1024,328,3297.671,3784.232,3416.039,0.2433
mixed,32,3,0.0938,4.0,2048,0,512,2048,656,3517.641,5096.267,4955.309,0.9107
mixed,32,3,0.0938,4.0,2048,0,1024,4096,1312,4001.351,5902.318,4478.732,0.2511
mixed,32,3,0.0938,4.0,2048,0,2048,8192,2624,4802.924,8589.904,6034.445,0.3252
mixed,32,3,0.0938,4.0,2048,0,4096,16384,5248,6582.35,14034.878,8848.563,0.3041
mixed,32,3,0.0938,4.0,2048,512,128,512,164,4135.943,4358.313,4219.015,0.3736
mixed,32,3,0.0938,4.0,2048,512,256,1024,328,4253.288,5176.556,4756.045,0.5445
mixed,32,3,0.0938,4.0,2048,512,512,2048,656,4839.147,5610.54,4838.345,-0.001
mixed,32,3,0.0938,4.0,2048,512,1024,4096,1312,5017.802,6920.461,5327.309,0.1627
mixed,32,3,0.0938,4.0,2048,512,2048,8192,2624,5813.454,9565.234,8672.149,0.762
mixed,32,3,0.0938,4.0,2048,512,4096,16384,5248,7706.32,15106.53,9677.396,0.2664
mixed,32,3,0.0938,4.0,2048,1024,128,512,164,5278.026,5508.365,5326.989,0.2126
mixed,32,3,0.0938,4.0,2048,1024,256,1024,328,5343.948,6446.859,7218.576,1.6997
mixed,32,3,0.0938,4.0,2048,1024,512,2048,656,5753.005,6616.336,5895.628,0.1652
mixed,32,3,0.0938,4.0,2048,1024,1024,4096,1312,6127.564,8018.961,6567.344,0.2325
mixed,32,3,0.0938,4.0,2048,1024,2048,8192,2624,6917.521,10698.901,8975.091,0.5441
mixed,32,3,0.0938,4.0,2048,1024,4096,16384,5248,10708.406,16324.423,10529.365,-0.0319
mixed,32,3,0.0938,4.0,2048,2048,128,512,164,7525.872,7765.011,7588.721,0.2628
mixed,32,3,0.0938,4.0,2048,2048,256,1024,328,7633.233,8640.05,9934.516,2.2857
mixed,32,3,0.0938,4.0,2048,2048,512,2048,656,8449.203,8828.946,8055.537,-1.0367
mixed,32,3,0.0938,4.0,2048,2048,1024,4096,1312,8320.335,10189.907,8852.21,0.2845
mixed,32,3,0.0938,4.0,2048,2048,2048,8192,2624,9230.452,12969.659,10360.28,0.3022
mixed,32,3,0.0938,4.0,2048,2048,4096,16384,5248,10984.726,18527.815,13024.284,0.2704
mixed,32,3,0.0938,4.0,2048,4096,128,512,164,12027.197,12295.006,12118.716,0.3417
mixed,32,3,0.0938,4.0,2048,4096,256,1024,328,12172.924,12678.553,12286.426,0.2245
mixed,32,3,0.0938,4.0,2048,4096,512,2048,656,12379.77,13405.599,12628.348,0.2423
mixed,32,3,0.0938,4.0,2048,4096,1024,4096,1312,12838.007,14739.971,13334.814,0.2612
mixed,32,3,0.0938,4.0,2048,4096,2048,8192,2624,13777.983,17452.898,14699.966,0.2509
mixed,32,3,0.0938,4.0,2048,4096,4096,16384,5248,15575.424,22947.733,17807.848,0.3028
mixed,32,3,0.0938,4.0,2048,8192,128,512,164,20789.93,21160.268,20869.707,0.2154
mixed,32,3,0.0938,4.0,2048,8192,256,1024,328,21004.043,21513.044,21059.563,0.1091
mixed,32,3,0.0938,4.0,2048,8192,512,2048,656,21073.358,22136.181,21452.108,0.3564
mixed,32,3,0.0938,4.0,2048,8192,1024,4096,1312,21714.48,23559.439,22009.324,0.1598
mixed,32,3,0.0938,4.0,2048,8192,2048,8192,2624,22595.535,26395.547,23575.122,0.2578
mixed,32,3,0.0938,4.0,2048,8192,4096,16384,5248,24367.761,31948.706,26682.232,0.3053
pure,32,4,0.125,4.0,0,0,128,512,176,169.89,409.634,233.472,0.2652
pure,32,4,0.125,4.0,0,0,256,1024,352,297.024,893.314,509.601,0.3565
pure,32,4,0.125,4.0,0,0,512,2048,704,621.087,1652.132,920.546,0.2904
pure,32,4,0.125,4.0,0,0,1024,4096,1408,1158.274,3218.822,1699.684,0.2628
pure,32,4,0.125,4.0,0,0,2048,8192,2816,2242.436,6360.014,3458.566,0.2954
pure,32,4,0.125,4.0,0,0,4096,16384,5632,4404.776,12629.084,7121.838,0.3304
mixed,32,4,0.125,4.0,16,0,128,512,176,235.329,495.232,313.891,0.3023
mixed,32,4,0.125,4.0,16,0,256,1024,352,372.065,887.521,539.038,0.3239
mixed,32,4,0.125,4.0,16,0,512,2048,704,639.841,1674.276,916.225,0.2672
mixed,32,4,0.125,4.0,16,0,1024,4096,1408,1182.499,3248.326,1863.781,0.3298
mixed,32,4,0.125,4.0,16,0,2048,8192,2816,2266.982,6386.187,3608.456,0.3257
mixed,32,4,0.125,4.0,16,0,4096,16384,5632,4425.706,12665.368,7162.35,0.3321
mixed,32,4,0.125,4.0,16,512,128,512,176,277.087,550.718,362.977,0.3139
mixed,32,4,0.125,4.0,16,512,256,1024,352,424.256,941.792,571.872,0.2852
mixed,32,4,0.125,4.0,16,512,512,2048,704,694.626,1724.419,1079.555,0.3738
mixed,32,4,0.125,4.0,16,512,1024,4096,1408,1235.682,3298.214,1932.132,0.3377
mixed,32,4,0.125,4.0,16,512,2048,8192,2816,2321.542,6437.326,3897.48,0.3829
mixed,32,4,0.125,4.0,16,512,4096,16384,5632,4481.256,12728.695,6996.37,0.305
mixed,32,4,0.125,4.0,16,1024,128,512,176,301.921,571.552,386.271,0.3128
mixed,32,4,0.125,4.0,16,1024,256,1024,352,446.689,964.515,608.77,0.313
mixed,32,4,0.125,4.0,16,1024,512,2048,704,719.616,1748.546,1045.888,0.3171
mixed,32,4,0.125,4.0,16,1024,1024,4096,1408,1263.713,3320.935,1984.324,0.3503
mixed,32,4,0.125,4.0,16,1024,2048,8192,2816,2346.278,6454.283,3690.885,0.3273
mixed,32,4,0.125,4.0,16,1024,4096,16384,5632,4498.246,12741.562,7014.801,0.3053
mixed,32,4,0.125,4.0,16,2048,128,512,176,326.848,598.465,415.966,0.3281
mixed,32,4,0.125,4.0,16,2048,256,1024,352,473.313,986.691,621.087,0.2878
mixed,32,4,0.125,4.0,16,2048,512,2048,704,743.651,1773.186,1106.179,0.3521
mixed,32,4,0.125,4.0,16,2048,1024,4096,1408,1284.225,3344.648,1943.812,0.3201
mixed,32,4,0.125,4.0,16,2048,2048,8192,2816,2364.963,6494.669,3945.736,0.3828
mixed,32,4,0.125,4.0,16,2048,4096,16384,5632,4522.665,12763.546,7674.157,0.3824
mixed,32,4,0.125,4.0,16,4096,128,512,176,376.161,649.633,487.138,0.4058
mixed,32,4,0.125,4.0,16,4096,256,1024,352,524.804,1042.05,703.679,0.3458
mixed,32,4,0.125,4.0,16,4096,512,2048,704,796.162,1824.291,1095.778,0.2914
mixed,32,4,0.125,4.0,16,4096,1024,4096,1408,1336.613,3403.591,2123.717,0.3808
mixed,32,4,0.125,4.0,16,4096,2048,8192,2816,2418.436,6535.883,3660.774,0.3017
mixed,32,4,0.125,4.0,16,4096,4096,16384,5632,4574.283,12809.05,7493.068,0.3544
mixed,32,4,0.125,4.0,16,8192,128,512,176,482.88,758.205,581.343,0.3576
mixed,32,4,0.125,4.0,16,8192,256,1024,352,633.569,1152.26,791.362,0.3042
mixed,32,4,0.125,4.0,16,8192,512,2048,704,906.978,1935.268,1206.723,0.2915
mixed,32,4,0.125,4.0,16,8192,1024,4096,1408,1449.762,3510.598,2047.874,0.2902
mixed,32,4,0.125,4.0,16,8192,2048,8192,2816,2520.775,6644.366,3980.424,0.354
mixed,32,4,0.125,4.0,16,8192,4096,16384,5632,4680.616,12917.43,7406.51,0.3309
mixed,32,4,0.125,4.0,32,0,128,512,176,265.888,536.416,352.705,0.3209
mixed,32,4,0.125,4.0,32,0,256,1024,352,410.048,926.977,608.449,0.3838
mixed,32,4,0.125,4.0,32,0,512,2048,704,683.395,1713.539,1016.676,0.3235
mixed,32,4,0.125,4.0,32,0,1024,4096,1408,1229.665,3285.7,1888.482,0.3204
mixed,32,4,0.125,4.0,32,0,2048,8192,2816,2309.574,6427.048,3666.499,0.3296
mixed,32,4,0.125,4.0,32,0,4096,16384,5632,4461.227,12700.732,7176.813,0.3296
mixed,32,4,0.125,4.0,32,512,128,512,176,323.073,595.68,415.521,0.3391
mixed,32,4,0.125,4.0,32,512,256,1024,352,472.962,988.098,619.489,0.2844
mixed,32,4,0.125,4.0,32,512,512,2048,704,740.867,1777.024,1079.107,0.3264
mixed,32,4,0.125,4.0,32,512,1024,4096,1408,1280.867,3345.317,1962.725,0.3303
mixed,32,4,0.125,4.0,32,512,2048,8192,2816,2367.714,6486.666,3500.55,0.275
mixed,32,4,0.125,4.0,32,512,4096,16384,5632,4525.831,12758.296,7054.923,0.3072
mixed,32,4,0.125,4.0,32,1024,128,512,176,393.055,662.912,498.114,0.3893
mixed,32,4,0.125,4.0,32,1024,256,1024,352,542.273,1058.594,714.243,0.3331
mixed,32,4,0.125,4.0,32,1024,512,2048,704,808.992,1844.195,1148.319,0.3278
mixed,32,4,0.125,4.0,32,1024,1024,4096,1408,1352.866,3408.936,2123.651,0.3749
mixed,32,4,0.125,4.0,32,1024,2048,8192,2816,2431.812,6566.413,3797.157,0.3302
mixed,32,4,0.125,4.0,32,1024,4096,16384,5632,4590.38,12830.747,7322.7,0.3316
mixed,32,4,0.125,4.0,32,2048,128,512,176,430.274,698.626,535.169,0.3909
mixed,32,4,0.125,4.0,32,2048,256,1024,352,577.442,1090.818,762.207,0.3599
mixed,32,4,0.125,4.0,32,2048,512,2048,704,847.682,1875.14,1188.898,0.3321
mixed,32,4,0.125,4.0,32,2048,1024,4096,1408,1387.651,3448.678,2223.816,0.4057
mixed,32,4,0.125,4.0,32,2048,2048,8192,2816,2468.1,6588.619,3926.727,0.354
mixed,32,4,0.125,4.0,32,2048,4096,16384,5632,4626.793,12866.902,7371.759,0.3331
mixed,32,4,0.125,4.0,32,4096,128,512,176,538.592,810.337,644.802,0.3908
mixed,32,4,0.125,4.0,32,4096,256,1024,352,685.28,1208.544,846.465,0.308
mixed,32,4,0.125,4.0,32,4096,512,2048,704,955.2,1991.877,1318.466,0.3504
mixed,32,4,0.125,4.0,32,4096,1024,4096,1408,1504.799,3557.637,2166.306,0.3222
mixed,32,4,0.125,4.0,32,4096,2048,8192,2816,2580.289,6695.755,3836.103,0.3051
mixed,32,4,0.125,4.0,32,4096,4096,16384,5632,4743.047,12975.64,7459.757,0.33
mixed,32,4,0.125,4.0,32,8192,128,512,176,746.051,1020.643,825.758,0.2903
mixed,32,4,0.125,4.0,32,8192,256,1024,352,896.354,1409.922,1066.178,0.3307
mixed,32,4,0.125,4.0,32,8192,512,2048,704,1168.834,2203.586,1503.873,0.3238
mixed,32,4,0.125,4.0,32,8192,1024,4096,1408,1717.635,3778.376,2270.341,0.2682
mixed,32,4,0.125,4.0,32,8192,2048,8192,2816,2791.075,6906.476,4348.231,0.3784
mixed,32,4,0.125,4.0,32,8192,4096,16384,5632,4938.536,13189.175,7466.128,0.3064
mixed,32,4,0.125,4.0,64,0,128,512,176,272.737,545.506,364.385,0.336
mixed,32,4,0.125,4.0,64,0,256,1024,352,419.17,936.961,596.832,0.3431
mixed,32,4,0.125,4.0,64,0,512,2048,704,690.529,1721.762,1118.338,0.4149
mixed,32,4,0.125,4.0,64,0,1024,4096,1408,1240.608,3294.85,1839.074,0.2913
mixed,32,4,0.125,4.0,64,0,2048,8192,2816,2308.867,6427.98,3789.348,0.3594
mixed,32,4,0.125,4.0,64,0,4096,16384,5632,4472.423,12706.58,7229.07,0.3348
mixed,32,4,0.125,4.0,64,512,128,512,176,411.232,682.978,506.593,0.3509
mixed,32,4,0.125,4.0,64,512,256,1024,352,561.087,1077.153,742.945,0.3524
mixed,32,4,0.125,4.0,64,512,512,2048,704,828.159,1866.88,1130.402,0.291
mixed,32,4,0.125,4.0,64,512,1024,4096,1408,1372.16,3429.798,2101.989,0.3547
mixed,32,4,0.125,4.0,64,512,2048,8192,2816,2448.803,6576.431,3792.035,0.3254
mixed,32,4,0.125,4.0,64,512,4096,16384,5632,4610.822,12839.893,7123.564,0.3053
mixed,32,4,0.125,4.0,64,1024,128,512,176,491.424,761.889,593.28,0.3766
mixed,32,4,0.125,4.0,64,1024,256,1024,352,635.136,1155.171,787.777,0.2935
mixed,32,4,0.125,4.0,64,1024,512,2048,704,906.145,1938.018,1221.506,0.3056
mixed,32,4,0.125,4.0,64,1024,1024,4096,1408,1448.065,3507.782,2236.581,0.3828
mixed,32,4,0.125,4.0,64,1024,2048,8192,2816,2527.683,6645.674,3662.726,0.2756
mixed,32,4,0.125,4.0,64,1024,4096,16384,5632,4688.137,12924.728,7646.511,0.3592
mixed,32,4,0.125,4.0,64,2048,128,512,176,594.525,868.448,694.112,0.3636
mixed,32,4,0.125,4.0,64,2048,256,1024,352,739.17,1259.426,905.121,0.319
mixed,32,4,0.125,4.0,64,2048,512,2048,704,1016.993,2047.298,1345.631,0.319
mixed,32,4,0.125,4.0,64,2048,1024,4096,1408,1552.352,3610.568,2338.66,0.382
mixed,32,4,0.125,4.0,64,2048,2048,8192,2816,2633.634,6750.124,4092.579,0.3544
mixed,32,4,0.125,4.0,64,2048,4096,16384,5632,4795.271,13033.078,7527.783,0.3317
mixed,32,4,0.125,4.0,64,4096,128,512,176,795.008,1068.259,893.407,0.3601
mixed,32,4,0.125,4.0,64,4096,256,1024,352,940.577,1460.996,1133.857,0.3714
mixed,32,4,0.125,4.0,64,4096,512,2048,704,1214.208,2247.01,1512.898,0.2892
mixed,32,4,0.125,4.0,64,4096,1024,4096,1408,1753.507,3815.108,2586.626,0.4041
mixed,32,4,0.125,4.0,64,4096,2048,8192,2816,2835.811,6948.842,4287.621,0.353
mixed,32,4,0.125,4.0,64,4096,4096,16384,5632,4995.115,13225.177,8167.117,0.3854
mixed,32,4,0.125,4.0,64,8192,128,512,176,1191.362,1468.163,1286.688,0.3444
mixed,32,4,0.125,4.0,64,8192,256,1024,352,1337.185,1857.635,1513.573,0.3389
mixed,32,4,0.125,4.0,64,8192,512,2048,704,1611.395,2641.571,2026.339,0.4028
mixed,32,4,0.125,4.0,64,8192,1024,4096,1408,2153.988,4208.389,2837.668,0.3328
mixed,32,4,0.125,4.0,64,8192,2048,8192,2816,3228.87,7352.172,4372.517,0.2774
mixed,32,4,0.125,4.0,64,8192,4096,16384,5632,5394.409,13629.43,7673.803,0.2768
mixed,32,4,0.125,4.0,128,0,128,512,176,295.423,572.096,391.553,0.3474
mixed,32,4,0.125,4.0,128,0,256,1024,352,443.297,960.577,622.561,0.3466
mixed,32,4,0.125,4.0,128,0,512,2048,704,715.296,1747.715,985.345,0.2616
mixed,32,4,0.125,4.0,128,0,1024,4096,1408,1254.242,3315.398,1912.45,0.3193
mixed,32,4,0.125,4.0,128,0,2048,8192,2816,2335.172,6457.097,3582.274,0.3026
mixed,32,4,0.125,4.0,128,0,4096,16384,5632,4492.038,12726.005,6561.87,0.2514
mixed,32,4,0.125,4.0,128,512,128,512,176,538.113,812.415,630.016,0.335
mixed,32,4,0.125,4.0,128,512,256,1024,352,684.898,1210.72,817.057,0.2513
mixed,32,4,0.125,4.0,128,512,512,2048,704,957.888,1987.683,1324.929,0.3564
mixed,32,4,0.125,4.0,128,512,1024,4096,1408,1502.719,3557.957,2230.115,0.3539
mixed,32,4,0.125,4.0,128,512,2048,8192,2816,2577.348,6699.464,4050.886,0.3575
mixed,32,4,0.125,4.0,128,512,4096,16384,5632,4740.326,12971.35,7286.794,0.3094
mixed,32,4,0.125,4.0,128,1024,128,512,176,636.225,912.002,725.856,0.325
mixed,32,4,0.125,4.0,128,1024,256,1024,352,783.491,1306.722,973.954,0.364
mixed,32,4,0.125,4.0,128,1024,512,2048,704,1055.554,2089.89,1443.235,0.3748
mixed,32,4,0.125,4.0,128,1024,1024,4096,1408,1603.329,3655.912,2286.212,0.3327
mixed,32,4,0.125,4.0,128,1024,2048,8192,2816,2677.73,6800.874,4266.595,0.3854
mixed,32,4,0.125,4.0,128,1024,4096,16384,5632,4839.5,13078.87,7982.508,0.3815
mixed,32,4,0.125,4.0,128,2048,128,512,176,841.185,1113.889,928.705,0.3209
mixed,32,4,0.125,4.0,128,2048,256,1024,352,986.305,1508.163,1138.85,0.2923
mixed,32,4,0.125,4.0,128,2048,512,2048,704,1261.763,2292.452,1646.626,0.3734
mixed,32,4,0.125,4.0,128,2048,1024,4096,1408,1800.354,3863.142,2524.099,0.3509
mixed,32,4,0.125,4.0,128,2048,2048,8192,2816,2881.826,7004.201,4131.013,0.303
mixed,32,4,0.125,4.0,128,2048,4096,16384,5632,5037.672,13280.597,7791.977,0.3341
mixed,32,4,0.125,4.0,128,4096,128,512,176,1237.952,1509.568,1325.41,0.322
mixed,32,4,0.125,4.0,128,4096,256,1024,352,1383.137,1902.594,1530.081,0.2829
mixed,32,4,0.125,4.0,128,4096,512,2048,704,1655.904,2691.236,1996.992,0.3294
mixed,32,4,0.125,4.0,128,4096,1024,4096,1408,2201.057,4254.504,2917.541,0.3489
mixed,32,4,0.125,4.0,128,4096,2048,8192,2816,3276.003,7400.585,4880.553,0.389
mixed,32,4,0.125,4.0,128,4096,4096,16384,5632,5433.959,13674.067,8137.451,0.3281
mixed,32,4,0.125,4.0,128,8192,128,512,176,2025.186,2300.674,2101.795,0.2781
mixed,32,4,0.125,4.0,128,8192,256,1024,352,2169.571,2692.262,2304.899,0.2589
mixed,32,4,0.125,4.0,128,8192,512,2048,704,2442.981,3475.94,2744.836,0.2922
mixed,32,4,0.125,4.0,128,8192,1024,4096,1408,2993.701,5048.455,3609.349,0.2996
mixed,32,4,0.125,4.0,128,8192,2048,8192,2816,4063.304,8191.723,5653.738,0.3852
mixed,32,4,0.125,4.0,128,8192,4096,16384,5632,6229.575,14462.835,8942.923,0.3296
mixed,32,4,0.125,4.0,256,0,128,512,176,589.536,863.682,679.679,0.3288
mixed,32,4,0.125,4.0,256,0,256,1024,352,737.824,1256.323,943.107,0.3959
mixed,32,4,0.125,4.0,256,0,512,2048,704,1007.489,2040.323,1395.553,0.3757
mixed,32,4,0.125,4.0,256,0,1024,4096,1408,1552.609,3607.524,2269.861,0.349
mixed,32,4,0.125,4.0,256,0,2048,8192,2816,2630.274,6748.078,3971.012,0.3256
mixed,32,4,0.125,4.0,256,0,4096,16384,5632,4791.974,13031.061,7503.56,0.3291
mixed,32,4,0.125,4.0,256,512,128,512,176,792.705,1065.121,901.156,0.3981
mixed,32,4,0.125,4.0,256,512,256,1024,352,939.969,1458.755,1118.432,0.344
mixed,32,4,0.125,4.0,256,512,512,2048,704,1212.161,2241.155,1575.874,0.3535
mixed,32,4,0.125,4.0,256,512,1024,4096,1408,1752.001,3818.213,2424.996,0.3257
mixed,32,4,0.125,4.0,256,512,2048,8192,2816,2837.507,6957.833,4408.038,0.3812
mixed,32,4,0.125,4.0,256,512,4096,16384,5632,4990.63,13224.495,7749.797,0.3351
mixed,32,4,0.125,4.0,256,1024,128,512,176,988.257,1259.554,1094.626,0.3921
mixed,32,4,0.125,4.0,256,1024,256,1024,352,1135.266,1659.265,1283.33,0.2826
mixed,32,4,0.125,4.0,256,1024,512,2048,704,1410.788,2441.892,1739.075,0.3184
mixed,32,4,0.125,4.0,256,1024,1024,4096,1408,1946.882,4013.573,2625.091,0.3282
mixed,32,4,0.125,4.0,256,1024,2048,8192,2816,3028.997,7150.507,4475.109,0.3509
mixed,32,4,0.125,4.0,256,1024,4096,16384,5632,5190.569,13436.019,7901.291,0.3288
mixed,32,4,0.125,4.0,256,2048,128,512,176,1386.147,1668.578,1465.282,0.2802
mixed,32,4,0.125,4.0,256,2048,256,1024,352,1534.306,2056.066,1700.164,0.3179
mixed,32,4,0.125,4.0,256,2048,512,2048,704,1805.826,2835.267,2140.066,0.3247
mixed,32,4,0.125,4.0,256,2048,1024,4096,1408,2348.42,4406.083,3043.235,0.3377
mixed,32,4,0.125,4.0,256,2048,2048,8192,2816,3431.108,7554.089,4657.03,0.2973
mixed,32,4,0.125,4.0,256,2048,4096,16384,5632,5586.856,13818.866,8757.065,0.3851
mixed,32,4,0.125,4.0,256,4096,128,512,176,2176.609,2449.187,2279.072,0.3759
mixed,32,4,0.125,4.0,256,4096,256,1024,352,2323.843,2843.653,2529.475,0.3956
mixed,32,4,0.125,4.0,256,4096,512,2048,704,2601.953,3638.596,2933.413,0.3197
mixed,32,4,0.125,4.0,256,4096,1024,4096,1408,3138.818,5196.709,3864.677,0.3527
mixed,32,4,0.125,4.0,256,4096,2048,8192,2816,4210.343,8334.247,5479.465,0.3077
mixed,32,4,0.125,4.0,256,4096,4096,16384,5632,6377.291,14610.839,9538.608,0.384
mixed,32,4,0.125,4.0,256,8192,128,512,176,3749.826,4029.381,3866.723,0.4182
mixed,32,4,0.125,4.0,256,8192,256,1024,352,3907.045,4425.892,4094.213,0.3607
mixed,32,4,0.125,4.0,256,8192,512,2048,704,4177.891,5210.084,4566.822,0.3768
mixed,32,4,0.125,4.0,256,8192,1024,4096,1408,4720.677,6785.705,5385.608,0.322
mixed,32,4,0.125,4.0,256,8192,2048,8192,2816,5796.998,9912.941,7459.59,0.4039
mixed,32,4,0.125,4.0,256,8192,4096,16384,5632,7956.008,16197.654,10684.845,0.3311
mixed,32,4,0.125,4.0,512,0,128,512,176,666.593,939.875,761.504,0.3473
mixed,32,4,0.125,4.0,512,0,256,1024,352,813.151,1329.409,986.144,0.3351
mixed,32,4,0.125,4.0,512,0,512,2048,704,1083.808,2113.956,1473.857,0.3786
mixed,32,4,0.125,4.0,512,0,1024,4096,1408,1626.178,3684.484,2228.418,0.2926
mixed,32,4,0.125,4.0,512,0,2048,8192,2816,2708.804,6829.865,4043.46,0.3239
mixed,32,4,0.125,4.0,512,0,4096,16384,5632,4867.716,13100.239,7382.061,0.3054
mixed,32,4,0.125,4.0,512,512,128,512,176,1090.081,1358.563,1179.298,0.3323
mixed,32,4,0.125,4.0,512,512,256,1024,352,1235.808,1751.616,1368.002,0.2563
mixed,32,4,0.125,4.0,512,512,512,2048,704,1510.69,2540.932,1769.698,0.2514
mixed,32,4,0.125,4.0,512,512,1024,4096,1408,2045.762,4108.452,2725.796,0.3297
mixed,32,4,0.125,4.0,512,512,2048,8192,2816,3126.278,7254.567,4362.504,0.2995
mixed,32,4,0.125,4.0,512,512,4096,16384,5632,5288.135,13520.019,7799.239,0.305
mixed,32,4,0.125,4.0,512,1024,128,512,176,1490.722,1759.906,1573.407,0.3072
mixed,32,4,0.125,4.0,512,1024,256,1024,352,1627.202,2153.601,1799.904,0.3281
mixed,32,4,0.125,4.0,512,1024,512,2048,704,1903.555,2934.533,2261.858,0.3475
mixed,32,4,0.125,4.0,512,1024,1024,4096,1408,2444.61,4508.067,3179.971,0.3564
mixed,32,4,0.125,4.0,512,1024,2048,8192,2816,3522.308,7642.794,5095.432,0.3818
mixed,32,4,0.125,4.0,512,1024,4096,16384,5632,5685.765,13921.587,7986.186,0.2793
mixed,32,4,0.125,4.0,512,2048,128,512,176,2279.042,2550.02,2380.898,0.3759
mixed,32,4,0.125,4.0,512,2048,256,1024,352,2424.993,2947.619,2569.922,0.2773
mixed,32,4,0.125,4.0,512,2048,512,2048,704,2698.019,3724.966,3025.028,0.3184
mixed,32,4,0.125,4.0,512,2048,1024,4096,1408,3243.745,5299.814,3971.876,0.3541
mixed,32,4,0.125,4.0,512,2048,2048,8192,2816,4316.899,8444.008,5888.934,0.3809
mixed,32,4,0.125,4.0,512,2048,4096,16384,5632,6480.041,14723.891,8987.435,0.3042
mixed,32,4,0.125,4.0,512,4096,128,512,176,3864.163,4124.898,3952.515,0.3389
mixed,32,4,0.125,4.0,512,4096,256,1024,352,4012.805,4520.035,4136.869,0.2446
mixed,32,4,0.125,4.0,512,4096,512,2048,704,4273.283,5299.594,4586.212,0.3049
mixed,32,4,0.125,4.0,512,4096,1024,4096,1408,4820.807,6883.908,5405.096,0.2832
mixed,32,4,0.125,4.0,512,4096,2048,8192,2816,5894.504,10024.136,7557.188,0.4026
mixed,32,4,0.125,4.0,512,4096,4096,16384,5632,8058.887,16289.682,11042.635,0.3625
mixed,32,4,0.125,4.0,512,8192,128,512,176,7007.909,7289.867,7108.61,0.3571
mixed,32,4,0.125,4.0,512,8192,256,1024,352,7163.785,7682.407,7333.222,0.3267
mixed,32,4,0.125,4.0,512,8192,512,2048,704,7428.457,8457.96,7765.449,0.3273
mixed,32,4,0.125,4.0,512,8192,1024,4096,1408,7970.407,10037.481,8703.336,0.3546
mixed,32,4,0.125,4.0,512,8192,2048,8192,2816,9051.369,13166.415,10523.119,0.3577
mixed,32,4,0.125,4.0,512,8192,4096,16384,5632,11222.191,19436.475,13941.578,0.3311
mixed,32,4,0.125,4.0,1024,0,128,512,176,1461.219,1728.386,1548.387,0.3263
mixed,32,4,0.125,4.0,1024,0,256,1024,352,1603.939,2126.817,1772.963,0.3233
mixed,32,4,0.125,4.0,1024,0,512,2048,704,1878.53,2914.307,2182.052,0.293
mixed,32,4,0.125,4.0,1024,0,1024,4096,1408,2417.762,4477.734,3023.971,0.2943
mixed,32,4,0.125,4.0,1024,0,2048,8192,2816,3502.628,7618.6,5061.283,0.3787
mixed,32,4,0.125,4.0,1024,0,4096,16384,5632,5662.95,13885.199,8637.642,0.3618
mixed,32,4,0.125,4.0,1024,512,128,512,176,2311.683,2581.635,2417.218,0.3909
mixed,32,4,0.125,4.0,1024,512,256,1024,352,2460.388,2977.219,2621.538,0.3118
mixed,32,4,0.125,4.0,1024,512,512,2048,704,2732.132,3770.727,3054.5,0.3104
mixed,32,4,0.125,4.0,1024,512,1024,4096,1408,3267.555,5343.173,3829.955,0.271
mixed,32,4,0.125,4.0,1024,512,2048,8192,2816,4347.397,8480.267,5699.238,0.3271
mixed,32,4,0.125,4.0,1024,512,4096,16384,5632,6503.913,14756.015,9523.66,0.3659
mixed,32,4,0.125,4.0,1024,1024,128,512,176,3114.146,3380.195,3226.787,0.4234
mixed,32,4,0.125,4.0,1024,1024,256,1024,352,3258.659,3775.748,3424.162,0.3201
mixed,32,4,0.125,4.0,1024,1024,512,2048,704,3534.983,4560.869,3800.737,0.259
mixed,32,4,0.125,4.0,1024,1024,1024,4096,1408,4077.475,6132.614,4646.98,0.2771
mixed,32,4,0.125,4.0,1024,1024,2048,8192,2816,5151.844,9270.826,6623.593,0.3573
mixed,32,4,0.125,4.0,1024,1024,4096,16384,5632,7322.342,15549.045,10073.961,0.3345
mixed,32,4,0.125,4.0,1024,2048,128,512,176,4683.527,4959.204,4801.798,0.429
mixed,32,4,0.125,4.0,1024,2048,256,1024,352,4831.782,5354.533,5004.07,0.3296
mixed,32,4,0.125,4.0,1024,2048,512,2048,704,5112.806,6140.229,5465.253,0.343
mixed,32,4,0.125,4.0,1024,2048,1024,4096,1408,5642.98,7706.633,6339.56,0.3375
mixed,32,4,0.125,4.0,1024,2048,2048,8192,2816,6740.038,10848.143,8224.489,0.3613
mixed,32,4,0.125,4.0,1024,2048,4096,16384,5632,8880.136,17121.108,11075.725,0.2664
mixed,32,4,0.125,4.0,1024,4096,128,512,176,7406.472,7667.784,7896.711,1.8761
mixed,32,4,0.125,4.0,1024,4096,256,1024,352,7948.428,8499.755,8115.884,0.3037
mixed,32,4,0.125,4.0,1024,4096,512,2048,704,8264.97,9250.22,8497.958,0.2365
mixed,32,4,0.125,4.0,1024,4096,1024,4096,1408,8766.603,10831.436,9276.588,0.247
mixed,32,4,0.125,4.0,1024,4096,2048,8192,2816,9842.414,14001.614,11325.23,0.3565
mixed,32,4,0.125,4.0,1024,4096,4096,16384,5632,12013.997,20252.694,14164.598,0.261
mixed,32,4,0.125,4.0,1024,8192,128,512,176,13453.235,13726.321,13562.097,0.3986
mixed,32,4,0.125,4.0,1024,8192,256,1024,352,14248.049,14776.272,14444.083,0.3711
mixed,32,4,0.125,4.0,1024,8192,512,2048,704,14736.915,15374.095,14612.27,-0.1956
mixed,32,4,0.125,4.0,1024,8192,1024,4096,1408,14850.93,16885.845,14933.905,0.0408
mixed,32,4,0.125,4.0,1024,8192,2048,8192,2816,15277.198,19221.714,15903.757,0.1588
mixed,32,4,0.125,4.0,1024,8192,4096,16384,5632,16474.324,24089.374,17911.505,0.1887
mixed,32,4,0.125,4.0,2048,0,128,512,176,3373.733,3617.927,3289.54,-0.3448
mixed,32,4,0.125,4.0,2048,0,256,1024,352,3348.515,3803.459,3456.291,0.2369
mixed,32,4,0.125,4.0,2048,0,512,2048,704,3534.725,4451.525,3740.517,0.2245
mixed,32,4,0.125,4.0,2048,0,1024,4096,1408,3964.709,5815.112,4522.692,0.3015
mixed,32,4,0.125,4.0,2048,0,2048,8192,2816,5203.782,8625.929,6011.559,0.236
mixed,32,4,0.125,4.0,2048,0,4096,16384,5632,6745.961,14018.61,8694.315,0.2679
mixed,32,4,0.125,4.0,2048,512,128,512,176,4121.03,4352.902,4207.878,0.3746
mixed,32,4,0.125,4.0,2048,512,256,1024,352,4234.085,5218.244,4570.341,0.3417
mixed,32,4,0.125,4.0,2048,512,512,2048,704,4669.668,5593.222,4854.15,0.1998
mixed,32,4,0.125,4.0,2048,512,1024,4096,1408,5083.527,6916.297,5441.574,0.1954
mixed,32,4,0.125,4.0,2048,512,2048,8192,2816,5944.486,9567.305,6817.513,0.241
mixed,32,4,0.125,4.0,2048,512,4096,16384,5632,8172.522,15136.563,10065.1,0.2718
mixed,32,4,0.125,4.0,2048,1024,128,512,176,5229.349,5506.534,5629.351,1.4431
mixed,32,4,0.125,4.0,2048,1024,256,1024,352,5386.694,6389.191,6887.241,1.4968
mixed,32,4,0.125,4.0,2048,1024,512,2048,704,7686.282,6751.945,5887.654,
mixed,32,4,0.125,4.0,2048,1024,1024,4096,1408,6131.27,7958.345,6593.64,0.2531
mixed,32,4,0.125,4.0,2048,1024,2048,8192,2816,7048.617,10696.557,8218.538,0.3207
mixed,32,4,0.125,4.0,2048,1024,4096,16384,5632,8974.573,16191.313,10941.964,0.2726
mixed,32,4,0.125,4.0,2048,2048,128,512,176,7525.609,7766.438,7598.726,0.3036
mixed,32,4,0.125,4.0,2048,2048,256,1024,352,7657.001,10479.182,7806.026,0.0528
mixed,32,4,0.125,4.0,2048,2048,512,2048,704,7902.601,8808.33,8106.667,0.2253
mixed,32,4,0.125,4.0,2048,2048,1024,4096,1408,8368.841,10188.27,8894.249,0.2888
mixed,32,4,0.125,4.0,2048,2048,2048,8192,2816,9315.658,12979.825,10435.182,0.3055
mixed,32,4,0.125,4.0,2048,2048,4096,16384,5632,11236.556,18512.539,13381.136,0.2947
mixed,32,4,0.125,4.0,2048,4096,128,512,176,12058.127,12303.378,12124.621,0.2711
mixed,32,4,0.125,4.0,2048,4096,256,1024,352,12186.956,12642.606,12334.258,0.3233
mixed,32,4,0.125,4.0,2048,4096,512,2048,704,12421.964,13346.732,12680.331,0.2794
mixed,32,4,0.125,4.0,2048,4096,1024,4096,1408,12900.689,14665.713,13358.832,0.2596
mixed,32,4,0.125,4.0,2048,4096,2048,8192,2816,13862.797,17454.324,14934.578,0.2984
mixed,32,4,0.125,4.0,2048,4096,4096,16384,5632,15781.589,22968.856,17986.228,0.3067
mixed,32,4,0.125,4.0,2048,8192,128,512,176,20898.008,21094.717,20974.711,0.3899
mixed,32,4,0.125,4.0,2048,8192,256,1024,352,20931.8,21517.459,21090.616,0.2712
mixed,32,4,0.125,4.0,2048,8192,512,2048,704,21301.912,22176.756,21422.521,0.1379
mixed,32,4,0.125,4.0,2048,8192,1024,4096,1408,21803.639,23710.042,22209.211,0.2127
mixed,32,4,0.125,4.0,2048,8192,2048,8192,2816,22734.423,26373.06,23748.726,0.2788
mixed,32,4,0.125,4.0,2048,8192,4096,16384,5632,24628.858,31958.125,26649.761,0.2757
pure,32,8,0.25,4.0,0,0,128,512,224,211.872,406.816,237.376,0.1308
pure,32,8,0.25,4.0,0,0,256,1024,448,422.433,864.096,549.056,0.2867
pure,32,8,0.25,4.0,0,0,512,2048,896,766.24,1650.528,1037.377,0.3066
pure,32,8,0.25,4.0,0,0,1024,4096,1792,1455.457,3224.196,1981.186,0.2972
pure,32,8,0.25,4.0,0,0,2048,8192,3584,2832.611,6356.486,3890.18,0.3001
pure,32,8,0.25,4.0,0,0,4096,16384,7168,5577.192,12748.718,7616.776,0.2844
mixed,32,8,0.25,4.0,16,0,128,512,224,276.353,498.209,329.988,0.2418
mixed,32,8,0.25,4.0,16,0,256,1024,448,447.393,889.632,577.251,0.2936
mixed,32,8,0.25,4.0,16,0,512,2048,896,792.769,1674.306,1035.715,0.2756
mixed,32,8,0.25,4.0,16,0,1024,4096,1792,1476.03,3247.651,2026.499,0.3107
mixed,32,8,0.25,4.0,16,0,2048,8192,3584,2855.649,6386.02,3970.854,0.3159
mixed,32,8,0.25,4.0,16,0,4096,16384,7168,5608.23,12660.208,7857.064,0.3189
mixed,32,8,0.25,4.0,16,512,128,512,224,327.55,549.059,384.546,0.2573
mixed,32,8,0.25,4.0,16,512,256,1024,448,498.976,942.144,628.607,0.2925
mixed,32,8,0.25,4.0,16,512,512,2048,896,841.793,1722.753,1093.216,0.2854
mixed,32,8,0.25,4.0,16,512,1024,4096,1792,1529.887,3300.098,2040.612,0.2885
mixed,32,8,0.25,4.0,16,512,2048,8192,3584,2900.609,6443.205,3952.87,0.297
mixed,32,8,0.25,4.0,16,512,4096,16384,7168,5649.955,12714.927,7871.239,0.3144
mixed,32,8,0.25,4.0,16,1024,128,512,224,349.985,569.984,402.594,0.2391
mixed,32,8,0.25,4.0,16,1024,256,1024,448,521.473,964.768,667.456,0.3293
mixed,32,8,0.25,4.0,16,1024,512,2048,896,868.031,1752.866,1121.026,0.2859
mixed,32,8,0.25,4.0,16,1024,1024,4096,1792,1550.915,3317.315,2071.33,0.2946
mixed,32,8,0.25,4.0,16,1024,2048,8192,3584,2924.995,6460.231,4043.46,0.3164
mixed,32,8,0.25,4.0,16,1024,4096,16384,7168,5674.726,12742.768,7907.751,0.3159
mixed,32,8,0.25,4.0,16,2048,128,512,224,374.496,597.505,446.688,0.3237
mixed,32,8,0.25,4.0,16,2048,256,1024,448,546.495,993.952,678.944,0.296
mixed,32,8,0.25,4.0,16,2048,512,2048,896,889.215,1770.654,1158.21,0.3052
mixed,32,8,0.25,4.0,16,2048,1024,4096,1792,1576.704,3349.827,2127.106,0.3104
mixed,32,8,0.25,4.0,16,2048,2048,8192,3584,2950.884,6480.421,4066.468,0.3161
mixed,32,8,0.25,4.0,16,2048,4096,16384,7168,5698.437,12769.806,7946.73,0.3179
mixed,32,8,0.25,4.0,16,4096,128,512,224,426.337,652.961,484.256,0.2556
mixed,32,8,0.25,4.0,16,4096,256,1024,448,600.768,1043.328,732.767,0.2983
mixed,32,8,0.25,4.0,16,4096,512,2048,896,943.266,1829.891,1202.083,0.2919
mixed,32,8,0.25,4.0,16,4096,1024,4096,1792,1634.016,3398.212,2180.768,0.3099
mixed,32,8,0.25,4.0,16,4096,2048,8192,3584,3006.755,6540.26,4102.82,0.3102
mixed,32,8,0.25,4.0,16,4096,4096,16384,7168,5757.827,12814.542,7805.924,0.2902
mixed,32,8,0.25,4.0,16,8192,128,512,224,534.848,756.223,591.968,0.258
mixed,32,8,0.25,4.0,16,8192,256,1024,448,704.832,1154.05,850.24,0.3237
mixed,32,8,0.25,4.0,16,8192,512,2048,896,1055.935,1938.305,1324.289,0.3041
mixed,32,8,0.25,4.0,16,8192,1024,4096,1792,1739.84,3506.722,2284.612,0.3083
mixed,32,8,0.25,4.0,16,8192,2048,8192,3584,3115.556,6653.895,4229.221,0.3147
mixed,32,8,0.25,4.0,16,8192,4096,16384,7168,5865.635,12930.19,8068.362,0.3118
mixed,32,8,0.25,4.0,32,0,128,512,224,316.61,533.599,378.976,0.2874
mixed,32,8,0.25,4.0,32,0,256,1024,448,489.217,926.528,625.059,0.3106
mixed,32,8,0.25,4.0,32,0,512,2048,896,831.425,1711.714,1095.904,0.3004
mixed,32,8,0.25,4.0,32,0,1024,4096,1792,1515.297,3282.467,2060.833,0.3087
mixed,32,8,0.25,4.0,32,0,2048,8192,3584,2897.889,6420.743,4000.77,0.3131
mixed,32,8,0.25,4.0,32,0,4096,16384,7168,5639.301,12712.555,7890.633,0.3183
mixed,32,8,0.25,4.0,32,512,128,512,224,373.376,596.319,447.971,0.3346
mixed,32,8,0.25,4.0,32,512,256,1024,448,545.507,989.857,676.544,0.2949
mixed,32,8,0.25,4.0,32,512,512,2048,896,894.561,1773.92,1161.856,0.304
mixed,32,8,0.25,4.0,32,512,1024,4096,1792,1577.538,3343.203,2134.178,0.3153
mixed,32,8,0.25,4.0,32,512,2048,8192,3584,2952.773,6484.199,3988.899,0.2934
mixed,32,8,0.25,4.0,32,512,4096,16384,7168,5702.052,12757.358,7897.191,0.3111
mixed,32,8,0.25,4.0,32,1024,128,512,224,448.094,666.144,500.036,0.2382
mixed,32,8,0.25,4.0,32,1024,256,1024,448,610.847,1058.564,759.329,0.3316
mixed,32,8,0.25,4.0,32,1024,512,2048,896,959.521,1844.159,1209.826,0.2829
mixed,32,8,0.25,4.0,32,1024,1024,4096,1792,1645.888,3412.801,2199.681,0.3134
mixed,32,8,0.25,4.0,32,1024,2048,8192,3584,3024.101,6562.725,4138.947,0.3151
mixed,32,8,0.25,4.0,32,1024,4096,16384,7168,5773.862,12835.723,8008.393,0.3164
mixed,32,8,0.25,4.0,32,2048,128,512,224,477.984,699.422,547.937,0.3159
mixed,32,8,0.25,4.0,32,2048,256,1024,448,651.071,1093.407,781.92,0.2958
mixed,32,8,0.25,4.0,32,2048,512,2048,896,994.659,1877.473,1264.29,0.3054
mixed,32,8,0.25,4.0,32,2048,1024,4096,1792,1679.458,3447.94,2225.889,0.309
mixed,32,8,0.25,4.0,32,2048,2048,8192,3584,3060.801,6595.75,4160.102,0.311
mixed,32,8,0.25,4.0,32,2048,4096,16384,7168,5812.9,12870.796,7878.372,0.2926
mixed,32,8,0.25,4.0,32,4096,128,512,224,590.368,810.882,649.312,0.2673
mixed,32,8,0.25,4.0,32,4096,256,1024,448,757.569,1207.807,893.856,0.3027
mixed,32,8,0.25,4.0,32,4096,512,2048,896,1102.497,1988.674,1367.585,0.2991
mixed,32,8,0.25,4.0,32,4096,1024,4096,1792,1794.112,3560.963,2308.131,0.2909
mixed,32,8,0.25,4.0,32,4096,2048,8192,3584,3162.785,6687.624,4273.856,0.3152
mixed,32,8,0.25,4.0,32,4096,4096,16384,7168,5913.924,12966.601,8002.535,0.2961
mixed,32,8,0.25,4.0,32,8192,128,512,224,794.08,1022.113,860.801,0.2926
mixed,32,8,0.25,4.0,32,8192,256,1024,448,967.935,1410.85,1104.961,0.3094
mixed,32,8,0.25,4.0,32,8192,512,2048,896,1315.425,2200.291,1591.487,0.312
mixed,32,8,0.25,4.0,32,8192,1024,4096,1792,2004.099,3770.307,2588.514,0.3309
mixed,32,8,0.25,4.0,32,8192,2048,8192,3584,3375.876,6905.416,4501.603,0.3189
mixed,32,8,0.25,4.0,32,8192,4096,16384,7168,6118.597,13177.934,8326.375,0.3127
mixed,32,8,0.25,4.0,64,0,128,512,224,325.665,547.105,380.321,0.2468
mixed,32,8,0.25,4.0,64,0,256,1024,448,497.792,938.018,615.774,0.268
mixed,32,8,0.25,4.0,64,0,512,2048,896,838.368,1721.857,1114.785,0.3129
mixed,32,8,0.25,4.0,64,0,1024,4096,1792,1525.76,3292.674,2070.114,0.3081
mixed,32,8,0.25,4.0,64,0,2048,8192,3584,2901.697,6434.825,4014.434,0.3149
mixed,32,8,0.25,4.0,64,0,4096,16384,7168,5645.636,12707.307,7882.952,0.3168
mixed,32,8,0.25,4.0,64,512,128,512,224,464.672,685.184,518.431,0.2438
mixed,32,8,0.25,4.0,64,512,256,1024,448,635.103,1074.274,765.153,0.2961
mixed,32,8,0.25,4.0,64,512,512,2048,896,974.881,1862.818,1220.961,0.2771
mixed,32,8,0.25,4.0,64,512,1024,4096,1792,1665.282,3436.931,2218.847,0.3125
mixed,32,8,0.25,4.0,64,512,2048,8192,3584,3035.332,6567.56,4143.587,0.3138
mixed,32,8,0.25,4.0,64,512,4096,16384,7168,5786.308,12842.413,7867.236,0.2949
mixed,32,8,0.25,4.0,64,1024,128,512,224,541.507,761.632,599.776,0.2647
mixed,32,8,0.25,4.0,64,1024,256,1024,448,713.761,1153.375,849.314,0.3083
mixed,32,8,0.25,4.0,64,1024,512,2048,896,1056.544,1940.32,1345.473,0.3269
mixed,32,8,0.25,4.0,64,1024,1024,4096,1792,1740.13,3509.187,2279.425,0.3048
mixed,32,8,0.25,4.0,64,1024,2048,8192,3584,3118.754,6649.351,4145.124,0.2907
mixed,32,8,0.25,4.0,64,1024,4096,16384,7168,5870.309,12927.374,8096.933,0.3155
mixed,32,8,0.25,4.0,64,2048,128,512,224,643.168,865.664,704.768,0.2769
mixed,32,8,0.25,4.0,64,2048,256,1024,448,812.415,1257.856,957.152,0.3249
mixed,32,8,0.25,4.0,64,2048,512,2048,896,1161.057,2045.666,1432.129,0.3064
mixed,32,8,0.25,4.0,64,2048,1024,4096,1792,1845.185,3611.332,2397.279,0.3126
mixed,32,8,0.25,4.0,64,2048,2048,8192,3584,3221.795,6750.373,4258.434,0.2938
mixed,32,8,0.25,4.0,64,2048,4096,16384,7168,5974.95,13032.14,8175.751,0.3119
mixed,32,8,0.25,4.0,64,4096,128,512,224,844.417,1067.425,903.647,0.2656
mixed,32,8,0.25,4.0,64,4096,256,1024,448,1015.744,1460.642,1146.048,0.2929
mixed,32,8,0.25,4.0,64,4096,512,2048,896,1360.641,2245.442,1638.017,0.3135
mixed,32,8,0.25,4.0,64,4096,1024,4096,1792,2054.015,3815.587,2597.953,0.3088
mixed,32,8,0.25,4.0,64,4096,2048,8192,3584,3433.284,6956.838,4527.49,0.3105
mixed,32,8,0.25,4.0,64,4096,4096,16384,7168,6175.974,13226.669,8403.335,0.3159
mixed,32,8,0.25,4.0,64,8192,128,512,224,1238.848,1465.76,1306.752,0.2993
mixed,32,8,0.25,4.0,64,8192,256,1024,448,1413.729,1855.648,1535.233,0.2749
mixed,32,8,0.25,4.0,64,8192,512,2048,896,1758.69,2653.823,1991.585,0.2602
mixed,32,8,0.25,4.0,64,8192,1024,4096,1792,2445.024,4212.739,3026.626,0.329
mixed,32,8,0.25,4.0,64,8192,2048,8192,3584,3821.411,7347.687,4926.944,0.3135
mixed,32,8,0.25,4.0,64,8192,4096,16384,7168,6567.686,13619.913,8636.394,0.2933
mixed,32,8,0.25,4.0,128,0,128,512,224,346.656,571.586,408.191,0.2736
mixed,32,8,0.25,4.0,128,0,256,1024,448,518.208,959.65,647.744,0.2934
mixed,32,8,0.25,4.0,128,0,512,2048,896,866.688,1748.993,1111.456,0.2774
mixed,32,8,0.25,4.0,128,0,1024,4096,1792,1546.881,3315.393,2105.953,0.3161
mixed,32,8,0.25,4.0,128,0,2048,8192,3584,2924.77,6462.47,3954.595,0.2911
mixed,32,8,0.25,4.0,128,0,4096,16384,7168,5667.493,12734.444,7900.551,0.316
mixed,32,8,0.25,4.0,128,512,128,512,224,584.352,811.679,648.705,0.2831
mixed,32,8,0.25,4.0,128,512,256,1024,448,760.063,1204.384,892.992,0.2992
mixed,32,8,0.25,4.0,128,512,512,2048,896,1107.874,1988.707,1384.067,0.3136
mixed,32,8,0.25,4.0,128,512,1024,4096,1792,1788.162,3559.394,2343.65,0.3136
mixed,32,8,0.25,4.0,128,512,2048,8192,3584,3162.275,6700.615,4291.521,0.3191
mixed,32,8,0.25,4.0,128,512,4096,16384,7168,5915.429,12963.783,8155.526,0.3178
mixed,32,8,0.25,4.0,128,1024,128,512,224,684.352,909.089,755.872,0.3182
mixed,32,8,0.25,4.0,128,1024,256,1024,448,858.656,1305.984,999.778,0.3155
mixed,32,8,0.25,4.0,128,1024,512,2048,896,1205.792,2089.824,1480.258,0.3105
mixed,32,8,0.25,4.0,128,1024,1024,4096,1792,1889.953,3662.659,2472.131,0.3284
mixed,32,8,0.25,4.0,128,1024,2048,8192,3584,3275.968,6798.181,4289.155,0.2877
mixed,32,8,0.25,4.0,128,1024,4096,16384,7168,6020.067,13079.853,8237.733,0.3141
mixed,32,8,0.25,4.0,128,2048,128,512,224,889.187,1114.944,955.841,0.2952
mixed,32,8,0.25,4.0,128,2048,256,1024,448,1064.225,1507.393,1205.28,0.3183
mixed,32,8,0.25,4.0,128,2048,512,2048,896,1412.447,2291.745,1661.632,0.2834
mixed,32,8,0.25,4.0,128,2048,1024,4096,1792,2097.154,3861.503,2643.137,0.3095
mixed,32,8,0.25,4.0,128,2048,2048,8192,3584,3474.37,7000.679,4572.741,0.3115
mixed,32,8,0.25,4.0,128,2048,4096,16384,7168,6214.371,13287.945,8432.131,0.3135
mixed,32,8,0.25,4.0,128,4096,128,512,224,1284.382,1509.216,1354.625,0.3124
mixed,32,8,0.25,4.0,128,4096,256,1024,448,1456.864,1901.248,1592.96,0.3063
mixed,32,8,0.25,4.0,128,4096,512,2048,896,1803.011,2692.034,2078.688,0.3101
mixed,32,8,0.25,4.0,128,4096,1024,4096,1792,2495.682,4260.39,2996.128,0.2836
mixed,32,8,0.25,4.0,128,4096,2048,8192,3584,3867.108,7402.499,4889.793,0.2893
mixed,32,8,0.25,4.0,128,4096,4096,16384,7168,6604.647,13677.132,8844.711,0.3167
mixed,32,8,0.25,4.0,128,8192,128,512,224,2071.65,2296.705,2145.76,0.3293
mixed,32,8,0.25,4.0,128,8192,256,1024,448,2254.049,2690.18,2385.314,0.301
mixed,32,8,0.25,4.0,128,8192,512,2048,896,2596.291,3475.616,2877.153,0.3194
mixed,32,8,0.25,4.0,128,8192,1024,4096,1792,3282.116,5046.592,3847.972,0.3207
mixed,32,8,0.25,4.0,128,8192,2048,8192,3584,4647.813,8186.18,5682.308,0.2924
mixed,32,8,0.25,4.0,128,8192,4096,16384,7168,7399.971,14470.604,9640.2,0.3168
mixed,32,8,0.25,4.0,256,0,128,512,224,638.112,865.792,698.912,0.267
mixed,32,8,0.25,4.0,256,0,256,1024,448,812.352,1257.089,952.064,0.3141
mixed,32,8,0.25,4.0,256,0,512,2048,896,1155.264,2037.154,1438.849,0.3216
mixed,32,8,0.25,4.0,256,0,1024,4096,1792,1849.888,3609.632,2390.242,0.3071
mixed,32,8,0.25,4.0,256,0,2048,8192,3584,3215.937,6746.15,4333.538,0.3166
mixed,32,8,0.25,4.0,256,0,4096,16384,7168,5963.62,13032.775,8196.23,0.3158
mixed,32,8,0.25,4.0,256,512,128,512,224,841.088,1066.593,909.438,0.3031
mixed,32,8,0.25,4.0,256,512,256,1024,448,1016.995,1458.563,1156.415,0.3157
mixed,32,8,0.25,4.0,256,512,512,2048,896,1358.21,2246.688,1641.92,0.3193
mixed,32,8,0.25,4.0,256,512,1024,4096,1792,2047.361,3810.148,2612.642,0.3207
mixed,32,8,0.25,4.0,256,512,2048,8192,3584,3421.762,6957.893,4533.763,0.3145
mixed,32,8,0.25,4.0,256,512,4096,16384,7168,6175.332,13237.452,8407.331,0.3161
mixed,32,8,0.25,4.0,256,1024,128,512,224,1038.052,1263.105,1108.065,0.3111
mixed,32,8,0.25,4.0,256,1024,256,1024,448,1210.049,1659.361,1357.952,0.3292
mixed,32,8,0.25,4.0,256,1024,512,2048,896,1563.424,2437.76,1833.024,0.3083
mixed,32,8,0.25,4.0,256,1024,1024,4096,1792,2242.403,4013.476,2815.04,0.3233
mixed,32,8,0.25,4.0,256,1024,2048,8192,3584,3618.661,7147.202,4666.369,0.2969
mixed,32,8,0.25,4.0,256,1024,4096,16384,7168,6361.095,13428.557,8589.348,0.3153
mixed,32,8,0.25,4.0,256,2048,128,512,224,1436.832,1658.755,1499.265,0.2813
mixed,32,8,0.25,4.0,256,2048,256,1024,448,1605.439,2057.599,1746.655,0.3123
mixed,32,8,0.25,4.0,256,2048,512,2048,896,1955.298,2839.808,2241.824,0.3239
mixed,32,8,0.25,4.0,256,2048,1024,4096,1792,2645.985,4414.114,3172.003,0.2975
mixed,32,8,0.25,4.0,256,2048,2048,8192,3584,4021.409,7554.726,5102.306,0.3059
mixed,32,8,0.25,4.0,256,2048,4096,16384,7168,6770.98,13811.245,8958.757,0.3108
mixed,32,8,0.25,4.0,256,4096,128,512,224,2228.224,2451.265,2290.721,0.2802
mixed,32,8,0.25,4.0,256,4096,256,1024,448,2399.553,2845.123,2541.892,0.3195
mixed,32,8,0.25,4.0,256,4096,512,2048,896,2742.75,3631.331,3018.881,0.3108
mixed,32,8,0.25,4.0,256,4096,1024,4096,1792,3431.011,5202.532,3981.569,0.3108
mixed,32,8,0.25,4.0,256,4096,2048,8192,3584,4800.449,8336.834,5900.581,0.3111
mixed,32,8,0.25,4.0,256,4096,4096,16384,7168,7553.218,14624.809,9783.556,0.3154
mixed,32,8,0.25,4.0,256,8192,128,512,224,3802.246,4033.028,3870.496,0.2957
mixed,32,8,0.25,4.0,256,8192,256,1024,448,3979.906,4420.772,4117.857,0.3129
mixed,32,8,0.25,4.0,256,8192,512,2048,896,4317.632,5210.718,4605.956,0.3228
mixed,32,8,0.25,4.0,256,8192,1024,4096,1792,5013.381,6769.19,5566.66,0.3151
mixed,32,8,0.25,4.0,256,8192,2048,8192,3584,6388.87,9915.718,7428.516,0.2948
mixed,32,8,0.25,4.0,256,8192,4096,16384,7168,9143.077,16198.285,11374.695,0.3163
mixed,32,8,0.25,4.0,512,0,128,512,224,718.148,939.554,778.88,0.2743
mixed,32,8,0.25,4.0,512,0,256,1024,448,886.656,1329.089,1015.583,0.2914
mixed,32,8,0.25,4.0,512,0,512,2048,896,1233.187,2116.087,1505.794,0.3088
mixed,32,8,0.25,4.0,512,0,1024,4096,1792,1922.009,3683.446,2475.855,0.3144
mixed,32,8,0.25,4.0,512,0,2048,8192,3584,3296.096,6825.945,4336.01,0.2946
mixed,32,8,0.25,4.0,512,0,4096,16384,7168,6038.794,13098.307,8284.38,0.3181
mixed,32,8,0.25,4.0,512,512,128,512,224,1140.074,1357.605,1209.991,0.3214
mixed,32,8,0.25,4.0,512,512,256,1024,448,1309.158,1751.424,1454.084,0.3277
mixed,32,8,0.25,4.0,512,512,512,2048,896,1655.039,2539.024,1924.857,0.3052
mixed,32,8,0.25,4.0,512,512,1024,4096,1792,2340.339,4106.991,2897.799,0.3155
mixed,32,8,0.25,4.0,512,512,2048,8192,3584,3713.017,7254.388,4743.396,0.291
mixed,32,8,0.25,4.0,512,512,4096,16384,7168,6468.454,13530.715,8717.112,0.3184
mixed,32,8,0.25,4.0,512,1024,128,512,224,1532.226,1757.342,1605.153,0.324
mixed,32,8,0.25,4.0,512,1024,256,1024,448,1707.583,2148.568,1843.582,0.3084
mixed,32,8,0.25,4.0,512,1024,512,2048,896,2051.289,2937.032,2326.389,0.3106
mixed,32,8,0.25,4.0,512,1024,1024,4096,1792,2730.602,4506.857,3282.625,0.3108
mixed,32,8,0.25,4.0,512,1024,2048,8192,3584,4109.554,7645.902,5223.87,0.3151
mixed,32,8,0.25,4.0,512,1024,4096,16384,7168,6866.399,13926.682,9140.241,0.3221
mixed,32,8,0.25,4.0,512,2048,128,512,224,2322.805,2548.814,2386.962,0.2839
mixed,32,8,0.25,4.0,512,2048,256,1024,448,2497.52,2949.351,2637.263,0.3093
mixed,32,8,0.25,4.0,512,2048,512,2048,896,2850.025,3727.481,3118.95,0.3065
mixed,32,8,0.25,4.0,512,2048,1024,4096,1792,3527.199,5298.972,4078.518,0.3112
mixed,32,8,0.25,4.0,512,2048,2048,8192,3584,4900.612,8440.648,5954.29,0.2976
mixed,32,8,0.25,4.0,512,2048,4096,16384,7168,7655.986,14711.15,9892.391,0.317
mixed,32,8,0.25,4.0,512,4096,128,512,224,3895.159,4127.635,3977.682,0.355
mixed,32,8,0.25,4.0,512,4096,256,1024,448,4082.74,4508.362,4201.17,0.2783
mixed,32,8,0.25,4.0,512,4096,512,2048,896,4433.231,5314.624,4651.433,0.2476
mixed,32,8,0.25,4.0,512,4096,1024,4096,1792,5116.48,6873.599,5663.675,0.3114
mixed,32,8,0.25,4.0,512,4096,2048,8192,3584,6486.565,10012.391,7510.483,0.2904
mixed,32,8,0.25,4.0,512,4096,4096,16384,7168,9236.244,16293.648,11308.718,0.2937
mixed,32,8,0.25,4.0,512,8192,128,512,224,7056.064,7288.316,7089.726,0.1449
mixed,32,8,0.25,4.0,512,8192,256,1024,448,7227.13,7682.512,7359.765,0.2913
mixed,32,8,0.25,4.0,512,8192,512,2048,896,7576.98,8446.469,7840.941,0.3036
mixed,32,8,0.25,4.0,512,8192,1024,4096,1792,8258.954,10039.565,8774.945,0.2898
mixed,32,8,0.25,4.0,512,8192,2048,8192,3584,9640.176,13172.621,10665.434,0.2902
mixed,32,8,0.25,4.0,512,8192,4096,16384,7168,12392.671,19461.153,14451.989,0.2913
mixed,32,8,0.25,4.0,1024,0,128,512,224,1511.588,1731.105,1574.181,0.2851
mixed,32,8,0.25,4.0,1024,0,256,1024,448,1682.657,2123.129,1819.455,0.3106
mixed,32,8,0.25,4.0,1024,0,512,2048,896,2028.313,2908.81,2299.415,0.3079
mixed,32,8,0.25,4.0,1024,0,1024,4096,1792,2713.041,4476.946,3228.743,0.2924
mixed,32,8,0.25,4.0,1024,0,2048,8192,3584,4086.199,7624.793,5182.819,0.3099
mixed,32,8,0.25,4.0,1024,0,4096,16384,7168,6832.071,13911.24,8880.48,0.2894
mixed,32,8,0.25,4.0,1024,512,128,512,224,2361.429,2585.138,2432.278,0.3167
mixed,32,8,0.25,4.0,1024,512,256,1024,448,2529.971,2978.379,2666.194,0.3038
mixed,32,8,0.25,4.0,1024,512,512,2048,896,2879.311,3759.165,3135.975,0.2917
mixed,32,8,0.25,4.0,1024,512,1024,4096,1792,3563.041,5334.372,4119.961,0.3144
mixed,32,8,0.25,4.0,1024,512,2048,8192,3584,4939.113,8471.529,6051.796,0.315
mixed,32,8,0.25,4.0,1024,512,4096,16384,7168,7694.646,14741.757,9735.444,0.2896
mixed,32,8,0.25,4.0,1024,1024,128,512,224,3161.479,3386.661,3230.185,0.3051
mixed,32,8,0.25,4.0,1024,1024,256,1024,448,3336.388,3780.508,3458.628,0.2752
mixed,32,8,0.25,4.0,1024,1024,512,2048,896,3678.687,4561.264,3957.659,0.3161
mixed,32,8,0.25,4.0,1024,1024,1024,4096,1792,4364.146,6132.501,4925.388,0.3174
mixed,32,8,0.25,4.0,1024,1024,2048,8192,3584,5739.133,9265.439,6861.096,0.3182
mixed,32,8,0.25,4.0,1024,1024,4096,16384,7168,8499.981,15551.857,10703.24,0.3124
mixed,32,8,0.25,4.0,1024,2048,128,512,224,4741.869,4953.099,4808.975,0.3177
mixed,32,8,0.25,4.0,1024,2048,256,1024,448,4917.1,5346.595,5050.058,0.3096
mixed,32,8,0.25,4.0,1024,2048,512,2048,896,5248.359,6138.677,5519.105,0.3041
mixed,32,8,0.25,4.0,1024,2048,1024,4096,1792,5944.248,7710.267,6496.335,0.3126
mixed,32,8,0.25,4.0,1024,2048,2048,8192,3584,7311.106,10855.492,8419.315,0.3127
mixed,32,8,0.25,4.0,1024,2048,4096,16384,7168,10072.117,17119.775,11539.386,0.2082
mixed,32,8,0.25,4.0,1024,4096,128,512,224,7442.079,7670.528,7969.525,2.3088
mixed,32,8,0.25,4.0,1024,4096,256,1024,448,8051.796,8481.006,8173.302,0.2831
mixed,32,8,0.25,4.0,1024,4096,512,2048,896,8383.281,9255.841,8605.228,0.2544
mixed,32,8,0.25,4.0,1024,4096,1024,4096,1792,9065.192,10845.963,9642.621,0.3243
mixed,32,8,0.25,4.0,1024,4096,2048,8192,3584,10433.585,13949.235,11543.16,0.3156
mixed,32,8,0.25,4.0,1024,4096,4096,16384,7168,13203.685,20261.545,15239.042,0.2884
mixed,32,8,0.25,4.0,1024,8192,128,512,224,14161.268,14496.655,14210.544,0.1469
mixed,32,8,0.25,4.0,1024,8192,256,1024,448,14324.082,14782.06,14481.744,0.3443
mixed,32,8,0.25,4.0,1024,8192,512,2048,896,14651.917,15958.835,14413.523,-0.1824
mixed,32,8,0.25,4.0,1024,8192,1024,4096,1792,14831.659,16570.64,15052.134,0.1268
mixed,32,8,0.25,4.0,1024,8192,2048,8192,3584,15839.894,19220.516,16047.574,0.0614
mixed,32,8,0.25,4.0,1024,8192,4096,16384,7168,17709.146,24234.801,18080.88,0.057
mixed,32,8,0.25,4.0,2048,0,128,512,224,3418.985,3619.909,3274.827,-0.7175
mixed,32,8,0.25,4.0,2048,0,256,1024,448,3382.151,3779.777,3481.062,0.2488
mixed,32,8,0.25,4.0,2048,0,512,2048,896,3976.061,5550.727,4269.017,0.186
mixed,32,8,0.25,4.0,2048,0,1024,4096,1792,4303.065,5871.325,4698.836,0.2524
mixed,32,8,0.25,4.0,2048,0,2048,8192,3584,5448.838,8528.755,6129.818,0.2211
mixed,32,8,0.25,4.0,2048,0,4096,16384,7168,7802.02,14003.578,9161.259,0.2192
mixed,32,8,0.25,4.0,2048,512,128,512,224,4192.989,4335.002,4226.684,0.2373
mixed,32,8,0.25,4.0,2048,512,256,1024,448,4781.874,4917.263,4617.748,-1.2123
mixed,32,8,0.25,4.0,2048,512,512,2048,896,4833.521,7240.522,4936.56,0.0428
mixed,32,8,0.25,4.0,2048,512,1024,4096,1792,5386.857,6947.309,5635.205,0.1592
mixed,32,8,0.25,4.0,2048,512,2048,8192,3584,6496.6,9620.649,7213.418,0.2295
mixed,32,8,0.25,4.0,2048,512,4096,16384,7168,8905.519,15120.561,10280.573,0.2212
mixed,32,8,0.25,4.0,2048,1024,128,512,224,5312.971,5499.559,5273.195,-0.2132
mixed,32,8,0.25,4.0,2048,1024,256,1024,448,5992.126,5978.273,5666.85,
mixed,32,8,0.25,4.0,2048,1024,512,2048,896,5802.242,6589.017,5985.121,0.2324
mixed,32,8,0.25,4.0,2048,1024,1024,4096,1792,6412.057,7966.914,6666.999,0.164
mixed,32,8,0.25,4.0,2048,1024,2048,8192,3584,7566.473,10697.078,8240.67,0.2154
mixed,32,8,0.25,4.0,2048,1024,4096,16384,7168,9993.57,16204.798,11189.903,0.1926
mixed,32,8,0.25,4.0,2048,2048,128,512,224,7560.775,7767.459,7615.111,0.2629
mixed,32,8,0.25,4.0,2048,2048,256,1024,448,7722.089,8120.543,7816.104,0.2359
mixed,32,8,0.25,4.0,2048,2048,512,2048,896,8014.019,8797.591,8195.809,0.232
mixed,32,8,0.25,4.0,2048,2048,1024,4096,1792,8632.825,10216.223,8968.658,0.2121
mixed,32,8,0.25,4.0,2048,2048,2048,8192,3584,9846.981,12999.862,10477.531,0.2
mixed,32,8,0.25,4.0,2048,2048,4096,16384,7168,12282.717,18442.047,13499.121,0.1975
mixed,32,8,0.25,4.0,2048,4096,128,512,224,12092.419,12326.371,12138.66,0.1977
mixed,32,8,0.25,4.0,2048,4096,256,1024,448,12287.586,12656.832,12357.181,0.1885
mixed,32,8,0.25,4.0,2048,4096,512,2048,896,12594.524,13339.318,12723.037,0.1725
mixed,32,8,0.25,4.0,2048,4096,1024,4096,1792,13163.667,14727.806,13543.699,0.243
mixed,32,8,0.25,4.0,2048,4096,2048,8192,3584,14328.005,17494.29,15047.774,0.2273
mixed,32,8,0.25,4.0,2048,4096,4096,16384,7168,16764.544,22934.753,18064.235,0.2106
mixed,32,8,0.25,4.0,2048,8192,128,512,224,20945.053,21092.156,21004.773,0.406
mixed,32,8,0.25,4.0,2048,8192,256,1024,448,21013.055,21438.594,21225.532,0.4993
mixed,32,8,0.25,4.0,2048,8192,512,2048,896,21397.241,22084.057,21393.596,-0.0053
mixed,32,8,0.25,4.0,2048,8192,1024,4096,1792,21935.091,23526.873,22373.256,0.2753
mixed,32,8,0.25,4.0,2048,8192,2048,8192,3584,23182.306,26385.426,23814.231,0.1973
mixed,32,8,0.25,4.0,2048,8192,4096,16384,7168,25698.301,31955.289,26985.457,0.2057
pure,32,16,0.5,4.0,0,0,128,512,320,276.252,404.955,328.123,0.403
pure,32,16,0.5,4.0,0,0,256,1024,640,571.544,863.988,739.029,0.5727
pure,32,16,0.5,4.0,0,0,512,2048,1280,1062.99,1650.664,1458.792,0.6735
pure,32,16,0.5,4.0,0,0,1024,4096,2560,2048.482,3221.39,2627.738,0.4939
pure,32,16,0.5,4.0,0,0,2048,8192,5120,4005.925,6362.913,4989.337,0.4172
pure,32,16,0.5,4.0,0,0,4096,16384,10240,7933.031,12650.052,9996.909,0.4375
mixed,32,16,0.5,4.0,16,0,128,512,320,347.737,498.84,412.185,0.4265
mixed,32,16,0.5,4.0,16,0,256,1024,640,591.223,887.411,732.086,0.4756
mixed,32,16,0.5,4.0,16,0,512,2048,1280,1086.831,1673.477,1432.106,0.5886
mixed,32,16,0.5,4.0,16,0,1024,4096,2560,2068.897,3245.167,2708.247,0.5435
mixed,32,16,0.5,4.0,16,0,2048,8192,5120,4031.141,6391.427,5525.135,0.633
mixed,32,16,0.5,4.0,16,0,4096,16384,10240,7960.203,12661.449,10955.076,0.637
mixed,32,16,0.5,4.0,16,512,128,512,320,400.924,549.787,468.311,0.4527
mixed,32,16,0.5,4.0,16,512,256,1024,640,643.863,945.011,793.494,0.4969
mixed,32,16,0.5,4.0,16,512,512,2048,1280,1136.401,1725.031,1513.16,0.6401
mixed,32,16,0.5,4.0,16,512,1024,4096,2560,2120.256,3304.019,2901.878,0.6603
mixed,32,16,0.5,4.0,16,512,2048,8192,5120,4078.309,6437.188,5591.306,0.6414
mixed,32,16,0.5,4.0,16,512,4096,16384,10240,8010.251,12722.124,10979.486,0.6302
mixed,32,16,0.5,4.0,16,1024,128,512,320,426.714,573.016,478.714,0.3554
mixed,32,16,0.5,4.0,16,1024,256,1024,640,668.855,963.282,826.066,0.534
mixed,32,16,0.5,4.0,16,1024,512,2048,1280,1158.67,1747.43,1559.275,0.6804
mixed,32,16,0.5,4.0,16,1024,1024,4096,2560,2141.376,3316.079,2919.894,0.6627
mixed,32,16,0.5,4.0,16,1024,2048,8192,5120,4112.325,6462.851,5599.119,0.6325
mixed,32,16,0.5,4.0,16,1024,4096,16384,10240,8030.697,12725.449,11010.658,0.6347
mixed,32,16,0.5,4.0,16,2048,128,512,320,447.548,594.711,533.814,0.5862
mixed,32,16,0.5,4.0,16,2048,256,1024,640,689.08,990.003,848.626,0.5302
mixed,32,16,0.5,4.0,16,2048,512,2048,1280,1183.215,1774.822,1575.722,0.6635
mixed,32,16,0.5,4.0,16,2048,1024,4096,2560,2163.907,3346.353,2937.3,0.6541
mixed,32,16,0.5,4.0,16,2048,2048,8192,5120,4133.959,6483.204,5625.778,0.635
mixed,32,16,0.5,4.0,16,2048,4096,16384,10240,8052.177,12760.977,11012.712,0.6287
mixed,32,16,0.5,4.0,16,4096,128,512,320,500.057,652.791,556.792,0.3715
mixed,32,16,0.5,4.0,16,4096,256,1024,640,752.468,1042.675,922.642,0.5864
mixed,32,16,0.5,4.0,16,4096,512,2048,1280,1234.157,1834.31,1635.624,0.6689
mixed,32,16,0.5,4.0,16,4096,1024,4096,2560,2224.608,3395.154,2988.982,0.653
mixed,32,16,0.5,4.0,16,4096,2048,8192,5120,4184.902,6544.934,5691.566,0.6384
mixed,32,16,0.5,4.0,16,4096,4096,16384,10240,8111.087,12807.666,11096.649,0.6357
mixed,32,16,0.5,4.0,16,8192,128,512,320,611.607,755.734,663.286,0.3586
mixed,32,16,0.5,4.0,16,8192,256,1024,640,859.061,1149.645,1013.717,0.5322
mixed,32,16,0.5,4.0,16,8192,512,2048,1280,1348.718,1938.757,1724.456,0.6368
mixed,32,16,0.5,4.0,16,8192,1024,4096,2560,2332.414,3506.865,3084.631,0.6405
mixed,32,16,0.5,4.0,16,8192,2048,8192,5120,4286.757,6649.062,5803.634,0.6421
mixed,32,16,0.5,4.0,16,8192,4096,16384,10240,8221.455,12924.336,11189.867,0.6312
mixed,32,16,0.5,4.0,32,0,128,512,320,389.052,536.153,442.138,0.3609
mixed,32,16,0.5,4.0,32,0,256,1024,640,634.167,930.645,775.798,0.4777
mixed,32,16,0.5,4.0,32,0,512,2048,1280,1123.186,1713.929,1523.756,0.6781
mixed,32,16,0.5,4.0,32,0,1024,4096,2560,2106.242,3291.122,2882.136,0.6548
mixed,32,16,0.5,4.0,32,0,2048,8192,5120,4069.767,6420.01,5387.514,0.5607
mixed,32,16,0.5,4.0,32,0,4096,16384,10240,7996.276,12702.865,10947.82,0.6271
mixed,32,16,0.5,4.0,32,512,128,512,320,446.459,593.847,519.8,0.4976
mixed,32,16,0.5,4.0,32,512,256,1024,640,696.788,990.003,838.387,0.4829
mixed,32,16,0.5,4.0,32,512,512,2048,1280,1183.086,1773.256,1583.499,0.6785
mixed,32,16,0.5,4.0,32,512,1024,4096,2560,2163.234,3342.674,2938.423,0.6573
mixed,32,16,0.5,4.0,32,512,2048,8192,5120,4131.142,6477.161,5627.603,0.6379
mixed,32,16,0.5,4.0,32,512,4096,16384,10240,8068.274,12756.216,11008.751,0.6272
mixed,32,16,0.5,4.0,32,1024,128,512,320,516.216,665.464,587.032,0.4745
mixed,32,16,0.5,4.0,32,1024,256,1024,640,761.91,1057.745,933.972,0.5816
mixed,32,16,0.5,4.0,32,1024,512,2048,1280,1249.997,1841.733,1651.496,0.6785
mixed,32,16,0.5,4.0,32,1024,1024,4096,2560,2240.93,3414.003,2957.785,0.6111
mixed,32,16,0.5,4.0,32,1024,2048,8192,5120,4196.359,6552.78,5701.878,0.6389
mixed,32,16,0.5,4.0,32,1024,4096,16384,10240,8126.452,12822.068,10694.516,0.5469
mixed,32,16,0.5,4.0,32,2048,128,512,320,555.641,697.88,622.744,0.4718
mixed,32,16,0.5,4.0,32,2048,256,1024,640,797.558,1093.106,931.667,0.4538
mixed,32,16,0.5,4.0,32,2048,512,2048,1280,1287.375,1877.638,1691.497,0.6846
mixed,32,16,0.5,4.0,32,2048,1024,4096,2560,2274.147,3449.875,3036.056,0.648
mixed,32,16,0.5,4.0,32,2048,2048,8192,5120,4238.506,6592.266,5740.565,0.6382
mixed,32,16,0.5,4.0,32,2048,4096,16384,10240,8159.957,12867.132,11123.34,0.6295
mixed,32,16,0.5,4.0,32,4096,128,512,320,662.869,813.687,738.295,0.5001
mixed,32,16,0.5,4.0,32,4096,256,1024,640,910.742,1204.496,1037.553,0.4317
mixed,32,16,0.5,4.0,32,4096,512,2048,1280,1395.151,1985.319,1795.016,0.6775
mixed,32,16,0.5,4.0,32,4096,1024,4096,2560,2376.608,3559.345,3152.184,0.6557
mixed,32,16,0.5,4.0,32,4096,2048,8192,5120,4341.383,6697.579,5848.757,0.6397
mixed,32,16,0.5,4.0,32,4096,4096,16384,10240,8266.709,12971.512,11236.556,0.6312
mixed,32,16,0.5,4.0,32,8192,128,512,320,874.068,1019.861,931.635,0.3949
mixed,32,16,0.5,4.0,32,8192,256,1024,640,1115.664,1415.726,1291.632,0.5864
mixed,32,16,0.5,4.0,32,8192,512,2048,1280,1606.221,2196.069,2001.991,0.671
mixed,32,16,0.5,4.0,32,8192,1024,4096,2560,2590.046,3767.023,3354.611,0.6496
mixed,32,16,0.5,4.0,32,8192,2048,8192,5120,4548.55,6902.345,6049.555,0.6377
mixed,32,16,0.5,4.0,32,8192,4096,16384,10240,8473.943,13185.112,11491.952,0.6406
mixed,32,16,0.5,4.0,64,0,128,512,320,396.699,546.233,469.368,0.486
mixed,32,16,0.5,4.0,64,0,256,1024,640,641.879,936.852,799.447,0.5342
mixed,32,16,0.5,4.0,64,0,512,2048,1280,1133.905,1726.667,1525.997,0.6615
mixed,32,16,0.5,4.0,64,0,1024,4096,2560,2113.988,3293.911,2888.283,0.6562
mixed,32,16,0.5,4.0,64,0,2048,8192,5120,4085.387,6429.329,5593.816,0.6435
mixed,32,16,0.5,4.0,64,0,4096,16384,10240,8007.194,12717.411,10442.27,0.517
mixed,32,16,0.5,4.0,64,512,128,512,320,534.743,683.065,607.352,0.4895
mixed,32,16,0.5,4.0,64,512,256,1024,640,780.088,1075.603,914.547,0.455
mixed,32,16,0.5,4.0,64,512,512,2048,1280,1273.262,1862.313,1675.851,0.6835
mixed,32,16,0.5,4.0,64,512,1024,4096,2560,2253.666,3428.791,2980.793,0.6188
mixed,32,16,0.5,4.0,64,512,2048,8192,5120,4217.005,6570.317,5724.089,0.6404
mixed,32,16,0.5,4.0,64,512,4096,16384,10240,8150.972,12854.402,11126.387,0.6326
mixed,32,16,0.5,4.0,64,1024,128,512,320,614.68,760.309,669.017,0.3731
mixed,32,16,0.5,4.0,64,1024,256,1024,640,856.406,1155.376,1040.371,0.6153
mixed,32,16,0.5,4.0,64,1024,512,2048,1280,1347.695,1938.408,1745.58,0.6736
mixed,32,16,0.5,4.0,64,1024,1024,4096,2560,2335.202,3512.882,3100.857,0.6501
mixed,32,16,0.5,4.0,64,1024,2048,8192,5120,4298.444,6653.037,5797.052,0.6365
mixed,32,16,0.5,4.0,64,1024,4096,16384,10240,8220.313,12930.627,11201.749,0.633
mixed,32,16,0.5,4.0,64,2048,128,512,320,714.969,865.429,794.484,0.5285
mixed,32,16,0.5,4.0,64,2048,256,1024,640,961.62,1257.106,1130.963,0.5731
mixed,32,16,0.5,4.0,64,2048,512,2048,1280,1452.782,2045.191,1855.209,0.6793
mixed,32,16,0.5,4.0,64,2048,1024,4096,2560,2433.253,3610.486,3207.001,0.6573
mixed,32,16,0.5,4.0,64,2048,2048,8192,5120,4399.142,6748.787,5705.977,0.5562
mixed,32,16,0.5,4.0,64,2048,4096,16384,10240,8325.564,13039.62,11307.061,0.6325
mixed,32,16,0.5,4.0,64,4096,128,512,320,920.083,1067.894,1006.516,0.5848
mixed,32,16,0.5,4.0,64,4096,256,1024,640,1165.461,1459.151,1312.528,0.5008
mixed,32,16,0.5,4.0,64,4096,512,2048,1280,1663.82,2243.013,2033.064,0.6375
mixed,32,16,0.5,4.0,64,4096,1024,4096,2560,2638.177,3821.233,3414.71,0.6564
mixed,32,16,0.5,4.0,64,4096,2048,8192,5120,4600.042,6956.074,6117.203,0.6439
mixed,32,16,0.5,4.0,64,4096,4096,16384,10240,8533.085,13217.535,11526.426,0.639
mixed,32,16,0.5,4.0,64,8192,128,512,320,1315.312,1463.886,1406.669,0.6149
mixed,32,16,0.5,4.0,64,8192,256,1024,640,1562.283,1856.553,1729.516,0.5683
mixed,32,16,0.5,4.0,64,8192,512,2048,1280,2050.984,2643.649,2446.019,0.6665
mixed,32,16,0.5,4.0,64,8192,1024,4096,2560,3031.035,4209.198,3793.68,0.6473
mixed,32,16,0.5,4.0,64,8192,2048,8192,5120,4991.045,7350.151,6488.788,0.6349
mixed,32,16,0.5,4.0,64,8192,4096,16384,10240,8926.073,13636.413,11904.403,0.6323
mixed,32,16,0.5,4.0,128,0,128,512,320,417.752,569.4,483.163,0.4313
mixed,32,16,0.5,4.0,128,0,256,1024,640,669.626,960.34,830.424,0.5531
mixed,32,16,0.5,4.0,128,0,512,2048,1280,1158.129,1746.094,1561.422,0.6859
mixed,32,16,0.5,4.0,128,0,1024,4096,2560,2140.518,3320.506,2913.277,0.6549
mixed,32,16,0.5,4.0,128,0,2048,8192,5120,4105.584,6457.397,5606.012,0.638
mixed,32,16,0.5,4.0,128,0,4096,16384,10240,8027.49,12740.747,11005.285,0.6318
mixed,32,16,0.5,4.0,128,512,128,512,320,660.537,809.623,731.671,0.4771
mixed,32,16,0.5,4.0,128,512,256,1024,640,907.926,1201.811,1062.931,0.5274
mixed,32,16,0.5,4.0,128,512,512,2048,1280,1399.119,1986.569,1765.899,0.6244
mixed,32,16,0.5,4.0,128,512,1024,4096,2560,2383.492,3561.303,3012.86,0.5344
mixed,32,16,0.5,4.0,128,512,2048,8192,5120,4346.735,6692.754,5648.99,0.5551
mixed,32,16,0.5,4.0,128,512,4096,16384,10240,8272.513,12981.357,11234.079,0.6289
mixed,32,16,0.5,4.0,128,1024,128,512,320,763.448,911.894,832.727,0.4667
mixed,32,16,0.5,4.0,128,1024,256,1024,640,1010.421,1301.714,1146.132,0.4659
mixed,32,16,0.5,4.0,128,1024,512,2048,1280,1498.863,2089.831,1839.21,0.5759
mixed,32,16,0.5,4.0,128,1024,1024,4096,2560,2487.107,3659.829,3255.514,0.6552
mixed,32,16,0.5,4.0,128,1024,2048,8192,5120,4440.08,6801.041,5958.269,0.643
mixed,32,16,0.5,4.0,128,1024,4096,16384,10240,8368.548,13082.413,11350.823,0.6327
mixed,32,16,0.5,4.0,128,2048,128,512,320,961.301,1114.195,1016.885,0.3635
mixed,32,16,0.5,4.0,128,2048,256,1024,640,1214.48,1506.798,1345.393,0.4478
mixed,32,16,0.5,4.0,128,2048,512,2048,1280,1704.077,2291.75,2044.939,0.58
mixed,32,16,0.5,4.0,128,2048,1024,4096,2560,2691.395,3859.539,3461.752,0.6595
mixed,32,16,0.5,4.0,128,2048,2048,8192,5120,4643.949,6998.128,6145.693,0.6379
mixed,32,16,0.5,4.0,128,2048,4096,16384,10240,8565.441,13287.726,11554.369,0.6329
mixed,32,16,0.5,4.0,128,4096,128,512,320,1360.561,1513.072,1426.288,0.431
mixed,32,16,0.5,4.0,128,4096,256,1024,640,1610.798,1902.058,1765.227,0.5302
mixed,32,16,0.5,4.0,128,4096,512,2048,1280,2097.928,2690.593,2494.469,0.6691
mixed,32,16,0.5,4.0,128,4096,1024,4096,2560,3082.652,4257.808,3798.36,0.609
mixed,32,16,0.5,4.0,128,4096,2048,8192,5120,5043.466,7397.324,6555.352,0.6423
mixed,32,16,0.5,4.0,128,4096,4096,16384,10240,8965.373,13660.397,11718.299,0.5863
mixed,32,16,0.5,4.0,128,8192,128,512,320,2149.96,2295.014,2195.239,0.3122
mixed,32,16,0.5,4.0,128,8192,256,1024,640,2400.485,2693.921,2526.179,0.4284
mixed,32,16,0.5,4.0,128,8192,512,2048,1280,2887.422,3476.378,3256.22,0.6262
mixed,32,16,0.5,4.0,128,8192,1024,4096,2560,3872.34,5054.569,4590.061,0.6071
mixed,32,16,0.5,4.0,128,8192,2048,8192,5120,5829.058,8188.038,7335.281,0.6385
mixed,32,16,0.5,4.0,128,8192,4096,16384,10240,9760.054,14458.691,12741.845,0.6346
mixed,32,16,0.5,4.0,256,0,128,512,320,712.728,860.634,774.327,0.4165
mixed,32,16,0.5,4.0,256,0,256,1024,640,961.012,1257.491,1128.31,0.5643
mixed,32,16,0.5,4.0,256,0,512,2048,1280,1453.36,2041.93,1853.642,0.6801
mixed,32,16,0.5,4.0,256,0,1024,4096,2560,2432.774,3614.167,3195.869,0.6459
mixed,32,16,0.5,4.0,256,0,2048,8192,5120,4396.913,6750.329,5913.342,0.6444
mixed,32,16,0.5,4.0,256,0,4096,16384,10240,8319.945,13017.875,11311.75,0.6368
mixed,32,16,0.5,4.0,256,512,128,512,320,913.111,1060.691,984.98,0.487
mixed,32,16,0.5,4.0,256,512,256,1024,640,1166.323,1457.743,1336.849,0.5852
mixed,32,16,0.5,4.0,256,512,512,2048,1280,1652.495,2239.464,2053.581,0.6833
mixed,32,16,0.5,4.0,256,512,1024,4096,2560,2635.812,3808.696,3399.324,0.651
mixed,32,16,0.5,4.0,256,512,2048,8192,5120,4599.439,6955.992,6086.432,0.631
mixed,32,16,0.5,4.0,256,512,4096,16384,10240,8526.724,13240.562,11511.749,0.6332
mixed,32,16,0.5,4.0,256,1024,128,512,320,1116.692,1259.539,1195.284,0.5502
mixed,32,16,0.5,4.0,256,1024,256,1024,640,1358.865,1655.533,1538.926,0.6069
mixed,32,16,0.5,4.0,256,1024,512,2048,1280,1853.836,2449.413,2254.853,0.6733
mixed,32,16,0.5,4.0,256,1024,1024,4096,2560,2835.361,4009.62,3595.865,0.6476
mixed,32,16,0.5,4.0,256,1024,2048,8192,5120,4802.127,7146.645,6301.054,0.6393
mixed,32,16,0.5,4.0,256,1024,4096,16384,10240,8726.853,13424.05,11697.989,0.6325
mixed,32,16,0.5,4.0,256,2048,128,512,320,1507.825,1657.103,1576.432,0.4596
mixed,32,16,0.5,4.0,256,2048,256,1024,640,1758.447,2055.053,1915.691,0.5301
mixed,32,16,0.5,4.0,256,2048,512,2048,1280,2244.712,2840.963,2619.173,0.628
mixed,32,16,0.5,4.0,256,2048,1024,4096,2560,3233.918,4410.992,4001.816,0.6524
mixed,32,16,0.5,4.0,256,2048,2048,8192,5120,5197.099,7547.251,6703.966,0.6412
mixed,32,16,0.5,4.0,256,2048,4096,16384,10240,9120.031,13834.194,12091.109,0.6302
mixed,32,16,0.5,4.0,256,4096,128,512,320,2301.382,2453.161,2371.528,0.4622
mixed,32,16,0.5,4.0,256,4096,256,1024,640,2551.047,2841.413,2723.59,0.5942
mixed,32,16,0.5,4.0,256,4096,512,2048,1280,3036.766,3629.147,3388.829,0.5943
mixed,32,16,0.5,4.0,256,4096,1024,4096,2560,4032.503,5201.547,4777.869,0.6376
mixed,32,16,0.5,4.0,256,4096,2048,8192,5120,5977.314,8337.035,7474.898,0.6346
mixed,32,16,0.5,4.0,256,4096,4096,16384,10240,9909.723,14613.129,12488.548,0.5483
mixed,32,16,0.5,4.0,256,8192,128,512,320,3881.369,4031.256,3950.263,0.4596
mixed,32,16,0.5,4.0,256,8192,256,1024,640,4121.622,4423.955,4295.988,0.5767
mixed,32,16,0.5,4.0,256,8192,512,2048,1280,4614.515,5214.794,5021.898,0.6787
mixed,32,16,0.5,4.0,256,8192,1024,4096,2560,5604.741,6779.801,6372.542,0.6534
mixed,32,16,0.5,4.0,256,8192,2048,8192,5120,7558.16,9915.036,9063.172,0.6386
mixed,32,16,0.5,4.0,256,8192,4096,16384,10240,11490.065,16199.102,14091.184,0.5524
mixed,32,16,0.5,4.0,512,0,128,512,320,789.144,939.479,842.904,0.3576
mixed,32,16,0.5,4.0,512,0,256,1024,640,1033.078,1332.916,1227.573,0.6487
mixed,32,16,0.5,4.0,512,0,512,2048,1280,1529.969,2123.147,1853.932,0.5461
mixed,32,16,0.5,4.0,512,0,1024,4096,2560,2511.784,3688.442,3230.399,0.6107
mixed,32,16,0.5,4.0,512,0,2048,8192,5120,4473.523,6828.606,5992.832,0.6451
mixed,32,16,0.5,4.0,512,0,4096,16384,10240,8396.876,13098.751,11376.111,0.6336
mixed,32,16,0.5,4.0,512,512,128,512,320,1212.307,1359.188,1282.131,0.4754
mixed,32,16,0.5,4.0,512,512,256,1024,640,1455.058,1752.496,1636.654,0.6105
mixed,32,16,0.5,4.0,512,512,512,2048,1280,1950.795,2532.199,2343.465,0.6754
mixed,32,16,0.5,4.0,512,512,1024,4096,2560,2927.683,4107.448,3687.673,0.6442
mixed,32,16,0.5,4.0,512,512,2048,8192,5120,4899.504,7239.926,6395.679,0.6393
mixed,32,16,0.5,4.0,512,512,4096,16384,10240,8812.363,13529.308,11794.862,0.6323
mixed,32,16,0.5,4.0,512,1024,128,512,320,1605.968,1754.288,1682.895,0.5187
mixed,32,16,0.5,4.0,512,1024,256,1024,640,1852.238,2152.521,2015.18,0.5426
mixed,32,16,0.5,4.0,512,1024,512,2048,1280,2344.968,2932.164,2742.148,0.6764
mixed,32,16,0.5,4.0,512,1024,1024,4096,2560,3328.927,4498.069,4092.38,0.653
mixed,32,16,0.5,4.0,512,1024,2048,8192,5120,5287.757,7632.821,6807.262,0.648
mixed,32,16,0.5,4.0,512,1024,4096,16384,10240,9214.022,13910.328,12185.452,0.6327
mixed,32,16,0.5,4.0,512,2048,128,512,320,2404.264,2548.325,2480.041,0.526
mixed,32,16,0.5,4.0,512,2048,256,1024,640,2649.991,2942.946,2807.3,0.537
mixed,32,16,0.5,4.0,512,2048,512,2048,1280,3134.083,3726.94,3533.662,0.674
mixed,32,16,0.5,4.0,512,2048,1024,4096,2560,4129.687,5302.701,4894.32,0.6519
mixed,32,16,0.5,4.0,512,2048,2048,8192,5120,6089.927,8439.25,7602.361,0.6438
mixed,32,16,0.5,4.0,512,2048,4096,16384,10240,10004.548,14712.021,12989.321,0.634
mixed,32,16,0.5,4.0,512,4096,128,512,320,3989.21,4132.055,4083.098,0.6573
mixed,32,16,0.5,4.0,512,4096,256,1024,640,4235.192,4525.43,4379.609,0.4976
mixed,32,16,0.5,4.0,512,4096,512,2048,1280,4696.721,5300.208,5103.373,0.6738
mixed,32,16,0.5,4.0,512,4096,1024,4096,2560,5703.018,6865.854,6461.86,0.6526
mixed,32,16,0.5,4.0,512,4096,2048,8192,5120,7666.135,10035.204,9172.966,0.636
mixed,32,16,0.5,4.0,512,4096,4096,16384,10240,11593.586,16301.381,14230.748,0.5602
mixed,32,16,0.5,4.0,512,8192,128,512,320,7133.527,7286.168,7194.493,0.3994
mixed,32,16,0.5,4.0,512,8192,256,1024,640,7367.962,7657.722,7550.392,0.6296
mixed,32,16,0.5,4.0,512,8192,512,2048,1280,7868.023,8462.803,8272.815,0.6806
mixed,32,16,0.5,4.0,512,8192,1024,4096,2560,8843.596,10032.958,9606.884,0.6418
mixed,32,16,0.5,4.0,512,8192,2048,8192,5120,10816.96,13145.319,12329.801,0.6497
mixed,32,16,0.5,4.0,512,8192,4096,16384,10240,14740.345,19439.784,17349.758,0.5553
mixed,32,16,0.5,4.0,1024,0,128,512,320,1584.114,1733.04,1660.753,0.5146
mixed,32,16,0.5,4.0,1024,0,256,1024,640,1833.614,2123.5,2007.31,0.5992
mixed,32,16,0.5,4.0,1024,0,512,2048,1280,2318.155,2906.053,2701.063,0.6513
mixed,32,16,0.5,4.0,1024,0,1024,4096,2560,3312.131,4483.673,4068.252,0.6454
mixed,32,16,0.5,4.0,1024,0,2048,8192,5120,5267.821,7612.856,6506.562,0.5282
mixed,32,16,0.5,4.0,1024,0,4096,16384,10240,9187.374,13886.433,12168.146,0.6343
mixed,32,16,0.5,4.0,1024,512,128,512,320,2433.449,2584.52,2506.536,0.4838
mixed,32,16,0.5,4.0,1024,512,256,1024,640,2681.862,2982.724,2859.717,0.5912
mixed,32,16,0.5,4.0,1024,512,512,2048,1280,3166.753,3768.991,3571.583,0.6722
mixed,32,16,0.5,4.0,1024,512,1024,4096,2560,4150.139,5330.544,4928.499,0.6594
mixed,32,16,0.5,4.0,1024,512,2048,8192,5120,6112.329,8468.148,7627.546,0.6432
mixed,32,16,0.5,4.0,1024,512,4096,16384,10240,10030.788,14741.08,13162.6,0.6649
mixed,32,16,0.5,4.0,1024,1024,128,512,320,3243.202,3386.625,3307.331,0.4471
mixed,32,16,0.5,4.0,1024,1024,256,1024,640,3486.72,3776.445,3633.92,0.5081
mixed,32,16,0.5,4.0,1024,1024,512,2048,1280,3972.602,4564.858,4377.692,0.684
mixed,32,16,0.5,4.0,1024,1024,1024,4096,2560,4960.915,6129.321,5626.224,0.5694
mixed,32,16,0.5,4.0,1024,1024,2048,8192,5120,6922.4,9269.261,8331.83,0.6006
mixed,32,16,0.5,4.0,1024,1024,4096,16384,10240,10851.58,15552.569,13427.977,0.5481
mixed,32,16,0.5,4.0,1024,2048,128,512,320,4659.767,4815.602,4754.261,0.6064
mixed,32,16,0.5,4.0,1024,2048,256,1024,640,5051.409,5358.351,5222.258,0.5566
mixed,32,16,0.5,4.0,1024,2048,512,2048,1280,5552.78,6139.882,5941.548,0.6622
mixed,32,16,0.5,4.0,1024,2048,1024,4096,2560,6538.408,7706.618,7291.009,0.6442
mixed,32,16,0.5,4.0,1024,2048,2048,8192,5120,8494.294,10852.929,9988.899,0.6337
mixed,32,16,0.5,4.0,1024,2048,4096,16384,10240,12411.83,17141.483,13826.022,0.299
mixed,32,16,0.5,4.0,1024,4096,128,512,320,7533.436,7661.692,7606.878,0.5726
mixed,32,16,0.5,4.0,1024,4096,256,1024,640,8194.679,8472.725,8287.48,0.3338
mixed,32,16,0.5,4.0,1024,4096,512,2048,1280,8678.9,9252.4,9087.634,0.7127
mixed,32,16,0.5,4.0,1024,4096,1024,4096,2560,9653.582,10845.634,10410.215,0.6347
mixed,32,16,0.5,4.0,1024,4096,2048,8192,5120,11628.156,13984.997,12858.191,0.5219
mixed,32,16,0.5,4.0,1024,4096,4096,16384,10240,15548.86,20232.28,16619.115,0.2285
mixed,32,16,0.5,4.0,1024,8192,128,512,320,12794.61,12924.56,13113.454,2.4536
mixed,32,16,0.5,4.0,1024,8192,256,1024,640,14478.208,14988.158,14461.41,-0.0329
mixed,32,16,0.5,4.0,1024,8192,512,2048,1280,14779.329,15381.657,15027.71,0.4124
mixed,32,16,0.5,4.0,1024,8192,1024,4096,2560,15596.347,16729.1,15834.808,0.2105
mixed,32,16,0.5,4.0,1024,8192,2048,8192,5120,16997.676,18886.913,17215.789,0.1155
mixed,32,16,0.5,4.0,1024,8192,4096,16384,10240,19728.596,23633.75,21313.673,0.4059
mixed,32,16,0.5,4.0,2048,0,128,512,320,3542.785,3676.896,3590.018,0.3522
mixed,32,16,0.5,4.0,2048,0,256,1024,640,3542.977,3750.592,3616.643,0.3548
mixed,32,16,0.5,4.0,2048,0,512,2048,1280,3930.975,4603.61,5285.555,2.0138
mixed,32,16,0.5,4.0,2048,0,1024,4096,2560,5533.489,5825.198,5239.796,-1.0068
mixed,32,16,0.5,4.0,2048,0,2048,8192,5120,6445.703,8558.807,7404.386,0.4537
mixed,32,16,0.5,4.0,2048,0,4096,16384,10240,9830.447,13959.083,11616.285,0.4325
mixed,32,16,0.5,4.0,2048,512,128,512,320,4200.701,4380.473,4568.218,2.0444
mixed,32,16,0.5,4.0,2048,512,256,1024,640,6004.844,4954.774,4722.103,
mixed,32,16,0.5,4.0,2048,512,512,2048,1280,5023.989,5550.164,5199.382,0.3333
mixed,32,16,0.5,4.0,2048,512,1024,4096,2560,5837.649,6889.701,6119.725,0.2681
mixed,32,16,0.5,4.0,2048,512,2048,8192,5120,7493.348,9581.552,8460.023,0.4629
mixed,32,16,0.5,4.0,2048,512,4096,16384,10240,10947.238,15097.189,12647.095,0.4096
mixed,32,16,0.5,4.0,2048,1024,128,512,320,5344.246,5443.57,5404.53,0.6069
mixed,32,16,0.5,4.0,2048,1024,256,1024,640,5589.074,6586.029,7467.236,1.8839
mixed,32,16,0.5,4.0,2048,1024,512,2048,1280,6187.211,6711.017,6282.091,0.1811
mixed,32,16,0.5,4.0,2048,1024,1024,4096,2560,6936.133,7979.455,7439.683,0.4826
mixed,32,16,0.5,4.0,2048,1024,2048,8192,5120,8624.701,10722.186,9592.498,0.4614
mixed,32,16,0.5,4.0,2048,1024,4096,16384,10240,12053.085,16242.712,13985.233,0.4612
mixed,32,16,0.5,4.0,2048,2048,128,512,320,7612.899,7762.977,10253.009,17.5916
mixed,32,16,0.5,4.0,2048,2048,256,1024,640,7855.777,8128.349,7989.216,0.4896
mixed,32,16,0.5,4.0,2048,2048,512,2048,1280,8282.812,8804.186,8507.199,0.4304
mixed,32,16,0.5,4.0,2048,2048,1024,4096,2560,9152.019,10208.173,9583.027,0.4081
mixed,32,16,0.5,4.0,2048,2048,2048,8192,5120,10893.159,12974.036,11789.44,0.4307
mixed,32,16,0.5,4.0,2048,2048,4096,16384,10240,14382.862,18506.44,16399.609,0.4891
mixed,32,16,0.5,4.0,2048,4096,128,512,320,12208.637,12298.778,12215.616,0.0774
mixed,32,16,0.5,4.0,2048,4096,256,1024,640,12373.821,12667.676,12510.592,0.4654
mixed,32,16,0.5,4.0,2048,4096,512,2048,1280,12809.752,13343.798,13058.998,0.4667
mixed,32,16,0.5,4.0,2048,4096,1024,4096,2560,13703.281,14734.283,14091.309,0.3764
mixed,32,16,0.5,4.0,2048,4096,2048,8192,5120,15430.758,17579.859,16355.234,0.4302
mixed,32,16,0.5,4.0,2048,4096,4096,16384,10240,18851.049,23045.577,24175.746,1.2694
mixed,32,16,0.5,4.0,2048,8192,128,512,320,20930.462,21105.396,21108.22,1.0161
mixed,32,16,0.5,4.0,2048,8192,256,1024,640,21225.397,21374.711,21366.034,0.9419
mixed,32,16,0.5,4.0,2048,8192,512,2048,1280,21700.217,22298.797,21955.002,0.4256
mixed,32,16,0.5,4.0,2048,8192,1024,4096,2560,22633.553,23613.318,23101.614,0.4777
mixed,32,16,0.5,4.0,2048,8192,2048,8192,5120,24272.291,26352.183,25230.742,0.4608
mixed,32,16,0.5,4.0,2048,8192,4096,16384,10240,27835.662,32003.336,29524.732,0.4053
pure,32,24,0.75,4.0,0,0,128,512,416,340.157,406.301,459.261,1.8007
pure,32,24,0.75,4.0,0,0,256,1024,832,719.097,864.055,844.475,0.8649
pure,32,24,0.75,4.0,0,0,512,2048,1664,1358.292,1649.652,1627.377,0.9235
pure,32,24,0.75,4.0,0,0,1024,4096,3328,2641.548,3220.551,3176.807,0.9244
pure,32,24,0.75,4.0,0,0,2048,8192,6656,5186.486,6365.164,6283.312,0.9306
pure,32,24,0.75,4.0,0,0,4096,16384,13312,10286.002,12631.774,12521.692,0.9531
mixed,32,24,0.75,4.0,16,0,128,512,416,422.459,495.964,482.589,0.818
mixed,32,24,0.75,4.0,16,0,256,1024,832,741.722,886.584,871.673,0.8971
mixed,32,24,0.75,4.0,16,0,512,2048,1664,1383.508,1673.845,1648.115,0.9114
mixed,32,24,0.75,4.0,16,0,1024,4096,3328,2660.427,3247.911,3200.807,0.9198
mixed,32,24,0.75,4.0,16,0,2048,8192,6656,5211.48,6390.383,6298.129,0.9217
mixed,32,24,0.75,4.0,16,0,4096,16384,13312,10309.393,12663.842,12522.178,0.9398
mixed,32,24,0.75,4.0,16,512,128,512,416,477.31,548.474,535.261,0.8143
mixed,32,24,0.75,4.0,16,512,256,1024,832,793.661,940.952,924.827,0.8905
mixed,32,24,0.75,4.0,16,512,512,2048,1664,1432.502,1725.906,1700.273,0.9126
mixed,32,24,0.75,4.0,16,512,1024,4096,3328,2710.478,3293.19,3254.953,0.9344
mixed,32,24,0.75,4.0,16,512,2048,8192,6656,5258.58,6438.574,6355.474,0.9296
mixed,32,24,0.75,4.0,16,512,4096,16384,13312,10360.31,12711.395,12580.48,0.9443
mixed,32,24,0.75,4.0,16,1024,128,512,416,497.31,572.124,559.324,0.8289
mixed,32,24,0.75,4.0,16,1024,256,1024,832,817.882,962.233,949.53,0.912
mixed,32,24,0.75,4.0,16,1024,512,2048,1664,1455.831,1754.098,1726.324,0.9069
mixed,32,24,0.75,4.0,16,1024,1024,4096,3328,2735.916,3328.613,3281.51,0.9205
mixed,32,24,0.75,4.0,16,1024,2048,8192,6656,5279.126,6461.712,6396.236,0.9446
mixed,32,24,0.75,4.0,16,1024,4096,16384,13312,10380.498,12744.578,12637.925,0.9549
mixed,32,24,0.75,4.0,16,2048,128,512,416,519.997,600.476,579.003,0.7332
mixed,32,24,0.75,4.0,16,2048,256,1024,832,840.858,985.913,971.511,0.9007
mixed,32,24,0.75,4.0,16,2048,512,2048,1664,1483.86,1773.97,1748.177,0.9111
mixed,32,24,0.75,4.0,16,2048,1024,4096,3328,2760.907,3345.064,3300.072,0.923
mixed,32,24,0.75,4.0,16,2048,2048,8192,6656,5306.455,6489.746,6409.935,0.9326
mixed,32,24,0.75,4.0,16,2048,4096,16384,13312,10405.077,12756.29,12623.17,0.9434
mixed,32,24,0.75,4.0,16,4096,128,512,416,576.573,652.926,633.693,0.7481
mixed,32,24,0.75,4.0,16,4096,256,1024,832,897.946,1045.079,1029.304,0.8928
mixed,32,24,0.75,4.0,16,4096,512,2048,1664,1539.284,1830.644,1805.65,0.9142
mixed,32,24,0.75,4.0,16,4096,1024,4096,3328,2810.568,3395.591,3354.952,0.9305
mixed,32,24,0.75,4.0,16,4096,2048,8192,6656,5361.017,6531.214,6476.975,0.9536
mixed,32,24,0.75,4.0,16,4096,4096,16384,13312,10461.842,12796.294,12690.149,0.9545
mixed,32,24,0.75,4.0,16,8192,128,512,416,682.746,764.282,742.461,0.7324
mixed,32,24,0.75,4.0,16,8192,256,1024,832,1003.352,1150.199,1134.264,0.8915
mixed,32,24,0.75,4.0,16,8192,512,2048,1664,1641.813,1938.449,1913.586,0.9162
mixed,32,24,0.75,4.0,16,8192,1024,4096,3328,2918.123,3508.995,3462.761,0.9218
mixed,32,24,0.75,4.0,16,8192,2048,8192,6656,5466.197,6646.832,6576.852,0.9407
mixed,32,24,0.75,4.0,16,8192,4096,16384,13312,10579.378,12919.303,12806.336,0.9517
mixed,32,24,0.75,4.0,32,0,128,512,416,458.652,536.573,521.693,0.809
mixed,32,24,0.75,4.0,32,0,256,1024,832,781.435,928.219,915.225,0.9115
mixed,32,24,0.75,4.0,32,0,512,2048,1664,1418.134,1714.483,1685.652,0.9027
mixed,32,24,0.75,4.0,32,0,1024,4096,3328,2694.731,3284.136,3236.714,0.9195
mixed,32,24,0.75,4.0,32,0,2048,8192,6656,5253.849,6421.49,6359.566,0.947
mixed,32,24,0.75,4.0,32,0,4096,16384,13312,10343.795,12702.754,12577.256,0.9468
mixed,32,24,0.75,4.0,32,512,128,512,416,523.867,596.859,580.444,0.7751
mixed,32,24,0.75,4.0,32,512,256,1024,832,840.953,987.445,971.515,0.8913
mixed,32,24,0.75,4.0,32,512,512,2048,1664,1483.062,1774.358,1746.868,0.9056
mixed,32,24,0.75,4.0,32,512,1024,4096,3328,2758.893,3342.725,3298.185,0.9237
mixed,32,24,0.75,4.0,32,512,2048,8192,6656,5307.707,6484.881,6419.187,0.9442
mixed,32,24,0.75,4.0,32,512,4096,16384,13312,10411.575,12776.743,12629.989,0.938
mixed,32,24,0.75,4.0,32,1024,128,512,416,593.307,662.715,649.144,0.8045
mixed,32,24,0.75,4.0,32,1024,256,1024,832,909.116,1059.543,1042.938,0.8896
mixed,32,24,0.75,4.0,32,1024,512,2048,1664,1548.758,1843.635,1821.651,0.9254
mixed,32,24,0.75,4.0,32,1024,1024,4096,3328,2831.178,3416.456,3377.352,0.9332
mixed,32,24,0.75,4.0,32,1024,2048,8192,6656,5378.074,6563.123,6480.369,0.9302
mixed,32,24,0.75,4.0,32,1024,4096,16384,13312,10470.423,12839.013,12685.667,0.9353
mixed,32,24,0.75,4.0,32,2048,128,512,416,624.732,701.659,683.195,0.76
mixed,32,24,0.75,4.0,32,2048,256,1024,832,946.264,1092.921,1073.656,0.8686
mixed,32,24,0.75,4.0,32,2048,512,2048,1664,1584.502,1874.161,1852.976,0.9269
mixed,32,24,0.75,4.0,32,2048,1024,4096,3328,2869.771,3446.503,3405.801,0.9294
mixed,32,24,0.75,4.0,32,2048,2048,8192,6656,5421.214,6589.939,6516.788,0.9374
mixed,32,24,0.75,4.0,32,2048,4096,16384,13312,10510.196,12866.885,12744.263,0.948
mixed,32,24,0.75,4.0,32,4096,128,512,416,735.737,810.714,795.068,0.7913
mixed,32,24,0.75,4.0,32,4096,256,1024,832,1059.574,1205.882,1183.483,0.8469
mixed,32,24,0.75,4.0,32,4096,512,2048,1664,1695.029,1986.641,1962.773,0.9182
mixed,32,24,0.75,4.0,32,4096,1024,4096,3328,2973.868,3552.553,3515.208,0.9355
mixed,32,24,0.75,4.0,32,4096,2048,8192,6656,5519.515,6706.351,6632.307,0.9376
mixed,32,24,0.75,4.0,32,4096,4096,16384,13312,10623.929,12973.448,12837.861,0.9423
mixed,32,24,0.75,4.0,32,8192,128,512,416,941.143,1019.001,1004.663,0.8158
mixed,32,24,0.75,4.0,32,8192,256,1024,832,1264.471,1413.367,1396.308,0.8854
mixed,32,24,0.75,4.0,32,8192,512,2048,1664,1902.707,2195.088,2173.808,0.9272
mixed,32,24,0.75,4.0,32,8192,1024,4096,3328,3184.36,3767.3,3730.725,0.9373
mixed,32,24,0.75,4.0,32,8192,2048,8192,6656,5731.48,6921.681,6833.072,0.9256
mixed,32,24,0.75,4.0,32,8192,4096,16384,13312,10826.743,13188.583,13043.813,0.9387
mixed,32,24,0.75,4.0,64,0,128,512,416,468.701,547.964,529.723,0.7699
mixed,32,24,0.75,4.0,64,0,256,1024,832,792.633,941.562,920.473,0.8584
mixed,32,24,0.75,4.0,64,0,512,2048,1664,1430.934,1725.171,1692.019,0.8873
mixed,32,24,0.75,4.0,64,0,1024,4096,3328,2713.037,3294.606,3260.972,0.9422
mixed,32,24,0.75,4.0,64,0,2048,8192,6656,5260.414,6432.47,6361.27,0.9393
mixed,32,24,0.75,4.0,64,0,4096,16384,13312,10350.296,12699.981,12573.134,0.946
mixed,32,24,0.75,4.0,64,512,128,512,416,605.919,680.027,668.73,0.8476
mixed,32,24,0.75,4.0,64,512,256,1024,832,927.545,1076.569,1059.354,0.8845
mixed,32,24,0.75,4.0,64,512,512,2048,1664,1567.732,1862.741,1837.174,0.9133
mixed,32,24,0.75,4.0,64,512,1024,4096,3328,2843.472,3431.373,3387.687,0.9257
mixed,32,24,0.75,4.0,64,512,2048,8192,6656,5391.072,6581.041,6496.725,0.9291
mixed,32,24,0.75,4.0,64,512,4096,16384,13312,10499.39,12850.096,12743.432,0.9546
mixed,32,24,0.75,4.0,64,1024,128,512,416,685.594,760.572,747.227,0.822
mixed,32,24,0.75,4.0,64,1024,256,1024,832,1007.706,1155.066,1136.507,0.8741
mixed,32,24,0.75,4.0,64,1024,512,2048,1664,1642.677,1941.91,1910.802,0.896
mixed,32,24,0.75,4.0,64,1024,1024,4096,3328,2926.987,3506.054,3466.599,0.9319
mixed,32,24,0.75,4.0,64,1024,2048,8192,6656,5469.34,6651.637,6583.126,0.9421
mixed,32,24,0.75,4.0,64,1024,4096,16384,13312,10568.794,12917.483,12792.044,0.9466
mixed,32,24,0.75,4.0,64,2048,128,512,416,789.498,866.105,849.466,0.7828
mixed,32,24,0.75,4.0,64,2048,256,1024,832,1110.809,1258.424,1240.119,0.876
mixed,32,24,0.75,4.0,64,2048,512,2048,1664,1752.307,2047.829,2015.829,0.8917
mixed,32,24,0.75,4.0,64,2048,1024,4096,3328,3029.995,3614.666,3573.195,0.9291
mixed,32,24,0.75,4.0,64,2048,2048,8192,6656,5577.566,6750.929,6668.792,0.93
mixed,32,24,0.75,4.0,64,2048,4096,16384,13312,10679.415,13033.389,12903.823,0.945
mixed,32,24,0.75,4.0,64,4096,128,512,416,993.881,1069.753,1051.352,0.7575
mixed,32,24,0.75,4.0,64,4096,256,1024,832,1319.095,1459.478,1439.094,0.8548
mixed,32,24,0.75,4.0,64,4096,512,2048,1664,1955.251,2248.497,2217.49,0.8943
mixed,32,24,0.75,4.0,64,4096,1024,4096,3328,3232.236,3820.202,3780.263,0.9321
mixed,32,24,0.75,4.0,64,4096,2048,8192,6656,5782.04,6956.884,6880.66,0.9351
mixed,32,24,0.75,4.0,64,4096,4096,16384,13312,10881.629,13243.724,13099.726,0.939
mixed,32,24,0.75,4.0,64,8192,128,512,416,1386.487,1465.081,1448.503,0.7891
mixed,32,24,0.75,4.0,64,8192,256,1024,832,1708.054,1855.988,1838.9,0.8845
mixed,32,24,0.75,4.0,64,8192,512,2048,1664,2348.145,2643.597,2619.086,0.917
mixed,32,24,0.75,4.0,64,8192,1024,4096,3328,3626.279,4211.111,4171.875,0.9329
mixed,32,24,0.75,4.0,64,8192,2048,8192,6656,6180.73,7357.329,7275.474,0.9304
mixed,32,24,0.75,4.0,64,8192,4096,16384,13312,11269.945,13632.458,13513.163,0.9495
mixed,32,24,0.75,4.0,128,0,128,512,416,493.692,571.546,552.892,0.7604
mixed,32,24,0.75,4.0,128,0,256,1024,832,814.331,961.179,943.642,0.8806
mixed,32,24,0.75,4.0,128,0,512,2048,1664,1466.551,1746.356,1719.796,0.9051
mixed,32,24,0.75,4.0,128,0,1024,4096,3328,2737.453,3315.016,3277.705,0.9354
mixed,32,24,0.75,4.0,128,0,2048,8192,6656,5283.454,6450.003,6376.729,0.9372
mixed,32,24,0.75,4.0,128,0,4096,16384,13312,10380.064,12733.742,12596.403,0.9416
mixed,32,24,0.75,4.0,128,512,128,512,416,737.659,809.658,794.586,0.7907
mixed,32,24,0.75,4.0,128,512,256,1024,832,1055.803,1200.058,1185.241,0.8973
mixed,32,24,0.75,4.0,128,512,512,2048,1664,1694.582,1994.419,1966.036,0.9053
mixed,32,24,0.75,4.0,128,512,1024,4096,3328,2973.42,3558.285,3516.361,0.9283
mixed,32,24,0.75,4.0,128,512,2048,8192,6656,5519.167,6696.596,6628.216,0.9419
mixed,32,24,0.75,4.0,128,512,4096,16384,13312,10619.78,12975.534,12835.404,0.9405
mixed,32,24,0.75,4.0,128,1024,128,512,416,832.217,912.025,893.626,0.7695
mixed,32,24,0.75,4.0,128,1024,256,1024,832,1154.906,1303.577,1284.407,0.8711
mixed,32,24,0.75,4.0,128,1024,512,2048,1664,1797.3,2091.41,2064.499,0.9085
mixed,32,24,0.75,4.0,128,1024,1024,4096,3328,3074.126,3657.735,3614.154,0.9253
mixed,32,24,0.75,4.0,128,1024,2048,8192,6656,5616.671,6791.894,6725.589,0.9436
mixed,32,24,0.75,4.0,128,1024,4096,16384,13312,10722.717,13081.647,12927.216,0.9345
mixed,32,24,0.75,4.0,128,2048,128,512,416,1036.954,1113.399,1096.791,0.7827
mixed,32,24,0.75,4.0,128,2048,256,1024,832,1361.399,1507.895,1487.64,0.8617
mixed,32,24,0.75,4.0,128,2048,512,2048,1664,1998.996,2290.546,2260.083,0.8955
mixed,32,24,0.75,4.0,128,2048,1024,4096,3328,3277.614,3855.881,3826.95,0.95
mixed,32,24,0.75,4.0,128,2048,2048,8192,6656,5832.926,7005.557,6922.131,0.9289
mixed,32,24,0.75,4.0,128,2048,4096,16384,13312,10929.922,13287.211,13141.71,0.9383
mixed,32,24,0.75,4.0,128,4096,128,512,416,1437.591,1508.213,1493.845,0.7966
mixed,32,24,0.75,4.0,128,4096,256,1024,832,1754.644,1908.244,1886.836,0.8606
mixed,32,24,0.75,4.0,128,4096,512,2048,1664,2393.65,2688.815,2664.08,0.9162
mixed,32,24,0.75,4.0,128,4096,1024,4096,3328,3674.6,4256.037,4221.319,0.9403
mixed,32,24,0.75,4.0,128,4096,2048,8192,6656,6231.065,7390.673,7333.139,0.9504
mixed,32,24,0.75,4.0,128,4096,4096,16384,13312,11325.726,13679.275,13541.902,0.9416
mixed,32,24,0.75,4.0,128,8192,128,512,416,2221.876,2297.811,2282.674,0.8007
mixed,32,24,0.75,4.0,128,8192,256,1024,832,2547.249,2691.119,2673.583,0.8781
mixed,32,24,0.75,4.0,128,8192,512,2048,1664,3182.443,3480.716,3449.929,0.8968
mixed,32,24,0.75,4.0,128,8192,1024,4096,3328,4482.562,5041.216,5001.377,0.9287
mixed,32,24,0.75,4.0,128,8192,2048,8192,6656,7009.844,8184.496,8115.822,0.9415
mixed,32,24,0.75,4.0,128,8192,4096,16384,13312,12103.829,14462.408,14360.394,0.9567
mixed,32,24,0.75,4.0,256,0,128,512,416,785.56,865.882,848.57,0.7845
mixed,32,24,0.75,4.0,256,0,256,1024,832,1113.945,1257.657,1240.343,0.8795
mixed,32,24,0.75,4.0,256,0,512,2048,1664,1749.588,2037.844,2015.093,0.9211
mixed,32,24,0.75,4.0,256,0,1024,4096,3328,3023.949,3610.633,3567.722,0.9269
mixed,32,24,0.75,4.0,256,0,2048,8192,6656,5584.351,6747.574,6673.208,0.9361
mixed,32,24,0.75,4.0,256,0,4096,16384,13312,10670.045,13028.244,12893.781,0.943
mixed,32,24,0.75,4.0,256,512,128,512,416,987.353,1061.658,1047.961,0.8157
mixed,32,24,0.75,4.0,256,512,256,1024,832,1310.105,1455.895,1438.678,0.8819
mixed,32,24,0.75,4.0,256,512,512,2048,1664,1948.467,2240.946,2211.7,0.9
mixed,32,24,0.75,4.0,256,512,1024,4096,3328,3233.259,3808.105,3776.454,0.9449
mixed,32,24,0.75,4.0,256,512,2048,8192,6656,5782.747,6954.292,6890.519,0.9456
mixed,32,24,0.75,4.0,256,512,4096,16384,13312,10877.408,13233.298,13127.287,0.955
mixed,32,24,0.75,4.0,256,1024,128,512,416,1187.769,1261.435,1247.641,0.8127
mixed,32,24,0.75,4.0,256,1024,256,1024,832,1509.334,1657.876,1643.092,0.9005
mixed,32,24,0.75,4.0,256,1024,512,2048,1664,2151.857,2441.747,2412.244,0.8982
mixed,32,24,0.75,4.0,256,1024,1024,4096,3328,3427.435,4012.872,3966.537,0.9209
mixed,32,24,0.75,4.0,256,1024,2048,8192,6656,5981.023,7148.886,7078.42,0.9397
mixed,32,24,0.75,4.0,256,1024,4096,16384,13312,11079.647,13448.211,13292.08,0.9341
mixed,32,24,0.75,4.0,256,2048,128,512,416,1583.702,1662.006,1643.285,0.7609
mixed,32,24,0.75,4.0,256,2048,256,1024,832,1905.971,2053.174,2037.428,0.893
mixed,32,24,0.75,4.0,256,2048,512,2048,1664,2544.465,2836.718,2812.623,0.9176
mixed,32,24,0.75,4.0,256,2048,1024,4096,3328,3827.051,4408.901,4367.751,0.9293
mixed,32,24,0.75,4.0,256,2048,2048,8192,6656,6381.309,7551.956,7476.085,0.9352
mixed,32,24,0.75,4.0,256,2048,4096,16384,13312,11496.897,13830.735,13707.794,0.9473
mixed,32,24,0.75,4.0,256,4096,128,512,416,2371.73,2453.521,2436.018,0.786
mixed,32,24,0.75,4.0,256,4096,256,1024,832,2697.166,2846.798,2826.509,0.8644
mixed,32,24,0.75,4.0,256,4096,512,2048,1664,3333.643,3629.964,3592.232,0.8727
mixed,32,24,0.75,4.0,256,4096,1024,4096,3328,4612.836,5203.614,5159.265,0.9249
mixed,32,24,0.75,4.0,256,4096,2048,8192,6656,7162.104,8335.758,8263.277,0.9382
mixed,32,24,0.75,4.0,256,4096,4096,16384,13312,12258.141,14616.494,14869.289,1.1072
mixed,32,24,0.75,4.0,256,8192,128,512,416,3956.773,4039.848,4005.834,0.5906
mixed,32,24,0.75,4.0,256,8192,256,1024,832,4275.366,4424.389,4403.333,0.8587
mixed,32,24,0.75,4.0,256,8192,512,2048,1664,4919.268,5211.683,5177.185,0.882
mixed,32,24,0.75,4.0,256,8192,1024,4096,3328,6192.702,6773.56,6739.992,0.9422
mixed,32,24,0.75,4.0,256,8192,2048,8192,6656,8732.013,9911.114,9852.747,0.9505
mixed,32,24,0.75,4.0,256,8192,4096,16384,13312,13835.279,16186.241,16067.144,0.9493
mixed,32,24,0.75,4.0,512,0,128,512,416,860.57,939.994,922.522,0.78
mixed,32,24,0.75,4.0,512,0,256,1024,832,1187.225,1333.176,1312.345,0.8573
mixed,32,24,0.75,4.0,512,0,512,2048,1664,1823.125,2117.619,2090.067,0.9064
mixed,32,24,0.75,4.0,512,0,1024,4096,3328,3106.252,3686.667,3636.554,0.9137
mixed,32,24,0.75,4.0,512,0,2048,8192,6656,5649.506,6822.554,6749.689,0.9379
mixed,32,24,0.75,4.0,512,0,4096,16384,13312,10750.471,13115.289,12983.869,0.9444
mixed,32,24,0.75,4.0,512,512,128,512,416,1286.329,1358.616,1345.207,0.8145
mixed,32,24,0.75,4.0,512,512,256,1024,832,1603.511,1755.062,1736.31,0.8763
mixed,32,24,0.75,4.0,512,512,512,2048,1664,2244.468,2542.036,2509.009,0.889
mixed,32,24,0.75,4.0,512,512,1024,4096,3328,3519.947,4109.32,4067.528,0.9291
mixed,32,24,0.75,4.0,512,512,2048,8192,6656,6068.092,7260.76,7160.151,0.9156
mixed,32,24,0.75,4.0,512,512,4096,16384,13312,11173.951,13524.723,13418.746,0.9549
mixed,32,24,0.75,4.0,512,1024,128,512,416,1678.902,1754.456,1743.893,0.8602
mixed,32,24,0.75,4.0,512,1024,256,1024,832,2004.276,2150.036,2132.82,0.8819
mixed,32,24,0.75,4.0,512,1024,512,2048,1664,2643.889,2934.286,2906.191,0.9033
mixed,32,24,0.75,4.0,512,1024,1024,4096,3328,3921.097,4490.442,4461.451,0.9491
mixed,32,24,0.75,4.0,512,1024,2048,8192,6656,6471.487,7639.99,7572.882,0.9426
mixed,32,24,0.75,4.0,512,1024,4096,16384,13312,11572.866,13909.04,13778.995,0.9443
mixed,32,24,0.75,4.0,512,2048,128,512,416,2468.753,2543.858,2532.305,0.8462
mixed,32,24,0.75,4.0,512,2048,256,1024,832,2793.231,2940.176,2920.175,0.8639
mixed,32,24,0.75,4.0,512,2048,512,2048,1664,3435.883,3729.068,3691.856,0.8731
mixed,32,24,0.75,4.0,512,2048,1024,4096,3328,4716.804,5296.642,5259.968,0.9368
mixed,32,24,0.75,4.0,512,2048,2048,8192,6656,7257.749,8442.541,8366.48,0.9358
mixed,32,24,0.75,4.0,512,2048,4096,16384,13312,12367.231,14717.073,14591.889,0.9467
mixed,32,24,0.75,4.0,512,4096,128,512,416,4043.786,4136.648,4117.833,0.7974
mixed,32,24,0.75,4.0,512,4096,256,1024,832,4377.8,4526.338,4507.626,0.874
mixed,32,24,0.75,4.0,512,4096,512,2048,1664,5010.758,5302.081,5287.045,0.9484
mixed,32,24,0.75,4.0,512,4096,1024,4096,3328,6282.462,6878.138,6837.562,0.9319
mixed,32,24,0.75,4.0,512,4096,2048,8192,6656,8843.342,10021.257,9942.35,0.933
mixed,32,24,0.75,4.0,512,4096,4096,16384,13312,13937.654,16286.186,16166.281,0.9489
mixed,32,24,0.75,4.0,512,8192,128,512,416,7199.542,7263.894,7259.641,0.9339
mixed,32,24,0.75,4.0,512,8192,256,1024,832,7500.15,7656.886,7645.465,0.9271
mixed,32,24,0.75,4.0,512,8192,512,2048,1664,8153.619,8443.155,8424.821,0.9367
mixed,32,24,0.75,4.0,512,8192,1024,4096,3328,9439.693,10012.297,10006.824,0.9904
mixed,32,24,0.75,4.0,512,8192,2048,8192,6656,11993.218,13172.501,13108.978,0.9461
mixed,32,24,0.75,4.0,512,8192,4096,16384,13312,17087.91,19443.833,19314.037,0.9449
mixed,32,24,0.75,4.0,1024,0,128,512,416,1657.525,1734.902,1711.031,0.6915
mixed,32,24,0.75,4.0,1024,0,256,1024,832,1978.039,2127.957,2108.661,0.8713
mixed,32,24,0.75,4.0,1024,0,512,2048,1664,2625.169,2914.737,2885.009,0.8973
mixed,32,24,0.75,4.0,1024,0,1024,4096,3328,3894.923,4477.639,4439.752,0.935
mixed,32,24,0.75,4.0,1024,0,2048,8192,6656,6451.003,7617.145,7535.542,0.93
mixed,32,24,0.75,4.0,1024,0,4096,16384,13312,11545.186,13907.449,13763.767,0.9392
mixed,32,24,0.75,4.0,1024,512,128,512,416,2512.147,2587.922,2567.794,0.7344
mixed,32,24,0.75,4.0,1024,512,256,1024,832,2829.84,2974.384,2960.56,0.9044
mixed,32,24,0.75,4.0,1024,512,512,2048,1664,3467.694,3760.751,3738.444,0.9239
mixed,32,24,0.75,4.0,1024,512,1024,4096,3328,4742.854,5332.867,5681.317,1.5906
mixed,32,24,0.75,4.0,1024,512,2048,8192,6656,7297.4,8478.099,8407.51,0.9402
mixed,32,24,0.75,4.0,1024,512,4096,16384,13312,12397.535,14748.879,14331.672,0.8226
mixed,32,24,0.75,4.0,1024,1024,128,512,416,3244.398,3315.886,3307.982,0.8894
mixed,32,24,0.75,4.0,1024,1024,256,1024,832,3627.022,3776.877,3761.643,0.8983
mixed,32,24,0.75,4.0,1024,1024,512,2048,1664,4266.858,4560.522,4539.592,0.9287
mixed,32,24,0.75,4.0,1024,1024,1024,4096,3328,5546.021,6132.284,6095.167,0.9367
mixed,32,24,0.75,4.0,1024,1024,2048,8192,6656,8102.967,9267.535,9203.757,0.9452
mixed,32,24,0.75,4.0,1024,1024,4096,16384,13312,13204.475,15551.568,15422.097,0.9448
mixed,32,24,0.75,4.0,1024,2048,128,512,416,4746.663,4807.818,4797.96,0.8388
mixed,32,24,0.75,4.0,1024,2048,256,1024,832,5049.06,5355.654,5329.669,0.9152
mixed,32,24,0.75,4.0,1024,2048,512,2048,1664,5844.835,6144.419,6112.095,0.8921
mixed,32,24,0.75,4.0,1024,2048,1024,4096,3328,7125.468,7714.363,7665.334,0.9167
mixed,32,24,0.75,4.0,1024,2048,2048,8192,6656,9670.318,10852.168,10779.688,0.9387
mixed,32,24,0.75,4.0,1024,2048,4096,16384,13312,14769.716,17295.719,16989.926,0.8789
mixed,32,24,0.75,4.0,1024,4096,128,512,416,7997.367,8078.453,8072.312,0.9243
mixed,32,24,0.75,4.0,1024,4096,256,1024,832,8358.58,8469.749,8466.579,0.9715
mixed,32,24,0.75,4.0,1024,4096,512,2048,1664,8961.555,9248.112,9231.471,0.9419
mixed,32,24,0.75,4.0,1024,4096,1024,4096,3328,10255.628,10842.185,10775.91,0.887
mixed,32,24,0.75,4.0,1024,4096,2048,8192,6656,12813.15,13960.249,13884.41,0.9339
mixed,32,24,0.75,4.0,1024,4096,4096,16384,13312,17912.995,19150.141,18338.466,0.3439
mixed,32,24,0.75,4.0,1024,8192,128,512,416,12756.606,12819.933,13479.517,11.4155
mixed,32,24,0.75,4.0,1024,8192,256,1024,832,14620.725,14928.562,14560.344,-0.1961
mixed,32,24,0.75,4.0,1024,8192,512,2048,1664,15031.285,15339.219,15711.598,2.2093
mixed,32,24,0.75,4.0,1024,8192,1024,4096,3328,16185.742,16431.341,16361.905,0.7173
mixed,32,24,0.75,4.0,1024,8192,2048,8192,6656,18273.091,18803.936,18676.073,0.7591
mixed,32,24,0.75,4.0,1024,8192,4096,16384,13312,21938.388,24063.536,22750.093,0.382
mixed,32,24,0.75,4.0,2048,0,128,512,416,3493.326,3425.165,3402.865,
mixed,32,24,0.75,4.0,2048,0,256,1024,832,3649.07,3787.212,3682.349,0.2409
mixed,32,24,0.75,4.0,2048,0,512,2048,1664,4159.531,4423.116,4679.05,1.971
mixed,32,24,0.75,4.0,2048,0,1024,4096,3328,5299.558,5826.276,5675.074,0.7129
mixed,32,24,0.75,4.0,2048,0,2048,8192,6656,7494.397,8542.55,8222.074,0.6942
mixed,32,24,0.75,4.0,2048,0,4096,16384,13312,11864.743,13978.554,13248.285,0.6545
mixed,32,24,0.75,4.0,2048,512,128,512,416,4312.81,4379.532,4347.787,0.5242
mixed,32,24,0.75,4.0,2048,512,256,1024,832,5112.167,6141.475,4874.696,-0.2307
mixed,32,24,0.75,4.0,2048,512,512,2048,1664,5294.215,5551.108,5464.292,0.6621
mixed,32,24,0.75,4.0,2048,512,1024,4096,3328,6378.591,6834.241,6641.02,0.5759
mixed,32,24,0.75,4.0,2048,512,2048,8192,6656,8588.44,11001.962,10481.964,0.7845
mixed,32,24,0.75,4.0,2048,512,4096,16384,13312,13038.238,15140.662,14383.257,0.6397
mixed,32,24,0.75,4.0,2048,1024,128,512,416,5384.1,5508.068,5414.405,0.2445
mixed,32,24,0.75,4.0,2048,1024,256,1024,832,6204.004,7588.83,5927.138,-0.1999
mixed,32,24,0.75,4.0,2048,1024,512,2048,1664,6320.226,6586.687,6408.962,0.333
mixed,32,24,0.75,4.0,2048,1024,1024,4096,3328,7379.549,7914.809,8653.144,2.3794
mixed,32,24,0.75,4.0,2048,1024,2048,8192,6656,9659.443,10711.184,10326.095,0.6339
mixed,32,24,0.75,4.0,2048,1024,4096,16384,13312,14111.996,16197.844,15531.224,0.6804
mixed,32,24,0.75,4.0,2048,2048,128,512,416,7693.308,7762.268,7725.466,0.4663
mixed,32,24,0.75,4.0,2048,2048,256,1024,832,7972.892,8091.643,8046.17,0.6171
mixed,32,24,0.75,4.0,2048,2048,512,2048,1664,8560.663,8810.84,8708.504,0.5909
mixed,32,24,0.75,4.0,2048,2048,1024,4096,3328,9675.124,10203.181,10014.643,0.643
mixed,32,24,0.75,4.0,2048,2048,2048,8192,6656,11938.795,12988.354,12620.039,0.6491
mixed,32,24,0.75,4.0,2048,2048,4096,16384,13312,16392.973,18522.341,17756.366,0.6403
mixed,32,24,0.75,4.0,2048,4096,128,512,416,12234.823,12297.476,12265.539,0.4903
mixed,32,24,0.75,4.0,2048,4096,256,1024,832,12566.857,12646.339,12590.822,0.3015
mixed,32,24,0.75,4.0,2048,4096,512,2048,1664,13111.008,13338.111,13281.283,0.7498
mixed,32,24,0.75,4.0,2048,4096,1024,4096,3328,14182.782,14709.341,14528.891,0.6573
mixed,32,24,0.75,4.0,2048,4096,2048,8192,6656,16434.868,17513.012,17183.316,0.6942
mixed,32,24,0.75,4.0,2048,4096,4096,16384,13312,20952.609,23044.497,22298.134,0.6432
mixed,32,24,0.75,4.0,2048,8192,128,512,416,21121.214,21223.645,21097.504,-0.2315
mixed,32,24,0.75,4.0,2048,8192,256,1024,832,21378.746,21328.217,21394.269,
mixed,32,24,0.75,4.0,2048,8192,512,2048,1664,21918.714,22053.056,22083.129,1.2239
mixed,32,24,0.75,4.0,2048,8192,1024,4096,3328,23149.777,23692.531,23333.687,0.3388
mixed,32,24,0.75,4.0,2048,8192,2048,8192,6656,25328.366,26406.821,25969.958,0.5949
mixed,32,24,0.75,4.0,2048,8192,4096,16384,13312,29795.058,31827.151,31218.418,0.7004
pure,32,29,0.9062,4.0,0,0,128,512,476,369.951,405.373,387.295,0.4896
pure,32,29,0.9062,4.0,0,0,256,1024,952,696.701,887.099,862.876,0.8728
pure,32,29,0.9062,4.0,0,0,512,2048,1904,1529.37,1651.225,1642.486,0.9283
pure,32,29,0.9062,4.0,0,0,1024,4096,3808,3002.418,3215.825,3207.698,0.9619
pure,32,29,0.9062,4.0,0,0,2048,8192,7616,5922.213,6356.548,6332.705,0.9451
pure,32,29,0.9062,4.0,0,0,4096,16384,15232,11765.384,12641.059,12581.766,0.9323
mixed,32,29,0.9062,4.0,16,0,128,512,476,449.31,495.548,488.733,0.8526
mixed,32,29,0.9062,4.0,16,0,256,1024,952,820.444,891.708,883.61,0.8864
mixed,32,29,0.9062,4.0,16,0,512,2048,1904,1554.297,1670.552,1663.097,0.9359
mixed,32,29,0.9062,4.0,16,0,1024,4096,3808,3034.29,3245.231,3225.137,0.9047
mixed,32,29,0.9062,4.0,16,0,2048,8192,7616,5945.828,6390.305,6350.271,0.9099
mixed,32,29,0.9062,4.0,16,0,4096,16384,15232,11783.913,12652.904,12604.292,0.9441
mixed,32,29,0.9062,4.0,16,512,128,512,476,500.992,550.335,544.252,0.8767
mixed,32,29,0.9062,4.0,16,512,256,1024,952,873.085,942.044,933.404,0.8747
mixed,32,29,0.9062,4.0,16,512,512,2048,1904,1611.319,1726.392,1719.547,0.9405
mixed,32,29,0.9062,4.0,16,512,1024,4096,3808,3081.617,3297.647,3282.767,0.9311
mixed,32,29,0.9062,4.0,16,512,2048,8192,7616,6001.063,6434.911,6414.439,0.9528
mixed,32,29,0.9062,4.0,16,512,4096,16384,15232,11829.421,12706.083,13072.292,1.4177
mixed,32,29,0.9062,4.0,16,1024,128,512,476,524.254,572.317,565.343,0.8549
mixed,32,29,0.9062,4.0,16,1024,256,1024,952,895.515,968.732,960.956,0.8938
mixed,32,29,0.9062,4.0,16,1024,512,2048,1904,1633.719,1749.782,1740.247,0.9178
mixed,32,29,0.9062,4.0,16,1024,1024,4096,3808,3107.444,3315.377,3306.258,0.9561
mixed,32,29,0.9062,4.0,16,1024,2048,8192,7616,6019.94,6457.122,6442.881,0.9674
mixed,32,29,0.9062,4.0,16,1024,4096,16384,15232,11865.772,12745.513,12684.008,0.9301
mixed,32,29,0.9062,4.0,16,2048,128,512,476,549.822,596.895,590.076,0.8551
mixed,32,29,0.9062,4.0,16,2048,256,1024,952,917.308,990.012,986.618,0.9533
mixed,32,29,0.9062,4.0,16,2048,512,2048,1904,1652.857,1775.256,1761.91,0.891
mixed,32,29,0.9062,4.0,16,2048,1024,4096,3808,3130.386,3347.025,3327.571,0.9102
mixed,32,29,0.9062,4.0,16,2048,2048,8192,7616,6046.628,6485.124,6459.395,0.9413
mixed,32,29,0.9062,4.0,16,2048,4096,16384,15232,11864.777,12754.12,12701.643,0.941
mixed,32,29,0.9062,4.0,16,4096,128,512,476,601.403,650.557,642.621,0.8385
mixed,32,29,0.9062,4.0,16,4096,256,1024,952,971.581,1045.562,1039.93,0.9239
mixed,32,29,0.9062,4.0,16,4096,512,2048,1904,1711.322,1825.465,1815.32,0.9111
mixed,32,29,0.9062,4.0,16,4096,1024,4096,3808,3184.944,3402.798,3373.009,0.8633
mixed,32,29,0.9062,4.0,16,4096,2048,8192,7616,6092.676,6537.03,6511.971,0.9436
mixed,32,29,0.9062,4.0,16,4096,4096,16384,15232,11939.147,12811.814,12762.471,0.9435
mixed,32,29,0.9062,4.0,16,8192,128,512,476,709.854,756.35,755.1,0.9731
mixed,32,29,0.9062,4.0,16,8192,256,1024,952,1081.625,1151.613,1144.859,0.9035
mixed,32,29,0.9062,4.0,16,8192,512,2048,1904,1820.345,1937.816,1926.905,0.9071
mixed,32,29,0.9062,4.0,16,8192,1024,4096,3808,3288.526,3511.12,3495.661,0.9306
mixed,32,29,0.9062,4.0,16,8192,2048,8192,7616,6207.941,6656.673,6620.64,0.9197
mixed,32,29,0.9062,4.0,16,8192,4096,16384,15232,12037.033,12910.951,12873.608,0.9573
mixed,32,29,0.9062,4.0,32,0,128,512,476,489.566,533.468,529.79,0.9162
mixed,32,29,0.9062,4.0,32,0,256,1024,952,855.357,928.445,921.501,0.905
mixed,32,29,0.9062,4.0,32,0,512,2048,1904,1595.255,1712.44,1703.577,0.9244
mixed,32,29,0.9062,4.0,32,0,1024,4096,3808,3063.761,3287.825,3269.267,0.9172
mixed,32,29,0.9062,4.0,32,0,2048,8192,7616,5979.268,6422.787,6396.58,0.9409
mixed,32,29,0.9062,4.0,32,0,4096,16384,15232,11820.905,12702.956,12643.277,0.9323
mixed,32,29,0.9062,4.0,32,512,128,512,476,550.878,594.749,592.029,0.938
mixed,32,29,0.9062,4.0,32,512,256,1024,952,916.506,987.29,980.444,0.9033
mixed,32,29,0.9062,4.0,32,512,512,2048,1904,1659.32,1774.711,1765.37,0.919
mixed,32,29,0.9062,4.0,32,512,1024,4096,3808,3120.017,3343.12,3331.085,0.9461
mixed,32,29,0.9062,4.0,32,512,2048,8192,7616,6045.922,6477.733,6457.189,0.9524
mixed,32,29,0.9062,4.0,32,512,4096,16384,15232,11873.776,12776.935,12697.769,0.9123
mixed,32,29,0.9062,4.0,32,1024,128,512,476,618.335,663.839,654.844,0.8023
mixed,32,29,0.9062,4.0,32,1024,256,1024,952,985.277,1056.797,1048.733,0.8872
mixed,32,29,0.9062,4.0,32,1024,512,2048,1904,1723.77,1846.105,1832.153,0.886
mixed,32,29,0.9062,4.0,32,1024,1024,4096,3808,3204.275,3415.505,3395.152,0.9036
mixed,32,29,0.9062,4.0,32,1024,2048,8192,7616,6115.368,6550.085,6522.5,0.9365
mixed,32,29,0.9062,4.0,32,1024,4096,16384,15232,11946.032,12840.714,12771.338,0.9225
mixed,32,29,0.9062,4.0,32,2048,128,512,476,655.036,700.062,697.022,0.9325
mixed,32,29,0.9062,4.0,32,2048,256,1024,952,1022.426,1090.461,1082.807,0.8875
mixed,32,29,0.9062,4.0,32,2048,512,2048,1904,1755.418,1877.305,1868.793,0.9302
mixed,32,29,0.9062,4.0,32,2048,1024,4096,3808,3227.536,3454.547,3431.986,0.9006
mixed,32,29,0.9062,4.0,32,2048,2048,8192,7616,6145.828,6592.42,6564.898,0.9384
mixed,32,29,0.9062,4.0,32,2048,4096,16384,15232,11980.78,12866.312,12813.352,0.9402
mixed,32,29,0.9062,4.0,32,4096,128,512,476,765.053,807.804,808.829,1.024
mixed,32,29,0.9062,4.0,32,4096,256,1024,952,1130.235,1203.961,1192.956,0.8507
mixed,32,29,0.9062,4.0,32,4096,512,2048,1904,1867.831,1988.182,1983.511,0.9612
mixed,32,29,0.9062,4.0,32,4096,1024,4096,3808,3341.46,3563.121,3544.689,0.9168
mixed,32,29,0.9062,4.0,32,4096,2048,8192,7616,6264.226,6708.899,6665.413,0.9022
mixed,32,29,0.9062,4.0,32,4096,4096,16384,15232,12092.493,12968.394,12922.986,0.9482
mixed,32,29,0.9062,4.0,32,8192,128,512,476,975.771,1019.803,1011.227,0.8052
mixed,32,29,0.9062,4.0,32,8192,256,1024,952,1340.25,1414.682,1406.394,0.8887
mixed,32,29,0.9062,4.0,32,8192,512,2048,1904,2080.311,2200.183,2187.637,0.8953
mixed,32,29,0.9062,4.0,32,8192,1024,4096,3808,3547.246,3772.687,3749.263,0.8961
mixed,32,29,0.9062,4.0,32,8192,2048,8192,7616,6472.39,6903.236,6885.763,0.9594
mixed,32,29,0.9062,4.0,32,8192,4096,16384,15232,12307.693,13186.41,13124.937,0.93
mixed,32,29,0.9062,4.0,64,0,128,512,476,498.304,545.499,540.125,0.8861
mixed,32,29,0.9062,4.0,64,0,256,1024,952,868.826,935.066,930.044,0.9242
mixed,32,29,0.9062,4.0,64,0,512,2048,1904,1602.777,1725.431,1714.137,0.9079
mixed,32,29,0.9062,4.0,64,0,1024,4096,3808,3076.244,3293.011,3276.24,0.9226
mixed,32,29,0.9062,4.0,64,0,2048,8192,7616,5987.815,6433.957,6401.127,0.9264
mixed,32,29,0.9062,4.0,64,0,4096,16384,15232,11829.23,12707.407,12651.916,0.9368
mixed,32,29,0.9062,4.0,64,512,128,512,476,636.062,686.876,679.228,0.8495
mixed,32,29,0.9062,4.0,64,512,256,1024,952,1005.148,1075.643,1068.923,0.9047
mixed,32,29,0.9062,4.0,64,512,512,2048,1904,1741.913,1858.264,1852.44,0.9499
mixed,32,29,0.9062,4.0,64,512,1024,4096,3808,3212.305,3428.466,3418.42,0.9535
mixed,32,29,0.9062,4.0,64,512,2048,8192,7616,6134.371,6566.531,6541.477,0.942
mixed,32,29,0.9062,4.0,64,512,4096,16384,15232,11955.821,12842.185,12793.191,0.9447
mixed,32,29,0.9062,4.0,64,1024,128,512,476,715.868,762.525,754.653,0.8313
mixed,32,29,0.9062,4.0,64,1024,256,1024,952,1086.043,1155.099,1148.347,0.9022
mixed,32,29,0.9062,4.0,64,1024,512,2048,1904,1821.977,1939.0,1921.078,0.8469
mixed,32,29,0.9062,4.0,64,1024,1024,4096,3808,3295.764,3512.018,3492.048,0.9077
mixed,32,29,0.9062,4.0,64,1024,2048,8192,7616,6215.525,6655.688,6618.757,0.9161
mixed,32,29,0.9062,4.0,64,1024,4096,16384,15232,12048.368,12925.104,12866.86,0.9336
mixed,32,29,0.9062,4.0,64,2048,128,512,476,815.39,865.853,859.358,0.8713
mixed,32,29,0.9062,4.0,64,2048,256,1024,952,1186.461,1261.819,1252.604,0.8777
mixed,32,29,0.9062,4.0,64,2048,512,2048,1904,1921.621,2044.121,2032.085,0.9017
mixed,32,29,0.9062,4.0,64,2048,1024,4096,3808,3395.505,3614.254,3596.466,0.9187
mixed,32,29,0.9062,4.0,64,2048,2048,8192,7616,6313.348,6757.99,6722.723,0.9207
mixed,32,29,0.9062,4.0,64,2048,4096,16384,15232,12159.025,13032.011,12983.276,0.9442
mixed,32,29,0.9062,4.0,64,4096,128,512,476,1020.41,1069.085,1064.477,0.9053
mixed,32,29,0.9062,4.0,64,4096,256,1024,952,1389.211,1459.45,1451.451,0.8861
mixed,32,29,0.9062,4.0,64,4096,512,2048,1904,2134.679,2246.965,2236.535,0.9071
mixed,32,29,0.9062,4.0,64,4096,1024,4096,3808,3593.519,3816.945,3800.079,0.9245
mixed,32,29,0.9062,4.0,64,4096,2048,8192,7616,6510.37,6952.065,6938.374,0.969
mixed,32,29,0.9062,4.0,64,4096,4096,16384,15232,12353.55,13236.137,13174.951,0.9307
mixed,32,29,0.9062,4.0,64,8192,128,512,476,1414.396,1462.202,1457.562,0.9029
mixed,32,29,0.9062,4.0,64,8192,256,1024,952,1785.463,1857.177,1851.546,0.9215
mixed,32,29,0.9062,4.0,64,8192,512,2048,1904,2524.15,2649.586,2632.662,0.8651
mixed,32,29,0.9062,4.0,64,8192,1024,4096,3808,3992.688,4210.063,4194.414,0.928
mixed,32,29,0.9062,4.0,64,8192,2048,8192,7616,6909.348,7347.04,7320.487,0.9393
mixed,32,29,0.9062,4.0,64,8192,4096,16384,15232,12750.221,13629.447,13582.374,0.9465
mixed,32,29,0.9062,4.0,128,0,128,512,476,518.653,571.325,564.318,0.867
mixed,32,29,0.9062,4.0,128,0,256,1024,952,890.876,962.972,951.772,0.8447
mixed,32,29,0.9062,4.0,128,0,512,2048,1904,1628.538,1743.897,1735.416,0.9265
mixed,32,29,0.9062,4.0,128,0,1024,4096,3808,3102.002,3322.225,3300.98,0.9035
mixed,32,29,0.9062,4.0,128,0,2048,8192,7616,6018.821,6453.383,6424.132,0.9327
mixed,32,29,0.9062,4.0,128,0,4096,16384,15232,11856.048,12740.143,12693.709,0.9475
mixed,32,29,0.9062,4.0,128,512,128,512,476,762.428,809.051,805.372,0.9211
mixed,32,29,0.9062,4.0,128,512,256,1024,952,1130.298,1203.835,1197.242,0.9103
mixed,32,29,0.9062,4.0,128,512,512,2048,1904,1870.299,1985.719,1978.007,0.9332
mixed,32,29,0.9062,4.0,128,512,1024,4096,3808,3342.577,3567.76,3546.515,0.9057
mixed,32,29,0.9062,4.0,128,512,2048,8192,7616,6254.021,6698.95,6664.518,0.9226
mixed,32,29,0.9062,4.0,128,512,4096,16384,15232,12094.989,12969.387,12918.832,0.9422
mixed,32,29,0.9062,4.0,128,1024,128,512,476,864.029,909.374,905.02,0.904
mixed,32,29,0.9062,4.0,128,1024,256,1024,952,1232.376,1305.979,1301.083,0.9335
mixed,32,29,0.9062,4.0,128,1024,512,2048,1904,1975.993,2087.671,2079.033,0.9227
mixed,32,29,0.9062,4.0,128,1024,1024,4096,3808,3441.393,3660.207,3643.828,0.9251
mixed,32,29,0.9062,4.0,128,1024,2048,8192,7616,6354.252,6801.286,6767.779,0.925
mixed,32,29,0.9062,4.0,128,1024,4096,16384,15232,12189.327,13066.703,13024.012,0.9513
mixed,32,29,0.9062,4.0,128,2048,128,512,476,1065.755,1114.364,1111.61,0.9433
mixed,32,29,0.9062,4.0,128,2048,256,1024,952,1432.987,1507.708,1499.034,0.8839
mixed,32,29,0.9062,4.0,128,2048,512,2048,1904,2180.566,2301.56,2279.991,0.8217
mixed,32,29,0.9062,4.0,128,2048,1024,4096,3808,3659.314,3865.647,3846.994,0.9096
mixed,32,29,0.9062,4.0,128,2048,2048,8192,7616,6559.716,7002.403,6970.467,0.9279
mixed,32,29,0.9062,4.0,128,2048,4096,16384,15232,12406.416,13287.177,13221.296,0.9252
mixed,32,29,0.9062,4.0,128,4096,128,512,476,1462.683,1511.289,1502.713,0.8236
mixed,32,29,0.9062,4.0,128,4096,256,1024,952,1836.215,1904.215,1894.138,0.8518
mixed,32,29,0.9062,4.0,128,4096,512,2048,1904,2579.542,2690.839,2680.534,0.9074
mixed,32,29,0.9062,4.0,128,4096,1024,4096,3808,4043.088,4259.82,4237.422,0.8967
mixed,32,29,0.9062,4.0,128,4096,2048,8192,7616,6965.314,7395.236,7371.68,0.9452
mixed,32,29,0.9062,4.0,128,4096,4096,16384,15232,12790.093,13668.139,13625.321,0.9512
mixed,32,29,0.9062,4.0,128,8192,128,512,476,2248.436,2299.383,2292.535,0.8656
mixed,32,29,0.9062,4.0,128,8192,256,1024,952,2624.212,2693.974,2689.876,0.9413
mixed,32,29,0.9062,4.0,128,8192,512,2048,1904,3363.57,3477.203,3472.211,0.9561
mixed,32,29,0.9062,4.0,128,8192,1024,4096,3808,4830.734,5048.973,5027.629,0.9022
mixed,32,29,0.9062,4.0,128,8192,2048,8192,7616,7747.008,8184.894,8151.074,0.9228
mixed,32,29,0.9062,4.0,128,8192,4096,16384,15232,13593.165,14458.117,14417.898,0.9535
mixed,32,29,0.9062,4.0,256,0,128,512,476,814.588,860.573,853.95,0.856
mixed,32,29,0.9062,4.0,256,0,256,1024,952,1180.892,1261.37,1246.105,0.8103
mixed,32,29,0.9062,4.0,256,0,512,2048,1904,1923.097,2048.854,2029.657,0.8473
mixed,32,29,0.9062,4.0,256,0,1024,4096,3808,3393.042,3607.252,3593.01,0.9335
mixed,32,29,0.9062,4.0,256,0,2048,8192,7616,6309.767,6748.871,6719.365,0.9328
mixed,32,29,0.9062,4.0,256,0,4096,16384,15232,12154.416,13022.892,12972.626,0.9421
mixed,32,29,0.9062,4.0,256,512,128,512,476,1018.269,1064.954,1060.54,0.9055
mixed,32,29,0.9062,4.0,256,512,256,1024,952,1388.186,1460.44,1455.289,0.9287
mixed,32,29,0.9062,4.0,256,512,512,2048,1904,2128.278,2239.672,2234.873,0.9569
mixed,32,29,0.9062,4.0,256,512,1024,4096,3808,3595.408,3811.408,3797.266,0.9345
mixed,32,29,0.9062,4.0,256,512,2048,8192,7616,6511.688,6951.397,6916.995,0.9218
mixed,32,29,0.9062,4.0,256,512,4096,16384,15232,12348.852,13235.852,13166.474,0.9218
mixed,32,29,0.9062,4.0,256,1024,128,512,476,1214.395,1263.933,1256.22,0.8443
mixed,32,29,0.9062,4.0,256,1024,256,1024,952,1585.148,1662.326,1653.882,0.8906
mixed,32,29,0.9062,4.0,256,1024,512,2048,1904,2322.905,2440.854,2428.948,0.8991
mixed,32,29,0.9062,4.0,256,1024,1024,4096,3808,3796.048,4009.389,3994.097,0.9283
mixed,32,29,0.9062,4.0,256,1024,2048,8192,7616,6716.806,7144.615,7118.821,0.9397
mixed,32,29,0.9062,4.0,256,1024,4096,16384,15232,12543.376,13440.236,13379.444,0.9322
mixed,32,29,0.9062,4.0,256,2048,128,512,476,1608.631,1659.29,1657.69,0.9684
mixed,32,29,0.9062,4.0,256,2048,256,1024,952,1984.375,2054.074,2048.728,0.9233
mixed,32,29,0.9062,4.0,256,2048,512,2048,1904,2720.695,2839.859,2827.352,0.895
mixed,32,29,0.9062,4.0,256,2048,1024,4096,3808,4198.448,4410.48,4396.241,0.9328
mixed,32,29,0.9062,4.0,256,2048,2048,8192,7616,7109.474,7542.596,7510.882,0.9268
mixed,32,29,0.9062,4.0,256,2048,4096,16384,15232,12948.271,13827.884,13769.197,0.9333
mixed,32,29,0.9062,4.0,256,4096,128,512,476,2398.775,2451.893,2441.208,0.7988
mixed,32,29,0.9062,4.0,256,4096,256,1024,952,2775.83,2842.102,2838.967,0.9527
mixed,32,29,0.9062,4.0,256,4096,512,2048,1904,3510.835,3628.98,3617.619,0.9038
mixed,32,29,0.9062,4.0,256,4096,1024,4096,3808,4986.32,5202.897,5183.819,0.9119
mixed,32,29,0.9062,4.0,256,4096,2048,8192,7616,7899.586,8346.689,8297.469,0.8899
mixed,32,29,0.9062,4.0,256,4096,4096,16384,15232,13733.296,14618.186,14568.237,0.9436
mixed,32,29,0.9062,4.0,256,8192,128,512,476,3974.641,4030.863,4025.038,0.8964
mixed,32,29,0.9062,4.0,256,8192,256,1024,952,4352.717,4431.344,4415.695,0.801
mixed,32,29,0.9062,4.0,256,8192,512,2048,1904,5091.472,5212.973,5199.082,0.8857
mixed,32,29,0.9062,4.0,256,8192,1024,4096,3808,6559.275,6777.414,6762.729,0.9327
mixed,32,29,0.9062,4.0,256,8192,2048,8192,7616,9475.871,9914.267,9885.211,0.9337
mixed,32,29,0.9062,4.0,256,8192,4096,16384,15232,15305.869,16186.945,16140.517,0.9473
mixed,32,29,0.9062,4.0,512,0,128,512,476,892.637,938.845,931.609,0.8434
mixed,32,29,0.9062,4.0,512,0,256,1024,952,1261.403,1331.165,1328.413,0.9606
mixed,32,29,0.9062,4.0,512,0,512,2048,1904,1997.688,2117.72,2104.663,0.8912
mixed,32,29,0.9062,4.0,512,0,1024,4096,3808,3465.202,3690.132,3671.316,0.9163
mixed,32,29,0.9062,4.0,512,0,2048,8192,7616,6381.768,6832.52,6801.287,0.9307
mixed,32,29,0.9062,4.0,512,0,4096,16384,15232,12228.211,13102.863,13046.542,0.9356
mixed,32,29,0.9062,4.0,512,512,128,512,476,1309.915,1361.691,1351.771,0.8084
mixed,32,29,0.9062,4.0,512,512,256,1024,952,1681.786,1754.648,1742.714,0.8362
mixed,32,29,0.9062,4.0,512,512,512,2048,1904,2418.039,2535.448,2526.135,0.9207
mixed,32,29,0.9062,4.0,512,512,1024,4096,3808,3886.834,4104.913,4092.462,0.9429
mixed,32,29,0.9062,4.0,512,512,2048,8192,7616,6801.511,7256.645,7213.028,0.9042
mixed,32,29,0.9062,4.0,512,512,4096,16384,15232,12637.97,13520.624,13470.605,0.9433
mixed,32,29,0.9062,4.0,512,1024,128,512,476,1705.913,1752.537,1752.537,1.0
mixed,32,29,0.9062,4.0,512,1024,256,1024,952,2080.057,2155.801,2143.576,0.8386
mixed,32,29,0.9062,4.0,512,1024,512,2048,1904,2813.942,2939.608,2925.494,0.8877
mixed,32,29,0.9062,4.0,512,1024,1024,4096,3808,4288.142,4506.063,4478.896,0.8753
mixed,32,29,0.9062,4.0,512,1024,2048,8192,7616,7211.236,7641.918,7624.675,0.96
mixed,32,29,0.9062,4.0,512,1024,4096,16384,15232,13039.025,13926.226,13883.409,0.9517
mixed,32,29,0.9062,4.0,512,2048,128,512,476,2503.063,2548.054,2545.494,0.9431
mixed,32,29,0.9062,4.0,512,2048,256,1024,952,2875.124,2941.301,2936.082,0.9211
mixed,32,29,0.9062,4.0,512,2048,512,2048,1904,3610.709,3724.913,3715.986,0.9218
mixed,32,29,0.9062,4.0,512,2048,1024,4096,3808,5080.143,5295.499,5283.757,0.9455
mixed,32,29,0.9062,4.0,512,2048,2048,8192,7616,8010.53,8454.337,8411.841,0.9042
mixed,32,29,0.9062,4.0,512,2048,4096,16384,15232,13842.734,14722.285,14661.39,0.9308
mixed,32,29,0.9062,4.0,512,4096,128,512,476,4087.731,4133.967,4120.812,0.7155
mixed,32,29,0.9062,4.0,512,4096,256,1024,952,4434.163,4519.633,4499.15,0.7603
mixed,32,29,0.9062,4.0,512,4096,512,2048,1904,5200.973,5303.051,5294.637,0.9176
mixed,32,29,0.9062,4.0,512,4096,1024,4096,3808,6668.938,6885.446,6861.321,0.8886
mixed,32,29,0.9062,4.0,512,4096,2048,8192,7616,9564.002,10029.981,9977.786,0.888
mixed,32,29,0.9062,4.0,512,4096,4096,16384,15232,15412.167,16292.586,16252.484,0.9545
mixed,32,29,0.9062,4.0,512,8192,128,512,476,7233.03,7275.654,7281.895,1.1464
mixed,32,29,0.9062,4.0,512,8192,256,1024,952,7602.98,7674.052,7658.885,0.7866
mixed,32,29,0.9062,4.0,512,8192,512,2048,1904,8352.418,8460.771,8434.817,0.7605
mixed,32,29,0.9062,4.0,512,8192,1024,4096,3808,9814.973,10038.172,10013.401,0.889
mixed,32,29,0.9062,4.0,512,8192,2048,8192,7616,12749.875,13173.619,13144.016,0.9301
mixed,32,29,0.9062,4.0,512,8192,4096,16384,15232,18546.336,19455.931,19388.763,0.9262
mixed,32,29,0.9062,4.0,1024,0,128,512,476,1683.802,1732.762,1724.888,0.8392
mixed,32,29,0.9062,4.0,1024,0,256,1024,952,2053.367,2124.442,2118.743,0.9198
mixed,32,29,0.9062,4.0,1024,0,512,2048,1904,2787.19,2910.486,2896.277,0.8848
mixed,32,29,0.9062,4.0,1024,0,1024,4096,3808,4260.913,4486.384,4469.232,0.9239
mixed,32,29,0.9062,4.0,1024,0,2048,8192,7616,7179.813,7620.354,7588.807,0.9284
mixed,32,29,0.9062,4.0,1024,0,4096,16384,15232,13008.948,13896.084,13836.564,0.9329
mixed,32,29,0.9062,4.0,1024,512,128,512,476,2540.28,2593.143,2580.087,0.753
mixed,32,29,0.9062,4.0,1024,512,256,1024,952,2902.424,2975.189,2968.599,0.9094
mixed,32,29,0.9062,4.0,1024,512,512,2048,1904,3641.011,3765.268,3747.091,0.8537
mixed,32,29,0.9062,4.0,1024,512,1024,4096,3808,5116.684,5330.797,5316.686,0.9341
mixed,32,29,0.9062,4.0,1024,512,2048,8192,7616,8028.711,8475.939,8438.852,0.9171
mixed,32,29,0.9062,4.0,1024,512,4096,16384,15232,13872.658,14745.328,14701.386,0.9496
mixed,32,29,0.9062,4.0,1024,1024,128,512,476,3368.532,3387.572,3379.188,0.5597
mixed,32,29,0.9062,4.0,1024,1024,256,1024,952,3704.688,3783.058,3770.261,0.8367
mixed,32,29,0.9062,4.0,1024,1024,512,2048,1904,4437.746,4568.465,4553.104,0.8825
mixed,32,29,0.9062,4.0,1024,1024,1024,4096,3808,5920.874,6136.141,6112.877,0.8919
mixed,32,29,0.9062,4.0,1024,1024,2048,8192,7616,8836.932,9280.96,9248.093,0.926
mixed,32,29,0.9062,4.0,1024,1024,4096,16384,15232,14682.542,15709.899,15500.175,0.7959
mixed,32,29,0.9062,4.0,1024,2048,128,512,476,4819.89,4854.0,4856.464,1.0722
mixed,32,29,0.9062,4.0,1024,2048,256,1024,952,5186.157,5349.966,5337.389,0.9232
mixed,32,29,0.9062,4.0,1024,2048,512,2048,1904,6018.603,6146.349,6127.625,0.8534
mixed,32,29,0.9062,4.0,1024,2048,1024,4096,3808,7490.599,7712.998,7690.95,0.9009
mixed,32,29,0.9062,4.0,1024,2048,2048,8192,7616,10412.922,10845.782,10818.012,0.9358
mixed,32,29,0.9062,4.0,1024,2048,4096,16384,15232,16234.312,16497.673,16194.664,-0.1505
mixed,32,29,0.9062,4.0,1024,4096,128,512,476,7555.559,7598.275,8075.238,12.1659
mixed,32,29,0.9062,4.0,1024,4096,256,1024,952,8420.229,8485.666,8484.803,0.9868
mixed,32,29,0.9062,4.0,1024,4096,512,2048,1904,9160.157,9258.752,9262.624,1.0393
mixed,32,29,0.9062,4.0,1024,4096,1024,4096,3808,10611.452,10822.684,10804.83,0.9155
mixed,32,29,0.9062,4.0,1024,4096,2048,8192,7616,13519.027,13955.728,13924.624,0.9288
mixed,32,29,0.9062,4.0,1024,4096,4096,16384,15232,19379.2,20240.955,18548.615,-0.9638
mixed,32,29,0.9062,4.0,1024,8192,128,512,476,12880.724,12942.647,14477.995,25.7945
mixed,32,29,0.9062,4.0,1024,8192,256,1024,952,14713.905,14762.991,14749.196,0.719
mixed,32,29,0.9062,4.0,1024,8192,512,2048,1904,15426.0,15532.65,15525.515,0.9331
mixed,32,29,0.9062,4.0,1024,8192,1024,4096,3808,16358.054,16565.286,16528.843,0.8241
mixed,32,29,0.9062,4.0,1024,8192,2048,8192,7616,18647.334,18438.787,18406.821,
mixed,32,29,0.9062,4.0,1024,8192,4096,16384,15232,23443.699,22730.162,22210.935,
mixed,32,29,0.9062,4.0,2048,0,128,512,476,3518.195,3560.95,3417.525,-2.3546
mixed,32,29,0.9062,4.0,2048,0,256,1024,952,3722.579,3774.485,4778.129,20.3358
mixed,32,29,0.9062,4.0,2048,0,512,2048,1904,4406.705,4432.048,4379.892,-1.058
mixed,32,29,0.9062,4.0,2048,0,1024,4096,3808,5624.877,7125.992,6287.563,0.4415
mixed,32,29,0.9062,4.0,2048,0,2048,8192,7616,8206.659,8595.236,8397.509,0.4912
mixed,32,29,0.9062,4.0,2048,0,4096,16384,15232,13237.364,13987.025,13544.182,0.4093
mixed,32,29,0.9062,4.0,2048,512,128,512,476,4339.155,4379.153,5863.532,38.1113
mixed,32,29,0.9062,4.0,2048,512,256,1024,952,5603.149,4934.158,4896.783,
mixed,32,29,0.9062,4.0,2048,512,512,2048,1904,5514.927,5516.045,5469.294,-40.8166
mixed,32,29,0.9062,4.0,2048,512,1024,4096,3808,6721.16,6832.011,6716.904,-0.0384
mixed,32,29,0.9062,4.0,2048,512,2048,8192,7616,9246.243,9617.698,9329.121,0.2231
mixed,32,29,0.9062,4.0,2048,512,4096,16384,15232,14323.186,15078.576,14658.607,0.444
mixed,32,29,0.9062,4.0,2048,1024,128,512,476,5437.326,5444.398,6109.931,95.1082
mixed,32,29,0.9062,4.0,2048,1024,256,1024,952,7487.08,6013.357,5985.293,
mixed,32,29,0.9062,4.0,2048,1024,512,2048,1904,6605.131,6567.784,6508.745,
mixed,32,29,0.9062,4.0,2048,1024,1024,4096,3808,7767.299,7910.374,7808.933,0.291
mixed,32,29,0.9062,4.0,2048,1024,2048,8192,7616,10308.379,10697.692,10441.409,0.3417
mixed,32,29,0.9062,4.0,2048,1024,4096,16384,15232,15402.125,16257.547,15767.371,0.427
mixed,32,29,0.9062,4.0,2048,2048,128,512,476,7725.478,7774.09,7737.094,0.239
mixed,32,29,0.9062,4.0,2048,2048,256,1024,952,8033.189,8108.904,8073.259,0.5292
mixed,32,29,0.9062,4.0,2048,2048,512,2048,1904,8705.797,8814.69,8743.558,0.3468
mixed,32,29,0.9062,4.0,2048,2048,1024,4096,3808,10037.506,10198.43,10072.897,0.2199
mixed,32,29,0.9062,4.0,2048,2048,2048,8192,7616,12598.809,13005.656,12738.966,0.3445
mixed,32,29,0.9062,4.0,2048,2048,4096,16384,15232,17681.603,18528.615,17992.171,0.3667
mixed,32,29,0.9062,4.0,2048,4096,128,512,476,12241.308,12345.178,12255.867,0.1402
mixed,32,29,0.9062,4.0,2048,4096,256,1024,952,12579.867,12638.806,12641.463,1.0451
mixed,32,29,0.9062,4.0,2048,4096,512,2048,1904,13241.143,13343.639,13226.55,-0.1424
mixed,32,29,0.9062,4.0,2048,4096,1024,4096,3808,14547.731,14725.776,14541.138,-0.037
mixed,32,29,0.9062,4.0,2048,4096,2048,8192,7616,17155.437,17499.306,17262.153,0.3103
mixed,32,29,0.9062,4.0,2048,4096,4096,16384,15232,22331.004,22981.715,22634.975,0.4671
mixed,32,29,0.9062,4.0,2048,8192,128,512,476,21045.538,21199.875,21028.28,-0.1118
mixed,32,29,0.9062,4.0,2048,8192,256,1024,952,21428.732,21486.815,21468.22,0.6799
mixed,32,29,0.9062,4.0,2048,8192,512,2048,1904,22125.853,22123.772,22070.713,
mixed,32,29,0.9062,4.0,2048,8192,1024,4096,3808,23277.372,23492.022,23425.239,0.6889
mixed,32,29,0.9062,4.0,2048,8192,2048,8192,7616,26014.136,26379.023,26157.615,0.3932
mixed,32,29,0.9062,4.0,2048,8192,4096,16384,15232,31182.459,31866.01,31437.734,0.3735
pure,64,1,0.0156,4.0,0,0,128,512,134,263.678,777.629,315.261,0.1004
pure,64,1,0.0156,4.0,0,0,256,1024,268,523.264,1667.098,644.67,0.1061
pure,64,1,0.0156,4.0,0,0,512,2048,536,901.564,3217.59,1215.965,0.1358
pure,64,1,0.0156,4.0,0,0,1024,4096,1072,1719.1,6323.052,2295.833,0.1253
pure,64,1,0.0156,4.0,0,0,2048,8192,2144,3368.148,12527.643,4484.464,0.1219
pure,64,1,0.0156,4.0,0,0,4096,16384,4288,6613.066,24961.367,8845.797,0.1217
mixed,64,1,0.0156,4.0,16,0,128,512,134,337.44,922.365,411.071,0.1259
mixed,64,1,0.0156,4.0,16,0,256,1024,268,534.016,1694.042,679.678,0.1256
mixed,64,1,0.0156,4.0,16,0,512,2048,536,928.957,3247.927,1245.309,0.1364
mixed,64,1,0.0156,4.0,16,0,1024,4096,1072,1747.036,6352.14,2450.742,0.1528
mixed,64,1,0.0156,4.0,16,0,2048,8192,2144,3389.494,12570.136,4551.473,0.1266
mixed,64,1,0.0156,4.0,16,0,4096,16384,4288,6646.507,24980.305,9285.539,0.1439
mixed,64,1,0.0156,4.0,16,512,128,512,134,391.84,971.516,465.632,0.1273
mixed,64,1,0.0156,4.0,16,512,256,1024,268,584.574,1747.642,739.422,0.1331
mixed,64,1,0.0156,4.0,16,512,512,2048,536,981.662,3301.814,1297.916,0.1363
mixed,64,1,0.0156,4.0,16,512,1024,4096,1072,1806.687,6405.101,2400.249,0.1291
mixed,64,1,0.0156,4.0,16,512,2048,8192,2144,3447.445,12619.415,4813.104,0.1489
mixed,64,1,0.0156,4.0,16,512,4096,16384,4288,6699.753,25037.977,8916.326,0.1209
mixed,64,1,0.0156,4.0,16,1024,128,512,134,414.335,993.918,484.192,0.1205
mixed,64,1,0.0156,4.0,16,1024,256,1024,268,608.767,1768.314,768.221,0.1375
mixed,64,1,0.0156,4.0,16,1024,512,2048,536,1002.62,3321.876,1306.075,0.1308
mixed,64,1,0.0156,4.0,16,1024,1024,4096,1072,1819.802,6430.473,2392.95,0.1243
mixed,64,1,0.0156,4.0,16,1024,2048,8192,2144,3469.078,12647.932,4832.34,0.1485
mixed,64,1,0.0156,4.0,16,1024,4096,16384,4288,6715.947,25065.525,8970.468,0.1229
mixed,64,1,0.0156,4.0,16,2048,128,512,134,434.271,1019.931,506.525,0.1234
mixed,64,1,0.0156,4.0,16,2048,256,1024,268,637.567,1795.291,783.616,0.1262
mixed,64,1,0.0156,4.0,16,2048,512,2048,536,1029.724,3345.877,1373.212,0.1483
mixed,64,1,0.0156,4.0,16,2048,1024,4096,1072,1847.099,6449.58,2402.585,0.1207
mixed,64,1,0.0156,4.0,16,2048,2048,8192,2144,3493.142,12655.548,4623.346,0.1234
mixed,64,1,0.0156,4.0,16,2048,4096,16384,4288,6738.636,25083.223,8980.996,0.1222
mixed,64,1,0.0156,4.0,16,4096,128,512,134,490.239,1075.741,555.649,0.1117
mixed,64,1,0.0156,4.0,16,4096,256,1024,268,685.789,1848.569,870.398,0.1588
mixed,64,1,0.0156,4.0,16,4096,512,2048,536,1081.276,3401.686,1387.484,0.132
mixed,64,1,0.0156,4.0,16,4096,1024,4096,1072,1903.066,6501.804,2501.784,0.1302
mixed,64,1,0.0156,4.0,16,4096,2048,8192,2144,3544.887,12722.075,4660.657,0.1216
mixed,64,1,0.0156,4.0,16,4096,4096,16384,4288,6798.766,25153.56,9123.265,0.1266
mixed,64,1,0.0156,4.0,16,8192,128,512,134,598.876,1185.341,679.294,0.1371
mixed,64,1,0.0156,4.0,16,8192,256,1024,268,796.318,1959.512,949.406,0.1316
mixed,64,1,0.0156,4.0,16,8192,512,2048,536,1190.042,3511.157,1498.684,0.133
mixed,64,1,0.0156,4.0,16,8192,1024,4096,1072,2010.36,6610.505,2588.376,0.1257
mixed,64,1,0.0156,4.0,16,8192,2048,8192,2144,3654.037,12819.063,4779.891,0.1228
mixed,64,1,0.0156,4.0,16,8192,4096,16384,4288,6906.379,25270.391,9290.401,0.1298
mixed,64,1,0.0156,4.0,32,0,128,512,134,378.336,960.702,443.87,0.1125
mixed,64,1,0.0156,4.0,32,0,256,1024,268,571.967,1733.306,720.927,0.1283
mixed,64,1,0.0156,4.0,32,0,512,2048,536,968.253,3294.997,1335.453,0.1578
mixed,64,1,0.0156,4.0,32,0,1024,4096,1072,1786.745,6394.476,2361.752,0.1248
mixed,64,1,0.0156,4.0,32,0,2048,8192,2144,3429.718,12605.757,4456.657,0.1119
mixed,64,1,0.0156,4.0,32,0,4096,16384,4288,6682.029,25006.264,9009.639,0.127
mixed,64,1,0.0156,4.0,32,512,128,512,134,435.81,1018.974,507.293,0.1226
mixed,64,1,0.0156,4.0,32,512,256,1024,268,627.549,1796.283,822.238,0.1666
mixed,64,1,0.0156,4.0,32,512,512,2048,536,1030.014,3342.68,1329.436,0.1295
mixed,64,1,0.0156,4.0,32,512,1024,4096,1072,1844.124,6441.485,2448.185,0.1314
mixed,64,1,0.0156,4.0,32,512,2048,8192,2144,3491.19,12669.885,4924.018,0.1561
mixed,64,1,0.0156,4.0,32,512,4096,16384,4288,6734.345,25088.665,9223.205,0.1356
mixed,64,1,0.0156,4.0,32,1024,128,512,134,508.54,1088.156,580.03,0.1233
mixed,64,1,0.0156,4.0,32,1024,256,1024,268,705.47,1864.026,847.677,0.1227
mixed,64,1,0.0156,4.0,32,1024,512,2048,536,1100.574,3415.189,1411.223,0.1342
mixed,64,1,0.0156,4.0,32,1024,1024,4096,1072,1917.208,6525.005,2512.727,0.1292
mixed,64,1,0.0156,4.0,32,1024,2048,8192,2144,3566.9,12719.964,4729.616,0.127
mixed,64,1,0.0156,4.0,32,1024,4096,16384,4288,6809.003,25154.647,9571.714,0.1506
mixed,64,1,0.0156,4.0,32,2048,128,512,134,538.143,1121.979,608.413,0.1204
mixed,64,1,0.0156,4.0,32,2048,256,1024,268,735.965,1895.709,917.309,0.1564
mixed,64,1,0.0156,4.0,32,2048,512,2048,536,1135.133,3448.28,1448.507,0.1355
mixed,64,1,0.0156,4.0,32,2048,1024,4096,1072,1948.443,6545.39,2689.303,0.1612
mixed,64,1,0.0156,4.0,32,2048,2048,8192,2144,3599.092,12764.187,4654.482,0.1152
mixed,64,1,0.0156,4.0,32,2048,4096,16384,4288,6847.787,25202.554,9100.548,0.1227
mixed,64,1,0.0156,4.0,32,4096,128,512,134,647.837,1233.088,732.51,0.1447
mixed,64,1,0.0156,4.0,32,4096,256,1024,268,842.46,2001.66,1000.446,0.1363
mixed,64,1,0.0156,4.0,32,4096,512,2048,536,1235.229,3560.31,1594.331,0.1544
mixed,64,1,0.0156,4.0,32,4096,1024,4096,1072,2063.641,6662.572,2651.223,0.1278
mixed,64,1,0.0156,4.0,32,4096,2048,8192,2144,3708.693,12875.677,4821.939,0.1214
mixed,64,1,0.0156,4.0,32,4096,4096,16384,4288,6959.917,25305.245,9294.821,0.1273
mixed,64,1,0.0156,4.0,32,8192,128,512,134,856.863,1444.285,926.206,0.118
mixed,64,1,0.0156,4.0,32,8192,256,1024,268,1054.972,2218.619,1205.149,0.1291
mixed,64,1,0.0156,4.0,32,8192,512,2048,536,1449.179,3766.87,1766.684,0.137
mixed,64,1,0.0156,4.0,32,8192,1024,4096,1072,2267.067,6876.526,2947.125,0.1475
mixed,64,1,0.0156,4.0,32,8192,2048,8192,2144,3913.94,13082.941,5088.497,0.1281
mixed,64,1,0.0156,4.0,32,8192,4096,16384,4288,7165.674,25503.543,9499.142,0.1272
mixed,64,1,0.0156,4.0,64,0,128,512,134,380.126,963.036,452.159,0.1236
mixed,64,1,0.0156,4.0,64,0,256,1024,268,577.053,1738.042,723.007,0.1257
mixed,64,1,0.0156,4.0,64,0,512,2048,536,972.54,3294.325,1292.059,0.1376
mixed,64,1,0.0156,4.0,64,0,1024,4096,1072,1789.178,6398.703,2403.802,0.1333
mixed,64,1,0.0156,4.0,64,0,2048,8192,2144,3435.222,12609.021,4547.442,0.1212
mixed,64,1,0.0156,4.0,64,0,4096,16384,4288,6690.252,25022.298,9011.268,0.1266
mixed,64,1,0.0156,4.0,64,512,128,512,134,519.645,1104.573,597.022,0.1323
mixed,64,1,0.0156,4.0,64,512,256,1024,268,714.528,1878.042,858.175,0.1235
mixed,64,1,0.0156,4.0,64,512,512,2048,536,1112.956,3425.591,1408.637,0.1279
mixed,64,1,0.0156,4.0,64,512,1024,4096,1072,1929.786,6535.151,2503.736,0.1246
mixed,64,1,0.0156,4.0,64,512,2048,8192,2144,3572.15,12740.863,4733.683,0.1267
mixed,64,1,0.0156,4.0,64,512,4096,16384,4288,6829.583,25176.089,9138.054,0.1258
mixed,64,1,0.0156,4.0,64,1024,128,512,134,599.167,1182.622,668.381,0.1186
mixed,64,1,0.0156,4.0,64,1024,256,1024,268,794.3,1957.691,942.077,0.127
mixed,64,1,0.0156,4.0,64,1024,512,2048,536,1190.205,3505.366,1505.244,0.1361
mixed,64,1,0.0156,4.0,64,1024,1024,4096,1072,2005.691,6614.447,2581.913,0.125
mixed,64,1,0.0156,4.0,64,1024,2048,8192,2144,3652.533,12819.74,4719.699,0.1164
mixed,64,1,0.0156,4.0,64,1024,4096,16384,4288,6915.242,25258.81,9357.381,0.1331
mixed,64,1,0.0156,4.0,64,2048,128,512,134,698.205,1285.086,765.695,0.115
mixed,64,1,0.0156,4.0,64,2048,256,1024,268,896.319,2059.962,1058.843,0.1397
mixed,64,1,0.0156,4.0,64,2048,512,2048,536,1300.606,3613.078,1601.658,0.1302
mixed,64,1,0.0156,4.0,64,2048,1024,4096,1072,2112.537,6718.219,2815.257,0.1526
mixed,64,1,0.0156,4.0,64,2048,2048,8192,2144,3755.187,12927.515,4922.543,0.1273
mixed,64,1,0.0156,4.0,64,2048,4096,16384,4288,7004.938,25333.177,9284.645,0.1244
mixed,64,1,0.0156,4.0,64,4096,128,512,134,902.141,1486.011,975.134,0.125
mixed,64,1,0.0156,4.0,64,4096,256,1024,268,1101.118,2260.314,1289.724,0.1627
mixed,64,1,0.0156,4.0,64,4096,512,2048,536,1494.013,3816.501,1819.197,0.14
mixed,64,1,0.0156,4.0,64,4096,1024,4096,1072,2314.874,6917.676,2893.911,0.1258
mixed,64,1,0.0156,4.0,64,4096,2048,8192,2144,3958.035,13139.261,5196.367,0.1349
mixed,64,1,0.0156,4.0,64,4096,4096,16384,4288,7209.291,25544.25,9944.836,0.1492
mixed,64,1,0.0156,4.0,64,8192,128,512,134,1300.252,1882.265,1369.146,0.1184
mixed,64,1,0.0156,4.0,64,8192,256,1024,268,1494.714,2658.52,1648.156,0.1318
mixed,64,1,0.0156,4.0,64,8192,512,2048,536,1888.729,4208.562,2207.834,0.1376
mixed,64,1,0.0156,4.0,64,8192,1024,4096,1072,2706.296,7317.837,3307.318,0.1303
mixed,64,1,0.0156,4.0,64,8192,2048,8192,2144,4361.268,13518.653,5420.528,0.1157
mixed,64,1,0.0156,4.0,64,8192,4096,16384,4288,7601.194,25947.065,10335.941,0.1491
mixed,64,1,0.0156,4.0,128,0,128,512,134,403.71,985.566,472.893,0.1189
mixed,64,1,0.0156,4.0,128,0,256,1024,268,598.015,1763.868,747.424,0.1282
mixed,64,1,0.0156,4.0,128,0,512,2048,536,992.669,3311.67,1362.715,0.1596
mixed,64,1,0.0156,4.0,128,0,1024,4096,1072,1812.314,6422.607,2521.082,0.1537
mixed,64,1,0.0156,4.0,128,0,2048,8192,2144,3461.751,12636.064,4621.587,0.1264
mixed,64,1,0.0156,4.0,128,0,4096,16384,4288,6713.837,25063.804,9444.548,0.1488
mixed,64,1,0.0156,4.0,128,512,128,512,134,650.175,1231.804,716.574,0.1142
mixed,64,1,0.0156,4.0,128,512,256,1024,268,840.766,2005.147,1027.87,0.1607
mixed,64,1,0.0156,4.0,128,512,512,2048,536,1236.252,3554.071,1550.588,0.1356
mixed,64,1,0.0156,4.0,128,512,1024,4096,1072,2057.21,6668.556,2611.096,0.1201
mixed,64,1,0.0156,4.0,128,512,2048,8192,2144,3708.98,12873.721,4892.625,0.1292
mixed,64,1,0.0156,4.0,128,512,4096,16384,4288,6945.132,25288.895,9289.668,0.1278
mixed,64,1,0.0156,4.0,128,1024,128,512,134,745.439,1326.874,846.238,0.1734
mixed,64,1,0.0156,4.0,128,1024,256,1024,268,938.301,2099.194,1093.981,0.1341
mixed,64,1,0.0156,4.0,128,1024,512,2048,536,1337.852,3655.958,1630.236,0.1261
mixed,64,1,0.0156,4.0,128,1024,1024,4096,1072,2154.843,6766.128,2744.795,0.1279
mixed,64,1,0.0156,4.0,128,1024,2048,8192,2144,3802.996,12964.51,4914.546,0.1213
mixed,64,1,0.0156,4.0,128,1024,4096,16384,4288,7054.155,25404.412,9394.307,0.1275
mixed,64,1,0.0156,4.0,128,2048,128,512,134,948.732,1531.323,1018.429,0.1196
mixed,64,1,0.0156,4.0,128,2048,256,1024,268,1146.332,2311.833,1310.875,0.1412
mixed,64,1,0.0156,4.0,128,2048,512,2048,536,1542.492,3853.524,1846.427,0.1315
mixed,64,1,0.0156,4.0,128,2048,1024,4096,1072,2358.011,6961.964,2965.015,0.1318
mixed,64,1,0.0156,4.0,128,2048,2048,8192,2144,4005.364,13184.699,5120.978,0.1215
mixed,64,1,0.0156,4.0,128,2048,4096,16384,4288,7256.911,25593.403,9708.835,0.1337
mixed,64,1,0.0156,4.0,128,4096,128,512,134,1347.004,1932.891,1412.282,0.1114
mixed,64,1,0.0156,4.0,128,4096,256,1024,268,1542.557,2706.232,1725.338,0.1571
mixed,64,1,0.0156,4.0,128,4096,512,2048,536,1935.482,4256.529,2238.041,0.1304
mixed,64,1,0.0156,4.0,128,4096,1024,4096,1072,2757.689,7368.622,3324.438,0.1229
mixed,64,1,0.0156,4.0,128,4096,2048,8192,2144,4402.355,13578.525,5501.33,0.1198
mixed,64,1,0.0156,4.0,128,4096,4096,16384,4288,7656.012,25995.385,9989.443,0.1272
mixed,64,1,0.0156,4.0,128,8192,128,512,134,2137.34,2720.952,2209.115,0.123
mixed,64,1,0.0156,4.0,128,8192,256,1024,268,2335.643,3492.344,2487.16,0.131
mixed,64,1,0.0156,4.0,128,8192,512,2048,536,2725.079,5049.105,3022.039,0.1278
mixed,64,1,0.0156,4.0,128,8192,1024,4096,1072,3542.807,8151.077,4095.026,0.1198
mixed,64,1,0.0156,4.0,128,8192,2048,8192,2144,5195.316,14355.256,6422.158,0.1339
mixed,64,1,0.0156,4.0,128,8192,4096,16384,4288,8441.226,26787.895,10573.217,0.1162
mixed,64,1,0.0156,4.0,256,0,128,512,134,695.998,1280.828,765.888,0.1195
mixed,64,1,0.0156,4.0,256,0,256,1024,268,892.509,2053.402,1040.7,0.1277
mixed,64,1,0.0156,4.0,256,0,512,2048,536,1291.739,3608.631,1601.788,0.1338
mixed,64,1,0.0156,4.0,256,0,1024,4096,1072,2110.008,6715.854,2705.848,0.1294
mixed,64,1,0.0156,4.0,256,0,2048,8192,2144,3752.275,12934.14,4873.076,0.1221
mixed,64,1,0.0156,4.0,256,0,4096,16384,4288,7005.327,25350.755,9338.599,0.1272
mixed,64,1,0.0156,4.0,256,512,128,512,134,902.173,1485.883,975.519,0.1257
mixed,64,1,0.0156,4.0,256,512,256,1024,268,1096.477,2256.282,1285.755,0.1632
mixed,64,1,0.0156,4.0,256,512,512,2048,536,1493.855,3815.317,1791.996,0.1284
mixed,64,1,0.0156,4.0,256,512,1024,4096,1072,2312.857,6911.982,2864.889,0.12
mixed,64,1,0.0156,4.0,256,512,2048,8192,2144,3958.613,13127.166,5266.322,0.1426
mixed,64,1,0.0156,4.0,256,512,4096,16384,4288,7206.572,25535.038,9535.622,0.1271
mixed,64,1,0.0156,4.0,256,1024,128,512,134,1100.35,1687.321,1164.891,0.11
mixed,64,1,0.0156,4.0,256,1024,256,1024,268,1293.725,2454.747,1444.19,0.1296
mixed,64,1,0.0156,4.0,256,1024,512,2048,536,1691.93,4008.532,1987.034,0.1274
mixed,64,1,0.0156,4.0,256,1024,1024,4096,1072,2516.728,7117.325,3109.942,0.1289
mixed,64,1,0.0156,4.0,256,1024,2048,8192,2144,4157.523,13327.131,5310.352,0.1257
mixed,64,1,0.0156,4.0,256,1024,4096,16384,4288,7411.176,25743.774,9949.542,0.1385
mixed,64,1,0.0156,4.0,256,2048,128,512,134,1492.41,2078.107,1563.292,0.121
mixed,64,1,0.0156,4.0,256,2048,256,1024,268,1692.989,2854.424,1848.475,0.1339
mixed,64,1,0.0156,4.0,256,2048,512,2048,536,2085.626,4403.061,2443.162,0.1543
mixed,64,1,0.0156,4.0,256,2048,1024,4096,1072,2905.434,7507.148,3476.566,0.1241
mixed,64,1,0.0156,4.0,256,2048,2048,8192,2144,4548.755,13713.179,5717.838,0.1276
mixed,64,1,0.0156,4.0,256,2048,4096,16384,4288,7804.207,26149.305,10132.36,0.1269
mixed,64,1,0.0156,4.0,256,4096,128,512,134,2282.934,2869.748,2355.195,0.1231
mixed,64,1,0.0156,4.0,256,4096,256,1024,268,2483.771,3645.56,2634.553,0.1298
mixed,64,1,0.0156,4.0,256,4096,512,2048,536,2871.193,5199.155,3169.942,0.1283
mixed,64,1,0.0156,4.0,256,4096,1024,4096,1072,3694.294,8308.457,4244.276,0.1192
mixed,64,1,0.0156,4.0,256,4096,2048,8192,2144,5343.442,14506.587,6500.88,0.1263
mixed,64,1,0.0156,4.0,256,4096,4096,16384,4288,8591.814,26916.699,10723.17,0.1163
mixed,64,1,0.0156,4.0,256,8192,128,512,134,3859.057,4449.908,3941.333,0.1392
mixed,64,1,0.0156,4.0,256,8192,256,1024,268,4056.309,5224.916,4208.789,0.1305
mixed,64,1,0.0156,4.0,256,8192,512,2048,536,4455.029,6772.94,4758.066,0.1307
mixed,64,1,0.0156,4.0,256,8192,1024,4096,1072,5274.543,9875.367,5854.061,0.126
mixed,64,1,0.0156,4.0,256,8192,2048,8192,2144,6910.77,16087.097,8086.216,0.1281
mixed,64,1,0.0156,4.0,256,8192,4096,16384,4288,10169.126,28504.695,12403.873,0.1219
mixed,64,1,0.0156,4.0,512,0,128,512,134,779.453,1366.879,857.596,0.133
mixed,64,1,0.0156,4.0,512,0,256,1024,268,972.062,2135.675,1126.43,0.1327
mixed,64,1,0.0156,4.0,512,0,512,2048,536,1368.957,3683.094,1662.204,0.1267
mixed,64,1,0.0156,4.0,512,0,1024,4096,1072,2196.346,6792.049,2798.807,0.1311
mixed,64,1,0.0156,4.0,512,0,2048,8192,2144,3835.829,13014.814,5215.473,0.1503
mixed,64,1,0.0156,4.0,512,0,4096,16384,4288,7081.513,25430.494,9470.438,0.1302
mixed,64,1,0.0156,4.0,512,512,128,512,134,1200.797,1782.331,1275.165,0.1279
mixed,64,1,0.0156,4.0,512,512,256,1024,268,1388.894,2554.84,1546.076,0.1348
mixed,64,1,0.0156,4.0,512,512,512,2048,536,1790.041,4105.684,2090.041,0.1296
mixed,64,1,0.0156,4.0,512,512,1024,4096,1072,2603.833,7207.313,3309.783,0.1534
mixed,64,1,0.0156,4.0,512,512,2048,8192,2144,4254.678,13415.198,5492.559,0.1351
mixed,64,1,0.0156,4.0,512,512,4096,16384,4288,7500.301,25842.241,10268.391,0.1509
mixed,64,1,0.0156,4.0,512,1024,128,512,134,1594.203,2175.642,1657.853,0.1095
mixed,64,1,0.0156,4.0,512,1024,256,1024,268,1790.33,2950.294,1941.402,0.1302
mixed,64,1,0.0156,4.0,512,1024,512,2048,536,2187.258,4499.252,2499.001,0.1348
mixed,64,1,0.0156,4.0,512,1024,1024,4096,1072,3005.112,7608.524,3632.501,0.1363
mixed,64,1,0.0156,4.0,512,1024,2048,8192,2144,4652.404,13819.868,5819.248,0.1273
mixed,64,1,0.0156,4.0,512,1024,4096,16384,4288,7901.293,26235.647,10229.733,0.127
mixed,64,1,0.0156,4.0,512,2048,128,512,134,2385.818,2975.32,2460.217,0.1262
mixed,64,1,0.0156,4.0,512,2048,256,1024,268,2579.928,3749.238,2765.111,0.1584
mixed,64,1,0.0156,4.0,512,2048,512,2048,536,2978.264,5294.514,3313.43,0.1447
mixed,64,1,0.0156,4.0,512,2048,1024,4096,1072,3796.406,8404.073,4350.003,0.1201
mixed,64,1,0.0156,4.0,512,2048,2048,8192,2144,5449.619,14622.294,6616.975,0.1273
mixed,64,1,0.0156,4.0,512,2048,4096,16384,4288,8691.913,27040.54,11029.223,0.1274
mixed,64,1,0.0156,4.0,512,4096,128,512,134,3969.62,4551.859,4032.628,0.1082
mixed,64,1,0.0156,4.0,512,4096,256,1024,268,4170.26,5329.586,4314.292,0.1242
mixed,64,1,0.0156,4.0,512,4096,512,2048,536,4568.817,6881.134,4878.55,0.1339
mixed,64,1,0.0156,4.0,512,4096,1024,4096,1072,5385.456,9983.78,5941.97,0.121
mixed,64,1,0.0156,4.0,512,4096,2048,8192,2144,7031.468,16183.89,8398.569,0.1494
mixed,64,1,0.0156,4.0,512,4096,4096,16384,4288,10264.515,28621.849,12509.505,0.1223
mixed,64,1,0.0156,4.0,512,8192,128,512,134,7128.142,7709.485,7177.325,0.0846
mixed,64,1,0.0156,4.0,512,8192,256,1024,268,7314.766,8474.438,7454.254,0.1203
mixed,64,1,0.0156,4.0,512,8192,512,2048,536,7708.398,10038.597,8021.836,0.1345
mixed,64,1,0.0156,4.0,512,8192,1024,4096,1072,8524.361,13132.322,9124.295,0.1302
mixed,64,1,0.0156,4.0,512,8192,2048,8192,2144,10162.757,19334.575,11336.003,0.1279
mixed,64,1,0.0156,4.0,512,8192,4096,16384,4288,13414.618,31770.739,15746.01,0.127
mixed,64,1,0.0156,4.0,1024,0,128,512,134,1567.965,2146.299,1641.853,0.1278
mixed,64,1,0.0156,4.0,1024,0,256,1024,268,1765.596,2923.511,1915.516,0.1295
mixed,64,1,0.0156,4.0,1024,0,512,2048,536,2160.664,4476.087,2438.842,0.1201
mixed,64,1,0.0156,4.0,1024,0,1024,4096,1072,2979.096,7580.907,3682.231,0.1528
mixed,64,1,0.0156,4.0,1024,0,2048,8192,2144,4618.931,13802.427,5686.093,0.1162
mixed,64,1,0.0156,4.0,1024,0,4096,16384,4288,7876.621,26202.624,10015.912,0.1167
mixed,64,1,0.0156,4.0,1024,512,128,512,134,2414.266,3000.12,2484.123,0.1192
mixed,64,1,0.0156,4.0,1024,512,256,1024,268,2612.28,3772.629,2768.279,0.1344
mixed,64,1,0.0156,4.0,1024,512,512,2048,536,3008.315,5327.442,3323.671,0.136
mixed,64,1,0.0156,4.0,1024,512,1024,4096,1072,3840.086,8428.651,4502.741,0.1444
mixed,64,1,0.0156,4.0,1024,512,2048,8192,2144,5476.209,14646.173,6586.51,0.1211
mixed,64,1,0.0156,4.0,1024,512,4096,16384,4288,8725.48,27076.091,11038.147,0.126
mixed,64,1,0.0156,4.0,1024,1024,128,512,134,3218.326,3810.007,3285.689,0.1139
mixed,64,1,0.0156,4.0,1024,1024,256,1024,268,3413.078,4582.262,3570.008,0.1342
mixed,64,1,0.0156,4.0,1024,1024,512,2048,536,3808.34,6130.03,4119.447,0.134
mixed,64,1,0.0156,4.0,1024,1024,1024,4096,1072,4632.563,9243.399,5227.441,0.129
mixed,64,1,0.0156,4.0,1024,1024,2048,8192,2144,6274.226,15449.367,7393.963,0.122
mixed,64,1,0.0156,4.0,1024,1024,4096,16384,4288,9530.665,27869.631,11903.299,0.1294
mixed,64,1,0.0156,4.0,1024,2048,128,512,134,4799.446,5375.823,4863.956,0.1119
mixed,64,1,0.0156,4.0,1024,2048,256,1024,268,4987.892,6158.032,5156.884,0.1444
mixed,64,1,0.0156,4.0,1024,2048,512,2048,536,5386.13,7710.603,5673.872,0.1238
mixed,64,1,0.0156,4.0,1024,2048,1024,4096,1072,6209.586,10819.042,6776.398,0.123
mixed,64,1,0.0156,4.0,1024,2048,2048,8192,2144,7850.638,17025.879,8195.112,0.0375
mixed,64,1,0.0156,4.0,1024,2048,4096,16384,4288,10217.67,29868.568,13431.645,0.1636
mixed,64,1,0.0156,4.0,1024,4096,128,512,134,7440.591,7996.075,7502.67,0.1118
mixed,64,1,0.0156,4.0,1024,4096,256,1024,268,8104.107,9284.679,8255.02,0.1278
mixed,64,1,0.0156,4.0,1024,4096,512,2048,536,8492.939,10821.827,8805.738,0.1343
mixed,64,1,0.0156,4.0,1024,4096,1024,4096,1072,9319.532,13943.228,9357.16,0.0081
mixed,64,1,0.0156,4.0,1024,4096,2048,8192,2144,10362.117,20121.294,12136.99,0.1819
mixed,64,1,0.0156,4.0,1024,4096,4096,16384,4288,14230.909,30778.07,15589.402,0.0821
mixed,64,1,0.0156,4.0,1024,8192,128,512,134,14510.908,13698.588,13226.716,
mixed,64,1,0.0156,4.0,1024,8192,256,1024,268,14409.95,15193.625,14256.534,-0.1958
mixed,64,1,0.0156,4.0,1024,8192,512,2048,536,15198.234,16077.558,13534.879,-1.8916
mixed,64,1,0.0156,4.0,1024,8192,1024,4096,1072,13978.651,18303.025,13765.119,-0.0494
mixed,64,1,0.0156,4.0,1024,8192,2048,8192,2144,14778.423,26972.73,18331.607,0.2914
mixed,64,1,0.0156,4.0,1024,8192,4096,16384,4288,18339.573,34821.163,19810.483,0.0892
mixed,64,1,0.0156,4.0,2048,0,128,512,134,3442.168,3713.111,3188.824,-0.935
mixed,64,1,0.0156,4.0,2048,0,256,1024,268,3313.752,4799.062,4599.508,0.8656
mixed,64,1,0.0156,4.0,2048,0,512,2048,536,3719.671,5759.76,3882.647,0.0799
mixed,64,1,0.0156,4.0,2048,0,1024,4096,1072,4390.647,8489.45,4824.402,0.1058
mixed,64,1,0.0156,4.0,2048,0,2048,8192,2144,5810.865,15825.691,8379.085,0.2564
mixed,64,1,0.0156,4.0,2048,0,4096,16384,4288,8774.284,25254.721,12972.385,0.2547
mixed,64,1,0.0156,4.0,2048,512,128,512,134,4229.141,4751.411,4260.056,0.0592
mixed,64,1,0.0156,4.0,2048,512,256,1024,268,5195.058,5714.676,4553.908,-1.2339
mixed,64,1,0.0156,4.0,2048,512,512,2048,536,4745.683,7529.804,6704.688,0.7036
mixed,64,1,0.0156,4.0,2048,512,1024,4096,1072,5511.569,9618.158,5986.867,0.1157
mixed,64,1,0.0156,4.0,2048,512,2048,8192,2144,6987.952,15168.033,7898.346,0.1113
mixed,64,1,0.0156,4.0,2048,512,4096,16384,4288,12102.949,30470.553,11748.516,-0.0193
mixed,64,1,0.0156,4.0,2048,1024,128,512,134,5312.85,5873.809,5432.147,0.2127
mixed,64,1,0.0156,4.0,2048,1024,256,1024,268,5542.868,8960.364,5652.115,0.032
mixed,64,1,0.0156,4.0,2048,1024,512,2048,536,5888.596,7955.531,7308.078,0.6868
mixed,64,1,0.0156,4.0,2048,1024,1024,4096,1072,8821.165,13388.929,7074.129,-0.3825
mixed,64,1,0.0156,4.0,2048,1024,2048,8192,2144,8100.782,16239.422,10944.233,0.3494
mixed,64,1,0.0156,4.0,2048,1024,4096,16384,4288,13416.64,27475.904,12840.386,-0.041
mixed,64,1,0.0156,4.0,2048,2048,128,512,134,7654.636,8129.485,7702.925,0.1017
mixed,64,1,0.0156,4.0,2048,2048,256,1024,268,7807.47,8845.389,7927.115,0.1153
mixed,64,1,0.0156,4.0,2048,2048,512,2048,536,9158.954,13468.671,8386.701,-0.1792
mixed,64,1,0.0156,4.0,2048,2048,1024,4096,1072,8927.111,13023.871,9471.084,0.1328
mixed,64,1,0.0156,4.0,2048,2048,2048,8192,2144,10361.829,22777.576,11723.494,0.1097
mixed,64,1,0.0156,4.0,2048,2048,4096,16384,4288,13293.731,29726.048,15138.073,0.1122
mixed,64,1,0.0156,4.0,2048,4096,128,512,134,12150.85,12656.838,12246.691,0.1894
mixed,64,1,0.0156,4.0,2048,4096,256,1024,268,12335.235,13412.735,12448.066,0.1047
mixed,64,1,0.0156,4.0,2048,4096,512,2048,536,14413.727,19836.853,12938.497,-0.272
mixed,64,1,0.0156,4.0,2048,4096,1024,4096,1072,13423.902,17493.018,14687.714,0.3106
mixed,64,1,0.0156,4.0,2048,4096,2048,8192,2144,20080.207,28582.691,15796.409,-0.5038
mixed,64,1,0.0156,4.0,2048,4096,4096,16384,4288,17808.982,38680.716,21467.986,0.1753
mixed,64,1,0.0156,4.0,2048,8192,128,512,134,21238.349,21512.465,21071.565,-0.6084
mixed,64,1,0.0156,4.0,2048,8192,256,1024,268,28849.44,22318.731,21287.374,
mixed,64,1,0.0156,4.0,2048,8192,512,2048,536,30337.207,23744.874,21805.994,
mixed,64,1,0.0156,4.0,2048,8192,1024,4096,1072,30378.079,26483.206,22675.083,
mixed,64,1,0.0156,4.0,2048,8192,2048,8192,2144,23798.829,31902.431,24689.092,0.1099
mixed,64,1,0.0156,4.0,2048,8192,4096,16384,4288,26682.914,43051.97,28541.886,0.1136
pure,64,2,0.0312,4.0,0,0,128,512,140,264.638,777.151,331.616,0.1307
pure,64,2,0.0312,4.0,0,0,256,1024,280,510.944,1671.131,692.063,0.1561
pure,64,2,0.0312,4.0,0,0,512,2048,560,943.359,3220.887,1323.646,0.167
pure,64,2,0.0312,4.0,0,0,1024,4096,1120,1810.716,6322.003,2540.539,0.1618
pure,64,2,0.0312,4.0,0,0,2048,8192,2240,3505.976,12534.181,4910.326,0.1556
pure,64,2,0.0312,4.0,0,0,4096,16384,4480,6900.082,24959.276,9808.938,0.1611
mixed,64,2,0.0312,4.0,16,0,128,512,140,339.872,925.117,428.478,0.1514
mixed,64,2,0.0312,4.0,16,0,256,1024,280,537.854,1700.316,722.59,0.1589
mixed,64,2,0.0312,4.0,16,0,512,2048,560,971.232,3250.68,1306.268,0.147
mixed,64,2,0.0312,4.0,16,0,1024,4096,1120,1841.564,6350.416,2585.21,0.1649
mixed,64,2,0.0312,4.0,16,0,2048,8192,2240,3538.134,12562.628,5061.109,0.1688
mixed,64,2,0.0312,4.0,16,0,4096,16384,4480,6940.302,24982.728,10165.094,0.1787
mixed,64,2,0.0312,4.0,16,512,128,512,140,392.927,972.575,479.199,0.1488
mixed,64,2,0.0312,4.0,16,512,256,1024,280,590.975,1748.184,797.341,0.1783
mixed,64,2,0.0312,4.0,16,512,512,2048,560,1022.75,3298.68,1403.581,0.1673
mixed,64,2,0.0312,4.0,16,512,1024,4096,1120,1892.316,6404.05,2670.008,0.1724
mixed,64,2,0.0312,4.0,16,512,2048,8192,2240,3590.486,12617.795,5109.332,0.1683
mixed,64,2,0.0312,4.0,16,512,4096,16384,4480,6988.913,25045.195,10191.531,0.1774
mixed,64,2,0.0312,4.0,16,1024,128,512,140,416.0,991.516,523.199,0.1863
mixed,64,2,0.0312,4.0,16,1024,256,1024,280,609.565,1768.571,797.053,0.1618
mixed,64,2,0.0312,4.0,16,1024,512,2048,560,1048.188,3320.441,1392.285,0.1514
mixed,64,2,0.0312,4.0,16,1024,1024,4096,1120,1912.924,6426.131,2705.66,0.1756
mixed,64,2,0.0312,4.0,16,1024,2048,8192,2240,3610.231,12634.98,5017.397,0.1559
mixed,64,2,0.0312,4.0,16,1024,4096,16384,4480,7014.734,25035.337,9975.209,0.1643
mixed,64,2,0.0312,4.0,16,2048,128,512,140,436.509,1018.524,532.031,0.1641
mixed,64,2,0.0312,4.0,16,2048,256,1024,280,635.87,1794.299,842.879,0.1787
mixed,64,2,0.0312,4.0,16,2048,512,2048,560,1070.174,3345.145,1446.684,0.1655
mixed,64,2,0.0312,4.0,16,2048,1024,4096,1120,1938.46,6452.816,2635.289,0.1544
mixed,64,2,0.0312,4.0,16,2048,2048,8192,2240,3636.955,12671.298,4995.122,0.1503
mixed,64,2,0.0312,4.0,16,2048,4096,16384,4480,7033.68,25085.224,10145.927,0.1724
mixed,64,2,0.0312,4.0,16,4096,128,512,140,491.294,1077.693,577.92,0.1477
mixed,64,2,0.0312,4.0,16,4096,256,1024,280,691.837,1847.581,877.311,0.1605
mixed,64,2,0.0312,4.0,16,4096,512,2048,560,1122.365,3400.6,1429.052,0.1346
mixed,64,2,0.0312,4.0,16,4096,1024,4096,1120,1999.164,6503.76,2832.826,0.1851
mixed,64,2,0.0312,4.0,16,4096,2048,8192,2240,3693.527,12714.853,5091.218,0.1549
mixed,64,2,0.0312,4.0,16,4096,4096,16384,4480,7087.153,25174.594,9914.632,0.1563
mixed,64,2,0.0312,4.0,16,8192,128,512,140,598.751,1181.119,677.887,0.1359
mixed,64,2,0.0312,4.0,16,8192,256,1024,280,796.444,1955.037,970.175,0.1499
mixed,64,2,0.0312,4.0,16,8192,512,2048,560,1233.342,3509.369,1616.154,0.1682
mixed,64,2,0.0312,4.0,16,8192,1024,4096,1120,2097.754,6611.76,2787.897,0.1529
mixed,64,2,0.0312,4.0,16,8192,2048,8192,2240,3799.992,12828.548,5207.062,0.1558
mixed,64,2,0.0312,4.0,16,8192,4096,16384,4480,7204.686,25272.525,10568.102,0.1862
mixed,64,2,0.0312,4.0,32,0,128,512,140,378.304,957.63,479.712,0.175
mixed,64,2,0.0312,4.0,32,0,256,1024,280,575.134,1734.683,770.718,0.1687
mixed,64,2,0.0312,4.0,32,0,512,2048,560,1010.43,3293.175,1330.461,0.1402
mixed,64,2,0.0312,4.0,32,0,1024,4096,1120,1881.241,6391.729,2636.379,0.1674
mixed,64,2,0.0312,4.0,32,0,2048,8192,2240,3577.655,12601.826,5206.323,0.1805
mixed,64,2,0.0312,4.0,32,0,4096,16384,4480,6974.194,25023.53,10038.859,0.1698
mixed,64,2,0.0312,4.0,32,512,128,512,140,438.335,1019.708,532.381,0.1618
mixed,64,2,0.0312,4.0,32,512,256,1024,280,631.296,1791.069,845.916,0.1851
mixed,64,2,0.0312,4.0,32,512,512,2048,560,1066.432,3343.32,1454.427,0.1704
mixed,64,2,0.0312,4.0,32,512,1024,4096,1120,1936.381,6453.614,2686.169,0.166
mixed,64,2,0.0312,4.0,32,512,2048,8192,2240,3632.629,12658.79,5170.158,0.1703
mixed,64,2,0.0312,4.0,32,512,4096,16384,4480,7029.903,25077.811,10127.481,0.1716
mixed,64,2,0.0312,4.0,32,1024,128,512,140,510.426,1087.288,591.738,0.141
mixed,64,2,0.0312,4.0,32,1024,256,1024,280,705.787,1865.3,881.626,0.1516
mixed,64,2,0.0312,4.0,32,1024,512,2048,560,1139.16,3414.73,1496.565,0.1571
mixed,64,2,0.0312,4.0,32,1024,1024,4096,1120,2008.05,6521.971,2750.697,0.1645
mixed,64,2,0.0312,4.0,32,1024,2048,8192,2240,3714.15,12738.761,5239.069,0.169
mixed,64,2,0.0312,4.0,32,1024,4096,16384,4480,7104.334,25164.823,9912.897,0.1555
mixed,64,2,0.0312,4.0,32,2048,128,512,140,536.924,1123.061,637.914,0.1723
mixed,64,2,0.0312,4.0,32,2048,256,1024,280,739.836,1893.811,926.97,0.1622
mixed,64,2,0.0312,4.0,32,2048,512,2048,560,1170.522,3450.924,1533.43,0.1591
mixed,64,2,0.0312,4.0,32,2048,1024,4096,1120,2043.153,6557.362,2801.582,0.168
mixed,64,2,0.0312,4.0,32,2048,2048,8192,2240,3740.775,12766.214,5266.712,0.1691
mixed,64,2,0.0312,4.0,32,2048,4096,16384,4480,7139.694,25209.081,10196.151,0.1692
mixed,64,2,0.0312,4.0,32,4096,128,512,140,646.587,1232.407,740.025,0.1595
mixed,64,2,0.0312,4.0,32,4096,256,1024,280,846.329,2009.875,1021.209,0.1503
mixed,64,2,0.0312,4.0,32,4096,512,2048,560,1283.094,3557.833,1625.651,0.1506
mixed,64,2,0.0312,4.0,32,4096,1024,4096,1120,2157.17,6667.316,2896.714,0.164
mixed,64,2,0.0312,4.0,32,4096,2048,8192,2240,3851.689,12875.117,5367.45,0.168
mixed,64,2,0.0312,4.0,32,4096,4096,16384,4480,7249.615,25292.985,10267.514,0.1673
mixed,64,2,0.0312,4.0,32,8192,128,512,140,862.586,1438.965,948.697,0.1494
mixed,64,2,0.0312,4.0,32,8192,256,1024,280,1057.05,2214.259,1240.506,0.1585
mixed,64,2,0.0312,4.0,32,8192,512,2048,560,1491.638,3765.606,1853.459,0.1591
mixed,64,2,0.0312,4.0,32,8192,1024,4096,1120,2364.688,6883.411,3162.956,0.1767
mixed,64,2,0.0312,4.0,32,8192,2048,8192,2240,4060.801,13085.674,5455.838,0.1546
mixed,64,2,0.0312,4.0,32,8192,4096,16384,4480,7459.82,25507.797,10661.397,0.1774
mixed,64,2,0.0312,4.0,64,0,128,512,140,382.363,962.236,478.59,0.1659
mixed,64,2,0.0312,4.0,64,0,256,1024,280,579.837,1739.509,766.012,0.1605
mixed,64,2,0.0312,4.0,64,0,512,2048,560,1015.098,3293.961,1374.264,0.1576
mixed,64,2,0.0312,4.0,64,0,1024,4096,1120,1883.125,6401.716,2612.112,0.1613
mixed,64,2,0.0312,4.0,64,0,2048,8192,2240,3584.522,12600.494,5095.102,0.1675
mixed,64,2,0.0312,4.0,64,0,4096,16384,4480,6978.259,25011.709,9936.223,0.164
mixed,64,2,0.0312,4.0,64,512,128,512,140,522.619,1106.327,605.34,0.1417
mixed,64,2,0.0312,4.0,64,512,256,1024,280,719.516,1875.927,905.946,0.1612
mixed,64,2,0.0312,4.0,64,512,512,2048,560,1154.903,3430.632,1506.328,0.1544
mixed,64,2,0.0312,4.0,64,512,1024,4096,1120,2023.699,6539.189,2707.503,0.1514
mixed,64,2,0.0312,4.0,64,512,2048,8192,2240,3731.432,12742.829,5114.879,0.1535
mixed,64,2,0.0312,4.0,64,512,4096,16384,4480,7116.082,25180.06,10162.812,0.1687
mixed,64,2,0.0312,4.0,64,1024,128,512,140,598.781,1179.832,701.692,0.1771
mixed,64,2,0.0312,4.0,64,1024,256,1024,280,795.323,1954.836,999.735,0.1763
mixed,64,2,0.0312,4.0,64,1024,512,2048,560,1232.058,3509.515,1592.98,0.1585
mixed,64,2,0.0312,4.0,64,1024,1024,4096,1120,2102.324,6610.902,2838.958,0.1634
mixed,64,2,0.0312,4.0,64,1024,2048,8192,2240,3797.544,12832.076,5403.355,0.1777
mixed,64,2,0.0312,4.0,64,1024,4096,16384,4480,7194.896,25254.69,10423.387,0.1788
mixed,64,2,0.0312,4.0,64,2048,128,512,140,701.851,1286.774,778.875,0.1317
mixed,64,2,0.0312,4.0,64,2048,256,1024,280,899.707,2061.235,1072.248,0.1485
mixed,64,2,0.0312,4.0,64,2048,512,2048,560,1336.119,3607.211,1715.19,0.1669
mixed,64,2,0.0312,4.0,64,2048,1024,4096,1120,2204.529,6712.406,2834.288,0.1397
mixed,64,2,0.0312,4.0,64,2048,2048,8192,2240,3907.784,12917.581,5503.966,0.1772
mixed,64,2,0.0312,4.0,64,2048,4096,16384,4480,7301.557,25340.002,10337.47,0.1683
mixed,64,2,0.0312,4.0,64,4096,128,512,140,901.882,1486.616,981.435,0.136
mixed,64,2,0.0312,4.0,64,4096,256,1024,280,1099.704,2263.154,1280.023,0.155
mixed,64,2,0.0312,4.0,64,4096,512,2048,560,1538.423,3812.071,1884.181,0.1521
mixed,64,2,0.0312,4.0,64,4096,1024,4096,1120,2405.873,6922.389,3140.492,0.1627
mixed,64,2,0.0312,4.0,64,4096,2048,8192,2240,4102.918,13131.695,5503.933,0.1552
mixed,64,2,0.0312,4.0,64,4096,4096,16384,4480,7506.385,25546.979,10190.942,0.1488
mixed,64,2,0.0312,4.0,64,8192,128,512,140,1299.512,1886.71,1378.68,0.1348
mixed,64,2,0.0312,4.0,64,8192,256,1024,280,1496.825,2657.582,1669.942,0.1491
mixed,64,2,0.0312,4.0,64,8192,512,2048,560,1930.356,4199.591,2308.945,0.1668
mixed,64,2,0.0312,4.0,64,8192,1024,4096,1120,2801.23,7320.498,3526.379,0.1605
mixed,64,2,0.0312,4.0,64,8192,2048,8192,2240,4499.3,13535.376,5979.258,0.1638
mixed,64,2,0.0312,4.0,64,8192,4096,16384,4480,7892.557,25941.635,11133.34,0.1796
mixed,64,2,0.0312,4.0,128,0,128,512,140,405.438,986.137,517.055,0.1922
mixed,64,2,0.0312,4.0,128,0,256,1024,280,599.291,1758.614,765.147,0.1431
mixed,64,2,0.0312,4.0,128,0,512,2048,560,1036.09,3313.004,1392.823,0.1567
mixed,64,2,0.0312,4.0,128,0,1024,4096,1120,1903.57,6418.615,2659.056,0.1673
mixed,64,2,0.0312,4.0,128,0,2048,8192,2240,3601.228,12627.443,5124.926,0.1688
mixed,64,2,0.0312,4.0,128,0,4096,16384,4480,7004.885,25047.243,10073.059,0.1701
mixed,64,2,0.0312,4.0,128,512,128,512,140,651.101,1230.648,759.642,0.1873
mixed,64,2,0.0312,4.0,128,512,256,1024,280,846.009,2003.764,1015.451,0.1464
mixed,64,2,0.0312,4.0,128,512,512,2048,560,1277.976,3561.29,1627.125,0.1529
mixed,64,2,0.0312,4.0,128,512,1024,4096,1120,2147.827,6661.527,2898.542,0.1663
mixed,64,2,0.0312,4.0,128,512,2048,8192,2240,3849.32,12870.033,5356.448,0.1671
mixed,64,2,0.0312,4.0,128,512,4096,16384,4480,7241.907,25308.171,10027.49,0.1542
mixed,64,2,0.0312,4.0,128,1024,128,512,140,745.116,1329.464,839.066,0.1608
mixed,64,2,0.0312,4.0,128,1024,256,1024,280,946.043,2107.188,1133.914,0.1618
mixed,64,2,0.0312,4.0,128,1024,512,2048,560,1379.221,3656.361,1726.775,0.1526
mixed,64,2,0.0312,4.0,128,1024,1024,4096,1120,2247.409,6764.535,2979.918,0.1622
mixed,64,2,0.0312,4.0,128,1024,2048,8192,2240,3946.12,12960.148,5452.35,0.1671
mixed,64,2,0.0312,4.0,128,1024,4096,16384,4480,7348.403,25378.922,10363.585,0.1672
mixed,64,2,0.0312,4.0,128,2048,128,512,140,950.585,1533.237,1041.816,0.1566
mixed,64,2,0.0312,4.0,128,2048,256,1024,280,1148.698,2305.491,1316.921,0.1454
mixed,64,2,0.0312,4.0,128,2048,512,2048,560,1582.518,3860.743,1918.517,0.1475
mixed,64,2,0.0312,4.0,128,2048,1024,4096,1120,2450.129,6963.512,3195.468,0.1651
mixed,64,2,0.0312,4.0,128,2048,2048,8192,2240,4145.896,13174.898,5652.893,0.1669
mixed,64,2,0.0312,4.0,128,2048,4096,16384,4480,7548.882,25590.568,10749.311,0.1774
mixed,64,2,0.0312,4.0,128,4096,128,512,140,1346.039,1928.787,1429.688,0.1435
mixed,64,2,0.0312,4.0,128,4096,256,1024,280,1543.286,2705.583,1711.349,0.1446
mixed,64,2,0.0312,4.0,128,4096,512,2048,560,1979.124,4251.046,2339.25,0.1585
mixed,64,2,0.0312,4.0,128,4096,1024,4096,1120,2846.831,7358.357,3574.956,0.1614
mixed,64,2,0.0312,4.0,128,4096,2048,8192,2240,4546.885,13575.215,5907.069,0.1507
mixed,64,2,0.0312,4.0,128,4096,4096,16384,4480,7959.153,25990.507,10953.788,0.1661
mixed,64,2,0.0312,4.0,128,8192,128,512,140,2136.019,2717.008,2226.388,0.1555
mixed,64,2,0.0312,4.0,128,8192,256,1024,280,2332.883,3492.779,2504.496,0.148
mixed,64,2,0.0312,4.0,128,8192,512,2048,560,2764.592,5044.962,3138.189,0.1638
mixed,64,2,0.0312,4.0,128,8192,1024,4096,1120,3640.746,8149.873,4389.83,0.1661
mixed,64,2,0.0312,4.0,128,8192,2048,8192,2240,5340.864,14367.693,6688.89,0.1493
mixed,64,2,0.0312,4.0,128,8192,4096,16384,4480,8735.629,26776.132,11926.811,0.1769
mixed,64,2,0.0312,4.0,256,0,128,512,140,700.667,1281.816,799.1,0.1694
mixed,64,2,0.0312,4.0,256,0,256,1024,280,896.315,2057.042,1074.266,0.1533
mixed,64,2,0.0312,4.0,256,0,512,2048,560,1336.281,3608.043,1686.295,0.1541
mixed,64,2,0.0312,4.0,256,0,1024,4096,1120,2200.787,6710.745,2914.863,0.1583
mixed,64,2,0.0312,4.0,256,0,2048,8192,2240,3898.316,12922.841,5423.172,0.169
mixed,64,2,0.0312,4.0,256,0,4096,16384,4480,7299.541,25340.629,10259.079,0.164
mixed,64,2,0.0312,4.0,256,512,128,512,140,903.325,1481.688,994.363,0.1574
mixed,64,2,0.0312,4.0,256,512,256,1024,280,1100.411,2255.444,1274.873,0.151
mixed,64,2,0.0312,4.0,256,512,512,2048,560,1533.56,3812.266,1899.284,0.1605
mixed,64,2,0.0312,4.0,256,512,1024,4096,1120,2399.924,6915.128,3189.521,0.1749
mixed,64,2,0.0312,4.0,256,512,2048,8192,2240,4103.464,13126.518,5566.016,0.1621
mixed,64,2,0.0312,4.0,256,512,4096,16384,4480,7496.663,25558.802,10552.355,0.1692
mixed,64,2,0.0312,4.0,256,1024,128,512,140,1099.579,1683.287,1189.082,0.1533
mixed,64,2,0.0312,4.0,256,1024,256,1024,280,1295.546,2454.993,1472.887,0.153
mixed,64,2,0.0312,4.0,256,1024,512,2048,560,1731.446,4009.675,2060.786,0.1446
mixed,64,2,0.0312,4.0,256,1024,1024,4096,1120,2599.086,7115.765,3366.603,0.1699
mixed,64,2,0.0312,4.0,256,1024,2048,8192,2240,4291.527,13325.367,5792.095,0.1661
mixed,64,2,0.0312,4.0,256,1024,4096,16384,4480,7693.557,25739.091,10717.444,0.1676
mixed,64,2,0.0312,4.0,256,2048,128,512,140,1493.847,2083.698,1602.551,0.1843
mixed,64,2,0.0312,4.0,256,2048,256,1024,280,1695.287,2850.673,1869.717,0.151
mixed,64,2,0.0312,4.0,256,2048,512,2048,560,2128.723,4403.976,2483.377,0.1559
mixed,64,2,0.0312,4.0,256,2048,1024,4096,1120,2993.872,7509.589,3679.756,0.1519
mixed,64,2,0.0312,4.0,256,2048,2048,8192,2240,4695.751,13716.949,6195.293,0.1662
mixed,64,2,0.0312,4.0,256,2048,4096,16384,4480,8092.206,26143.859,11324.993,0.1791
mixed,64,2,0.0312,4.0,256,4096,128,512,140,2284.756,2870.225,2373.682,0.1519
mixed,64,2,0.0312,4.0,256,4096,256,1024,280,2483.315,3643.307,2667.247,0.1586
mixed,64,2,0.0312,4.0,256,4096,512,2048,560,2920.846,5193.986,3265.933,0.1518
mixed,64,2,0.0312,4.0,256,4096,1024,4096,1120,3782.348,8312.915,4521.735,0.1632
mixed,64,2,0.0312,4.0,256,4096,2048,8192,2240,5484.034,14512.049,6984.888,0.1662
mixed,64,2,0.0312,4.0,256,4096,4096,16384,4480,8894.638,26928.815,11443.041,0.1413
mixed,64,2,0.0312,4.0,256,8192,128,512,140,3862.987,4452.872,3942.025,0.134
mixed,64,2,0.0312,4.0,256,8192,256,1024,280,4057.32,5218.276,4240.519,0.1578
mixed,64,2,0.0312,4.0,256,8192,512,2048,560,4498.276,6763.357,4852.836,0.1565
mixed,64,2,0.0312,4.0,256,8192,1024,4096,1120,5375.711,9881.003,6105.951,0.1621
mixed,64,2,0.0312,4.0,256,8192,2048,8192,2240,7055.16,16084.044,8566.866,0.1674
mixed,64,2,0.0312,4.0,256,8192,4096,16384,4480,10453.578,28499.848,13236.25,0.1542
mixed,64,2,0.0312,4.0,512,0,128,512,140,782.715,1360.599,879.001,0.1666
mixed,64,2,0.0312,4.0,512,0,256,1024,280,976.377,2136.949,1145.177,0.1454
mixed,64,2,0.0312,4.0,512,0,512,2048,560,1409.595,3687.372,1754.711,0.1515
mixed,64,2,0.0312,4.0,512,0,1024,4096,1120,2280.465,6797.981,2917.97,0.1411
mixed,64,2,0.0312,4.0,512,0,2048,8192,2240,3974.538,12997.113,5419.233,0.1601
mixed,64,2,0.0312,4.0,512,0,4096,16384,4480,7384.277,25427.899,10593.641,0.1779
mixed,64,2,0.0312,4.0,512,512,128,512,140,1203.033,1778.935,1283.258,0.1393
mixed,64,2,0.0312,4.0,512,512,256,1024,280,1396.984,2557.682,1577.174,0.1552
mixed,64,2,0.0312,4.0,512,512,512,2048,560,1831.671,4114.091,2180.979,0.153
mixed,64,2,0.0312,4.0,512,512,1024,4096,1120,2704.658,7217.817,3441.197,0.1632
mixed,64,2,0.0312,4.0,512,512,2048,8192,2240,4399.336,13425.562,5744.608,0.149
mixed,64,2,0.0312,4.0,512,512,4096,16384,4480,7795.508,25840.092,10851.303,0.1693
mixed,64,2,0.0312,4.0,512,1024,128,512,140,1598.392,2174.133,1676.792,0.1362
mixed,64,2,0.0312,4.0,512,1024,256,1024,280,1798.134,2955.568,1976.118,0.1538
mixed,64,2,0.0312,4.0,512,1024,512,2048,560,2231.956,4504.263,2573.714,0.1504
mixed,64,2,0.0312,4.0,512,1024,1024,4096,1120,3097.133,7611.351,3834.955,0.1634
mixed,64,2,0.0312,4.0,512,1024,2048,8192,2240,4800.328,13811.675,6299.616,0.1664
mixed,64,2,0.0312,4.0,512,1024,4096,16384,4480,8197.621,26243.518,11012.294,0.156
mixed,64,2,0.0312,4.0,512,2048,128,512,140,2382.9,2973.263,2469.33,0.1464
mixed,64,2,0.0312,4.0,512,2048,256,1024,280,2582.739,3743.76,2765.778,0.1577
mixed,64,2,0.0312,4.0,512,2048,512,2048,560,3022.191,5293.349,3326.511,0.134
mixed,64,2,0.0312,4.0,512,2048,1024,4096,1120,3888.588,8405.267,4613.032,0.1604
mixed,64,2,0.0312,4.0,512,2048,2048,8192,2240,5584.962,14612.92,7127.003,0.1708
mixed,64,2,0.0312,4.0,512,2048,4096,16384,4480,8985.585,27035.706,12037.858,0.1691
mixed,64,2,0.0312,4.0,512,4096,128,512,140,3971.883,4558.921,4063.308,0.1557
mixed,64,2,0.0312,4.0,512,4096,256,1024,280,4161.193,5333.093,4329.994,0.144
mixed,64,2,0.0312,4.0,512,4096,512,2048,560,4596.872,6879.006,4961.924,0.16
mixed,64,2,0.0312,4.0,512,4096,1024,4096,1120,5482.689,9984.496,6156.734,0.1497
mixed,64,2,0.0312,4.0,512,4096,2048,8192,2240,7172.412,16205.995,8702.357,0.1694
mixed,64,2,0.0312,4.0,512,4096,4096,16384,4480,10562.506,28621.612,13603.066,0.1684
mixed,64,2,0.0312,4.0,512,8192,128,512,140,7131.446,7705.946,7206.297,0.1303
mixed,64,2,0.0312,4.0,512,8192,256,1024,280,7312.728,8468.982,7491.675,0.1548
mixed,64,2,0.0312,4.0,512,8192,512,2048,560,7747.096,10034.797,8106.934,0.1573
mixed,64,2,0.0312,4.0,512,8192,1024,4096,1120,8619.025,13111.229,9363.73,0.1658
mixed,64,2,0.0312,4.0,512,8192,2048,8192,2240,10313.389,19339.454,11891.779,0.1749
mixed,64,2,0.0312,4.0,512,8192,4096,16384,4480,13732.188,31753.765,16914.023,0.1766
mixed,64,2,0.0312,4.0,1024,0,128,512,140,1564.695,2150.935,1651.961,0.1489
mixed,64,2,0.0312,4.0,1024,0,256,1024,280,1764.119,2924.145,1962.676,0.1712
mixed,64,2,0.0312,4.0,1024,0,512,2048,560,2196.948,4478.409,2502.226,0.1338
mixed,64,2,0.0312,4.0,1024,0,1024,4096,1120,3068.624,7580.762,3854.092,0.1741
mixed,64,2,0.0312,4.0,1024,0,2048,8192,2240,4769.641,13796.762,5907.459,0.126
mixed,64,2,0.0312,4.0,1024,0,4096,16384,4480,7792.283,26538.785,10189.777,0.1279
mixed,64,2,0.0312,4.0,1024,512,128,512,140,2160.437,2701.553,2497.492,0.6229
mixed,64,2,0.0312,4.0,1024,512,256,1024,280,2619.571,3778.092,2797.362,0.1535
mixed,64,2,0.0312,4.0,1024,512,512,2048,560,3049.874,5345.096,3419.535,0.1611
mixed,64,2,0.0312,4.0,1024,512,1024,4096,1120,3922.382,8444.82,4718.346,0.176
mixed,64,2,0.0312,4.0,1024,512,2048,8192,2240,5617.057,14643.416,6630.912,0.1123
mixed,64,2,0.0312,4.0,1024,512,4096,16384,4480,8534.389,26850.847,11808.197,0.1787
mixed,64,2,0.0312,4.0,1024,1024,128,512,140,3130.513,3694.638,3216.974,0.1533
mixed,64,2,0.0312,4.0,1024,1024,256,1024,280,3415.889,4580.267,3603.374,0.161
mixed,64,2,0.0312,4.0,1024,1024,512,2048,560,3849.546,6131.074,4182.188,0.1458
mixed,64,2,0.0312,4.0,1024,1024,1024,4096,1120,4727.017,9240.82,5470.438,0.1647
mixed,64,2,0.0312,4.0,1024,1024,2048,8192,2240,6422.051,15444.92,7228.03,0.0893
mixed,64,2,0.0312,4.0,1024,1024,4096,16384,4480,9165.588,28187.16,10727.691,0.0821
mixed,64,2,0.0312,4.0,1024,2048,128,512,140,3778.86,4297.834,4883.656,2.1288
mixed,64,2,0.0312,4.0,1024,2048,256,1024,280,4995.239,6149.538,5162.053,0.1445
mixed,64,2,0.0312,4.0,1024,2048,512,2048,560,5428.005,7705.562,5768.833,0.1496
mixed,64,2,0.0312,4.0,1024,2048,1024,4096,1120,6296.768,10823.467,6948.285,0.1439
mixed,64,2,0.0312,4.0,1024,2048,2048,8192,2240,7931.48,16863.789,8644.726,0.0799
mixed,64,2,0.0312,4.0,1024,2048,4096,16384,4480,10602.634,29775.798,11969.831,0.0713
mixed,64,2,0.0312,4.0,1024,4096,128,512,140,6071.619,7243.547,8063.542,1.6997
mixed,64,2,0.0312,4.0,1024,4096,256,1024,280,8106.358,9289.107,8294.937,0.1594
mixed,64,2,0.0312,4.0,1024,4096,512,2048,560,8547.96,10840.91,8702.517,0.0674
mixed,64,2,0.0312,4.0,1024,4096,1024,4096,1120,9227.412,13655.519,9541.488,0.0709
mixed,64,2,0.0312,4.0,1024,4096,2048,8192,2240,10502.989,20115.709,12623.97,0.2206
mixed,64,2,0.0312,4.0,1024,4096,4096,16384,4480,13967.711,30791.182,16350.576,0.1416
mixed,64,2,0.0312,4.0,1024,8192,128,512,140,12538.596,13092.832,12620.74,0.1482
mixed,64,2,0.0312,4.0,1024,8192,256,1024,280,14415.258,14454.97,13262.529,-29.0272
mixed,64,2,0.0312,4.0,1024,8192,512,2048,560,13508.737,15710.484,15143.636,0.7425
mixed,64,2,0.0312,4.0,1024,8192,1024,4096,1120,15715.324,18575.686,14014.622,-0.5946
mixed,64,2,0.0312,4.0,1024,8192,2048,8192,2240,15034.617,26710.824,15199.96,0.0142
mixed,64,2,0.0312,4.0,1024,8192,4096,16384,4480,17196.082,39334.952,18084.04,0.0401
mixed,64,2,0.0312,4.0,2048,0,128,512,140,3092.466,3872.718,4317.26,1.5697
mixed,64,2,0.0312,4.0,2048,0,256,1024,280,3838.574,4403.18,3426.608,-0.7297
mixed,64,2,0.0312,4.0,2048,0,512,2048,560,3687.599,6048.259,5211.816,0.6457
mixed,64,2,0.0312,4.0,2048,0,1024,4096,1120,5729.125,9533.076,4920.327,-0.2126
mixed,64,2,0.0312,4.0,2048,0,2048,8192,2240,5943.172,14085.436,6972.096,0.1264
mixed,64,2,0.0312,4.0,2048,0,4096,16384,4480,9988.496,25775.883,11621.547,0.1034
mixed,64,2,0.0312,4.0,2048,512,128,512,140,4200.012,4748.969,5153.642,1.7372
mixed,64,2,0.0312,4.0,2048,512,256,1024,280,4428.778,5457.572,4563.657,0.1311
mixed,64,2,0.0312,4.0,2048,512,512,2048,560,4814.117,6837.661,5064.745,0.1239
mixed,64,2,0.0312,4.0,2048,512,1024,4096,1120,5574.534,10016.243,8013.499,0.5491
mixed,64,2,0.0312,4.0,2048,512,2048,8192,2240,9001.818,15664.121,8178.395,-0.1236
mixed,64,2,0.0312,4.0,2048,512,4096,16384,4480,10149.264,29187.293,12310.279,0.1135
mixed,64,2,0.0312,4.0,2048,1024,128,512,140,5362.213,5880.934,7642.524,4.396
mixed,64,2,0.0312,4.0,2048,1024,256,1024,280,6794.977,6586.531,5666.789,
mixed,64,2,0.0312,4.0,2048,1024,512,2048,560,5927.974,9662.007,8321.082,0.6409
mixed,64,2,0.0312,4.0,2048,1024,1024,4096,1120,8148.829,10777.582,7176.898,-0.3697
mixed,64,2,0.0312,4.0,2048,1024,2048,8192,2240,8228.987,16238.933,11177.391,0.3681
mixed,64,2,0.0312,4.0,2048,1024,4096,16384,4480,13038.183,27476.005,16511.063,0.2405
mixed,64,2,0.0312,4.0,2048,2048,128,512,140,7652.06,8172.762,7673.181,0.0406
mixed,64,2,0.0312,4.0,2048,2048,256,1024,280,7821.888,8822.841,7951.132,0.1291
mixed,64,2,0.0312,4.0,2048,2048,512,2048,560,8224.893,10266.768,8527.994,0.1484
mixed,64,2,0.0312,4.0,2048,2048,1024,4096,1120,12158.538,14128.478,9447.348,-1.3763
mixed,64,2,0.0312,4.0,2048,2048,2048,8192,2240,10489.071,18531.499,11530.57,0.1295
mixed,64,2,0.0312,4.0,2048,2048,4096,16384,4480,17175.477,29783.263,15716.699,-0.1157
mixed,64,2,0.0312,4.0,2048,4096,128,512,140,12151.722,12715.783,12211.787,0.1065
mixed,64,2,0.0312,4.0,2048,4096,256,1024,280,12298.572,13401.922,12464.487,0.1504
mixed,64,2,0.0312,4.0,2048,4096,512,2048,560,12720.55,14762.911,14352.676,0.7991
mixed,64,2,0.0312,4.0,2048,4096,1024,4096,1120,18433.745,17511.317,14026.304,
mixed,64,2,0.0312,4.0,2048,4096,2048,8192,2240,15026.398,23107.681,21551.073,0.8074
mixed,64,2,0.0312,4.0,2048,4096,4096,16384,4480,18135.25,34234.858,20244.265,0.131
mixed,64,2,0.0312,4.0,2048,8192,128,512,140,21117.124,21646.049,30015.838,16.8242
mixed,64,2,0.0312,4.0,2048,8192,256,1024,280,21177.188,22226.524,21309.957,0.1265
mixed,64,2,0.0312,4.0,2048,8192,512,2048,560,21639.492,23544.921,21935.775,0.1555
mixed,64,2,0.0312,4.0,2048,8192,1024,4096,1120,22361.856,36309.22,22740.353,0.0271
mixed,64,2,0.0312,4.0,2048,8192,2048,8192,2240,23908.732,42488.808,24941.527,0.0556
mixed,64,2,0.0312,4.0,2048,8192,4096,16384,4480,26912.618,43066.927,28996.257,0.129
pure,64,3,0.0469,4.0,0,0,128,512,146,268.031,777.722,332.51,0.1265
pure,64,3,0.0469,4.0,0,0,256,1024,292,554.237,1667.512,742.334,0.169
pure,64,3,0.0469,4.0,0,0,512,2048,584,987.358,3220.401,1316.122,0.1472
pure,64,3,0.0469,4.0,0,0,1024,4096,1168,1864.853,6325.509,2430.133,0.1267
pure,64,3,0.0469,4.0,0,0,2048,8192,2336,3654.416,12542.439,4753.612,0.1237
pure,64,3,0.0469,4.0,0,0,4096,16384,4672,7199.84,24946.138,9922.675,0.1534
mixed,64,3,0.0469,4.0,16,0,128,512,146,341.981,926.042,447.326,0.1804
mixed,64,3,0.0469,4.0,16,0,256,1024,292,582.686,1696.826,747.739,0.1481
mixed,64,3,0.0469,4.0,16,0,512,2048,584,1017.658,3248.594,1362.299,0.1545
mixed,64,3,0.0469,4.0,16,0,1024,4096,1168,1898.103,6365.026,2567.636,0.1499
mixed,64,3,0.0469,4.0,16,0,2048,8192,2336,3680.304,12563.435,5386.055,0.192
mixed,64,3,0.0469,4.0,16,0,4096,16384,4672,7226.527,24983.225,9618.742,0.1347
mixed,64,3,0.0469,4.0,16,512,128,512,146,391.904,973.628,495.134,0.1775
mixed,64,3,0.0469,4.0,16,512,256,1024,292,633.693,1748.469,808.859,0.1571
mixed,64,3,0.0469,4.0,16,512,512,2048,584,1068.508,3297.554,1429.467,0.1619
mixed,64,3,0.0469,4.0,16,512,1024,4096,1168,1950.198,6408.002,2681.141,0.164
mixed,64,3,0.0469,4.0,16,512,2048,8192,2336,3732.751,12611.95,5451.946,0.1936
mixed,64,3,0.0469,4.0,16,512,4096,16384,4672,7280.61,25026.517,10420.466,0.1769
mixed,64,3,0.0469,4.0,16,1024,128,512,146,414.463,995.611,530.491,0.1997
mixed,64,3,0.0469,4.0,16,1024,256,1024,292,656.155,1771.225,819.388,0.1464
mixed,64,3,0.0469,4.0,16,1024,512,2048,584,1092.571,3320.083,1490.011,0.1784
mixed,64,3,0.0469,4.0,16,1024,1024,4096,1168,1966.809,6423.205,2573.81,0.1362
mixed,64,3,0.0469,4.0,16,1024,2048,8192,2336,3759.024,12643.176,5201.064,0.1623
mixed,64,3,0.0469,4.0,16,1024,4096,16384,4672,7300.416,25061.398,9936.404,0.1484
mixed,64,3,0.0469,4.0,16,2048,128,512,146,438.046,1017.405,568.25,0.2247
mixed,64,3,0.0469,4.0,16,2048,256,1024,292,679.583,1797.785,816.636,0.1226
mixed,64,3,0.0469,4.0,16,2048,512,2048,584,1120.987,3343.761,1514.106,0.1769
mixed,64,3,0.0469,4.0,16,2048,1024,4096,1168,1995.222,6456.612,2603.126,0.1363
mixed,64,3,0.0469,4.0,16,2048,2048,8192,2336,3782.544,12680.359,4829.995,0.1177
mixed,64,3,0.0469,4.0,16,2048,4096,16384,4672,7326.146,25084.279,9423.802,0.1181
mixed,64,3,0.0469,4.0,16,4096,128,512,146,494.044,1074.62,611.646,0.2026
mixed,64,3,0.0469,4.0,16,4096,256,1024,292,735.71,1851.128,909.179,0.1555
mixed,64,3,0.0469,4.0,16,4096,512,2048,584,1173.947,3396.402,1539.323,0.1644
mixed,64,3,0.0469,4.0,16,4096,1024,4096,1168,2046.933,6510.213,2657.014,0.1367
mixed,64,3,0.0469,4.0,16,4096,2048,8192,2336,3833.745,12720.013,5393.833,0.1756
mixed,64,3,0.0469,4.0,16,4096,4096,16384,4672,7386.977,25146.715,10403.762,0.1699
mixed,64,3,0.0469,4.0,16,8192,128,512,146,603.998,1183.103,714.876,0.1915
mixed,64,3,0.0469,4.0,16,8192,256,1024,292,841.469,1954.391,1053.531,0.1905
mixed,64,3,0.0469,4.0,16,8192,512,2048,584,1284.408,3507.728,1607.675,0.1454
mixed,64,3,0.0469,4.0,16,8192,1024,4096,1168,2164.727,6614.15,2790.773,0.1407
mixed,64,3,0.0469,4.0,16,8192,2048,8192,2336,3943.471,12831.148,5294.73,0.152
mixed,64,3,0.0469,4.0,16,8192,4096,16384,4672,7491.296,25254.011,10190.549,0.152
mixed,64,3,0.0469,4.0,32,0,128,512,146,378.463,960.953,480.797,0.1757
mixed,64,3,0.0469,4.0,32,0,256,1024,292,618.909,1732.215,773.949,0.1393
mixed,64,3,0.0469,4.0,32,0,512,2048,584,1057.851,3288.627,1446.393,0.1742
mixed,64,3,0.0469,4.0,32,0,1024,4096,1168,1930.232,6390.724,2596.504,0.1494
mixed,64,3,0.0469,4.0,32,0,2048,8192,2336,3722.575,12607.337,5048.553,0.1492
mixed,64,3,0.0469,4.0,32,0,4096,16384,4672,7262.4,25015.515,9946.802,0.1512
mixed,64,3,0.0469,4.0,32,512,128,512,146,437.506,1019.421,530.495,0.1598
mixed,64,3,0.0469,4.0,32,512,256,1024,292,675.678,1789.914,821.115,0.1305
mixed,64,3,0.0469,4.0,32,512,512,2048,584,1114.395,3354.258,1521.209,0.1816
mixed,64,3,0.0469,4.0,32,512,1024,4096,1168,1990.935,6443.042,2625.334,0.1425
mixed,64,3,0.0469,4.0,32,512,2048,8192,2336,3778.512,12655.181,5138.347,0.1532
mixed,64,3,0.0469,4.0,32,512,4096,16384,4672,7323.394,25073.851,9705.014,0.1342
mixed,64,3,0.0469,4.0,32,1024,128,512,146,508.669,1086.173,621.66,0.1957
mixed,64,3,0.0469,4.0,32,1024,256,1024,292,749.214,1865.526,907.166,0.1415
mixed,64,3,0.0469,4.0,32,1024,512,2048,584,1185.21,3421.681,1496.41,0.1391
mixed,64,3,0.0469,4.0,32,1024,1024,4096,1168,2063.289,6519.176,2808.533,0.1672
mixed,64,3,0.0469,4.0,32,1024,2048,8192,2336,3857.137,12733.484,5550.345,0.1908
mixed,64,3,0.0469,4.0,32,1024,4096,16384,4672,7393.278,25163.32,10012.789,0.1474
mixed,64,3,0.0469,4.0,32,2048,128,512,146,540.348,1120.698,649.661,0.1884
mixed,64,3,0.0469,4.0,32,2048,256,1024,292,781.852,1898.455,969.241,0.1678
mixed,64,3,0.0469,4.0,32,2048,512,2048,584,1219.611,3452.02,1584.378,0.1634
mixed,64,3,0.0469,4.0,32,2048,1024,4096,1168,2095.959,6549.8,2726.102,0.1415
mixed,64,3,0.0469,4.0,32,2048,2048,8192,2336,3886.414,12766.606,5073.322,0.1337
mixed,64,3,0.0469,4.0,32,2048,4096,16384,4672,7427.294,25195.702,9542.997,0.1191
mixed,64,3,0.0469,4.0,32,4096,128,512,146,652.861,1236.059,756.444,0.1776
mixed,64,3,0.0469,4.0,32,4096,256,1024,292,891.74,2005.431,1039.546,0.1327
mixed,64,3,0.0469,4.0,32,4096,512,2048,584,1335.611,3562.001,1631.256,0.1328
mixed,64,3,0.0469,4.0,32,4096,1024,4096,1168,2205.782,6665.573,2743.124,0.1205
mixed,64,3,0.0469,4.0,32,4096,2048,8192,2336,3997.041,12877.197,5301.129,0.1469
mixed,64,3,0.0469,4.0,32,4096,4096,16384,4672,7534.207,25299.101,9828.632,0.1292
mixed,64,3,0.0469,4.0,32,8192,128,512,146,862.364,1441.719,979.995,0.203
mixed,64,3,0.0469,4.0,32,8192,256,1024,292,1098.811,2213.367,1278.844,0.1615
mixed,64,3,0.0469,4.0,32,8192,512,2048,584,1542.424,3765.491,1899.862,0.1608
mixed,64,3,0.0469,4.0,32,8192,1024,4096,1168,2413.719,6870.561,3155.06,0.1663
mixed,64,3,0.0469,4.0,32,8192,2048,8192,2336,4206.798,13076.268,5532.455,0.1495
mixed,64,3,0.0469,4.0,32,8192,4096,16384,4672,7750.495,25513.338,10881.744,0.1763
mixed,64,3,0.0469,4.0,64,0,128,512,146,383.776,964.252,490.268,0.1835
mixed,64,3,0.0469,4.0,64,0,256,1024,292,623.645,1738.168,805.501,0.1632
mixed,64,3,0.0469,4.0,64,0,512,2048,584,1060.027,3293.808,1389.402,0.1475
mixed,64,3,0.0469,4.0,64,0,1024,4096,1168,1936.281,6395.876,2607.541,0.1505
mixed,64,3,0.0469,4.0,64,0,2048,8192,2336,3733.011,12610.731,4953.099,0.1374
mixed,64,3,0.0469,4.0,64,0,4096,16384,4672,7270.658,25019.353,9884.827,0.1473
mixed,64,3,0.0469,4.0,64,512,128,512,146,521.631,1102.011,637.919,0.2004
mixed,64,3,0.0469,4.0,64,512,256,1024,292,759.994,1877.529,936.064,0.1576
mixed,64,3,0.0469,4.0,64,512,512,2048,584,1197.821,3425.586,1593.241,0.1775
mixed,64,3,0.0469,4.0,64,512,1024,4096,1168,2078.293,6540.581,2685.398,0.1361
mixed,64,3,0.0469,4.0,64,512,2048,8192,2336,3865.552,12735.628,5307.342,0.1625
mixed,64,3,0.0469,4.0,64,512,4096,16384,4672,7407.62,25167.806,10561.237,0.1776
mixed,64,3,0.0469,4.0,64,1024,128,512,146,601.724,1183.516,698.142,0.1657
mixed,64,3,0.0469,4.0,64,1024,256,1024,292,839.516,1957.015,993.821,0.1381
mixed,64,3,0.0469,4.0,64,1024,512,2048,584,1281.115,3506.864,1572.538,0.1309
mixed,64,3,0.0469,4.0,64,1024,1024,4096,1168,2150.488,6608.039,2695.893,0.1224
mixed,64,3,0.0469,4.0,64,1024,2048,8192,2336,3945.936,12830.766,5441.515,0.1683
mixed,64,3,0.0469,4.0,64,1024,4096,16384,4672,7477.218,25243.001,10480.63,0.1691
mixed,64,3,0.0469,4.0,64,2048,128,512,146,703.071,1283.707,807.133,0.1792
mixed,64,3,0.0469,4.0,64,2048,256,1024,292,945.693,2061.75,1101.018,0.1392
mixed,64,3,0.0469,4.0,64,2048,512,2048,584,1383.836,3605.392,1709.594,0.1466
mixed,64,3,0.0469,4.0,64,2048,1024,4096,1168,2257.207,6712.711,3055.027,0.1791
mixed,64,3,0.0469,4.0,64,2048,2048,8192,2336,4046.925,12930.929,5345.259,0.1461
mixed,64,3,0.0469,4.0,64,2048,4096,16384,4672,7599.296,25355.616,10188.889,0.1458
mixed,64,3,0.0469,4.0,64,4096,128,512,146,902.59,1484.379,1015.613,0.1943
mixed,64,3,0.0469,4.0,64,4096,256,1024,292,1145.34,2258.423,1336.349,0.1716
mixed,64,3,0.0469,4.0,64,4096,512,2048,584,1585.4,3814.579,1945.017,0.1613
mixed,64,3,0.0469,4.0,64,4096,1024,4096,1168,2457.11,6916.262,3126.196,0.15
mixed,64,3,0.0469,4.0,64,4096,2048,8192,2336,4250.032,13131.467,5809.61,0.1756
mixed,64,3,0.0469,4.0,64,4096,4096,16384,4672,7795.685,25554.495,10928.85,0.1764
mixed,64,3,0.0469,4.0,64,8192,128,512,146,1300.889,1884.407,1413.981,0.1938
mixed,64,3,0.0469,4.0,64,8192,256,1024,292,1541.786,2652.245,1703.226,0.1454
mixed,64,3,0.0469,4.0,64,8192,512,2048,584,1978.233,4206.605,2337.911,0.1614
mixed,64,3,0.0469,4.0,64,8192,1024,4096,1168,2855.764,7313.156,3419.954,0.1266
mixed,64,3,0.0469,4.0,64,8192,2048,8192,2336,4648.586,13514.318,5827.977,0.133
mixed,64,3,0.0469,4.0,64,8192,4096,16384,4672,8188.189,25948.442,10298.039,0.1188
mixed,64,3,0.0469,4.0,128,0,128,512,146,405.183,983.547,497.852,0.1602
mixed,64,3,0.0469,4.0,128,0,256,1024,292,642.845,1760.729,825.629,0.1635
mixed,64,3,0.0469,4.0,128,0,512,2048,584,1082.557,3310.644,1478.553,0.1777
mixed,64,3,0.0469,4.0,128,0,1024,4096,1168,1961.496,6420.71,2610.198,0.1455
mixed,64,3,0.0469,4.0,128,0,2048,8192,2336,3757.073,12635.983,5231.69,0.1661
mixed,64,3,0.0469,4.0,128,0,4096,16384,4672,7292.322,25064.862,9786.652,0.1403
mixed,64,3,0.0469,4.0,128,512,128,512,146,649.694,1231.963,754.59,0.1802
mixed,64,3,0.0469,4.0,128,512,256,1024,292,889.116,2004.185,1056.923,0.1505
mixed,64,3,0.0469,4.0,128,512,512,2048,584,1324.539,3559.636,1663.354,0.1516
mixed,64,3,0.0469,4.0,128,512,1024,4096,1168,2202.679,6668.645,2962.515,0.1701
mixed,64,3,0.0469,4.0,128,512,2048,8192,2336,3991.442,12872.368,5341.58,0.152
mixed,64,3,0.0469,4.0,128,512,4096,16384,4672,7535.235,25299.396,10424.344,0.1626
mixed,64,3,0.0469,4.0,128,1024,128,512,146,747.487,1330.587,840.764,0.16
mixed,64,3,0.0469,4.0,128,1024,256,1024,292,989.882,2106.104,1140.602,0.135
mixed,64,3,0.0469,4.0,128,1024,512,2048,584,1424.602,3658.13,1755.065,0.148
mixed,64,3,0.0469,4.0,128,1024,1024,4096,1168,2299.991,6757.254,2907.22,0.1362
mixed,64,3,0.0469,4.0,128,1024,2048,8192,2336,4093.746,12971.697,5551.181,0.1642
mixed,64,3,0.0469,4.0,128,1024,4096,16384,4672,7636.385,25383.295,10636.6,0.1691
mixed,64,3,0.0469,4.0,128,2048,128,512,146,952.988,1535.098,1069.467,0.2001
mixed,64,3,0.0469,4.0,128,2048,256,1024,292,1190.779,2312.054,1383.194,0.1716
mixed,64,3,0.0469,4.0,128,2048,512,2048,584,1632.89,3855.793,1997.816,0.1642
mixed,64,3,0.0469,4.0,128,2048,1024,4096,1168,2503.352,6962.278,3228.148,0.1625
mixed,64,3,0.0469,4.0,128,2048,2048,8192,2336,4287.92,13178.574,5632.232,0.1512
mixed,64,3,0.0469,4.0,128,2048,4096,16384,4672,7844.704,25584.481,9942.681,0.1183
mixed,64,3,0.0469,4.0,128,4096,128,512,146,1346.233,1930.133,1459.481,0.194
mixed,64,3,0.0469,4.0,128,4096,256,1024,292,1590.364,2705.845,1765.463,0.157
mixed,64,3,0.0469,4.0,128,4096,512,2048,584,2028.984,4255.024,2492.853,0.2084
mixed,64,3,0.0469,4.0,128,4096,1024,4096,1168,2903.861,7361.091,3469.746,0.127
mixed,64,3,0.0469,4.0,128,4096,2048,8192,2336,4691.599,13562.156,6002.378,0.1478
mixed,64,3,0.0469,4.0,128,4096,4096,16384,4672,8236.609,25987.615,11146.199,0.1639
mixed,64,3,0.0469,4.0,128,8192,128,512,146,2137.655,2721.238,2245.654,0.1851
mixed,64,3,0.0469,4.0,128,8192,256,1024,292,2378.615,3498.098,2562.359,0.1641
mixed,64,3,0.0469,4.0,128,8192,512,2048,584,2819.508,5046.346,3227.441,0.1832
mixed,64,3,0.0469,4.0,128,8192,1024,4096,1168,3687.442,8148.418,4414.734,0.163
mixed,64,3,0.0469,4.0,128,8192,2048,8192,2336,5481.611,14362.794,7085.605,0.1806
mixed,64,3,0.0469,4.0,128,8192,4096,16384,4672,9024.863,26778.461,11638.356,0.1472
mixed,64,3,0.0469,4.0,256,0,128,512,146,702.014,1280.955,810.525,0.1874
mixed,64,3,0.0469,4.0,256,0,256,1024,292,941.691,2053.753,1124.315,0.1642
mixed,64,3,0.0469,4.0,256,0,512,2048,584,1378.106,3610.609,1749.946,0.1666
mixed,64,3,0.0469,4.0,256,0,1024,4096,1168,2250.392,6715.335,2840.534,0.1322
mixed,64,3,0.0469,4.0,256,0,2048,8192,2336,4044.272,12919.987,5248.618,0.1357
mixed,64,3,0.0469,4.0,256,0,4096,16384,4672,7594.468,25342.53,9986.971,0.1348
mixed,64,3,0.0469,4.0,256,512,128,512,146,902.14,1483.961,1030.205,0.2201
mixed,64,3,0.0469,4.0,256,512,256,1024,292,1141.436,2258.328,1304.987,0.1464
mixed,64,3,0.0469,4.0,256,512,512,2048,584,1582.458,3812.112,1913.626,0.1485
mixed,64,3,0.0469,4.0,256,512,1024,4096,1168,2453.972,6916.356,3189.458,0.1648
mixed,64,3,0.0469,4.0,256,512,2048,8192,2336,4245.104,13135.407,5551.404,0.1469
mixed,64,3,0.0469,4.0,256,512,4096,16384,4672,7786.113,25545.928,10009.278,0.1252
mixed,64,3,0.0469,4.0,256,1024,128,512,146,1100.317,1681.884,1215.356,0.1978
mixed,64,3,0.0469,4.0,256,1024,256,1024,292,1338.364,2456.698,1513.37,0.1565
mixed,64,3,0.0469,4.0,256,1024,512,2048,584,1778.456,4012.113,2110.741,0.1488
mixed,64,3,0.0469,4.0,256,1024,1024,4096,1168,2657.013,7110.821,3258.386,0.135
mixed,64,3,0.0469,4.0,256,1024,2048,8192,2336,4439.6,13328.779,5754.762,0.148
mixed,64,3,0.0469,4.0,256,1024,4096,16384,4672,7988.802,25754.179,11124.152,0.1765
mixed,64,3,0.0469,4.0,256,2048,128,512,146,1498.395,2080.632,1609.785,0.1913
mixed,64,3,0.0469,4.0,256,2048,256,1024,292,1738.008,2853.941,1909.175,0.1534
mixed,64,3,0.0469,4.0,256,2048,512,2048,584,2177.495,4411.439,2575.572,0.1782
mixed,64,3,0.0469,4.0,256,2048,1024,4096,1168,3050.323,7506.051,3662.804,0.1375
mixed,64,3,0.0469,4.0,256,2048,2048,8192,2336,4840.044,13724.747,5935.242,0.1233
mixed,64,3,0.0469,4.0,256,2048,4096,16384,4672,8380.449,26146.566,10765.943,0.1343
mixed,64,3,0.0469,4.0,256,4096,128,512,146,2286.711,2871.735,2407.767,0.2069
mixed,64,3,0.0469,4.0,256,4096,256,1024,292,2524.375,3650.066,2703.763,0.1594
mixed,64,3,0.0469,4.0,256,4096,512,2048,584,2965.236,5192.17,3343.827,0.17
mixed,64,3,0.0469,4.0,256,4096,1024,4096,1168,3841.297,8303.074,4450.926,0.1366
mixed,64,3,0.0469,4.0,256,4096,2048,8192,2336,5634.348,14512.108,6730.086,0.1234
mixed,64,3,0.0469,4.0,256,4096,4096,16384,4672,9174.526,26936.764,11891.317,0.153
mixed,64,3,0.0469,4.0,256,8192,128,512,146,3865.489,4446.097,3971.696,0.1829
mixed,64,3,0.0469,4.0,256,8192,256,1024,292,4103.47,5226.957,4305.427,0.1798
mixed,64,3,0.0469,4.0,256,8192,512,2048,584,4550.704,6773.286,4861.964,0.14
mixed,64,3,0.0469,4.0,256,8192,1024,4096,1168,5422.989,9880.184,6059.529,0.1428
mixed,64,3,0.0469,4.0,256,8192,2048,8192,2336,7217.539,16082.855,8565.887,0.1521
mixed,64,3,0.0469,4.0,256,8192,4096,16384,4672,10752.92,28504.57,12963.952,0.1246
mixed,64,3,0.0469,4.0,512,0,128,512,146,783.261,1361.788,882.782,0.172
mixed,64,3,0.0469,4.0,512,0,256,1024,292,1021.276,2141.051,1184.763,0.146
mixed,64,3,0.0469,4.0,512,0,512,2048,584,1461.403,3689.94,1856.985,0.1775
mixed,64,3,0.0469,4.0,512,0,1024,4096,1168,2337.94,6793.991,3067.958,0.1638
mixed,64,3,0.0469,4.0,512,0,2048,8192,2336,4126.705,13008.109,5261.102,0.1277
mixed,64,3,0.0469,4.0,512,0,4096,16384,4672,7668.674,25430.304,10872.857,0.1804
mixed,64,3,0.0469,4.0,512,512,128,512,146,1202.683,1777.37,1315.644,0.1966
mixed,64,3,0.0469,4.0,512,512,256,1024,292,1439.194,2557.078,1580.825,0.1267
mixed,64,3,0.0469,4.0,512,512,512,2048,584,1881.176,4105.292,2176.249,0.1327
mixed,64,3,0.0469,4.0,512,512,1024,4096,1168,2752.149,7218.982,3449.684,0.1562
mixed,64,3,0.0469,4.0,512,512,2048,8192,2336,4548.017,13424.109,5852.073,0.1469
mixed,64,3,0.0469,4.0,512,512,4096,16384,4672,8085.157,25846.883,10187.643,0.1184
mixed,64,3,0.0469,4.0,512,1024,128,512,146,1596.729,2180.28,1699.064,0.1754
mixed,64,3,0.0469,4.0,512,1024,256,1024,292,1841.24,2951.606,2047.543,0.1858
mixed,64,3,0.0469,4.0,512,1024,512,2048,584,2273.336,4503.76,2542.807,0.1208
mixed,64,3,0.0469,4.0,512,1024,1024,4096,1168,3149.27,7615.556,3846.961,0.1562
mixed,64,3,0.0469,4.0,512,1024,2048,8192,2336,4941.549,13829.324,6245.383,0.1467
mixed,64,3,0.0469,4.0,512,1024,4096,16384,4672,8485.923,26236.005,11111.128,0.1479
mixed,64,3,0.0469,4.0,512,2048,128,512,146,2391.863,2972.084,2515.543,0.2132
mixed,64,3,0.0469,4.0,512,2048,256,1024,292,2634.294,3747.632,2825.463,0.1717
mixed,64,3,0.0469,4.0,512,2048,512,2048,584,3074.869,5302.731,3371.092,0.133
mixed,64,3,0.0469,4.0,512,2048,1024,4096,1168,3947.408,8398.626,4510.511,0.1265
mixed,64,3,0.0469,4.0,512,2048,2048,8192,2336,5737.035,14620.491,7309.763,0.177
mixed,64,3,0.0469,4.0,512,2048,4096,16384,4672,9280.923,27054.976,11660.599,0.1339
mixed,64,3,0.0469,4.0,512,4096,128,512,146,3970.963,4566.545,4075.474,0.1755
mixed,64,3,0.0469,4.0,512,4096,256,1024,292,4217.934,5303.436,4392.465,0.1608
mixed,64,3,0.0469,4.0,512,4096,512,2048,584,4640.301,6871.592,5072.078,0.1935
mixed,64,3,0.0469,4.0,512,4096,1024,4096,1168,5530.123,9993.371,6208.744,0.152
mixed,64,3,0.0469,4.0,512,4096,2048,8192,2336,7329.957,16188.391,8340.61,0.1141
mixed,64,3,0.0469,4.0,512,4096,4096,16384,4672,10865.401,28614.077,14256.911,0.1911
mixed,64,3,0.0469,4.0,512,8192,128,512,146,7124.614,7701.508,7264.87,0.2431
mixed,64,3,0.0469,4.0,512,8192,256,1024,292,7372.005,8472.257,7593.288,0.2011
mixed,64,3,0.0469,4.0,512,8192,512,2048,584,7815.426,10025.849,8146.145,0.1496
mixed,64,3,0.0469,4.0,512,8192,1024,4096,1168,8687.81,13147.347,9424.314,0.1652
mixed,64,3,0.0469,4.0,512,8192,2048,8192,2336,10462.651,19337.5,11623.1,0.1308
mixed,64,3,0.0469,4.0,512,8192,4096,16384,4672,14031.952,31782.672,16048.579,0.1136
mixed,64,3,0.0469,4.0,1024,0,128,512,146,1488.698,2201.656,1677.563,0.2649
mixed,64,3,0.0469,4.0,1024,0,256,1024,292,1808.602,2926.325,1965.336,0.1402
mixed,64,3,0.0469,4.0,1024,0,512,2048,584,2244.377,4479.374,2607.575,0.1625
mixed,64,3,0.0469,4.0,1024,0,1024,4096,1168,3127.543,7584.166,3756.754,0.1412
mixed,64,3,0.0469,4.0,1024,0,2048,8192,2336,4920.846,13787.633,5803.721,0.0996
mixed,64,3,0.0469,4.0,1024,0,4096,16384,4672,8064.771,26557.222,11244.823,0.172
mixed,64,3,0.0469,4.0,1024,512,128,512,146,2424.12,2997.527,2540.245,0.2025
mixed,64,3,0.0469,4.0,1024,512,256,1024,292,2662.773,3775.314,2847.894,0.1664
mixed,64,3,0.0469,4.0,1024,512,512,2048,584,3105.493,5329.26,3401.556,0.1331
mixed,64,3,0.0469,4.0,1024,512,1024,4096,1168,3970.928,8434.082,4645.713,0.1512
mixed,64,3,0.0469,4.0,1024,512,2048,8192,2336,5769.128,14637.964,6930.79,0.131
mixed,64,3,0.0469,4.0,1024,512,4096,16384,4672,8796.612,27394.4,11522.263,0.1466
mixed,64,3,0.0469,4.0,1024,1024,128,512,146,3126.9,3697.458,3249.623,0.2151
mixed,64,3,0.0469,4.0,1024,1024,256,1024,292,3462.195,4582.222,3607.058,0.1293
mixed,64,3,0.0469,4.0,1024,1024,512,2048,584,3905.843,6126.697,4290.097,0.173
mixed,64,3,0.0469,4.0,1024,1024,1024,4096,1168,4768.302,9236.637,5344.942,0.1291
mixed,64,3,0.0469,4.0,1024,1024,2048,8192,2336,6567.049,15448.392,7479.397,0.1027
mixed,64,3,0.0469,4.0,1024,1024,4096,16384,4672,9486.205,28172.891,10625.721,0.061
mixed,64,3,0.0469,4.0,1024,2048,128,512,146,3786.418,4304.049,4926.799,2.2031
mixed,64,3,0.0469,4.0,1024,2048,256,1024,292,5037.903,6152.074,5199.981,0.1455
mixed,64,3,0.0469,4.0,1024,2048,512,2048,584,5472.043,7711.172,5833.611,0.1615
mixed,64,3,0.0469,4.0,1024,2048,1024,4096,1168,6351.211,10805.852,7065.96,0.1605
mixed,64,3,0.0469,4.0,1024,2048,2048,8192,2336,8148.032,17015.142,8951.554,0.0906
mixed,64,3,0.0469,4.0,1024,2048,4096,16384,4672,10760.217,29594.84,14389.039,0.1927
mixed,64,3,0.0469,4.0,1024,4096,128,512,146,7354.758,7920.676,7486.245,0.2323
mixed,64,3,0.0469,4.0,1024,4096,256,1024,292,8196.578,9269.57,8367.715,0.1595
mixed,64,3,0.0469,4.0,1024,4096,512,2048,584,8605.311,10844.189,8871.393,0.1188
mixed,64,3,0.0469,4.0,1024,4096,1024,4096,1168,9468.286,13949.23,9570.237,0.0228
mixed,64,3,0.0469,4.0,1024,4096,2048,8192,2336,10635.803,19103.743,11656.306,0.1205
mixed,64,3,0.0469,4.0,1024,4096,4096,16384,4672,13551.73,32986.675,14498.925,0.0487
mixed,64,3,0.0469,4.0,1024,8192,128,512,146,10406.365,12347.413,14361.967,2.0379
mixed,64,3,0.0469,4.0,1024,8192,256,1024,292,14464.816,15556.363,13282.101,-1.0835
mixed,64,3,0.0469,4.0,1024,8192,512,2048,584,13530.99,17149.314,13627.505,0.0267
mixed,64,3,0.0469,4.0,1024,8192,1024,4096,1168,14129.264,19101.598,16402.442,0.4572
mixed,64,3,0.0469,4.0,1024,8192,2048,8192,2336,17516.102,23970.416,16435.596,-0.1674
mixed,64,3,0.0469,4.0,1024,8192,4096,16384,4672,18597.346,39291.901,19115.904,0.0251
mixed,64,3,0.0469,4.0,2048,0,128,512,146,3190.518,4441.745,3194.455,0.0031
mixed,64,3,0.0469,4.0,2048,0,256,1024,292,3331.125,5580.013,3473.46,0.0633
mixed,64,3,0.0469,4.0,2048,0,512,2048,584,3747.637,7260.165,4227.699,0.1367
mixed,64,3,0.0469,4.0,2048,0,1024,4096,1168,4541.393,8570.946,4965.937,0.1054
mixed,64,3,0.0469,4.0,2048,0,2048,8192,2336,6112.746,14037.938,7041.449,0.1172
mixed,64,3,0.0469,4.0,2048,0,4096,16384,4672,9263.617,25234.156,12436.116,0.1986
mixed,64,3,0.0469,4.0,2048,512,128,512,146,4237.427,4753.137,4307.119,0.1351
mixed,64,3,0.0469,4.0,2048,512,256,1024,292,6041.388,7158.792,6208.908,0.1499
mixed,64,3,0.0469,4.0,2048,512,512,2048,584,5932.49,6893.545,5014.702,-0.955
mixed,64,3,0.0469,4.0,2048,512,1024,4096,1168,5626.221,9652.13,7050.762,0.3538
mixed,64,3,0.0469,4.0,2048,512,2048,8192,2336,7919.11,16109.067,8197.125,0.0339
mixed,64,3,0.0469,4.0,2048,512,4096,16384,4672,10415.135,26366.119,12300.283,0.1182
mixed,64,3,0.0469,4.0,2048,1024,128,512,146,5364.814,5872.333,5453.615,0.175
mixed,64,3,0.0469,4.0,2048,1024,256,1024,292,5580.558,6579.434,7383.815,1.8053
mixed,64,3,0.0469,4.0,2048,1024,512,2048,584,8061.666,7988.899,6222.923,
mixed,64,3,0.0469,4.0,2048,1024,1024,4096,1168,6759.622,10784.766,9955.553,0.794
mixed,64,3,0.0469,4.0,2048,1024,2048,8192,2336,9598.911,16289.804,9467.297,-0.0197
mixed,64,3,0.0469,4.0,2048,1024,4096,16384,4672,11537.532,32500.153,13463.219,0.0919
mixed,64,3,0.0469,4.0,2048,2048,128,512,146,8693.824,11146.492,9442.019,0.3051
mixed,64,3,0.0469,4.0,2048,2048,256,1024,292,7837.286,8831.045,7935.492,0.0988
mixed,64,3,0.0469,4.0,2048,2048,512,2048,584,8248.612,11511.801,11587.131,1.0231
mixed,64,3,0.0469,4.0,2048,2048,1024,4096,1168,9049.185,13058.869,9530.497,0.12
mixed,64,3,0.0469,4.0,2048,2048,2048,8192,2336,10654.557,20473.342,14967.888,0.4393
mixed,64,3,0.0469,4.0,2048,2048,4096,16384,4672,13883.026,29733.889,20883.708,0.4417
mixed,64,3,0.0469,4.0,2048,4096,128,512,146,12159.546,12674.809,17359.174,10.0912
mixed,64,3,0.0469,4.0,2048,4096,256,1024,292,12365.723,13381.301,12550.488,0.1819
mixed,64,3,0.0469,4.0,2048,4096,512,2048,584,12763.48,16056.623,17937.508,1.5712
mixed,64,3,0.0469,4.0,2048,4096,1024,4096,1168,13550.613,17534.725,14186.289,0.1596
mixed,64,3,0.0469,4.0,2048,4096,2048,8192,2336,15155.058,27527.98,19793.091,0.3749
mixed,64,3,0.0469,4.0,2048,4096,4096,16384,4672,18332.773,34216.814,19962.846,0.1026
mixed,64,3,0.0469,4.0,2048,8192,128,512,146,20903.357,21647.958,30287.135,12.6024
mixed,64,3,0.0469,4.0,2048,8192,256,1024,292,21099.996,22300.662,21411.808,0.2597
mixed,64,3,0.0469,4.0,2048,8192,512,2048,584,21680.221,23677.141,21859.861,0.09
mixed,64,3,0.0469,4.0,2048,8192,1024,4096,1168,28522.72,26405.167,23075.737,
mixed,64,3,0.0469,4.0,2048,8192,2048,8192,2336,24119.06,42212.028,25194.26,0.0594
mixed,64,3,0.0469,4.0,2048,8192,4096,16384,4672,27327.02,43013.014,29042.403,0.1094
pure,64,4,0.0625,4.0,0,0,128,512,152,272.286,777.085,341.535,0.1372
pure,64,4,0.0625,4.0,0,0,256,1024,304,556.382,1665.34,706.685,0.1355
pure,64,4,0.0625,4.0,0,0,512,2048,608,1039.421,3218.039,1427.322,0.178
pure,64,4,0.0625,4.0,0,0,1024,4096,1216,1960.408,6319.082,2672.025,0.1633
pure,64,4,0.0625,4.0,0,0,2048,8192,2432,3803.73,12538.197,5037.773,0.1413
pure,64,4,0.0625,4.0,0,0,4096,16384,4864,7489.098,24957.363,10452.477,0.1696
mixed,64,4,0.0625,4.0,16,0,128,512,152,343.584,919.871,455.965,0.195
mixed,64,4,0.0625,4.0,16,0,256,1024,304,584.828,1698.394,786.081,0.1807
mixed,64,4,0.0625,4.0,16,0,512,2048,608,1064.764,3246.837,1435.194,0.1698
mixed,64,4,0.0625,4.0,16,0,1024,4096,1216,1986.455,6355.243,2632.408,0.1479
mixed,64,4,0.0625,4.0,16,0,2048,8192,2432,3833.747,12557.658,5282.863,0.1661
mixed,64,4,0.0625,4.0,16,0,4096,16384,4864,7522.056,24970.61,10263.583,0.1571
mixed,64,4,0.0625,4.0,16,512,128,512,152,394.493,975.966,504.926,0.1899
mixed,64,4,0.0625,4.0,16,512,256,1024,304,635.549,1749.562,809.022,0.1557
mixed,64,4,0.0625,4.0,16,512,512,2048,608,1115.833,3304.852,1486.714,0.1694
mixed,64,4,0.0625,4.0,16,512,1024,4096,1216,2047.802,6403.308,2829.208,0.1794
mixed,64,4,0.0625,4.0,16,512,2048,8192,2432,3880.947,12616.122,5334.286,0.1664
mixed,64,4,0.0625,4.0,16,512,4096,16384,4864,7576.295,25032.372,9889.985,0.1325
mixed,64,4,0.0625,4.0,16,1024,128,512,152,415.678,993.724,522.109,0.1841
mixed,64,4,0.0625,4.0,16,1024,256,1024,304,659.549,1775.256,864.412,0.1836
mixed,64,4,0.0625,4.0,16,1024,512,2048,608,1139.388,3321.682,1506.301,0.1681
mixed,64,4,0.0625,4.0,16,1024,1024,4096,1216,2066.52,6428.11,2607.319,0.124
mixed,64,4,0.0625,4.0,16,1024,2048,8192,2432,3904.914,12637.788,5137.103,0.1411
mixed,64,4,0.0625,4.0,16,1024,4096,16384,4864,7595.177,25063.119,10099.808,0.1434
mixed,64,4,0.0625,4.0,16,2048,128,512,152,441.536,1019.165,549.115,0.1862
mixed,64,4,0.0625,4.0,16,2048,256,1024,304,680.381,1797.018,889.115,0.1869
mixed,64,4,0.0625,4.0,16,2048,512,2048,608,1163.099,3344.822,1491.128,0.1504
mixed,64,4,0.0625,4.0,16,2048,1024,4096,1216,2086.331,6446.604,2872.022,0.1802
mixed,64,4,0.0625,4.0,16,2048,2048,8192,2432,3929.011,12653.24,5251.409,0.1516
mixed,64,4,0.0625,4.0,16,2048,4096,16384,4864,7613.284,25087.605,9826.719,0.1267
mixed,64,4,0.0625,4.0,16,4096,128,512,152,496.16,1076.892,630.941,0.2321
mixed,64,4,0.0625,4.0,16,4096,256,1024,304,737.531,1855.004,888.924,0.1355
mixed,64,4,0.0625,4.0,16,4096,512,2048,608,1215.131,3401.558,1582.427,0.168
mixed,64,4,0.0625,4.0,16,4096,1024,4096,1216,2142.074,6508.105,2761.208,0.1418
mixed,64,4,0.0625,4.0,16,4096,2048,8192,2432,3988.241,12724.438,5143.154,0.1322
mixed,64,4,0.0625,4.0,16,4096,4096,16384,4864,7672.615,25148.438,9896.102,0.1272
mixed,64,4,0.0625,4.0,16,8192,128,512,152,604.638,1184.507,724.957,0.2075
mixed,64,4,0.0625,4.0,16,8192,256,1024,304,847.197,1957.37,1035.741,0.1698
mixed,64,4,0.0625,4.0,16,8192,512,2048,608,1330.876,3508.5,1646.587,0.145
mixed,64,4,0.0625,4.0,16,8192,1024,4096,1216,2249.558,6617.516,2883.128,0.145
mixed,64,4,0.0625,4.0,16,8192,2048,8192,2432,4093.106,12840.02,5350.924,0.1438
mixed,64,4,0.0625,4.0,16,8192,4096,16384,4864,7780.519,25248.914,10530.46,0.1574
mixed,64,4,0.0625,4.0,32,0,128,512,152,382.847,961.372,480.638,0.169
mixed,64,4,0.0625,4.0,32,0,256,1024,304,622.365,1736.797,780.095,0.1415
mixed,64,4,0.0625,4.0,32,0,512,2048,608,1105.116,3287.445,1472.284,0.1682
mixed,64,4,0.0625,4.0,32,0,1024,4096,1216,2027.961,6393.77,2699.96,0.1539
mixed,64,4,0.0625,4.0,32,0,2048,8192,2432,3868.275,12601.592,5257.616,0.1591
mixed,64,4,0.0625,4.0,32,0,4096,16384,4864,7560.677,25023.957,9896.032,0.1337
mixed,64,4,0.0625,4.0,32,512,128,512,152,440.608,1016.734,555.679,0.1997
mixed,64,4,0.0625,4.0,32,512,256,1024,304,678.171,1790.074,882.173,0.1835
mixed,64,4,0.0625,4.0,32,512,512,2048,608,1160.858,3345.972,1449.339,0.132
mixed,64,4,0.0625,4.0,32,512,1024,4096,1216,2086.04,6447.336,2772.277,0.1573
mixed,64,4,0.0625,4.0,32,512,2048,8192,2432,3924.081,12662.362,5086.544,0.133
mixed,64,4,0.0625,4.0,32,512,4096,16384,4864,7610.823,25084.115,10131.678,0.1443
mixed,64,4,0.0625,4.0,32,1024,128,512,152,510.847,1087.645,621.02,0.191
mixed,64,4,0.0625,4.0,32,1024,256,1024,304,750.431,1864.09,930.876,0.162
mixed,64,4,0.0625,4.0,32,1024,512,2048,608,1231.324,3415.575,1488.379,0.1177
mixed,64,4,0.0625,4.0,32,1024,1024,4096,1216,2155.225,6528.459,2992.598,0.1915
mixed,64,4,0.0625,4.0,32,1024,2048,8192,2432,4002.323,12739.961,5343.884,0.1535
mixed,64,4,0.0625,4.0,32,1024,4096,16384,4864,7682.245,25170.67,10397.695,0.1553
mixed,64,4,0.0625,4.0,32,2048,128,512,152,543.967,1122.462,674.878,0.2263
mixed,64,4,0.0625,4.0,32,2048,256,1024,304,786.974,1894.46,969.213,0.1646
mixed,64,4,0.0625,4.0,32,2048,512,2048,608,1263.164,3450.067,1597.694,0.153
mixed,64,4,0.0625,4.0,32,2048,1024,4096,1216,2193.655,6562.025,2861.013,0.1528
mixed,64,4,0.0625,4.0,32,2048,2048,8192,2432,4024.691,12758.904,5605.611,0.181
mixed,64,4,0.0625,4.0,32,2048,4096,16384,4864,7719.076,25176.845,10402.938,0.1537
mixed,64,4,0.0625,4.0,32,4096,128,512,152,652.221,1233.917,771.55,0.2051
mixed,64,4,0.0625,4.0,32,4096,256,1024,304,892.446,2009.594,1079.355,0.1673
mixed,64,4,0.0625,4.0,32,4096,512,2048,608,1373.948,3560.404,1678.972,0.1395
mixed,64,4,0.0625,4.0,32,4096,1024,4096,1216,2298.999,6664.266,2935.126,0.1457
mixed,64,4,0.0625,4.0,32,4096,2048,8192,2432,4145.201,12885.012,5397.613,0.1433
mixed,64,4,0.0625,4.0,32,4096,4096,16384,4864,7831.494,25295.601,9986.69,0.1234
mixed,64,4,0.0625,4.0,32,8192,128,512,152,859.612,1443.577,977.343,0.2016
mixed,64,4,0.0625,4.0,32,8192,256,1024,304,1103.966,2221.914,1262.746,0.142
mixed,64,4,0.0625,4.0,32,8192,512,2048,608,1589.372,3771.058,1973.05,0.1759
mixed,64,4,0.0625,4.0,32,8192,1024,4096,1216,2507.8,6872.264,3120.471,0.1404
mixed,64,4,0.0625,4.0,32,8192,2048,8192,2432,4348.977,13085.654,5780.46,0.1638
mixed,64,4,0.0625,4.0,32,8192,4096,16384,4864,8038.916,25503.86,10788.828,0.1575
mixed,64,4,0.0625,4.0,64,0,128,512,152,387.068,964.605,506.526,0.2068
mixed,64,4,0.0625,4.0,64,0,256,1024,304,626.079,1738.779,804.573,0.1604
mixed,64,4,0.0625,4.0,64,0,512,2048,608,1109.179,3290.934,1446.171,0.1545
mixed,64,4,0.0625,4.0,64,0,1024,4096,1216,2031.929,6398.218,2813.398,0.179
mixed,64,4,0.0625,4.0,64,0,2048,8192,2432,3871.537,12604.407,5035.662,0.1333
mixed,64,4,0.0625,4.0,64,0,4096,16384,4864,7563.689,25021.745,10929.979,0.1928
mixed,64,4,0.0625,4.0,64,512,128,512,152,523.167,1102.013,656.989,0.2312
mixed,64,4,0.0625,4.0,64,512,256,1024,304,765.565,1879.034,948.288,0.1641
mixed,64,4,0.0625,4.0,64,512,512,2048,608,1244.699,3431.158,1567.804,0.1478
mixed,64,4,0.0625,4.0,64,512,1024,4096,1216,2173.306,6533.578,2810.136,0.1461
mixed,64,4,0.0625,4.0,64,512,2048,8192,2432,4022.802,12738.392,5167.951,0.1314
mixed,64,4,0.0625,4.0,64,512,4096,16384,4864,7707.21,25174.0,10457.379,0.1575
mixed,64,4,0.0625,4.0,64,1024,128,512,152,600.415,1181.724,714.108,0.1956
mixed,64,4,0.0625,4.0,64,1024,256,1024,304,844.572,1957.496,992.287,0.1327
mixed,64,4,0.0625,4.0,64,1024,512,2048,608,1323.131,3512.021,1655.802,0.152
mixed,64,4,0.0625,4.0,64,1024,1024,4096,1216,2255.352,6612.106,2975.318,0.1653
mixed,64,4,0.0625,4.0,64,1024,2048,8192,2432,4086.163,12825.047,5374.384,0.1474
mixed,64,4,0.0625,4.0,64,1024,4096,16384,4864,7779.75,25227.636,10448.448,0.153
mixed,64,4,0.0625,4.0,64,2048,128,512,152,705.306,1284.284,811.742,0.1838
mixed,64,4,0.0625,4.0,64,2048,256,1024,304,946.654,2058.748,1114.397,0.1508
mixed,64,4,0.0625,4.0,64,2048,512,2048,608,1427.578,3613.203,1789.947,0.1658
mixed,64,4,0.0625,4.0,64,2048,1024,4096,1216,2357.593,6713.64,2963.415,0.1391
mixed,64,4,0.0625,4.0,64,2048,2048,8192,2432,4190.671,12933.43,5477.681,0.1472
mixed,64,4,0.0625,4.0,64,2048,4096,16384,4864,7886.631,25335.183,10049.822,0.124
mixed,64,4,0.0625,4.0,64,4096,128,512,152,907.358,1487.226,1018.108,0.191
mixed,64,4,0.0625,4.0,64,4096,256,1024,304,1149.948,2263.258,1352.569,0.182
mixed,64,4,0.0625,4.0,64,4096,512,2048,608,1631.964,3815.925,1933.337,0.138
mixed,64,4,0.0625,4.0,64,4096,1024,4096,1216,2555.257,6919.72,3289.559,0.1682
mixed,64,4,0.0625,4.0,64,4096,2048,8192,2432,4401.3,13122.393,5627.149,0.1406
mixed,64,4,0.0625,4.0,64,4096,4096,16384,4864,8080.326,25547.603,10540.481,0.1408
mixed,64,4,0.0625,4.0,64,8192,128,512,152,1303.676,1881.852,1412.89,0.1889
mixed,64,4,0.0625,4.0,64,8192,256,1024,304,1544.891,2658.808,1723.641,0.1605
mixed,64,4,0.0625,4.0,64,8192,512,2048,608,2024.825,4204.435,2301.976,0.1272
mixed,64,4,0.0625,4.0,64,8192,1024,4096,1216,2948.183,7316.168,3687.379,0.1692
mixed,64,4,0.0625,4.0,64,8192,2048,8192,2432,4793.326,13528.726,6122.159,0.1521
mixed,64,4,0.0625,4.0,64,8192,4096,16384,4864,8482.407,25929.931,11030.91,0.1461
mixed,64,4,0.0625,4.0,128,0,128,512,152,409.501,982.812,531.616,0.213
mixed,64,4,0.0625,4.0,128,0,256,1024,304,647.869,1763.804,850.877,0.1819
mixed,64,4,0.0625,4.0,128,0,512,2048,608,1131.227,3311.091,1497.21,0.1679
mixed,64,4,0.0625,4.0,128,0,1024,4096,1216,2058.84,6419.372,2773.431,0.1639
mixed,64,4,0.0625,4.0,128,0,2048,8192,2432,3895.283,12631.001,5373.07,0.1692
mixed,64,4,0.0625,4.0,128,0,4096,16384,4864,7581.224,25052.18,10155.743,0.1474
mixed,64,4,0.0625,4.0,128,512,128,512,152,649.789,1229.688,773.308,0.213
mixed,64,4,0.0625,4.0,128,512,256,1024,304,891.325,2000.505,1103.645,0.1914
mixed,64,4,0.0625,4.0,128,512,512,2048,608,1377.595,3557.399,1728.252,0.1609
mixed,64,4,0.0625,4.0,128,512,1024,4096,1216,2298.36,6660.491,3014.388,0.1641
mixed,64,4,0.0625,4.0,128,512,2048,8192,2432,4134.997,12875.415,5389.134,0.1435
mixed,64,4,0.0625,4.0,128,512,4096,16384,4864,7827.204,25292.723,10324.864,0.143
mixed,64,4,0.0625,4.0,128,1024,128,512,152,751.423,1331.707,869.631,0.2037
mixed,64,4,0.0625,4.0,128,1024,256,1024,304,991.229,2106.649,1163.004,0.154
mixed,64,4,0.0625,4.0,128,1024,512,2048,608,1472.316,3656.146,1792.57,0.1466
mixed,64,4,0.0625,4.0,128,1024,1024,4096,1216,2394.296,6755.501,2948.468,0.1271
mixed,64,4,0.0625,4.0,128,1024,2048,8192,2432,4240.433,12968.153,5567.182,0.152
mixed,64,4,0.0625,4.0,128,1024,4096,16384,4864,7918.92,25391.637,10649.628,0.1563
mixed,64,4,0.0625,4.0,128,2048,128,512,152,954.684,1532.347,1063.9,0.1891
mixed,64,4,0.0625,4.0,128,2048,256,1024,304,1192.476,2305.433,1383.645,0.1718
mixed,64,4,0.0625,4.0,128,2048,512,2048,608,1676.379,3860.307,2015.611,0.1553
mixed,64,4,0.0625,4.0,128,2048,1024,4096,1216,2600.694,6961.256,3249.813,0.1489
mixed,64,4,0.0625,4.0,128,2048,2048,8192,2432,4442.767,13173.396,5921.771,0.1694
mixed,64,4,0.0625,4.0,128,2048,4096,16384,4864,8129.031,25607.475,10697.917,0.147
mixed,64,4,0.0625,4.0,128,4096,128,512,152,1349.436,1928.889,1447.386,0.169
mixed,64,4,0.0625,4.0,128,4096,256,1024,304,1593.69,2702.775,1796.443,0.1828
mixed,64,4,0.0625,4.0,128,4096,512,2048,608,2072.346,4252.882,2443.031,0.17
mixed,64,4,0.0625,4.0,128,4096,1024,4096,1216,2998.772,7362.086,3504.627,0.1159
mixed,64,4,0.0625,4.0,128,4096,2048,8192,2432,4839.219,13577.845,6096.845,0.1439
mixed,64,4,0.0625,4.0,128,4096,4096,16384,4864,8519.143,25982.733,11183.871,0.1526
mixed,64,4,0.0625,4.0,128,8192,128,512,152,2139.417,2719.478,2270.457,0.2259
mixed,64,4,0.0625,4.0,128,8192,256,1024,304,2382.743,3491.412,2590.777,0.1876
mixed,64,4,0.0625,4.0,128,8192,512,2048,608,2861.557,5046.896,3170.261,0.1413
mixed,64,4,0.0625,4.0,128,8192,1024,4096,1216,3787.828,8153.092,4458.291,0.1536
mixed,64,4,0.0625,4.0,128,8192,2048,8192,2432,5622.093,14362.034,7114.473,0.1708
mixed,64,4,0.0625,4.0,128,8192,4096,16384,4864,9311.043,26785.173,12055.672,0.1571
mixed,64,4,0.0625,4.0,256,0,128,512,152,701.661,1282.011,811.389,0.1891
mixed,64,4,0.0625,4.0,256,0,256,1024,304,941.437,2055.161,1167.932,0.2034
mixed,64,4,0.0625,4.0,256,0,512,2048,608,1424.923,3607.542,1810.875,0.1768
mixed,64,4,0.0625,4.0,256,0,1024,4096,1216,2351.959,6721.801,2894.101,0.1241
mixed,64,4,0.0625,4.0,256,0,2048,8192,2432,4188.145,12915.831,5447.28,0.1443
mixed,64,4,0.0625,4.0,256,0,4096,16384,4864,7879.302,25343.056,10448.287,0.1471
mixed,64,4,0.0625,4.0,256,512,128,512,152,905.629,1480.155,1036.956,0.2286
mixed,64,4,0.0625,4.0,256,512,256,1024,304,1144.893,2260.887,1328.025,0.1641
mixed,64,4,0.0625,4.0,256,512,512,2048,608,1628.671,3806.228,1966.265,0.155
mixed,64,4,0.0625,4.0,256,512,1024,4096,1216,2547.958,6911.657,3165.172,0.1414
mixed,64,4,0.0625,4.0,256,512,2048,8192,2432,4394.546,13131.189,5873.742,0.1693
mixed,64,4,0.0625,4.0,256,512,4096,16384,4864,8080.202,25555.187,11016.922,0.1681
mixed,64,4,0.0625,4.0,256,1024,128,512,152,1101.338,1681.692,1231.004,0.2234
mixed,64,4,0.0625,4.0,256,1024,256,1024,304,1345.18,2455.927,1528.89,0.1654
mixed,64,4,0.0625,4.0,256,1024,512,2048,608,1826.363,4015.573,2211.927,0.1761
mixed,64,4,0.0625,4.0,256,1024,1024,4096,1216,2757.079,7116.203,3424.919,0.1532
mixed,64,4,0.0625,4.0,256,1024,2048,8192,2432,4592.273,13319.385,6282.094,0.1936
mixed,64,4,0.0625,4.0,256,1024,4096,16384,4864,8270.982,25744.429,10438.779,0.1241
mixed,64,4,0.0625,4.0,256,2048,128,512,152,1499.258,2081.882,1611.77,0.1931
mixed,64,4,0.0625,4.0,256,2048,256,1024,304,1741.242,2856.375,1947.29,0.1848
mixed,64,4,0.0625,4.0,256,2048,512,2048,608,2220.76,4406.227,2505.785,0.1304
mixed,64,4,0.0625,4.0,256,2048,1024,4096,1216,3145.781,7512.073,3735.606,0.1351
mixed,64,4,0.0625,4.0,256,2048,2048,8192,2432,4988.846,13722.201,6244.3,0.1438
mixed,64,4,0.0625,4.0,256,2048,4096,16384,4864,8679.46,26147.855,11185.696,0.1435
mixed,64,4,0.0625,4.0,256,4096,128,512,152,2291.608,2873.751,2408.407,0.2006
mixed,64,4,0.0625,4.0,256,4096,256,1024,304,2532.247,3644.628,2701.686,0.1523
mixed,64,4,0.0625,4.0,256,4096,512,2048,608,3012.726,5193.008,3346.645,0.1532
mixed,64,4,0.0625,4.0,256,4096,1024,4096,1216,3939.155,8299.847,4655.633,0.1643
mixed,64,4,0.0625,4.0,256,4096,2048,8192,2432,5776.111,14503.348,7215.337,0.1649
mixed,64,4,0.0625,4.0,256,4096,4096,16384,4864,9468.992,26924.429,11986.745,0.1442
mixed,64,4,0.0625,4.0,256,8192,128,512,152,3867.54,4450.288,3993.361,0.2159
mixed,64,4,0.0625,4.0,256,8192,256,1024,304,4106.198,5226.893,4313.968,0.1854
mixed,64,4,0.0625,4.0,256,8192,512,2048,608,4589.456,6769.321,4883.603,0.1349
mixed,64,4,0.0625,4.0,256,8192,1024,4096,1216,5515.95,9876.324,6302.508,0.1804
mixed,64,4,0.0625,4.0,256,8192,2048,8192,2432,7352.679,16084.015,8597.026,0.1425
mixed,64,4,0.0625,4.0,256,8192,4096,16384,4864,11045.151,28532.073,13614.582,0.1469
mixed,64,4,0.0625,4.0,512,0,128,512,152,781.949,1362.109,904.157,0.2106
mixed,64,4,0.0625,4.0,512,0,256,1024,304,1022.364,2135.929,1204.059,0.1632
mixed,64,4,0.0625,4.0,512,0,512,2048,608,1506.14,3684.18,1873.783,0.1688
mixed,64,4,0.0625,4.0,512,0,1024,4096,1216,2429.143,6790.377,3075.959,0.1483
mixed,64,4,0.0625,4.0,512,0,2048,8192,2432,4267.252,13014.392,5499.758,0.1409
mixed,64,4,0.0625,4.0,512,0,4096,16384,4864,7958.374,25432.567,10275.614,0.1326
mixed,64,4,0.0625,4.0,512,512,128,512,152,1205.694,1781.211,1312.732,0.186
mixed,64,4,0.0625,4.0,512,512,256,1024,304,1444.058,2556.984,1633.98,0.1707
mixed,64,4,0.0625,4.0,512,512,512,2048,608,1924.792,4115.251,2345.112,0.1919
mixed,64,4,0.0625,4.0,512,512,1024,4096,1216,2848.343,7205.897,3483.285,0.1457
mixed,64,4,0.0625,4.0,512,512,2048,8192,2432,4692.208,13429.014,6045.389,0.1549
mixed,64,4,0.0625,4.0,512,512,4096,16384,4864,8378.982,25842.128,11548.217,0.1815
mixed,64,4,0.0625,4.0,512,1024,128,512,152,1604.89,2177.723,1708.06,0.1801
mixed,64,4,0.0625,4.0,512,1024,256,1024,304,1841.532,2954.423,2030.713,0.17
mixed,64,4,0.0625,4.0,512,1024,512,2048,608,2319.993,4512.21,2657.847,0.1541
mixed,64,4,0.0625,4.0,512,1024,1024,4096,1216,3243.189,7619.145,3777.876,0.1222
mixed,64,4,0.0625,4.0,512,1024,2048,8192,2432,5091.248,13823.834,6161.613,0.1226
mixed,64,4,0.0625,4.0,512,1024,4096,16384,4864,8774.727,26254.644,11470.303,0.1542
mixed,64,4,0.0625,4.0,512,2048,128,512,152,2390.584,2969.145,2501.209,0.1912
mixed,64,4,0.0625,4.0,512,2048,256,1024,304,2637.943,3747.798,2817.366,0.1617
mixed,64,4,0.0625,4.0,512,2048,512,2048,608,3119.446,5299.79,3424.436,0.1399
mixed,64,4,0.0625,4.0,512,2048,1024,4096,1216,4041.938,8413.862,4820.21,0.178
mixed,64,4,0.0625,4.0,512,2048,2048,8192,2432,5883.564,14627.346,7447.625,0.1789
mixed,64,4,0.0625,4.0,512,2048,4096,16384,4864,9572.482,27030.639,11809.214,0.1281
mixed,64,4,0.0625,4.0,512,4096,128,512,152,3976.66,4558.417,4094.644,0.2028
mixed,64,4,0.0625,4.0,512,4096,256,1024,304,4208.404,5339.885,4429.428,0.1953
mixed,64,4,0.0625,4.0,512,4096,512,2048,608,4696.178,6874.22,5087.247,0.1796
mixed,64,4,0.0625,4.0,512,4096,1024,4096,1216,5619.181,9979.776,6236.238,0.1415
mixed,64,4,0.0625,4.0,512,4096,2048,8192,2432,7464.201,16194.573,8701.222,0.1417
mixed,64,4,0.0625,4.0,512,4096,4096,16384,4864,11162.658,28625.997,13482.585,0.1328
mixed,64,4,0.0625,4.0,512,8192,128,512,152,7117.387,7711.976,7265.863,0.2497
mixed,64,4,0.0625,4.0,512,8192,256,1024,304,7357.029,8487.172,7536.198,0.1585
mixed,64,4,0.0625,4.0,512,8192,512,2048,608,7832.807,10039.619,8141.062,0.1397
mixed,64,4,0.0625,4.0,512,8192,1024,4096,1216,8758.055,13134.874,9411.686,0.1493
mixed,64,4,0.0625,4.0,512,8192,2048,8192,2432,10609.153,19353.381,11996.187,0.1586
mixed,64,4,0.0625,4.0,512,8192,4096,16384,4864,14310.258,31785.319,15690.16,0.079
mixed,64,4,0.0625,4.0,1024,0,128,512,152,1487.739,2040.537,1681.208,0.35
mixed,64,4,0.0625,4.0,1024,0,256,1024,304,1810.586,2926.744,2016.155,0.1842
mixed,64,4,0.0625,4.0,1024,0,512,2048,608,2296.152,4473.394,2614.774,0.1463
mixed,64,4,0.0625,4.0,1024,0,1024,4096,1216,3219.799,7588.042,3794.069,0.1315
mixed,64,4,0.0625,4.0,1024,0,2048,8192,2432,5053.773,13784.148,6237.644,0.1356
mixed,64,4,0.0625,4.0,1024,0,4096,16384,4864,8612.837,26191.184,11264.769,0.1509
mixed,64,4,0.0625,4.0,1024,512,128,512,152,2374.618,3029.975,2537.785,0.249
mixed,64,4,0.0625,4.0,1024,512,256,1024,304,2665.528,3783.443,2815.575,0.1342
mixed,64,4,0.0625,4.0,1024,512,512,2048,608,3147.636,5334.481,3457.27,0.1416
mixed,64,4,0.0625,4.0,1024,512,1024,4096,1216,4066.483,8435.206,4680.56,0.1406
mixed,64,4,0.0625,4.0,1024,512,2048,8192,2432,5912.013,14644.436,6818.282,0.1038
mixed,64,4,0.0625,4.0,1024,512,4096,16384,4864,9030.499,26924.972,12100.731,0.1716
mixed,64,4,0.0625,4.0,1024,1024,128,512,152,3096.279,3659.253,3208.022,0.1985
mixed,64,4,0.0625,4.0,1024,1024,256,1024,304,3466.869,4579.313,3658.741,0.1725
mixed,64,4,0.0625,4.0,1024,1024,512,2048,608,3945.396,6133.775,4235.153,0.1324
mixed,64,4,0.0625,4.0,1024,1024,1024,4096,1216,4873.617,9229.315,5499.409,0.1437
mixed,64,4,0.0625,4.0,1024,1024,2048,8192,2432,6714.539,15454.416,8076.039,0.1558
mixed,64,4,0.0625,4.0,1024,1024,4096,16384,4864,10398.274,27873.329,12931.066,0.1449
mixed,64,4,0.0625,4.0,1024,2048,128,512,152,4562.352,5113.681,4681.395,0.2159
mixed,64,4,0.0625,4.0,1024,2048,256,1024,304,5043.568,6153.807,5226.13,0.1644
mixed,64,4,0.0625,4.0,1024,2048,512,2048,608,5526.062,7706.38,5885.327,0.1648
mixed,64,4,0.0625,4.0,1024,2048,1024,4096,1216,6448.269,10809.121,7052.969,0.1387
mixed,64,4,0.0625,4.0,1024,2048,2048,8192,2432,8288.361,17025.741,8884.291,0.0682
mixed,64,4,0.0625,4.0,1024,2048,4096,16384,4864,11025.695,29844.294,12859.641,0.0975
mixed,64,4,0.0625,4.0,1024,4096,128,512,152,6385.483,6907.885,8051.465,3.1891
mixed,64,4,0.0625,4.0,1024,4096,256,1024,304,8194.472,9292.099,8408.742,0.1952
mixed,64,4,0.0625,4.0,1024,4096,512,2048,608,8663.46,10836.349,9323.523,0.3038
mixed,64,4,0.0625,4.0,1024,4096,1024,4096,1216,9754.048,13948.376,10312.865,0.1332
mixed,64,4,0.0625,4.0,1024,4096,2048,8192,2432,11432.893,19588.418,11182.588,-0.0307
mixed,64,4,0.0625,4.0,1024,4096,4096,16384,4864,13448.501,33090.943,16752.009,0.1682
mixed,64,4,0.0625,4.0,1024,8192,128,512,152,12563.256,13066.457,12671.926,0.216
mixed,64,4,0.0625,4.0,1024,8192,256,1024,304,14439.219,15568.463,14606.327,0.148
mixed,64,4,0.0625,4.0,1024,8192,512,2048,608,14936.5,15843.308,13485.879,-1.5997
mixed,64,4,0.0625,4.0,1024,8192,1024,4096,1216,14094.23,18154.25,14093.522,-0.0002
mixed,64,4,0.0625,4.0,1024,8192,2048,8192,2432,15213.649,26990.092,18945.542,0.3169
mixed,64,4,0.0625,4.0,1024,8192,4096,16384,4864,18988.228,35251.87,23730.232,0.2916
mixed,64,4,0.0625,4.0,2048,0,128,512,152,3976.438,4524.819,4445.715,0.8557
mixed,64,4,0.0625,4.0,2048,0,256,1024,304,3385.845,4388.564,3465.879,0.0798
mixed,64,4,0.0625,4.0,2048,0,512,2048,608,3766.261,6752.938,5303.599,0.5147
mixed,64,4,0.0625,4.0,2048,0,1024,4096,1216,4634.643,8541.221,5035.539,0.1026
mixed,64,4,0.0625,4.0,2048,0,2048,8192,2432,6222.989,14033.433,7433.065,0.1549
mixed,64,4,0.0625,4.0,2048,0,4096,16384,4864,9506.658,25222.071,11391.359,0.1199
mixed,64,4,0.0625,4.0,2048,512,128,512,152,4241.588,4749.265,4318.769,0.152
mixed,64,4,0.0625,4.0,2048,512,256,1024,304,5290.835,5481.84,4596.914,-3.633
mixed,64,4,0.0625,4.0,2048,512,512,2048,608,4899.888,7750.822,5149.362,0.0875
mixed,64,4,0.0625,4.0,2048,512,1024,4096,1216,5674.862,9653.668,8247.686,0.6466
mixed,64,4,0.0625,4.0,2048,512,2048,8192,2432,8050.985,15371.89,8596.615,0.0745
mixed,64,4,0.0625,4.0,2048,512,4096,16384,4864,10639.842,26371.761,12699.577,0.1309
mixed,64,4,0.0625,4.0,2048,1024,128,512,152,5370.128,5889.968,5465.968,0.1844
mixed,64,4,0.0625,4.0,2048,1024,256,1024,304,5590.482,7589.418,5687.374,0.0485
mixed,64,4,0.0625,4.0,2048,1024,512,2048,608,6009.297,7965.222,6258.288,0.1273
mixed,64,4,0.0625,4.0,2048,1024,1024,4096,1216,6827.309,13642.522,7352.62,0.0771
mixed,64,4,0.0625,4.0,2048,1024,2048,8192,2432,8501.543,16295.888,9425.253,0.1185
mixed,64,4,0.0625,4.0,2048,1024,4096,16384,4864,14114.843,28794.772,15132.851,0.0693
mixed,64,4,0.0625,4.0,2048,2048,128,512,152,7658.828,8143.816,7676.905,0.0373
mixed,64,4,0.0625,4.0,2048,2048,256,1024,304,7863.817,8860.742,7993.895,0.1305
mixed,64,4,0.0625,4.0,2048,2048,512,2048,608,8937.351,13485.975,8508.005,-0.0944
mixed,64,4,0.0625,4.0,2048,2048,1024,4096,1216,9105.698,13065.594,9616.772,0.1291
mixed,64,4,0.0625,4.0,2048,2048,2048,8192,2432,10770.722,22032.868,11750.621,0.087
mixed,64,4,0.0625,4.0,2048,2048,4096,16384,4864,14054.488,29793.295,16322.832,0.1441
mixed,64,4,0.0625,4.0,2048,4096,128,512,152,12157.183,12716.061,12302.556,0.2601
mixed,64,4,0.0625,4.0,2048,4096,256,1024,304,12370.844,13360.988,12495.675,0.1261
mixed,64,4,0.0625,4.0,2048,4096,512,2048,608,14425.942,19846.09,13045.339,-0.2547
mixed,64,4,0.0625,4.0,2048,4096,1024,4096,1216,13620.246,17543.601,14085.077,0.1185
mixed,64,4,0.0625,4.0,2048,4096,2048,8192,2432,18944.749,28578.738,16350.064,-0.2693
mixed,64,4,0.0625,4.0,2048,4096,4096,16384,4864,18600.935,42065.932,20654.92,0.0875
mixed,64,4,0.0625,4.0,2048,8192,128,512,152,30000.398,21524.679,21095.623,
mixed,64,4,0.0625,4.0,2048,8192,256,1024,304,21220.677,22269.218,21349.536,0.1229
mixed,64,4,0.0625,4.0,2048,8192,512,2048,608,21759.397,23675.771,21916.29,0.0819
mixed,64,4,0.0625,4.0,2048,8192,1024,4096,1216,22534.052,26538.133,23041.881,0.1268
mixed,64,4,0.0625,4.0,2048,8192,2048,8192,2432,24229.565,32057.483,25146.717,0.1172
mixed,64,4,0.0625,4.0,2048,8192,4096,16384,4864,27536.112,42950.863,29214.702,0.1089
pure,64,8,0.125,4.0,0,0,128,512,176,310.976,778.174,370.688,0.1278
pure,64,8,0.125,4.0,0,0,256,1024,352,647.902,1667.226,828.542,0.1772
pure,64,8,0.125,4.0,0,0,512,2048,704,1182.685,3220.758,1380.122,0.0969
pure,64,8,0.125,4.0,0,0,1024,4096,1408,2248.825,6331.373,2666.297,0.1023
pure,64,8,0.125,4.0,0,0,2048,8192,2816,4383.763,12544.38,5251.727,0.1064
pure,64,8,0.125,4.0,0,0,4096,16384,5632,8663.142,24958.14,10401.152,0.1067
mixed,64,8,0.125,4.0,16,0,128,512,176,387.869,921.565,479.167,0.1711
mixed,64,8,0.125,4.0,16,0,256,1024,352,674.909,1695.066,846.718,0.1684
mixed,64,8,0.125,4.0,16,0,512,2048,704,1211.067,3243.479,1432.697,0.109
mixed,64,8,0.125,4.0,16,0,1024,4096,1408,2279.098,6351.307,2728.215,0.1103
mixed,64,8,0.125,4.0,16,0,2048,8192,2816,4412.502,12564.281,5306.802,0.1097
mixed,64,8,0.125,4.0,16,0,4096,16384,5632,8683.528,24987.645,10460.352,0.109
mixed,64,8,0.125,4.0,16,512,128,512,176,438.27,970.429,528.671,0.1699
mixed,64,8,0.125,4.0,16,512,256,1024,352,728.413,1746.906,894.779,0.1633
mixed,64,8,0.125,4.0,16,512,512,2048,704,1260.03,3304.852,1490.717,0.1128
mixed,64,8,0.125,4.0,16,512,1024,4096,1408,2329.592,6402.189,2773.72,0.1091
mixed,64,8,0.125,4.0,16,512,2048,8192,2816,4466.037,12611.037,5351.026,0.1087
mixed,64,8,0.125,4.0,16,512,4096,16384,5632,8721.255,25038.493,10541.376,0.1115
mixed,64,8,0.125,4.0,16,1024,128,512,176,459.711,993.243,548.829,0.167
mixed,64,8,0.125,4.0,16,1024,256,1024,352,751.229,1773.02,922.973,0.1681
mixed,64,8,0.125,4.0,16,1024,512,2048,704,1283.707,3318.646,1512.377,0.1124
mixed,64,8,0.125,4.0,16,1024,1024,4096,1408,2354.393,6421.23,2805.815,0.111
mixed,64,8,0.125,4.0,16,1024,2048,8192,2816,4490.386,12645.147,5374.637,0.1084
mixed,64,8,0.125,4.0,16,1024,4096,16384,5632,8751.591,25050.617,10578.339,0.1121
mixed,64,8,0.125,4.0,16,2048,128,512,176,487.838,1016.99,577.884,0.1702
mixed,64,8,0.125,4.0,16,2048,256,1024,352,775.232,1795.643,943.901,0.1653
mixed,64,8,0.125,4.0,16,2048,512,2048,704,1312.155,3348.247,1540.314,0.1121
mixed,64,8,0.125,4.0,16,2048,1024,4096,1408,2375.64,6450.766,2825.144,0.1103
mixed,64,8,0.125,4.0,16,2048,2048,8192,2816,4521.588,12671.232,5404.495,0.1083
mixed,64,8,0.125,4.0,16,2048,4096,16384,5632,8784.612,25089.88,10549.472,0.1082
mixed,64,8,0.125,4.0,16,4096,128,512,176,543.004,1074.332,621.181,0.1471
mixed,64,8,0.125,4.0,16,4096,256,1024,352,827.196,1851.353,980.542,0.1497
mixed,64,8,0.125,4.0,16,4096,512,2048,704,1366.522,3404.28,1591.738,0.1105
mixed,64,8,0.125,4.0,16,4096,1024,4096,1408,2430.968,6505.805,2880.215,0.1102
mixed,64,8,0.125,4.0,16,4096,2048,8192,2816,4566.064,12724.732,5468.656,0.1106
mixed,64,8,0.125,4.0,16,4096,4096,16384,5632,8837.096,25143.451,10696.255,0.114
mixed,64,8,0.125,4.0,16,8192,128,512,176,651.358,1182.298,732.511,0.1528
mixed,64,8,0.125,4.0,16,8192,256,1024,352,936.349,1960.507,1110.653,0.1702
mixed,64,8,0.125,4.0,16,8192,512,2048,704,1476.283,3509.046,1690.746,0.1055
mixed,64,8,0.125,4.0,16,8192,1024,4096,1408,2536.953,6618.641,2990.744,0.1112
mixed,64,8,0.125,4.0,16,8192,2048,8192,2816,4671.731,12830.039,5571.406,0.1103
mixed,64,8,0.125,4.0,16,8192,4096,16384,5632,8949.992,25227.672,10733.76,0.1096
mixed,64,8,0.125,4.0,32,0,128,512,176,423.392,960.7,518.528,0.1771
mixed,64,8,0.125,4.0,32,0,256,1024,352,716.383,1734.617,868.189,0.1491
mixed,64,8,0.125,4.0,32,0,512,2048,704,1249.342,3287.924,1471.355,0.1089
mixed,64,8,0.125,4.0,32,0,1024,4096,1408,2316.216,6384.684,2765.784,0.1105
mixed,64,8,0.125,4.0,32,0,2048,8192,2816,4454.194,12598.143,5375.76,0.1132
mixed,64,8,0.125,4.0,32,0,4096,16384,5632,8721.959,25030.649,10545.06,0.1118
mixed,64,8,0.125,4.0,32,512,128,512,176,482.815,1018.717,583.36,0.1876
mixed,64,8,0.125,4.0,32,512,256,1024,352,772.573,1792.824,942.172,0.1662
mixed,64,8,0.125,4.0,32,512,512,2048,704,1306.75,3344.469,1574.843,0.1316
mixed,64,8,0.125,4.0,32,512,1024,4096,1408,2374.166,6446.192,2819.607,0.1094
mixed,64,8,0.125,4.0,32,512,2048,8192,2816,4509.489,12661.18,5390.803,0.1081
mixed,64,8,0.125,4.0,32,512,4096,16384,5632,8787.685,25079.61,10537.312,0.1074
mixed,64,8,0.125,4.0,32,1024,128,512,176,553.535,1092.345,645.567,0.1708
mixed,64,8,0.125,4.0,32,1024,256,1024,352,846.173,1863.77,1012.863,0.1638
mixed,64,8,0.125,4.0,32,1024,512,2048,704,1379.677,3417.973,1614.812,0.1154
mixed,64,8,0.125,4.0,32,1024,1024,4096,1408,2444.378,6525.099,2887.033,0.1085
mixed,64,8,0.125,4.0,32,1024,2048,8192,2816,4585.073,12732.83,5473.968,0.1091
mixed,64,8,0.125,4.0,32,1024,4096,16384,5632,8854.25,25134.269,10675.33,0.1119
mixed,64,8,0.125,4.0,32,2048,128,512,176,585.918,1120.764,679.165,0.1743
mixed,64,8,0.125,4.0,32,2048,256,1024,352,876.348,1896.22,1024.317,0.1451
mixed,64,8,0.125,4.0,32,2048,512,2048,704,1410.972,3450.71,1660.057,0.1221
mixed,64,8,0.125,4.0,32,2048,1024,4096,1408,2480.121,6556.521,2920.919,0.1081
mixed,64,8,0.125,4.0,32,2048,2048,8192,2816,4609.748,12756.505,5513.265,0.1109
mixed,64,8,0.125,4.0,32,2048,4096,16384,5632,8878.054,25165.657,10729.089,0.1136
mixed,64,8,0.125,4.0,32,4096,128,512,176,697.599,1233.982,800.572,0.192
mixed,64,8,0.125,4.0,32,4096,256,1024,352,988.029,2005.179,1154.301,0.1635
mixed,64,8,0.125,4.0,32,4096,512,2048,704,1525.724,3555.957,1739.164,0.1051
mixed,64,8,0.125,4.0,32,4096,1024,4096,1408,2584.088,6669.741,3033.015,0.1099
mixed,64,8,0.125,4.0,32,4096,2048,8192,2816,4720.722,12878.777,5626.286,0.111
mixed,64,8,0.125,4.0,32,4096,4096,16384,5632,8996.096,25298.139,10783.198,0.1096
mixed,64,8,0.125,4.0,32,8192,128,512,176,905.371,1441.947,1001.308,0.1788
mixed,64,8,0.125,4.0,32,8192,256,1024,352,1196.573,2217.911,1357.116,0.1572
mixed,64,8,0.125,4.0,32,8192,512,2048,704,1729.499,3765.238,1950.715,0.1087
mixed,64,8,0.125,4.0,32,8192,1024,4096,1408,2796.248,6870.99,3232.727,0.1071
mixed,64,8,0.125,4.0,32,8192,2048,8192,2816,4938.835,13085.115,5831.79,0.1096
mixed,64,8,0.125,4.0,32,8192,4096,16384,5632,9202.881,25506.903,11004.349,0.1105
mixed,64,8,0.125,4.0,64,0,128,512,176,430.911,964.508,512.543,0.153
mixed,64,8,0.125,4.0,64,0,256,1024,352,717.887,1739.384,890.013,0.1685
mixed,64,8,0.125,4.0,64,0,512,2048,704,1253.595,3288.405,1477.05,0.1098
mixed,64,8,0.125,4.0,64,0,1024,4096,1408,2323.769,6400.015,2771.609,0.1099
mixed,64,8,0.125,4.0,64,0,2048,8192,2816,4456.626,12606.622,5344.977,0.109
mixed,64,8,0.125,4.0,64,0,4096,16384,5632,8732.419,25025.688,10521.986,0.1098
mixed,64,8,0.125,4.0,64,512,128,512,176,569.118,1104.604,662.784,0.1749
mixed,64,8,0.125,4.0,64,512,256,1024,352,857.533,1878.49,1036.125,0.1749
mixed,64,8,0.125,4.0,64,512,512,2048,704,1390.14,3430.645,1655.45,0.13
mixed,64,8,0.125,4.0,64,512,1024,4096,1408,2460.025,6534.831,2905.783,0.1094
mixed,64,8,0.125,4.0,64,512,2048,8192,2816,4594.385,12748.248,5485.965,0.1093
mixed,64,8,0.125,4.0,64,512,4096,16384,5632,8864.805,25160.343,10654.209,0.1098
mixed,64,8,0.125,4.0,64,1024,128,512,176,647.774,1180.444,725.406,0.1457
mixed,64,8,0.125,4.0,64,1024,256,1024,352,934.588,1957.018,1084.7,0.1468
mixed,64,8,0.125,4.0,64,1024,512,2048,704,1464.986,3505.333,1709.306,0.1197
mixed,64,8,0.125,4.0,64,1024,1024,4096,1408,2533.752,6608.557,2974.584,0.1082
mixed,64,8,0.125,4.0,64,1024,2048,8192,2816,4673.554,12827.675,5562.706,0.109
mixed,64,8,0.125,4.0,64,1024,4096,16384,5632,8941.634,25232.471,10718.016,0.109
mixed,64,8,0.125,4.0,64,2048,128,512,176,749.662,1282.908,853.214,0.1942
mixed,64,8,0.125,4.0,64,2048,256,1024,352,1042.045,2060.696,1203.869,0.1589
mixed,64,8,0.125,4.0,64,2048,512,2048,704,1572.923,3609.876,1822.715,0.1226
mixed,64,8,0.125,4.0,64,2048,1024,4096,1408,2634.998,6721.067,3091.767,0.1118
mixed,64,8,0.125,4.0,64,2048,2048,8192,2816,4771.568,12930.523,5675.344,0.1108
mixed,64,8,0.125,4.0,64,2048,4096,16384,5632,9046.979,25350.493,10842.914,0.1102
mixed,64,8,0.125,4.0,64,4096,128,512,176,954.046,1486.332,1049.951,0.1802
mixed,64,8,0.125,4.0,64,4096,256,1024,352,1241.15,2264.314,1405.082,0.1602
mixed,64,8,0.125,4.0,64,4096,512,2048,704,1774.331,3813.235,2002.714,0.112
mixed,64,8,0.125,4.0,64,4096,1024,4096,1408,2836.374,6919.818,3290.454,0.1112
mixed,64,8,0.125,4.0,64,4096,2048,8192,2816,4981.294,13127.931,5882.574,0.1106
mixed,64,8,0.125,4.0,64,4096,4096,16384,5632,9252.58,25540.182,11081.691,0.1123
mixed,64,8,0.125,4.0,64,8192,128,512,176,1348.634,1882.076,1434.396,0.1608
mixed,64,8,0.125,4.0,64,8192,256,1024,352,1632.507,2657.21,1773.37,0.1375
mixed,64,8,0.125,4.0,64,8192,512,2048,704,2173.786,4205.364,2414.137,0.1183
mixed,64,8,0.125,4.0,64,8192,1024,4096,1408,3237.498,7309.322,3685.175,0.1099
mixed,64,8,0.125,4.0,64,8192,2048,8192,2816,5372.592,13518.425,6265.614,0.1096
mixed,64,8,0.125,4.0,64,8192,4096,16384,5632,9643.685,25946.741,11466.589,0.1118
mixed,64,8,0.125,4.0,128,0,128,512,176,451.358,984.987,551.711,0.1881
mixed,64,8,0.125,4.0,128,0,256,1024,352,739.646,1761.434,908.509,0.1653
mixed,64,8,0.125,4.0,128,0,512,2048,704,1275.74,3308.055,1538.874,0.1295
mixed,64,8,0.125,4.0,128,0,1024,4096,1408,2346.711,6421.805,2791.092,0.109
mixed,64,8,0.125,4.0,128,0,2048,8192,2816,4478.289,12618.522,5369.296,0.1095
mixed,64,8,0.125,4.0,128,0,4096,16384,5632,8746.024,25067.48,10576.448,0.1121
mixed,64,8,0.125,4.0,128,512,128,512,176,694.653,1229.852,776.158,0.1523
mixed,64,8,0.125,4.0,128,512,256,1024,352,982.973,2003.545,1145.277,0.159
mixed,64,8,0.125,4.0,128,512,512,2048,704,1515.164,3557.656,1744.508,0.1123
mixed,64,8,0.125,4.0,128,512,1024,4096,1408,2585.238,6667.373,3031.255,0.1093
mixed,64,8,0.125,4.0,128,512,2048,8192,2816,4716.658,12872.762,5611.248,0.1097
mixed,64,8,0.125,4.0,128,512,4096,16384,5632,8988.164,25298.229,10811.298,0.1118
mixed,64,8,0.125,4.0,128,1024,128,512,176,795.485,1328.733,885.919,0.1696
mixed,64,8,0.125,4.0,128,1024,256,1024,352,1082.075,2106.104,1243.069,0.1572
mixed,64,8,0.125,4.0,128,1024,512,2048,704,1617.721,3655.0,1840.027,0.1091
mixed,64,8,0.125,4.0,128,1024,1024,4096,1408,2684.855,6755.56,3134.517,0.1105
mixed,64,8,0.125,4.0,128,1024,2048,8192,2816,4816.242,12971.545,5712.398,0.1099
mixed,64,8,0.125,4.0,128,1024,4096,16384,5632,9099.428,25374.903,10865.728,0.1085
mixed,64,8,0.125,4.0,128,2048,128,512,176,999.868,1533.944,1096.029,0.1801
mixed,64,8,0.125,4.0,128,2048,256,1024,352,1288.095,2305.815,1448.794,0.1579
mixed,64,8,0.125,4.0,128,2048,512,2048,704,1821.276,3856.47,2041.817,0.1084
mixed,64,8,0.125,4.0,128,2048,1024,4096,1408,2886.808,6968.138,3333.717,0.1095
mixed,64,8,0.125,4.0,128,2048,2048,8192,2816,5023.503,13175.704,5911.502,0.1089
mixed,64,8,0.125,4.0,128,2048,4096,16384,5632,9291.299,25595.897,11090.654,0.1104
mixed,64,8,0.125,4.0,128,4096,128,512,176,1394.492,1931.127,1488.602,0.1754
mixed,64,8,0.125,4.0,128,4096,256,1024,352,1690.427,2702.84,1831.739,0.1396
mixed,64,8,0.125,4.0,128,4096,512,2048,704,2222.394,4254.61,2444.057,0.1091
mixed,64,8,0.125,4.0,128,4096,1024,4096,1408,3282.07,7366.473,3732.244,0.1102
mixed,64,8,0.125,4.0,128,4096,2048,8192,2816,5419.919,13580.76,6334.572,0.1121
mixed,64,8,0.125,4.0,128,4096,4096,16384,5632,9695.941,26001.203,11587.069,0.116
mixed,64,8,0.125,4.0,128,8192,128,512,176,2184.632,2722.103,2252.058,0.1255
mixed,64,8,0.125,4.0,128,8192,256,1024,352,2474.423,3494.769,2619.961,0.1426
mixed,64,8,0.125,4.0,128,8192,512,2048,704,3005.847,5041.874,3233.366,0.1117
mixed,64,8,0.125,4.0,128,8192,1024,4096,1408,4073.17,8142.12,4513.203,0.1081
mixed,64,8,0.125,4.0,128,8192,2048,8192,2816,6209.42,14370.518,7104.489,0.1097
mixed,64,8,0.125,4.0,128,8192,4096,16384,5632,10481.472,26783.861,12302.016,0.1117
mixed,64,8,0.125,4.0,256,0,128,512,176,750.14,1283.932,847.582,0.1825
mixed,64,8,0.125,4.0,256,0,256,1024,352,1035.068,2054.812,1209.275,0.1708
mixed,64,8,0.125,4.0,256,0,512,2048,704,1575.323,3609.846,1790.872,0.1059
mixed,64,8,0.125,4.0,256,0,1024,4096,1408,2636.632,6716.396,3082.36,0.1093
mixed,64,8,0.125,4.0,256,0,2048,8192,2816,4771.346,12924.73,5672.943,0.1106
mixed,64,8,0.125,4.0,256,0,4096,16384,5632,9034.281,25322.066,10840.671,0.1109
mixed,64,8,0.125,4.0,256,512,128,512,176,949.278,1481.308,1040.957,0.1723
mixed,64,8,0.125,4.0,256,512,256,1024,352,1235.549,2264.377,1402.398,0.1622
mixed,64,8,0.125,4.0,256,512,512,2048,704,1774.01,3804.628,2018.716,0.1205
mixed,64,8,0.125,4.0,256,512,1024,4096,1408,2833.656,6907.629,3278.23,0.1091
mixed,64,8,0.125,4.0,256,512,2048,8192,2816,4970.067,13121.592,5862.574,0.1095
mixed,64,8,0.125,4.0,256,512,4096,16384,5632,9247.588,25534.513,11027.326,0.1093
mixed,64,8,0.125,4.0,256,1024,128,512,176,1146.971,1684.891,1228.187,0.151
mixed,64,8,0.125,4.0,256,1024,256,1024,352,1436.284,2452.828,1602.206,0.1632
mixed,64,8,0.125,4.0,256,1024,512,2048,704,1968.923,4010.392,2235.609,0.1306
mixed,64,8,0.125,4.0,256,1024,1024,4096,1408,3036.213,7113.42,3490.356,0.1114
mixed,64,8,0.125,4.0,256,1024,2048,8192,2816,5182.674,13322.808,6057.133,0.1074
mixed,64,8,0.125,4.0,256,1024,4096,16384,5632,9446.916,25750.998,11244.701,0.1103
mixed,64,8,0.125,4.0,256,2048,128,512,176,1547.066,2079.834,1639.578,0.1736
mixed,64,8,0.125,4.0,256,2048,256,1024,352,1831.388,2851.255,1985.498,0.1511
mixed,64,8,0.125,4.0,256,2048,512,2048,704,2367.255,4402.867,2612.823,0.1206
mixed,64,8,0.125,4.0,256,2048,1024,4096,1408,3431.254,7517.036,3878.452,0.1095
mixed,64,8,0.125,4.0,256,2048,2048,8192,2816,5568.619,13714.678,6470.25,0.1107
mixed,64,8,0.125,4.0,256,2048,4096,16384,5632,9842.18,26143.382,11645.917,0.1107
mixed,64,8,0.125,4.0,256,4096,128,512,176,2333.047,2868.507,2439.002,0.1979
mixed,64,8,0.125,4.0,256,4096,256,1024,352,2626.106,3647.988,2791.67,0.162
mixed,64,8,0.125,4.0,256,4096,512,2048,704,3166.488,5191.569,3384.405,0.1076
mixed,64,8,0.125,4.0,256,4096,1024,4096,1408,4227.317,8300.936,4677.715,0.1106
mixed,64,8,0.125,4.0,256,4096,2048,8192,2816,6355.245,14511.798,7262.857,0.1113
mixed,64,8,0.125,4.0,256,4096,4096,16384,5632,10628.961,26940.282,12414.874,0.1095
mixed,64,8,0.125,4.0,256,8192,128,512,176,3914.357,4449.268,4012.532,0.1835
mixed,64,8,0.125,4.0,256,8192,256,1024,352,4206.513,5228.269,4354.642,0.145
mixed,64,8,0.125,4.0,256,8192,512,2048,704,4737.777,6774.285,4962.031,0.1101
mixed,64,8,0.125,4.0,256,8192,1024,4096,1408,5799.215,9889.858,6254.027,0.1112
mixed,64,8,0.125,4.0,256,8192,2048,8192,2816,7934.954,16091.219,8828.711,0.1096
mixed,64,8,0.125,4.0,256,8192,4096,16384,5632,12212.992,28503.404,14067.703,0.1139
mixed,64,8,0.125,4.0,512,0,128,512,176,829.309,1363.388,919.773,0.1694
mixed,64,8,0.125,4.0,512,0,256,1024,352,1115.549,2137.017,1284.283,0.1652
mixed,64,8,0.125,4.0,512,0,512,2048,704,1649.5,3694.676,1880.155,0.1128
mixed,64,8,0.125,4.0,512,0,1024,4096,1408,2714.746,6794.986,3164.279,0.1102
mixed,64,8,0.125,4.0,512,0,2048,8192,2816,4849.361,13013.819,5752.91,0.1107
mixed,64,8,0.125,4.0,512,0,4096,16384,5632,9116.612,25424.25,10908.735,0.1099
mixed,64,8,0.125,4.0,512,512,128,512,176,1250.589,1783.482,1350.46,0.1874
mixed,64,8,0.125,4.0,512,512,256,1024,352,1539.356,2557.912,1702.266,0.1599
mixed,64,8,0.125,4.0,512,512,512,2048,704,2072.088,4108.181,2297.722,0.1108
mixed,64,8,0.125,4.0,512,512,1024,4096,1408,3137.814,7213.577,3589.876,0.1109
mixed,64,8,0.125,4.0,512,512,2048,8192,2816,5269.105,13427.261,6166.573,0.11
mixed,64,8,0.125,4.0,512,512,4096,16384,5632,9549.124,25841.558,11326.014,0.1091
mixed,64,8,0.125,4.0,512,1024,128,512,176,1645.562,2178.903,1748.379,0.1928
mixed,64,8,0.125,4.0,512,1024,256,1024,352,1934.363,2955.161,2105.402,0.1676
mixed,64,8,0.125,4.0,512,1024,512,2048,704,2470.777,4508.785,2695.32,0.1102
mixed,64,8,0.125,4.0,512,1024,1024,4096,1408,3534.07,7612.171,3982.068,0.1099
mixed,64,8,0.125,4.0,512,1024,2048,8192,2816,5669.552,13812.055,6598.413,0.1141
mixed,64,8,0.125,4.0,512,1024,4096,16384,5632,9937.284,26259.573,11729.438,0.1098
mixed,64,8,0.125,4.0,512,2048,128,512,176,2438.008,2967.832,2520.345,0.1554
mixed,64,8,0.125,4.0,512,2048,256,1024,352,2729.016,3749.745,2873.689,0.1417
mixed,64,8,0.125,4.0,512,2048,512,2048,704,3265.781,5303.247,3483.573,0.1069
mixed,64,8,0.125,4.0,512,2048,1024,4096,1408,4333.939,8408.933,4776.018,0.1085
mixed,64,8,0.125,4.0,512,2048,2048,8192,2816,6470.347,14610.103,7361.355,0.1095
mixed,64,8,0.125,4.0,512,2048,4096,16384,5632,10741.247,27034.16,12545.15,0.1107
mixed,64,8,0.125,4.0,512,4096,128,512,176,4024.563,4549.523,4114.74,0.1718
mixed,64,8,0.125,4.0,512,4096,256,1024,352,4315.22,5332.847,4459.22,0.1415
mixed,64,8,0.125,4.0,512,4096,512,2048,704,4840.465,6859.978,5079.441,0.1183
mixed,64,8,0.125,4.0,512,4096,1024,4096,1408,5911.47,9963.36,6361.07,0.111
mixed,64,8,0.125,4.0,512,4096,2048,8192,2816,8054.726,16191.221,8964.869,0.1119
mixed,64,8,0.125,4.0,512,4096,4096,16384,5632,12292.383,28604.977,14111.381,0.1115
mixed,64,8,0.125,4.0,512,8192,128,512,176,7171.981,7706.055,7254.699,0.1549
mixed,64,8,0.125,4.0,512,8192,256,1024,352,7457.416,8484.999,7625.095,0.1632
mixed,64,8,0.125,4.0,512,8192,512,2048,704,7997.354,10032.129,8271.621,0.1348
mixed,64,8,0.125,4.0,512,8192,1024,4096,1408,9070.439,13144.92,9516.068,0.1094
mixed,64,8,0.125,4.0,512,8192,2048,8192,2816,11199.133,19337.609,12103.774,0.1112
mixed,64,8,0.125,4.0,512,8192,4096,16384,5632,15471.633,31796.168,17306.314,0.1124
mixed,64,8,0.125,4.0,1024,0,128,512,176,1618.971,2149.306,1707.449,0.1668
mixed,64,8,0.125,4.0,1024,0,256,1024,352,1905.681,2926.088,2077.136,0.168
mixed,64,8,0.125,4.0,1024,0,512,2048,704,2438.348,4476.541,2665.068,0.1112
mixed,64,8,0.125,4.0,1024,0,1024,4096,1408,3504.165,7581.829,3957.759,0.1112
mixed,64,8,0.125,4.0,1024,0,2048,8192,2816,5641.365,13797.014,6540.813,0.1103
mixed,64,8,0.125,4.0,1024,0,4096,16384,5632,9910.356,26214.681,11709.54,0.1104
mixed,64,8,0.125,4.0,1024,512,128,512,176,2399.885,2917.769,2464.623,0.125
mixed,64,8,0.125,4.0,1024,512,256,1024,352,2755.785,3783.267,2910.316,0.1504
mixed,64,8,0.125,4.0,1024,512,512,2048,704,3292.229,5332.695,3516.772,0.11
mixed,64,8,0.125,4.0,1024,512,1024,4096,1408,4358.272,8426.334,4808.443,0.1107
mixed,64,8,0.125,4.0,1024,512,2048,8192,2816,6490.701,14647.629,6976.488,0.0596
mixed,64,8,0.125,4.0,1024,512,4096,16384,5632,10963.468,27070.768,11047.052,0.0052
mixed,64,8,0.125,4.0,1024,1024,128,512,176,2604.621,3903.968,3351.335,0.5747
mixed,64,8,0.125,4.0,1024,1024,256,1024,352,3557.316,4577.083,3728.323,0.1677
mixed,64,8,0.125,4.0,1024,1024,512,2048,704,4093.217,6131.951,4335.871,0.119
mixed,64,8,0.125,4.0,1024,1024,1024,4096,1408,5165.272,9238.072,5604.307,0.1078
mixed,64,8,0.125,4.0,1024,1024,2048,8192,2816,7295.143,15434.54,8195.425,0.1106
mixed,64,8,0.125,4.0,1024,1024,4096,16384,5632,11566.507,27136.502,12988.861,0.0914
mixed,64,8,0.125,4.0,1024,2048,128,512,176,4562.622,5080.99,4723.678,0.3107
mixed,64,8,0.125,4.0,1024,2048,256,1024,352,5135.416,6154.703,5305.464,0.1668
mixed,64,8,0.125,4.0,1024,2048,512,2048,704,5672.564,7710.183,5905.267,0.1142
mixed,64,8,0.125,4.0,1024,2048,1024,4096,1408,6732.27,10818.608,7179.85,0.1095
mixed,64,8,0.125,4.0,1024,2048,2048,8192,2816,8872.38,17038.848,8984.891,0.0138
mixed,64,8,0.125,4.0,1024,2048,4096,16384,5632,12141.441,29796.132,13058.241,0.0519
mixed,64,8,0.125,4.0,1024,4096,128,512,176,6419.152,8238.881,8080.647,0.913
mixed,64,8,0.125,4.0,1024,4096,256,1024,352,8267.747,9271.995,8435.298,0.1668
mixed,64,8,0.125,4.0,1024,4096,512,2048,704,8804.958,10854.862,8821.471,0.0081
mixed,64,8,0.125,4.0,1024,4096,1024,4096,1408,9653.242,13671.545,9624.827,-0.0071
mixed,64,8,0.125,4.0,1024,4096,2048,8192,2816,11234.511,20127.534,11428.359,0.0218
mixed,64,8,0.125,4.0,1024,4096,4096,16384,5632,14582.327,33082.863,15183.12,0.0325
mixed,64,8,0.125,4.0,1024,8192,128,512,176,10953.805,11419.274,14365.335,7.3292
mixed,64,8,0.125,4.0,1024,8192,256,1024,352,14547.317,15561.903,14689.842,0.1405
mixed,64,8,0.125,4.0,1024,8192,512,2048,704,13901.466,15851.021,13703.962,-0.1013
mixed,64,8,0.125,4.0,1024,8192,1024,4096,1408,14976.402,20221.133,16639.492,0.3171
mixed,64,8,0.125,4.0,1024,8192,2048,8192,2816,16632.328,23679.861,15545.771,-0.1542
mixed,64,8,0.125,4.0,1024,8192,4096,16384,5632,18576.987,39048.455,24352.144,0.2821
mixed,64,8,0.125,4.0,2048,0,128,512,176,3491.944,3707.62,3247.335,-1.1342
mixed,64,8,0.125,4.0,2048,0,256,1024,352,3443.4,4662.174,4734.397,1.0593
mixed,64,8,0.125,4.0,2048,0,512,2048,704,4854.142,5790.136,4123.713,-0.7804
mixed,64,8,0.125,4.0,2048,0,1024,4096,1408,4845.949,10328.567,5263.0,0.0761
mixed,64,8,0.125,4.0,2048,0,2048,8192,2816,6758.448,14042.172,7527.145,0.1055
mixed,64,8,0.125,4.0,2048,0,4096,16384,5632,11946.378,25264.14,11957.478,0.0008
mixed,64,8,0.125,4.0,2048,512,128,512,176,4281.985,4726.047,4341.153,0.1332
mixed,64,8,0.125,4.0,2048,512,256,1024,352,5327.1,5504.727,4679.551,-3.6456
mixed,64,8,0.125,4.0,2048,512,512,2048,704,6268.852,8707.523,5146.522,-0.4602
mixed,64,8,0.125,4.0,2048,512,1024,4096,1408,5977.366,9627.582,6313.172,0.092
mixed,64,8,0.125,4.0,2048,512,2048,8192,2816,7876.9,18317.409,8609.477,0.0702
mixed,64,8,0.125,4.0,2048,512,4096,16384,5632,11670.988,26368.939,13104.552,0.0975
mixed,64,8,0.125,4.0,2048,1024,128,512,176,5417.433,5867.83,6073.687,1.4571
mixed,64,8,0.125,4.0,2048,1024,256,1024,352,7724.588,8739.395,5780.921,-1.9153
mixed,64,8,0.125,4.0,2048,1024,512,2048,704,6144.021,7939.912,6307.956,0.0913
mixed,64,8,0.125,4.0,2048,1024,1024,4096,1408,7092.621,10777.173,7420.652,0.089
mixed,64,8,0.125,4.0,2048,1024,2048,8192,2816,11526.065,19600.699,9793.468,-0.2146
mixed,64,8,0.125,4.0,2048,1024,4096,16384,5632,12874.024,27445.284,14178.012,0.0895
mixed,64,8,0.125,4.0,2048,2048,128,512,176,7702.027,8137.319,7766.474,0.1481
mixed,64,8,0.125,4.0,2048,2048,256,1024,352,10338.2,11018.802,8019.336,-3.4071
mixed,64,8,0.125,4.0,2048,2048,512,2048,704,8432.452,10272.57,8641.027,0.1133
mixed,64,8,0.125,4.0,2048,2048,1024,4096,1408,9352.289,13021.51,9704.319,0.0959
mixed,64,8,0.125,4.0,2048,2048,2048,8192,2816,11271.827,18569.824,11984.559,0.0977
mixed,64,8,0.125,4.0,2048,2048,4096,16384,5632,15053.02,29738.489,16481.552,0.0973
mixed,64,8,0.125,4.0,2048,4096,128,512,176,12230.7,16557.552,12260.302,0.0068
mixed,64,8,0.125,4.0,2048,4096,256,1024,352,12422.09,13401.158,12559.116,0.14
mixed,64,8,0.125,4.0,2048,4096,512,2048,704,12928.011,14768.254,13092.712,0.0895
mixed,64,8,0.125,4.0,2048,4096,1024,4096,1408,13893.762,17644.202,14255.136,0.0964
mixed,64,8,0.125,4.0,2048,4096,2048,8192,2816,15920.66,23125.508,16563.507,0.0892
mixed,64,8,0.125,4.0,2048,4096,4096,16384,5632,19675.225,34306.91,21048.534,0.0939
mixed,64,8,0.125,4.0,2048,8192,128,512,176,21159.604,21500.365,21017.492,-0.417
mixed,64,8,0.125,4.0,2048,8192,256,1024,352,21226.141,22257.201,21400.625,0.1692
mixed,64,8,0.125,4.0,2048,8192,512,2048,704,30900.4,23605.823,22063.309,
mixed,64,8,0.125,4.0,2048,8192,1024,4096,1408,22750.411,26408.819,23009.989,0.071
mixed,64,8,0.125,4.0,2048,8192,2048,8192,2816,24611.869,40128.889,25437.048,0.0532
mixed,64,8,0.125,4.0,2048,8192,4096,16384,5632,28530.954,42996.611,29870.467,0.0926
pure,64,16,0.25,4.0,0,0,128,512,224,457.501,892.539,514.749,0.1316
pure,64,16,0.25,4.0,0,0,256,1024,448,792.601,1667.091,898.649,0.1213
pure,64,16,0.25,4.0,0,0,512,2048,896,1476.726,3223.53,1677.969,0.1152
pure,64,16,0.25,4.0,0,0,1024,4096,1792,2828.941,6326.195,3332.428,0.144
pure,64,16,0.25,4.0,0,0,2048,8192,3584,5553.341,12541.169,6076.921,0.0749
pure,64,16,0.25,4.0,0,0,4096,16384,7168,10977.271,24956.707,12013.233,0.0741
mixed,64,16,0.25,4.0,16,0,128,512,224,482.364,920.506,543.068,0.1385
mixed,64,16,0.25,4.0,16,0,256,1024,448,821.884,1696.756,926.905,0.12
mixed,64,16,0.25,4.0,16,0,512,2048,896,1505.238,3249.897,1703.799,0.1138
mixed,64,16,0.25,4.0,16,0,1024,4096,1792,2861.037,6355.704,3357.066,0.1419
mixed,64,16,0.25,4.0,16,0,2048,8192,3584,5579.356,12559.118,6376.245,0.1142
mixed,64,16,0.25,4.0,16,0,4096,16384,7168,11011.194,25003.935,12541.359,0.1094
mixed,64,16,0.25,4.0,16,512,128,512,224,533.981,969.784,594.525,0.1389
mixed,64,16,0.25,4.0,16,512,256,1024,448,874.524,1749.875,990.073,0.132
mixed,64,16,0.25,4.0,16,512,512,2048,896,1555.927,3297.74,1762.933,0.1188
mixed,64,16,0.25,4.0,16,512,1024,4096,1792,2910.669,6403.958,3418.922,0.1455
mixed,64,16,0.25,4.0,16,512,2048,8192,3584,5629.914,12614.287,6403.285,0.1107
mixed,64,16,0.25,4.0,16,512,4096,16384,7168,11061.211,25037.856,12593.745,0.1096
mixed,64,16,0.25,4.0,16,1024,128,512,224,554.812,995.545,619.036,0.1457
mixed,64,16,0.25,4.0,16,1024,256,1024,448,897.4,1776.63,997.306,0.1136
mixed,64,16,0.25,4.0,16,1024,512,2048,896,1579.351,3317.644,1786.196,0.119
mixed,64,16,0.25,4.0,16,1024,1024,4096,1792,2934.734,6429.909,3435.305,0.1432
mixed,64,16,0.25,4.0,16,1024,2048,8192,3584,5647.646,12645.102,6407.575,0.1086
mixed,64,16,0.25,4.0,16,1024,4096,16384,7168,11089.626,25043.808,12604.526,0.1086
mixed,64,16,0.25,4.0,16,2048,128,512,224,581.725,1019.323,641.119,0.1357
mixed,64,16,0.25,4.0,16,2048,256,1024,448,922.908,1792.276,1018.456,0.1099
mixed,64,16,0.25,4.0,16,2048,512,2048,896,1602.774,3342.601,1806.772,0.1173
mixed,64,16,0.25,4.0,16,2048,1024,4096,1792,2960.78,6453.848,3415.114,0.1301
mixed,64,16,0.25,4.0,16,2048,2048,8192,3584,5676.189,12666.48,6455.542,0.1115
mixed,64,16,0.25,4.0,16,2048,4096,16384,7168,11112.476,25073.38,12475.761,0.0977
mixed,64,16,0.25,4.0,16,4096,128,512,224,637.499,1077.336,692.157,0.1243
mixed,64,16,0.25,4.0,16,4096,256,1024,448,973.37,1848.66,1077.593,0.1191
mixed,64,16,0.25,4.0,16,4096,512,2048,896,1654.581,3401.643,1860.371,0.1178
mixed,64,16,0.25,4.0,16,4096,1024,4096,1792,3014.637,6508.088,3515.435,0.1434
mixed,64,16,0.25,4.0,16,4096,2048,8192,3584,5730.875,12716.658,6500.982,0.1102
mixed,64,16,0.25,4.0,16,4096,4096,16384,7168,11160.954,25145.225,12669.837,0.1079
mixed,64,16,0.25,4.0,16,8192,128,512,224,744.73,1185.464,792.06,0.1074
mixed,64,16,0.25,4.0,16,8192,256,1024,448,1083.8,1958.963,1187.575,0.1186
mixed,64,16,0.25,4.0,16,8192,512,2048,896,1764.983,3511.242,1968.083,0.1163
mixed,64,16,0.25,4.0,16,8192,1024,4096,1792,3126.573,6613.652,3654.089,0.1513
mixed,64,16,0.25,4.0,16,8192,2048,8192,3584,5838.619,12820.497,6611.256,0.1107
mixed,64,16,0.25,4.0,16,8192,4096,16384,7168,11281.079,25252.04,12828.498,0.1108
mixed,64,16,0.25,4.0,32,0,128,512,224,522.267,959.578,583.613,0.1403
mixed,64,16,0.25,4.0,32,0,256,1024,448,859.964,1734.483,954.779,0.1084
mixed,64,16,0.25,4.0,32,0,512,2048,896,1543.413,3289.837,1753.621,0.1204
mixed,64,16,0.25,4.0,32,0,1024,4096,1792,2896.908,6390.678,3393.232,0.1421
mixed,64,16,0.25,4.0,32,0,2048,8192,3584,5618.141,12606.481,6408.857,0.1131
mixed,64,16,0.25,4.0,32,0,4096,16384,7168,11057.281,25026.627,12580.854,0.1091
mixed,64,16,0.25,4.0,32,512,128,512,224,578.75,1022.041,641.948,0.1426
mixed,64,16,0.25,4.0,32,512,256,1024,448,920.313,1793.686,1032.858,0.1289
mixed,64,16,0.25,4.0,32,512,512,2048,896,1600.759,3340.937,1801.49,0.1154
mixed,64,16,0.25,4.0,32,512,1024,4096,1792,2956.239,6452.989,3459.787,0.144
mixed,64,16,0.25,4.0,32,512,2048,8192,3584,5675.069,12671.155,6449.72,0.1107
mixed,64,16,0.25,4.0,32,512,4096,16384,7168,11113.854,25067.115,12660.917,0.1109
mixed,64,16,0.25,4.0,32,1024,128,512,224,651.101,1089.37,705.246,0.1235
mixed,64,16,0.25,4.0,32,1024,256,1024,448,991.545,1864.308,1088.028,0.1105
mixed,64,16,0.25,4.0,32,1024,512,2048,896,1673.75,3414.572,1877.399,0.117
mixed,64,16,0.25,4.0,32,1024,1024,4096,1792,3030.863,6519.609,3491.017,0.1319
mixed,64,16,0.25,4.0,32,1024,2048,8192,3584,5743.678,12734.259,6883.99,0.1631
mixed,64,16,0.25,4.0,32,1024,4096,16384,7168,11188.543,25160.874,12687.704,0.1073
mixed,64,16,0.25,4.0,32,2048,128,512,224,681.886,1119.608,742.364,0.1382
mixed,64,16,0.25,4.0,32,2048,256,1024,448,1028.246,1896.918,1134.84,0.1227
mixed,64,16,0.25,4.0,32,2048,512,2048,896,1705.399,3450.154,1927.316,0.1272
mixed,64,16,0.25,4.0,32,2048,1024,4096,1792,3062.155,6550.585,3467.758,0.1163
mixed,64,16,0.25,4.0,32,2048,2048,8192,3584,5771.037,12768.279,6572.183,0.1145
mixed,64,16,0.25,4.0,32,2048,4096,16384,7168,11220.732,25193.519,12752.441,0.1096
mixed,64,16,0.25,4.0,32,4096,128,512,224,794.042,1235.448,845.052,0.1156
mixed,64,16,0.25,4.0,32,4096,256,1024,448,1137.401,2005.46,1225.273,0.1012
mixed,64,16,0.25,4.0,32,4096,512,2048,896,1815.861,3555.849,2032.914,0.1247
mixed,64,16,0.25,4.0,32,4096,1024,4096,1792,3170.414,6664.825,3495.435,0.093
mixed,64,16,0.25,4.0,32,4096,2048,8192,3584,5889.18,12872.626,6655.478,0.1097
mixed,64,16,0.25,4.0,32,4096,4096,16384,7168,11325.884,25300.971,12855.476,0.1095
mixed,64,16,0.25,4.0,32,8192,128,512,224,1003.515,1440.278,1060.567,0.1306
mixed,64,16,0.25,4.0,32,8192,256,1024,448,1341.529,2221.969,1449.558,0.1227
mixed,64,16,0.25,4.0,32,8192,512,2048,896,2022.324,3772.009,2221.523,0.1138
mixed,64,16,0.25,4.0,32,8192,1024,4096,1792,3383.082,6873.015,3876.905,0.1415
mixed,64,16,0.25,4.0,32,8192,2048,8192,3584,6095.899,13082.898,6882.424,0.1126
mixed,64,16,0.25,4.0,32,8192,4096,16384,7168,11539.773,25517.55,13073.938,0.1098
mixed,64,16,0.25,4.0,64,0,128,512,224,524.124,963.513,587.772,0.1449
mixed,64,16,0.25,4.0,64,0,256,1024,448,864.058,1738.549,962.299,0.1123
mixed,64,16,0.25,4.0,64,0,512,2048,896,1546.902,3291.116,1755.285,0.1195
mixed,64,16,0.25,4.0,64,0,1024,4096,1792,2904.814,6393.37,3317.483,0.1183
mixed,64,16,0.25,4.0,64,0,2048,8192,3584,5621.217,12605.267,6414.808,0.1136
mixed,64,16,0.25,4.0,64,0,4096,16384,7168,11054.369,25006.639,12567.545,0.1085
mixed,64,16,0.25,4.0,64,512,128,512,224,663.963,1104.248,718.332,0.1235
mixed,64,16,0.25,4.0,64,512,256,1024,448,1004.442,1880.277,1113.628,0.1247
mixed,64,16,0.25,4.0,64,512,512,2048,896,1686.424,3429.711,1888.085,0.1157
mixed,64,16,0.25,4.0,64,512,1024,4096,1792,3038.796,6533.821,3450.987,0.1179
mixed,64,16,0.25,4.0,64,512,2048,8192,3584,5755.454,12749.971,6646.329,0.1274
mixed,64,16,0.25,4.0,64,512,4096,16384,7168,11199.519,25162.067,12700.984,0.1075
mixed,64,16,0.25,4.0,64,1024,128,512,224,740.059,1179.832,798.49,0.1329
mixed,64,16,0.25,4.0,64,1024,256,1024,448,1081.049,1961.142,1187.415,0.1209
mixed,64,16,0.25,4.0,64,1024,512,2048,896,1762.743,3505.546,1964.533,0.1158
mixed,64,16,0.25,4.0,64,1024,1024,4096,1792,3117.642,6612.983,3621.772,0.1442
mixed,64,16,0.25,4.0,64,1024,2048,8192,3584,5832.99,12835.992,6602.811,0.1099
mixed,64,16,0.25,4.0,64,1024,4096,16384,7168,11278.273,25247.952,12633.718,0.097
mixed,64,16,0.25,4.0,64,2048,128,512,224,845.339,1285.849,890.17,0.1018
mixed,64,16,0.25,4.0,64,2048,256,1024,448,1185.914,2059.059,1280.888,0.1088
mixed,64,16,0.25,4.0,64,2048,512,2048,896,1871.285,3607.599,2071.475,0.1153
mixed,64,16,0.25,4.0,64,2048,1024,4096,1792,3221.355,6722.044,3755.725,0.1526
mixed,64,16,0.25,4.0,64,2048,2048,8192,3584,5934.944,12925.91,6710.807,0.111
mixed,64,16,0.25,4.0,64,2048,4096,16384,7168,11375.202,25348.723,12904.918,0.1095
mixed,64,16,0.25,4.0,64,4096,128,512,224,1046.074,1488.119,1106.362,0.1364
mixed,64,16,0.25,4.0,64,4096,256,1024,448,1388.025,2262.226,1495.764,0.1232
mixed,64,16,0.25,4.0,64,4096,512,2048,896,2069.522,3813.995,2266.161,0.1127
mixed,64,16,0.25,4.0,64,4096,1024,4096,1792,3418.575,6917.592,3770.472,0.1006
mixed,64,16,0.25,4.0,64,4096,2048,8192,3584,6137.532,13137.269,6931.962,0.1135
mixed,64,16,0.25,4.0,64,4096,4096,16384,7168,11577.981,25555.667,13126.2,0.1108
mixed,64,16,0.25,4.0,64,8192,128,512,224,1444.439,1882.837,1480.28,0.0818
mixed,64,16,0.25,4.0,64,8192,256,1024,448,1782.454,2655.152,1876.212,0.1074
mixed,64,16,0.25,4.0,64,8192,512,2048,896,2466.832,4209.319,2673.906,0.1188
mixed,64,16,0.25,4.0,64,8192,1024,4096,1792,3817.964,7319.702,4260.712,0.1264
mixed,64,16,0.25,4.0,64,8192,2048,8192,3584,6533.434,13531.25,7307.124,0.1106
mixed,64,16,0.25,4.0,64,8192,4096,16384,7168,11975.518,25940.943,13533.269,0.1115
mixed,64,16,0.25,4.0,128,0,128,512,224,546.173,985.563,605.02,0.1339
mixed,64,16,0.25,4.0,128,0,256,1024,448,886.043,1762.774,990.459,0.1191
mixed,64,16,0.25,4.0,128,0,512,2048,896,1565.078,3313.421,1772.278,0.1185
mixed,64,16,0.25,4.0,128,0,1024,4096,1792,2919.185,6419.295,3201.039,0.0805
mixed,64,16,0.25,4.0,128,0,2048,8192,3584,5646.173,12625.689,6411.001,0.1096
mixed,64,16,0.25,4.0,128,0,4096,16384,7168,11074.789,25060.22,12599.446,0.109
mixed,64,16,0.25,4.0,128,512,128,512,224,790.844,1230.808,843.74,0.1202
mixed,64,16,0.25,4.0,128,512,256,1024,448,1133.243,2002.484,1220.342,0.1002
mixed,64,16,0.25,4.0,128,512,512,2048,896,1814.55,3556.428,2017.938,0.1168
mixed,64,16,0.25,4.0,128,512,1024,4096,1792,3172.977,6656.347,3604.524,0.1239
mixed,64,16,0.25,4.0,128,512,2048,8192,3584,5892.382,12876.797,6650.139,0.1085
mixed,64,16,0.25,4.0,128,512,4096,16384,7168,11326.468,25295.124,12840.472,0.1084
mixed,64,16,0.25,4.0,128,1024,128,512,224,889.371,1328.985,945.115,0.1268
mixed,64,16,0.25,4.0,128,1024,256,1024,448,1228.25,2102.292,1344.791,0.1333
mixed,64,16,0.25,4.0,128,1024,512,2048,896,1909.781,3652.75,2109.525,0.1146
mixed,64,16,0.25,4.0,128,1024,1024,4096,1792,3269.325,6763.098,3675.182,0.1162
mixed,64,16,0.25,4.0,128,1024,2048,8192,3584,5984.063,12975.196,6760.859,0.1111
mixed,64,16,0.25,4.0,128,1024,4096,16384,7168,11423.647,25386.007,12943.645,0.1089
mixed,64,16,0.25,4.0,128,2048,128,512,224,1096.154,1534.07,1124.281,0.0642
mixed,64,16,0.25,4.0,128,2048,256,1024,448,1436.791,2306.418,1561.109,0.143
mixed,64,16,0.25,4.0,128,2048,512,2048,896,2116.34,3859.627,2311.859,0.1122
mixed,64,16,0.25,4.0,128,2048,1024,4096,1792,3469.902,6973.305,3867.435,0.1135
mixed,64,16,0.25,4.0,128,2048,2048,8192,3584,6195.489,13176.281,6949.592,0.108
mixed,64,16,0.25,4.0,128,2048,4096,16384,7168,11628.767,25600.565,13135.865,0.1079
mixed,64,16,0.25,4.0,128,4096,128,512,224,1488.376,1931.478,1542.776,0.1228
mixed,64,16,0.25,4.0,128,4096,256,1024,448,1829.368,2707.313,1947.475,0.1345
mixed,64,16,0.25,4.0,128,4096,512,2048,896,2509.425,4250.825,2708.497,0.1143
mixed,64,16,0.25,4.0,128,4096,1024,4096,1792,3863.467,7360.73,4279.177,0.1189
mixed,64,16,0.25,4.0,128,4096,2048,8192,3584,6581.855,13580.693,7374.424,0.1132
mixed,64,16,0.25,4.0,128,4096,4096,16384,7168,12014.401,26003.386,13533.973,0.1086
mixed,64,16,0.25,4.0,128,8192,128,512,224,2282.003,2719.412,2334.802,0.1207
mixed,64,16,0.25,4.0,128,8192,256,1024,448,2622.034,3497.772,2719.473,0.1113
mixed,64,16,0.25,4.0,128,8192,512,2048,896,3299.086,5037.825,3500.814,0.116
mixed,64,16,0.25,4.0,128,8192,1024,4096,1792,4658.661,8156.628,4981.574,0.0923
mixed,64,16,0.25,4.0,128,8192,2048,8192,3584,7368.439,14361.555,8140.66,0.1104
mixed,64,16,0.25,4.0,128,8192,4096,16384,7168,12810.845,26775.158,14362.995,0.1112
mixed,64,16,0.25,4.0,256,0,128,512,224,841.722,1282.905,893.244,0.1168
mixed,64,16,0.25,4.0,256,0,256,1024,448,1183.512,2053.877,1285.754,0.1175
mixed,64,16,0.25,4.0,256,0,512,2048,896,1863.991,3609.004,2063.477,0.1143
mixed,64,16,0.25,4.0,256,0,1024,4096,1792,3221.36,6713.531,3665.518,0.1272
mixed,64,16,0.25,4.0,256,0,2048,8192,3584,5937.634,12926.139,6700.858,0.1092
mixed,64,16,0.25,4.0,256,0,4096,16384,7168,11371.81,25348.218,12918.429,0.1107
mixed,64,16,0.25,4.0,256,512,128,512,224,1043.963,1482.524,1089.306,0.1034
mixed,64,16,0.25,4.0,256,512,256,1024,448,1382.967,2260.179,1479.479,0.11
mixed,64,16,0.25,4.0,256,512,512,2048,896,2066.742,3805.806,2267.027,0.1152
mixed,64,16,0.25,4.0,256,512,1024,4096,1792,3417.968,6905.148,3784.556,0.1051
mixed,64,16,0.25,4.0,256,512,2048,8192,3584,6135.17,13131.294,6905.853,0.1102
mixed,64,16,0.25,4.0,256,512,4096,16384,7168,11573.892,25541.056,13097.182,0.1091
mixed,64,16,0.25,4.0,256,1024,128,512,224,1241.627,1683.765,1295.512,0.1219
mixed,64,16,0.25,4.0,256,1024,256,1024,448,1583.447,2455.249,1683.574,0.1149
mixed,64,16,0.25,4.0,256,1024,512,2048,896,2265.746,4007.753,2468.82,0.1166
mixed,64,16,0.25,4.0,256,1024,1024,4096,1792,3618.189,7105.881,4016.619,0.1142
mixed,64,16,0.25,4.0,256,1024,2048,8192,3584,6340.352,13320.987,7111.354,0.1104
mixed,64,16,0.25,4.0,256,1024,4096,16384,7168,11762.115,25738.714,13295.418,0.1097
mixed,64,16,0.25,4.0,256,2048,128,512,224,1636.888,2079.927,1694.36,0.1297
mixed,64,16,0.25,4.0,256,2048,256,1024,448,1978.743,2859.376,2104.372,0.1427
mixed,64,16,0.25,4.0,256,2048,512,2048,896,2661.331,4405.321,2860.593,0.1143
mixed,64,16,0.25,4.0,256,2048,1024,4096,1792,4014.731,7508.761,4379.658,0.1044
mixed,64,16,0.25,4.0,256,2048,2048,8192,3584,6729.182,13721.306,7497.978,0.11
mixed,64,16,0.25,4.0,256,2048,4096,16384,7168,12171.297,26144.607,13715.032,0.1105
mixed,64,16,0.25,4.0,256,4096,128,512,224,2423.794,2866.865,2465.17,0.0934
mixed,64,16,0.25,4.0,256,4096,256,1024,448,2768.465,3647.18,2867.665,0.1129
mixed,64,16,0.25,4.0,256,4096,512,2048,896,3452.302,5195.268,3666.219,0.1227
mixed,64,16,0.25,4.0,256,4096,1024,4096,1792,4804.967,8305.718,5134.658,0.0942
mixed,64,16,0.25,4.0,256,4096,2048,8192,3584,7522.266,14507.221,8304.276,0.112
mixed,64,16,0.25,4.0,256,4096,4096,16384,7168,12959.964,26929.718,14515.096,0.1113
mixed,64,16,0.25,4.0,256,8192,128,512,224,4009.034,4448.968,4050.251,0.0937
mixed,64,16,0.25,4.0,256,8192,256,1024,448,4345.896,5223.557,4460.327,0.1304
mixed,64,16,0.25,4.0,256,8192,512,2048,896,5027.335,6775.771,5228.518,0.1151
mixed,64,16,0.25,4.0,256,8192,1024,4096,1792,6387.647,9877.486,6746.975,0.103
mixed,64,16,0.25,4.0,256,8192,2048,8192,3584,9099.316,16095.954,9877.84,0.1113
mixed,64,16,0.25,4.0,256,8192,4096,16384,7168,14546.68,28502.738,16076.429,0.1096
mixed,64,16,0.25,4.0,512,0,128,512,224,922.779,1360.407,988.156,0.1494
mixed,64,16,0.25,4.0,512,0,256,1024,448,1261.432,2138.867,1358.81,0.111
mixed,64,16,0.25,4.0,512,0,512,2048,896,1946.199,3691.085,2144.244,0.1135
mixed,64,16,0.25,4.0,512,0,1024,4096,1792,3300.4,6794.463,3624.334,0.0927
mixed,64,16,0.25,4.0,512,0,2048,8192,3584,6012.833,13010.305,6793.563,0.1116
mixed,64,16,0.25,4.0,512,0,4096,16384,7168,11456.519,25417.792,12980.797,0.1092
mixed,64,16,0.25,4.0,512,512,128,512,224,1343.26,1783.287,1399.354,0.1275
mixed,64,16,0.25,4.0,512,512,256,1024,448,1681.815,2567.41,1783.415,0.1147
mixed,64,16,0.25,4.0,512,512,512,2048,896,2366.292,4109.9,2568.852,0.1162
mixed,64,16,0.25,4.0,512,512,1024,4096,1792,3721.23,7207.356,4134.636,0.1186
mixed,64,16,0.25,4.0,512,512,2048,8192,3584,6435.389,13432.952,7192.64,0.1082
mixed,64,16,0.25,4.0,512,512,4096,16384,7168,11865.508,25835.296,13408.604,0.1105
mixed,64,16,0.25,4.0,512,1024,128,512,224,1738.389,2173.461,1802.967,0.1484
mixed,64,16,0.25,4.0,512,1024,256,1024,448,2077.013,2947.09,2192.309,0.1325
mixed,64,16,0.25,4.0,512,1024,512,2048,896,2755.7,4503.561,2961.902,0.118
mixed,64,16,0.25,4.0,512,1024,1024,4096,1792,4453.194,7605.02,4604.871,0.0481
mixed,64,16,0.25,4.0,512,1024,2048,8192,3584,6841.215,13816.631,7605.881,0.1096
mixed,64,16,0.25,4.0,512,1024,4096,16384,7168,12274.372,26227.905,13814.587,0.1104
mixed,64,16,0.25,4.0,512,2048,128,512,224,2532.115,2971.186,2581.907,0.1134
mixed,64,16,0.25,4.0,512,2048,256,1024,448,2870.514,3748.653,2971.666,0.1152
mixed,64,16,0.25,4.0,512,2048,512,2048,896,3556.235,5305.862,3751.31,0.1115
mixed,64,16,0.25,4.0,512,2048,1024,4096,1792,4904.903,8406.003,5408.967,0.144
mixed,64,16,0.25,4.0,512,2048,2048,8192,3584,7628.728,14618.171,8403.479,0.1108
mixed,64,16,0.25,4.0,512,2048,4096,16384,7168,13064.035,27054.46,14574.489,0.108
mixed,64,16,0.25,4.0,512,4096,128,512,224,4119.82,4546.155,4178.7,0.1381
mixed,64,16,0.25,4.0,512,4096,256,1024,448,4459.658,5319.142,4556.424,0.1126
mixed,64,16,0.25,4.0,512,4096,512,2048,896,5134.599,6875.454,5341.063,0.1186
mixed,64,16,0.25,4.0,512,4096,1024,4096,1792,6497.438,9989.899,6804.603,0.088
mixed,64,16,0.25,4.0,512,4096,2048,8192,3584,9197.459,16180.083,9952.656,0.1082
mixed,64,16,0.25,4.0,512,4096,4096,16384,7168,14646.364,28633.402,16138.575,0.1067
mixed,64,16,0.25,4.0,512,8192,128,512,224,7258.362,7664.924,7313.309,0.1352
mixed,64,16,0.25,4.0,512,8192,256,1024,448,7593.369,8482.393,7714.042,0.1357
mixed,64,16,0.25,4.0,512,8192,512,2048,896,8285.175,10015.218,8467.223,0.1052
mixed,64,16,0.25,4.0,512,8192,1024,4096,1792,9642.224,13134.975,10095.279,0.1297
mixed,64,16,0.25,4.0,512,8192,2048,8192,3584,12367.336,19345.987,13146.627,0.1117
mixed,64,16,0.25,4.0,512,8192,4096,16384,7168,17798.793,31786.414,19332.897,0.1097
mixed,64,16,0.25,4.0,1024,0,128,512,224,1708.471,2149.78,1770.967,0.1416
mixed,64,16,0.25,4.0,1024,0,256,1024,448,2050.967,2926.993,2150.549,0.1137
mixed,64,16,0.25,4.0,1024,0,512,2048,896,2731.124,4477.355,2936.721,0.1177
mixed,64,16,0.25,4.0,1024,0,1024,4096,1792,4087.915,7582.522,4502.122,0.1185
mixed,64,16,0.25,4.0,1024,0,2048,8192,3584,6804.257,13796.862,7586.108,0.1118
mixed,64,16,0.25,4.0,1024,0,4096,16384,7168,12239.814,25348.938,13311.267,0.0817
mixed,64,16,0.25,4.0,1024,512,128,512,224,2418.675,2837.362,2631.508,0.5083
mixed,64,16,0.25,4.0,1024,512,256,1024,448,2899.795,3781.645,3012.757,0.1281
mixed,64,16,0.25,4.0,1024,512,512,2048,896,3579.568,5324.071,3784.877,0.1177
mixed,64,16,0.25,4.0,1024,512,1024,4096,1792,4946.376,8428.027,5398.953,0.13
mixed,64,16,0.25,4.0,1024,512,2048,8192,3584,7662.01,14661.982,8443.578,0.1117
mixed,64,16,0.25,4.0,1024,512,4096,16384,7168,13101.061,25960.968,15775.188,0.2079
mixed,64,16,0.25,4.0,1024,1024,128,512,224,3364.21,3808.94,3431.505,0.1513
mixed,64,16,0.25,4.0,1024,1024,256,1024,448,3708.397,4575.147,3841.518,0.1536
mixed,64,16,0.25,4.0,1024,1024,512,2048,896,4382.507,6126.596,4585.931,0.1166
mixed,64,16,0.25,4.0,1024,1024,1024,4096,1792,5738.15,9234.744,6293.475,0.1588
mixed,64,16,0.25,4.0,1024,1024,2048,8192,3584,8462.17,15447.831,8907.573,0.0638
mixed,64,16,0.25,4.0,1024,1024,4096,16384,7168,13370.432,27868.224,14216.801,0.0584
mixed,64,16,0.25,4.0,1024,2048,128,512,224,4180.588,5540.901,5012.359,0.6115
mixed,64,16,0.25,4.0,1024,2048,256,1024,448,5281.799,6159.298,5368.9,0.0993
mixed,64,16,0.25,4.0,1024,2048,512,2048,896,5962.978,7713.563,6160.544,0.1129
mixed,64,16,0.25,4.0,1024,2048,1024,4096,1792,7337.247,10817.166,7534.429,0.0567
mixed,64,16,0.25,4.0,1024,2048,2048,8192,3584,9845.013,17157.295,10805.263,0.1313
mixed,64,16,0.25,4.0,1024,2048,4096,16384,7168,15169.305,27621.342,14522.044,-0.052
mixed,64,16,0.25,4.0,1024,4096,128,512,224,6120.447,8545.177,8114.746,0.8225
mixed,64,16,0.25,4.0,1024,4096,256,1024,448,8420.855,9289.557,8493.464,0.0836
mixed,64,16,0.25,4.0,1024,4096,512,2048,896,9102.488,10826.8,9093.3,-0.0053
mixed,64,16,0.25,4.0,1024,4096,1024,4096,1792,10246.445,13653.348,10338.64,0.0271
mixed,64,16,0.25,4.0,1024,4096,2048,8192,3584,12428.839,20146.083,12662.596,0.0303
mixed,64,16,0.25,4.0,1024,4096,4096,16384,7168,16735.539,33166.763,19357.956,0.1596
mixed,64,16,0.25,4.0,1024,8192,128,512,224,12128.9,12495.619,12158.7,0.0813
mixed,64,16,0.25,4.0,1024,8192,256,1024,448,14797.789,14458.842,13746.302,
mixed,64,16,0.25,4.0,1024,8192,512,2048,896,15096.63,17108.849,13980.165,-0.5548
mixed,64,16,0.25,4.0,1024,8192,1024,4096,1792,15013.722,18313.388,14803.322,-0.0638
mixed,64,16,0.25,4.0,1024,8192,2048,8192,3584,16841.139,26514.89,20308.291,0.3584
mixed,64,16,0.25,4.0,1024,8192,4096,16384,7168,21985.915,33672.296,22715.994,0.0625
mixed,64,16,0.25,4.0,2048,0,128,512,224,3366.13,3754.605,3775.535,1.0539
mixed,64,16,0.25,4.0,2048,0,256,1024,448,4706.155,4386.252,3633.902,
mixed,64,16,0.25,4.0,2048,0,512,2048,896,4159.276,7331.293,4479.244,0.1009
mixed,64,16,0.25,4.0,2048,0,1024,4096,1792,5381.511,8485.596,5721.285,0.1095
mixed,64,16,0.25,4.0,2048,0,2048,8192,3584,7798.492,16675.378,8548.442,0.0845
mixed,64,16,0.25,4.0,2048,0,4096,16384,7168,12666.854,25223.983,13942.497,0.1016
mixed,64,16,0.25,4.0,2048,512,128,512,224,4361.674,4755.753,4965.002,1.531
mixed,64,16,0.25,4.0,2048,512,256,1024,448,6280.516,5487.876,4755.913,
mixed,64,16,0.25,4.0,2048,512,512,2048,896,5292.617,6832.579,5462.917,0.1106
mixed,64,16,0.25,4.0,2048,512,1024,4096,1792,6499.106,9597.911,6889.568,0.126
mixed,64,16,0.25,4.0,2048,512,2048,8192,3584,8948.056,15170.208,11001.68,0.3301
mixed,64,16,0.25,4.0,2048,512,4096,16384,7168,13820.225,26363.981,15290.622,0.1172
mixed,64,16,0.25,4.0,2048,1024,128,512,224,5475.272,5876.037,5521.094,0.1143
mixed,64,16,0.25,4.0,2048,1024,256,1024,448,7836.605,7021.537,5879.686,
mixed,64,16,0.25,4.0,2048,1024,512,2048,896,6406.212,7940.829,6591.876,0.121
mixed,64,16,0.25,4.0,2048,1024,1024,4096,1792,7618.753,10716.815,9573.495,0.631
mixed,64,16,0.25,4.0,2048,1024,2048,8192,3584,10510.672,16234.075,10853.456,0.0599
mixed,64,16,0.25,4.0,2048,1024,4096,16384,7168,14940.922,27472.428,15902.429,0.0767
mixed,64,16,0.25,4.0,2048,2048,128,512,224,7783.965,8179.74,11152.176,8.5104
mixed,64,16,0.25,4.0,2048,2048,256,1024,448,8576.249,8866.999,8160.285,-1.4307
mixed,64,16,0.25,4.0,2048,2048,512,2048,896,8654.232,12621.482,10953.773,0.5796
mixed,64,16,0.25,4.0,2048,2048,1024,4096,1792,9874.838,13041.476,10324.179,0.1419
mixed,64,16,0.25,4.0,2048,2048,2048,8192,3584,12347.179,18519.31,13117.319,0.1248
mixed,64,16,0.25,4.0,2048,2048,4096,16384,7168,17155.861,29763.648,18602.447,0.1147
mixed,64,16,0.25,4.0,2048,4096,128,512,224,12285.737,12664.141,12389.258,0.2736
mixed,64,16,0.25,4.0,2048,4096,256,1024,448,12587.882,17066.997,15104.734,0.5619
mixed,64,16,0.25,4.0,2048,4096,512,2048,896,13169.321,14783.361,13418.216,0.1542
mixed,64,16,0.25,4.0,2048,4096,1024,4096,1792,14465.954,20817.384,14806.91,0.0537
mixed,64,16,0.25,4.0,2048,4096,2048,8192,3584,16850.613,23167.1,17711.155,0.1362
mixed,64,16,0.25,4.0,2048,4096,4096,16384,7168,21737.635,34268.881,23279.32,0.123
mixed,64,16,0.25,4.0,2048,8192,128,512,224,21119.143,21592.098,21159.648,0.0856
mixed,64,16,0.25,4.0,2048,8192,256,1024,448,22821.343,31539.164,21563.139,-0.1443
mixed,64,16,0.25,4.0,2048,8192,512,2048,896,22065.347,23736.342,31300.054,5.5265
mixed,64,16,0.25,4.0,2048,8192,1024,4096,1792,23196.22,26421.999,23800.952,0.1875
mixed,64,16,0.25,4.0,2048,8192,2048,8192,3584,25814.413,32184.94,26645.998,0.1305
mixed,64,16,0.25,4.0,2048,8192,4096,16384,7168,30697.85,43136.421,32123.354,0.1146
pure,64,32,0.5,4.0,0,0,128,512,320,517.66,778.844,634.557,0.4476
pure,64,32,0.5,4.0,0,0,256,1024,640,1085.694,1667.289,1165.818,0.1378
pure,64,32,0.5,4.0,0,0,512,2048,1280,2053.816,3220.561,2250.007,0.1682
pure,64,32,0.5,4.0,0,0,1024,4096,2560,3995.278,6326.084,4362.606,0.1576
pure,64,32,0.5,4.0,0,0,2048,8192,5120,7884.767,12538.412,8611.67,0.1562
pure,64,32,0.5,4.0,0,0,4096,16384,10240,15635.868,24960.178,17090.486,0.156
mixed,64,32,0.5,4.0,16,0,128,512,320,628.318,920.861,668.925,0.1388
mixed,64,32,0.5,4.0,16,0,256,1024,640,1112.606,1695.545,1199.676,0.1494
mixed,64,32,0.5,4.0,16,0,512,2048,1280,2083.928,3244.69,2278.485,0.1676
mixed,64,32,0.5,4.0,16,0,1024,4096,2560,4024.91,6351.235,4453.324,0.1842
mixed,64,32,0.5,4.0,16,0,2048,8192,5120,7914.624,12569.194,8723.001,0.1737
mixed,64,32,0.5,4.0,16,0,4096,16384,10240,15662.651,24997.302,17149.368,0.1593
mixed,64,32,0.5,4.0,16,512,128,512,320,680.445,972.955,713.66,0.1136
mixed,64,32,0.5,4.0,16,512,256,1024,640,1167.995,1749.562,1256.443,0.1521
mixed,64,32,0.5,4.0,16,512,512,2048,1280,2133.783,3298.419,2319.349,0.1593
mixed,64,32,0.5,4.0,16,512,1024,4096,2560,4079.759,6403.588,4433.198,0.1521
mixed,64,32,0.5,4.0,16,512,2048,8192,5120,7955.902,12616.011,8703.034,0.1603
mixed,64,32,0.5,4.0,16,512,4096,16384,10240,15730.556,25056.917,17174.966,0.1549
mixed,64,32,0.5,4.0,16,1024,128,512,320,704.954,993.02,736.669,0.1101
mixed,64,32,0.5,4.0,16,1024,256,1024,640,1184.571,1770.328,1275.865,0.1559
mixed,64,32,0.5,4.0,16,1024,512,2048,1280,2158.68,3320.435,2378.035,0.1888
mixed,64,32,0.5,4.0,16,1024,1024,4096,2560,4094.413,6423.975,4554.828,0.1976
mixed,64,32,0.5,4.0,16,1024,2048,8192,5120,7982.43,12649.32,8637.789,0.1404
mixed,64,32,0.5,4.0,16,1024,4096,16384,10240,15753.534,25061.752,17032.986,0.1375
mixed,64,32,0.5,4.0,16,2048,128,512,320,725.247,1018.781,765.437,0.1369
mixed,64,32,0.5,4.0,16,2048,256,1024,640,1213.881,1795.703,1309.786,0.1648
mixed,64,32,0.5,4.0,16,2048,512,2048,1280,2187.352,3345.746,2377.078,0.1638
mixed,64,32,0.5,4.0,16,2048,1024,4096,2560,4122.063,6456.099,4541.55,0.1797
mixed,64,32,0.5,4.0,16,2048,2048,8192,5120,8012.028,12654.279,8762.939,0.1618
mixed,64,32,0.5,4.0,16,2048,4096,16384,10240,15774.591,25100.983,17081.945,0.1402
mixed,64,32,0.5,4.0,16,4096,128,512,320,783.869,1075.327,816.831,0.1131
mixed,64,32,0.5,4.0,16,4096,256,1024,640,1267.995,1852.087,1366.234,0.1682
mixed,64,32,0.5,4.0,16,4096,512,2048,1280,2237.782,3402.674,2430.899,0.1658
mixed,64,32,0.5,4.0,16,4096,1024,4096,2560,4182.417,6503.237,4608.494,0.1836
mixed,64,32,0.5,4.0,16,4096,2048,8192,5120,8058.14,12719.822,8719.612,0.1419
mixed,64,32,0.5,4.0,16,4096,4096,16384,10240,15817.598,25147.417,17333.72,0.1625
mixed,64,32,0.5,4.0,16,8192,128,512,320,891.579,1190.106,918.777,0.0911
mixed,64,32,0.5,4.0,16,8192,256,1024,640,1373.594,1960.344,1479.065,0.1798
mixed,64,32,0.5,4.0,16,8192,512,2048,1280,2344.534,3508.306,2545.942,0.1731
mixed,64,32,0.5,4.0,16,8192,1024,4096,2560,4286.095,6610.822,4709.355,0.1821
mixed,64,32,0.5,4.0,16,8192,2048,8192,5120,8167.679,12829.446,8922.746,0.162
mixed,64,32,0.5,4.0,16,8192,4096,16384,10240,15921.945,25252.442,17382.902,0.1566
mixed,64,32,0.5,4.0,32,0,128,512,320,667.773,960.764,706.495,0.1322
mixed,64,32,0.5,4.0,32,0,256,1024,640,1152.667,1735.928,1222.299,0.1194
mixed,64,32,0.5,4.0,32,0,512,2048,1280,2125.399,3289.362,2294.167,0.145
mixed,64,32,0.5,4.0,32,0,1024,4096,2560,4062.543,6391.653,4431.662,0.1585
mixed,64,32,0.5,4.0,32,0,2048,8192,5120,7944.893,12606.955,8685.784,0.1589
mixed,64,32,0.5,4.0,32,0,4096,16384,10240,15696.513,25020.348,17196.184,0.1608
mixed,64,32,0.5,4.0,32,512,128,512,320,723.486,1019.228,758.46,0.1183
mixed,64,32,0.5,4.0,32,512,256,1024,640,1209.754,1791.416,1309.306,0.1712
mixed,64,32,0.5,4.0,32,512,512,2048,1280,2176.534,3343.569,2381.299,0.1755
mixed,64,32,0.5,4.0,32,512,1024,4096,2560,4127.116,6455.811,4550.188,0.1817
mixed,64,32,0.5,4.0,32,512,2048,8192,5120,8001.917,12658.635,8732.699,0.1569
mixed,64,32,0.5,4.0,32,512,4096,16384,10240,15760.985,25091.097,17263.129,0.161
mixed,64,32,0.5,4.0,32,1024,128,512,320,795.069,1087.932,828.507,0.1142
mixed,64,32,0.5,4.0,32,1024,256,1024,640,1282.461,1862.391,1383.802,0.1747
mixed,64,32,0.5,4.0,32,1024,512,2048,1280,2250.646,3416.784,2431.031,0.1547
mixed,64,32,0.5,4.0,32,1024,1024,4096,2560,4193.486,6526.177,4549.23,0.1525
mixed,64,32,0.5,4.0,32,1024,2048,8192,5120,8082.908,12736.298,8793.406,0.1527
mixed,64,32,0.5,4.0,32,1024,4096,16384,10240,15840.924,25166.264,17359.738,0.1629
mixed,64,32,0.5,4.0,32,2048,128,512,320,834.077,1120.283,865.37,0.1093
mixed,64,32,0.5,4.0,32,2048,256,1024,640,1314.459,1895.64,1416.473,0.1755
mixed,64,32,0.5,4.0,32,2048,512,2048,1280,2289.461,3448.656,2476.918,0.1617
mixed,64,32,0.5,4.0,32,2048,1024,4096,2560,4223.886,6560.929,4604.876,0.163
mixed,64,32,0.5,4.0,32,2048,2048,8192,5120,8108.287,12784.81,8857.436,0.1602
mixed,64,32,0.5,4.0,32,2048,4096,16384,10240,15874.558,25186.679,17331.158,0.1564
mixed,64,32,0.5,4.0,32,4096,128,512,320,938.524,1233.307,970.203,0.1075
mixed,64,32,0.5,4.0,32,4096,256,1024,640,1422.682,2003.994,1522.586,0.1719
mixed,64,32,0.5,4.0,32,4096,512,2048,1280,2397.494,3557.807,2634.039,0.2039
mixed,64,32,0.5,4.0,32,4096,1024,4096,2560,4332.975,6668.064,4759.278,0.1826
mixed,64,32,0.5,4.0,32,4096,2048,8192,5120,8222.846,12878.25,8991.194,0.165
mixed,64,32,0.5,4.0,32,4096,4096,16384,10240,15975.583,25300.889,17365.978,0.1491
mixed,64,32,0.5,4.0,32,8192,128,512,320,1154.202,1440.666,1189.564,0.1234
mixed,64,32,0.5,4.0,32,8192,256,1024,640,1635.162,2215.638,1749.749,0.1974
mixed,64,32,0.5,4.0,32,8192,512,2048,1280,2598.74,3769.553,2836.374,0.203
mixed,64,32,0.5,4.0,32,8192,1024,4096,2560,4541.644,6875.777,4908.46,0.1572
mixed,64,32,0.5,4.0,32,8192,2048,8192,5120,8429.114,13092.423,9150.075,0.1546
mixed,64,32,0.5,4.0,32,8192,4096,16384,10240,16189.885,25515.998,17731.766,0.1653
mixed,64,32,0.5,4.0,64,0,128,512,320,671.07,965.051,706.941,0.122
mixed,64,32,0.5,4.0,64,0,256,1024,640,1159.164,1740.633,1239.004,0.1373
mixed,64,32,0.5,4.0,64,0,512,2048,1280,2125.589,3289.779,2343.478,0.1872
mixed,64,32,0.5,4.0,64,0,1024,4096,2560,4070.831,6389.732,4467.247,0.1709
mixed,64,32,0.5,4.0,64,0,2048,8192,5120,7949.086,12609.163,8774.298,0.1771
mixed,64,32,0.5,4.0,64,0,4096,16384,10240,15706.366,25003.103,17182.649,0.1588
mixed,64,32,0.5,4.0,64,512,128,512,320,812.7,1104.635,845.661,0.1129
mixed,64,32,0.5,4.0,64,512,256,1024,640,1293.563,1876.919,1388.508,0.1628
mixed,64,32,0.5,4.0,64,512,512,2048,1280,2266.324,3428.947,2474.868,0.1794
mixed,64,32,0.5,4.0,64,512,1024,4096,2560,4203.982,6531.049,4656.204,0.1943
mixed,64,32,0.5,4.0,64,512,2048,8192,5120,8085.728,12742.541,8891.899,0.1731
mixed,64,32,0.5,4.0,64,512,4096,16384,10240,15860.283,25183.291,17351.381,0.1599
mixed,64,32,0.5,4.0,64,1024,128,512,320,888.54,1180.601,921.018,0.1112
mixed,64,32,0.5,4.0,64,1024,256,1024,640,1369.978,1953.62,1474.712,0.1794
mixed,64,32,0.5,4.0,64,1024,512,2048,1280,2343.347,3510.225,2558.997,0.1848
mixed,64,32,0.5,4.0,64,1024,1024,4096,2560,4282.541,6607.044,4729.677,0.1924
mixed,64,32,0.5,4.0,64,1024,2048,8192,5120,8159.674,12829.292,8824.442,0.1424
mixed,64,32,0.5,4.0,64,1024,4096,16384,10240,15915.615,25241.206,17246.524,0.1427
mixed,64,32,0.5,4.0,64,2048,128,512,320,991.581,1287.356,1025.948,0.1162
mixed,64,32,0.5,4.0,64,2048,256,1024,640,1480.666,2058.712,1583.611,0.1781
mixed,64,32,0.5,4.0,64,2048,512,2048,1280,2448.085,3614.129,2672.564,0.1925
mixed,64,32,0.5,4.0,64,2048,1024,4096,2560,4390.767,6715.364,4800.81,0.1764
mixed,64,32,0.5,4.0,64,2048,2048,8192,5120,8266.304,12918.894,8997.531,0.1572
mixed,64,32,0.5,4.0,64,2048,4096,16384,10240,16046.942,25349.53,17540.022,0.1605
mixed,64,32,0.5,4.0,64,4096,128,512,320,1193.692,1483.672,1226.969,0.1148
mixed,64,32,0.5,4.0,64,4096,256,1024,640,1678.073,2261.879,1791.353,0.194
mixed,64,32,0.5,4.0,64,4096,512,2048,1280,2649.907,3815.666,2856.435,0.1772
mixed,64,32,0.5,4.0,64,4096,1024,4096,2560,4581.578,6924.32,4973.292,0.1672
mixed,64,32,0.5,4.0,64,4096,2048,8192,5120,8473.375,13131.914,9166.682,0.1488
mixed,64,32,0.5,4.0,64,4096,4096,16384,10240,16243.39,25550.808,17667.609,0.153
mixed,64,32,0.5,4.0,64,8192,128,512,320,1591.129,1885.049,1619.512,0.0966
mixed,64,32,0.5,4.0,64,8192,256,1024,640,2076.92,2655.702,2186.135,0.1887
mixed,64,32,0.5,4.0,64,8192,512,2048,1280,3041.587,4205.839,3254.834,0.1832
mixed,64,32,0.5,4.0,64,8192,1024,4096,2560,4987.656,7313.761,5411.242,0.1821
mixed,64,32,0.5,4.0,64,8192,2048,8192,5120,8864.764,13518.762,9611.545,0.1605
mixed,64,32,0.5,4.0,64,8192,4096,16384,10240,16626.106,25954.201,18069.177,0.1547
mixed,64,32,0.5,4.0,128,0,128,512,320,693.115,986.27,726.847,0.1151
mixed,64,32,0.5,4.0,128,0,256,1024,640,1180.313,1761.947,1274.713,0.1623
mixed,64,32,0.5,4.0,128,0,512,2048,1280,2149.302,3313.747,2356.694,0.1781
mixed,64,32,0.5,4.0,128,0,1024,4096,2560,4088.943,6415.01,4513.582,0.1826
mixed,64,32,0.5,4.0,128,0,2048,8192,5120,7967.937,12630.927,8707.486,0.1586
mixed,64,32,0.5,4.0,128,0,4096,16384,10240,15734.784,25066.333,17145.436,0.1512
mixed,64,32,0.5,4.0,128,512,128,512,320,936.475,1229.5,965.851,0.1003
mixed,64,32,0.5,4.0,128,512,256,1024,640,1421.691,2003.863,1535.064,0.1947
mixed,64,32,0.5,4.0,128,512,512,2048,1280,2391.638,3553.136,2581.974,0.1639
mixed,64,32,0.5,4.0,128,512,1024,4096,2560,4330.959,6667.976,4696.236,0.1563
mixed,64,32,0.5,4.0,128,512,2048,8192,5120,8218.205,12866.667,8975.359,0.1629
mixed,64,32,0.5,4.0,128,512,4096,16384,10240,15974.113,25273.183,17444.894,0.1582
mixed,64,32,0.5,4.0,128,1024,128,512,320,1041.692,1326.459,1061.498,0.0696
mixed,64,32,0.5,4.0,128,1024,256,1024,640,1522.522,2104.727,1636.569,0.1959
mixed,64,32,0.5,4.0,128,1024,512,2048,1280,2491.448,3657.297,2733.363,0.2075
mixed,64,32,0.5,4.0,128,1024,1024,4096,2560,4427.404,6754.726,4808.076,0.1636
mixed,64,32,0.5,4.0,128,1024,2048,8192,5120,8309.853,12975.403,9068.411,0.1626
mixed,64,32,0.5,4.0,128,1024,4096,16384,10240,16071.552,25404.375,17599.127,0.1637
mixed,64,32,0.5,4.0,128,2048,128,512,320,1241.723,1535.26,1280.858,0.1333
mixed,64,32,0.5,4.0,128,2048,256,1024,640,1726.68,2307.862,1837.592,0.1908
mixed,64,32,0.5,4.0,128,2048,512,2048,1280,2697.747,3856.818,2929.269,0.1997
mixed,64,32,0.5,4.0,128,2048,1024,4096,2560,4633.003,6971.907,5054.028,0.18
mixed,64,32,0.5,4.0,128,2048,2048,8192,5120,8525.373,13170.063,9273.917,0.1612
mixed,64,32,0.5,4.0,128,2048,4096,16384,10240,16273.857,25597.5,17801.145,0.1638
mixed,64,32,0.5,4.0,128,4096,128,512,320,1638.165,1928.185,1665.305,0.0936
mixed,64,32,0.5,4.0,128,4096,256,1024,640,2123.416,2707.635,2237.014,0.1944
mixed,64,32,0.5,4.0,128,4096,512,2048,1280,3092.944,4259.501,3310.322,0.1863
mixed,64,32,0.5,4.0,128,4096,1024,4096,2560,5035.212,7358.435,5404.681,0.159
mixed,64,32,0.5,4.0,128,4096,2048,8192,5120,8917.787,13573.545,9672.408,0.1621
mixed,64,32,0.5,4.0,128,4096,4096,16384,10240,16698.494,26001.278,18149.621,0.156
mixed,64,32,0.5,4.0,128,8192,128,512,320,2429.427,2715.861,2451.606,0.0774
mixed,64,32,0.5,4.0,128,8192,256,1024,640,2910.932,3495.504,3031.381,0.206
mixed,64,32,0.5,4.0,128,8192,512,2048,1280,3879.568,5043.754,4092.174,0.1826
mixed,64,32,0.5,4.0,128,8192,1024,4096,2560,5825.864,8149.666,6208.134,0.1645
mixed,64,32,0.5,4.0,128,8192,2048,8192,5120,9703.387,14358.919,10429.143,0.1559
mixed,64,32,0.5,4.0,128,8192,4096,16384,10240,17454.587,26789.908,18945.364,0.1597
mixed,64,32,0.5,4.0,256,0,128,512,320,987.837,1282.523,1036.508,0.1652
mixed,64,32,0.5,4.0,256,0,256,1024,640,1476.601,2054.357,1572.761,0.1664
mixed,64,32,0.5,4.0,256,0,512,2048,1280,2440.47,3605.07,2663.989,0.1919
mixed,64,32,0.5,4.0,256,0,1024,4096,2560,4379.023,6725.51,4739.213,0.1535
mixed,64,32,0.5,4.0,256,0,2048,8192,5120,8268.891,12924.554,9013.886,0.16
mixed,64,32,0.5,4.0,256,0,4096,16384,10240,16049.95,25343.776,17417.404,0.1471
mixed,64,32,0.5,4.0,256,512,128,512,320,1188.953,1485.532,1221.757,0.1106
mixed,64,32,0.5,4.0,256,512,256,1024,640,1675.16,2263.254,1775.735,0.171
mixed,64,32,0.5,4.0,256,512,512,2048,1280,2648.757,3805.552,2838.388,0.1639
mixed,64,32,0.5,4.0,256,512,1024,4096,2560,4584.593,6910.85,4928.492,0.1478
mixed,64,32,0.5,4.0,256,512,2048,8192,5120,8470.524,13122.537,9224.089,0.162
mixed,64,32,0.5,4.0,256,512,4096,16384,10240,16232.163,25556.54,17753.496,0.1632
mixed,64,32,0.5,4.0,256,1024,128,512,320,1392.86,1681.849,1426.458,0.1163
mixed,64,32,0.5,4.0,256,1024,256,1024,640,1874.137,2453.015,1996.857,0.212
mixed,64,32,0.5,4.0,256,1024,512,2048,1280,2837.525,4005.997,3081.78,0.209
mixed,64,32,0.5,4.0,256,1024,1024,4096,2560,4782.767,7107.268,5205.706,0.1819
mixed,64,32,0.5,4.0,256,1024,2048,8192,5120,8660.385,13336.653,9409.946,0.1603
mixed,64,32,0.5,4.0,256,1024,4096,16384,10240,16418.203,25738.588,17920.346,0.1612
mixed,64,32,0.5,4.0,256,2048,128,512,320,1783.993,2076.984,1821.239,0.1271
mixed,64,32,0.5,4.0,256,2048,256,1024,640,2273.016,2858.966,2366.134,0.1589
mixed,64,32,0.5,4.0,256,2048,512,2048,1280,3241.62,4404.431,3475.505,0.2011
mixed,64,32,0.5,4.0,256,2048,1024,4096,2560,5180.779,7508.034,5565.388,0.1653
mixed,64,32,0.5,4.0,256,2048,2048,8192,5120,9069.818,13709.74,9786.042,0.1544
mixed,64,32,0.5,4.0,256,2048,4096,16384,10240,16815.965,26139.036,18319.448,0.1613
mixed,64,32,0.5,4.0,256,4096,128,512,320,2578.677,2870.26,2612.79,0.117
mixed,64,32,0.5,4.0,256,4096,256,1024,640,3056.692,3646.931,3170.322,0.1925
mixed,64,32,0.5,4.0,256,4096,512,2048,1280,4027.795,5195.946,4238.864,0.1807
mixed,64,32,0.5,4.0,256,4096,1024,4096,2560,5969.127,8305.183,6353.19,0.1644
mixed,64,32,0.5,4.0,256,4096,2048,8192,5120,9853.369,14521.799,10583.255,0.1563
mixed,64,32,0.5,4.0,256,4096,4096,16384,10240,17611.07,26940.612,19148.115,0.1648
mixed,64,32,0.5,4.0,256,8192,128,512,320,4155.599,4449.039,4183.345,0.0946
mixed,64,32,0.5,4.0,256,8192,256,1024,640,4635.467,5220.648,4752.782,0.2005
mixed,64,32,0.5,4.0,256,8192,512,2048,1280,5601.132,6774.243,5812.296,0.18
mixed,64,32,0.5,4.0,256,8192,1024,4096,2560,7543.428,9879.929,7920.317,0.1613
mixed,64,32,0.5,4.0,256,8192,2048,8192,5120,11432.467,16093.794,12175.277,0.1594
mixed,64,32,0.5,4.0,256,8192,4096,16384,10240,19203.512,28522.003,20715.18,0.1622
mixed,64,32,0.5,4.0,512,0,128,512,320,1068.347,1363.258,1100.733,0.1098
mixed,64,32,0.5,4.0,512,0,256,1024,640,1556.634,2137.271,1674.455,0.2029
mixed,64,32,0.5,4.0,512,0,512,2048,1280,2524.02,3700.051,2716.118,0.1633
mixed,64,32,0.5,4.0,512,0,1024,4096,2560,4464.781,6792.901,4909.838,0.1912
mixed,64,32,0.5,4.0,512,0,2048,8192,5120,8345.087,13008.461,9107.036,0.1634
mixed,64,32,0.5,4.0,512,0,4096,16384,10240,16109.636,25414.653,17581.818,0.1582
mixed,64,32,0.5,4.0,512,512,128,512,320,1489.274,1777.912,1525.817,0.1266
mixed,64,32,0.5,4.0,512,512,256,1024,640,1974.679,2557.174,2072.471,0.1679
mixed,64,32,0.5,4.0,512,512,512,2048,1280,2938.132,4111.12,3163.602,0.1922
mixed,64,32,0.5,4.0,512,512,1024,4096,2560,4884.589,7208.803,5274.345,0.1677
mixed,64,32,0.5,4.0,512,512,2048,8192,5120,8770.72,13426.06,9473.82,0.151
mixed,64,32,0.5,4.0,512,512,4096,16384,10240,16528.959,25845.15,18057.02,0.164
mixed,64,32,0.5,4.0,512,1024,128,512,320,1888.984,2176.919,1920.858,0.1107
mixed,64,32,0.5,4.0,512,1024,256,1024,640,2371.542,2951.571,2490.807,0.2056
mixed,64,32,0.5,4.0,512,1024,512,2048,1280,3344.177,4508.014,3520.308,0.1513
mixed,64,32,0.5,4.0,512,1024,1024,4096,2560,5285.963,7601.472,5744.426,0.198
mixed,64,32,0.5,4.0,512,1024,2048,8192,5120,9173.244,13834.0,9926.616,0.1616
mixed,64,32,0.5,4.0,512,1024,4096,16384,10240,16938.012,26237.021,18433.051,0.1608
mixed,64,32,0.5,4.0,512,2048,128,512,320,2674.134,2974.901,2713.782,0.1318
mixed,64,32,0.5,4.0,512,2048,256,1024,640,3161.299,3752.59,3255.028,0.1585
mixed,64,32,0.5,4.0,512,2048,512,2048,1280,4134.798,5298.219,4313.264,0.1534
mixed,64,32,0.5,4.0,512,2048,1024,4096,2560,6073.35,8405.569,6451.205,0.162
mixed,64,32,0.5,4.0,512,2048,2048,8192,5120,9948.182,14622.851,10674.101,0.1553
mixed,64,32,0.5,4.0,512,2048,4096,16384,10240,17709.153,27035.895,19229.846,0.163
mixed,64,32,0.5,4.0,512,4096,128,512,320,4269.295,4546.701,4289.486,0.0728
mixed,64,32,0.5,4.0,512,4096,256,1024,640,4744.334,5332.298,4819.116,0.1272
mixed,64,32,0.5,4.0,512,4096,512,2048,1280,5705.194,6868.551,5952.615,0.2127
mixed,64,32,0.5,4.0,512,4096,1024,4096,2560,7653.57,9994.999,8000.292,0.1481
mixed,64,32,0.5,4.0,512,4096,2048,8192,5120,11532.056,16185.154,12247.953,0.1539
mixed,64,32,0.5,4.0,512,4096,4096,16384,10240,19303.352,28623.382,20727.54,0.1528
mixed,64,32,0.5,4.0,512,8192,128,512,320,7422.466,7699.747,7437.507,0.0542
mixed,64,32,0.5,4.0,512,8192,256,1024,640,7911.265,8471.359,7982.911,0.1279
mixed,64,32,0.5,4.0,512,8192,512,2048,1280,8881.343,10050.552,9061.465,0.1541
mixed,64,32,0.5,4.0,512,8192,1024,4096,2560,10801.234,13155.757,11185.493,0.1632
mixed,64,32,0.5,4.0,512,8192,2048,8192,5120,14697.477,19336.499,15415.265,0.1547
mixed,64,32,0.5,4.0,512,8192,4096,16384,10240,22463.373,31771.08,22846.214,0.0411
mixed,64,32,0.5,4.0,1024,0,128,512,320,1762.233,2211.863,1881.752,0.2658
mixed,64,32,0.5,4.0,1024,0,256,1024,640,2341.239,2925.877,2423.064,0.14
mixed,64,32,0.5,4.0,1024,0,512,2048,1280,3310.131,4472.812,3539.858,0.1976
mixed,64,32,0.5,4.0,1024,0,1024,4096,2560,5249.387,7580.452,5706.088,0.1959
mixed,64,32,0.5,4.0,1024,0,2048,8192,5120,9138.043,13799.947,9357.306,0.047
mixed,64,32,0.5,4.0,1024,0,4096,16384,10240,16126.496,26356.604,18340.51,0.2164
mixed,64,32,0.5,4.0,1024,512,128,512,320,2515.029,2785.812,2744.085,0.8459
mixed,64,32,0.5,4.0,1024,512,256,1024,640,3192.05,3785.521,3292.179,0.1687
mixed,64,32,0.5,4.0,1024,512,512,2048,1280,4165.324,5324.331,4340.752,0.1514
mixed,64,32,0.5,4.0,1024,512,1024,4096,2560,6101.065,8446.59,6464.52,0.155
mixed,64,32,0.5,4.0,1024,512,2048,8192,5120,9984.505,14646.212,10028.952,0.0095
mixed,64,32,0.5,4.0,1024,512,4096,16384,10240,16801.855,25127.748,17777.948,0.1172
mixed,64,32,0.5,4.0,1024,1024,128,512,320,3547.604,3802.994,3545.426,-0.0085
mixed,64,32,0.5,4.0,1024,1024,256,1024,640,3993.391,4577.966,4079.697,0.1476
mixed,64,32,0.5,4.0,1024,1024,512,2048,1280,4966.35,6126.729,5152.041,0.16
mixed,64,32,0.5,4.0,1024,1024,1024,4096,2560,6905.22,9237.499,7295.782,0.1675
mixed,64,32,0.5,4.0,1024,1024,2048,8192,5120,10796.409,15307.876,10803.8,0.0016
mixed,64,32,0.5,4.0,1024,1024,4096,16384,10240,17402.427,28025.175,20058.547,0.25
mixed,64,32,0.5,4.0,1024,2048,128,512,320,5084.654,5771.178,5112.525,0.0406
mixed,64,32,0.5,4.0,1024,2048,256,1024,640,5570.059,6152.457,5692.555,0.2103
mixed,64,32,0.5,4.0,1024,2048,512,2048,1280,6541.574,7713.253,6772.261,0.1969
mixed,64,32,0.5,4.0,1024,2048,1024,4096,2560,8483.228,10804.599,8694.623,0.0911
mixed,64,32,0.5,4.0,1024,2048,2048,8192,5120,12149.269,16442.306,12630.703,0.1121
mixed,64,32,0.5,4.0,1024,2048,4096,16384,10240,20452.083,27028.476,22207.79,0.267
mixed,64,32,0.5,4.0,1024,4096,128,512,320,7961.794,8233.055,8406.336,1.6388
mixed,64,32,0.5,4.0,1024,4096,256,1024,640,8710.27,9273.883,8785.568,0.1336
mixed,64,32,0.5,4.0,1024,4096,512,2048,1280,9693.563,10841.305,9864.538,0.149
mixed,64,32,0.5,4.0,1024,4096,1024,4096,2560,11594.227,13530.637,11600.275,0.0031
mixed,64,32,0.5,4.0,1024,4096,2048,8192,5120,15593.537,20143.666,14376.135,-0.2676
mixed,64,32,0.5,4.0,1024,4096,4096,16384,10240,20990.003,32572.134,24081.995,0.267
mixed,64,32,0.5,4.0,1024,8192,128,512,320,11634.643,11900.082,14896.363,12.288
mixed,64,32,0.5,4.0,1024,8192,256,1024,640,13908.72,14439.368,13724.108,-0.3479
mixed,64,32,0.5,4.0,1024,8192,512,2048,1280,14549.354,15622.76,16119.329,1.4626
mixed,64,32,0.5,4.0,1024,8192,1024,4096,2560,17882.522,18165.245,15729.219,-7.6163
mixed,64,32,0.5,4.0,1024,8192,2048,8192,5120,18975.448,22889.609,23094.762,1.0524
mixed,64,32,0.5,4.0,1024,8192,4096,16384,10240,27759.256,32990.886,25441.958,-0.4429
mixed,64,32,0.5,4.0,2048,0,128,512,320,3360.723,3618.832,3655.251,1.1411
mixed,64,32,0.5,4.0,2048,0,256,1024,640,5009.869,5580.299,4240.302,-1.3491
mixed,64,32,0.5,4.0,2048,0,512,2048,1280,4704.655,5720.94,4782.415,0.0765
mixed,64,32,0.5,4.0,2048,0,1024,4096,2560,6418.76,8907.714,8291.972,0.7526
mixed,64,32,0.5,4.0,2048,0,2048,8192,5120,9923.066,14068.3,10311.129,0.0936
mixed,64,32,0.5,4.0,2048,0,4096,16384,10240,16864.639,25256.741,17821.758,0.114
mixed,64,32,0.5,4.0,2048,512,128,512,320,5926.923,6391.305,5007.438,-1.98
mixed,64,32,0.5,4.0,2048,512,256,1024,640,4952.91,5459.82,5010.318,0.1133
mixed,64,32,0.5,4.0,2048,512,512,2048,1280,5804.65,6851.176,5926.376,0.1163
mixed,64,32,0.5,4.0,2048,512,1024,4096,2560,7545.414,9596.476,7821.953,0.1348
mixed,64,32,0.5,4.0,2048,512,2048,8192,5120,11840.663,18029.057,12218.515,0.0611
mixed,64,32,0.5,4.0,2048,512,4096,16384,10240,18015.773,26341.122,21562.165,0.426
mixed,64,32,0.5,4.0,2048,1024,128,512,320,5612.428,5876.905,5642.54,0.1139
mixed,64,32,0.5,4.0,2048,1024,256,1024,640,6972.677,6609.673,6151.463,
mixed,64,32,0.5,4.0,2048,1024,512,2048,1280,6937.702,10590.295,7692.997,0.2068
mixed,64,32,0.5,4.0,2048,1024,1024,4096,2560,8645.634,10744.536,8937.567,0.1391
mixed,64,32,0.5,4.0,2048,1024,2048,8192,5120,12115.444,16342.468,12748.878,0.1499
mixed,64,32,0.5,4.0,2048,1024,4096,16384,10240,23152.234,27499.838,20069.784,-0.709
mixed,64,32,0.5,4.0,2048,2048,128,512,320,7868.225,8148.066,7921.603,0.1907
mixed,64,32,0.5,4.0,2048,2048,256,1024,640,8309.602,12251.829,9899.354,0.4033
mixed,64,32,0.5,4.0,2048,2048,512,2048,1280,9194.621,10242.136,9299.552,0.1002
mixed,64,32,0.5,4.0,2048,2048,1024,4096,2560,10979.772,13088.046,11142.489,0.0772
mixed,64,32,0.5,4.0,2048,2048,2048,8192,5120,18497.534,18742.363,15064.171,-14.0235
mixed,64,32,0.5,4.0,2048,2048,4096,16384,10240,26367.781,29683.895,22487.915,-1.17
mixed,64,32,0.5,4.0,2048,4096,128,512,320,12429.139,12698.547,16334.594,14.4964
mixed,64,32,0.5,4.0,2048,4096,256,1024,640,12853.295,13372.716,12977.65,0.2394
mixed,64,32,0.5,4.0,2048,4096,512,2048,1280,13743.409,14809.799,16877.536,2.939
mixed,64,32,0.5,4.0,2048,4096,1024,4096,2560,15505.098,17521.696,15788.676,0.1406
mixed,64,32,0.5,4.0,2048,4096,2048,8192,5120,19009.179,23098.703,19508.091,0.122
mixed,64,32,0.5,4.0,2048,4096,4096,16384,10240,25816.934,34176.648,26770.949,0.1141
mixed,64,32,0.5,4.0,2048,8192,128,512,320,21170.293,21598.607,21288.438,0.2758
mixed,64,32,0.5,4.0,2048,8192,256,1024,640,21747.541,22091.667,28473.213,19.5442
mixed,64,32,0.5,4.0,2048,8192,512,2048,1280,23771.274,23719.035,22705.421,
mixed,64,32,0.5,4.0,2048,8192,1024,4096,2560,24391.588,26517.185,24587.367,0.0921
mixed,64,32,0.5,4.0,2048,8192,2048,8192,5120,27840.825,32041.295,28451.833,0.1455
mixed,64,32,0.5,4.0,2048,8192,4096,16384,10240,34834.851,43129.095,35572.363,0.0889
pure,64,48,0.75,4.0,0,0,128,512,416,643.198,776.926,775.549,0.9897
pure,64,48,0.75,4.0,0,0,256,1024,832,1382.97,1668.186,1427.004,0.1544
pure,64,48,0.75,4.0,0,0,512,2048,1664,2635.317,3220.149,2722.485,0.149
pure,64,48,0.75,4.0,0,0,1024,4096,3328,5170.733,6325.259,5306.124,0.1173
pure,64,48,0.75,4.0,0,0,2048,8192,6656,10212.925,12532.372,10479.196,0.1148
pure,64,48,0.75,4.0,0,0,4096,16384,13312,20295.099,24946.834,20862.621,0.122
mixed,64,48,0.75,4.0,16,0,128,512,416,772.509,922.14,801.595,0.1944
mixed,64,48,0.75,4.0,16,0,256,1024,832,1406.361,1699.642,1454.714,0.1649
mixed,64,48,0.75,4.0,16,0,512,2048,1664,2672.727,3249.716,2753.941,0.1408
mixed,64,48,0.75,4.0,16,0,1024,4096,3328,5190.766,6353.642,5331.916,0.1214
mixed,64,48,0.75,4.0,16,0,2048,8192,6656,10233.691,12568.72,10440.154,0.0884
mixed,64,48,0.75,4.0,16,0,4096,16384,13312,20335.608,24989.898,20859.546,0.1126
mixed,64,48,0.75,4.0,16,512,128,512,416,824.797,971.964,856.511,0.2155
mixed,64,48,0.75,4.0,16,512,256,1024,832,1459.386,1751.963,1504.316,0.1536
mixed,64,48,0.75,4.0,16,512,512,2048,1664,2718.614,3298.675,2803.703,0.1467
mixed,64,48,0.75,4.0,16,512,1024,4096,3328,5242.734,6404.777,5405.513,0.1401
mixed,64,48,0.75,4.0,16,512,2048,8192,6656,10291.354,12616.406,10520.985,0.0988
mixed,64,48,0.75,4.0,16,512,4096,16384,13312,20377.593,25049.127,20889.846,0.1097
mixed,64,48,0.75,4.0,16,1024,128,512,416,846.844,999.132,875.198,0.1862
mixed,64,48,0.75,4.0,16,1024,256,1024,832,1480.284,1771.609,1530.904,0.1738
mixed,64,48,0.75,4.0,16,1024,512,2048,1664,2738.423,3325.108,2825.173,0.1479
mixed,64,48,0.75,4.0,16,1024,1024,4096,3328,5265.708,6427.499,5416.876,0.1301
mixed,64,48,0.75,4.0,16,1024,2048,8192,6656,10308.506,12644.467,10500.73,0.0823
mixed,64,48,0.75,4.0,16,1024,4096,16384,13312,20411.321,25068.616,20926.74,0.1107
mixed,64,48,0.75,4.0,16,2048,128,512,416,873.66,1018.557,903.228,0.2041
mixed,64,48,0.75,4.0,16,2048,256,1024,832,1503.899,1798.391,1553.403,0.1681
mixed,64,48,0.75,4.0,16,2048,512,2048,1664,2766.197,3347.315,2850.74,0.1455
mixed,64,48,0.75,4.0,16,2048,1024,4096,3328,5304.394,6460.008,5440.877,0.1181
mixed,64,48,0.75,4.0,16,2048,2048,8192,6656,10337.339,12657.718,10444.569,0.0462
mixed,64,48,0.75,4.0,16,2048,4096,16384,13312,20437.017,25081.194,20924.309,0.1049
mixed,64,48,0.75,4.0,16,4096,128,512,416,927.454,1077.916,955.514,0.1865
mixed,64,48,0.75,4.0,16,4096,256,1024,832,1564.026,1850.105,1610.971,0.1641
mixed,64,48,0.75,4.0,16,4096,512,2048,1664,2822.262,3399.158,2909.206,0.1507
mixed,64,48,0.75,4.0,16,4096,1024,4096,3328,5344.172,6504.452,5496.239,0.1311
mixed,64,48,0.75,4.0,16,4096,2048,8192,6656,10393.146,12717.201,10614.488,0.0952
mixed,64,48,0.75,4.0,16,4096,4096,16384,13312,20477.818,25154.374,20996.696,0.111
mixed,64,48,0.75,4.0,16,8192,128,512,416,1036.863,1186.072,1063.356,0.1776
mixed,64,48,0.75,4.0,16,8192,256,1024,832,1670.714,1961.878,1711.675,0.1407
mixed,64,48,0.75,4.0,16,8192,512,2048,1664,2926.838,3512.53,3016.694,0.1534
mixed,64,48,0.75,4.0,16,8192,1024,4096,3328,5456.015,6610.503,5593.613,0.1192
mixed,64,48,0.75,4.0,16,8192,2048,8192,6656,10492.796,12833.939,10737.784,0.1046
mixed,64,48,0.75,4.0,16,8192,4096,16384,13312,20601.495,25236.905,21103.926,0.1084
mixed,64,48,0.75,4.0,32,0,128,512,416,811.357,961.213,840.125,0.192
mixed,64,48,0.75,4.0,32,0,256,1024,832,1447.226,1735.033,1490.812,0.1514
mixed,64,48,0.75,4.0,32,0,512,2048,1664,2705.751,3287.156,2792.535,0.1493
mixed,64,48,0.75,4.0,32,0,1024,4096,3328,5229.293,6390.119,5364.462,0.1164
mixed,64,48,0.75,4.0,32,0,2048,8192,6656,10273.307,12608.591,10534.811,0.112
mixed,64,48,0.75,4.0,32,0,4096,16384,13312,20363.453,25033.222,20844.469,0.103
mixed,64,48,0.75,4.0,32,512,128,512,416,868.957,1019.579,899.897,0.2054
mixed,64,48,0.75,4.0,32,512,256,1024,832,1503.61,1792.089,1549.466,0.159
mixed,64,48,0.75,4.0,32,512,512,2048,1664,2766.231,3340.529,2849.394,0.1448
mixed,64,48,0.75,4.0,32,512,1024,4096,3328,5288.397,6453.385,5436.526,0.1272
mixed,64,48,0.75,4.0,32,512,2048,8192,6656,10343.193,12662.386,10582.682,0.1033
mixed,64,48,0.75,4.0,32,512,4096,16384,13312,20427.418,25080.167,20906.389,0.1029
mixed,64,48,0.75,4.0,32,1024,128,512,416,942.491,1091.71,972.799,0.2031
mixed,64,48,0.75,4.0,32,1024,256,1024,832,1575.517,1868.857,1622.298,0.1595
mixed,64,48,0.75,4.0,32,1024,512,2048,1664,2833.879,3416.018,2930.803,0.1665
mixed,64,48,0.75,4.0,32,1024,1024,4096,3328,5359.211,6525.706,5511.215,0.1303
mixed,64,48,0.75,4.0,32,1024,2048,8192,6656,10407.932,12738.961,10571.931,0.0704
mixed,64,48,0.75,4.0,32,1024,4096,16384,13312,20503.642,25152.388,20752.215,0.0535
mixed,64,48,0.75,4.0,32,2048,128,512,416,975.005,1119.196,1008.89,0.235
mixed,64,48,0.75,4.0,32,2048,256,1024,832,1607.611,1894.649,1647.994,0.1407
mixed,64,48,0.75,4.0,32,2048,512,2048,1664,2866.614,3450.804,2947.189,0.1379
mixed,64,48,0.75,4.0,32,2048,1024,4096,3328,5392.332,6556.967,5535.245,0.1227
mixed,64,48,0.75,4.0,32,2048,2048,8192,6656,10437.021,12771.603,10604.889,0.0719
mixed,64,48,0.75,4.0,32,2048,4096,16384,13312,20524.664,25187.881,21009.205,0.1039
mixed,64,48,0.75,4.0,32,4096,128,512,416,1088.637,1230.523,1116.444,0.196
mixed,64,48,0.75,4.0,32,4096,256,1024,832,1718.489,2008.506,1761.273,0.1475
mixed,64,48,0.75,4.0,32,4096,512,2048,1664,2980.95,3558.548,3063.091,0.1422
mixed,64,48,0.75,4.0,32,4096,1024,4096,3328,5505.899,6667.688,5648.814,0.123
mixed,64,48,0.75,4.0,32,4096,2048,8192,6656,10550.074,12876.337,10762.359,0.0913
mixed,64,48,0.75,4.0,32,4096,4096,16384,13312,20629.977,25305.929,21115.988,0.1039
mixed,64,48,0.75,4.0,32,8192,128,512,416,1294.971,1443.676,1316.537,0.145
mixed,64,48,0.75,4.0,32,8192,256,1024,832,1925.56,2221.11,1971.322,0.1548
mixed,64,48,0.75,4.0,32,8192,512,2048,1664,3186.676,3768.085,3275.797,0.1533
mixed,64,48,0.75,4.0,32,8192,1024,4096,3328,5712.908,6865.767,5883.784,0.1482
mixed,64,48,0.75,4.0,32,8192,2048,8192,6656,10763.385,13091.086,10993.43,0.0988
mixed,64,48,0.75,4.0,32,8192,4096,16384,13312,20842.519,25506.66,21316.887,0.1017
mixed,64,48,0.75,4.0,64,0,128,512,416,816.861,963.26,847.038,0.2061
mixed,64,48,0.75,4.0,64,0,256,1024,832,1449.689,1742.906,1496.986,0.1613
mixed,64,48,0.75,4.0,64,0,512,2048,1664,2709.174,3290.036,2796.63,0.1506
mixed,64,48,0.75,4.0,64,0,1024,4096,3328,5237.422,6391.849,5375.628,0.1197
mixed,64,48,0.75,4.0,64,0,2048,8192,6656,10284.312,12607.252,10540.888,0.1105
mixed,64,48,0.75,4.0,64,0,4096,16384,13312,20372.217,25035.334,20749.778,0.081
mixed,64,48,0.75,4.0,64,512,128,512,416,950.62,1101.213,985.405,0.231
mixed,64,48,0.75,4.0,64,512,256,1024,832,1590.139,1881.338,1636.537,0.1593
mixed,64,48,0.75,4.0,64,512,512,2048,1664,2845.269,3431.057,2943.668,0.168
mixed,64,48,0.75,4.0,64,512,1024,4096,3328,5373.58,6534.6,5516.394,0.123
mixed,64,48,0.75,4.0,64,512,2048,8192,6656,10419.351,12746.448,10627.641,0.0895
mixed,64,48,0.75,4.0,64,512,4096,16384,13312,20502.292,25171.172,20977.429,0.1018
mixed,64,48,0.75,4.0,64,1024,128,512,416,1034.107,1177.053,1064.604,0.2133
mixed,64,48,0.75,4.0,64,1024,256,1024,832,1665.978,1955.737,1710.172,0.1525
mixed,64,48,0.75,4.0,64,1024,512,2048,1664,2933.044,3507.571,3006.964,0.1287
mixed,64,48,0.75,4.0,64,1024,1024,4096,3328,5447.661,6615.051,5572.36,0.1068
mixed,64,48,0.75,4.0,64,1024,2048,8192,6656,10492.053,12825.621,10725.531,0.1001
mixed,64,48,0.75,4.0,64,1024,4096,16384,13312,20579.895,25244.581,21027.415,0.0959
mixed,64,48,0.75,4.0,64,2048,128,512,416,1137.114,1284.667,1160.347,0.1575
mixed,64,48,0.75,4.0,64,2048,256,1024,832,1771.898,2058.97,1819.033,0.1642
mixed,64,48,0.75,4.0,64,2048,512,2048,1664,3032.274,3612.147,3117.684,0.1473
mixed,64,48,0.75,4.0,64,2048,1024,4096,3328,5555.147,6717.669,5702.155,0.1265
mixed,64,48,0.75,4.0,64,2048,2048,8192,6656,10600.188,12928.178,10810.936,0.0905
mixed,64,48,0.75,4.0,64,2048,4096,16384,13312,20687.572,25345.545,21163.635,0.1022
mixed,64,48,0.75,4.0,64,4096,128,512,416,1339.516,1486.843,1366.554,0.1835
mixed,64,48,0.75,4.0,64,4096,256,1024,832,1971.959,2261.946,2016.376,0.1532
mixed,64,48,0.75,4.0,64,4096,512,2048,1664,3236.248,3809.202,3323.988,0.1531
mixed,64,48,0.75,4.0,64,4096,1024,4096,3328,5757.132,6913.988,5882.988,0.1088
mixed,64,48,0.75,4.0,64,4096,2048,8192,6656,10797.431,13131.474,11009.081,0.0907
mixed,64,48,0.75,4.0,64,4096,4096,16384,13312,20891.993,25564.969,21333.939,0.0946
mixed,64,48,0.75,4.0,64,8192,128,512,416,1734.427,1885.971,1770.168,0.2358
mixed,64,48,0.75,4.0,64,8192,256,1024,832,2366.328,2655.478,2413.972,0.1648
mixed,64,48,0.75,4.0,64,8192,512,2048,1664,3626.257,4212.176,3698.994,0.1241
mixed,64,48,0.75,4.0,64,8192,1024,4096,3328,6157.064,7309.701,6299.911,0.1239
mixed,64,48,0.75,4.0,64,8192,2048,8192,6656,11199.417,13521.584,11430.488,0.0995
mixed,64,48,0.75,4.0,64,8192,4096,16384,13312,21293.715,25953.314,21730.513,0.0937
mixed,64,48,0.75,4.0,128,0,128,512,416,839.741,983.644,862.174,0.1559
mixed,64,48,0.75,4.0,128,0,256,1024,832,1472.731,1759.258,1513.595,0.1426
mixed,64,48,0.75,4.0,128,0,512,2048,1664,2727.605,3310.26,2822.165,0.1623
mixed,64,48,0.75,4.0,128,0,1024,4096,3328,5258.765,6413.831,5398.925,0.1213
mixed,64,48,0.75,4.0,128,0,2048,8192,6656,10295.516,12627.507,10551.705,0.1099
mixed,64,48,0.75,4.0,128,0,4096,16384,13312,20381.56,25052.426,20846.676,0.0996
mixed,64,48,0.75,4.0,128,512,128,512,416,1075.772,1227.292,1109.755,0.2243
mixed,64,48,0.75,4.0,128,512,256,1024,832,1716.539,2005.561,1763.449,0.1623
mixed,64,48,0.75,4.0,128,512,512,2048,1664,2973.971,3549.876,3053.91,0.1388
mixed,64,48,0.75,4.0,128,512,1024,4096,3328,5500.59,6668.008,5652.521,0.1301
mixed,64,48,0.75,4.0,128,512,2048,8192,6656,10543.416,12883.09,10814.651,0.1159
mixed,64,48,0.75,4.0,128,512,4096,16384,13312,20640.725,25299.655,21128.339,0.1047
mixed,64,48,0.75,4.0,128,1024,128,512,416,1179.74,1326.523,1204.603,0.1694
mixed,64,48,0.75,4.0,128,1024,256,1024,832,1812.057,2103.831,1858.746,0.16
mixed,64,48,0.75,4.0,128,1024,512,2048,1664,3070.645,3646.099,3149.238,0.1366
mixed,64,48,0.75,4.0,128,1024,1024,4096,3328,5601.42,6760.391,5739.816,0.1194
mixed,64,48,0.75,4.0,128,1024,2048,8192,6656,10643.036,12974.77,10859.449,0.0928
mixed,64,48,0.75,4.0,128,1024,4096,16384,13312,20742.039,25388.325,21203.38,0.0993
mixed,64,48,0.75,4.0,128,2048,128,512,416,1384.57,1532.378,1407.099,0.1524
mixed,64,48,0.75,4.0,128,2048,256,1024,832,2016.921,2303.833,2062.137,0.1576
mixed,64,48,0.75,4.0,128,2048,512,2048,1664,3274.42,3859.25,3364.5,0.154
mixed,64,48,0.75,4.0,128,2048,1024,4096,3328,5802.443,6958.664,5950.986,0.1285
mixed,64,48,0.75,4.0,128,2048,2048,8192,6656,10864.346,13184.784,11084.248,0.0948
mixed,64,48,0.75,4.0,128,2048,4096,16384,13312,20943.672,25601.189,21375.858,0.0928
mixed,64,48,0.75,4.0,128,4096,128,512,416,1781.018,1930.104,1812.152,0.2088
mixed,64,48,0.75,4.0,128,4096,256,1024,832,2411.671,2705.558,2457.783,0.1569
mixed,64,48,0.75,4.0,128,4096,512,2048,1664,3675.124,4255.119,3763.636,0.1526
mixed,64,48,0.75,4.0,128,4096,1024,4096,3328,6207.274,7359.813,6366.122,0.1378
mixed,64,48,0.75,4.0,128,4096,2048,8192,6656,11247.124,13576.237,11424.53,0.0762
mixed,64,48,0.75,4.0,128,4096,4096,16384,13312,21346.873,26016.965,21809.303,0.099
mixed,64,48,0.75,4.0,128,8192,128,512,416,2573.429,2721.366,2604.054,0.207
mixed,64,48,0.75,4.0,128,8192,256,1024,832,3206.162,3492.467,3250.131,0.1536
mixed,64,48,0.75,4.0,128,8192,512,2048,1664,4462.929,5044.109,4552.367,0.1539
mixed,64,48,0.75,4.0,128,8192,1024,4096,3328,6988.392,8146.98,7156.104,0.1448
mixed,64,48,0.75,4.0,128,8192,2048,8192,6656,12034.645,14355.467,12263.254,0.0985
mixed,64,48,0.75,4.0,128,8192,4096,16384,13312,22124.752,26776.832,22583.858,0.0987
mixed,64,48,0.75,4.0,256,0,128,512,416,1134.074,1279.931,1151.708,0.1209
mixed,64,48,0.75,4.0,256,0,256,1024,832,1766.905,2054.712,1810.809,0.1525
mixed,64,48,0.75,4.0,256,0,512,2048,1664,3023.988,3607.284,3110.805,0.1488
mixed,64,48,0.75,4.0,256,0,1024,4096,3328,5557.225,6716.039,5657.738,0.0867
mixed,64,48,0.75,4.0,256,0,2048,8192,6656,10592.538,12922.478,10836.955,0.1049
mixed,64,48,0.75,4.0,256,0,4096,16384,13312,20678.329,25353.285,21173.236,0.1059
mixed,64,48,0.75,4.0,256,512,128,512,416,1333.66,1482.492,1361.116,0.1845
mixed,64,48,0.75,4.0,256,512,256,1024,832,1968.664,2261.302,2014.297,0.1559
mixed,64,48,0.75,4.0,256,512,512,2048,1664,3227.476,3805.49,3303.894,0.1322
mixed,64,48,0.75,4.0,256,512,1024,4096,3328,5761.802,6906.342,5896.328,0.1175
mixed,64,48,0.75,4.0,256,512,2048,8192,6656,10801.021,13130.516,11036.985,0.1013
mixed,64,48,0.75,4.0,256,512,4096,16384,13312,20898.999,25539.654,21259.285,0.0776
mixed,64,48,0.75,4.0,256,1024,128,512,416,1533.21,1683.388,1556.506,0.1551
mixed,64,48,0.75,4.0,256,1024,256,1024,832,2165.88,2456.599,2216.311,0.1735
mixed,64,48,0.75,4.0,256,1024,512,2048,1664,3427.796,4012.37,3510.226,0.141
mixed,64,48,0.75,4.0,256,1024,1024,4096,3328,5953.835,7116.969,6072.842,0.1023
mixed,64,48,0.75,4.0,256,1024,2048,8192,6656,11009.206,13314.258,11200.659,0.0831
mixed,64,48,0.75,4.0,256,1024,4096,16384,13312,21087.409,25742.5,21557.369,0.101
mixed,64,48,0.75,4.0,256,2048,128,512,416,1929.242,2082.999,1959.097,0.1942
mixed,64,48,0.75,4.0,256,2048,256,1024,832,2566.935,2856.119,2609.303,0.1465
mixed,64,48,0.75,4.0,256,2048,512,2048,1664,3819.44,4408.048,3903.314,0.1425
mixed,64,48,0.75,4.0,256,2048,1024,4096,3328,6356.074,7506.439,6471.526,0.1004
mixed,64,48,0.75,4.0,256,2048,2048,8192,6656,11391.672,13723.534,11636.918,0.1052
mixed,64,48,0.75,4.0,256,2048,4096,16384,13312,21490.133,26149.063,21963.922,0.1017
mixed,64,48,0.75,4.0,256,4096,128,512,416,2722.419,2868.085,2746.612,0.1661
mixed,64,48,0.75,4.0,256,4096,256,1024,832,3349.459,3646.865,3392.277,0.144
mixed,64,48,0.75,4.0,256,4096,512,2048,1664,4613.071,5199.215,4693.648,0.1375
mixed,64,48,0.75,4.0,256,4096,1024,4096,3328,7142.692,8297.634,7259.75,0.1014
mixed,64,48,0.75,4.0,256,4096,2048,8192,6656,12177.172,14512.622,12408.022,0.0988
mixed,64,48,0.75,4.0,256,4096,4096,16384,13312,22273.396,26942.02,22729.969,0.0978
mixed,64,48,0.75,4.0,256,8192,128,512,416,4297.648,4442.608,4333.393,0.2466
mixed,64,48,0.75,4.0,256,8192,256,1024,832,4935.501,5228.432,4976.175,0.1389
mixed,64,48,0.75,4.0,256,8192,512,2048,1664,6195.178,6772.617,6275.496,0.1391
mixed,64,48,0.75,4.0,256,8192,1024,4096,3328,8713.345,9879.677,8839.681,0.1083
mixed,64,48,0.75,4.0,256,8192,2048,8192,6656,13767.123,16098.052,13987.824,0.0947
mixed,64,48,0.75,4.0,256,8192,4096,16384,13312,23861.39,28522.616,24327.753,0.1001
mixed,64,48,0.75,4.0,512,0,128,512,416,1213.821,1361.178,1241.692,0.1891
mixed,64,48,0.75,4.0,512,0,256,1024,832,1848.407,2140.631,1895.704,0.1619
mixed,64,48,0.75,4.0,512,0,512,2048,1664,3105.045,3686.898,3199.091,0.1616
mixed,64,48,0.75,4.0,512,0,1024,4096,3328,5631.756,6795.176,5800.779,0.1453
mixed,64,48,0.75,4.0,512,0,2048,8192,6656,10674.488,13008.689,10883.865,0.0897
mixed,64,48,0.75,4.0,512,0,4096,16384,13312,20785.753,25431.273,21242.166,0.0982
mixed,64,48,0.75,4.0,512,512,128,512,416,1630.107,1780.666,1661.498,0.2085
mixed,64,48,0.75,4.0,512,512,256,1024,832,2266.298,2554.614,2314.006,0.1655
mixed,64,48,0.75,4.0,512,512,512,2048,1664,3527.923,4101.841,3612.084,0.1466
mixed,64,48,0.75,4.0,512,512,1024,4096,3328,6051.498,7209.573,6214.184,0.1405
mixed,64,48,0.75,4.0,512,512,2048,8192,6656,11097.722,13418.642,11308.857,0.091
mixed,64,48,0.75,4.0,512,512,4096,16384,13312,21184.982,25850.824,21646.483,0.0989
mixed,64,48,0.75,4.0,512,1024,128,512,416,2033.146,2179.702,2060.088,0.1838
mixed,64,48,0.75,4.0,512,1024,256,1024,832,2666.902,2955.958,2711.671,0.1549
mixed,64,48,0.75,4.0,512,1024,512,2048,1664,3929.33,4506.575,4011.186,0.1418
mixed,64,48,0.75,4.0,512,1024,1024,4096,3328,6455.371,7613.797,6590.378,0.1165
mixed,64,48,0.75,4.0,512,1024,2048,8192,6656,11490.486,13816.942,11717.816,0.0977
mixed,64,48,0.75,4.0,512,1024,4096,16384,13312,21585.716,26247.398,22102.002,0.1108
mixed,64,48,0.75,4.0,512,2048,128,512,416,2825.94,2971.093,2853.591,0.1905
mixed,64,48,0.75,4.0,512,2048,256,1024,832,3457.972,3751.668,3500.978,0.1464
mixed,64,48,0.75,4.0,512,2048,512,2048,1664,4719.761,5303.116,4805.296,0.1466
mixed,64,48,0.75,4.0,512,2048,1024,4096,3328,7254.915,8411.333,7380.742,0.1088
mixed,64,48,0.75,4.0,512,2048,2048,8192,6656,12293.811,14611.47,12518.322,0.0969
mixed,64,48,0.75,4.0,512,2048,4096,16384,13312,22375.026,27045.351,22851.343,0.102
mixed,64,48,0.75,4.0,512,4096,128,512,416,4403.056,4518.064,4415.279,0.1063
mixed,64,48,0.75,4.0,512,4096,256,1024,832,5031.148,5325.773,5093.164,0.2105
mixed,64,48,0.75,4.0,512,4096,512,2048,1664,6301.417,6890.186,6386.92,0.1452
mixed,64,48,0.75,4.0,512,4096,1024,4096,3328,8817.343,9980.67,8960.99,0.1235
mixed,64,48,0.75,4.0,512,4096,2048,8192,6656,13874.926,16189.479,14108.522,0.1009
mixed,64,48,0.75,4.0,512,4096,4096,16384,13312,23974.512,28620.862,24417.545,0.0954
mixed,64,48,0.75,4.0,512,8192,128,512,416,7937.604,7715.812,7578.31,
mixed,64,48,0.75,4.0,512,8192,256,1024,832,8198.596,8485.475,8235.647,0.1292
mixed,64,48,0.75,4.0,512,8192,512,2048,1664,9440.483,10019.84,9533.566,0.1607
mixed,64,48,0.75,4.0,512,8192,1024,4096,3328,11977.367,13158.227,12108.976,0.1115
mixed,64,48,0.75,4.0,512,8192,2048,8192,6656,17002.244,19367.807,17255.01,0.1069
mixed,64,48,0.75,4.0,512,8192,4096,16384,13312,27103.614,31770.191,27514.176,0.088
mixed,64,48,0.75,4.0,1024,0,128,512,416,1999.321,2145.306,2029.4,0.206
mixed,64,48,0.75,4.0,1024,0,256,1024,832,2634.425,2925.11,2681.237,0.161
mixed,64,48,0.75,4.0,1024,0,512,2048,1664,3895.378,4475.794,3976.626,0.14
mixed,64,48,0.75,4.0,1024,0,1024,4096,3328,6421.512,7582.212,6579.304,0.1359
mixed,64,48,0.75,4.0,1024,0,2048,8192,6656,11468.534,13545.842,11445.145,-0.0113
mixed,64,48,0.75,4.0,1024,0,4096,16384,13312,21814.804,24164.238,20626.905,-0.5056
mixed,64,48,0.75,4.0,1024,512,128,512,416,2368.056,2503.129,2387.672,0.1452
mixed,64,48,0.75,4.0,1024,512,256,1024,832,3488.308,3776.596,3541.265,0.1837
mixed,64,48,0.75,4.0,1024,512,512,2048,1664,4748.176,5327.28,4835.663,0.1511
mixed,64,48,0.75,4.0,1024,512,1024,4096,3328,7273.83,8433.122,7407.301,0.1151
mixed,64,48,0.75,4.0,1024,512,2048,8192,6656,12324.371,14645.392,11984.276,-0.1465
mixed,64,48,0.75,4.0,1024,512,4096,16384,13312,21227.226,27342.082,21215.607,-0.0019
mixed,64,48,0.75,4.0,1024,1024,128,512,416,3100.087,3929.649,3689.426,0.7104
mixed,64,48,0.75,4.0,1024,1024,256,1024,832,4289.971,4578.35,4333.329,0.1504
mixed,64,48,0.75,4.0,1024,1024,512,2048,1664,5548.171,6136.84,5633.102,0.1443
mixed,64,48,0.75,4.0,1024,1024,1024,4096,3328,8080.644,9236.576,8237.06,0.1353
mixed,64,48,0.75,4.0,1024,1024,2048,8192,6656,13115.381,15447.85,12612.79,-0.2155
mixed,64,48,0.75,4.0,1024,1024,4096,16384,13312,21780.788,28141.187,21537.78,-0.0382
mixed,64,48,0.75,4.0,1024,2048,128,512,416,4149.936,5597.482,5270.608,0.7742
mixed,64,48,0.75,4.0,1024,2048,256,1024,832,5868.204,6149.802,5903.178,0.1242
mixed,64,48,0.75,4.0,1024,2048,512,2048,1664,7121.863,7700.358,7220.168,0.1699
mixed,64,48,0.75,4.0,1024,2048,1024,4096,3328,9649.406,10811.198,9641.243,-0.007
mixed,64,48,0.75,4.0,1024,2048,2048,8192,6656,14439.787,16900.711,14926.256,0.1977
mixed,64,48,0.75,4.0,1024,2048,4096,16384,13312,23303.091,27739.395,23591.568,0.065
mixed,64,48,0.75,4.0,1024,4096,128,512,416,8708.994,8492.162,8384.257,
mixed,64,48,0.75,4.0,1024,4096,256,1024,832,8972.612,9275.17,9043.428,0.2341
mixed,64,48,0.75,4.0,1024,4096,512,2048,1664,10249.592,10827.478,10131.901,-0.2037
mixed,64,48,0.75,4.0,1024,4096,1024,4096,3328,12512.567,13858.988,12895.669,0.2845
mixed,64,48,0.75,4.0,1024,4096,2048,8192,6656,17022.022,18448.8,16242.089,-0.5466
mixed,64,48,0.75,4.0,1024,4096,4096,16384,13312,25218.118,29098.589,28932.993,0.9573
mixed,64,48,0.75,4.0,1024,8192,128,512,416,11208.057,11345.078,13792.242,18.8598
mixed,64,48,0.75,4.0,1024,8192,256,1024,832,15254.091,15575.657,13950.864,-4.0528
mixed,64,48,0.75,4.0,1024,8192,512,2048,1664,15085.835,15369.098,14961.925,-0.4374
mixed,64,48,0.75,4.0,1024,8192,1024,4096,3328,17239.591,17776.546,16900.133,-0.6322
mixed,64,48,0.75,4.0,1024,8192,2048,8192,6656,24594.798,26398.374,20606.933,-2.2111
mixed,64,48,0.75,4.0,1024,8192,4096,16384,13312,29432.409,38571.201,30844.989,0.1546
mixed,64,48,0.75,4.0,2048,0,128,512,416,3897.077,3683.922,3574.227,
mixed,64,48,0.75,4.0,2048,0,256,1024,832,4123.476,4338.227,4119.697,-0.0176
mixed,64,48,0.75,4.0,2048,0,512,2048,1664,5215.564,5741.741,5303.053,0.1663
mixed,64,48,0.75,4.0,2048,0,1024,4096,3328,9235.841,9077.503,7658.309,
mixed,64,48,0.75,4.0,2048,0,2048,8192,6656,11986.136,14026.48,14475.373,1.22
mixed,64,48,0.75,4.0,2048,0,4096,16384,13312,21016.056,25271.021,24720.906,0.8707
mixed,64,48,0.75,4.0,2048,512,128,512,416,4578.638,4747.921,5806.571,7.2537
mixed,64,48,0.75,4.0,2048,512,256,1024,832,6868.072,5954.028,5253.133,
mixed,64,48,0.75,4.0,2048,512,512,2048,1664,6318.027,6843.403,6427.787,0.2089
mixed,64,48,0.75,4.0,2048,512,1024,4096,3328,9172.993,11815.127,8818.114,-0.1343
mixed,64,48,0.75,4.0,2048,512,2048,8192,6656,13122.007,15227.437,13548.468,0.2026
mixed,64,48,0.75,4.0,2048,512,4096,16384,13312,22263.769,26359.113,22919.89,0.1602
mixed,64,48,0.75,4.0,2048,1024,128,512,416,5745.709,5892.17,5778.091,0.2211
mixed,64,48,0.75,4.0,2048,1024,256,1024,832,6301.167,6535.208,7113.287,3.47
mixed,64,48,0.75,4.0,2048,1024,512,2048,1664,9723.678,10286.271,9798.4,0.1328
mixed,64,48,0.75,4.0,2048,1024,1024,4096,3328,9898.495,10730.65,9937.314,0.0466
mixed,64,48,0.75,4.0,2048,1024,2048,8192,6656,14125.709,20036.313,14623.727,0.0843
mixed,64,48,0.75,4.0,2048,1024,4096,16384,13312,23350.805,27445.731,24089.072,0.1803
mixed,64,48,0.75,4.0,2048,2048,128,512,416,8041.668,8175.715,8043.237,0.0117
mixed,64,48,0.75,4.0,2048,2048,256,1024,832,8607.234,8846.691,8619.488,0.0512
mixed,64,48,0.75,4.0,2048,2048,512,2048,1664,13238.931,10844.411,9797.631,
mixed,64,48,0.75,4.0,2048,2048,1024,4096,3328,12014.968,13029.46,12173.142,0.1559
mixed,64,48,0.75,4.0,2048,2048,2048,8192,6656,16528.651,18525.6,16959.178,0.2156
mixed,64,48,0.75,4.0,2048,2048,4096,16384,13312,25489.006,29716.256,26472.394,0.2326
mixed,64,48,0.75,4.0,2048,4096,128,512,416,12584.857,12672.026,14662.13,23.8304
mixed,64,48,0.75,4.0,2048,4096,256,1024,832,18015.75,13381.97,13161.943,
mixed,64,48,0.75,4.0,2048,4096,512,2048,1664,14233.201,14768.719,16187.115,3.6486
mixed,64,48,0.75,4.0,2048,4096,1024,4096,3328,21816.95,17528.743,16750.858,
mixed,64,48,0.75,4.0,2048,4096,2048,8192,6656,21006.937,23054.005,21330.009,0.1578
mixed,64,48,0.75,4.0,2048,4096,4096,16384,13312,29945.151,34177.717,31011.033,0.2518
mixed,64,48,0.75,4.0,2048,8192,128,512,416,21394.362,21518.587,30344.641,72.0489
mixed,64,48,0.75,4.0,2048,8192,256,1024,832,21846.266,22325.201,21953.977,0.2249
mixed,64,48,0.75,4.0,2048,8192,512,2048,1664,23236.117,23674.095,23284.437,0.1103
mixed,64,48,0.75,4.0,2048,8192,1024,4096,3328,25481.964,26569.888,34918.156,8.6736
mixed,64,48,0.75,4.0,2048,8192,2048,8192,6656,29949.475,31902.195,30326.779,0.1932
mixed,64,48,0.75,4.0,2048,8192,4096,16384,13312,38760.509,43067.28,39555.36,0.1846
pure,64,58,0.9062,4.0,0,0,128,512,476,708.765,778.43,841.501,1.9053
pure,64,58,0.9062,4.0,0,0,256,1024,952,1528.505,1671.387,1580.184,0.3617
pure,64,58,0.9062,4.0,0,0,512,2048,1904,2982.195,3222.967,3110.39,0.5324
pure,64,58,0.9062,4.0,0,0,1024,4096,3808,5891.434,6325.193,6087.242,0.4514
pure,64,58,0.9062,4.0,0,0,2048,8192,7616,11659.576,12533.045,12058.747,0.457
pure,64,58,0.9062,4.0,0,0,4096,16384,15232,23205.746,24949.362,23990.644,0.4502
mixed,64,58,0.9062,4.0,16,0,128,512,476,837.276,921.468,868.061,0.3657
mixed,64,58,0.9062,4.0,16,0,256,1024,952,1558.458,1697.37,1607.383,0.3522
mixed,64,58,0.9062,4.0,16,0,512,2048,1904,3011.478,3248.18,3090.486,0.3338
mixed,64,58,0.9062,4.0,16,0,1024,4096,3808,5926.891,6353.034,6115.371,0.4423
mixed,64,58,0.9062,4.0,16,0,2048,8192,7616,11692.185,12558.195,12086.423,0.4552
mixed,64,58,0.9062,4.0,16,0,4096,16384,15232,23223.571,24979.721,23999.601,0.4419
mixed,64,58,0.9062,4.0,16,512,128,512,476,880.765,971.23,918.749,0.4199
mixed,64,58,0.9062,4.0,16,512,256,1024,952,1609.467,1748.187,1651.705,0.3045
mixed,64,58,0.9062,4.0,16,512,512,2048,1904,3058.644,3294.291,3180.275,0.5162
mixed,64,58,0.9062,4.0,16,512,1024,4096,3808,5973.321,6408.812,6178.509,0.4712
mixed,64,58,0.9062,4.0,16,512,2048,8192,7616,11739.93,12612.596,12145.781,0.4651
mixed,64,58,0.9062,4.0,16,512,4096,16384,15232,23293.011,25028.014,24081.903,0.4547
mixed,64,58,0.9062,4.0,16,1024,128,512,476,901.757,998.012,940.477,0.4023
mixed,64,58,0.9062,4.0,16,1024,256,1024,952,1634.489,1771.097,1687.259,0.3863
mixed,64,58,0.9062,4.0,16,1024,512,2048,1904,3081.111,3324.725,3217.142,0.5584
mixed,64,58,0.9062,4.0,16,1024,1024,4096,3808,6002.83,6429.419,6212.362,0.4912
mixed,64,58,0.9062,4.0,16,1024,2048,8192,7616,11775.513,12646.233,12151.48,0.4318
mixed,64,58,0.9062,4.0,16,1024,4096,16384,15232,23291.476,25067.921,24099.695,0.455
mixed,64,58,0.9062,4.0,16,2048,128,512,476,928.732,1017.533,971.484,0.4814
mixed,64,58,0.9062,4.0,16,2048,256,1024,952,1655.351,1797.178,1711.737,0.3976
mixed,64,58,0.9062,4.0,16,2048,512,2048,1904,3109.205,3345.907,3168.563,0.2508
mixed,64,58,0.9062,4.0,16,2048,1024,4096,3808,6009.804,6453.929,6226.253,0.4874
mixed,64,58,0.9062,4.0,16,2048,2048,8192,7616,11791.45,12674.995,12197.88,0.46
mixed,64,58,0.9062,4.0,16,2048,4096,16384,15232,23348.435,25080.142,24107.986,0.4386
mixed,64,58,0.9062,4.0,16,4096,128,512,476,982.366,1078.429,1022.075,0.4134
mixed,64,58,0.9062,4.0,16,4096,256,1024,952,1709.05,1851.739,1766.87,0.4052
mixed,64,58,0.9062,4.0,16,4096,512,2048,1904,3163.861,3396.403,3263.379,0.428
mixed,64,58,0.9062,4.0,16,4096,1024,4096,3808,6078.636,6512.648,6281.328,0.467
mixed,64,58,0.9062,4.0,16,4096,2048,8192,7616,11854.52,12721.174,12251.896,0.4585
mixed,64,58,0.9062,4.0,16,4096,4096,16384,15232,23408.272,25122.7,24141.582,0.4277
mixed,64,58,0.9062,4.0,16,8192,128,512,476,1090.62,1185.051,1138.013,0.5019
mixed,64,58,0.9062,4.0,16,8192,256,1024,952,1822.905,1958.586,1874.009,0.3766
mixed,64,58,0.9062,4.0,16,8192,512,2048,1904,3278.358,3507.476,3339.54,0.267
mixed,64,58,0.9062,4.0,16,8192,1024,4096,3808,6178.41,6624.199,6309.483,0.294
mixed,64,58,0.9062,4.0,16,8192,2048,8192,7616,11954.007,12829.943,12364.086,0.4682
mixed,64,58,0.9062,4.0,16,8192,4096,16384,15232,23494.099,25266.894,24299.154,0.4541
mixed,64,58,0.9062,4.0,32,0,128,512,476,867.261,959.996,901.533,0.3696
mixed,64,58,0.9062,4.0,32,0,256,1024,952,1593.853,1737.786,1651.513,0.4006
mixed,64,58,0.9062,4.0,32,0,512,2048,1904,3053.141,3287.315,3176.404,0.5264
mixed,64,58,0.9062,4.0,32,0,1024,4096,3808,5956.94,6396.327,6066.765,0.25
mixed,64,58,0.9062,4.0,32,0,2048,8192,7616,11732.06,12601.878,11956.534,0.2581
mixed,64,58,0.9062,4.0,32,0,4096,16384,15232,23274.256,25033.293,24058.419,0.4458
mixed,64,58,0.9062,4.0,32,512,128,512,476,925.598,1017.66,963.963,0.4167
mixed,64,58,0.9062,4.0,32,512,256,1024,952,1653.371,1792.088,1705.048,0.3725
mixed,64,58,0.9062,4.0,32,512,512,2048,1904,3102.964,3338.324,3203.799,0.4284
mixed,64,58,0.9062,4.0,32,512,1024,4096,3808,6010.124,6440.104,6235.179,0.5234
mixed,64,58,0.9062,4.0,32,512,2048,8192,7616,11783.287,12661.524,12190.868,0.4641
mixed,64,58,0.9062,4.0,32,512,4096,16384,15232,23319.247,25083.886,24131.441,0.4603
mixed,64,58,0.9062,4.0,32,1024,128,512,476,1000.125,1090.205,1036.636,0.4053
mixed,64,58,0.9062,4.0,32,1024,256,1024,952,1728.986,1864.219,1808.409,0.5873
mixed,64,58,0.9062,4.0,32,1024,512,2048,1904,3175.223,3420.885,3217.207,0.1709
mixed,64,58,0.9062,4.0,32,1024,1024,4096,3808,6086.088,6517.766,6299.177,0.4936
mixed,64,58,0.9062,4.0,32,1024,2048,8192,7616,11860.951,12734.069,12257.014,0.4536
mixed,64,58,0.9062,4.0,32,1024,4096,16384,15232,23407.54,25135.946,24166.797,0.4393
mixed,64,58,0.9062,4.0,32,2048,128,512,476,1029.755,1122.684,1076.697,0.5051
mixed,64,58,0.9062,4.0,32,2048,256,1024,952,1756.953,1895.701,1804.956,0.346
mixed,64,58,0.9062,4.0,32,2048,512,2048,1904,3216.244,3451.7,3306.454,0.3831
mixed,64,58,0.9062,4.0,32,2048,1024,4096,3808,6123.371,6555.404,6316.008,0.4459
mixed,64,58,0.9062,4.0,32,2048,2048,8192,7616,11891.863,12754.451,12284.695,0.4554
mixed,64,58,0.9062,4.0,32,2048,4096,16384,15232,23439.245,25187.63,24182.573,0.4252
mixed,64,58,0.9062,4.0,32,4096,128,512,476,1137.149,1235.901,1199.805,0.6345
mixed,64,58,0.9062,4.0,32,4096,256,1024,952,1865.432,2007.097,1916.602,0.3612
mixed,64,58,0.9062,4.0,32,4096,512,2048,1904,3322.612,3564.084,3409.716,0.3607
mixed,64,58,0.9062,4.0,32,4096,1024,4096,3808,6231.787,6666.855,6435.148,0.4674
mixed,64,58,0.9062,4.0,32,4096,2048,8192,7616,12004.214,12864.277,12390.166,0.4487
mixed,64,58,0.9062,4.0,32,4096,4096,16384,15232,23551.218,25307.338,24325.008,0.4406
mixed,64,58,0.9062,4.0,32,8192,128,512,476,1350.136,1440.216,1392.507,0.4704
mixed,64,58,0.9062,4.0,32,8192,256,1024,952,2078.903,2221.721,2125.819,0.3285
mixed,64,58,0.9062,4.0,32,8192,512,2048,1904,3529.718,3773.075,3636.369,0.4382
mixed,64,58,0.9062,4.0,32,8192,1024,4096,3808,6442.953,6864.777,6640.296,0.4678
mixed,64,58,0.9062,4.0,32,8192,2048,8192,7616,12206.71,13090.451,12610.838,0.4573
mixed,64,58,0.9062,4.0,32,8192,4096,16384,15232,23756.879,25499.435,24534.606,0.4463
mixed,64,58,0.9062,4.0,64,0,128,512,476,872.125,966.3,910.556,0.4081
mixed,64,58,0.9062,4.0,64,0,256,1024,952,1597.785,1739.258,1665.877,0.4813
mixed,64,58,0.9062,4.0,64,0,512,2048,1904,3054.553,3292.339,3130.328,0.3187
mixed,64,58,0.9062,4.0,64,0,1024,4096,3808,5963.829,6397.806,6148.438,0.4254
mixed,64,58,0.9062,4.0,64,0,2048,8192,7616,11745.239,12616.257,12127.629,0.439
mixed,64,58,0.9062,4.0,64,0,4096,16384,15232,23272.749,25024.65,24080.58,0.4611
mixed,64,58,0.9062,4.0,64,512,128,512,476,1011.851,1104.772,1048.648,0.396
mixed,64,58,0.9062,4.0,64,512,256,1024,952,1735.321,1875.539,1792.566,0.4083
mixed,64,58,0.9062,4.0,64,512,512,2048,1904,3189.081,3432.341,3276.822,0.3607
mixed,64,58,0.9062,4.0,64,512,1024,4096,3808,6098.2,6532.239,6209.046,0.2554
mixed,64,58,0.9062,4.0,64,512,2048,8192,7616,11863.9,12743.266,12260.464,0.451
mixed,64,58,0.9062,4.0,64,512,4096,16384,15232,23418.677,25157.525,24159.303,0.4259
mixed,64,58,0.9062,4.0,64,1024,128,512,476,1086.342,1178.567,1127.046,0.4414
mixed,64,58,0.9062,4.0,64,1024,256,1024,952,1817.014,1955.446,1869.174,0.3768
mixed,64,58,0.9062,4.0,64,1024,512,2048,1904,3267.768,3505.904,3347.381,0.3343
mixed,64,58,0.9062,4.0,64,1024,1024,4096,3808,6178.872,6616.269,6292.374,0.2595
mixed,64,58,0.9062,4.0,64,1024,2048,8192,7616,11953.916,12824.199,12336.887,0.4401
mixed,64,58,0.9062,4.0,64,1024,4096,16384,15232,23503.261,25241.245,24273.327,0.4431
mixed,64,58,0.9062,4.0,64,2048,128,512,476,1194.213,1284.035,1250.374,0.6252
mixed,64,58,0.9062,4.0,64,2048,256,1024,952,1921.752,2057.364,1973.911,0.3846
mixed,64,58,0.9062,4.0,64,2048,512,2048,1904,3372.887,3611.856,3433.14,0.2521
mixed,64,58,0.9062,4.0,64,2048,1024,4096,3808,6279.48,6726.448,6389.719,0.2466
mixed,64,58,0.9062,4.0,64,2048,2048,8192,7616,12047.034,12933.478,12456.596,0.462
mixed,64,58,0.9062,4.0,64,2048,4096,16384,15232,23597.766,25368.254,24370.389,0.4364
mixed,64,58,0.9062,4.0,64,4096,128,512,476,1396.001,1488.064,1434.079,0.4136
mixed,64,58,0.9062,4.0,64,4096,256,1024,952,2118.514,2260.911,2173.682,0.3874
mixed,64,58,0.9062,4.0,64,4096,512,2048,1904,3572.886,3811.728,3615.026,0.1764
mixed,64,58,0.9062,4.0,64,4096,1024,4096,3808,6485.622,6921.101,6695.122,0.4811
mixed,64,58,0.9062,4.0,64,4096,2048,8192,7616,12259.934,13125.129,12660.372,0.4628
mixed,64,58,0.9062,4.0,64,4096,4096,16384,15232,23805.451,25559.398,24570.808,0.4364
mixed,64,58,0.9062,4.0,64,8192,128,512,476,1790.426,1882.104,1833.941,0.4747
mixed,64,58,0.9062,4.0,64,8192,256,1024,952,2518.666,2664.423,2562.922,0.3036
mixed,64,58,0.9062,4.0,64,8192,512,2048,1904,3972.65,4208.933,4061.837,0.3775
mixed,64,58,0.9062,4.0,64,8192,1024,4096,3808,6875.761,7317.703,7086.444,0.4767
mixed,64,58,0.9062,4.0,64,8192,2048,8192,7616,12655.8,13524.005,13062.352,0.4683
mixed,64,58,0.9062,4.0,64,8192,4096,16384,15232,24191.756,25948.295,25849.258,0.9436
mixed,64,58,0.9062,4.0,128,0,128,512,476,894.637,984.172,935.693,0.4585
mixed,64,58,0.9062,4.0,128,0,256,1024,952,1622.303,1760.891,1668.924,0.3364
mixed,64,58,0.9062,4.0,128,0,512,2048,1904,3074.752,3314.618,3200.255,0.5232
mixed,64,58,0.9062,4.0,128,0,1024,4096,3808,5984.515,6418.298,6191.327,0.4768
mixed,64,58,0.9062,4.0,128,0,2048,8192,7616,11752.686,12624.51,12144.934,0.4499
mixed,64,58,0.9062,4.0,128,0,4096,16384,15232,23295.649,25037.666,24090.133,0.4561
mixed,64,58,0.9062,4.0,128,512,128,512,476,1135.786,1229.319,1184.584,0.5217
mixed,64,58,0.9062,4.0,128,512,256,1024,952,1865.053,2004.725,1896.761,0.227
mixed,64,58,0.9062,4.0,128,512,512,2048,1904,3315.162,3562.648,3367.773,0.2126
mixed,64,58,0.9062,4.0,128,512,1024,4096,3808,6236.386,6664.667,6431.548,0.4557
mixed,64,58,0.9062,4.0,128,512,2048,8192,7616,11992.14,12882.653,12399.269,0.4572
mixed,64,58,0.9062,4.0,128,512,4096,16384,15232,23554.885,25295.586,24176.154,0.3569
mixed,64,58,0.9062,4.0,128,1024,128,512,476,1237.191,1329.028,1276.87,0.4321
mixed,64,58,0.9062,4.0,128,1024,256,1024,952,1960.598,2103.0,2018.774,0.4085
mixed,64,58,0.9062,4.0,128,1024,512,2048,1904,3419.133,3658.518,3481.498,0.2605
mixed,64,58,0.9062,4.0,128,1024,1024,4096,3808,6329.185,6762.074,6526.333,0.4554
mixed,64,58,0.9062,4.0,128,1024,2048,8192,7616,12097.038,12962.203,12492.042,0.4566
mixed,64,58,0.9062,4.0,128,1024,4096,16384,15232,23646.601,25400.843,24438.75,0.4516
mixed,64,58,0.9062,4.0,128,2048,128,512,476,1439.425,1536.193,1483.233,0.4527
mixed,64,58,0.9062,4.0,128,2048,256,1024,952,2169.527,2306.611,2237.618,0.4967
mixed,64,58,0.9062,4.0,128,2048,512,2048,1904,3622.49,3858.516,3744.375,0.5164
mixed,64,58,0.9062,4.0,128,2048,1024,4096,3808,6530.878,6956.599,6742.235,0.4965
mixed,64,58,0.9062,4.0,128,2048,2048,8192,7616,12302.894,13177.982,12522.25,0.2507
mixed,64,58,0.9062,4.0,128,2048,4096,16384,15232,23825.745,25599.408,24621.024,0.4484
mixed,64,58,0.9062,4.0,128,4096,128,512,476,1839.26,1933.08,1891.224,0.5539
mixed,64,58,0.9062,4.0,128,4096,256,1024,952,2564.109,2707.176,2618.062,0.3771
mixed,64,58,0.9062,4.0,128,4096,512,2048,1904,4028.276,4257.071,4111.027,0.3617
mixed,64,58,0.9062,4.0,128,4096,1024,4096,3808,6928.119,7365.074,7134.072,0.4713
mixed,64,58,0.9062,4.0,128,4096,2048,8192,7616,12704.236,13576.281,13110.115,0.4654
mixed,64,58,0.9062,4.0,128,4096,4096,16384,15232,24235.695,25979.378,25006.979,0.4423
mixed,64,58,0.9062,4.0,128,8192,128,512,476,2629.677,2721.164,2671.404,0.4561
mixed,64,58,0.9062,4.0,128,8192,256,1024,952,3354.465,3496.573,3416.862,0.4391
mixed,64,58,0.9062,4.0,128,8192,512,2048,1904,4810.307,5048.832,4932.482,0.5122
mixed,64,58,0.9062,4.0,128,8192,1024,4096,3808,7716.622,8148.803,7911.946,0.4519
mixed,64,58,0.9062,4.0,128,8192,2048,8192,7616,13495.774,14362.512,13895.228,0.4609
mixed,64,58,0.9062,4.0,128,8192,4096,16384,15232,25036.997,26784.774,25801.692,0.4375
mixed,64,58,0.9062,4.0,256,0,128,512,476,1186.955,1280.619,1246.569,0.6365
mixed,64,58,0.9062,4.0,256,0,256,1024,952,1916.283,2055.962,1953.115,0.2637
mixed,64,58,0.9062,4.0,256,0,512,2048,1904,3371.68,3608.895,3498.527,0.5347
mixed,64,58,0.9062,4.0,256,0,1024,4096,3808,6278.378,6715.01,6477.833,0.4568
mixed,64,58,0.9062,4.0,256,0,2048,8192,7616,12054.463,12921.167,12455.192,0.4624
mixed,64,58,0.9062,4.0,256,0,4096,16384,15232,23616.107,25347.654,24377.887,0.4399
mixed,64,58,0.9062,4.0,256,512,128,512,476,1390.534,1485.318,1440.872,0.5311
mixed,64,58,0.9062,4.0,256,512,256,1024,952,2117.723,2257.621,2186.36,0.4906
mixed,64,58,0.9062,4.0,256,512,512,2048,1904,3570.463,3812.183,3667.067,0.3997
mixed,64,58,0.9062,4.0,256,512,1024,4096,3808,6479.941,6911.07,6687.396,0.4812
mixed,64,58,0.9062,4.0,256,512,2048,8192,7616,12250.304,13115.723,12652.213,0.4644
mixed,64,58,0.9062,4.0,256,512,4096,16384,15232,23799.854,25547.982,24556.637,0.4329
mixed,64,58,0.9062,4.0,256,1024,128,512,476,1589.666,1683.876,1631.715,0.4463
mixed,64,58,0.9062,4.0,256,1024,256,1024,952,2317.143,2457.809,2372.692,0.3949
mixed,64,58,0.9062,4.0,256,1024,512,2048,1904,3772.219,4011.478,3824.25,0.2175
mixed,64,58,0.9062,4.0,256,1024,1024,4096,3808,6677.063,7113.597,6892.865,0.4944
mixed,64,58,0.9062,4.0,256,1024,2048,8192,7616,12449.884,13320.782,12846.102,0.455
mixed,64,58,0.9062,4.0,256,1024,4096,16384,15232,23994.672,25752.467,24779.365,0.4464
mixed,64,58,0.9062,4.0,256,2048,128,512,476,1988.414,2080.09,2027.419,0.4255
mixed,64,58,0.9062,4.0,256,2048,256,1024,952,2711.183,2855.438,2782.54,0.4947
mixed,64,58,0.9062,4.0,256,2048,512,2048,1904,4165.17,4403.953,4233.874,0.2877
mixed,64,58,0.9062,4.0,256,2048,1024,4096,3808,7073.862,7511.545,7281.662,0.4748
mixed,64,58,0.9062,4.0,256,2048,2048,8192,7616,12848.157,13723.596,13247.19,0.4558
mixed,64,58,0.9062,4.0,256,2048,4096,16384,15232,24384.495,26144.558,25190.177,0.4578
mixed,64,58,0.9062,4.0,256,4096,128,512,476,2775.981,2867.021,2816.652,0.4467
mixed,64,58,0.9062,4.0,256,4096,256,1024,952,3502.978,3644.378,3562.432,0.4205
mixed,64,58,0.9062,4.0,256,4096,512,2048,1904,4957.959,5194.146,5051.398,0.3956
mixed,64,58,0.9062,4.0,256,4096,1024,4096,3808,7867.764,8298.059,8076.049,0.4841
mixed,64,58,0.9062,4.0,256,4096,2048,8192,7616,13629.968,14517.794,14042.824,0.465
mixed,64,58,0.9062,4.0,256,4096,4096,16384,15232,25185.607,26934.09,25967.101,0.447
mixed,64,58,0.9062,4.0,256,8192,128,512,476,4350.929,4446.962,4394.867,0.4575
mixed,64,58,0.9062,4.0,256,8192,256,1024,952,5086.953,5219.428,5137.51,0.3816
mixed,64,58,0.9062,4.0,256,8192,512,2048,1904,6534.221,6776.104,6583.596,0.2041
mixed,64,58,0.9062,4.0,256,8192,1024,4096,3808,9443.965,9878.065,9654.716,0.4855
mixed,64,58,0.9062,4.0,256,8192,2048,8192,7616,15219.064,16096.234,15623.059,0.4606
mixed,64,58,0.9062,4.0,256,8192,4096,16384,15232,26773.432,28518.005,27540.967,0.44
mixed,64,58,0.9062,4.0,512,0,128,512,476,1269.61,1363.753,1303.529,0.3603
mixed,64,58,0.9062,4.0,512,0,256,1024,952,1993.918,2137.466,2024.477,0.2129
mixed,64,58,0.9062,4.0,512,0,512,2048,1904,3449.99,3685.697,3550.689,0.4272
mixed,64,58,0.9062,4.0,512,0,1024,4096,3808,6355.025,6793.451,6557.361,0.4615
mixed,64,58,0.9062,4.0,512,0,2048,8192,7616,12136.114,12999.01,12541.957,0.4703
mixed,64,58,0.9062,4.0,512,0,4096,16384,15232,23664.815,25436.626,24109.286,0.2509
mixed,64,58,0.9062,4.0,512,512,128,512,476,1692.037,1781.667,1732.193,0.448
mixed,64,58,0.9062,4.0,512,512,256,1024,952,2417.464,2555.061,2484.565,0.4877
mixed,64,58,0.9062,4.0,512,512,512,2048,1904,3869.086,4107.611,3960.157,0.3818
mixed,64,58,0.9062,4.0,512,512,1024,4096,3808,6778.475,7208.232,6859.818,0.1893
mixed,64,58,0.9062,4.0,512,512,2048,8192,7616,12553.774,13429.247,12768.939,0.2458
mixed,64,58,0.9062,4.0,512,512,4096,16384,15232,24102.22,25849.487,24867.749,0.4381
mixed,64,58,0.9062,4.0,512,1024,128,512,476,2090.524,2178.556,2122.971,0.3686
mixed,64,58,0.9062,4.0,512,1024,256,1024,952,2817.68,2951.406,2876.336,0.4386
mixed,64,58,0.9062,4.0,512,1024,512,2048,1904,4269.435,4503.091,4334.709,0.2794
mixed,64,58,0.9062,4.0,512,1024,1024,4096,3808,7180.901,7616.098,7383.618,0.4658
mixed,64,58,0.9062,4.0,512,1024,2048,8192,7616,12946.891,13811.805,13357.411,0.4746
mixed,64,58,0.9062,4.0,512,1024,4096,16384,15232,24499.47,26264.27,25281.794,0.4433
mixed,64,58,0.9062,4.0,512,2048,128,512,476,2877.359,2970.512,2925.197,0.5135
mixed,64,58,0.9062,4.0,512,2048,256,1024,952,3608.612,3746.532,3647.942,0.2852
mixed,64,58,0.9062,4.0,512,2048,512,2048,1904,5063.469,5294.089,5177.418,0.4941
mixed,64,58,0.9062,4.0,512,2048,1024,4096,3808,7968.99,8402.739,8164.25,0.4502
mixed,64,58,0.9062,4.0,512,2048,2048,8192,7616,13743.074,14617.235,13964.506,0.2533
mixed,64,58,0.9062,4.0,512,2048,4096,16384,15232,25295.973,27031.111,26055.931,0.438
mixed,64,58,0.9062,4.0,512,4096,128,512,476,4465.268,4553.655,4510.229,0.5087
mixed,64,58,0.9062,4.0,512,4096,256,1024,952,5199.82,5328.649,5244.554,0.3472
mixed,64,58,0.9062,4.0,512,4096,512,2048,1904,6648.401,6881.009,6745.234,0.4163
mixed,64,58,0.9062,4.0,512,4096,1024,4096,3808,9546.952,9981.885,9753.029,0.4738
mixed,64,58,0.9062,4.0,512,4096,2048,8192,7616,15327.878,16183.769,15717.986,0.4558
mixed,64,58,0.9062,4.0,512,4096,4096,16384,15232,26874.896,28617.748,27652.453,0.4461
mixed,64,58,0.9062,4.0,512,8192,128,512,476,7611.617,7698.563,7655.524,0.505
mixed,64,58,0.9062,4.0,512,8192,256,1024,952,8342.227,8474.617,8382.775,0.3063
mixed,64,58,0.9062,4.0,512,8192,512,2048,1904,9806.178,10022.11,9845.696,0.183
mixed,64,58,0.9062,4.0,512,8192,1024,4096,3808,12702.647,13104.399,12858.863,0.3888
mixed,64,58,0.9062,4.0,512,8192,2048,8192,7616,18462.557,19364.008,18685.078,0.2468
mixed,64,58,0.9062,4.0,512,8192,4096,16384,15232,30015.849,31769.966,29293.425,-0.4118
mixed,64,58,0.9062,4.0,1024,0,128,512,476,1950.914,2201.659,2105.854,0.6179
mixed,64,58,0.9062,4.0,1024,0,256,1024,952,2791.666,2929.364,2808.819,0.1246
mixed,64,58,0.9062,4.0,1024,0,512,2048,1904,4240.699,4480.215,4337.149,0.4027
mixed,64,58,0.9062,4.0,1024,0,1024,4096,3808,7153.905,7580.617,7355.982,0.4736
mixed,64,58,0.9062,4.0,1024,0,2048,8192,7616,12916.117,13248.464,12488.414,-1.2869
mixed,64,58,0.9062,4.0,1024,0,4096,16384,15232,23206.166,23873.006,22468.865,-1.1057
mixed,64,58,0.9062,4.0,1024,512,128,512,476,2908.978,2999.441,2955.154,0.5104
mixed,64,58,0.9062,4.0,1024,512,256,1024,952,3637.958,3777.157,3685.798,0.3437
mixed,64,58,0.9062,4.0,1024,512,512,2048,1904,5099.058,5328.494,5172.144,0.3185
mixed,64,58,0.9062,4.0,1024,512,1024,4096,3808,8002.179,8448.029,8213.377,0.4737
mixed,64,58,0.9062,4.0,1024,512,2048,8192,7616,13775.151,14648.735,13197.011,-0.6618
mixed,64,58,0.9062,4.0,1024,512,4096,16384,15232,23880.467,24431.849,23068.511,-1.4726
mixed,64,58,0.9062,4.0,1024,1024,128,512,476,3728.488,3797.383,3746.95,0.268
mixed,64,58,0.9062,4.0,1024,1024,256,1024,952,4439.932,4581.529,4483.194,0.3055
mixed,64,58,0.9062,4.0,1024,1024,512,2048,1904,5893.126,6127.042,6000.227,0.4579
mixed,64,58,0.9062,4.0,1024,1024,1024,4096,3808,8794.557,9238.004,9001.463,0.4666
mixed,64,58,0.9062,4.0,1024,1024,2048,8192,7616,14569.281,14624.48,14169.353,-7.2452
mixed,64,58,0.9062,4.0,1024,1024,4096,16384,15232,26469.394,25134.087,23758.301,
mixed,64,58,0.9062,4.0,1024,2048,128,512,476,5320.173,5372.366,5321.777,0.0307
mixed,64,58,0.9062,4.0,1024,2048,256,1024,952,6010.531,6159.49,6049.698,0.2629
mixed,64,58,0.9062,4.0,1024,2048,512,2048,1904,7475.087,7701.611,7524.784,0.2194
mixed,64,58,0.9062,4.0,1024,2048,1024,4096,3808,10365.603,10814.814,10306.626,-0.1313
mixed,64,58,0.9062,4.0,1024,2048,2048,8192,7616,15845.267,15827.569,15206.783,
mixed,64,58,0.9062,4.0,1024,2048,4096,16384,15232,28065.696,26174.909,24819.346,
mixed,64,58,0.9062,4.0,1024,4096,128,512,476,8428.738,8512.575,8460.544,0.3794
mixed,64,58,0.9062,4.0,1024,4096,256,1024,952,9129.302,9270.038,9185.046,0.3961
mixed,64,58,0.9062,4.0,1024,4096,512,2048,1904,10602.978,10823.839,10502.977,-0.4528
mixed,64,58,0.9062,4.0,1024,4096,1024,4096,3808,13228.733,13184.959,12960.864,
mixed,64,58,0.9062,4.0,1024,4096,2048,8192,7616,19767.259,20164.883,17382.75,-5.9969
mixed,64,58,0.9062,4.0,1024,4096,4096,16384,15232,27999.651,32691.489,31592.46,0.7658
mixed,64,58,0.9062,4.0,1024,8192,128,512,476,12775.264,12852.581,14744.1,25.4645
mixed,64,58,0.9062,4.0,1024,8192,256,1024,952,14314.891,14189.58,14142.414,
mixed,64,58,0.9062,4.0,1024,8192,512,2048,1904,17308.641,15401.695,15325.916,
mixed,64,58,0.9062,4.0,1024,8192,1024,4096,3808,17909.912,17636.632,17464.509,
mixed,64,58,0.9062,4.0,1024,8192,2048,8192,7616,24911.636,26437.79,21649.094,-2.1378
mixed,64,58,0.9062,4.0,1024,8192,4096,16384,15232,31738.098,33315.709,38275.704,4.144
mixed,64,58,0.9062,4.0,2048,0,128,512,476,3928.104,4609.661,4747.388,1.2021
mixed,64,58,0.9062,4.0,2048,0,256,1024,952,5435.505,4353.859,4312.226,
mixed,64,58,0.9062,4.0,2048,0,512,2048,1904,5561.997,6648.831,6990.426,1.3143
mixed,64,58,0.9062,4.0,2048,0,1024,4096,3808,9795.443,8512.294,8241.802,
mixed,64,58,0.9062,4.0,2048,0,2048,8192,7616,13271.678,14092.849,14664.333,1.6959
mixed,64,58,0.9062,4.0,2048,0,4096,16384,15232,23677.584,29158.434,24224.451,0.0998
mixed,64,58,0.9062,4.0,2048,512,128,512,476,4678.302,5514.45,6387.495,2.0441
mixed,64,58,0.9062,4.0,2048,512,256,1024,952,7012.125,5465.586,5399.54,
mixed,64,58,0.9062,4.0,2048,512,512,2048,1904,6651.456,6821.28,6730.339,0.4645
mixed,64,58,0.9062,4.0,2048,512,1024,4096,3808,9251.581,9646.837,11120.422,4.7282
mixed,64,58,0.9062,4.0,2048,512,2048,8192,7616,15767.938,15249.45,14507.54,
mixed,64,58,0.9062,4.0,2048,512,4096,16384,15232,28701.485,30460.217,25039.136,-2.0824
mixed,64,58,0.9062,4.0,2048,1024,128,512,476,5807.437,5889.901,5849.421,0.5091
mixed,64,58,0.9062,4.0,2048,1024,256,1024,952,6459.939,8051.151,8656.23,1.3803
mixed,64,58,0.9062,4.0,2048,1024,512,2048,1904,7784.851,7977.042,7881.808,0.5045
mixed,64,58,0.9062,4.0,2048,1024,1024,4096,3808,10361.551,12647.826,13033.259,1.1686
mixed,64,58,0.9062,4.0,2048,1024,2048,8192,7616,15533.385,16283.135,19128.374,4.7949
mixed,64,58,0.9062,4.0,2048,1024,4096,16384,15232,25943.478,27462.243,26439.511,0.3266
mixed,64,58,0.9062,4.0,2048,2048,128,512,476,8075.277,8160.208,8099.312,0.283
mixed,64,58,0.9062,4.0,2048,2048,256,1024,952,8738.055,9956.599,11811.23,2.522
mixed,64,58,0.9062,4.0,2048,2048,512,2048,1904,10046.353,10232.915,13571.205,18.8937
mixed,64,58,0.9062,4.0,2048,2048,1024,4096,3808,12648.69,13071.469,12759.599,0.2623
mixed,64,58,0.9062,4.0,2048,2048,2048,8192,7616,22322.161,19080.121,17982.472,
mixed,64,58,0.9062,4.0,2048,2048,4096,16384,15232,28178.331,29740.423,28387.58,0.134
mixed,64,58,0.9062,4.0,2048,4096,128,512,476,12596.049,12668.05,12731.635,1.8831
mixed,64,58,0.9062,4.0,2048,4096,256,1024,952,13284.266,13392.428,13353.446,0.6396
mixed,64,58,0.9062,4.0,2048,4096,512,2048,1904,14571.87,14857.14,14715.99,0.5052
mixed,64,58,0.9062,4.0,2048,4096,1024,4096,3808,17110.326,17572.882,17286.291,0.3804
mixed,64,58,0.9062,4.0,2048,4096,2048,8192,7616,28809.632,23091.238,22526.226,
mixed,64,58,0.9062,4.0,2048,4096,4096,16384,15232,32689.224,34300.948,32919.942,0.1431
mixed,64,58,0.9062,4.0,2048,8192,128,512,476,21532.124,21427.965,21486.493,
mixed,64,58,0.9062,4.0,2048,8192,256,1024,952,22228.309,22276.72,22276.027,0.9857
mixed,64,58,0.9062,4.0,2048,8192,512,2048,1904,23338.402,23546.535,23468.523,0.6252
mixed,64,58,0.9062,4.0,2048,8192,1024,4096,3808,25954.405,35535.91,26108.351,0.0161
mixed,64,58,0.9062,4.0,2048,8192,2048,8192,7616,31274.882,32054.325,31356.581,0.1048
mixed,64,58,0.9062,4.0,2048,8192,4096,16384,15232,41479.457,42933.001,41750.2,0.1863
pure,128,1,0.0078,4.0,0,0,128,512,131,470.458,1521.164,617.846,0.1403
pure,128,1,0.0078,4.0,0,0,256,1024,262,952.532,3249.138,1058.513,0.0461
pure,128,1,0.0078,4.0,0,0,512,2048,524,1729.865,6312.941,1945.702,0.0471
pure,128,1,0.0078,4.0,0,0,1024,4096,1048,3264.083,12461.342,3713.487,0.0489
pure,128,1,0.0078,4.0,0,0,2048,8192,2096,6422.764,24738.238,7270.753,0.0463
