regime,n,nb,ratio,skew,pc,kp,kvs,kv_big,kv_mean,t_mean_us,t_max_us,t_skew_us,alpha
pure,2,1,0.5,4.0,0,0,128,512,320,70.369,90.143,69.279,-0.0551
pure,2,1,0.5,4.0,0,0,256,1024,640,90.848,110.176,93.343,0.1291
mixed,2,1,0.5,4.0,16,0,128,512,320,92.319,111.455,91.872,-0.0234
mixed,2,1,0.5,4.0,16,0,256,1024,640,113.41,133.536,115.327,0.0952
mixed,2,1,0.5,4.0,16,512,128,512,320,140.673,158.786,139.902,-0.0426
mixed,2,1,0.5,4.0,16,512,256,1024,640,161.924,184.93,162.943,0.0443
mixed,2,1,0.5,4.0,16,1024,128,512,320,162.369,184.64,163.68,0.0589
mixed,2,1,0.5,4.0,16,1024,256,1024,640,184.992,208.928,186.497,0.0629
mixed,2,1,0.5,4.0,32,0,128,512,320,127.586,146.879,127.458,-0.0066
mixed,2,1,0.5,4.0,32,0,256,1024,640,150.05,171.744,152.382,0.1075
mixed,2,1,0.5,4.0,32,512,128,512,320,183.681,200.609,182.434,-0.0737
mixed,2,1,0.5,4.0,32,512,256,1024,640,203.2,227.584,204.19,0.0406
mixed,2,1,0.5,4.0,32,1024,128,512,320,247.457,266.593,245.535,-0.1004
mixed,2,1,0.5,4.0,32,1024,256,1024,640,269.343,291.808,269.086,-0.0114
mixed,2,1,0.5,4.0,64,0,128,512,320,128.577,149.729,128.257,-0.0151
mixed,2,1,0.5,4.0,64,0,256,1024,640,150.593,173.663,151.744,0.0499
mixed,2,1,0.5,4.0,64,512,128,512,320,262.401,284.544,262.016,-0.0174
mixed,2,1,0.5,4.0,64,512,256,1024,640,285.631,307.457,287.425,0.0822
mixed,2,1,0.5,4.0,64,1024,128,512,320,345.858,362.689,345.441,-0.0248
mixed,2,1,0.5,4.0,64,1024,256,1024,640,365.504,387.393,365.857,0.0161
mixed,2,1,0.5,4.0,128,0,128,512,320,151.203,172.256,150.4,-0.0381
mixed,2,1,0.5,4.0,128,0,256,1024,640,173.344,198.177,174.656,0.0528
mixed,2,1,0.5,4.0,128,512,128,512,320,394.785,413.473,395.809,0.0548
mixed,2,1,0.5,4.0,128,512,256,1024,640,413.569,436.002,413.539,-0.0013
mixed,2,1,0.5,4.0,128,1024,128,512,320,492.577,508.833,495.619,0.1871
mixed,2,1,0.5,4.0,128,1024,256,1024,640,512.352,536.833,513.217,0.0353
mixed,2,1,0.5,4.0,256,0,128,512,320,446.656,467.297,446.466,-0.0092
mixed,2,1,0.5,4.0,256,0,256,1024,640,469.056,490.469,468.959,-0.0045
mixed,2,1,0.5,4.0,256,512,128,512,320,647.615,664.705,646.785,-0.0486
mixed,2,1,0.5,4.0,256,512,256,1024,640,671.073,692.451,668.037,-0.142
mixed,2,1,0.5,4.0,256,1024,128,512,320,845.824,866.143,846.37,0.0269
mixed,2,1,0.5,4.0,256,1024,256,1024,640,867.681,887.202,868.385,0.0361
mixed,2,1,0.5,4.0,512,0,128,512,320,527.524,543.235,526.243,-0.0815
mixed,2,1,0.5,4.0,512,0,256,1024,640,547.743,570.592,547.809,0.0029
mixed,2,1,0.5,4.0,512,512,128,512,320,943.266,959.011,941.733,-0.0974
mixed,2,1,0.5,4.0,512,512,256,1024,640,961.443,983.746,963.232,0.0802
mixed,2,1,0.5,4.0,512,1024,128,512,320,1336.418,1352.386,1335.524,-0.056
mixed,2,1,0.5,4.0,512,1024,256,1024,640,1357.796,1379.588,1355.746,-0.0941
mixed,2,1,0.5,4.0,1024,0,128,512,320,1320.324,1335.076,1317.44,-0.1955
mixed,2,1,0.5,4.0,1024,0,256,1024,640,1337.316,1360.58,1337.607,0.0125
mixed,2,1,0.5,4.0,1024,512,128,512,320,2168.005,2186.054,2168.999,0.0551
mixed,2,1,0.5,4.0,1024,512,256,1024,640,2189.414,2212.933,2187.304,-0.0897
pure,4,1,0.25,4.0,0,0,128,512,224,73.793,113.281,90.111,0.4132
pure,4,1,0.25,4.0,0,0,256,1024,448,100.288,166.909,110.337,0.1508
mixed,4,1,0.25,4.0,16,0,128,512,224,95.009,135.745,111.584,0.4069
mixed,4,1,0.25,4.0,16,0,256,1024,448,120.803,188.544,132.546,0.1734
mixed,4,1,0.25,4.0,16,512,128,512,224,144.194,187.233,159.296,0.3509
mixed,4,1,0.25,4.0,16,512,256,1024,448,173.408,242.144,180.353,0.101
mixed,4,1,0.25,4.0,16,1024,128,512,224,166.848,212.063,182.783,0.3524
mixed,4,1,0.25,4.0,16,1024,256,1024,448,195.489,263.97,203.968,0.1238
mixed,4,1,0.25,4.0,32,0,128,512,224,131.105,172.738,148.673,0.422
mixed,4,1,0.25,4.0,32,0,256,1024,448,159.97,228.738,168.449,0.1233
mixed,4,1,0.25,4.0,32,512,128,512,224,187.041,231.776,201.633,0.3262
mixed,4,1,0.25,4.0,32,512,256,1024,448,216.128,285.76,224.258,0.1168
mixed,4,1,0.25,4.0,32,1024,128,512,224,251.393,296.191,266.785,0.3436
mixed,4,1,0.25,4.0,32,1024,256,1024,448,279.392,350.786,287.585,0.1148
mixed,4,1,0.25,4.0,64,0,128,512,224,132.896,174.206,149.761,0.4083
mixed,4,1,0.25,4.0,64,0,256,1024,448,161.76,232.228,169.76,0.1135
mixed,4,1,0.25,4.0,64,512,128,512,224,268.672,310.402,282.465,0.3305
mixed,4,1,0.25,4.0,64,512,256,1024,448,297.6,365.761,305.539,0.1165
mixed,4,1,0.25,4.0,64,1024,128,512,224,350.977,389.281,362.4,0.2982
mixed,4,1,0.25,4.0,64,1024,256,1024,448,377.409,443.809,384.93,0.1133
mixed,4,1,0.25,4.0,128,0,128,512,224,155.744,199.487,171.584,0.3621
mixed,4,1,0.25,4.0,128,0,256,1024,448,185.824,255.395,193.984,0.1173
mixed,4,1,0.25,4.0,128,512,128,512,224,400.769,438.465,414.72,0.3701
mixed,4,1,0.25,4.0,128,512,256,1024,448,425.794,496.035,432.129,0.0902
mixed,4,1,0.25,4.0,128,1024,128,512,224,496.32,539.554,509.602,0.3072
mixed,4,1,0.25,4.0,128,1024,256,1024,448,525.76,593.475,532.994,0.1068
mixed,4,1,0.25,4.0,256,0,128,512,224,453.92,492.896,463.968,0.2578
mixed,4,1,0.25,4.0,256,0,256,1024,448,480.193,545.473,487.773,0.1161
mixed,4,1,0.25,4.0,256,512,128,512,224,653.568,696.577,665.249,0.2716
mixed,4,1,0.25,4.0,256,512,256,1024,448,679.778,744.677,689.634,0.1519
mixed,4,1,0.25,4.0,256,1024,128,512,224,850.884,894.562,864.001,0.3003
mixed,4,1,0.25,4.0,256,1024,256,1024,448,879.459,947.747,886.337,0.1007
mixed,4,1,0.25,4.0,512,0,128,512,224,530.336,573.696,544.898,0.3358
mixed,4,1,0.25,4.0,512,0,256,1024,448,558.433,626.849,567.072,0.1263
mixed,4,1,0.25,4.0,512,512,128,512,224,948.482,992.642,962.594,0.3196
mixed,4,1,0.25,4.0,512,512,256,1024,448,976.832,1044.833,984.485,0.1125
mixed,4,1,0.25,4.0,512,1024,128,512,224,1340.163,1379.81,1355.042,0.3753
mixed,4,1,0.25,4.0,512,1024,256,1024,448,1367.075,1433.958,1371.94,0.0727
mixed,4,1,0.25,4.0,1024,0,128,512,224,1320.869,1362.563,1337.061,0.3884
mixed,4,1,0.25,4.0,1024,0,256,1024,448,1355.014,1422.018,1355.558,0.0081
mixed,4,1,0.25,4.0,1024,512,128,512,224,2172.998,2216.038,2185.478,0.29
mixed,4,1,0.25,4.0,1024,512,256,1024,448,2197.063,2273.702,2209.063,0.1566
pure,4,2,0.5,4.0,0,0,128,512,320,92.704,111.361,94.208,0.0806
pure,4,2,0.5,4.0,0,0,256,1024,640,127.712,165.665,125.825,-0.0497
mixed,4,2,0.5,4.0,16,0,128,512,320,114.495,136.512,115.904,0.064
mixed,4,2,0.5,4.0,16,0,256,1024,640,150.113,189.73,147.905,-0.0557
mixed,4,2,0.5,4.0,16,512,128,512,320,163.203,188.928,164.577,0.0534
mixed,4,2,0.5,4.0,16,512,256,1024,640,200.255,240.257,199.84,-0.0104
mixed,4,2,0.5,4.0,16,1024,128,512,320,186.753,211.456,186.432,-0.013
mixed,4,2,0.5,4.0,16,1024,256,1024,640,222.946,265.409,222.559,-0.0091
mixed,4,2,0.5,4.0,32,0,128,512,320,150.528,173.664,153.025,0.1079
mixed,4,2,0.5,4.0,32,0,256,1024,640,187.552,226.72,186.497,-0.0269
mixed,4,2,0.5,4.0,32,512,128,512,320,205.602,230.466,206.496,0.036
mixed,4,2,0.5,4.0,32,512,256,1024,640,244.288,285.312,244.96,0.0164
mixed,4,2,0.5,4.0,32,1024,128,512,320,270.528,295.2,269.985,-0.022
mixed,4,2,0.5,4.0,32,1024,256,1024,640,307.294,351.361,307.17,-0.0028
mixed,4,2,0.5,4.0,64,0,128,512,320,152.32,175.329,152.735,0.018
mixed,4,2,0.5,4.0,64,0,256,1024,640,190.464,230.593,188.641,-0.0454
mixed,4,2,0.5,4.0,64,512,128,512,320,287.935,310.628,285.44,-0.1099
mixed,4,2,0.5,4.0,64,512,256,1024,640,325.377,367.552,326.529,0.0273
mixed,4,2,0.5,4.0,64,1024,128,512,320,366.689,391.551,365.887,-0.0323
mixed,4,2,0.5,4.0,64,1024,256,1024,640,404.225,444.386,404.448,0.0056
mixed,4,2,0.5,4.0,128,0,128,512,320,174.145,200.097,174.946,0.0309
mixed,4,2,0.5,4.0,128,0,256,1024,640,211.65,255.745,213.92,0.0515
mixed,4,2,0.5,4.0,128,512,128,512,320,418.24,441.762,417.57,-0.0285
mixed,4,2,0.5,4.0,128,512,256,1024,640,454.976,495.583,455.008,0.0008
mixed,4,2,0.5,4.0,128,1024,128,512,320,514.817,540.673,515.811,0.0384
mixed,4,2,0.5,4.0,128,1024,256,1024,640,552.738,593.153,554.146,0.0348
mixed,4,2,0.5,4.0,256,0,128,512,320,469.955,492.575,468.224,-0.0765
mixed,4,2,0.5,4.0,256,0,256,1024,640,505.891,547.266,507.202,0.0317
mixed,4,2,0.5,4.0,256,512,128,512,320,670.978,694.69,670.913,-0.0027
mixed,4,2,0.5,4.0,256,512,256,1024,640,705.951,747.075,708.258,0.0561
mixed,4,2,0.5,4.0,256,1024,128,512,320,869.766,891.748,867.169,-0.1181
mixed,4,2,0.5,4.0,256,1024,256,1024,640,907.201,947.746,908.931,0.0427
mixed,4,2,0.5,4.0,512,0,128,512,320,549.505,573.408,548.769,-0.0308
mixed,4,2,0.5,4.0,512,0,256,1024,640,588.48,627.359,588.194,-0.0074
mixed,4,2,0.5,4.0,512,512,128,512,320,964.547,991.459,963.716,-0.0309
mixed,4,2,0.5,4.0,512,512,256,1024,640,1005.185,1046.304,1006.339,0.0281
mixed,4,2,0.5,4.0,512,1024,128,512,320,1357.798,1379.873,1357.217,-0.0263
mixed,4,2,0.5,4.0,512,1024,256,1024,640,1395.043,1438.083,1396.964,0.0446
mixed,4,2,0.5,4.0,1024,0,128,512,320,1337.282,1366.883,1340.451,0.1071
mixed,4,2,0.5,4.0,1024,0,256,1024,640,1380.098,1419.586,1377.572,-0.064
mixed,4,2,0.5,4.0,1024,512,128,512,320,2188.773,2214.439,2192.231,0.1347
mixed,4,2,0.5,4.0,1024,512,256,1024,640,2224.327,2272.07,2228.006,0.0771
pure,4,3,0.75,4.0,0,0,128,512,416,98.913,114.082,98.688,-0.0148
pure,4,3,0.75,4.0,0,0,256,1024,832,141.123,165.602,143.744,0.1071
mixed,4,3,0.75,4.0,16,0,128,512,416,120.865,134.72,120.351,-0.0371
mixed,4,3,0.75,4.0,16,0,256,1024,832,164.704,189.666,165.25,0.0219
mixed,4,3,0.75,4.0,16,512,128,512,416,170.784,188.544,171.105,0.0181
mixed,4,3,0.75,4.0,16,512,256,1024,832,214.914,239.617,216.128,0.0491
mixed,4,3,0.75,4.0,16,1024,128,512,416,192.543,211.424,192.224,-0.0169
mixed,4,3,0.75,4.0,16,1024,256,1024,832,237.023,265.472,239.49,0.0867
mixed,4,3,0.75,4.0,32,0,128,512,416,156.352,173.376,155.298,-0.0619
mixed,4,3,0.75,4.0,32,0,256,1024,832,203.074,226.369,203.233,0.0068
mixed,4,3,0.75,4.0,32,512,128,512,416,214.272,231.743,214.274,0.0001
mixed,4,3,0.75,4.0,32,512,256,1024,832,261.151,284.449,266.495,0.2294
mixed,4,3,0.75,4.0,32,1024,128,512,416,276.127,295.297,275.362,-0.0399
mixed,4,3,0.75,4.0,32,1024,256,1024,832,325.282,352.383,327.456,0.0802
mixed,4,3,0.75,4.0,64,0,128,512,416,160.608,175.105,158.114,-0.172
mixed,4,3,0.75,4.0,64,0,256,1024,832,205.185,230.304,206.434,0.0497
mixed,4,3,0.75,4.0,64,512,128,512,416,295.106,309.218,294.178,-0.0658
mixed,4,3,0.75,4.0,64,512,256,1024,832,343.488,365.248,344.415,0.0426
mixed,4,3,0.75,4.0,64,1024,128,512,416,373.473,389.537,373.504,0.0019
mixed,4,3,0.75,4.0,64,1024,256,1024,832,421.314,444.578,425.058,0.1609
mixed,4,3,0.75,4.0,128,0,128,512,416,184.097,199.168,181.664,-0.1614
mixed,4,3,0.75,4.0,128,0,256,1024,832,230.369,254.562,235.361,0.2063
mixed,4,3,0.75,4.0,128,512,128,512,416,423.616,439.745,422.627,-0.0613
mixed,4,3,0.75,4.0,128,512,256,1024,832,468.129,493.092,471.104,0.1192
mixed,4,3,0.75,4.0,128,1024,128,512,416,521.891,538.432,522.434,0.0328
mixed,4,3,0.75,4.0,128,1024,256,1024,832,570.433,591.809,573.281,0.1332
mixed,4,3,0.75,4.0,256,0,128,512,416,478.528,494.529,476.897,-0.1019
mixed,4,3,0.75,4.0,256,0,256,1024,832,519.232,545.796,522.851,0.1362
mixed,4,3,0.75,4.0,256,512,128,512,416,676.932,696.45,676.867,-0.0033
mixed,4,3,0.75,4.0,256,512,256,1024,832,721.186,746.883,723.266,0.0809
mixed,4,3,0.75,4.0,256,1024,128,512,416,876.003,893.155,876.099,0.0056
mixed,4,3,0.75,4.0,256,1024,256,1024,832,921.539,946.08,924.098,0.1043
mixed,4,3,0.75,4.0,512,0,128,512,416,557.155,573.857,558.082,0.0555
mixed,4,3,0.75,4.0,512,0,256,1024,832,603.716,627.713,603.556,-0.0067
mixed,4,3,0.75,4.0,512,512,128,512,416,972.354,990.786,972.643,0.0157
mixed,4,3,0.75,4.0,512,512,256,1024,832,1019.811,1042.501,1023.681,0.1706
mixed,4,3,0.75,4.0,512,1024,128,512,416,1365.763,1381.477,1363.617,-0.1366
mixed,4,3,0.75,4.0,512,1024,256,1024,832,1410.722,1438.406,1413.957,0.1169
mixed,4,3,0.75,4.0,1024,0,128,512,416,1344.965,1365.667,1348.577,0.1745
mixed,4,3,0.75,4.0,1024,0,256,1024,832,1396.29,1419.523,1397.922,0.0702
mixed,4,3,0.75,4.0,1024,512,128,512,416,2199.751,2213.16,2195.653,-0.3056
mixed,4,3,0.75,4.0,1024,512,256,1024,832,2246.692,2270.822,2249.896,0.1328
pure,8,1,0.125,4.0,0,0,128,512,176,98.401,167.169,105.697,0.1061
pure,8,1,0.125,4.0,0,0,256,1024,352,133.219,267.744,156.992,0.1767
mixed,8,1,0.125,4.0,16,0,128,512,176,120.704,191.232,128.832,0.1152
mixed,8,1,0.125,4.0,16,0,256,1024,352,155.457,291.873,181.057,0.1877
mixed,8,1,0.125,4.0,16,512,128,512,176,171.875,242.272,177.825,0.0845
mixed,8,1,0.125,4.0,16,512,256,1024,352,204.989,344.772,227.36,0.16
mixed,8,1,0.125,4.0,16,1024,128,512,176,192.514,263.522,199.904,0.1041
mixed,8,1,0.125,4.0,16,1024,256,1024,352,227.137,367.775,249.473,0.1588
mixed,8,1,0.125,4.0,32,0,128,512,176,157.533,228.222,164.672,0.101
mixed,8,1,0.125,4.0,32,0,256,1024,352,192.354,328.866,216.994,0.1805
mixed,8,1,0.125,4.0,32,512,128,512,176,214.176,286.208,220.865,0.0929
mixed,8,1,0.125,4.0,32,512,256,1024,352,252.416,390.242,273.344,0.1518
mixed,8,1,0.125,4.0,32,1024,128,512,176,277.505,353.344,282.847,0.0704
mixed,8,1,0.125,4.0,32,1024,256,1024,352,314.047,455.519,334.56,0.145
mixed,8,1,0.125,4.0,64,0,128,512,176,164.163,237.248,170.112,0.0814
mixed,8,1,0.125,4.0,64,0,256,1024,352,201.44,337.154,220.352,0.1394
mixed,8,1,0.125,4.0,64,512,128,512,176,297.857,373.379,304.416,0.0868
mixed,8,1,0.125,4.0,64,512,256,1024,352,337.216,477.952,353.504,0.1157
mixed,8,1,0.125,4.0,64,1024,128,512,176,379.074,450.24,383.295,0.0593
mixed,8,1,0.125,4.0,64,1024,256,1024,352,418.785,551.809,435.043,0.1222
mixed,8,1,0.125,4.0,128,0,128,512,176,183.746,257.794,188.002,0.0575
mixed,8,1,0.125,4.0,128,0,256,1024,352,220.032,359.01,239.711,0.1416
mixed,8,1,0.125,4.0,128,512,128,512,176,423.967,498.209,430.304,0.0854
mixed,8,1,0.125,4.0,128,512,256,1024,352,457.825,602.657,477.828,0.1381
mixed,8,1,0.125,4.0,128,1024,128,512,176,521.826,593.762,526.115,0.0596
mixed,8,1,0.125,4.0,128,1024,256,1024,352,559.361,700.48,576.773,0.1234
mixed,8,1,0.125,4.0,256,0,128,512,176,476.32,546.304,479.939,0.0517
mixed,8,1,0.125,4.0,256,0,256,1024,352,511.169,650.626,531.999,0.1494
mixed,8,1,0.125,4.0,256,512,128,512,176,678.049,751.33,681.569,0.048
mixed,8,1,0.125,4.0,256,512,256,1024,352,710.437,850.656,727.874,0.1244
mixed,8,1,0.125,4.0,256,1024,128,512,176,876.611,949.796,884.416,0.1066
mixed,8,1,0.125,4.0,256,1024,256,1024,352,912.481,1049.987,928.865,0.1192
mixed,8,1,0.125,4.0,512,0,128,512,176,558.69,632.259,562.465,0.0513
mixed,8,1,0.125,4.0,512,0,256,1024,352,592.258,735.873,612.449,0.1406
mixed,8,1,0.125,4.0,512,512,128,512,176,974.275,1045.859,979.044,0.0666
mixed,8,1,0.125,4.0,512,512,256,1024,352,1009.569,1148.16,1029.763,0.1457
mixed,8,1,0.125,4.0,512,1024,128,512,176,1365.378,1439.526,1371.622,0.0842
mixed,8,1,0.125,4.0,512,1024,256,1024,352,1401.54,1540.1,1419.527,0.1298
mixed,8,1,0.125,4.0,1024,0,128,512,176,1347.939,1422.531,1355.491,0.1012
mixed,8,1,0.125,4.0,1024,0,256,1024,352,1386.756,1522.083,1407.011,0.1497
mixed,8,1,0.125,4.0,1024,512,128,512,176,2199.334,2273.51,2201.99,0.0358
mixed,8,1,0.125,4.0,1024,512,256,1024,352,2234.084,2367.43,2256.966,0.1716
pure,8,2,0.25,4.0,0,0,128,512,224,102.495,167.744,108.737,0.0957
pure,8,2,0.25,4.0,0,0,256,1024,448,154.272,267.138,161.663,0.0655
mixed,8,2,0.25,4.0,16,0,128,512,224,125.759,190.209,133.89,0.1262
mixed,8,2,0.25,4.0,16,0,256,1024,448,176.289,292.065,185.696,0.0813
mixed,8,2,0.25,4.0,16,512,128,512,224,176.863,242.046,184.386,0.1154
mixed,8,2,0.25,4.0,16,512,256,1024,448,227.169,344.29,235.523,0.0713
mixed,8,2,0.25,4.0,16,1024,128,512,224,196.128,264.192,205.089,0.1317
mixed,8,2,0.25,4.0,16,1024,256,1024,448,249.377,366.016,260.673,0.0968
mixed,8,2,0.25,4.0,32,0,128,512,224,162.016,228.288,169.888,0.1188
mixed,8,2,0.25,4.0,32,0,256,1024,448,214.208,328.929,223.871,0.0842
mixed,8,2,0.25,4.0,32,512,128,512,224,219.296,288.129,225.505,0.0902
mixed,8,2,0.25,4.0,32,512,256,1024,448,274.562,392.707,279.837,0.0446
mixed,8,2,0.25,4.0,32,1024,128,512,224,284.161,352.227,291.716,0.111
mixed,8,2,0.25,4.0,32,1024,256,1024,448,337.249,454.816,344.8,0.0642
mixed,8,2,0.25,4.0,64,0,128,512,224,169.441,238.242,175.235,0.0842
mixed,8,2,0.25,4.0,64,0,256,1024,448,222.657,337.185,228.545,0.0514
mixed,8,2,0.25,4.0,64,512,128,512,224,304.609,373.698,310.305,0.0824
mixed,8,2,0.25,4.0,64,512,256,1024,448,359.935,475.903,363.839,0.0337
mixed,8,2,0.25,4.0,64,1024,128,512,224,385.763,451.042,390.432,0.0715
mixed,8,2,0.25,4.0,64,1024,256,1024,448,438.431,553.155,441.537,0.0271
mixed,8,2,0.25,4.0,128,0,128,512,224,188.706,257.214,193.889,0.0757
mixed,8,2,0.25,4.0,128,0,256,1024,448,243.585,356.705,249.344,0.0509
mixed,8,2,0.25,4.0,128,512,128,512,224,428.769,496.448,435.043,0.0927
mixed,8,2,0.25,4.0,128,512,256,1024,448,482.754,600.579,486.337,0.0304
mixed,8,2,0.25,4.0,128,1024,128,512,224,529.378,598.05,534.98,0.0816
mixed,8,2,0.25,4.0,128,1024,256,1024,448,583.042,697.828,585.985,0.0256
mixed,8,2,0.25,4.0,256,0,128,512,224,485.41,549.056,488.612,0.0503
mixed,8,2,0.25,4.0,256,0,256,1024,448,535.172,649.217,540.257,0.0446
mixed,8,2,0.25,4.0,256,512,128,512,224,682.816,751.329,688.994,0.0902
mixed,8,2,0.25,4.0,256,512,256,1024,448,736.257,854.789,736.834,0.0049
mixed,8,2,0.25,4.0,256,1024,128,512,224,881.604,948.832,887.779,0.0919
mixed,8,2,0.25,4.0,256,1024,256,1024,448,932.868,1050.531,939.363,0.0552
mixed,8,2,0.25,4.0,512,0,128,512,224,562.692,632.383,566.85,0.0597
mixed,8,2,0.25,4.0,512,0,256,1024,448,618.531,735.585,619.779,0.0107
mixed,8,2,0.25,4.0,512,512,128,512,224,980.803,1047.235,986.084,0.0795
mixed,8,2,0.25,4.0,512,512,256,1024,448,1036.388,1151.237,1040.357,0.0346
mixed,8,2,0.25,4.0,512,1024,128,512,224,1372.709,1440.226,1375.46,0.0407
mixed,8,2,0.25,4.0,512,1024,256,1024,448,1426.214,1540.645,1429.571,0.0293
mixed,8,2,0.25,4.0,1024,0,128,512,224,1352.164,1424.802,1361.381,0.1269
mixed,8,2,0.25,4.0,1024,0,256,1024,448,1407.205,1522.052,1411.141,0.0343
mixed,8,2,0.25,4.0,1024,512,128,512,224,2204.84,2272.327,2210.183,0.0792
mixed,8,2,0.25,4.0,1024,512,256,1024,448,2256.392,2370.826,2258.6,0.0193
pure,8,3,0.375,4.0,0,0,128,512,272,116.319,167.232,115.007,-0.0258
pure,8,3,0.375,4.0,0,0,256,1024,544,169.983,269.026,170.525,0.0055
mixed,8,3,0.375,4.0,16,0,128,512,272,140.065,191.04,140.416,0.0069
mixed,8,3,0.375,4.0,16,0,256,1024,544,192.737,293.281,194.688,0.0194
mixed,8,3,0.375,4.0,16,512,128,512,272,192.384,241.503,191.744,-0.013
mixed,8,3,0.375,4.0,16,512,256,1024,544,241.632,343.999,242.368,0.0072
mixed,8,3,0.375,4.0,16,1024,128,512,272,216.001,264.64,213.091,-0.0598
mixed,8,3,0.375,4.0,16,1024,256,1024,544,266.399,365.503,267.745,0.0136
mixed,8,3,0.375,4.0,32,0,128,512,272,178.177,227.424,178.049,-0.0026
mixed,8,3,0.375,4.0,32,0,256,1024,544,230.114,328.994,232.288,0.022
mixed,8,3,0.375,4.0,32,512,128,512,272,235.361,287.583,235.361,0.0
mixed,8,3,0.375,4.0,32,512,256,1024,544,291.328,393.09,291.97,0.0063
mixed,8,3,0.375,4.0,32,1024,128,512,272,297.951,351.264,297.762,-0.0035
mixed,8,3,0.375,4.0,32,1024,256,1024,544,354.977,454.981,353.892,-0.0108
mixed,8,3,0.375,4.0,64,0,128,512,272,187.329,238.465,183.488,-0.0751
mixed,8,3,0.375,4.0,64,0,256,1024,544,239.649,339.587,240.065,0.0042
mixed,8,3,0.375,4.0,64,512,128,512,272,318.721,373.952,320.066,0.0244
mixed,8,3,0.375,4.0,64,512,256,1024,544,376.481,475.712,372.61,-0.039
mixed,8,3,0.375,4.0,64,1024,128,512,272,398.434,452.32,398.818,0.0071
mixed,8,3,0.375,4.0,64,1024,256,1024,544,454.148,556.13,453.283,-0.0085
mixed,8,3,0.375,4.0,128,0,128,512,272,204.898,257.695,202.691,-0.0418
mixed,8,3,0.375,4.0,128,0,256,1024,544,259.522,360.003,260.227,0.007
mixed,8,3,0.375,4.0,128,512,128,512,272,444.482,495.618,441.058,-0.067
mixed,8,3,0.375,4.0,128,512,256,1024,544,497.216,601.602,499.01,0.0172
mixed,8,3,0.375,4.0,128,1024,128,512,272,542.85,594.852,542.082,-0.0148
mixed,8,3,0.375,4.0,128,1024,256,1024,544,596.388,696.675,596.353,-0.0003
mixed,8,3,0.375,4.0,256,0,128,512,272,497.953,546.753,495.233,-0.0557
mixed,8,3,0.375,4.0,256,0,256,1024,544,548.962,648.962,550.113,0.0115
mixed,8,3,0.375,4.0,256,512,128,512,272,695.202,752.961,696.994,0.031
mixed,8,3,0.375,4.0,256,512,256,1024,544,748.099,853.765,748.706,0.0057
mixed,8,3,0.375,4.0,256,1024,128,512,272,893.83,949.474,894.179,0.0063
mixed,8,3,0.375,4.0,256,1024,256,1024,544,949.699,1053.732,948.418,-0.0123
mixed,8,3,0.375,4.0,512,0,128,512,272,578.082,630.469,577.572,-0.0097
mixed,8,3,0.375,4.0,512,0,256,1024,544,632.385,734.467,631.616,-0.0075
mixed,8,3,0.375,4.0,512,512,128,512,272,992.259,1048.707,993.763,0.0266
mixed,8,3,0.375,4.0,512,512,256,1024,544,1047.11,1148.578,1051.622,0.0445
mixed,8,3,0.375,4.0,512,1024,128,512,272,1385.668,1436.546,1383.107,-0.0503
mixed,8,3,0.375,4.0,512,1024,256,1024,544,1439.397,1539.079,1441.126,0.0173
mixed,8,3,0.375,4.0,1024,0,128,512,272,1369.763,1422.695,1369.827,0.0012
mixed,8,3,0.375,4.0,1024,0,256,1024,544,1424.614,1522.788,1422.725,-0.0192
mixed,8,3,0.375,4.0,1024,512,128,512,272,2220.649,2275.815,2218.632,-0.0366
mixed,8,3,0.375,4.0,1024,512,256,1024,544,2269.639,2372.168,2270.182,0.0053
pure,8,4,0.5,4.0,0,0,128,512,320,129.856,167.296,129.728,-0.0034
pure,8,4,0.5,4.0,0,0,256,1024,640,191.585,267.393,194.017,0.0321
mixed,8,4,0.5,4.0,16,0,128,512,320,153.185,190.624,153.441,0.0068
mixed,8,4,0.5,4.0,16,0,256,1024,640,215.201,292.224,219.712,0.0586
mixed,8,4,0.5,4.0,16,512,128,512,320,201.474,241.986,202.367,0.022
mixed,8,4,0.5,4.0,16,512,256,1024,640,266.848,344.163,267.873,0.0133
mixed,8,4,0.5,4.0,16,1024,128,512,320,225.473,265.6,226.369,0.0223
mixed,8,4,0.5,4.0,16,1024,256,1024,640,288.832,366.624,292.961,0.0531
mixed,8,4,0.5,4.0,32,0,128,512,320,188.609,229.12,191.267,0.0656
mixed,8,4,0.5,4.0,32,0,256,1024,640,254.271,329.344,255.328,0.0141
mixed,8,4,0.5,4.0,32,512,128,512,320,248.736,288.066,251.842,0.079
mixed,8,4,0.5,4.0,32,512,256,1024,640,313.504,390.496,316.063,0.0332
mixed,8,4,0.5,4.0,32,1024,128,512,320,309.857,354.112,312.225,0.0535
mixed,8,4,0.5,4.0,32,1024,256,1024,640,375.586,455.713,378.338,0.0343
mixed,8,4,0.5,4.0,64,0,128,512,320,199.263,237.025,196.29,-0.0787
mixed,8,4,0.5,4.0,64,0,256,1024,640,263.168,339.043,264.801,0.0215
mixed,8,4,0.5,4.0,64,512,128,512,320,334.658,372.77,332.77,-0.0495
mixed,8,4,0.5,4.0,64,512,256,1024,640,398.209,476.577,400.001,0.0229
mixed,8,4,0.5,4.0,64,1024,128,512,320,413.889,451.362,412.576,-0.035
mixed,8,4,0.5,4.0,64,1024,256,1024,640,477.09,554.242,477.121,0.0004
mixed,8,4,0.5,4.0,128,0,128,512,320,217.698,259.041,215.647,-0.0496
mixed,8,4,0.5,4.0,128,0,256,1024,640,283.681,359.106,286.594,0.0386
mixed,8,4,0.5,4.0,128,512,128,512,320,459.714,495.874,458.37,-0.0372
mixed,8,4,0.5,4.0,128,512,256,1024,640,522.465,601.953,523.52,0.0133
mixed,8,4,0.5,4.0,128,1024,128,512,320,556.609,595.522,555.618,-0.0255
mixed,8,4,0.5,4.0,128,1024,256,1024,640,622.529,699.746,623.778,0.0162
mixed,8,4,0.5,4.0,256,0,128,512,320,509.954,548.769,509.763,-0.0049
mixed,8,4,0.5,4.0,256,0,256,1024,640,574.978,649.347,572.387,-0.0348
mixed,8,4,0.5,4.0,256,512,128,512,320,711.233,747.619,710.498,-0.0202
mixed,8,4,0.5,4.0,256,512,256,1024,640,772.932,850.467,774.371,0.0186
mixed,8,4,0.5,4.0,256,1024,128,512,320,911.33,952.194,912.579,0.0306
mixed,8,4,0.5,4.0,256,1024,256,1024,640,970.722,1049.346,972.323,0.0204
mixed,8,4,0.5,4.0,512,0,128,512,320,593.122,631.907,592.928,-0.005
mixed,8,4,0.5,4.0,512,0,256,1024,640,655.138,734.725,656.1,0.0121
mixed,8,4,0.5,4.0,512,512,128,512,320,1007.683,1047.78,1008.803,0.0279
mixed,8,4,0.5,4.0,512,512,256,1024,640,1071.876,1148.611,1071.427,-0.0059
mixed,8,4,0.5,4.0,512,1024,128,512,320,1399.62,1439.524,1398.245,-0.0345
mixed,8,4,0.5,4.0,512,1024,256,1024,640,1463.073,1541.347,1463.846,0.0099
mixed,8,4,0.5,4.0,1024,0,128,512,320,1384.231,1422.178,1382.626,-0.0423
mixed,8,4,0.5,4.0,1024,0,256,1024,640,1448.422,1525.574,1448.869,0.0058
mixed,8,4,0.5,4.0,1024,512,128,512,320,2232.009,2271.912,2231.689,-0.008
mixed,8,4,0.5,4.0,1024,512,256,1024,640,2296.105,2370.662,2298.983,0.0386
pure,8,6,0.75,4.0,0,0,128,512,416,145.409,167.841,161.217,0.7047
pure,8,6,0.75,4.0,0,0,256,1024,832,227.713,269.474,258.144,0.7287
mixed,8,6,0.75,4.0,16,0,128,512,416,166.623,191.68,187.073,0.8161
mixed,8,6,0.75,4.0,16,0,256,1024,832,249.504,291.678,289.923,0.9584
mixed,8,6,0.75,4.0,16,512,128,512,416,217.569,241.857,236.612,0.784
mixed,8,6,0.75,4.0,16,512,256,1024,832,304.286,345.955,339.518,0.8455
mixed,8,6,0.75,4.0,16,1024,128,512,416,239.297,264.381,262.112,0.9095
mixed,8,6,0.75,4.0,16,1024,256,1024,832,326.691,366.688,361.504,0.8704
mixed,8,6,0.75,4.0,32,0,128,512,416,203.556,228.353,223.554,0.8065
mixed,8,6,0.75,4.0,32,0,256,1024,832,289.472,327.01,324.099,0.9225
mixed,8,6,0.75,4.0,32,512,128,512,416,266.528,285.858,281.632,0.7814
mixed,8,6,0.75,4.0,32,512,256,1024,832,352.644,390.084,380.479,0.7435
mixed,8,6,0.75,4.0,32,1024,128,512,416,328.13,350.591,344.769,0.7408
mixed,8,6,0.75,4.0,32,1024,256,1024,832,413.728,454.051,449.121,0.8777
mixed,8,6,0.75,4.0,64,0,128,512,416,211.903,238.019,229.954,0.6912
mixed,8,6,0.75,4.0,64,0,256,1024,832,298.304,336.479,334.656,0.9522
mixed,8,6,0.75,4.0,64,512,128,512,416,351.616,372.995,366.787,0.7096
mixed,8,6,0.75,4.0,64,512,256,1024,832,433.505,474.979,468.705,0.8487
mixed,8,6,0.75,4.0,64,1024,128,512,416,428.417,452.162,444.416,0.6738
mixed,8,6,0.75,4.0,64,1024,256,1024,832,514.882,552.802,545.411,0.8051
mixed,8,6,0.75,4.0,128,0,128,512,416,235.458,256.064,248.993,0.6568
mixed,8,6,0.75,4.0,128,0,256,1024,832,320.804,358.977,350.72,0.7837
mixed,8,6,0.75,4.0,128,512,128,512,416,474.433,497.029,490.594,0.7152
mixed,8,6,0.75,4.0,128,512,256,1024,832,559.877,599.077,586.047,0.6676
mixed,8,6,0.75,4.0,128,1024,128,512,416,571.01,596.033,586.115,0.6036
mixed,8,6,0.75,4.0,128,1024,256,1024,832,657.6,698.21,684.802,0.6698
mixed,8,6,0.75,4.0,256,0,128,512,416,524.319,549.059,539.873,0.6287
mixed,8,6,0.75,4.0,256,0,256,1024,832,608.897,650.658,639.649,0.7364
mixed,8,6,0.75,4.0,256,512,128,512,416,726.689,748.45,739.074,0.5691
mixed,8,6,0.75,4.0,256,512,256,1024,832,811.426,853.027,841.378,0.72
mixed,8,6,0.75,4.0,256,1024,128,512,416,922.949,947.81,940.197,0.6938
mixed,8,6,0.75,4.0,256,1024,256,1024,832,1012.161,1051.618,1037.379,0.6391
mixed,8,6,0.75,4.0,512,0,128,512,416,607.424,629.632,622.116,0.6616
mixed,8,6,0.75,4.0,512,0,256,1024,832,695.17,734.433,723.972,0.7336
mixed,8,6,0.75,4.0,512,512,128,512,416,1021.763,1047.587,1041.923,0.7807
mixed,8,6,0.75,4.0,512,512,256,1024,832,1108.099,1147.972,1138.755,0.7688
mixed,8,6,0.75,4.0,512,1024,128,512,416,1416.099,1440.806,1429.827,0.5556
mixed,8,6,0.75,4.0,512,1024,256,1024,832,1500.197,1540.837,1531.076,0.7598
mixed,8,6,0.75,4.0,1024,0,128,512,416,1398.95,1419.91,1416.069,0.8167
mixed,8,6,0.75,4.0,1024,0,256,1024,832,1480.707,1524.356,1515.206,0.7904
mixed,8,6,0.75,4.0,1024,512,128,512,416,2247.206,2269.479,2262.34,0.6795
mixed,8,6,0.75,4.0,1024,512,256,1024,832,2340.678,2372.678,2364.933,0.758
pure,8,7,0.875,4.0,0,0,128,512,464,156.224,166.592,166.882,1.028
pure,8,7,0.875,4.0,0,0,256,1024,928,248.032,268.385,269.537,1.0566
mixed,8,7,0.875,4.0,16,0,128,512,464,179.259,189.665,189.792,1.0122
mixed,8,7,0.875,4.0,16,0,256,1024,928,268.257,291.041,289.441,0.9298
mixed,8,7,0.875,4.0,16,512,128,512,464,230.338,242.112,238.689,0.7093
mixed,8,7,0.875,4.0,16,512,256,1024,928,318.116,343.841,341.795,0.9205
mixed,8,7,0.875,4.0,16,1024,128,512,464,251.778,266.015,262.017,0.7192
mixed,8,7,0.875,4.0,16,1024,256,1024,928,344.448,365.311,362.849,0.882
mixed,8,7,0.875,4.0,32,0,128,512,464,216.831,228.996,224.673,0.6446
mixed,8,7,0.875,4.0,32,0,256,1024,928,307.459,330.816,325.633,0.7781
mixed,8,7,0.875,4.0,32,512,128,512,464,277.279,286.462,284.033,0.7355
mixed,8,7,0.875,4.0,32,512,256,1024,928,366.529,390.913,386.404,0.8151
mixed,8,7,0.875,4.0,32,1024,128,512,464,339.391,350.498,344.993,0.5044
mixed,8,7,0.875,4.0,32,1024,256,1024,928,432.802,454.946,449.951,0.7744
mixed,8,7,0.875,4.0,64,0,128,512,464,226.208,237.888,235.968,0.8356
mixed,8,7,0.875,4.0,64,0,256,1024,928,317.536,339.843,337.088,0.8765
mixed,8,7,0.875,4.0,64,512,128,512,464,361.442,371.423,366.048,0.4615
mixed,8,7,0.875,4.0,64,512,256,1024,928,451.458,476.676,473.056,0.8565
mixed,8,7,0.875,4.0,64,1024,128,512,464,438.208,452.191,447.49,0.6638
mixed,8,7,0.875,4.0,64,1024,256,1024,928,528.032,553.825,552.066,0.9318
mixed,8,7,0.875,4.0,128,0,128,512,464,244.834,257.699,255.202,0.8059
mixed,8,7,0.875,4.0,128,0,256,1024,928,336.609,357.793,353.024,0.7749
mixed,8,7,0.875,4.0,128,512,128,512,464,485.569,495.554,490.882,0.5321
mixed,8,7,0.875,4.0,128,512,256,1024,928,574.784,599.746,594.722,0.7987
mixed,8,7,0.875,4.0,128,1024,128,512,464,583.776,598.785,592.128,0.5565
mixed,8,7,0.875,4.0,128,1024,256,1024,928,671.006,697.699,689.696,0.7002
mixed,8,7,0.875,4.0,256,0,128,512,464,534.177,548.77,542.625,0.5789
mixed,8,7,0.875,4.0,256,0,256,1024,928,625.251,651.874,646.048,0.7812
mixed,8,7,0.875,4.0,256,512,128,512,464,735.2,748.994,743.937,0.6334
mixed,8,7,0.875,4.0,256,512,256,1024,928,824.995,849.092,846.114,0.8764
mixed,8,7,0.875,4.0,256,1024,128,512,464,936.194,946.914,943.587,0.6896
mixed,8,7,0.875,4.0,256,1024,256,1024,928,1024.963,1049.603,1045.473,0.8324
mixed,8,7,0.875,4.0,512,0,128,512,464,617.666,631.333,623.968,0.4611
mixed,8,7,0.875,4.0,512,0,256,1024,928,707.843,731.843,728.48,0.8599
mixed,8,7,0.875,4.0,512,512,128,512,464,1031.329,1045.699,1041.827,0.7305
mixed,8,7,0.875,4.0,512,512,256,1024,928,1121.443,1149.025,1141.314,0.7204
mixed,8,7,0.875,4.0,512,1024,128,512,464,1423.619,1439.587,1436.515,0.8076
mixed,8,7,0.875,4.0,512,1024,256,1024,928,1515.971,1542.085,1535.814,0.7599
mixed,8,7,0.875,4.0,1024,0,128,512,464,1412.007,1420.293,1416.418,0.5323
mixed,8,7,0.875,4.0,1024,0,256,1024,928,1498.98,1525.732,1523.46,0.9151
mixed,8,7,0.875,4.0,1024,512,128,512,464,2257.096,2269.223,2265.477,0.6911
mixed,8,7,0.875,4.0,1024,512,256,1024,928,2348.264,2371.176,2368.776,0.8953
pure,16,1,0.0625,4.0,0,0,128,512,152,104.672,257.888,166.271,0.402
pure,16,1,0.0625,4.0,0,0,256,1024,304,169.599,463.587,268.16,0.3353
mixed,16,1,0.0625,4.0,16,0,128,512,152,127.008,280.737,188.064,0.3972
mixed,16,1,0.0625,4.0,16,0,256,1024,304,191.616,485.954,287.007,0.3241
mixed,16,1,0.0625,4.0,16,512,128,512,152,178.56,333.825,238.655,0.387
mixed,16,1,0.0625,4.0,16,512,256,1024,304,244.098,535.266,335.651,0.3144
mixed,16,1,0.0625,4.0,16,1024,128,512,152,201.152,355.136,260.575,0.3859
mixed,16,1,0.0625,4.0,16,1024,256,1024,304,264.767,562.529,359.489,0.3181
mixed,16,1,0.0625,4.0,32,0,128,512,152,165.792,320.545,224.258,0.3778
mixed,16,1,0.0625,4.0,32,0,256,1024,304,229.249,520.738,323.075,0.3219
mixed,16,1,0.0625,4.0,32,512,128,512,152,222.208,379.618,282.273,0.3816
mixed,16,1,0.0625,4.0,32,512,256,1024,304,288.739,584.354,382.497,0.3172
mixed,16,1,0.0625,4.0,32,1024,128,512,152,285.154,442.243,345.027,0.3811
mixed,16,1,0.0625,4.0,32,1024,256,1024,304,351.744,643.49,448.929,0.3331
mixed,16,1,0.0625,4.0,64,0,128,512,152,172.415,329.665,233.213,0.3866
mixed,16,1,0.0625,4.0,64,0,256,1024,304,239.905,531.393,336.735,0.3322
mixed,16,1,0.0625,4.0,64,512,128,512,152,308.478,461.699,368.162,0.3895
mixed,16,1,0.0625,4.0,64,512,256,1024,304,374.146,664.738,464.835,0.3121
mixed,16,1,0.0625,4.0,64,1024,128,512,152,384.961,544.194,449.921,0.408
mixed,16,1,0.0625,4.0,64,1024,256,1024,304,450.815,742.082,548.514,0.3354
mixed,16,1,0.0625,4.0,128,0,128,512,152,196.191,352.257,256.897,0.389
mixed,16,1,0.0625,4.0,128,0,256,1024,304,263.041,556.418,362.336,0.3385
mixed,16,1,0.0625,4.0,128,512,128,512,152,437.602,590.241,498.239,0.3973
mixed,16,1,0.0625,4.0,128,512,256,1024,304,498.145,791.075,593.89,0.3269
mixed,16,1,0.0625,4.0,128,1024,128,512,152,535.553,686.528,599.426,0.4231
mixed,16,1,0.0625,4.0,128,1024,256,1024,304,598.368,887.074,694.756,0.3339
mixed,16,1,0.0625,4.0,256,0,128,512,152,481.602,637.089,545.247,0.4093
mixed,16,1,0.0625,4.0,256,0,256,1024,304,547.587,836.034,640.225,0.3212
mixed,16,1,0.0625,4.0,256,512,128,512,152,681.604,837.505,744.292,0.4021
mixed,16,1,0.0625,4.0,256,512,256,1024,304,746.244,1035.973,845.027,0.3409
mixed,16,1,0.0625,4.0,256,1024,128,512,152,880.77,1031.396,946.019,0.4332
mixed,16,1,0.0625,4.0,256,1024,256,1024,304,949.347,1239.331,1046.723,0.3358
mixed,16,1,0.0625,4.0,512,0,128,512,152,566.21,720.769,628.035,0.4
mixed,16,1,0.0625,4.0,512,0,256,1024,304,633.282,925.218,729.763,0.3305
mixed,16,1,0.0625,4.0,512,512,128,512,152,981.541,1138.181,1043.528,0.3957
mixed,16,1,0.0625,4.0,512,512,256,1024,304,1047.65,1336.644,1143.204,0.3306
mixed,16,1,0.0625,4.0,512,1024,128,512,152,1374.469,1528.931,1428.676,0.3509
mixed,16,1,0.0625,4.0,512,1024,256,1024,304,1440.295,1730.082,1532.643,0.3187
mixed,16,1,0.0625,4.0,1024,0,128,512,152,1358.789,1513.605,1417.541,0.3795
mixed,16,1,0.0625,4.0,1024,0,256,1024,304,1422.66,1711.013,1516.9,0.3268
mixed,16,1,0.0625,4.0,1024,512,128,512,152,2203.973,2360.263,2267.495,0.4064
mixed,16,1,0.0625,4.0,1024,512,256,1024,304,2268.072,2561.129,2367.943,0.3408
pure,16,2,0.125,4.0,0,0,128,512,176,116.896,259.169,193.985,0.5418
pure,16,2,0.125,4.0,0,0,256,1024,352,194.369,462.53,334.018,0.5208
mixed,16,2,0.125,4.0,16,0,128,512,176,139.776,281.025,215.967,0.5394
mixed,16,2,0.125,4.0,16,0,256,1024,352,217.855,484.065,359.715,0.5329
mixed,16,2,0.125,4.0,16,512,128,512,176,194.593,332.705,265.794,0.5155
mixed,16,2,0.125,4.0,16,512,256,1024,352,268.928,537.571,407.779,0.5169
mixed,16,2,0.125,4.0,16,1024,128,512,176,215.65,357.409,290.754,0.5298
mixed,16,2,0.125,4.0,16,1024,256,1024,352,290.783,556.96,432.353,0.5319
mixed,16,2,0.125,4.0,32,0,128,512,176,179.775,321.41,251.937,0.5095
mixed,16,2,0.125,4.0,32,0,256,1024,352,254.467,522.529,397.601,0.534
mixed,16,2,0.125,4.0,32,512,128,512,176,235.84,378.591,309.888,0.5187
mixed,16,2,0.125,4.0,32,512,256,1024,352,315.939,580.226,454.783,0.5254
mixed,16,2,0.125,4.0,32,1024,128,512,176,296.642,441.89,373.312,0.5279
mixed,16,2,0.125,4.0,32,1024,256,1024,352,376.64,643.042,516.608,0.5254
mixed,16,2,0.125,4.0,64,0,128,512,176,185.984,327.905,260.803,0.5272
mixed,16,2,0.125,4.0,64,0,256,1024,352,261.537,534.817,407.201,0.533
mixed,16,2,0.125,4.0,64,512,128,512,176,322.979,464.257,393.987,0.5026
mixed,16,2,0.125,4.0,64,512,256,1024,352,397.665,668.001,542.116,0.5343
mixed,16,2,0.125,4.0,64,1024,128,512,176,400.801,539.584,475.363,0.5373
mixed,16,2,0.125,4.0,64,1024,256,1024,352,477.122,741.441,619.199,0.5375
mixed,16,2,0.125,4.0,128,0,128,512,176,210.176,351.873,282.976,0.5138
mixed,16,2,0.125,4.0,128,0,256,1024,352,287.905,553.09,427.68,0.5271
mixed,16,2,0.125,4.0,128,512,128,512,176,450.146,587.201,521.888,0.5235
mixed,16,2,0.125,4.0,128,512,256,1024,352,524.482,792.195,670.659,0.546
mixed,16,2,0.125,4.0,128,1024,128,512,176,548.704,687.813,623.296,0.5362
mixed,16,2,0.125,4.0,128,1024,256,1024,352,625.472,888.867,767.617,0.5397
mixed,16,2,0.125,4.0,256,0,128,512,176,496.513,633.764,571.202,0.5442
mixed,16,2,0.125,4.0,256,0,256,1024,352,570.531,836.386,714.658,0.5421
mixed,16,2,0.125,4.0,256,512,128,512,176,697.28,838.658,770.019,0.5145
mixed,16,2,0.125,4.0,256,512,256,1024,352,770.564,1034.883,915.042,0.5466
mixed,16,2,0.125,4.0,256,1024,128,512,176,897.378,1033.091,971.235,0.5442
mixed,16,2,0.125,4.0,256,1024,256,1024,352,974.436,1237.443,1115.873,0.5378
mixed,16,2,0.125,4.0,512,0,128,512,176,582.562,722.881,655.267,0.5181
mixed,16,2,0.125,4.0,512,0,256,1024,352,657.763,925.091,799.36,0.5297
mixed,16,2,0.125,4.0,512,512,128,512,176,998.977,1133.379,1071.714,0.5412
mixed,16,2,0.125,4.0,512,512,256,1024,352,1071.715,1335.299,1216.035,0.5475
mixed,16,2,0.125,4.0,512,1024,128,512,176,1388.613,1528.1,1461.54,0.5228
mixed,16,2,0.125,4.0,512,1024,256,1024,352,1465.222,1728.706,1608.132,0.5424
mixed,16,2,0.125,4.0,1024,0,128,512,176,1368.099,1513.221,1445.064,0.5303
mixed,16,2,0.125,4.0,1024,0,256,1024,352,1446.501,1713.316,1589.924,0.5375
mixed,16,2,0.125,4.0,1024,512,128,512,176,2219.241,2362.149,2294.246,0.5248
mixed,16,2,0.125,4.0,1024,512,256,1024,352,2296.003,2563.143,2441.799,0.5458
pure,16,3,0.1875,4.0,0,0,128,512,200,129.503,260.257,192.32,0.4804
pure,16,3,0.1875,4.0,0,0,256,1024,400,207.618,461.507,337.824,0.5128
mixed,16,3,0.1875,4.0,16,0,128,512,200,152.481,282.145,215.873,0.4889
mixed,16,3,0.1875,4.0,16,0,256,1024,400,231.009,484.131,358.497,0.5037
mixed,16,3,0.1875,4.0,16,512,128,512,200,203.873,332.448,266.88,0.49
mixed,16,3,0.1875,4.0,16,512,256,1024,400,282.785,537.698,412.098,0.5073
mixed,16,3,0.1875,4.0,16,1024,128,512,200,227.712,354.849,290.465,0.4936
mixed,16,3,0.1875,4.0,16,1024,256,1024,400,305.346,560.449,435.65,0.5108
mixed,16,3,0.1875,4.0,32,0,128,512,200,190.465,320.128,253.442,0.4857
mixed,16,3,0.1875,4.0,32,0,256,1024,400,269.89,522.563,397.186,0.5038
mixed,16,3,0.1875,4.0,32,512,128,512,200,250.881,377.571,309.601,0.4635
mixed,16,3,0.1875,4.0,32,512,256,1024,400,327.007,579.906,454.595,0.5045
mixed,16,3,0.1875,4.0,32,1024,128,512,200,312.769,441.985,374.402,0.477
mixed,16,3,0.1875,4.0,32,1024,256,1024,400,392.097,642.211,518.882,0.5069
mixed,16,3,0.1875,4.0,64,0,128,512,200,199.295,329.76,261.537,0.4771
mixed,16,3,0.1875,4.0,64,0,256,1024,400,278.688,530.562,404.96,0.5013
mixed,16,3,0.1875,4.0,64,512,128,512,200,335.682,462.276,395.711,0.4742
mixed,16,3,0.1875,4.0,64,512,256,1024,400,413.506,664.927,540.224,0.504
mixed,16,3,0.1875,4.0,64,1024,128,512,200,414.241,539.649,476.899,0.4996
mixed,16,3,0.1875,4.0,64,1024,256,1024,400,488.545,743.524,620.353,0.5169
mixed,16,3,0.1875,4.0,128,0,128,512,200,222.401,352.545,285.888,0.4878
mixed,16,3,0.1875,4.0,128,0,256,1024,400,302.017,554.208,433.858,0.5228
mixed,16,3,0.1875,4.0,128,512,128,512,200,462.464,591.266,524.321,0.4802
mixed,16,3,0.1875,4.0,128,512,256,1024,400,542.242,790.147,669.347,0.5127
mixed,16,3,0.1875,4.0,128,1024,128,512,200,562.977,688.802,624.354,0.4878
mixed,16,3,0.1875,4.0,128,1024,256,1024,400,637.505,886.915,766.274,0.5163
mixed,16,3,0.1875,4.0,256,0,128,512,200,508.163,631.585,569.599,0.4978
mixed,16,3,0.1875,4.0,256,0,256,1024,400,585.507,836.868,715.393,0.5167
mixed,16,3,0.1875,4.0,256,512,128,512,200,708.225,834.595,773.152,0.5138
mixed,16,3,0.1875,4.0,256,512,256,1024,400,785.056,1038.144,917.57,0.5236
mixed,16,3,0.1875,4.0,256,1024,128,512,200,911.075,1032.58,974.242,0.5199
mixed,16,3,0.1875,4.0,256,1024,256,1024,400,985.38,1237.41,1116.101,0.5187
mixed,16,3,0.1875,4.0,512,0,128,512,200,595.651,722.433,656.099,0.4768
mixed,16,3,0.1875,4.0,512,0,256,1024,400,671.906,928.164,803.586,0.5139
mixed,16,3,0.1875,4.0,512,512,128,512,200,1011.427,1133.635,1072.898,0.503
mixed,16,3,0.1875,4.0,512,512,256,1024,400,1083.012,1337.157,1219.141,0.5356
mixed,16,3,0.1875,4.0,512,1024,128,512,200,1400.613,1530.5,1462.178,0.474
mixed,16,3,0.1875,4.0,512,1024,256,1024,400,1479.077,1729.765,1606.535,0.5084
mixed,16,3,0.1875,4.0,1024,0,128,512,200,1386.693,1511.557,1445.989,0.4749
mixed,16,3,0.1875,4.0,1024,0,256,1024,400,1460.71,1712.644,1593.959,0.5289
mixed,16,3,0.1875,4.0,1024,512,128,512,200,2233.639,2362.951,2295.88,0.4813
mixed,16,3,0.1875,4.0,1024,512,256,1024,400,2309.766,2565.545,2442.312,0.5182
pure,16,4,0.25,4.0,0,0,128,512,224,142.752,262.178,193.344,0.4236
pure,16,4,0.25,4.0,0,0,256,1024,448,232.159,462.883,339.521,0.4653
mixed,16,4,0.25,4.0,16,0,128,512,224,165.157,282.561,217.088,0.4423
mixed,16,4,0.25,4.0,16,0,256,1024,448,255.393,483.427,361.216,0.4641
mixed,16,4,0.25,4.0,16,512,128,512,224,217.792,332.768,269.185,0.447
mixed,16,4,0.25,4.0,16,512,256,1024,448,306.401,540.703,411.265,0.4476
mixed,16,4,0.25,4.0,16,1024,128,512,224,241.921,353.76,291.264,0.4412
mixed,16,4,0.25,4.0,16,1024,256,1024,448,331.489,558.369,437.892,0.469
mixed,16,4,0.25,4.0,32,0,128,512,224,203.618,317.729,256.545,0.4638
mixed,16,4,0.25,4.0,32,0,256,1024,448,293.666,524.545,398.4,0.4536
mixed,16,4,0.25,4.0,32,512,128,512,224,261.759,375.552,312.994,0.4502
mixed,16,4,0.25,4.0,32,512,256,1024,448,349.698,580.513,456.737,0.4637
mixed,16,4,0.25,4.0,32,1024,128,512,224,325.28,440.16,377.73,0.4566
mixed,16,4,0.25,4.0,32,1024,256,1024,448,412.385,644.93,520.8,0.4662
mixed,16,4,0.25,4.0,64,0,128,512,224,211.777,328.897,262.849,0.4361
mixed,16,4,0.25,4.0,64,0,256,1024,448,302.21,531.906,407.458,0.4582
mixed,16,4,0.25,4.0,64,512,128,512,224,347.487,461.73,396.768,0.4314
mixed,16,4,0.25,4.0,64,512,256,1024,448,434.273,669.987,543.808,0.4647
mixed,16,4,0.25,4.0,64,1024,128,512,224,424.065,538.082,481.282,0.5018
mixed,16,4,0.25,4.0,64,1024,256,1024,448,516.002,743.777,621.313,0.4623
mixed,16,4,0.25,4.0,128,0,128,512,224,237.6,352.289,285.311,0.416
mixed,16,4,0.25,4.0,128,0,256,1024,448,325.217,557.986,434.082,0.4677
mixed,16,4,0.25,4.0,128,512,128,512,224,472.833,591.265,525.44,0.4442
mixed,16,4,0.25,4.0,128,512,256,1024,448,563.488,793.314,674.147,0.4815
mixed,16,4,0.25,4.0,128,1024,128,512,224,573.059,688.224,625.506,0.4554
mixed,16,4,0.25,4.0,128,1024,256,1024,448,661.794,887.62,770.594,0.4818
mixed,16,4,0.25,4.0,256,0,128,512,224,523.457,634.883,572.227,0.4377
mixed,16,4,0.25,4.0,256,0,256,1024,448,605.41,835.619,716.321,0.4818
mixed,16,4,0.25,4.0,256,512,128,512,224,718.979,835.137,775.393,0.4857
mixed,16,4,0.25,4.0,256,512,256,1024,448,811.683,1035.524,920.515,0.4862
mixed,16,4,0.25,4.0,256,1024,128,512,224,920.257,1035.012,975.905,0.4849
mixed,16,4,0.25,4.0,256,1024,256,1024,448,1009.059,1231.169,1119.618,0.4978
mixed,16,4,0.25,4.0,512,0,128,512,224,607.266,722.85,659.107,0.4485
mixed,16,4,0.25,4.0,512,0,256,1024,448,692.961,924.515,800.898,0.4661
mixed,16,4,0.25,4.0,512,512,128,512,224,1023.844,1136.801,1072.995,0.4351
mixed,16,4,0.25,4.0,512,512,256,1024,448,1110.049,1339.366,1219.556,0.4775
mixed,16,4,0.25,4.0,512,1024,128,512,224,1413.763,1527.875,1466.276,0.4602
mixed,16,4,0.25,4.0,512,1024,256,1024,448,1500.676,1727.078,1611.302,0.4886
mixed,16,4,0.25,4.0,1024,0,128,512,224,1396.58,1506.565,1446.98,0.4582
mixed,16,4,0.25,4.0,1024,0,256,1024,448,1482.663,1712.676,1596.709,0.4958
mixed,16,4,0.25,4.0,1024,512,128,512,224,2245.575,2359.816,2297.831,0.4574
mixed,16,4,0.25,4.0,1024,512,256,1024,448,2333.574,2561.768,2439.081,0.4624
pure,16,8,0.5,4.0,0,0,128,512,320,182.977,261.665,249.248,0.8422
pure,16,8,0.5,4.0,0,0,256,1024,640,307.938,458.371,452.161,0.9587
mixed,16,8,0.5,4.0,16,0,128,512,320,204.864,281.506,273.951,0.9014
mixed,16,8,0.5,4.0,16,0,256,1024,640,331.681,483.681,468.961,0.9032
mixed,16,8,0.5,4.0,16,512,128,512,320,255.585,333.601,323.776,0.8741
mixed,16,8,0.5,4.0,16,512,256,1024,640,384.384,539.263,523.521,0.8984
mixed,16,8,0.5,4.0,16,1024,128,512,320,277.377,357.217,344.96,0.8465
mixed,16,8,0.5,4.0,16,1024,256,1024,640,404.098,558.527,545.024,0.9126
mixed,16,8,0.5,4.0,32,0,128,512,320,241.344,319.875,312.961,0.912
mixed,16,8,0.5,4.0,32,0,256,1024,640,370.401,523.905,508.992,0.9028
mixed,16,8,0.5,4.0,32,512,128,512,320,302.72,377.281,367.297,0.8661
mixed,16,8,0.5,4.0,32,512,256,1024,640,427.104,581.378,567.714,0.9114
mixed,16,8,0.5,4.0,32,1024,128,512,320,363.425,441.635,429.698,0.8474
mixed,16,8,0.5,4.0,32,1024,256,1024,640,490.752,647.459,629.828,0.8875
mixed,16,8,0.5,4.0,64,0,128,512,320,251.264,328.481,320.097,0.8914
mixed,16,8,0.5,4.0,64,0,256,1024,640,380.577,532.383,521.249,0.9267
mixed,16,8,0.5,4.0,64,512,128,512,320,385.536,461.184,450.34,0.8567
mixed,16,8,0.5,4.0,64,512,256,1024,640,515.232,665.06,653.251,0.9212
mixed,16,8,0.5,4.0,64,1024,128,512,320,466.209,542.369,532.385,0.8689
mixed,16,8,0.5,4.0,64,1024,256,1024,640,591.103,745.826,729.027,0.8914
mixed,16,8,0.5,4.0,128,0,128,512,320,273.634,353.89,342.624,0.8596
mixed,16,8,0.5,4.0,128,0,256,1024,640,403.073,553.89,540.865,0.9136
mixed,16,8,0.5,4.0,128,512,128,512,320,511.169,588.963,580.608,0.8926
mixed,16,8,0.5,4.0,128,512,256,1024,640,640.512,789.219,778.947,0.9309
mixed,16,8,0.5,4.0,128,1024,128,512,320,609.922,688.867,680.386,0.8926
mixed,16,8,0.5,4.0,128,1024,256,1024,640,736.29,891.106,877.538,0.9124
mixed,16,8,0.5,4.0,256,0,128,512,320,557.891,631.328,626.53,0.9347
mixed,16,8,0.5,4.0,256,0,256,1024,640,687.01,835.49,822.594,0.9131
mixed,16,8,0.5,4.0,256,512,128,512,320,759.234,837.12,831.04,0.9219
mixed,16,8,0.5,4.0,256,512,256,1024,640,887.458,1036.993,1024.229,0.9146
mixed,16,8,0.5,4.0,256,1024,128,512,320,957.41,1034.146,1025.951,0.8932
mixed,16,8,0.5,4.0,256,1024,256,1024,640,1085.891,1237.028,1223.075,0.9077
mixed,16,8,0.5,4.0,512,0,128,512,320,645.984,721.763,711.808,0.8686
mixed,16,8,0.5,4.0,512,0,256,1024,640,770.499,925.058,909.889,0.9019
mixed,16,8,0.5,4.0,512,512,128,512,320,1060.131,1135.971,1126.436,0.8743
mixed,16,8,0.5,4.0,512,512,256,1024,640,1189.989,1337.922,1326.371,0.9219
mixed,16,8,0.5,4.0,512,1024,128,512,320,1450.69,1527.844,1519.939,0.8975
mixed,16,8,0.5,4.0,512,1024,256,1024,640,1575.682,1728.772,1715.11,0.9108
mixed,16,8,0.5,4.0,1024,0,128,512,320,1434.085,1510.436,1500.004,0.8634
mixed,16,8,0.5,4.0,1024,0,256,1024,640,1562.18,1712.133,1703.14,0.94
mixed,16,8,0.5,4.0,1024,512,128,512,320,2281.67,2360.199,2353.799,0.9185
mixed,16,8,0.5,4.0,1024,512,256,1024,640,2410.501,2562.534,2551.241,0.9257
pure,16,12,0.75,4.0,0,0,128,512,416,218.401,260.161,256.416,0.9103
pure,16,12,0.75,4.0,0,0,256,1024,832,386.689,461.697,454.465,0.9036
mixed,16,12,0.75,4.0,16,0,128,512,416,245.12,281.251,274.979,0.8264
mixed,16,12,0.75,4.0,16,0,256,1024,832,408.579,486.498,477.088,0.8792
mixed,16,12,0.75,4.0,16,512,128,512,416,293.73,332.705,326.433,0.8391
mixed,16,12,0.75,4.0,16,512,256,1024,832,461.794,540.77,529.185,0.8533
mixed,16,12,0.75,4.0,16,1024,128,512,416,314.816,356.257,350.048,0.8502
mixed,16,12,0.75,4.0,16,1024,256,1024,832,481.474,557.503,549.249,0.8914
mixed,16,12,0.75,4.0,32,0,128,512,416,281.41,321.664,314.592,0.8243
mixed,16,12,0.75,4.0,32,0,256,1024,832,448.0,523.074,514.145,0.8811
mixed,16,12,0.75,4.0,32,512,128,512,416,339.264,380.767,372.8,0.808
mixed,16,12,0.75,4.0,32,512,256,1024,832,503.519,584.321,572.963,0.8594
mixed,16,12,0.75,4.0,32,1024,128,512,416,401.665,441.154,435.809,0.8646
mixed,16,12,0.75,4.0,32,1024,256,1024,832,567.489,645.474,634.977,0.8654
mixed,16,12,0.75,4.0,64,0,128,512,416,290.88,327.809,323.713,0.8891
mixed,16,12,0.75,4.0,64,0,256,1024,832,457.889,532.832,524.961,0.895
mixed,16,12,0.75,4.0,64,512,128,512,416,422.304,462.434,456.736,0.858
mixed,16,12,0.75,4.0,64,512,256,1024,832,593.537,664.514,657.86,0.9063
mixed,16,12,0.75,4.0,64,1024,128,512,416,501.44,541.538,533.696,0.8044
mixed,16,12,0.75,4.0,64,1024,256,1024,832,669.57,741.441,737.889,0.9506
mixed,16,12,0.75,4.0,128,0,128,512,416,314.306,352.034,347.041,0.8677
mixed,16,12,0.75,4.0,128,0,256,1024,832,478.753,553.505,547.617,0.9212
mixed,16,12,0.75,4.0,128,512,128,512,416,550.625,587.778,586.689,0.9707
mixed,16,12,0.75,4.0,128,512,256,1024,832,716.16,790.307,779.489,0.8541
mixed,16,12,0.75,4.0,128,1024,128,512,416,651.937,686.499,683.425,0.9111
mixed,16,12,0.75,4.0,128,1024,256,1024,832,811.684,887.65,882.274,0.9292
mixed,16,12,0.75,4.0,256,0,128,512,416,598.595,633.506,629.889,0.8964
mixed,16,12,0.75,4.0,256,0,256,1024,832,759.939,833.09,828.195,0.9331
mixed,16,12,0.75,4.0,256,512,128,512,416,796.45,837.891,830.018,0.81
mixed,16,12,0.75,4.0,256,512,256,1024,832,959.938,1038.687,1031.459,0.9082
mixed,16,12,0.75,4.0,256,1024,128,512,416,997.731,1037.249,1031.075,0.8438
mixed,16,12,0.75,4.0,256,1024,256,1024,832,1160.58,1234.561,1228.258,0.9148
mixed,16,12,0.75,4.0,512,0,128,512,416,679.331,721.826,714.979,0.8389
mixed,16,12,0.75,4.0,512,0,256,1024,832,848.388,921.795,915.843,0.9189
mixed,16,12,0.75,4.0,512,512,128,512,416,1097.764,1135.876,1129.828,0.8413
mixed,16,12,0.75,4.0,512,512,256,1024,832,1261.347,1336.612,1329.667,0.9077
mixed,16,12,0.75,4.0,512,1024,128,512,416,1490.054,1527.011,1522.789,0.8858
mixed,16,12,0.75,4.0,512,1024,256,1024,832,1655.748,1732.134,1720.899,0.8529
mixed,16,12,0.75,4.0,1024,0,128,512,416,1470.819,1510.727,1505.924,0.8796
mixed,16,12,0.75,4.0,1024,0,256,1024,832,1635.299,1714.978,1704.997,0.8747
mixed,16,12,0.75,4.0,1024,512,128,512,416,2318.248,2359.622,2353.993,0.8639
mixed,16,12,0.75,4.0,1024,512,256,1024,832,2488.39,2560.486,2552.52,0.8895
pure,16,14,0.875,4.0,0,0,128,512,464,232.002,259.041,254.371,0.8273
pure,16,14,0.875,4.0,0,0,256,1024,928,424.897,462.817,458.401,0.8835
mixed,16,14,0.875,4.0,16,0,128,512,464,254.977,280.673,277.92,0.8929
mixed,16,14,0.875,4.0,16,0,256,1024,928,450.53,481.92,479.779,0.9318
mixed,16,14,0.875,4.0,16,512,128,512,464,306.817,332.288,331.905,0.985
mixed,16,14,0.875,4.0,16,512,256,1024,928,496.546,537.185,533.635,0.9126
mixed,16,14,0.875,4.0,16,1024,128,512,464,327.745,354.69,354.785,1.0035
mixed,16,14,0.875,4.0,16,1024,256,1024,928,520.131,556.833,552.642,0.8858
mixed,16,14,0.875,4.0,32,0,128,512,464,294.592,319.104,314.561,0.8147
mixed,16,14,0.875,4.0,32,0,256,1024,928,484.961,523.649,518.113,0.8569
mixed,16,14,0.875,4.0,32,512,128,512,464,351.68,376.898,374.975,0.9237
mixed,16,14,0.875,4.0,32,512,256,1024,928,544.736,580.642,575.68,0.8618
mixed,16,14,0.875,4.0,32,1024,128,512,464,417.951,442.273,439.523,0.8869
mixed,16,14,0.875,4.0,32,1024,256,1024,928,604.258,643.49,640.997,0.9365
mixed,16,14,0.875,4.0,64,0,128,512,464,303.968,328.226,326.625,0.934
mixed,16,14,0.875,4.0,64,0,256,1024,928,493.634,532.291,527.97,0.8882
mixed,16,14,0.875,4.0,64,512,128,512,464,435.617,461.185,459.68,0.9411
mixed,16,14,0.875,4.0,64,512,256,1024,928,623.714,670.659,665.571,0.8916
mixed,16,14,0.875,4.0,64,1024,128,512,464,514.019,539.523,539.65,1.005
mixed,16,14,0.875,4.0,64,1024,256,1024,928,705.603,744.995,738.819,0.8432
mixed,16,14,0.875,4.0,128,0,128,512,464,328.257,353.57,349.282,0.8306
mixed,16,14,0.875,4.0,128,0,256,1024,928,515.491,556.515,551.713,0.8829
mixed,16,14,0.875,4.0,128,512,128,512,464,563.714,589.537,585.217,0.8327
mixed,16,14,0.875,4.0,128,512,256,1024,928,751.653,791.108,787.555,0.9099
mixed,16,14,0.875,4.0,128,1024,128,512,464,662.304,685.857,685.666,0.9919
mixed,16,14,0.875,4.0,128,1024,256,1024,928,848.227,888.419,882.339,0.8487
mixed,16,14,0.875,4.0,256,0,128,512,464,607.904,633.313,629.984,0.869
mixed,16,14,0.875,4.0,256,0,256,1024,928,794.561,832.736,831.843,0.9766
mixed,16,14,0.875,4.0,256,512,128,512,464,807.841,837.887,833.666,0.8595
mixed,16,14,0.875,4.0,256,512,256,1024,928,1002.656,1033.858,1030.722,0.8995
mixed,16,14,0.875,4.0,256,1024,128,512,464,1007.107,1034.787,1031.778,0.8913
mixed,16,14,0.875,4.0,256,1024,256,1024,928,1197.987,1232.899,1229.733,0.9093
mixed,16,14,0.875,4.0,512,0,128,512,464,696.548,719.968,718.785,0.9495
mixed,16,14,0.875,4.0,512,0,256,1024,928,884.004,924.066,917.793,0.8434
mixed,16,14,0.875,4.0,512,512,128,512,464,1114.912,1135.747,1133.859,0.9094
mixed,16,14,0.875,4.0,512,512,256,1024,928,1298.787,1339.301,1334.787,0.8886
mixed,16,14,0.875,4.0,512,1024,128,512,464,1501.99,1528.898,1524.103,0.8218
mixed,16,14,0.875,4.0,512,1024,256,1024,928,1689.508,1731.176,1721.894,0.7772
mixed,16,14,0.875,4.0,1024,0,128,512,464,1485.542,1510.531,1508.324,0.9117
mixed,16,14,0.875,4.0,1024,0,256,1024,928,1673.734,1712.678,1709.511,0.9187
mixed,16,14,0.875,4.0,1024,512,128,512,464,2334.406,2363.496,2355.527,0.7261
mixed,16,14,0.875,4.0,1024,512,256,1024,928,2529.191,2567.335,2556.678,0.7206
pure,32,1,0.0312,4.0,0,0,128,512,140,176.736,470.687,283.456,0.3631
pure,32,1,0.0312,4.0,0,0,256,1024,280,275.97,868.034,467.362,0.3233
mixed,32,1,0.0312,4.0,16,0,128,512,140,199.266,496.674,308.866,0.3685
mixed,32,1,0.0312,4.0,16,0,256,1024,280,301.345,888.065,499.073,0.337
mixed,32,1,0.0312,4.0,16,512,128,512,140,251.233,552.097,336.224,0.2825
mixed,32,1,0.0312,4.0,16,512,256,1024,280,352.962,938.754,526.146,0.2956
mixed,32,1,0.0312,4.0,16,1024,128,512,140,273.92,570.53,381.6,0.363
mixed,32,1,0.0312,4.0,16,1024,256,1024,280,375.713,965.025,550.465,0.2965
mixed,32,1,0.0312,4.0,32,0,128,512,140,239.136,534.305,331.808,0.314
mixed,32,1,0.0312,4.0,32,0,256,1024,280,342.368,926.243,512.673,0.2917
mixed,32,1,0.0312,4.0,32,512,128,512,140,296.544,593.696,378.56,0.276
mixed,32,1,0.0312,4.0,32,512,256,1024,280,397.215,985.922,572.547,0.2978
mixed,32,1,0.0312,4.0,32,1024,128,512,140,361.856,660.963,471.042,0.365
mixed,32,1,0.0312,4.0,32,1024,256,1024,280,461.378,1049.443,655.811,0.3306
mixed,32,1,0.0312,4.0,64,0,128,512,140,247.904,541.698,338.784,0.3093
mixed,32,1,0.0312,4.0,64,0,256,1024,280,347.201,938.978,523.777,0.2984
mixed,32,1,0.0312,4.0,64,512,128,512,140,380.768,679.202,477.858,0.3253
mixed,32,1,0.0312,4.0,64,512,256,1024,280,485.633,1071.844,693.761,0.355
mixed,32,1,0.0312,4.0,64,1024,128,512,140,460.066,756.514,547.681,0.2955
mixed,32,1,0.0312,4.0,64,1024,256,1024,280,561.537,1153.889,754.88,0.3264
mixed,32,1,0.0312,4.0,128,0,128,512,140,271.936,567.042,366.529,0.3205
mixed,32,1,0.0312,4.0,128,0,256,1024,280,373.568,963.169,565.954,0.3263
mixed,32,1,0.0312,4.0,128,512,128,512,140,509.44,808.579,597.218,0.2934
mixed,32,1,0.0312,4.0,128,512,256,1024,280,608.994,1201.443,802.302,0.3263
mixed,32,1,0.0312,4.0,128,1024,128,512,140,607.94,907.137,697.247,0.2985
mixed,32,1,0.0312,4.0,128,1024,256,1024,280,711.65,1304.643,885.505,0.2932
mixed,32,1,0.0312,4.0,256,0,128,512,140,559.075,854.661,652.576,0.3163
mixed,32,1,0.0312,4.0,256,0,256,1024,280,657.987,1247.333,853.347,0.3315
mixed,32,1,0.0312,4.0,256,512,128,512,140,760.673,1056.673,855.554,0.3205
mixed,32,1,0.0312,4.0,256,512,256,1024,280,859.234,1450.819,1075.425,0.3654
mixed,32,1,0.0312,4.0,256,1024,128,512,140,958.66,1258.499,1048.641,0.3001
mixed,32,1,0.0312,4.0,256,1024,256,1024,280,1059.777,1650.915,1233.567,0.294
mixed,32,1,0.0312,4.0,512,0,128,512,140,642.081,941.091,724.451,0.2755
mixed,32,1,0.0312,4.0,512,0,256,1024,280,740.867,1332.194,919.234,0.3016
mixed,32,1,0.0312,4.0,512,512,128,512,140,1059.395,1354.788,1152.802,0.3162
mixed,32,1,0.0312,4.0,512,512,256,1024,280,1158.721,1748.453,1337.987,0.304
mixed,32,1,0.0312,4.0,512,1024,128,512,140,1448.325,1747.781,1537.253,0.297
mixed,32,1,0.0312,4.0,512,1024,256,1024,280,1548.515,2140.869,1759.366,0.356
mixed,32,1,0.0312,4.0,1024,0,128,512,140,1432.611,1732.421,1527.493,0.3165
mixed,32,1,0.0312,4.0,1024,0,256,1024,280,1533.475,2128.131,1736.484,0.3414
mixed,32,1,0.0312,4.0,1024,512,128,512,140,2282.788,2577.735,2377.031,0.3195
mixed,32,1,0.0312,4.0,1024,512,256,1024,280,2381.705,2972.041,2586.919,0.3476
pure,32,2,0.0625,4.0,0,0,128,512,152,178.465,471.839,285.153,0.3637
pure,32,2,0.0625,4.0,0,0,256,1024,304,299.105,867.426,453.025,0.2708
mixed,32,2,0.0625,4.0,16,0,128,512,152,201.763,494.496,297.25,0.3262
mixed,32,2,0.0625,4.0,16,0,256,1024,304,324.322,886.85,499.235,0.3109
mixed,32,2,0.0625,4.0,16,512,128,512,152,252.096,550.466,357.503,0.3533
mixed,32,2,0.0625,4.0,16,512,256,1024,304,374.049,940.482,561.409,0.3308
mixed,32,2,0.0625,4.0,16,1024,128,512,152,276.257,571.105,412.516,0.4621
mixed,32,2,0.0625,4.0,16,1024,256,1024,304,396.9,964.549,583.969,0.3296
mixed,32,2,0.0625,4.0,32,0,128,512,152,240.543,531.298,341.027,0.3456
mixed,32,2,0.0625,4.0,32,0,256,1024,304,363.072,928.546,568.739,0.3637
mixed,32,2,0.0625,4.0,32,512,128,512,152,298.689,593.954,429.057,0.4415
mixed,32,2,0.0625,4.0,32,512,256,1024,304,423.01,986.019,576.356,0.2724
mixed,32,2,0.0625,4.0,32,1024,128,512,152,364.641,657.185,481.186,0.3984
mixed,32,2,0.0625,4.0,32,1024,256,1024,304,481.791,1053.092,688.034,0.361
mixed,32,2,0.0625,4.0,64,0,128,512,152,250.273,542.433,347.392,0.3324
mixed,32,2,0.0625,4.0,64,0,256,1024,304,374.082,938.978,550.049,0.3115
mixed,32,2,0.0625,4.0,64,512,128,512,152,384.352,680.163,504.899,0.4075
mixed,32,2,0.0625,4.0,64,512,256,1024,304,508.834,1070.53,700.224,0.3407
mixed,32,2,0.0625,4.0,64,1024,128,512,152,459.297,756.257,573.763,0.3855
mixed,32,2,0.0625,4.0,64,1024,256,1024,304,583.968,1151.522,742.306,0.279
mixed,32,2,0.0625,4.0,128,0,128,512,152,272.673,567.01,366.912,0.3202
mixed,32,2,0.0625,4.0,128,0,256,1024,304,393.921,959.682,571.457,0.3138
mixed,32,2,0.0625,4.0,128,512,128,512,152,511.746,808.738,604.865,0.3135
mixed,32,2,0.0625,4.0,128,512,256,1024,304,633.634,1202.754,807.46,0.3054
mixed,32,2,0.0625,4.0,128,1024,128,512,152,610.146,906.499,697.666,0.2953
mixed,32,2,0.0625,4.0,128,1024,256,1024,304,732.226,1300.325,926.689,0.3423
mixed,32,2,0.0625,4.0,256,0,128,512,152,560.64,857.827,655.841,0.3203
mixed,32,2,0.0625,4.0,256,0,256,1024,304,685.954,1249.378,838.945,0.2715
mixed,32,2,0.0625,4.0,256,512,128,512,152,761.443,1058.882,861.091,0.335
mixed,32,2,0.0625,4.0,256,512,256,1024,304,883.909,1451.237,1086.402,0.3569
mixed,32,2,0.0625,4.0,256,1024,128,512,152,962.37,1256.228,1076.289,0.3877
mixed,32,2,0.0625,4.0,256,1024,256,1024,304,1082.53,1651.973,1289.028,0.3626
mixed,32,2,0.0625,4.0,512,0,128,512,152,641.506,938.979,746.21,0.352
mixed,32,2,0.0625,4.0,512,0,256,1024,304,765.41,1330.758,940.578,0.3098
mixed,32,2,0.0625,4.0,512,512,128,512,152,1060.802,1356.036,1164.164,0.3501
mixed,32,2,0.0625,4.0,512,512,256,1024,304,1183.49,1747.142,1373.442,0.337
mixed,32,2,0.0625,4.0,512,1024,128,512,152,1449.315,1746.244,1542.533,0.3139
mixed,32,2,0.0625,4.0,512,1024,256,1024,304,1572.805,2139.43,1755.781,0.3229
mixed,32,2,0.0625,4.0,1024,0,128,512,152,1439.044,1730.213,1537.379,0.3377
mixed,32,2,0.0625,4.0,1024,0,256,1024,304,1556.775,2122.215,1795.303,0.4218
mixed,32,2,0.0625,4.0,1024,512,128,512,152,2285.542,2575.463,2368.423,0.2859
mixed,32,2,0.0625,4.0,1024,512,256,1024,304,2406.15,2969.608,2590.025,0.3263
pure,32,3,0.0938,4.0,0,0,128,512,164,202.017,471.106,280.385,0.2912
pure,32,3,0.0938,4.0,0,0,256,1024,328,324.833,865.698,457.76,0.2458
mixed,32,3,0.0938,4.0,16,0,128,512,164,224.321,496.962,320.802,0.3539
mixed,32,3,0.0938,4.0,16,0,256,1024,328,347.874,886.596,510.753,0.3023
mixed,32,3,0.0938,4.0,16,512,128,512,164,277.315,548.831,365.827,0.326
mixed,32,3,0.0938,4.0,16,512,256,1024,328,400.066,941.381,567.52,0.3093
mixed,32,3,0.0938,4.0,16,1024,128,512,164,301.375,572.67,389.668,0.3255
mixed,32,3,0.0938,4.0,16,1024,256,1024,328,421.825,968.035,622.146,0.3667
mixed,32,3,0.0938,4.0,32,0,128,512,164,264.191,533.056,362.274,0.3648
mixed,32,3,0.0938,4.0,32,0,256,1024,328,389.634,928.899,568.578,0.3318
mixed,32,3,0.0938,4.0,32,512,128,512,164,323.554,591.363,406.276,0.3089
mixed,32,3,0.0938,4.0,32,512,256,1024,328,442.655,984.834,674.755,0.4281
mixed,32,3,0.0938,4.0,32,1024,128,512,164,386.979,658.721,493.25,0.3911
mixed,32,3,0.0938,4.0,32,1024,256,1024,328,510.113,1051.812,696.483,0.344
mixed,32,3,0.0938,4.0,64,0,128,512,164,274.016,543.073,344.769,0.263
mixed,32,3,0.0938,4.0,64,0,256,1024,328,395.617,938.69,576.228,0.3326
mixed,32,3,0.0938,4.0,64,512,128,512,164,408.706,679.651,480.61,0.2654
mixed,32,3,0.0938,4.0,64,512,256,1024,328,532.099,1074.242,730.562,0.3661
mixed,32,3,0.0938,4.0,64,1024,128,512,164,488.13,755.299,577.12,0.3331
mixed,32,3,0.0938,4.0,64,1024,256,1024,328,606.786,1153.988,791.362,0.3373
mixed,32,3,0.0938,4.0,128,0,128,512,164,296.449,566.468,401.473,0.389
mixed,32,3,0.0938,4.0,128,0,256,1024,328,421.026,961.537,607.042,0.3441
mixed,32,3,0.0938,4.0,128,512,128,512,164,536.194,809.155,602.756,0.2439
mixed,32,3,0.0938,4.0,128,512,256,1024,328,658.178,1205.572,795.844,0.2515
mixed,32,3,0.0938,4.0,128,1024,128,512,164,633.923,908.163,727.171,0.34
mixed,32,3,0.0938,4.0,128,1024,256,1024,328,758.083,1300.196,938.627,0.333
mixed,32,3,0.0938,4.0,256,0,128,512,164,583.713,854.018,687.973,0.3857
mixed,32,3,0.0938,4.0,256,0,256,1024,328,709.986,1252.773,890.466,0.3325
mixed,32,3,0.0938,4.0,256,512,128,512,164,786.722,1058.659,893.089,0.3911
mixed,32,3,0.0938,4.0,256,512,256,1024,328,907.298,1453.99,1108.579,0.3682
mixed,32,3,0.0938,4.0,256,1024,128,512,164,989.539,1253.348,1079.204,0.3399
mixed,32,3,0.0938,4.0,256,1024,256,1024,328,1108.421,1655.495,1294.628,0.3404
mixed,32,3,0.0938,4.0,512,0,128,512,164,669.732,941.22,738.433,0.2531
mixed,32,3,0.0938,4.0,512,0,256,1024,328,788.036,1331.876,972.291,0.3388
mixed,32,3,0.0938,4.0,512,512,128,512,164,1086.307,1357.86,1179.652,0.3437
mixed,32,3,0.0938,4.0,512,512,256,1024,328,1205.38,1745.349,1408.291,0.3758
mixed,32,3,0.0938,4.0,512,1024,128,512,164,1475.908,1745.381,1574.981,0.3677
mixed,32,3,0.0938,4.0,512,1024,256,1024,328,1595.525,2143.623,1746.21,0.2749
mixed,32,3,0.0938,4.0,1024,0,128,512,164,1461.701,1732.484,1542.693,0.2991
mixed,32,3,0.0938,4.0,1024,0,256,1024,328,1583.396,2119.782,1771.078,0.3499
mixed,32,3,0.0938,4.0,1024,512,128,512,164,2307.943,2579.431,2413.095,0.3873
mixed,32,3,0.0938,4.0,1024,512,256,1024,328,2425.479,2970.826,2596.265,0.3132
pure,32,4,0.125,4.0,0,0,128,512,176,201.281,471.169,301.442,0.3711
pure,32,4,0.125,4.0,0,0,256,1024,352,348.513,865.827,514.338,0.3205
mixed,32,4,0.125,4.0,16,0,128,512,176,226.241,493.634,324.768,0.3685
mixed,32,4,0.125,4.0,16,0,256,1024,352,370.595,887.81,515.329,0.2798
mixed,32,4,0.125,4.0,16,512,128,512,176,274.339,547.937,396.353,0.446
mixed,32,4,0.125,4.0,16,512,256,1024,352,422.561,941.346,616.547,0.3739
mixed,32,4,0.125,4.0,16,1024,128,512,176,298.017,572.258,395.875,0.3568
mixed,32,4,0.125,4.0,16,1024,256,1024,352,444.8,963.554,619.683,0.3371
mixed,32,4,0.125,4.0,32,0,128,512,176,266.208,532.228,354.496,0.3319
mixed,32,4,0.125,4.0,32,0,256,1024,352,407.873,928.291,586.273,0.3428
mixed,32,4,0.125,4.0,32,512,128,512,176,320.449,591.682,394.466,0.2729
mixed,32,4,0.125,4.0,32,512,256,1024,352,468.899,988.098,635.587,0.321
mixed,32,4,0.125,4.0,32,1024,128,512,176,387.042,657.539,485.218,0.3629
mixed,32,4,0.125,4.0,32,1024,256,1024,352,532.707,1050.211,678.082,0.2809
mixed,32,4,0.125,4.0,64,0,128,512,176,272.608,541.984,377.664,0.39
mixed,32,4,0.125,4.0,64,0,256,1024,352,418.881,941.123,586.784,0.3215
mixed,32,4,0.125,4.0,64,512,128,512,176,405.986,679.49,496.801,0.332
mixed,32,4,0.125,4.0,64,512,256,1024,352,553.313,1073.827,740.577,0.3598
mixed,32,4,0.125,4.0,64,1024,128,512,176,486.272,757.572,575.971,0.3306
mixed,32,4,0.125,4.0,64,1024,256,1024,352,631.265,1152.931,771.651,0.2691
mixed,32,4,0.125,4.0,128,0,128,512,176,296.13,565.378,393.728,0.3625
mixed,32,4,0.125,4.0,128,0,256,1024,352,443.203,959.683,609.858,0.3227
mixed,32,4,0.125,4.0,128,512,128,512,176,534.081,810.531,641.793,0.3896
mixed,32,4,0.125,4.0,128,512,256,1024,352,682.689,1200.772,877.923,0.3768
mixed,32,4,0.125,4.0,128,1024,128,512,176,635.97,907.363,723.907,0.324
mixed,32,4,0.125,4.0,128,1024,256,1024,352,778.977,1300.803,960.035,0.347
mixed,32,4,0.125,4.0,256,0,128,512,176,587.522,855.075,679.873,0.3452
mixed,32,4,0.125,4.0,256,0,256,1024,352,731.138,1248.355,909.539,0.3449
mixed,32,4,0.125,4.0,256,512,128,512,176,784.259,1056.579,871.396,0.32
mixed,32,4,0.125,4.0,256,512,256,1024,352,932.099,1448.71,1066.819,0.2608
mixed,32,4,0.125,4.0,256,1024,128,512,176,983.811,1254.243,1088.097,0.3856
mixed,32,4,0.125,4.0,256,1024,256,1024,352,1132.101,1652.326,1281.732,0.2876
mixed,32,4,0.125,4.0,512,0,128,512,176,666.37,938.371,781.379,0.4228
mixed,32,4,0.125,4.0,512,0,256,1024,352,812.994,1336.389,968.547,0.2972
mixed,32,4,0.125,4.0,512,512,128,512,176,1081.891,1359.044,1197.219,0.4161
mixed,32,4,0.125,4.0,512,512,256,1024,352,1228.099,1746.47,1393.574,0.3192
mixed,32,4,0.125,4.0,512,1024,128,512,176,1472.548,1745.284,1585.798,0.4152
mixed,32,4,0.125,4.0,512,1024,256,1024,352,1621.926,2138.406,1795.078,0.3353
mixed,32,4,0.125,4.0,1024,0,128,512,176,1460.262,1730.47,1573.861,0.4204
mixed,32,4,0.125,4.0,1024,0,256,1024,352,1601.669,2120.742,1792.293,0.3672
mixed,32,4,0.125,4.0,1024,512,128,512,176,2304.841,2580.773,2409.926,0.3808
mixed,32,4,0.125,4.0,1024,512,256,1024,352,2453.446,2974.473,2649.8,0.3769
pure,32,8,0.25,4.0,0,0,128,512,224,249.183,470.305,306.433,0.2589
pure,32,8,0.25,4.0,0,0,256,1024,448,420.161,863.841,551.872,0.2969
mixed,32,8,0.25,4.0,16,0,128,512,224,273.698,495.073,324.512,0.2295
mixed,32,8,0.25,4.0,16,0,256,1024,448,446.113,886.947,574.467,0.2912
mixed,32,8,0.25,4.0,16,512,128,512,224,324.576,550.913,394.657,0.3096
mixed,32,8,0.25,4.0,16,512,256,1024,448,495.426,942.755,633.763,0.3093
mixed,32,8,0.25,4.0,16,1024,128,512,224,348.065,568.672,401.952,0.2443
mixed,32,8,0.25,4.0,16,1024,256,1024,448,519.552,963.52,661.346,0.3194
mixed,32,8,0.25,4.0,32,0,128,512,224,311.52,535.01,383.137,0.3204
mixed,32,8,0.25,4.0,32,0,256,1024,448,485.505,926.276,621.761,0.3091
mixed,32,8,0.25,4.0,32,512,128,512,224,371.522,593.475,442.786,0.3211
mixed,32,8,0.25,4.0,32,512,256,1024,448,541.248,986.116,675.299,0.3013
mixed,32,8,0.25,4.0,32,1024,128,512,224,433.503,659.14,495.073,0.2729
mixed,32,8,0.25,4.0,32,1024,256,1024,448,604.544,1050.726,745.635,0.3162
mixed,32,8,0.25,4.0,64,0,128,512,224,322.53,543.041,384.77,0.2823
mixed,32,8,0.25,4.0,64,0,256,1024,448,490.977,938.179,625.441,0.3007
mixed,32,8,0.25,4.0,64,512,128,512,224,456.512,683.043,523.139,0.2941
mixed,32,8,0.25,4.0,64,512,256,1024,448,628.194,1073.062,764.737,0.3069
mixed,32,8,0.25,4.0,64,1024,128,512,224,534.019,755.651,593.216,0.2671
mixed,32,8,0.25,4.0,64,1024,256,1024,448,704.514,1152.164,838.659,0.2997
mixed,32,8,0.25,4.0,128,0,128,512,224,343.776,568.099,401.346,0.2566
mixed,32,8,0.25,4.0,128,0,256,1024,448,515.683,960.964,652.035,0.3062
mixed,32,8,0.25,4.0,128,512,128,512,224,581.153,807.362,652.451,0.3152
mixed,32,8,0.25,4.0,128,512,256,1024,448,755.395,1205.957,887.587,0.2934
mixed,32,8,0.25,4.0,128,1024,128,512,224,683.938,906.146,749.731,0.2961
mixed,32,8,0.25,4.0,128,1024,256,1024,448,855.875,1302.98,993.477,0.3078
mixed,32,8,0.25,4.0,256,0,128,512,224,633.216,857.348,690.722,0.2566
mixed,32,8,0.25,4.0,256,0,256,1024,448,802.721,1250.019,942.691,0.3129
mixed,32,8,0.25,4.0,256,512,128,512,224,832.26,1059.204,890.022,0.2545
mixed,32,8,0.25,4.0,256,512,256,1024,448,1004.514,1451.781,1146.599,0.3177
mixed,32,8,0.25,4.0,256,1024,128,512,224,1032.515,1256.581,1097.667,0.2908
mixed,32,8,0.25,4.0,256,1024,256,1024,448,1204.035,1650.242,1332.163,0.2871
mixed,32,8,0.25,4.0,512,0,128,512,224,714.179,943.236,785.25,0.3103
mixed,32,8,0.25,4.0,512,0,256,1024,448,885.635,1337.026,1026.339,0.3117
mixed,32,8,0.25,4.0,512,512,128,512,224,1131.011,1355.044,1199.265,0.3047
mixed,32,8,0.25,4.0,512,512,256,1024,448,1300.614,1749.401,1444.746,0.3212
mixed,32,8,0.25,4.0,512,1024,128,512,224,1521.766,1747.514,1583.269,0.2724
mixed,32,8,0.25,4.0,512,1024,256,1024,448,1691.613,2140.801,1841.076,0.3327
mixed,32,8,0.25,4.0,1024,0,128,512,224,1505.447,1733.851,1574.98,0.3044
mixed,32,8,0.25,4.0,1024,0,256,1024,448,1679.23,2124.421,1814.455,0.3037
mixed,32,8,0.25,4.0,1024,512,128,512,224,2354.582,2578.538,2412.754,0.2597
mixed,32,8,0.25,4.0,1024,512,256,1024,448,2522.157,2972.69,2669.158,0.3263
pure,32,16,0.5,4.0,0,0,128,512,320,321.583,470.406,380.523,0.396
pure,32,16,0.5,4.0,0,0,256,1024,640,569.823,865.519,734.9,0.5583
mixed,32,16,0.5,4.0,16,0,128,512,320,347.981,494.499,404.488,0.3857
mixed,32,16,0.5,4.0,16,0,256,1024,640,595.549,887.66,768.948,0.5936
mixed,32,16,0.5,4.0,16,512,128,512,320,401.386,551.007,462.567,0.4089
mixed,32,16,0.5,4.0,16,512,256,1024,640,646.94,940.461,799.922,0.5212
mixed,32,16,0.5,4.0,16,1024,128,512,320,421.095,569.853,484.997,0.4296
mixed,32,16,0.5,4.0,16,1024,256,1024,640,666.651,964.617,807.794,0.4737
mixed,32,16,0.5,4.0,32,0,128,512,320,386.251,532.61,442.791,0.3863
mixed,32,16,0.5,4.0,32,0,256,1024,640,635.869,927.596,781.713,0.4999
mixed,32,16,0.5,4.0,32,512,128,512,320,441.159,593.758,508.613,0.442
mixed,32,16,0.5,4.0,32,512,256,1024,640,691.45,987.88,896.268,0.6909
mixed,32,16,0.5,4.0,32,1024,128,512,320,506.82,658.555,580.224,0.4838
mixed,32,16,0.5,4.0,32,1024,256,1024,640,755.06,1050.854,928.46,0.5862
mixed,32,16,0.5,4.0,64,0,128,512,320,395.115,542.817,481.477,0.5847
mixed,32,16,0.5,4.0,64,0,256,1024,640,641.981,943.852,777.845,0.4501
mixed,32,16,0.5,4.0,64,512,128,512,320,530.05,679.1,586.623,0.3796
mixed,32,16,0.5,4.0,64,512,256,1024,640,785.235,1074.883,929.229,0.4971
mixed,32,16,0.5,4.0,64,1024,128,512,320,607.456,757.94,655.29,0.3179
mixed,32,16,0.5,4.0,64,1024,256,1024,640,857.517,1151.072,993.545,0.4634
mixed,32,16,0.5,4.0,128,0,128,512,320,420.007,567.361,501.734,0.5546
mixed,32,16,0.5,4.0,128,0,256,1024,640,663.995,961.483,785.398,0.4081
mixed,32,16,0.5,4.0,128,512,128,512,320,660.316,806.58,716.887,0.3868
mixed,32,16,0.5,4.0,128,512,256,1024,640,905.485,1201.086,1078.373,0.5849
mixed,32,16,0.5,4.0,128,1024,128,512,320,755.285,905.199,850.577,0.6356
mixed,32,16,0.5,4.0,128,1024,256,1024,640,1004.714,1299.8,1134.977,0.4414
mixed,32,16,0.5,4.0,256,0,128,512,320,709.274,857.521,770.837,0.4153
mixed,32,16,0.5,4.0,256,0,256,1024,640,952.907,1248.123,1129.825,0.5993
mixed,32,16,0.5,4.0,256,512,128,512,320,905.71,1057.605,973.421,0.4458
mixed,32,16,0.5,4.0,256,512,256,1024,640,1155.842,1453.136,1283.577,0.4297
mixed,32,16,0.5,4.0,256,1024,128,512,320,1110.274,1258.044,1184.608,0.503
mixed,32,16,0.5,4.0,256,1024,256,1024,640,1351.514,1651.686,1504.622,0.5101
mixed,32,16,0.5,4.0,512,0,128,512,320,788.374,939.341,855.73,0.4462
mixed,32,16,0.5,4.0,512,0,256,1024,640,1038.696,1332.856,1187.265,0.5051
mixed,32,16,0.5,4.0,512,512,128,512,320,1206.72,1354.071,1288.249,0.5533
mixed,32,16,0.5,4.0,512,512,256,1024,640,1449.459,1749.763,1604.907,0.5176
mixed,32,16,0.5,4.0,512,1024,128,512,320,1598.666,1741.89,1662.568,0.4462
mixed,32,16,0.5,4.0,512,1024,256,1024,640,1845.501,2139.437,2006.901,0.5491
mixed,32,16,0.5,4.0,1024,0,128,512,320,1580.396,1730.915,1645.544,0.4328
mixed,32,16,0.5,4.0,1024,0,256,1024,640,1830.367,2124.753,1972.055,0.4813
mixed,32,16,0.5,4.0,1024,512,128,512,320,2432.318,2578.2,2489.469,0.3918
mixed,32,16,0.5,4.0,1024,512,256,1024,640,2679.187,2974.019,2874.281,0.6617
pure,32,24,0.75,4.0,0,0,128,512,416,396.298,472.071,455.401,0.78
pure,32,24,0.75,4.0,0,0,256,1024,832,717.947,864.85,845.267,0.8667
mixed,32,24,0.75,4.0,16,0,128,512,416,420.33,495.111,480.935,0.8104
mixed,32,24,0.75,4.0,16,0,256,1024,832,741.431,889.171,868.689,0.8614
mixed,32,24,0.75,4.0,16,512,128,512,416,470.984,549.57,532.705,0.7854
mixed,32,24,0.75,4.0,16,512,256,1024,832,792.791,940.526,922.8,0.88
mixed,32,24,0.75,4.0,16,1024,128,512,416,493.415,569.76,553.155,0.7825
mixed,32,24,0.75,4.0,16,1024,256,1024,832,813.621,966.477,952.623,0.9094
mixed,32,24,0.75,4.0,32,0,128,512,416,458.537,532.708,517.797,0.799
mixed,32,24,0.75,4.0,32,0,256,1024,832,780.6,927.314,909.424,0.8781
mixed,32,24,0.75,4.0,32,512,128,512,416,513.447,596.418,576.035,0.7543
mixed,32,24,0.75,4.0,32,512,256,1024,832,837.782,985.775,969.264,0.8884
mixed,32,24,0.75,4.0,32,1024,128,512,416,580.737,660.606,644.126,0.7937
mixed,32,24,0.75,4.0,32,1024,256,1024,832,902.483,1051.435,1033.835,0.8818
mixed,32,24,0.75,4.0,64,0,128,512,416,468.393,545.51,528.356,0.7776
mixed,32,24,0.75,4.0,64,0,256,1024,832,789.688,939.855,920.369,0.8702
mixed,32,24,0.75,4.0,64,512,128,512,416,603.233,681.405,662.813,0.7622
mixed,32,24,0.75,4.0,64,512,256,1024,832,923.309,1073.544,1052.811,0.862
mixed,32,24,0.75,4.0,64,1024,128,512,416,678.494,755.61,744.603,0.8573
mixed,32,24,0.75,4.0,64,1024,256,1024,832,999.79,1151.843,1133.797,0.8813
mixed,32,24,0.75,4.0,128,0,128,512,416,491.399,566.467,555.303,0.8513
mixed,32,24,0.75,4.0,128,0,256,1024,832,812.372,960.591,944.113,0.8888
mixed,32,24,0.75,4.0,128,512,128,512,416,731.996,806.295,793.943,0.8338
mixed,32,24,0.75,4.0,128,512,256,1024,832,1053.131,1204.003,1185.254,0.8757
mixed,32,24,0.75,4.0,128,1024,128,512,416,829.463,906.194,894.034,0.8415
mixed,32,24,0.75,4.0,128,1024,256,1024,832,1152.487,1300.031,1282.048,0.8781
mixed,32,24,0.75,4.0,256,0,128,512,416,780.057,853.781,841.909,0.839
mixed,32,24,0.75,4.0,256,0,256,1024,832,1106.827,1250.403,1229.478,0.8543
mixed,32,24,0.75,4.0,256,512,128,512,416,982.544,1057.548,1040.812,0.7769
mixed,32,24,0.75,4.0,256,512,256,1024,832,1302.653,1450.937,1432.698,0.877
mixed,32,24,0.75,4.0,256,1024,128,512,416,1178.886,1258.786,1241.217,0.7801
mixed,32,24,0.75,4.0,256,1024,256,1024,832,1505.367,1651.6,1630.032,0.8525
mixed,32,24,0.75,4.0,512,0,128,512,416,861.461,940.628,925.939,0.8145
mixed,32,24,0.75,4.0,512,0,256,1024,832,1183.749,1331.967,1316.288,0.8942
mixed,32,24,0.75,4.0,512,512,128,512,416,1275.393,1353.886,1339.968,0.8227
mixed,32,24,0.75,4.0,512,512,256,1024,832,1608.592,1748.619,1732.204,0.8828
mixed,32,24,0.75,4.0,512,1024,128,512,416,1666.801,1747.721,1730.443,0.7865
mixed,32,24,0.75,4.0,512,1024,256,1024,832,1991.392,2141.05,2120.537,0.8629
mixed,32,24,0.75,4.0,1024,0,128,512,416,1652.591,1729.133,1712.622,0.7843
mixed,32,24,0.75,4.0,1024,0,256,1024,832,1978.783,2128.217,2104.922,0.8441
mixed,32,24,0.75,4.0,1024,512,128,512,416,2497.576,2576.933,2561.316,0.8032
mixed,32,24,0.75,4.0,1024,512,256,1024,832,2825.078,2973.776,2952.083,0.8541
pure,32,29,0.9062,4.0,0,0,128,512,476,424.748,469.641,466.059,0.9202
pure,32,29,0.9062,4.0,0,0,256,1024,952,798.203,865.173,859.127,0.9097
mixed,32,29,0.9062,4.0,16,0,128,512,476,448.716,494.631,490.44,0.9087
mixed,32,29,0.9062,4.0,16,0,256,1024,952,819.673,889.238,881.529,0.8892
mixed,32,29,0.9062,4.0,16,512,128,512,476,501.929,547.522,543.751,0.9173
mixed,32,29,0.9062,4.0,16,512,256,1024,952,870.072,940.789,936.885,0.9448
mixed,32,29,0.9062,4.0,16,1024,128,512,476,521.223,567.782,565.349,0.9477
mixed,32,29,0.9062,4.0,16,1024,256,1024,952,895.926,962.867,958.835,0.9398
mixed,32,29,0.9062,4.0,32,0,128,512,476,486.856,532.933,529.641,0.9286
mixed,32,29,0.9062,4.0,32,0,256,1024,952,855.192,928.115,918.227,0.8644
mixed,32,29,0.9062,4.0,32,512,128,512,476,544.613,593.253,588.773,0.9079
mixed,32,29,0.9062,4.0,32,512,256,1024,952,912.438,984.049,980.306,0.9477
mixed,32,29,0.9062,4.0,32,1024,128,512,476,610.691,656.673,654.592,0.9547
mixed,32,29,0.9062,4.0,32,1024,256,1024,952,978.802,1050.767,1046.156,0.9359
mixed,32,29,0.9062,4.0,64,0,128,512,476,495.656,542.118,539.013,0.9332
mixed,32,29,0.9062,4.0,64,0,256,1024,952,867.221,936.565,930.643,0.9146
mixed,32,29,0.9062,4.0,64,512,128,512,476,631.041,680.605,673.92,0.8651
mixed,32,29,0.9062,4.0,64,512,256,1024,952,998.097,1072.528,1067.217,0.9286
mixed,32,29,0.9062,4.0,64,1024,128,512,476,709.631,754.752,752.222,0.9439
mixed,32,29,0.9062,4.0,64,1024,256,1024,952,1079.341,1149.099,1145.356,0.9463
mixed,32,29,0.9062,4.0,128,0,128,512,476,519.303,567.59,563.335,0.9119
mixed,32,29,0.9062,4.0,128,0,256,1024,952,889.751,961.297,953.684,0.8936
mixed,32,29,0.9062,4.0,128,512,128,512,476,762.333,806.362,802.781,0.9187
mixed,32,29,0.9062,4.0,128,512,256,1024,952,1128.334,1204.872,1199.595,0.9311
mixed,32,29,0.9062,4.0,128,1024,128,512,476,857.785,906.327,900.824,0.8866
mixed,32,29,0.9062,4.0,128,1024,256,1024,952,1235.144,1303.495,1295.621,0.8848
mixed,32,29,0.9062,4.0,256,0,128,512,476,810.847,856.346,851.065,0.8839
mixed,32,29,0.9062,4.0,256,0,256,1024,952,1175.304,1247.913,1242.023,0.9189
mixed,32,29,0.9062,4.0,256,512,128,512,476,1009.841,1061.455,1050.289,0.7837
mixed,32,29,0.9062,4.0,256,512,256,1024,952,1377.665,1451.521,1444.448,0.9042
mixed,32,29,0.9062,4.0,256,1024,128,512,476,1211.402,1255.304,1251.4,0.9111
mixed,32,29,0.9062,4.0,256,1024,256,1024,952,1581.273,1650.678,1645.143,0.9203
mixed,32,29,0.9062,4.0,512,0,128,512,476,892.568,940.087,933.398,0.8592
mixed,32,29,0.9062,4.0,512,0,256,1024,952,1264.776,1334.341,1327.268,0.8983
mixed,32,29,0.9062,4.0,512,512,128,512,476,1305.511,1354.98,1349.348,0.8862
mixed,32,29,0.9062,4.0,512,512,256,1024,952,1676.213,1752.306,1740.531,0.8453
mixed,32,29,0.9062,4.0,512,1024,128,512,476,1696.79,1744.626,1734.996,0.7987
mixed,32,29,0.9062,4.0,512,1024,256,1024,952,2068.9,2138.496,2134.532,0.943
mixed,32,29,0.9062,4.0,1024,0,128,512,476,1680.598,1732.021,1722.292,0.8108
mixed,32,29,0.9062,4.0,1024,0,256,1024,952,2052.454,2126.082,2118.435,0.8961
mixed,32,29,0.9062,4.0,1024,512,128,512,476,2527.889,2576.463,2574.032,0.95
mixed,32,29,0.9062,4.0,1024,512,256,1024,952,2900.739,2973.214,2966.269,0.9042
pure,64,1,0.0156,4.0,0,0,128,512,134,307.06,895.034,382.765,0.1288
pure,64,1,0.0156,4.0,0,0,256,1024,268,503.403,1668.471,647.94,0.1241
mixed,64,1,0.0156,4.0,16,0,128,512,134,335.506,921.879,403.886,0.1166
mixed,64,1,0.0156,4.0,16,0,256,1024,268,532.042,1696.12,717.313,0.1592
mixed,64,1,0.0156,4.0,16,512,128,512,134,387.504,973.303,458.22,0.1207
mixed,64,1,0.0156,4.0,16,512,256,1024,268,582.185,1746.229,737.407,0.1333
mixed,64,1,0.0156,4.0,16,1024,128,512,134,411.82,997.653,478.475,0.1138
mixed,64,1,0.0156,4.0,16,1024,256,1024,268,602.629,1769.75,758.4,0.1335
mixed,64,1,0.0156,4.0,32,0,128,512,134,375.92,962.007,444.011,0.1162
mixed,64,1,0.0156,4.0,32,0,256,1024,268,571.877,1738.487,723.329,0.1298
mixed,64,1,0.0156,4.0,32,512,128,512,134,433.84,1016.823,504.137,0.1206
mixed,64,1,0.0156,4.0,32,512,256,1024,268,629.445,1791.251,809.568,0.155
mixed,64,1,0.0156,4.0,32,1024,128,512,134,502.984,1094.928,576.583,0.1243
mixed,64,1,0.0156,4.0,32,1024,256,1024,268,696.835,1861.909,842.844,0.1253
mixed,64,1,0.0156,4.0,64,0,128,512,134,379.28,963.126,449.26,0.1199
mixed,64,1,0.0156,4.0,64,0,256,1024,268,575.913,1738.616,722.563,0.1261
mixed,64,1,0.0156,4.0,64,512,128,512,134,514.314,1098.32,584.232,0.1197
mixed,64,1,0.0156,4.0,64,512,256,1024,268,711.107,1875.986,896.827,0.1594
mixed,64,1,0.0156,4.0,64,1024,128,512,134,591.721,1177.457,667.205,0.1289
mixed,64,1,0.0156,4.0,64,1024,256,1024,268,788.513,1952.911,943.739,0.1333
mixed,64,1,0.0156,4.0,128,0,128,512,134,402.927,986.839,476.013,0.1252
mixed,64,1,0.0156,4.0,128,0,256,1024,268,598.889,1764.567,779.584,0.155
mixed,64,1,0.0156,4.0,128,512,128,512,134,643.973,1231.147,715.907,0.1225
mixed,64,1,0.0156,4.0,128,512,256,1024,268,840.188,2003.341,999.224,0.1367
mixed,64,1,0.0156,4.0,128,1024,128,512,134,745.122,1327.756,810.654,0.1125
mixed,64,1,0.0156,4.0,128,1024,256,1024,268,938.587,2104.651,1089.587,0.1295
mixed,64,1,0.0156,4.0,256,0,128,512,134,694.181,1277.516,770.176,0.1303
mixed,64,1,0.0156,4.0,256,0,256,1024,268,887.646,2054.509,1032.822,0.1244
mixed,64,1,0.0156,4.0,256,512,128,512,134,894.909,1479.493,982.81,0.1504
mixed,64,1,0.0156,4.0,256,512,256,1024,268,1091.798,2254.726,1250.126,0.1361
mixed,64,1,0.0156,4.0,256,1024,128,512,134,1096.406,1684.796,1166.48,0.1191
mixed,64,1,0.0156,4.0,256,1024,256,1024,268,1289.836,2451.456,1438.886,0.1283
mixed,64,1,0.0156,4.0,512,0,128,512,134,781.889,1367.978,849.375,0.1151
mixed,64,1,0.0156,4.0,512,0,256,1024,268,974.361,2140.554,1125.107,0.1293
mixed,64,1,0.0156,4.0,512,512,128,512,134,1198.516,1778.811,1272.27,0.1271
mixed,64,1,0.0156,4.0,512,512,256,1024,268,1390.922,2553.661,1536.547,0.1252
mixed,64,1,0.0156,4.0,512,1024,128,512,134,1586.338,2171.628,1666.431,0.1368
mixed,64,1,0.0156,4.0,512,1024,256,1024,268,1780.027,2946.413,1931.669,0.13
mixed,64,1,0.0156,4.0,1024,0,128,512,134,1568.291,2152.621,1633.091,0.1109
mixed,64,1,0.0156,4.0,1024,0,256,1024,268,1764.092,2931.727,1909.817,0.1248
mixed,64,1,0.0156,4.0,1024,512,128,512,134,2416.385,3004.044,2483.776,0.1147
mixed,64,1,0.0156,4.0,1024,512,256,1024,268,2614.554,3777.293,2754.838,0.1206
pure,64,2,0.0312,4.0,0,0,128,512,140,308.595,894.236,392.753,0.1437
pure,64,2,0.0312,4.0,0,0,256,1024,280,505.611,1673.282,706.117,0.1717
mixed,64,2,0.0312,4.0,16,0,128,512,140,338.612,922.526,435.598,0.1661
mixed,64,2,0.0312,4.0,16,0,256,1024,280,535.083,1698.242,712.005,0.1521
mixed,64,2,0.0312,4.0,16,512,128,512,140,389.076,973.82,470.797,0.1398
mixed,64,2,0.0312,4.0,16,512,256,1024,280,588.331,1747.326,750.18,0.1396
mixed,64,2,0.0312,4.0,16,1024,128,512,140,413.202,999.227,508.012,0.1618
mixed,64,2,0.0312,4.0,16,1024,256,1024,280,609.129,1771.295,791.428,0.1569
mixed,64,2,0.0312,4.0,32,0,128,512,140,377.938,965.179,486.862,0.1855
mixed,64,2,0.0312,4.0,32,0,256,1024,280,575.179,1735.903,747.205,0.1482
mixed,64,2,0.0312,4.0,32,512,128,512,140,434.447,1020.251,529.163,0.1617
mixed,64,2,0.0312,4.0,32,512,256,1024,280,630.183,1790.526,802.722,0.1487
mixed,64,2,0.0312,4.0,32,1024,128,512,140,505.261,1094.325,595.689,0.1535
mixed,64,2,0.0312,4.0,32,1024,256,1024,280,701.382,1861.309,877.185,0.1516
mixed,64,2,0.0312,4.0,64,0,128,512,140,380.625,965.596,474.478,0.1604
mixed,64,2,0.0312,4.0,64,0,256,1024,280,580.012,1740.321,771.4,0.1649
mixed,64,2,0.0312,4.0,64,512,128,512,140,517.485,1102.521,609.93,0.158
mixed,64,2,0.0312,4.0,64,512,256,1024,280,715.144,1875.612,898.43,0.1579
mixed,64,2,0.0312,4.0,64,1024,128,512,140,593.579,1179.125,683.207,0.1531
mixed,64,2,0.0312,4.0,64,1024,256,1024,280,789.892,1954.65,985.949,0.1683
mixed,64,2,0.0312,4.0,128,0,128,512,140,402.93,986.652,521.516,0.2032
mixed,64,2,0.0312,4.0,128,0,256,1024,280,603.529,1765.442,779.907,0.1518
mixed,64,2,0.0312,4.0,128,512,128,512,140,644.935,1234.676,737.06,0.1562
mixed,64,2,0.0312,4.0,128,512,256,1024,280,842.53,2003.223,1007.131,0.1418
mixed,64,2,0.0312,4.0,128,1024,128,512,140,747.366,1328.37,845.694,0.1692
mixed,64,2,0.0312,4.0,128,1024,256,1024,280,941.055,2106.965,1111.831,0.1465
mixed,64,2,0.0312,4.0,256,0,128,512,140,692.712,1276.819,790.565,0.1675
mixed,64,2,0.0312,4.0,256,0,256,1024,280,888.929,2053.303,1074.682,0.1595
mixed,64,2,0.0312,4.0,256,512,128,512,140,900.672,1483.468,976.221,0.1296
mixed,64,2,0.0312,4.0,256,512,256,1024,280,1094.809,2257.359,1278.994,0.1584
mixed,64,2,0.0312,4.0,256,1024,128,512,140,1095.799,1680.906,1179.192,0.1425
mixed,64,2,0.0312,4.0,256,1024,256,1024,280,1291.891,2452.714,1468.622,0.1522
mixed,64,2,0.0312,4.0,512,0,128,512,140,780.389,1365.359,898.336,0.2016
mixed,64,2,0.0312,4.0,512,0,256,1024,280,978.303,2137.14,1163.158,0.1595
mixed,64,2,0.0312,4.0,512,512,128,512,140,1198.453,1781.86,1284.564,0.1476
mixed,64,2,0.0312,4.0,512,512,256,1024,280,1392.753,2554.407,1568.392,0.1512
mixed,64,2,0.0312,4.0,512,1024,128,512,140,1592.552,2171.478,1673.447,0.1397
mixed,64,2,0.0312,4.0,512,1024,256,1024,280,1785.604,2945.179,1977.373,0.1654
mixed,64,2,0.0312,4.0,1024,0,128,512,140,1571.179,2152.952,1672.68,0.1745
mixed,64,2,0.0312,4.0,1024,0,256,1024,280,1764.165,2933.406,1943.998,0.1538
mixed,64,2,0.0312,4.0,1024,512,128,512,140,2420.62,3001.402,2508.65,0.1516
mixed,64,2,0.0312,4.0,1024,512,256,1024,280,2615.847,3776.577,2780.385,0.1418
pure,64,3,0.0469,4.0,0,0,128,512,146,312.66,892.962,424.721,0.1931
pure,64,3,0.0469,4.0,0,0,256,1024,292,552.366,1666.022,719.175,0.1498
mixed,64,3,0.0469,4.0,16,0,128,512,146,340.084,920.644,458.928,0.2047
mixed,64,3,0.0469,4.0,16,0,256,1024,292,580.618,1698.821,766.056,0.1658
mixed,64,3,0.0469,4.0,16,512,128,512,146,390.802,975.838,518.38,0.2181
mixed,64,3,0.0469,4.0,16,512,256,1024,292,632.235,1747.173,814.373,0.1634
mixed,64,3,0.0469,4.0,16,1024,128,512,146,412.788,995.424,532.72,0.2058
mixed,64,3,0.0469,4.0,16,1024,256,1024,292,654.795,1770.213,832.102,0.159
mixed,64,3,0.0469,4.0,32,0,128,512,146,380.819,961.603,495.825,0.198
mixed,64,3,0.0469,4.0,32,0,256,1024,292,619.949,1736.071,795.622,0.1574
mixed,64,3,0.0469,4.0,32,512,128,512,146,435.058,1019.646,545.038,0.1881
mixed,64,3,0.0469,4.0,32,512,256,1024,292,675.433,1791.716,866.754,0.1714
mixed,64,3,0.0469,4.0,32,1024,128,512,146,508.526,1090.59,635.978,0.219
mixed,64,3,0.0469,4.0,32,1024,256,1024,292,745.322,1863.908,921.155,0.1572
mixed,64,3,0.0469,4.0,64,0,128,512,146,383.314,968.962,494.191,0.1893
mixed,64,3,0.0469,4.0,64,0,256,1024,292,623.724,1742.021,768.358,0.1293
mixed,64,3,0.0469,4.0,64,512,128,512,146,518.862,1102.141,639.437,0.2067
mixed,64,3,0.0469,4.0,64,512,256,1024,292,757.672,1875.717,933.859,0.1576
mixed,64,3,0.0469,4.0,64,1024,128,512,146,594.573,1178.681,692.778,0.1681
mixed,64,3,0.0469,4.0,64,1024,256,1024,292,834.053,1955.907,1006.338,0.1536
mixed,64,3,0.0469,4.0,128,0,128,512,146,407.731,988.193,527.246,0.2059
mixed,64,3,0.0469,4.0,128,0,256,1024,292,645.483,1767.432,792.263,0.1308
mixed,64,3,0.0469,4.0,128,512,128,512,146,648.812,1229.785,767.818,0.2048
mixed,64,3,0.0469,4.0,128,512,256,1024,292,889.123,2001.344,1055.966,0.15
mixed,64,3,0.0469,4.0,128,1024,128,512,146,745.418,1330.453,855.783,0.1886
mixed,64,3,0.0469,4.0,128,1024,256,1024,292,988.61,2105.533,1143.838,0.139
mixed,64,3,0.0469,4.0,256,0,128,512,146,696.875,1278.524,792.487,0.1644
mixed,64,3,0.0469,4.0,256,0,256,1024,292,937.765,2059.17,1094.238,0.1395
mixed,64,3,0.0469,4.0,256,512,128,512,146,896.614,1481.904,1012.736,0.1984
mixed,64,3,0.0469,4.0,256,512,256,1024,292,1136.317,2250.653,1323.832,0.1683
mixed,64,3,0.0469,4.0,256,1024,128,512,146,1096.317,1677.196,1219.803,0.2126
mixed,64,3,0.0469,4.0,256,1024,256,1024,292,1334.549,2456.82,1513.457,0.1594
mixed,64,3,0.0469,4.0,512,0,128,512,146,782.281,1366.901,900.483,0.2022
mixed,64,3,0.0469,4.0,512,0,256,1024,292,1022.274,2137.086,1205.466,0.1643
mixed,64,3,0.0469,4.0,512,512,128,512,146,1199.868,1781.322,1294.553,0.1628
mixed,64,3,0.0469,4.0,512,512,256,1024,292,1438.547,2558.416,1618.703,0.1609
mixed,64,3,0.0469,4.0,512,1024,128,512,146,1587.472,2173.213,1706.381,0.203
mixed,64,3,0.0469,4.0,512,1024,256,1024,292,1830.697,2949.062,2037.122,0.1846
mixed,64,3,0.0469,4.0,1024,0,128,512,146,1571.472,2151.967,1702.926,0.2265
mixed,64,3,0.0469,4.0,1024,0,256,1024,292,1807.242,2928.872,1968.102,0.1434
mixed,64,3,0.0469,4.0,1024,512,128,512,146,2424.28,3000.23,2529.653,0.183
mixed,64,3,0.0469,4.0,1024,512,256,1024,292,2662.897,3775.407,2844.876,0.1636
pure,64,4,0.0625,4.0,0,0,128,512,152,314.135,894.95,433.459,0.2054
pure,64,4,0.0625,4.0,0,0,256,1024,304,554.863,1667.854,741.995,0.1681
mixed,64,4,0.0625,4.0,16,0,128,512,152,341.046,922.95,451.955,0.1906
mixed,64,4,0.0625,4.0,16,0,256,1024,304,582.671,1695.503,752.936,0.153
mixed,64,4,0.0625,4.0,16,512,128,512,152,392.182,971.683,509.393,0.2023
mixed,64,4,0.0625,4.0,16,512,256,1024,304,633.772,1747.63,808.52,0.1569
mixed,64,4,0.0625,4.0,16,1024,128,512,152,415.348,997.857,532.145,0.2005
mixed,64,4,0.0625,4.0,16,1024,256,1024,304,658.638,1775.434,831.944,0.1552
mixed,64,4,0.0625,4.0,32,0,128,512,152,382.933,959.334,493.651,0.1921
mixed,64,4,0.0625,4.0,32,0,256,1024,304,621.199,1736.943,788.524,0.15
mixed,64,4,0.0625,4.0,32,512,128,512,152,438.453,1019.043,555.954,0.2024
mixed,64,4,0.0625,4.0,32,512,256,1024,304,677.324,1794.861,861.703,0.165
mixed,64,4,0.0625,4.0,32,1024,128,512,152,510.609,1086.433,631.34,0.2097
mixed,64,4,0.0625,4.0,32,1024,256,1024,304,750.442,1861.355,935.75,0.1668
mixed,64,4,0.0625,4.0,64,0,128,512,152,385.078,965.989,506.515,0.209
mixed,64,4,0.0625,4.0,64,0,256,1024,304,626.673,1742.19,826.665,0.1793
mixed,64,4,0.0625,4.0,64,512,128,512,152,522.129,1098.403,643.951,0.2114
mixed,64,4,0.0625,4.0,64,512,256,1024,304,761.707,1875.628,937.317,0.1577
mixed,64,4,0.0625,4.0,64,1024,128,512,152,596.56,1179.264,713.901,0.2014
mixed,64,4,0.0625,4.0,64,1024,256,1024,304,839.498,1951.113,1024.388,0.1663
mixed,64,4,0.0625,4.0,128,0,128,512,152,410.354,991.109,517.969,0.1853
mixed,64,4,0.0625,4.0,128,0,256,1024,304,649.101,1765.424,831.88,0.1637
mixed,64,4,0.0625,4.0,128,512,128,512,152,650.287,1233.343,760.109,0.1884
mixed,64,4,0.0625,4.0,128,512,256,1024,304,893.061,2006.857,1050.949,0.1418
mixed,64,4,0.0625,4.0,128,1024,128,512,152,748.491,1328.7,868.361,0.2066
mixed,64,4,0.0625,4.0,128,1024,256,1024,304,989.221,2111.815,1164.351,0.156
mixed,64,4,0.0625,4.0,256,0,128,512,152,698.349,1277.981,828.872,0.2252
mixed,64,4,0.0625,4.0,256,0,256,1024,304,938.245,2058.632,1146.526,0.1859
mixed,64,4,0.0625,4.0,256,512,128,512,152,901.864,1481.878,1030.885,0.2224
mixed,64,4,0.0625,4.0,256,512,256,1024,304,1141.859,2252.866,1298.684,0.1412
mixed,64,4,0.0625,4.0,256,1024,128,512,152,1100.899,1677.364,1197.952,0.1684
mixed,64,4,0.0625,4.0,256,1024,256,1024,304,1342.044,2458.495,1525.273,0.1641
mixed,64,4,0.0625,4.0,512,0,128,512,152,784.395,1365.724,903.206,0.2044
mixed,64,4,0.0625,4.0,512,0,256,1024,304,1024.26,2137.895,1251.807,0.2043
mixed,64,4,0.0625,4.0,512,512,128,512,152,1202.719,1781.554,1322.91,0.2076
mixed,64,4,0.0625,4.0,512,512,256,1024,304,1437.657,2557.212,1642.997,0.1834
mixed,64,4,0.0625,4.0,512,1024,128,512,152,1593.333,2170.757,1712.244,0.2059
mixed,64,4,0.0625,4.0,512,1024,256,1024,304,1833.041,2944.724,2014.315,0.1631
mixed,64,4,0.0625,4.0,1024,0,128,512,152,1572.887,2160.295,1680.884,0.1839
mixed,64,4,0.0625,4.0,1024,0,256,1024,304,1813.68,2931.57,2036.458,0.1993
mixed,64,4,0.0625,4.0,1024,512,128,512,152,2420.96,3003.601,2530.334,0.1877
mixed,64,4,0.0625,4.0,1024,512,256,1024,304,2663.291,3776.413,2837.974,0.1569
pure,64,8,0.125,4.0,0,0,128,512,176,359.0,894.343,449.107,0.1683
pure,64,8,0.125,4.0,0,0,256,1024,352,646.735,1667.86,808.043,0.158
mixed,64,8,0.125,4.0,16,0,128,512,176,387.477,922.248,469.045,0.1525
mixed,64,8,0.125,4.0,16,0,256,1024,352,676.784,1694.869,836.908,0.1573
mixed,64,8,0.125,4.0,16,512,128,512,176,438.198,973.926,518.677,0.1502
mixed,64,8,0.125,4.0,16,512,256,1024,352,726.927,1746.037,873.769,0.1441
mixed,64,8,0.125,4.0,16,1024,128,512,176,459.189,996.931,532.241,0.1358
mixed,64,8,0.125,4.0,16,1024,256,1024,352,751.278,1769.584,913.833,0.1596
mixed,64,8,0.125,4.0,32,0,128,512,176,425.236,963.016,518.291,0.173
mixed,64,8,0.125,4.0,32,0,256,1024,352,717.743,1738.068,860.874,0.1403
mixed,64,8,0.125,4.0,32,512,128,512,176,481.812,1016.389,583.376,0.19
mixed,64,8,0.125,4.0,32,512,256,1024,352,769.965,1793.715,914.28,0.141
mixed,64,8,0.125,4.0,32,1024,128,512,176,553.013,1091.716,643.825,0.1686
mixed,64,8,0.125,4.0,32,1024,256,1024,352,843.916,1861.873,997.158,0.1505
mixed,64,8,0.125,4.0,64,0,128,512,176,429.398,965.963,520.563,0.1699
mixed,64,8,0.125,4.0,64,0,256,1024,352,717.103,1743.06,881.899,0.1606
mixed,64,8,0.125,4.0,64,512,128,512,176,566.129,1100.899,648.718,0.1544
mixed,64,8,0.125,4.0,64,512,256,1024,352,853.035,1872.85,970.123,0.1148
mixed,64,8,0.125,4.0,64,1024,128,512,176,642.959,1177.317,743.084,0.1874
mixed,64,8,0.125,4.0,64,1024,256,1024,352,929.545,1948.945,1088.452,0.1559
mixed,64,8,0.125,4.0,128,0,128,512,176,452.853,987.751,556.116,0.1931
mixed,64,8,0.125,4.0,128,0,256,1024,352,741.965,1765.59,900.875,0.1552
mixed,64,8,0.125,4.0,128,512,128,512,176,694.641,1232.224,773.069,0.1459
mixed,64,8,0.125,4.0,128,512,256,1024,352,982.025,2000.623,1124.644,0.14
mixed,64,8,0.125,4.0,128,1024,128,512,176,793.483,1328.672,880.969,0.1635
mixed,64,8,0.125,4.0,128,1024,256,1024,352,1084.869,2105.741,1217.122,0.1295
mixed,64,8,0.125,4.0,256,0,128,512,176,744.173,1281.473,832.716,0.1648
mixed,64,8,0.125,4.0,256,0,256,1024,352,1031.91,2053.614,1143.076,0.1088
mixed,64,8,0.125,4.0,256,512,128,512,176,946.856,1481.693,1042.215,0.1783
mixed,64,8,0.125,4.0,256,512,256,1024,352,1237.407,2251.529,1350.688,0.1117
mixed,64,8,0.125,4.0,256,1024,128,512,176,1144.422,1678.136,1243.555,0.1857
mixed,64,8,0.125,4.0,256,1024,256,1024,352,1432.733,2455.493,1567.643,0.1319
mixed,64,8,0.125,4.0,512,0,128,512,176,829.421,1366.463,926.827,0.1814
mixed,64,8,0.125,4.0,512,0,256,1024,352,1120.805,2138.348,1245.858,0.1229
mixed,64,8,0.125,4.0,512,512,128,512,176,1244.898,1783.893,1324.704,0.1481
mixed,64,8,0.125,4.0,512,512,256,1024,352,1534.012,2557.573,1673.849,0.1366
mixed,64,8,0.125,4.0,512,1024,128,512,176,1638.074,2173.485,1725.593,0.1635
mixed,64,8,0.125,4.0,512,1024,256,1024,352,1925.619,2943.772,2090.287,0.1617
mixed,64,8,0.125,4.0,1024,0,128,512,176,1616.795,2150.671,1706.072,0.1672
mixed,64,8,0.125,4.0,1024,0,256,1024,352,1904.788,2927.932,2062.064,0.1537
mixed,64,8,0.125,4.0,1024,512,128,512,176,2466.887,3003.48,2563.461,0.18
mixed,64,8,0.125,4.0,1024,512,256,1024,352,2751.297,3774.793,2895.422,0.1408
pure,64,16,0.25,4.0,0,0,128,512,224,452.918,894.09,505.077,0.1182
pure,64,16,0.25,4.0,0,0,256,1024,448,791.789,1668.571,907.755,0.1323
mixed,64,16,0.25,4.0,16,0,128,512,224,482.229,921.674,544.402,0.1415
mixed,64,16,0.25,4.0,16,0,256,1024,448,820.526,1696.695,923.883,0.118
mixed,64,16,0.25,4.0,16,512,128,512,224,529.716,972.234,594.163,0.1456
mixed,64,16,0.25,4.0,16,512,256,1024,448,871.596,1752.373,995.434,0.1406
mixed,64,16,0.25,4.0,16,1024,128,512,224,553.268,996.169,614.195,0.1376
mixed,64,16,0.25,4.0,16,1024,256,1024,448,892.778,1771.51,998.343,0.1201
mixed,64,16,0.25,4.0,32,0,128,512,224,520.276,959.242,574.067,0.1225
mixed,64,16,0.25,4.0,32,0,256,1024,448,860.299,1734.682,977.64,0.1342
mixed,64,16,0.25,4.0,32,512,128,512,224,575.442,1018.539,636.051,0.1368
mixed,64,16,0.25,4.0,32,512,256,1024,448,915.788,1790.071,1021.737,0.1212
mixed,64,16,0.25,4.0,32,1024,128,512,224,646.609,1092.2,693.423,0.1051
mixed,64,16,0.25,4.0,32,1024,256,1024,448,989.417,1862.104,1083.561,0.1079
mixed,64,16,0.25,4.0,64,0,128,512,224,523.989,964.778,582.002,0.1316
mixed,64,16,0.25,4.0,64,0,256,1024,448,866.604,1744.504,973.547,0.1218
mixed,64,16,0.25,4.0,64,512,128,512,224,657.267,1101.287,704.784,0.107
mixed,64,16,0.25,4.0,64,512,256,1024,448,1000.648,1874.519,1098.343,0.1118
mixed,64,16,0.25,4.0,64,1024,128,512,224,738.419,1179.27,783.821,0.103
mixed,64,16,0.25,4.0,64,1024,256,1024,448,1074.76,1953.044,1199.719,0.1423
mixed,64,16,0.25,4.0,128,0,128,512,224,547.604,986.922,586.707,0.089
mixed,64,16,0.25,4.0,128,0,256,1024,448,885.612,1770.073,989.738,0.1177
mixed,64,16,0.25,4.0,128,512,128,512,224,789.837,1230.117,837.966,0.1093
mixed,64,16,0.25,4.0,128,512,256,1024,448,1127.109,2004.117,1225.381,0.1121
mixed,64,16,0.25,4.0,128,1024,128,512,224,887.243,1329.507,925.899,0.0874
mixed,64,16,0.25,4.0,128,1024,256,1024,448,1229.478,2106.259,1350.755,0.1383
mixed,64,16,0.25,4.0,256,0,128,512,224,840.013,1275.204,887.086,0.1082
mixed,64,16,0.25,4.0,256,0,256,1024,448,1178.566,2051.701,1277.317,0.1131
mixed,64,16,0.25,4.0,256,512,128,512,224,1038.859,1480.736,1087.784,0.1107
mixed,64,16,0.25,4.0,256,512,256,1024,448,1381.986,2252.687,1490.752,0.1249
mixed,64,16,0.25,4.0,256,1024,128,512,224,1240.357,1682.3,1273.186,0.0743
mixed,64,16,0.25,4.0,256,1024,256,1024,448,1579.583,2453.576,1683.067,0.1184
mixed,64,16,0.25,4.0,512,0,128,512,224,924.366,1367.363,971.723,0.1069
mixed,64,16,0.25,4.0,512,0,256,1024,448,1264.645,2139.377,1373.028,0.1239
mixed,64,16,0.25,4.0,512,512,128,512,224,1336.132,1784.312,1389.154,0.1183
mixed,64,16,0.25,4.0,512,512,256,1024,448,1681.594,2555.144,1776.986,0.1092
mixed,64,16,0.25,4.0,512,1024,128,512,224,1732.348,2170.097,1776.923,0.1018
mixed,64,16,0.25,4.0,512,1024,256,1024,448,2073.396,2942.625,2181.972,0.1249
mixed,64,16,0.25,4.0,1024,0,128,512,224,1713.117,2157.268,1743.517,0.0684
mixed,64,16,0.25,4.0,1024,0,256,1024,448,2053.428,2922.914,2165.844,0.1293
mixed,64,16,0.25,4.0,1024,512,128,512,224,2560.074,2999.074,2610.503,0.1149
mixed,64,16,0.25,4.0,1024,512,256,1024,448,2898.532,3775.954,2994.112,0.1089
pure,64,32,0.5,4.0,0,0,128,512,320,598.098,893.678,626.868,0.0973
pure,64,32,0.5,4.0,0,0,256,1024,640,1081.93,1666.044,1177.735,0.164
mixed,64,32,0.5,4.0,16,0,128,512,320,629.268,922.19,662.419,0.1132
mixed,64,32,0.5,4.0,16,0,256,1024,640,1112.359,1697.566,1221.574,0.1866
mixed,64,32,0.5,4.0,16,512,128,512,320,679.027,976.429,722.867,0.1474
mixed,64,32,0.5,4.0,16,512,256,1024,640,1165.896,1749.051,1284.453,0.2033
mixed,64,32,0.5,4.0,16,1024,128,512,320,700.048,995.852,742.45,0.1433
mixed,64,32,0.5,4.0,16,1024,256,1024,640,1188.456,1771.771,1304.774,0.1994
mixed,64,32,0.5,4.0,32,0,128,512,320,664.468,960.716,692.786,0.0956
mixed,64,32,0.5,4.0,32,0,256,1024,640,1152.424,1741.148,1255.333,0.1748
mixed,64,32,0.5,4.0,32,512,128,512,320,721.744,1016.714,755.248,0.1136
mixed,64,32,0.5,4.0,32,512,256,1024,640,1209.83,1790.429,1311.749,0.1755
mixed,64,32,0.5,4.0,32,1024,128,512,320,793.521,1089.703,829.073,0.12
mixed,64,32,0.5,4.0,32,1024,256,1024,640,1282.662,1859.451,1386.246,0.1796
mixed,64,32,0.5,4.0,64,0,128,512,320,670.611,964.908,696.433,0.0877
mixed,64,32,0.5,4.0,64,0,256,1024,640,1154.347,1742.013,1264.645,0.1877
mixed,64,32,0.5,4.0,64,512,128,512,320,806.002,1102.409,841.518,0.1198
mixed,64,32,0.5,4.0,64,512,256,1024,640,1294.79,1874.875,1399.557,0.1806
mixed,64,32,0.5,4.0,64,1024,128,512,320,883.565,1176.486,921.773,0.1304
mixed,64,32,0.5,4.0,64,1024,256,1024,640,1372.772,1951.514,1464.611,0.1587
mixed,64,32,0.5,4.0,128,0,128,512,320,691.667,990.764,723.888,0.1077
mixed,64,32,0.5,4.0,128,0,256,1024,640,1178.696,1771.166,1289.958,0.1878
mixed,64,32,0.5,4.0,128,512,128,512,320,935.98,1228.935,962.605,0.0909
mixed,64,32,0.5,4.0,128,512,256,1024,640,1420.612,2003.064,1521.377,0.173
mixed,64,32,0.5,4.0,128,1024,128,512,320,1034.732,1328.644,1066.667,0.1087
mixed,64,32,0.5,4.0,128,1024,256,1024,640,1520.963,2105.721,1636.48,0.1975
mixed,64,32,0.5,4.0,256,0,128,512,320,984.811,1278.151,1014.831,0.1023
mixed,64,32,0.5,4.0,256,0,256,1024,640,1470.466,2055.129,1588.8,0.2024
mixed,64,32,0.5,4.0,256,512,128,512,320,1185.577,1479.234,1223.24,0.1283
mixed,64,32,0.5,4.0,256,512,256,1024,640,1670.496,2252.629,1771.485,0.1735
mixed,64,32,0.5,4.0,256,1024,128,512,320,1385.156,1679.713,1420.197,0.119
mixed,64,32,0.5,4.0,256,1024,256,1024,640,1873.916,2456.721,1973.658,0.1711
mixed,64,32,0.5,4.0,512,0,128,512,320,1071.02,1362.566,1096.588,0.0877
mixed,64,32,0.5,4.0,512,0,256,1024,640,1560.13,2140.438,1668.32,0.1864
mixed,64,32,0.5,4.0,512,512,128,512,320,1484.26,1779.934,1511.811,0.0932
mixed,64,32,0.5,4.0,512,512,256,1024,640,1973.946,2560.238,2084.248,0.1881
mixed,64,32,0.5,4.0,512,1024,128,512,320,1879.228,2173.685,1896.637,0.0591
mixed,64,32,0.5,4.0,512,1024,256,1024,640,2362.964,2949.064,2480.754,0.201
mixed,64,32,0.5,4.0,1024,0,128,512,320,1860.864,2151.832,1892.027,0.1071
mixed,64,32,0.5,4.0,1024,0,256,1024,640,2346.292,2927.239,2445.587,0.1709
mixed,64,32,0.5,4.0,1024,512,128,512,320,2706.158,3000.358,2741.774,0.1211
mixed,64,32,0.5,4.0,1024,512,256,1024,640,3191.587,3776.25,3291.363,0.1707
pure,64,48,0.75,4.0,0,0,128,512,416,747.376,896.144,774.45,0.182
pure,64,48,0.75,4.0,0,0,256,1024,832,1374.661,1669.344,1421.158,0.1578
mixed,64,48,0.75,4.0,16,0,128,512,416,771.827,923.406,794.641,0.1505
mixed,64,48,0.75,4.0,16,0,256,1024,832,1404.07,1697.664,1450.982,0.1598
mixed,64,48,0.75,4.0,16,512,128,512,416,823.888,974.831,845.97,0.1463
mixed,64,48,0.75,4.0,16,512,256,1024,832,1455.27,1746.177,1494.691,0.1355
mixed,64,48,0.75,4.0,16,1024,128,512,416,844.947,995.626,878.03,0.2196
mixed,64,48,0.75,4.0,16,1024,256,1024,832,1476.74,1769.341,1526.947,0.1716
mixed,64,48,0.75,4.0,32,0,128,512,416,812.882,958.863,840.37,0.1883
mixed,64,48,0.75,4.0,32,0,256,1024,832,1441.987,1734.496,1489.7,0.1631
mixed,64,48,0.75,4.0,32,512,128,512,416,867.474,1020.172,898.962,0.2062
mixed,64,48,0.75,4.0,32,512,256,1024,832,1498.757,1794.433,1543.012,0.1497
mixed,64,48,0.75,4.0,32,1024,128,512,416,937.646,1087.819,960.654,0.1532
mixed,64,48,0.75,4.0,32,1024,256,1024,832,1568.708,1863.452,1605.508,0.1249
mixed,64,48,0.75,4.0,64,0,128,512,416,815.73,964.464,839.986,0.1631
mixed,64,48,0.75,4.0,64,0,256,1024,832,1449.254,1742.689,1492.454,0.1472
mixed,64,48,0.75,4.0,64,512,128,512,416,951.408,1101.197,980.173,0.192
mixed,64,48,0.75,4.0,64,512,256,1024,832,1584.741,1877.629,1614.434,0.1014
mixed,64,48,0.75,4.0,64,1024,128,512,416,1026.801,1176.715,1054.157,0.1825
mixed,64,48,0.75,4.0,64,1024,256,1024,832,1660.676,1953.564,1702.208,0.1418
mixed,64,48,0.75,4.0,128,0,128,512,416,840.756,986.607,862.546,0.1494
mixed,64,48,0.75,4.0,128,0,256,1024,832,1469.445,1765.186,1510.982,0.1405
mixed,64,48,0.75,4.0,128,512,128,512,416,1081.998,1227.562,1097.644,0.1075
mixed,64,48,0.75,4.0,128,512,256,1024,832,1715.17,2004.733,1754.562,0.136
mixed,64,48,0.75,4.0,128,1024,128,512,416,1179.786,1327.529,1190.603,0.0732
mixed,64,48,0.75,4.0,128,1024,256,1024,832,1811.422,2108.955,1843.2,0.1068
mixed,64,48,0.75,4.0,256,0,128,512,416,1130.986,1280.008,1158.507,0.1847
mixed,64,48,0.75,4.0,256,0,256,1024,832,1763.745,2056.7,1803.042,0.1341
mixed,64,48,0.75,4.0,256,512,128,512,416,1332.359,1481.669,1356.619,0.1625
mixed,64,48,0.75,4.0,256,512,256,1024,832,1962.59,2254.518,1991.933,0.1005
mixed,64,48,0.75,4.0,256,1024,128,512,416,1528.004,1683.362,1544.453,0.1059
mixed,64,48,0.75,4.0,256,1024,256,1024,832,2161.242,2453.684,2203.354,0.144
mixed,64,48,0.75,4.0,512,0,128,512,416,1216.555,1366.952,1240.811,0.1613
mixed,64,48,0.75,4.0,512,0,256,1024,832,1846.147,2140.123,1890.848,0.1521
mixed,64,48,0.75,4.0,512,512,128,512,416,1628.358,1780.706,1660.547,0.2113
mixed,64,48,0.75,4.0,512,512,256,1024,832,2262.746,2558.866,2309.175,0.1568
mixed,64,48,0.75,4.0,512,1024,128,512,416,2021.468,2170.17,2037.821,0.11
mixed,64,48,0.75,4.0,512,1024,256,1024,832,2654.355,2949.197,2695.153,0.1384
mixed,64,48,0.75,4.0,1024,0,128,512,416,2003.584,2153.467,2029.278,0.1714
mixed,64,48,0.75,4.0,1024,0,256,1024,832,2635.637,2927.183,2682.707,0.1614
mixed,64,48,0.75,4.0,1024,512,128,512,416,2850.8,2997.196,2872.018,0.1449
mixed,64,48,0.75,4.0,1024,512,256,1024,832,3484.741,3776.64,3526.404,0.1427
pure,64,58,0.9062,4.0,0,0,128,512,476,801.233,895.12,839.985,0.4128
pure,64,58,0.9062,4.0,0,0,256,1024,952,1526.374,1666.629,1586.244,0.4269
mixed,64,58,0.9062,4.0,16,0,128,512,476,831.985,927.055,867.282,0.3713
mixed,64,58,0.9062,4.0,16,0,256,1024,952,1557.96,1694.884,1608.803,0.3713
mixed,64,58,0.9062,4.0,16,512,128,512,476,879.537,970.895,918.383,0.4252
mixed,64,58,0.9062,4.0,16,512,256,1024,952,1609.767,1749.474,1650.53,0.2918
mixed,64,58,0.9062,4.0,16,1024,128,512,476,905.713,995.344,942.577,0.4113
mixed,64,58,0.9062,4.0,16,1024,256,1024,952,1626.917,1771.075,1684.803,0.4015
mixed,64,58,0.9062,4.0,32,0,128,512,476,870.13,960.432,907.089,0.4093
mixed,64,58,0.9062,4.0,32,0,256,1024,952,1597.414,1735.362,1650.791,0.3869
mixed,64,58,0.9062,4.0,32,512,128,512,476,923.282,1016.302,972.081,0.5246
mixed,64,58,0.9062,4.0,32,512,256,1024,952,1649.988,1794.114,1709.058,0.4098
mixed,64,58,0.9062,4.0,32,1024,128,512,476,994.353,1091.535,1041.101,0.481
mixed,64,58,0.9062,4.0,32,1024,256,1024,952,1719.651,1863.684,1763.685,0.3057
mixed,64,58,0.9062,4.0,64,0,128,512,476,872.817,964.975,918.996,0.5011
mixed,64,58,0.9062,4.0,64,0,256,1024,952,1597.414,1738.66,1684.135,0.614
mixed,64,58,0.9062,4.0,64,512,128,512,476,1008.367,1099.534,1051.918,0.4777
mixed,64,58,0.9062,4.0,64,512,256,1024,952,1732.933,1875.105,1771.878,0.2739
mixed,64,58,0.9062,4.0,64,1024,128,512,476,1085.58,1180.492,1133.676,0.5067
mixed,64,58,0.9062,4.0,64,1024,256,1024,952,1812.227,1957.024,1886.179,0.5107
mixed,64,58,0.9062,4.0,128,0,128,512,476,896.273,992.432,947.602,0.5338
mixed,64,58,0.9062,4.0,128,0,256,1024,952,1623.048,1765.091,1664.581,0.2924
mixed,64,58,0.9062,4.0,128,512,128,512,476,1134.477,1227.757,1174.192,0.4258
mixed,64,58,0.9062,4.0,128,512,256,1024,952,1860.227,2004.799,1901.411,0.2849
mixed,64,58,0.9062,4.0,128,1024,128,512,476,1234.22,1327.209,1276.045,0.4498
mixed,64,58,0.9062,4.0,128,1024,256,1024,952,1963.811,2107.006,2029.12,0.4561
mixed,64,58,0.9062,4.0,256,0,128,512,476,1186.22,1279.659,1227.404,0.4408
mixed,64,58,0.9062,4.0,256,0,256,1024,952,1914.561,2058.593,1963.49,0.3397
mixed,64,58,0.9062,4.0,256,512,128,512,476,1386.314,1481.45,1428.586,0.4443
mixed,64,58,0.9062,4.0,256,512,256,1024,952,2110.882,2250.046,2158.782,0.3442
mixed,64,58,0.9062,4.0,256,1024,128,512,476,1589.672,1684.774,1624.999,0.3715
mixed,64,58,0.9062,4.0,256,1024,256,1024,952,2312.283,2453.883,2374.904,0.4422
mixed,64,58,0.9062,4.0,512,0,128,512,476,1272.782,1366.827,1314.38,0.4423
mixed,64,58,0.9062,4.0,512,0,256,1024,952,1998.783,2135.358,2082.592,0.6136
mixed,64,58,0.9062,4.0,512,512,128,512,476,1686.792,1782.341,1732.74,0.4809
mixed,64,58,0.9062,4.0,512,512,256,1024,952,2413.145,2555.19,2453.307,0.2827
mixed,64,58,0.9062,4.0,512,1024,128,512,476,2077.505,2172.67,2118.047,0.426
mixed,64,58,0.9062,4.0,512,1024,256,1024,952,2806.166,2948.4,2869.074,0.4423
mixed,64,58,0.9062,4.0,1024,0,128,512,476,2058.145,2150.143,2098.786,0.4418
mixed,64,58,0.9062,4.0,1024,0,256,1024,952,2785.014,2925.331,2872.564,0.6239
mixed,64,58,0.9062,4.0,1024,512,128,512,476,2908.917,3001.714,2948.692,0.4286
mixed,64,58,0.9062,4.0,1024,512,256,1024,952,3637.067,3776.425,3700.937,0.4583
pure,128,1,0.0078,4.0,0,0,128,512,131,569.623,1718.981,614.551,0.0391
pure,128,1,0.0078,4.0,0,0,256,1024,262,954.417,3252.206,1064.334,0.0478
mixed,128,1,0.0078,4.0,16,0,128,512,131,594.295,1743.879,643.736,0.043
mixed,128,1,0.0078,4.0,16,0,256,1024,262,982.224,3272.303,1089.423,0.0468
mixed,128,1,0.0078,4.0,16,512,128,512,131,642.265,1789.221,693.238,0.0444
mixed,128,1,0.0078,4.0,16,512,256,1024,262,1028.624,3320.337,1137.196,0.0474
mixed,128,1,0.0078,4.0,16,1024,128,512,131,660.725,1819.942,713.427,0.0455
mixed,128,1,0.0078,4.0,16,1024,256,1024,262,1048.303,3346.67,1157.777,0.0476
mixed,128,1,0.0078,4.0,32,0,128,512,131,630.037,1792.263,678.999,0.0421
mixed,128,1,0.0078,4.0,32,0,256,1024,262,1018.354,3308.368,1124.049,0.0462
mixed,128,1,0.0078,4.0,32,512,128,512,131,684.373,1838.184,736.855,0.0455
mixed,128,1,0.0078,4.0,32,512,256,1024,262,1071.056,3366.349,1181.198,0.048
mixed,128,1,0.0078,4.0,32,1024,128,512,131,754.548,1904.996,811.476,0.0495
mixed,128,1,0.0078,4.0,32,1024,256,1024,262,1139.44,3444.782,1245.101,0.0458
mixed,128,1,0.0078,4.0,64,0,128,512,131,636.695,1781.67,686.005,0.0431
mixed,128,1,0.0078,4.0,64,0,256,1024,262,1018.672,3318.479,1124.082,0.0458
mixed,128,1,0.0078,4.0,64,512,128,512,131,771.029,1918.021,819.413,0.0422
mixed,128,1,0.0078,4.0,64,512,256,1024,262,1154.545,3454.064,1259.63,0.0457
mixed,128,1,0.0078,4.0,64,1024,128,512,131,849.106,1998.178,899.986,0.0443
mixed,128,1,0.0078,4.0,64,1024,256,1024,262,1232.907,3526.288,1339.052,0.0463
mixed,128,1,0.0078,4.0,128,0,128,512,131,658.005,1804.998,705.748,0.0416
mixed,128,1,0.0078,4.0,128,0,256,1024,262,1039.633,3335.249,1148.466,0.0474
mixed,128,1,0.0078,4.0,128,512,128,512,131,897.01,2048.097,944.689,0.0414
mixed,128,1,0.0078,4.0,128,512,256,1024,262,1287.503,3578.062,1389.868,0.0447
mixed,128,1,0.0078,4.0,128,1024,128,512,131,993.043,2150.687,1044.723,0.0446
mixed,128,1,0.0078,4.0,128,1024,256,1024,262,1382.766,3671.148,1490.701,0.0472
mixed,128,1,0.0078,4.0,256,0,128,512,131,948.019,2096.196,998.483,0.044
mixed,128,1,0.0078,4.0,256,0,256,1024,262,1337.805,3630.189,1439.083,0.0442
mixed,128,1,0.0078,4.0,256,512,128,512,131,1146.609,2298.463,1196.239,0.0431
mixed,128,1,0.0078,4.0,256,512,256,1024,262,1532.426,3828.619,1641.513,0.0475
mixed,128,1,0.0078,4.0,256,1024,128,512,131,1346.635,2502.046,1394.384,0.0413
mixed,128,1,0.0078,4.0,256,1024,256,1024,262,1729.993,4033.932,1843.399,0.0492
mixed,128,1,0.0078,4.0,512,0,128,512,131,1029.873,2179.778,1086.065,0.0489
mixed,128,1,0.0078,4.0,512,0,256,1024,262,1416.334,3718.895,1528.138,0.0486
mixed,128,1,0.0078,4.0,512,512,128,512,131,1448.686,2599.55,1502.283,0.0466
mixed,128,1,0.0078,4.0,512,512,256,1024,262,1834.95,4132.361,1943.336,0.0472
mixed,128,1,0.0078,4.0,512,1024,128,512,131,1843.111,2988.887,1893.223,0.0437
mixed,128,1,0.0078,4.0,512,1024,256,1024,262,2228.258,4521.252,2335.232,0.0467
mixed,128,1,0.0078,4.0,1024,0,128,512,131,1816.778,2967.513,1869.415,0.0457
mixed,128,1,0.0078,4.0,1024,0,256,1024,262,2204.451,4502.405,2316.996,0.049
mixed,128,1,0.0078,4.0,1024,512,128,512,131,2669.085,3820.046,2721.276,0.0453
mixed,128,1,0.0078,4.0,1024,512,256,1024,262,3052.856,5344.283,3166.904,0.0498
pure,128,2,0.0156,4.0,0,0,128,512,134,568.568,1713.802,620.984,0.0458
pure,128,2,0.0156,4.0,0,0,256,1024,268,953.427,3247.863,1066.322,0.0492
mixed,128,2,0.0156,4.0,16,0,128,512,134,596.472,1744.874,652.343,0.0487
mixed,128,2,0.0156,4.0,16,0,256,1024,268,982.258,3272.5,1099.889,0.0514
mixed,128,2,0.0156,4.0,16,512,128,512,134,646.008,1790.825,699.832,0.047
mixed,128,2,0.0156,4.0,16,512,256,1024,268,1029.17,3328.181,1145.074,0.0504
mixed,128,2,0.0156,4.0,16,1024,128,512,134,667.863,1812.97,720.631,0.0461
mixed,128,2,0.0156,4.0,16,1024,256,1024,268,1049.906,3345.046,1160.847,0.0483
mixed,128,2,0.0156,4.0,32,0,128,512,134,633.175,1780.744,689.914,0.0494
mixed,128,2,0.0156,4.0,32,0,256,1024,268,1022.804,3313.462,1134.353,0.0487
mixed,128,2,0.0156,4.0,32,512,128,512,134,685.335,1831.913,740.086,0.0478
mixed,128,2,0.0156,4.0,32,512,256,1024,268,1073.297,3360.728,1195.537,0.0534
mixed,128,2,0.0156,4.0,32,1024,128,512,134,760.022,1903.207,816.247,0.0492
mixed,128,2,0.0156,4.0,32,1024,256,1024,268,1145.714,3435.671,1253.327,0.047
mixed,128,2,0.0156,4.0,64,0,128,512,134,636.44,1784.844,693.016,0.0493
mixed,128,2,0.0156,4.0,64,0,256,1024,268,1022.454,3314.582,1135.828,0.0495
mixed,128,2,0.0156,4.0,64,512,128,512,134,773.205,1915.433,826.067,0.0463
mixed,128,2,0.0156,4.0,64,512,256,1024,268,1154.415,3454.678,1271.792,0.051
mixed,128,2,0.0156,4.0,64,1024,128,512,134,848.373,1992.68,900.535,0.0456
mixed,128,2,0.0156,4.0,64,1024,256,1024,268,1236.882,3528.407,1346.895,0.048
mixed,128,2,0.0156,4.0,128,0,128,512,134,660.633,1806.026,709.656,0.0428
mixed,128,2,0.0156,4.0,128,0,256,1024,268,1043.542,3334.201,1158.323,0.0501
mixed,128,2,0.0156,4.0,128,512,128,512,134,900.179,2048.775,953.877,0.0468
mixed,128,2,0.0156,4.0,128,512,256,1024,268,1288.24,3576.629,1401.361,0.0494
mixed,128,2,0.0156,4.0,128,1024,128,512,134,997.747,2145.766,1051.987,0.0472
mixed,128,2,0.0156,4.0,128,1024,256,1024,268,1382.479,3677.812,1495.727,0.0493
mixed,128,2,0.0156,4.0,256,0,128,512,134,947.988,2096.519,1001.587,0.0467
mixed,128,2,0.0156,4.0,256,0,256,1024,268,1338.929,3629.813,1448.974,0.048
mixed,128,2,0.0156,4.0,256,512,128,512,134,1150.068,2303.493,1201.201,0.0443
mixed,128,2,0.0156,4.0,256,512,256,1024,268,1537.805,3840.242,1648.556,0.0481
mixed,128,2,0.0156,4.0,256,1024,128,512,134,1349.552,2498.018,1400.624,0.0445
mixed,128,2,0.0156,4.0,256,1024,256,1024,268,1737.9,4028.273,1852.491,0.05
mixed,128,2,0.0156,4.0,512,0,128,512,134,1035.028,2186.952,1092.273,0.0497
mixed,128,2,0.0156,4.0,512,0,256,1024,268,1422.19,3713.013,1536.975,0.0501
mixed,128,2,0.0156,4.0,512,512,128,512,134,1453.999,2601.698,1509.006,0.0479
mixed,128,2,0.0156,4.0,512,512,256,1024,268,1840.424,4129.552,1950.314,0.048
mixed,128,2,0.0156,4.0,512,1024,128,512,134,1844.907,2992.764,1896.395,0.0449
mixed,128,2,0.0156,4.0,512,1024,256,1024,268,2233.19,4527.275,2343.685,0.0482
mixed,128,2,0.0156,4.0,1024,0,128,512,134,1823.146,2972.477,1876.908,0.0468
mixed,128,2,0.0156,4.0,1024,0,256,1024,268,2208.389,4493.387,2319.909,0.0488
mixed,128,2,0.0156,4.0,1024,512,128,512,134,2669.473,3822.005,2726.079,0.0491
mixed,128,2,0.0156,4.0,1024,512,256,1024,268,3062.366,5344.42,3172.349,0.0482
pure,128,3,0.0234,4.0,0,0,128,512,137,572.154,1716.94,630.073,0.0506
pure,128,3,0.0234,4.0,0,0,256,1024,274,964.084,3242.746,1075.124,0.0487
mixed,128,3,0.0234,4.0,16,0,128,512,137,597.85,1743.052,655.704,0.0505
mixed,128,3,0.0234,4.0,16,0,256,1024,274,990.228,3274.366,1112.914,0.0537
mixed,128,3,0.0234,4.0,16,512,128,512,137,643.928,1792.844,707.512,0.0553
mixed,128,3,0.0234,4.0,16,512,256,1024,274,1034.323,3323.834,1158.579,0.0543
mixed,128,3,0.0234,4.0,16,1024,128,512,137,665.627,1816.268,730.648,0.0565
mixed,128,3,0.0234,4.0,16,1024,256,1024,274,1059.445,3343.706,1182.002,0.0537
mixed,128,3,0.0234,4.0,32,0,128,512,137,634.586,1781.741,695.768,0.0533
mixed,128,3,0.0234,4.0,32,0,256,1024,274,1024.436,3311.964,1149.043,0.0545
mixed,128,3,0.0234,4.0,32,512,128,512,137,689.978,1837.259,747.543,0.0502
mixed,128,3,0.0234,4.0,32,512,256,1024,274,1082.772,3365.82,1200.945,0.0518
mixed,128,3,0.0234,4.0,32,1024,128,512,137,762.325,1905.644,819.127,0.0497
mixed,128,3,0.0234,4.0,32,1024,256,1024,274,1154.899,3437.625,1281.874,0.0556
mixed,128,3,0.0234,4.0,64,0,128,512,137,636.952,1781.899,696.537,0.052
mixed,128,3,0.0234,4.0,64,0,256,1024,274,1028.565,3314.364,1150.292,0.0533
mixed,128,3,0.0234,4.0,64,512,128,512,137,774.233,1917.29,832.569,0.051
mixed,128,3,0.0234,4.0,64,512,256,1024,274,1161.618,3447.035,1288.272,0.0554
mixed,128,3,0.0234,4.0,64,1024,128,512,137,847.35,1995.914,909.653,0.0542
mixed,128,3,0.0234,4.0,64,1024,256,1024,274,1238.355,3525.434,1358.991,0.0527
mixed,128,3,0.0234,4.0,128,0,128,512,137,660.921,1806.923,717.688,0.0495
mixed,128,3,0.0234,4.0,128,0,256,1024,274,1045.046,3339.26,1171.121,0.055
mixed,128,3,0.0234,4.0,128,512,128,512,137,898.548,2044.105,962.166,0.0555
mixed,128,3,0.0234,4.0,128,512,256,1024,274,1295.923,3577.658,1414.673,0.052
mixed,128,3,0.0234,4.0,128,1024,128,512,137,1001.685,2146.087,1056.79,0.0482
mixed,128,3,0.0234,4.0,128,1024,256,1024,274,1388.179,3675.927,1508.686,0.0527
mixed,128,3,0.0234,4.0,256,0,128,512,137,947.222,2093.194,1005.845,0.0512
mixed,128,3,0.0234,4.0,256,0,256,1024,274,1339.026,3632.888,1459.668,0.0526
mixed,128,3,0.0234,4.0,256,512,128,512,137,1149.332,2299.08,1206.036,0.0493
mixed,128,3,0.0234,4.0,256,512,256,1024,274,1541.905,3830.872,1667.662,0.0549
mixed,128,3,0.0234,4.0,256,1024,128,512,137,1349.747,2499.399,1409.36,0.0519
mixed,128,3,0.0234,4.0,256,1024,256,1024,274,1744.141,4036.821,1865.003,0.0527
mixed,128,3,0.0234,4.0,512,0,128,512,137,1039.285,2187.207,1096.693,0.05
mixed,128,3,0.0234,4.0,512,0,256,1024,274,1428.69,3715.226,1554.319,0.0549
mixed,128,3,0.0234,4.0,512,512,128,512,137,1454.29,2604.165,1512.273,0.0504
mixed,128,3,0.0234,4.0,512,512,256,1024,274,1843.595,4127.702,1968.587,0.0547
mixed,128,3,0.0234,4.0,512,1024,128,512,137,1847.852,2991.074,1903.691,0.0488
mixed,128,3,0.0234,4.0,512,1024,256,1024,274,2236.391,4520.178,2361.128,0.0546
mixed,128,3,0.0234,4.0,1024,0,128,512,137,1819.981,2968.929,1878.188,0.0507
mixed,128,3,0.0234,4.0,1024,0,256,1024,274,2218.73,4505.647,2335.433,0.051
mixed,128,3,0.0234,4.0,1024,512,128,512,137,2673.829,3819.257,2738.915,0.0568
mixed,128,3,0.0234,4.0,1024,512,256,1024,274,3061.57,5349.961,3181.181,0.0523
pure,128,4,0.0312,4.0,0,0,128,512,140,573.947,1712.944,652.345,0.0688
pure,128,4,0.0312,4.0,0,0,256,1024,280,965.623,3242.976,1116.276,0.0662
mixed,128,4,0.0312,4.0,16,0,128,512,140,599.226,1750.127,670.169,0.0616
mixed,128,4,0.0312,4.0,16,0,256,1024,280,990.999,3273.374,1170.196,0.0785
mixed,128,4,0.0312,4.0,16,512,128,512,140,646.873,1788.716,720.218,0.0642
mixed,128,4,0.0312,4.0,16,512,256,1024,280,1038.197,3321.311,1216.24,0.078
mixed,128,4,0.0312,4.0,16,1024,128,512,140,671.512,1814.896,739.96,0.0599
mixed,128,4,0.0312,4.0,16,1024,256,1024,280,1061.943,3344.702,1210.419,0.065
mixed,128,4,0.0312,4.0,32,0,128,512,140,637.274,1783.086,708.634,0.0623
mixed,128,4,0.0312,4.0,32,0,256,1024,280,1029.747,3315.135,1203.924,0.0762
mixed,128,4,0.0312,4.0,32,512,128,512,140,688.728,1834.031,759.352,0.0617
mixed,128,4,0.0312,4.0,32,512,256,1024,280,1083.573,3365.471,1231.283,0.0647
mixed,128,4,0.0312,4.0,32,1024,128,512,140,761.751,1901.805,831.96,0.0616
mixed,128,4,0.0312,4.0,32,1024,256,1024,280,1153.268,3434.333,1303.764,0.066
mixed,128,4,0.0312,4.0,64,0,128,512,140,642.107,1784.335,710.01,0.0594
mixed,128,4,0.0312,4.0,64,0,256,1024,280,1027.318,3314.144,1206.133,0.0782
mixed,128,4,0.0312,4.0,64,512,128,512,140,776.056,1917.229,845.88,0.0612
mixed,128,4,0.0312,4.0,64,512,256,1024,280,1170.74,3452.861,1315.732,0.0635
mixed,128,4,0.0312,4.0,64,1024,128,512,140,851.894,1996.557,919.286,0.0589
mixed,128,4,0.0312,4.0,64,1024,256,1024,280,1248.373,3530.14,1391.251,0.0626
mixed,128,4,0.0312,4.0,128,0,128,512,140,661.69,1805.488,730.457,0.0601
mixed,128,4,0.0312,4.0,128,0,256,1024,280,1050.102,3344.479,1205.427,0.0677
mixed,128,4,0.0312,4.0,128,512,128,512,140,898.167,2045.355,963.224,0.0567
mixed,128,4,0.0312,4.0,128,512,256,1024,280,1297.043,3581.629,1476.562,0.0786
mixed,128,4,0.0312,4.0,128,1024,128,512,140,999.959,2146.699,1069.463,0.0606
mixed,128,4,0.0312,4.0,128,1024,256,1024,280,1392.528,3680.83,1563.155,0.0746
mixed,128,4,0.0312,4.0,256,0,128,512,140,953.079,2093.998,1015.703,0.0549
mixed,128,4,0.0312,4.0,256,0,256,1024,280,1344.787,3625.757,1495.475,0.0661
mixed,128,4,0.0312,4.0,256,512,128,512,140,1154.677,2296.651,1214.677,0.0525
mixed,128,4,0.0312,4.0,256,512,256,1024,280,1547.634,3830.268,1702.609,0.0679
mixed,128,4,0.0312,4.0,256,1024,128,512,140,1352.242,2501.255,1416.274,0.0557
mixed,128,4,0.0312,4.0,256,1024,256,1024,280,1743.343,4036.987,1887.533,0.0629
mixed,128,4,0.0312,4.0,512,0,128,512,140,1044.117,2181.291,1101.333,0.0503
mixed,128,4,0.0312,4.0,512,0,256,1024,280,1431.092,3712.285,1580.241,0.0654
mixed,128,4,0.0312,4.0,512,512,128,512,140,1460.466,2598.25,1523.667,0.0555
mixed,128,4,0.0312,4.0,512,512,256,1024,280,1846.063,4131.385,2027.918,0.0796
mixed,128,4,0.0312,4.0,512,1024,128,512,140,1845.039,2993.958,1917.932,0.0634
mixed,128,4,0.0312,4.0,512,1024,256,1024,280,2239.147,4523.893,2417.964,0.0783
mixed,128,4,0.0312,4.0,1024,0,128,512,140,1826.158,2964.707,1891.534,0.0574
mixed,128,4,0.0312,4.0,1024,0,256,1024,280,2224.46,4506.774,2367.403,0.0626
mixed,128,4,0.0312,4.0,1024,512,128,512,140,2675.751,3818.27,2743.045,0.0589
mixed,128,4,0.0312,4.0,1024,512,256,1024,280,3074.276,5347.792,3219.074,0.0637
pure,128,8,0.0625,4.0,0,0,128,512,152,579.324,1713.774,668.057,0.0782
pure,128,8,0.0625,4.0,0,0,256,1024,304,1054.517,3246.337,1155.672,0.0462
mixed,128,8,0.0625,4.0,16,0,128,512,152,607.002,1745.935,693.818,0.0762
mixed,128,8,0.0625,4.0,16,0,256,1024,304,1081.717,3276.834,1184.181,0.0467
mixed,128,8,0.0625,4.0,16,512,128,512,152,654.49,1791.728,743.45,0.0782
mixed,128,8,0.0625,4.0,16,512,256,1024,304,1133.943,3328.034,1228.084,0.0429
mixed,128,8,0.0625,4.0,16,1024,128,512,152,676.859,1808.273,765.432,0.0783
mixed,128,8,0.0625,4.0,16,1024,256,1024,304,1148.374,3343.362,1247.539,0.0452
mixed,128,8,0.0625,4.0,32,0,128,512,152,644.312,1782.833,731.482,0.0766
mixed,128,8,0.0625,4.0,32,0,256,1024,304,1118.422,3315.426,1217.142,0.0449
mixed,128,8,0.0625,4.0,32,512,128,512,152,699.162,1830.545,785.913,0.0767
mixed,128,8,0.0625,4.0,32,512,256,1024,304,1174.71,3366.019,1272.693,0.0447
mixed,128,8,0.0625,4.0,32,1024,128,512,152,770.55,1909.552,856.983,0.0759
mixed,128,8,0.0625,4.0,32,1024,256,1024,304,1243.794,3438.594,1344.951,0.0461
mixed,128,8,0.0625,4.0,64,0,128,512,152,646.458,1776.849,732.953,0.0765
mixed,128,8,0.0625,4.0,64,0,256,1024,304,1120.309,3317.697,1221.431,0.046
mixed,128,8,0.0625,4.0,64,512,128,512,152,783.096,1919.055,870.2,0.0767
mixed,128,8,0.0625,4.0,64,512,256,1024,304,1256.116,3452.095,1355.892,0.0454
mixed,128,8,0.0625,4.0,64,1024,128,512,152,858.744,1997.487,944.983,0.0757
mixed,128,8,0.0625,4.0,64,1024,256,1024,304,1335.316,3528.383,1434.835,0.0454
mixed,128,8,0.0625,4.0,128,0,128,512,152,667.385,1802.224,751.099,0.0738
mixed,128,8,0.0625,4.0,128,0,256,1024,304,1142.263,3334.723,1243.189,0.046
mixed,128,8,0.0625,4.0,128,512,128,512,152,907.895,2046.543,995.8,0.0772
mixed,128,8,0.0625,4.0,128,512,256,1024,304,1385.172,3571.748,1484.946,0.0456
mixed,128,8,0.0625,4.0,128,1024,128,512,152,1006.711,2143.982,1095.38,0.078
mixed,128,8,0.0625,4.0,128,1024,256,1024,304,1481.427,3684.578,1578.641,0.0441
mixed,128,8,0.0625,4.0,256,0,128,512,152,961.623,2094.702,1039.989,0.0692
mixed,128,8,0.0625,4.0,256,0,256,1024,304,1430.067,3632.672,1535.795,0.048
mixed,128,8,0.0625,4.0,256,512,128,512,152,1161.846,2298.412,1245.718,0.0738
mixed,128,8,0.0625,4.0,256,512,256,1024,304,1634.613,3829.438,1734.257,0.0454
mixed,128,8,0.0625,4.0,256,1024,128,512,152,1361.301,2501.674,1444.245,0.0727
mixed,128,8,0.0625,4.0,256,1024,256,1024,304,1835.474,4032.125,1935.791,0.0457
mixed,128,8,0.0625,4.0,512,0,128,512,152,1045.366,2189.261,1129.526,0.0736
mixed,128,8,0.0625,4.0,512,0,256,1024,304,1520.723,3713.312,1622.098,0.0462
mixed,128,8,0.0625,4.0,512,512,128,512,152,1464.147,2599.435,1547.955,0.0738
mixed,128,8,0.0625,4.0,512,512,256,1024,304,1937.87,4131.293,2040.046,0.0466
mixed,128,8,0.0625,4.0,512,1024,128,512,152,1854.546,2992.935,1940.592,0.0756
mixed,128,8,0.0625,4.0,512,1024,256,1024,304,2329.003,4516.922,2428.332,0.0454
mixed,128,8,0.0625,4.0,1024,0,128,512,152,1834.993,2970.215,1916.754,0.072
mixed,128,8,0.0625,4.0,1024,0,256,1024,304,2310.348,4498.235,2405.26,0.0434
mixed,128,8,0.0625,4.0,1024,512,128,512,152,2680.907,3816.702,2770.376,0.0788
mixed,128,8,0.0625,4.0,1024,512,256,1024,304,3155.27,5349.299,3256.612,0.0462
pure,128,16,0.125,4.0,0,0,128,512,176,672.698,1710.515,736.919,0.0619
pure,128,16,0.125,4.0,0,0,256,1024,352,1235.86,3245.317,1284.375,0.0241
mixed,128,16,0.125,4.0,16,0,128,512,176,699.739,1744.048,762.97,0.0605
mixed,128,16,0.125,4.0,16,0,256,1024,352,1263.411,3276.007,1312.309,0.0243
mixed,128,16,0.125,4.0,16,512,128,512,176,748.281,1790.612,811.001,0.0602
mixed,128,16,0.125,4.0,16,512,256,1024,352,1312.946,3326.243,1359.699,0.0232
mixed,128,16,0.125,4.0,16,1024,128,512,176,769.145,1812.69,829.785,0.0581
mixed,128,16,0.125,4.0,16,1024,256,1024,352,1333.814,3343.014,1381.332,0.0237
mixed,128,16,0.125,4.0,32,0,128,512,176,740.059,1778.61,799.419,0.0572
mixed,128,16,0.125,4.0,32,0,256,1024,352,1300.534,3309.284,1351.83,0.0255
mixed,128,16,0.125,4.0,32,512,128,512,176,792.954,1834.769,851.642,0.0563
mixed,128,16,0.125,4.0,32,512,256,1024,352,1353.653,3366.979,1401.715,0.0239
mixed,128,16,0.125,4.0,32,1024,128,512,176,863.672,1909.905,925.015,0.0586
mixed,128,16,0.125,4.0,32,1024,256,1024,352,1424.596,3434.053,1473.747,0.0245
mixed,128,16,0.125,4.0,64,0,128,512,176,738.906,1784.05,803.674,0.062
mixed,128,16,0.125,4.0,64,0,256,1024,352,1299.159,3318.757,1347.316,0.0238
mixed,128,16,0.125,4.0,64,512,128,512,176,876.793,1917.232,939.352,0.0601
mixed,128,16,0.125,4.0,64,512,256,1024,352,1437.044,3446.405,1488.5,0.0256
mixed,128,16,0.125,4.0,64,1024,128,512,176,951.415,1995.408,1014.776,0.0607
mixed,128,16,0.125,4.0,64,1024,256,1024,352,1511.923,3536.353,1558.804,0.0232
mixed,128,16,0.125,4.0,128,0,128,512,176,759.384,1803.154,819.995,0.0581
mixed,128,16,0.125,4.0,128,0,256,1024,352,1323.573,3332.358,1373.14,0.0247
mixed,128,16,0.125,4.0,128,512,128,512,176,1000.632,2043.76,1063.191,0.06
mixed,128,16,0.125,4.0,128,512,256,1024,352,1567.829,3579.235,1607.06,0.0195
mixed,128,16,0.125,4.0,128,1024,128,512,176,1105.208,2145.965,1164.887,0.0573
mixed,128,16,0.125,4.0,128,1024,256,1024,352,1665.586,3676.707,1704.626,0.0194
mixed,128,16,0.125,4.0,256,0,128,512,176,1053.178,2095.376,1114.038,0.0584
mixed,128,16,0.125,4.0,256,0,256,1024,352,1614.869,3625.828,1662.932,0.0239
mixed,128,16,0.125,4.0,256,512,128,512,176,1253.143,2302.19,1317.078,0.0609
mixed,128,16,0.125,4.0,256,512,256,1024,352,1819.057,3833.027,1856.594,0.0186
mixed,128,16,0.125,4.0,256,1024,128,512,176,1455.219,2498.538,1520.148,0.0622
mixed,128,16,0.125,4.0,256,1024,256,1024,352,2017.967,4032.161,2061.36,0.0215
mixed,128,16,0.125,4.0,512,0,128,512,176,1138.933,2181.583,1199.927,0.0585
mixed,128,16,0.125,4.0,512,0,256,1024,352,1701.33,3716.259,1752.529,0.0254
mixed,128,16,0.125,4.0,512,512,128,512,176,1555.444,2596.139,1622.29,0.0642
mixed,128,16,0.125,4.0,512,512,256,1024,352,2117.936,4136.769,2164.208,0.0229
mixed,128,16,0.125,4.0,512,1024,128,512,176,1945.906,2992.235,2012.72,0.0639
mixed,128,16,0.125,4.0,512,1024,256,1024,352,2509.74,4524.508,2558.058,0.024
mixed,128,16,0.125,4.0,1024,0,128,512,176,1928.657,2971.339,1984.688,0.0537
mixed,128,16,0.125,4.0,1024,0,256,1024,352,2488.846,4504.892,2540.524,0.0256
mixed,128,16,0.125,4.0,1024,512,128,512,176,2775.563,3822.979,2838.857,0.0604
mixed,128,16,0.125,4.0,1024,512,256,1024,352,3340.452,5347.222,3385.253,0.0223
pure,128,32,0.25,4.0,0,0,128,512,224,849.303,1716.434,890.362,0.0474
pure,128,32,0.25,4.0,0,0,256,1024,448,1520.244,3247.944,1574.419,0.0314
mixed,128,32,0.25,4.0,16,0,128,512,224,879.032,1746.259,911.93,0.0379
mixed,128,32,0.25,4.0,16,0,256,1024,448,1547.732,3269.032,1586.005,0.0222
mixed,128,32,0.25,4.0,16,512,128,512,224,931.898,1789.684,953.306,0.025
mixed,128,32,0.25,4.0,16,512,256,1024,448,1597.365,3319.748,1650.645,0.0309
mixed,128,32,0.25,4.0,16,1024,128,512,224,948.441,1809.169,983.991,0.0413
mixed,128,32,0.25,4.0,16,1024,256,1024,448,1620.149,3341.958,1682.387,0.0361
mixed,128,32,0.25,4.0,32,0,128,512,224,918.775,1780.242,950.491,0.0368
mixed,128,32,0.25,4.0,32,0,256,1024,448,1582.324,3309.22,1637.362,0.0319
mixed,128,32,0.25,4.0,32,512,128,512,224,969.557,1832.754,1005.272,0.0414
mixed,128,32,0.25,4.0,32,512,256,1024,448,1640.148,3368.36,1695.509,0.032
mixed,128,32,0.25,4.0,32,1024,128,512,224,1041.08,1907.411,1069.815,0.0332
mixed,128,32,0.25,4.0,32,1024,256,1024,448,1716.753,3439.048,1757.076,0.0234
mixed,128,32,0.25,4.0,64,0,128,512,224,918.009,1786.323,938.297,0.0234
mixed,128,32,0.25,4.0,64,0,256,1024,448,1594.452,3309.094,1653.299,0.0343
mixed,128,32,0.25,4.0,64,512,128,512,224,1053.655,1918.899,1085.238,0.0365
mixed,128,32,0.25,4.0,64,512,256,1024,448,1726.357,3461.927,1771.442,0.026
mixed,128,32,0.25,4.0,64,1024,128,512,224,1133.656,1996.275,1163.159,0.0342
mixed,128,32,0.25,4.0,64,1024,256,1024,448,1801.425,3527.816,1860.048,0.034
mixed,128,32,0.25,4.0,128,0,128,512,224,938.744,1804.019,972.056,0.0385
mixed,128,32,0.25,4.0,128,0,256,1024,448,1610.1,3335.304,1665.363,0.032
mixed,128,32,0.25,4.0,128,512,128,512,224,1182.712,2044.942,1211.607,0.0335
mixed,128,32,0.25,4.0,128,512,256,1024,448,1855.314,3583.749,1912.116,0.0329
mixed,128,32,0.25,4.0,128,1024,128,512,224,1282.231,2144.209,1311.222,0.0336
mixed,128,32,0.25,4.0,128,1024,256,1024,448,1951.407,3680.964,2000.146,0.0282
mixed,128,32,0.25,4.0,256,0,128,512,224,1228.088,2099.12,1258.645,0.0351
mixed,128,32,0.25,4.0,256,0,256,1024,448,1904.914,3634.693,1952.273,0.0274
mixed,128,32,0.25,4.0,256,512,128,512,224,1435.286,2304.592,1451.413,0.0186
mixed,128,32,0.25,4.0,256,512,256,1024,448,2107.377,3829.701,2144.368,0.0215
mixed,128,32,0.25,4.0,256,1024,128,512,224,1631.026,2501.262,1662.996,0.0367
mixed,128,32,0.25,4.0,256,1024,256,1024,448,2305.454,4032.705,2361.262,0.0323
mixed,128,32,0.25,4.0,512,0,128,512,224,1317.814,2185.393,1342.743,0.0287
mixed,128,32,0.25,4.0,512,0,256,1024,448,1990.993,3713.955,2051.762,0.0353
mixed,128,32,0.25,4.0,512,512,128,512,224,1737.138,2598.542,1768.82,0.0368
mixed,128,32,0.25,4.0,512,512,256,1024,448,2410.093,4130.082,2455.629,0.0265
mixed,128,32,0.25,4.0,512,1024,128,512,224,2127.728,2993.61,2148.753,0.0243
mixed,128,32,0.25,4.0,512,1024,256,1024,448,2802.155,4519.839,2847.788,0.0266
mixed,128,32,0.25,4.0,1024,0,128,512,224,2100.753,2970.315,2132.658,0.0367
mixed,128,32,0.25,4.0,1024,0,256,1024,448,2782.091,4496.64,2819.595,0.0219
mixed,128,32,0.25,4.0,1024,512,128,512,224,2954.634,3826.884,2970.248,0.0179
mixed,128,32,0.25,4.0,1024,512,256,1024,448,3624.742,5348.632,3684.837,0.0349
pure,128,64,0.5,4.0,0,0,128,512,320,1136.759,1715.668,1138.968,0.0038
pure,128,64,0.5,4.0,0,0,256,1024,640,2102.032,3251.622,2078.386,-0.0206
mixed,128,64,0.5,4.0,16,0,128,512,320,1166.84,1743.188,1161.016,-0.0101
mixed,128,64,0.5,4.0,16,0,256,1024,640,2124.913,3280.519,2105.137,-0.0171
mixed,128,64,0.5,4.0,16,512,128,512,320,1222.423,1792.948,1213.783,-0.0151
mixed,128,64,0.5,4.0,16,512,256,1024,640,2173.232,3316.101,2151.759,-0.0188
mixed,128,64,0.5,4.0,16,1024,128,512,320,1234.746,1815.603,1233.912,-0.0014
mixed,128,64,0.5,4.0,16,1024,256,1024,640,2187.827,3340.552,2176.049,-0.0102
mixed,128,64,0.5,4.0,32,0,128,512,320,1204.696,1778.419,1196.506,-0.0143
mixed,128,64,0.5,4.0,32,0,256,1024,640,2157.391,3310.312,2138.609,-0.0163
mixed,128,64,0.5,4.0,32,512,128,512,320,1259.862,1831.669,1253.333,-0.0114
mixed,128,64,0.5,4.0,32,512,256,1024,640,2213.041,3370.025,2195.153,-0.0155
mixed,128,64,0.5,4.0,32,1024,128,512,320,1334.008,1905.65,1323.576,-0.0182
mixed,128,64,0.5,4.0,32,1024,256,1024,640,2288.592,3439.878,2266.191,-0.0195
mixed,128,64,0.5,4.0,64,0,128,512,320,1208.023,1792.308,1200.12,-0.0135
mixed,128,64,0.5,4.0,64,0,256,1024,640,2162.161,3313.224,2147.184,-0.013
mixed,128,64,0.5,4.0,64,512,128,512,320,1345.784,1919.376,1336.309,-0.0165
mixed,128,64,0.5,4.0,64,512,256,1024,640,2302.288,3454.344,2285.49,-0.0146
mixed,128,64,0.5,4.0,64,1024,128,512,320,1418.261,1995.346,1416.245,-0.0035
mixed,128,64,0.5,4.0,64,1024,256,1024,640,2376.976,3525.798,2354.222,-0.0198
mixed,128,64,0.5,4.0,128,0,128,512,320,1229.975,1807.507,1220.985,-0.0156
mixed,128,64,0.5,4.0,128,0,256,1024,640,2181.296,3334.952,2166.8,-0.0126
mixed,128,64,0.5,4.0,128,512,128,512,320,1471.446,2045.65,1457.428,-0.0244
mixed,128,64,0.5,4.0,128,512,256,1024,640,2429.326,3573.222,2408.783,-0.018
mixed,128,64,0.5,4.0,128,1024,128,512,320,1569.685,2146.225,1562.612,-0.0123
mixed,128,64,0.5,4.0,128,1024,256,1024,640,2526.318,3674.982,2510.799,-0.0135
mixed,128,64,0.5,4.0,256,0,128,512,320,1521.205,2099.57,1510.712,-0.0181
mixed,128,64,0.5,4.0,256,0,256,1024,640,2479.247,3629.032,2451.214,-0.0244
mixed,128,64,0.5,4.0,256,512,128,512,320,1722.228,2299.024,1713.235,-0.0156
mixed,128,64,0.5,4.0,256,512,256,1024,640,2687.342,3832.327,2652.398,-0.0305
mixed,128,64,0.5,4.0,256,1024,128,512,320,1924.147,2502.766,1914.067,-0.0174
mixed,128,64,0.5,4.0,256,1024,256,1024,640,2877.964,4027.588,2854.093,-0.0208
mixed,128,64,0.5,4.0,512,0,128,512,320,1604.981,2180.465,1597.751,-0.0126
mixed,128,64,0.5,4.0,512,0,256,1024,640,2564.72,3712.007,2543.502,-0.0185
mixed,128,64,0.5,4.0,512,512,128,512,320,2021.332,2603.665,2021.939,0.001
mixed,128,64,0.5,4.0,512,512,256,1024,640,2977.771,4134.148,2958.126,-0.017
mixed,128,64,0.5,4.0,512,1024,128,512,320,2419.311,2993.258,2409.616,-0.0169
mixed,128,64,0.5,4.0,512,1024,256,1024,640,3371.209,4516.033,3346.795,-0.0213
mixed,128,64,0.5,4.0,1024,0,128,512,320,2393.36,2970.157,2383.631,-0.0169
mixed,128,64,0.5,4.0,1024,0,256,1024,640,3346.601,4498.562,3327.72,-0.0164
mixed,128,64,0.5,4.0,1024,512,128,512,320,3242.921,3816.71,3237.545,-0.0094
mixed,128,64,0.5,4.0,1024,512,256,1024,640,4199.268,5356.957,4178.562,-0.0179
pure,128,96,0.75,4.0,0,0,128,512,416,1425.335,1719.253,1405.493,-0.0675
pure,128,96,0.75,4.0,0,0,256,1024,832,2671.759,3245.323,2632.43,-0.0686
mixed,128,96,0.75,4.0,16,0,128,512,416,1455.831,1739.347,1434.487,-0.0753
mixed,128,96,0.75,4.0,16,0,256,1024,832,2700.814,3273.067,2661.964,-0.0679
mixed,128,96,0.75,4.0,16,512,128,512,416,1499.351,1790.161,1484.212,-0.0521
mixed,128,96,0.75,4.0,16,512,256,1024,832,2747.469,3317.514,2713.902,-0.0589
mixed,128,96,0.75,4.0,16,1024,128,512,416,1522.868,1811.798,1504.725,-0.0628
mixed,128,96,0.75,4.0,16,1024,256,1024,832,2773.101,3346.438,2730.476,-0.0743
mixed,128,96,0.75,4.0,32,0,128,512,416,1490.037,1779.86,1476.118,-0.048
mixed,128,96,0.75,4.0,32,0,256,1024,832,2742.126,3318.122,2696.974,-0.0784
mixed,128,96,0.75,4.0,32,512,128,512,416,1545.43,1831.315,1529.813,-0.0546
mixed,128,96,0.75,4.0,32,512,256,1024,832,2791.277,3366.955,2748.237,-0.0748
mixed,128,96,0.75,4.0,32,1024,128,512,416,1617.847,1903.985,1599.028,-0.0658
mixed,128,96,0.75,4.0,32,1024,256,1024,832,2865.643,3434.824,2822.763,-0.0753
mixed,128,96,0.75,4.0,64,0,128,512,416,1494.774,1785.075,1471.863,-0.0789
mixed,128,96,0.75,4.0,64,0,256,1024,832,2737.231,3312.426,2699.055,-0.0664
mixed,128,96,0.75,4.0,64,512,128,512,416,1624.98,1916.566,1610.327,-0.0503
mixed,128,96,0.75,4.0,64,512,256,1024,832,2877.294,3455.016,2835.499,-0.0723
mixed,128,96,0.75,4.0,64,1024,128,512,416,1706.261,1992.756,1696.754,-0.0332
mixed,128,96,0.75,4.0,64,1024,256,1024,832,2946.635,3524.871,2913.932,-0.0566
mixed,128,96,0.75,4.0,128,0,128,512,416,1514.359,1799.188,1494.229,-0.0707
mixed,128,96,0.75,4.0,128,0,256,1024,832,2752.845,3342.634,2721.645,-0.0529
mixed,128,96,0.75,4.0,128,512,128,512,416,1755.828,2045.074,1738.835,-0.0587
mixed,128,96,0.75,4.0,128,512,256,1024,832,3001.134,3572.873,2965.549,-0.0622
mixed,128,96,0.75,4.0,128,1024,128,512,416,1858.259,2146.832,1840.437,-0.0618
mixed,128,96,0.75,4.0,128,1024,256,1024,832,3095.629,3675.72,3073.194,-0.0387
mixed,128,96,0.75,4.0,256,0,128,512,416,1805.366,2097.3,1793.78,-0.0397
mixed,128,96,0.75,4.0,256,0,256,1024,832,3052.427,3628.458,3013.488,-0.0676
mixed,128,96,0.75,4.0,256,512,128,512,416,2018.867,2297.363,1989.17,-0.1066
mixed,128,96,0.75,4.0,256,512,256,1024,832,3254.701,3825.513,3216.939,-0.0662
mixed,128,96,0.75,4.0,256,1024,128,512,416,2210.385,2495.248,2188.083,-0.0783
mixed,128,96,0.75,4.0,256,1024,256,1024,832,3457.771,4028.937,3407.754,-0.0876
mixed,128,96,0.75,4.0,512,0,128,512,416,1891.347,2184.849,1874.548,-0.0572
mixed,128,96,0.75,4.0,512,0,256,1024,832,3132.779,3706.503,3106.059,-0.0466
mixed,128,96,0.75,4.0,512,512,128,512,416,2308.335,2599.182,2287.567,-0.0714
mixed,128,96,0.75,4.0,512,512,256,1024,832,3552.97,4131.078,3517.513,-0.0613
mixed,128,96,0.75,4.0,512,1024,128,512,416,2700.207,2993.165,2687.695,-0.0427
mixed,128,96,0.75,4.0,512,1024,256,1024,832,3945.541,4523.717,3909.511,-0.0623
mixed,128,96,0.75,4.0,1024,0,128,512,416,2676.845,2969.005,2661.39,-0.0529
mixed,128,96,0.75,4.0,1024,0,256,1024,832,3923.049,4500.61,3886.151,-0.0639
mixed,128,96,0.75,4.0,1024,512,128,512,416,3531.018,3819.752,3512.682,-0.0635
mixed,128,96,0.75,4.0,1024,512,256,1024,832,4774.398,5344.059,4737.793,-0.0643
pure,128,115,0.8984,4.0,0,0,128,512,473,1539.156,1714.037,1562.326,0.1325
pure,128,115,0.8984,4.0,0,0,256,1024,946,2973.546,3237.386,2945.676,-0.1056
mixed,128,115,0.8984,4.0,16,0,128,512,473,1569.811,1742.74,1594.998,0.1456
mixed,128,115,0.8984,4.0,16,0,256,1024,946,2996.172,3276.299,2972.142,-0.0858
mixed,128,115,0.8984,4.0,16,512,128,512,473,1613.782,1797.077,1640.468,0.1456
mixed,128,115,0.8984,4.0,16,512,256,1024,946,3043.789,3321.869,3021.774,-0.0792
mixed,128,115,0.8984,4.0,16,1024,128,512,473,1631.606,1810.167,1665.398,0.1892
mixed,128,115,0.8984,4.0,16,1024,256,1024,946,3065.866,3341.354,3051.82,-0.051
mixed,128,115,0.8984,4.0,32,0,128,512,473,1608.437,1780.309,1629.911,0.1249
mixed,128,115,0.8984,4.0,32,0,256,1024,946,3031.628,3306.122,3008.717,-0.0835
mixed,128,115,0.8984,4.0,32,512,128,512,473,1656.693,1833.267,1691.027,0.1944
mixed,128,115,0.8984,4.0,32,512,256,1024,946,3086.665,3363.242,3060.171,-0.0958
mixed,128,115,0.8984,4.0,32,1024,128,512,473,1731.317,1912.406,1755.798,0.1352
mixed,128,115,0.8984,4.0,32,1024,256,1024,946,3165.995,3432.01,3137.067,-0.1087
mixed,128,115,0.8984,4.0,64,0,128,512,473,1607.544,1777.907,1626.839,0.1133
mixed,128,115,0.8984,4.0,64,0,256,1024,946,3038.092,3314.088,3006.763,-0.1135
mixed,128,115,0.8984,4.0,64,512,128,512,473,1743.637,1919.51,1785.237,0.2365
mixed,128,115,0.8984,4.0,64,512,256,1024,946,3178.667,3455.029,3144.253,-0.1245
mixed,128,115,0.8984,4.0,64,1024,128,512,473,1820.568,1999.634,1844.408,0.1331
mixed,128,115,0.8984,4.0,64,1024,256,1024,946,3248.6,3528.02,3223.674,-0.0892
mixed,128,115,0.8984,4.0,128,0,128,512,473,1621.472,1799.226,1652.958,0.1771
mixed,128,115,0.8984,4.0,128,0,256,1024,946,3054.078,3333.304,3030.045,-0.0861
mixed,128,115,0.8984,4.0,128,512,128,512,473,1868.726,2045.461,1891.318,0.1278
mixed,128,115,0.8984,4.0,128,512,256,1024,946,3295.804,3575.287,3277.083,-0.067
mixed,128,115,0.8984,4.0,128,1024,128,512,473,1969.91,2144.53,1997.333,0.157
mixed,128,115,0.8984,4.0,128,1024,256,1024,946,3398.776,3672.784,3373.017,-0.094
mixed,128,115,0.8984,4.0,256,0,128,512,473,1920.056,2096.918,1942.326,0.1259
mixed,128,115,0.8984,4.0,256,0,256,1024,946,3345.496,3623.156,3320.504,-0.09
mixed,128,115,0.8984,4.0,256,512,128,512,473,2121.716,2303.6,2148.275,0.146
mixed,128,115,0.8984,4.0,256,512,256,1024,946,3556.311,3832.944,3522.229,-0.1232
mixed,128,115,0.8984,4.0,256,1024,128,512,473,2319.504,2508.81,2344.624,0.1327
mixed,128,115,0.8984,4.0,256,1024,256,1024,946,3753.875,4023.915,3721.429,-0.1202
mixed,128,115,0.8984,4.0,512,0,128,512,473,2008.182,2185.49,2025.976,0.1004
mixed,128,115,0.8984,4.0,512,0,256,1024,946,3434.011,3708.948,3414.491,-0.071
mixed,128,115,0.8984,4.0,512,512,128,512,473,2422.446,2601.675,2447.5,0.1398
mixed,128,115,0.8984,4.0,512,512,256,1024,946,3849.936,4128.906,3825.682,-0.0869
mixed,128,115,0.8984,4.0,512,1024,128,512,473,2813.798,2995.107,2843.142,0.1618
mixed,128,115,0.8984,4.0,512,1024,256,1024,946,4241.802,4519.109,4218.284,-0.0848
mixed,128,115,0.8984,4.0,1024,0,128,512,473,2792.552,2962.692,2820.871,0.1664
mixed,128,115,0.8984,4.0,1024,0,256,1024,946,4222.347,4494.052,4192.526,-0.1098
mixed,128,115,0.8984,4.0,1024,512,128,512,473,3639.482,3818.033,3663.67,0.1355
mixed,128,115,0.8984,4.0,1024,512,256,1024,946,5073.206,5348.981,5041.787,-0.1139
pure,256,1,0.0039,4.0,0,0,128,512,129,1089.803,3288.927,1093.803,0.0018
pure,256,1,0.0039,4.0,0,0,256,1024,259,1806.268,6255.044,1844.123,0.0085
pure,256,2,0.0078,4.0,0,0,128,512,131,1090.985,3287.807,1102.667,0.0053
pure,256,2,0.0078,4.0,0,0,256,1024,262,1814.109,6243.4,1863.579,0.0112
pure,256,3,0.0117,4.0,0,0,128,512,132,1089.61,3287.202,1112.202,0.0103
pure,256,3,0.0117,4.0,0,0,256,1024,265,1818.078,6253.033,1876.893,0.0133
pure,256,4,0.0156,4.0,0,0,128,512,134,1092.139,3292.29,1118.25,0.0119
pure,256,4,0.0156,4.0,0,0,256,1024,268,1820.958,6246.537,1890.075,0.0156
pure,256,16,0.0625,4.0,0,0,128,512,152,1114.762,3291.361,1206.889,0.0423
pure,256,16,0.0625,4.0,0,0,256,1024,304,2014.169,6253.033,2071.736,0.0136
pure,256,32,0.125,4.0,0,0,128,512,176,1276.872,3289.347,1340.967,0.0318
pure,256,32,0.125,4.0,0,0,256,1024,352,2366.132,6243.179,2335.317,-0.0079
pure,256,64,0.25,4.0,0,0,128,512,224,1621.187,3294.916,1621.826,0.0004
pure,256,64,0.25,4.0,0,0,256,1024,448,2922.185,6249.741,2895.724,-0.008
pure,256,128,0.5,4.0,0,0,128,512,320,2183.288,3291.427,2163.129,-0.0182
pure,256,128,0.5,4.0,0,0,256,1024,640,4029.461,6265.519,3989.367,-0.0179
pure,256,192,0.75,4.0,0,0,128,512,416,2735.598,3286.502,2723.758,-0.0215
pure,256,192,0.75,4.0,0,0,256,1024,832,5136.42,6258.161,5120.035,-0.0146
pure,256,230,0.8984,4.0,0,0,128,512,473,2958.507,3293.221,3049.29,0.2712
pure,256,230,0.8984,4.0,0,0,256,1024,946,5712.377,6256.24,5753.113,0.0749
mixed,4,1,0.25,1.5,16,0,128,192,144,93.599,95.041,93.536,-0.0437
mixed,4,1,0.25,2.0,16,0,128,256,160,93.405,111.102,109.211,0.8931
mixed,4,1,0.25,8.0,16,0,128,1024,352,116.317,190.588,119.038,0.0366
mixed,8,1,0.125,1.5,16,0,128,192,136,116.699,123.07,115.807,-0.14
mixed,8,1,0.125,2.0,16,0,128,256,144,119.103,138.557,118.973,-0.0067
mixed,8,1,0.125,8.0,16,0,128,1024,240,126.524,293.916,134.205,0.0459
mixed,4,2,0.5,1.5,16,0,128,192,160,93.823,95.295,93.536,-0.195
mixed,4,2,0.5,2.0,16,0,128,256,192,95.456,111.742,110.495,0.9234
pure,4,1,0.25,2.0,0,0,128,256,160,72.543,89.664,86.718,0.8279
pure,4,1,0.25,8.0,0,0,128,1024,352,95.513,166.621,96.733,0.0172
