prefill_chunk,kv_prefill,n_decode,kv_decode,time_us
0,0,1,16,9.04533
0,0,1,32,11.4243
0,0,1,64,13.7923
0,0,1,128,19.4347
0,0,1,256,19.5517
0,0,1,512,19.9787
0,0,1,1024,21.173
0,0,1,2048,23.7127
0,0,1,4096,34.304
0,0,1,8192,52.6923
0,0,1,16384,88.266
0,0,2,16,10.303
0,0,2,32,12.7363
0,0,2,64,15.36
0,0,2,128,21.3013
0,0,2,256,21.5247
0,0,2,512,22.7413
0,0,2,1024,29.7167
0,0,2,2048,33.9413
0,0,2,4096,52.244
0,0,2,8192,87.497
0,0,2,16384,152.586
0,0,4,16,10.4003
0,0,4,32,12.9283
0,0,4,64,15.6693
0,0,4,128,21.9197
0,0,4,256,22.8373
0,0,4,512,29.77
0,0,4,1024,36.949
0,0,4,2048,55.221
0,0,4,4096,90.4527
0,0,4,8192,159.059
0,0,4,16384,293.809
0,0,8,16,10.656
0,0,8,32,13.4077
0,0,8,64,16.3943
0,0,8,128,23.4347
0,0,8,256,30.1113
0,0,8,512,37.781
0,0,8,1024,55.7
0,0,8,2048,91.3263
0,0,8,4096,158.558
0,0,8,8192,295.858
0,0,8,16384,563.961
0,0,16,16,11.318
0,0,16,32,14.6027
0,0,16,64,17.8123
0,0,16,128,31.3387
0,0,16,256,38.218
0,0,16,512,55.7117
0,0,16,1024,88.97
0,0,16,2048,156.489
0,0,16,4096,293.425
0,0,16,8192,562.169
0,0,16,16384,1106.24
0,0,32,16,14.6133
0,0,32,32,20.2773
0,0,32,64,25.322
0,0,32,128,34.7517
0,0,32,256,52.128
0,0,32,512,87.6893
0,0,32,1024,155.081
0,0,32,2048,290.579
0,0,32,4096,561.582
0,0,32,8192,1101.78
0,0,32,16384,2180.65
0,0,64,16,21.4923
0,0,64,32,31.0083
0,0,64,64,41.002
0,0,64,128,57.8973
0,0,64,256,90.7827
0,0,64,512,157.46
0,0,64,1024,287.485
0,0,64,2048,548.804
0,0,64,4096,1072.69
0,0,64,8192,2118.49
0,0,64,16384,4206.83
0,0,128,16,34.9753
0,0,128,32,52.106
0,0,128,64,69.2157
0,0,128,128,103.85
0,0,128,256,169.203
0,0,128,512,298.716
0,0,128,1024,555.972
0,0,128,2048,1071.22
0,0,128,4096,2106.07
0,0,128,8192,4174.94
0,0,128,16384,8314.82
0,0,256,16,62.1967
0,0,256,32,94.1857
0,0,256,64,126.686
0,0,256,128,194.088
0,0,256,256,321.34
0,0,256,512,576.175
0,0,256,1024,1083.66
0,0,256,2048,2105.46
0,0,256,4096,4142.6
0,0,256,8192,8233.31
16,0,0,0,10.656
16,0,1,16,17.3227
16,0,1,32,19.765
16,0,1,64,22.293
16,0,1,128,28.6077
16,0,1,256,28.7463
16,0,1,512,29.1413
16,0,1,1024,30.4743
16,0,1,2048,32.597
16,0,1,4096,42.826
16,0,1,8192,60.9903
16,0,1,16384,95.914
16,0,2,16,17.216
16,0,2,32,19.787
16,0,2,64,22.3463
16,0,2,128,28.7243
16,0,2,256,29.002
16,0,2,512,30.0903
16,0,2,1024,37.2053
16,0,2,2048,41.654
16,0,2,4096,60.063
16,0,2,8192,95.9453
16,0,2,16384,159.87
16,0,4,16,17.29
16,0,4,32,19.808
16,0,4,64,22.667
16,0,4,128,29.258
16,0,4,256,30.3033
16,0,4,512,37.504
16,0,4,1024,44.437
16,0,4,2048,62.857
16,0,4,4096,97.129
16,0,4,8192,167.379
16,0,4,16384,303.185
16,0,8,16,17.685
16,0,8,32,20.4587
16,0,8,64,23.2427
16,0,8,128,30.4103
16,0,8,256,37.429
16,0,8,512,45.0013
16,0,8,1024,63.2317
16,0,8,2048,97.9723
16,0,8,4096,167.923
16,0,8,8192,300.156
16,0,8,16384,571.214
16,0,16,16,18.3143
16,0,16,32,21.6327
16,0,16,64,25.0243
16,0,16,128,38.6453
16,0,16,256,45.92
16,0,16,512,63.178
16,0,16,1024,96.309
16,0,16,2048,164.126
16,0,16,4096,301.266
16,0,16,8192,569.402
16,0,16,16384,1108.85
16,0,32,16,21.461
16,0,32,32,27.349
16,0,32,64,32.235
16,0,32,128,42.0903
16,0,32,256,59.4653
16,0,32,512,94.6873
16,0,32,1024,163.156
16,0,32,2048,298.716
16,0,32,4096,568.57
16,0,32,8192,1106.93
16,0,32,16384,2187.53
16,0,64,16,30.304
16,0,64,32,40.2023
16,0,64,64,49.9087
16,0,64,128,66.57
16,0,64,256,100.063
16,0,64,512,165.694
16,0,64,1024,296.477
16,0,64,2048,557.839
16,0,64,4096,1081.68
16,0,64,8192,2126.83
16,0,64,16384,4219.41
16,0,128,16,43.9887
16,0,128,32,60.9697
16,0,128,64,78.5167
16,0,128,128,112.276
16,0,128,256,178.687
16,0,128,512,307.879
16,0,128,1024,565.668
16,0,128,2048,1083.18
16,0,128,4096,2116.48
16,0,128,8192,4189.11
16,0,128,16384,8322.87
16,16,0,0,10.8693
16,16,1,16,17.568
16,16,1,32,20.0107
16,16,1,64,22.496
16,16,1,128,28.821
16,16,1,256,28.9177
16,16,1,512,29.4403
16,16,1,1024,30.6343
16,16,1,2048,32.7897
16,16,1,4096,42.5707
16,16,1,8192,61.0027
16,16,1,16384,95.615
16,16,2,16,17.461
16,16,2,32,19.9467
16,16,2,64,22.5493
16,16,2,128,28.9707
16,16,2,256,29.2257
16,16,2,512,30.5063
16,16,2,1024,37.76
16,16,2,2048,42.079
16,16,2,4096,60.8533
16,16,2,8192,95.764
16,16,2,16384,161.15
16,16,4,16,17.599
16,16,4,32,20.16
16,16,4,64,22.9973
16,16,4,128,29.6847
16,16,4,256,30.6557
16,16,4,512,37.984
16,16,4,1024,44.7143
16,16,4,2048,63.167
16,16,4,4096,97.8127
16,16,4,8192,165.705
16,16,4,16384,301.618
16,16,8,16,18.0267
16,16,8,32,20.6717
16,16,8,64,23.4983
16,16,8,128,30.7627
16,16,8,256,37.9617
16,16,8,512,45.5997
16,16,8,1024,63.1573
16,16,8,2048,97.6297
16,16,8,4096,168.286
16,16,8,8192,302.407
16,16,8,16384,571.844
16,16,16,16,18.6663
16,16,16,32,21.9197
16,16,16,64,25.0457
16,16,16,128,38.8683
16,16,16,256,45.7067
16,16,16,512,63.4663
16,16,16,1024,96.5107
16,16,16,2048,163.827
16,16,16,4096,299.25
16,16,16,8192,570.212
16,16,16,16384,1108.04
16,16,32,16,21.792
16,16,32,32,27.488
16,16,32,64,32.522
16,16,32,128,42.4633
16,16,32,256,60.2873
16,16,32,512,94.506
16,16,32,1024,162.547
16,16,32,2048,298.61
16,16,32,4096,568.601
16,16,32,8192,1108.51
16,16,32,16384,2187.25
16,16,64,16,30.6237
16,16,64,32,40.5433
16,16,64,64,50.357
16,16,64,128,67.1347
16,16,64,256,101.461
16,16,64,512,166.196
16,16,64,1024,297.17
16,16,64,2048,558.202
16,16,64,4096,1081.03
16,16,64,8192,2127.85
16,16,64,16384,4218.04
16,16,128,16,43.9247
16,16,128,32,61.077
16,16,128,64,78.943
16,16,128,128,112.82
16,16,128,256,178.622
16,16,128,512,308.188
16,16,128,1024,567.877
16,16,128,2048,1083.26
16,16,128,4096,2114.93
16,16,128,8192,4184.55
16,16,128,16384,8314.36
16,32,0,0,13.2373
16,32,1,16,19.818
16,32,1,32,22.3037
16,32,1,64,24.928
16,32,1,128,31.019
16,32,1,256,31.2217
16,32,1,512,31.7117
16,32,1,1024,32.8853
16,32,1,2048,35.05
16,32,1,4096,44.5433
16,32,1,8192,62.901
16,32,1,16384,98.463
16,32,2,16,19.7537
16,32,2,32,22.2183
16,32,2,64,24.971
16,32,2,128,31.242
16,32,2,256,31.4877
16,32,2,512,32.6933
16,32,2,1024,39.584
16,32,2,2048,43.946
16,32,2,4096,62.602
16,32,2,8192,98.1537
16,32,2,16384,162.505
16,32,4,16,19.872
16,32,4,32,22.3037
16,32,4,64,25.1303
16,32,4,128,31.8727
16,32,4,256,32.874
16,32,4,512,39.7757
16,32,4,1024,46.8157
16,32,4,2048,64.9807
16,32,4,4096,99.4123
16,32,4,8192,167.295
16,32,4,16384,303.293
16,32,8,16,20.2773
16,32,8,32,22.8797
16,32,8,64,25.717
16,32,8,128,33.024
16,32,8,256,40.2027
16,32,8,512,47.9033
16,32,8,1024,65.4923
16,32,8,2048,100.991
16,32,8,4096,169.118
16,32,8,8192,304.06
16,32,8,16384,573.53
16,32,16,16,20.9703
16,32,16,32,24.1803
16,32,16,64,27.3703
16,32,16,128,41.1723
16,32,16,256,48.5863
16,32,16,512,65.3
16,32,16,1024,98.879
16,32,16,2048,166.42
16,32,16,4096,302.055
16,32,16,8192,570.661
16,32,16,16384,1112.59
16,32,32,16,24.1597
16,32,32,32,29.813
16,32,32,64,34.8793
16,32,32,128,44.6077
16,32,32,256,62.1433
16,32,32,512,96.8427
16,32,32,1024,165.364
16,32,32,2048,300.861
16,32,32,4096,571.951
16,32,32,8192,1110.55
16,32,32,16384,2188.46
16,32,64,16,32.7247
16,32,64,32,42.6553
16,32,64,64,52.394
16,32,64,128,69.535
16,32,64,256,102.911
16,32,64,512,168.617
16,32,64,1024,298.514
16,32,64,2048,560.485
16,32,64,4096,1082.93
16,32,64,8192,2130.88
16,32,64,16384,4218.86
16,32,128,16,46.293
16,32,128,32,63.189
16,32,128,64,81.215
16,32,128,128,114.953
16,32,128,256,181.14
16,32,128,512,310.269
16,32,128,1024,568.57
16,32,128,2048,1084.57
16,32,128,4096,2116.98
16,32,128,8192,4183.87
16,32,128,16384,8327.19
16,64,0,0,15.7543
16,64,1,16,22.4737
16,64,1,32,24.8533
16,64,1,64,27.478
16,64,1,128,33.728
16,64,1,256,33.8227
16,64,1,512,34.3573
16,64,1,1024,35.648
16,64,1,2048,37.6203
16,64,1,4096,47.925
16,64,1,8192,65.418
16,64,1,16384,100.361
16,64,2,16,22.3357
16,64,2,32,24.863
16,64,2,64,27.5307
16,64,2,128,33.77
16,64,2,256,34.006
16,64,2,512,35.4347
16,64,2,1024,42.2077
16,64,2,2048,46.7297
16,64,2,4096,64.1377
16,64,2,8192,101.023
16,64,2,16384,166.089
16,64,4,16,22.442
16,64,4,32,24.8957
16,64,4,64,27.7223
16,64,4,128,34.506
16,64,4,256,35.3593
16,64,4,512,42.5917
16,64,4,1024,49.7483
16,64,4,2048,68.0417
16,64,4,4096,102.548
16,64,4,8192,170.963
16,64,4,16384,305.8
16,64,8,16,22.7617
16,64,8,32,25.5247
16,64,8,64,28.181
16,64,8,128,35.6257
16,64,8,256,42.5593
16,64,8,512,50.5813
16,64,8,1024,68.3513
16,64,8,2048,103.188
16,64,8,4096,171.86
16,64,8,8192,307.047
16,64,8,16384,576.921
16,64,16,16,23.466
16,64,16,32,26.837
16,64,16,64,30.047
16,64,16,128,43.7757
16,64,16,256,50.9433
16,64,16,512,68.1917
16,64,16,1024,101.845
16,64,16,2048,169.449
16,64,16,4096,304.605
16,64,16,8192,574.969
16,64,16,16384,1113.28
16,64,32,16,26.6237
16,64,32,32,32.4153
16,64,32,64,37.2687
16,64,32,128,46.7733
16,64,32,256,64.6923
16,64,32,512,99.7857
16,64,32,1024,168.575
16,64,32,2048,303.634
16,64,32,4096,572.389
16,64,32,8192,1111.16
16,64,32,16384,2193.49
16,64,64,16,35.4133
16,64,64,32,45.2153
16,64,64,64,55.648
16,64,64,128,72.6927
16,64,64,256,105.61
16,64,64,512,170.708
16,64,64,1024,301.736
16,64,64,2048,563.93
16,64,64,4096,1087.15
16,64,64,8192,2130.12
16,64,64,16384,4223.21
16,64,128,16,48.8523
16,64,128,32,65.77
16,64,128,64,83.85
16,64,128,128,118.441
16,64,128,256,183.166
16,64,128,512,312.711
16,64,128,1024,570.885
16,64,128,2048,1087.38
16,64,128,4096,2121.53
16,64,128,8192,4188.81
16,64,128,16384,8325.03
16,128,0,0,23.0717
16,128,1,16,29.9733
16,128,1,32,32.4153
16,128,1,64,34.9547
16,128,1,128,41.461
16,128,1,256,41.653
16,128,1,512,42.0047
16,128,1,1024,43.125
16,128,1,2048,45.386
16,128,1,4096,55.562
16,128,1,8192,73.887
16,128,1,16384,108.863
16,128,2,16,30.09
16,128,2,32,32.5547
16,128,2,64,35.2317
16,128,2,128,41.705
16,128,2,256,41.642
16,128,2,512,42.4743
16,128,2,1024,49.6317
16,128,2,2048,54.7087
16,128,2,4096,73.3
16,128,2,8192,109.108
16,128,2,16384,172.649
16,128,4,16,30.1117
16,128,4,32,32.714
16,128,4,64,35.5947
16,128,4,128,42.1537
16,128,4,256,42.6977
16,128,4,512,50.377
16,128,4,1024,57.8987
16,128,4,2048,76.66
16,128,4,4096,110.218
16,128,4,8192,179.337
16,128,4,16384,313.96
16,128,8,16,30.6763
16,128,8,32,33.2913
16,128,8,64,36.224
16,128,8,128,43.2417
16,128,8,256,50.218
16,128,8,512,57.909
16,128,8,1024,76.4157
16,128,8,2048,111.07
16,128,8,4096,178.633
16,128,8,8192,315.687
16,128,8,16384,581.935
16,128,16,16,31.178
16,128,16,32,34.4533
16,128,16,64,37.7067
16,128,16,128,51.5403
16,128,16,256,59.0077
16,128,16,512,76.3513
16,128,16,1024,109.759
16,128,16,2048,176.723
16,128,16,4096,311.454
16,128,16,8192,582.394
16,128,16,16384,1123.58
16,128,32,16,34.6137
16,128,32,32,40.1807
16,128,32,64,45.0557
16,128,32,128,54.9107
16,128,32,256,73.0647
16,128,32,512,107.38
16,128,32,1024,175.305
16,128,32,2048,310.888
16,128,32,4096,579.61
16,128,32,8192,1119.33
16,128,32,16384,2199.76
16,128,64,16,43.0187
16,128,64,32,52.9063
16,128,64,64,63.1893
16,128,64,128,80.2563
16,128,64,256,113.407
16,128,64,512,179.304
16,128,64,1024,309.896
16,128,64,2048,571.3
16,128,64,4096,1092.5
16,128,64,8192,2141.27
16,128,64,16384,4230.81
16,128,128,16,56.3303
16,128,128,32,73.4287
16,128,128,64,91.7963
16,128,128,128,125.172
16,128,128,256,191.497
16,128,128,512,319.73
16,128,128,1024,578.875
16,128,128,2048,1094.44
16,128,128,4096,2127.01
16,128,128,8192,4189.5
16,128,128,16384,8337.07
16,256,0,0,23.1997
16,256,1,16,30.0803
16,256,1,32,32.469
16,256,1,64,35.093
16,256,1,128,41.5033
16,256,1,256,41.7597
16,256,1,512,42.2503
16,256,1,1024,43.1987
16,256,1,2048,45.2903
16,256,1,4096,55.8287
16,256,1,8192,75.0503
16,256,1,16384,109.226
16,256,2,16,30.0267
16,256,2,32,32.5863
16,256,2,64,35.04
16,256,2,128,41.6107
16,256,2,256,41.6637
16,256,2,512,42.517
16,256,2,1024,49.589
16,256,2,2048,54.6447
16,256,2,4096,73.0663
16,256,2,8192,108.296
16,256,2,16384,173.886
16,256,4,16,30.2077
16,256,4,32,33.6103
16,256,4,64,35.5413
16,256,4,128,42.1333
16,256,4,256,42.72
16,256,4,512,50.0997
16,256,4,1024,58.1753
16,256,4,2048,76.447
16,256,4,4096,110.686
16,256,4,8192,179.348
16,256,4,16384,315.516
16,256,8,16,30.6773
16,256,8,32,33.333
16,256,8,64,36.0313
16,256,8,128,43.4013
16,256,8,256,50.2077
16,256,8,512,58.1327
16,256,8,1024,76.384
16,256,8,2048,111.967
16,256,8,4096,180.595
16,256,8,8192,315.784
16,256,8,16384,586.256
16,256,16,16,31.2427
16,256,16,32,34.4747
16,256,16,64,37.5037
16,256,16,128,51.2423
16,256,16,256,59.0813
16,256,16,512,76.4367
16,256,16,1024,109.609
16,256,16,2048,177.544
16,256,16,4096,312.637
16,256,16,8192,585.199
16,256,16,16384,1123.73
16,256,32,16,34.464
16,256,32,32,39.9997
16,256,32,64,45.024
16,256,32,128,55.7117
16,256,32,256,73.6513
16,256,32,512,107.519
16,256,32,1024,175.881
16,256,32,2048,313.073
16,256,32,4096,581.242
16,256,32,8192,1118.29
16,256,32,16384,2202.06
16,256,64,16,42.9013
16,256,64,32,52.9387
16,256,64,64,63.1463
16,256,64,128,80.1487
16,256,64,256,114.057
16,256,64,512,178.633
16,256,64,1024,310.77
16,256,64,2048,572.517
16,256,64,4096,1094.98
16,256,64,8192,2138.07
16,256,64,16384,4224.88
16,256,128,16,56.5977
16,256,128,32,73.4707
16,256,128,64,91.807
16,256,128,128,125.406
16,256,128,256,191.593
16,256,128,512,320.754
16,256,128,1024,577.947
16,256,128,2048,1095.58
16,256,128,4096,2128.62
16,256,128,8192,4196.61
16,256,128,16384,8334.37
16,512,0,0,23.6693
16,512,1,16,30.816
16,512,1,32,33.1513
16,512,1,64,35.7863
16,512,1,128,42.0793
16,512,1,256,42.3777
16,512,1,512,42.7197
16,512,1,1024,43.7233
16,512,1,2048,46.0477
16,512,1,4096,56.7457
16,512,1,8192,74.8147
16,512,1,16384,109.439
16,512,2,16,30.8373
16,512,2,32,33.3763
16,512,2,64,35.8287
16,512,2,128,42.1973
16,512,2,256,42.6563
16,512,2,512,43.4453
16,512,2,1024,50.4323
16,512,2,2048,55.7117
16,512,2,4096,73.5567
16,512,2,8192,110.056
16,512,2,16384,173.897
16,512,4,16,30.9013
16,512,4,32,33.493
16,512,4,64,36.2237
16,512,4,128,42.7193
16,512,4,256,43.6373
16,512,4,512,50.752
16,512,4,1024,58.8687
16,512,4,2048,77.6953
16,512,4,4096,112.148
16,512,4,8192,180.415
16,512,4,16384,315.986
16,512,8,16,31.0933
16,512,8,32,33.877
16,512,8,64,36.65
16,512,8,128,43.6367
16,512,8,256,50.6347
16,512,8,512,59.1667
16,512,8,1024,76.7033
16,512,8,2048,111.646
16,512,8,4096,180.276
16,512,8,8192,314.312
16,512,8,16384,584.709
16,512,16,16,31.871
16,512,16,32,35.0503
16,512,16,64,38.155
16,512,16,128,51.8823
16,512,16,256,60.043
16,512,16,512,77.4283
16,512,16,1024,110.836
16,512,16,2048,178.185
16,512,16,4096,313.886
16,512,16,8192,582.598
16,512,16,16384,1121.31
16,512,32,16,35.1573
16,512,32,32,40.8853
16,512,32,64,46.0897
16,512,32,128,56.2877
16,512,32,256,73.418
16,512,32,512,108.277
16,512,32,1024,176.883
16,512,32,2048,312.082
16,512,32,4096,581.381
16,512,32,8192,1121.51
16,512,32,16384,2197.66
16,512,64,16,43.423
16,512,64,32,53.578
16,512,64,64,63.9247
16,512,64,128,81.184
16,512,64,256,114.825
16,512,64,512,179.785
16,512,64,1024,310.727
16,512,64,2048,571.931
16,512,64,4096,1094.99
16,512,64,8192,2140.1
16,512,64,16384,4227.61
16,512,128,16,56.9917
16,512,128,32,74.4097
16,512,128,64,92.8313
16,512,128,128,126.143
16,512,128,256,192.371
16,512,128,512,321.031
16,512,128,1024,579.514
16,512,128,2048,1096.94
16,512,128,4096,2127.87
16,512,128,8192,4194.21
16,512,128,16384,8327.52
16,1024,0,0,25.2157
16,1024,1,16,31.978
16,1024,1,32,34.368
16,1024,1,64,36.928
16,1024,1,128,43.456
16,1024,1,256,43.68
16,1024,1,512,44.128
16,1024,1,1024,45.172
16,1024,1,2048,47.4123
16,1024,1,4096,58.559
16,1024,1,8192,76.5113
16,1024,1,16384,111.828
16,1024,2,16,32.2343
16,1024,2,32,34.6663
16,1024,2,64,37.301
16,1024,2,128,43.6053
16,1024,2,256,43.968
16,1024,2,512,44.8323
16,1024,2,1024,51.999
16,1024,2,2048,58.2513
16,1024,2,4096,75.2417
16,1024,2,8192,111.199
16,1024,2,16384,176.926
16,1024,4,16,32.1067
16,1024,4,32,34.8907
16,1024,4,64,37.557
16,1024,4,128,43.85
16,1024,4,256,44.7467
16,1024,4,512,51.7643
16,1024,4,1024,60.5973
16,1024,4,2048,78.58
16,1024,4,4096,113.961
16,1024,4,8192,182.025
16,1024,4,16384,316.925
16,1024,8,16,32.671
16,1024,8,32,35.4023
16,1024,8,64,37.9947
16,1024,8,128,45.3647
16,1024,8,256,52.1283
16,1024,8,512,61.418
16,1024,8,1024,79.0713
16,1024,8,2048,113.929
16,1024,8,4096,180.979
16,1024,8,8192,317.64
16,1024,8,16384,586.97
16,1024,16,16,33.2593
16,1024,16,32,36.607
16,1024,16,64,39.8073
16,1024,16,128,52.9387
16,1024,16,256,62.2717
16,1024,16,512,78.943
16,1024,16,1024,113.247
16,1024,16,2048,179.54
16,1024,16,4096,315.72
16,1024,16,8192,582.586
16,1024,16,16384,1123.28
16,1024,32,16,36.544
16,1024,32,32,42.3247
16,1024,32,64,47.712
16,1024,32,128,58.176
16,1024,32,256,74.8367
16,1024,32,512,110.708
16,1024,32,1024,177.79
16,1024,32,2048,314.28
16,1024,32,4096,582.501
16,1024,32,8192,1120.12
16,1024,32,16384,2200.97
16,1024,64,16,44.875
16,1024,64,32,55.8067
16,1024,64,64,66.3567
16,1024,64,128,83.093
16,1024,64,256,116.16
16,1024,64,512,181.94
16,1024,64,1024,312.572
16,1024,64,2048,573.861
16,1024,64,4096,1094.96
16,1024,64,8192,2140.51
16,1024,64,16384,4233.87
16,1024,128,16,58.6667
16,1024,128,32,76.7247
16,1024,128,64,94.6557
16,1024,128,128,128.479
16,1024,128,256,194.548
16,1024,128,512,323.187
16,1024,128,1024,581.456
16,1024,128,2048,1096.18
16,1024,128,4096,2128.05
16,1024,128,8192,4195.58
16,1024,128,16384,8333.44
16,2048,0,0,27.701
16,2048,1,16,34.3153
16,2048,1,32,36.758
16,2048,1,64,39.3707
16,2048,1,128,45.7373
16,2048,1,256,46.0587
16,2048,1,512,46.602
16,2048,1,1024,47.562
16,2048,1,2048,49.664
16,2048,1,4096,61.1187
16,2048,1,8192,78.4523
16,2048,1,16384,115.06
16,2048,2,16,34.336
16,2048,2,32,37.046
16,2048,2,64,39.349
16,2048,2,128,45.717
16,2048,2,256,46.4
16,2048,2,512,47.0823
16,2048,2,1024,54.0263
16,2048,2,2048,60.16
16,2048,2,4096,77.8983
16,2048,2,8192,113.95
16,2048,2,16384,177.876
16,2048,4,16,34.6983
16,2048,4,32,37.0457
16,2048,4,64,40.0847
16,2048,4,128,46.4097
16,2048,4,256,47.434
16,2048,4,512,53.8877
16,2048,4,1024,63.2953
16,2048,4,2048,80.9067
16,2048,4,4096,116.692
16,2048,4,8192,184.895
16,2048,4,16384,320.36
16,2048,8,16,34.8373
16,2048,8,32,37.653
16,2048,8,64,40.672
16,2048,8,128,47.669
16,2048,8,256,54.6763
16,2048,8,512,63.5727
16,2048,8,1024,81.0127
16,2048,8,2048,116.511
16,2048,8,4096,184.307
16,2048,8,8192,319.517
16,2048,8,16384,587.909
16,2048,16,16,36.0427
16,2048,16,32,39.3067
16,2048,16,64,42.7093
16,2048,16,128,55.5413
16,2048,16,256,63.6577
16,2048,16,512,81.8023
16,2048,16,1024,115.552
16,2048,16,2048,182.687
16,2048,16,4096,317.319
16,2048,16,8192,586.639
16,2048,16,16384,1125.72
16,2048,32,16,39.2743
16,2048,32,32,44.778
16,2048,32,64,49.6957
16,2048,32,128,60.853
16,2048,32,256,78.41
16,2048,32,512,113.077
16,2048,32,1024,181.011
16,2048,32,2048,316.264
16,2048,32,4096,587.59
16,2048,32,8192,1123.65
16,2048,32,16384,2204.84
16,2048,64,16,47.562
16,2048,64,32,57.4613
16,2048,64,64,68.32
16,2048,64,128,85.0233
16,2048,64,256,119.294
16,2048,64,512,185.802
16,2048,64,1024,314.888
16,2048,64,2048,576.283
16,2048,64,4096,1099.42
16,2048,64,8192,2144.36
16,2048,64,16384,4234.36
16,2048,128,16,60.99
16,2048,128,32,78.7193
16,2048,128,64,95.562
16,2048,128,128,131.146
16,2048,128,256,196.19
16,2048,128,512,324.723
16,2048,128,1024,582.321
16,2048,128,2048,1098.76
16,2048,128,4096,2132.68
16,2048,128,8192,4200.37
16,2048,128,16384,8337.44
16,4096,0,0,37.6523
16,4096,1,16,44.661
16,4096,1,32,47.2207
16,4096,1,64,49.9627
16,4096,1,128,55.9677
16,4096,1,256,55.9783
16,4096,1,512,57.0773
16,4096,1,1024,57.301
16,4096,1,2048,60.1273
16,4096,1,4096,71.359
16,4096,1,8192,90.8573
16,4096,1,16384,124.767
16,4096,2,16,44.6923
16,4096,2,32,47.222
16,4096,2,64,49.8557
16,4096,2,128,56.458
16,4096,2,256,56.6293
16,4096,2,512,57.5567
16,4096,2,1024,65.1307
16,4096,2,2048,70.9107
16,4096,2,4096,89.013
16,4096,2,8192,124.383
16,4096,2,16384,187.71
16,4096,4,16,44.8743
16,4096,4,32,47.1457
16,4096,4,64,49.973
16,4096,4,128,56.704
16,4096,4,256,57.056
16,4096,4,512,65.0993
16,4096,4,1024,72.8853
16,4096,4,2048,92.4897
16,4096,4,4096,125.684
16,4096,4,8192,193.759
16,4096,4,16384,326.322
16,4096,8,16,45.3433
16,4096,8,32,48.0203
16,4096,8,64,50.7087
16,4096,8,128,57.9083
16,4096,8,256,64.959
16,4096,8,512,73.9837
16,4096,8,1024,92.853
16,4096,8,2048,127.624
16,4096,8,4096,194.718
16,4096,8,8192,326.749
16,4096,8,16384,590.949
16,4096,16,16,46.496
16,4096,16,32,49.5147
16,4096,16,64,52.5863
16,4096,16,128,66.1103
16,4096,16,256,75.1677
16,4096,16,512,94.6333
16,4096,16,1024,127.231
16,4096,16,2048,192.596
16,4096,16,4096,325.234
16,4096,16,8192,591.034
16,4096,16,16384,1120.05
16,4096,32,16,49.3647
16,4096,32,32,55.593
16,4096,32,64,60.992
16,4096,32,128,70.8683
16,4096,32,256,89.2143
16,4096,32,512,123.146
16,4096,32,1024,190.408
16,4096,32,2048,324.029
16,4096,32,4096,588.017
16,4096,32,8192,1122.86
16,4096,32,16384,2181.33
16,4096,64,16,58.197
16,4096,64,32,69.2263
16,4096,64,64,79.4547
16,4096,64,128,96.394
16,4096,64,256,130.58
16,4096,64,512,196.34
16,4096,64,1024,326.962
16,4096,64,2048,587.728
16,4096,64,4096,1111.81
16,4096,64,8192,2157.32
16,4096,64,16384,4247.02
16,4096,128,16,72.2343
16,4096,128,32,89.983
16,4096,128,64,108.479
16,4096,128,128,142.441
16,4096,128,256,209.246
16,4096,128,512,338.674
16,4096,128,1024,596.251
16,4096,128,2048,1111.5
16,4096,128,4096,2145.94
16,4096,128,8192,4213.43
16,4096,128,16384,8350.54
16,8192,0,0,54.73
16,8192,1,16,62.528
16,8192,1,32,64.8313
16,8192,1,64,67.4223
16,8192,1,128,73.9833
16,8192,1,256,73.7067
16,8192,1,512,74.1437
16,8192,1,1024,75.52
16,8192,1,2048,77.7173
16,8192,1,4096,89.311
16,8192,1,8192,106.356
16,8192,1,16384,142.462
16,8192,2,16,62.6447
16,8192,2,32,65.0657
16,8192,2,64,68.224
16,8192,2,128,74.4953
16,8192,2,256,73.898
16,8192,2,512,75.337
16,8192,2,1024,82.708
16,8192,2,2048,88.8413
16,8192,2,4096,105.876
16,8192,2,8192,140.798
16,8192,2,16384,205.896
16,8192,4,16,62.879
16,8192,4,32,65.301
16,8192,4,64,68.3837
16,8192,4,128,74.9117
16,8192,4,256,74.7507
16,8192,4,512,82.6347
16,8192,4,1024,90.794
16,8192,4,2048,109.246
16,8192,4,4096,143.945
16,8192,4,8192,211.741
16,8192,4,16384,343.837
16,8192,8,16,62.9647
16,8192,8,32,65.6953
16,8192,8,64,68.6603
16,8192,8,128,76.0313
16,8192,8,256,82.944
16,8192,8,512,92.2223
16,8192,8,1024,110.11
16,8192,8,2048,144.723
16,8192,8,4096,211.742
16,8192,8,8192,343.922
16,8192,8,16384,609.937
16,8192,16,16,64.1703
16,8192,16,32,66.8573
16,8192,16,64,69.8023
16,8192,16,128,83.6673
16,8192,16,256,93.7907
16,8192,16,512,112.074
16,8192,16,1024,145.417
16,8192,16,2048,211.146
16,8192,16,4096,343.431
16,8192,16,8192,609.552
16,8192,16,16384,1138.83
16,8192,32,16,67.168
16,8192,32,32,72.905
16,8192,32,64,78.8257
16,8192,32,128,87.818
16,8192,32,256,106.441
16,8192,32,512,140.703
16,8192,32,1024,209.437
16,8192,32,2048,342.494
16,8192,32,4096,605.125
16,8192,32,8192,1136.65
16,8192,32,16384,2197.51
16,8192,64,16,75.5733
16,8192,64,32,86.474
16,8192,64,64,97.396
16,8192,64,128,114.09
16,8192,64,256,148.105
16,8192,64,512,213.651
16,8192,64,1024,345.235
16,8192,64,2048,605.178
16,8192,64,4096,1129.08
16,8192,64,8192,2176.58
16,8192,64,16384,4266.35
16,8192,128,16,90.026
16,8192,128,32,107.977
16,8192,128,64,126.335
16,8192,128,128,160.521
16,8192,128,256,225.843
16,8192,128,512,357.021
16,8192,128,1024,613.52
16,8192,128,2048,1131.84
16,8192,128,4096,2167.41
16,8192,128,8192,4229.17
16,8192,128,16384,8373.59
16,16384,0,0,90.6657
16,16384,1,16,97.919
16,16384,1,32,99.6587
16,16384,1,64,102.421
16,16384,1,128,108.97
16,16384,1,256,109.269
16,16384,1,512,108.82
16,16384,1,1024,110.655
16,16384,1,2048,112.276
16,16384,1,4096,124.041
16,16384,1,8192,141.94
16,16384,1,16384,175.636
16,16384,2,16,96.9803
16,16384,2,32,100.074
16,16384,2,64,102.303
16,16384,2,128,108.608
16,16384,2,256,108.777
16,16384,2,512,109.717
16,16384,2,1024,117.226
16,16384,2,2048,123.487
16,16384,2,4096,140.777
16,16384,2,8192,176.436
16,16384,2,16384,238.515
16,16384,4,16,97.7593
16,16384,4,32,99.359
16,16384,4,64,101.632
16,16384,4,128,109.407
16,16384,4,256,109.631
16,16384,4,512,117.311
16,16384,4,1024,125.652
16,16384,4,2048,144.009
16,16384,4,4096,178.121
16,16384,4,8192,244.745
16,16384,4,16384,376.455
16,16384,8,16,98.2393
16,16384,8,32,100.991
16,16384,8,64,102.933
16,16384,8,128,111.316
16,16384,8,256,117.802
16,16384,8,512,126.143
16,16384,8,1024,144.958
16,16384,8,2048,178.185
16,16384,8,4096,247.316
16,16384,8,8192,379.507
16,16384,8,16384,645.871
16,16384,16,16,98.7297
16,16384,16,32,101.791
16,16384,16,64,105.002
16,16384,16,128,119.156
16,16384,16,256,128.478
16,16384,16,512,145.545
16,16384,16,1024,178.644
16,16384,16,2048,245.15
16,16384,16,4096,377.906
16,16384,16,8192,643.461
16,16384,16,16384,1170.61
16,16384,32,16,101.365
16,16384,32,32,107.018
16,16384,32,64,113.802
16,16384,32,128,124.703
16,16384,32,256,141.3
16,16384,32,512,175.209
16,16384,32,1024,241.245
16,16384,32,2048,374.888
16,16384,32,4096,638.491
16,16384,32,8192,1170.73
16,16384,32,16384,2229.7
16,16384,64,16,111.316
16,16384,64,32,122.356
16,16384,64,64,132.713
16,16384,64,128,148.735
16,16384,64,256,182.623
16,16384,64,512,250.121
16,16384,64,1024,379.453
16,16384,64,2048,640.794
16,16384,64,4096,1162.73
16,16384,64,8192,2209.99
16,16384,64,16384,4297.79
16,16384,128,16,124.778
16,16384,128,32,143.412
16,16384,128,64,161.471
16,16384,128,128,194.686
16,16384,128,256,262.205
16,16384,128,512,390.791
16,16384,128,1024,648.901
16,16384,128,2048,1165.17
16,16384,128,4096,2198.99
16,16384,128,8192,4270.04
16,16384,128,16384,8403.64
32,0,0,0,22.8587
32,0,1,16,29.5677
32,0,1,32,31.9363
32,0,1,64,34.453
32,0,1,128,40.3623
32,0,1,256,40.5757
32,0,1,512,40.7353
32,0,1,1024,42.1753
32,0,1,2048,44.171
32,0,1,4096,54.219
32,0,1,8192,72.7033
32,0,1,16384,106.698
32,0,2,16,29.429
32,0,2,32,31.819
32,0,2,64,34.431
32,0,2,128,40.4797
32,0,2,256,40.8423
32,0,2,512,41.8667
32,0,2,1024,48.917
32,0,2,2048,53.834
32,0,2,4096,71.6793
32,0,2,8192,107.402
32,0,2,16384,170.698
32,0,4,16,29.419
32,0,4,32,32
32,0,4,64,34.762
32,0,4,128,41.194
32,0,4,256,42.1657
32,0,4,512,49.259
32,0,4,1024,56.234
32,0,4,2048,73.8127
32,0,4,4096,108.244
32,0,4,8192,174.879
32,0,4,16384,309.959
32,0,8,16,29.8877
32,0,8,32,32.479
32,0,8,64,35.221
32,0,8,128,42.3353
32,0,8,256,49.0763
32,0,8,512,56.7247
32,0,8,1024,75.1033
32,0,8,2048,108.864
32,0,8,4096,175.411
32,0,8,8192,309.32
32,0,8,16384,574.683
32,0,16,16,30.5177
32,0,16,32,33.6963
32,0,16,64,36.8093
32,0,16,128,50.325
32,0,16,256,57.5033
32,0,16,512,74.5683
32,0,16,1024,108.511
32,0,16,2048,174.931
32,0,16,4096,307.282
32,0,16,8192,574.406
32,0,16,16384,1102.91
32,0,32,16,34.0157
32,0,32,32,39.776
32,0,32,64,44.5323
32,0,32,128,54.7413
32,0,32,256,72.0637
32,0,32,512,106.463
32,0,32,1024,173.407
32,0,32,2048,305.736
32,0,32,4096,571.899
32,0,32,8192,1103.47
32,0,32,16384,2165.05
32,0,64,16,42.3137
32,0,64,32,52.2987
32,0,64,64,62.3573
32,0,64,128,79.359
32,0,64,256,112.67
32,0,64,512,179.241
32,0,64,1024,309.417
32,0,64,2048,571.867
32,0,64,4096,1094.12
32,0,64,8192,2141.4
32,0,64,16384,4233.01
32,0,128,16,55.8397
32,0,128,32,73.0553
32,0,128,64,91.6157
32,0,128,128,125.364
32,0,128,256,191.72
32,0,128,512,320.382
32,0,128,1024,577.606
32,0,128,2048,1095.08
32,0,128,4096,2129.98
32,0,128,8192,4199.87
32,0,128,16384,8338.97
32,16,0,0,22.9867
32,16,1,16,29.7173
32,16,1,32,32.1813
32,16,1,64,34.7727
32,16,1,128,40.4583
32,16,1,256,40.6723
32,16,1,512,40.992
32,16,1,1024,42.24
32,16,1,2048,44.437
32,16,1,4096,54.5813
32,16,1,8192,72.9917
32,16,1,16384,107.338
32,16,2,16,29.6533
32,16,2,32,31.9893
32,16,2,64,34.6237
32,16,2,128,40.6087
32,16,2,256,40.9803
32,16,2,512,41.962
32,16,2,1024,48.8627
32,16,2,2048,54.0267
32,16,2,4096,72.543
32,16,2,8192,106.836
32,16,2,16384,169.982
32,16,4,16,29.6317
32,16,4,32,32.0107
32,16,4,64,34.8363
32,16,4,128,41.247
32,16,4,256,42.1117
32,16,4,512,49.451
32,16,4,1024,56.2127
32,16,4,2048,74.6667
32,16,4,4096,108.597
32,16,4,8192,176.873
32,16,4,16384,309.256
32,16,8,16,30.1543
32,16,8,32,32.597
32,16,8,64,35.4453
32,16,8,128,42.5063
32,16,8,256,49.4597
32,16,8,512,57.258
32,16,8,1024,74.399
32,16,8,2048,109.503
32,16,8,4096,176.424
32,16,8,8192,309.427
32,16,8,16384,575.612
32,16,16,16,30.549
32,16,16,32,33.663
32,16,16,64,37.0017
32,16,16,128,50.0793
32,16,16,256,58.1647
32,16,16,512,75.2093
32,16,16,1024,108.512
32,16,16,2048,174.847
32,16,16,4096,306.931
32,16,16,8192,572.475
32,16,16,16384,1101.07
32,16,32,16,34.165
32,16,32,32,39.861
32,16,32,64,44.6393
32,16,32,128,54.826
32,16,32,256,72.191
32,16,32,512,106.09
32,16,32,1024,173.737
32,16,32,2048,305.896
32,16,32,4096,571.6
32,16,32,8192,1101.58
32,16,32,16384,2165.52
32,16,64,16,42.368
32,16,64,32,52.6077
32,16,64,64,62.6657
32,16,64,128,79.4443
32,16,64,256,112.458
32,16,64,512,179.187
32,16,64,1024,309.417
32,16,64,2048,570.726
32,16,64,4096,1094.31
32,16,64,8192,2141.19
32,16,64,16384,4230.29
32,16,128,16,55.999
32,16,128,32,73.2253
32,16,128,64,91.5303
32,16,128,128,125.705
32,16,128,256,191.06
32,16,128,512,320.274
32,16,128,1024,578.395
32,16,128,2048,1094.66
32,16,128,4096,2131.69
32,16,128,8192,4195.29
32,16,128,16384,8339.72
32,32,0,0,23.232
32,32,1,16,29.92
32,32,1,32,32.309
32,32,1,64,34.9123
32,32,1,128,40.7787
32,32,1,256,40.8747
32,32,1,512,41.0457
32,32,1,1024,42.3997
32,32,1,2048,44.5007
32,32,1,4096,55.1243
32,32,1,8192,72.4783
32,32,1,16384,108.565
32,32,2,16,29.685
32,32,2,32,32.1067
32,32,2,64,34.8467
32,32,2,128,40.9497
32,32,2,256,41.1297
32,32,2,512,42.101
32,32,2,1024,49.6423
32,32,2,2048,54.24
32,32,2,4096,72.0413
32,32,2,8192,107.712
32,32,2,16384,170.612
32,32,4,16,29.7697
32,32,4,32,32.309
32,32,4,64,34.976
32,32,4,128,41.408
32,32,4,256,42.2607
32,32,4,512,49.5353
32,32,4,1024,56.5963
32,32,4,2048,74.4097
32,32,4,4096,108.49
32,32,4,8192,175.807
32,32,4,16384,310.174
32,32,8,16,30.25
32,32,8,32,32.8643
32,32,8,64,35.5093
32,32,8,128,42.602
32,32,8,256,49.5253
32,32,8,512,57.3543
32,32,8,1024,75.1147
32,32,8,2048,108.287
32,32,8,4096,175.667
32,32,8,8192,308.564
32,32,8,16384,574.214
32,32,16,16,30.7517
32,32,16,32,33.962
32,32,16,64,37.204
32,32,16,128,50.7197
32,32,16,256,58.4743
32,32,16,512,75.605
32,32,16,1024,108.169
32,32,16,2048,175.061
32,32,16,4096,307.017
32,32,16,8192,574.523
32,32,16,16384,1102.26
32,32,32,16,34.4217
32,32,32,32,40.0207
32,32,32,64,44.8637
32,32,32,128,55.2953
32,32,32,256,72.97
32,32,32,512,106.281
32,32,32,1024,173.673
32,32,32,2048,308.105
32,32,32,4096,574.023
32,32,32,8192,1104.28
32,32,32,16384,2165.23
32,32,64,16,42.773
32,32,64,32,52.6183
32,32,64,64,62.73
32,32,64,128,79.658
32,32,64,256,112.885
32,32,64,512,179.188
32,32,64,1024,309.406
32,32,64,2048,570.47
32,32,64,4096,1096.07
32,32,64,8192,2139.44
32,32,64,16384,4232.47
32,32,128,16,56.074
32,32,128,32,73.4713
32,32,128,64,91.4987
32,32,128,128,126.005
32,32,128,256,191.155
32,32,128,512,320.861
32,32,128,1024,579.237
32,32,128,2048,1094.64
32,32,128,4096,2130.14
32,32,128,8192,4200.73
32,32,128,16384,8334.33
32,64,0,0,31.327
32,64,1,16,38.1543
32,64,1,32,40.5763
32,64,1,64,43.1037
32,64,1,128,49.0027
32,64,1,256,49.0877
32,64,1,512,49.4183
32,64,1,1024,50.8147
32,64,1,2048,52.8107
32,64,1,4096,63.4347
32,64,1,8192,80.4903
32,64,1,16384,114.997
32,64,2,16,37.9623
32,64,2,32,40.3947
32,64,2,64,42.912
32,64,2,128,49.0987
32,64,2,256,49.4293
32,64,2,512,50.389
32,64,2,1024,57.088
32,64,2,2048,62.3677
32,64,2,4096,79.8507
32,64,2,8192,115.594
32,64,2,16384,177.811
32,64,4,16,37.9513
32,64,4,32,40.3843
32,64,4,64,43.3917
32,64,4,128,49.7807
32,64,4,256,50.581
32,64,4,512,57.4613
32,64,4,1024,64.9483
32,64,4,2048,83.541
32,64,4,4096,116.255
32,64,4,8192,183.946
32,64,4,16384,316.712
32,64,8,16,38.549
32,64,8,32,41.141
32,64,8,64,43.8187
32,64,8,128,50.8267
32,64,8,256,57.6523
32,64,8,512,65.3013
32,64,8,1024,83.487
32,64,8,2048,117.312
32,64,8,4096,184.094
32,64,8,8192,316.637
32,64,8,16384,583.643
32,64,16,16,39.0503
32,64,16,32,42.261
32,64,16,64,45.2053
32,64,16,128,58.8153
32,64,16,256,66.239
32,64,16,512,82.7307
32,64,16,1024,117.269
32,64,16,2048,183.167
32,64,16,4096,315.485
32,64,16,8192,580.987
32,64,16,16384,1113.06
32,64,32,16,42.6233
32,64,32,32,48.2773
32,64,32,64,52.864
32,64,32,128,63.0927
32,64,32,256,80.4683
32,64,32,512,114.517
32,64,32,1024,182.739
32,64,32,2048,315.325
32,64,32,4096,579.186
32,64,32,8192,1110.77
32,64,32,16384,2173.02
32,64,64,16,50.826
32,64,64,32,60.832
32,64,64,64,70.9437
32,64,64,128,87.6893
32,64,64,256,121.257
32,64,64,512,187.465
32,64,64,1024,317.394
32,64,64,2048,580.113
32,64,64,4096,1101.96
32,64,64,8192,2148.77
32,64,64,16384,4238.19
32,64,128,16,64.3943
32,64,128,32,81.5027
32,64,128,64,99.6367
32,64,128,128,134.036
32,64,128,256,199.06
32,64,128,512,329.096
32,64,128,1024,586.906
32,64,128,2048,1103.31
32,64,128,4096,2136.29
32,64,128,8192,4211.81
32,64,128,16384,8341.52
32,128,0,0,35.242
32,128,1,16,42.1007
32,128,1,32,44.4483
32,128,1,64,47.0613
32,128,1,128,53.5357
32,128,1,256,53.7273
32,128,1,512,53.951
32,128,1,1024,55.029
32,128,1,2048,57.162
32,128,1,4096,67.7973
32,128,1,8192,84.7247
32,128,1,16384,121.022
32,128,2,16,42.0897
32,128,2,32,44.6603
32,128,2,64,47.1997
32,128,2,128,53.5783
32,128,2,256,53.8763
32,128,2,512,54.5593
32,128,2,1024,61.2583
32,128,2,2048,67.135
32,128,2,4096,84.3183
32,128,2,8192,119.69
32,128,2,16384,183.188
32,128,4,16,42.1543
32,128,4,32,44.6073
32,128,4,64,47.3283
32,128,4,128,53.9623
32,128,4,256,54.8583
32,128,4,512,62.24
32,128,4,1024,69.461
32,128,4,2048,87.0387
32,128,4,4096,122.175
32,128,4,8192,188.873
32,128,4,16384,322.323
32,128,8,16,42.7417
32,128,8,32,45.375
32,128,8,64,47.936
32,128,8,128,55.1147
32,128,8,256,62.1007
32,128,8,512,69.738
32,128,8,1024,87.978
32,128,8,2048,121.716
32,128,8,4096,190.26
32,128,8,8192,323.176
32,128,8,16384,588.785
32,128,16,16,43.2427
32,128,16,32,46.5067
32,128,16,64,49.4607
32,128,16,128,63.072
32,128,16,256,71.168
32,128,16,512,88.1173
32,128,16,1024,121.407
32,128,16,2048,187.914
32,128,16,4096,320.489
32,128,16,8192,585.829
32,128,16,16384,1117.04
32,128,32,16,46.5493
32,128,32,32,51.9673
32,128,32,64,57.162
32,128,32,128,66.9967
32,128,32,256,84.7993
32,128,32,512,119.381
32,128,32,1024,185.47
32,128,32,2048,319.282
32,128,32,4096,585.276
32,128,32,8192,1115.99
32,128,32,16384,2176.01
32,128,64,16,54.8587
32,128,64,32,64.7037
32,128,64,64,75.1667
32,128,64,128,92.3727
32,128,64,256,125.653
32,128,64,512,191.966
32,128,64,1024,322.333
32,128,64,2048,582.64
32,128,64,4096,1106.43
32,128,64,8192,2154.19
32,128,64,16384,4242.52
32,128,128,16,68.5333
32,128,128,32,86.0153
32,128,128,64,103.892
32,128,128,128,138.581
32,128,128,256,203.626
32,128,128,512,333.63
32,128,128,1024,591.516
32,128,128,2048,1108.89
32,128,128,4096,2142.44
32,128,128,8192,4212.11
32,128,128,16384,8353.34
32,256,0,0,35.3487
32,256,1,16,42.1973
32,256,1,32,44.6617
32,256,1,64,47.1787
32,256,1,128,53.6527
32,256,1,256,53.8983
32,256,1,512,54.0153
32,256,1,1024,55.1887
32,256,1,2048,57.1513
32,256,1,4096,68.4157
32,256,1,8192,85.8237
32,256,1,16384,121.301
32,256,2,16,42.3893
32,256,2,32,44.6713
32,256,2,64,47.296
32,256,2,128,53.8027
32,256,2,256,54.143
32,256,2,512,54.7833
32,256,2,1024,61.631
32,256,2,2048,68.0307
32,256,2,4096,85.044
32,256,2,8192,119.21
32,256,2,16384,183.742
32,256,4,16,42.218
32,256,4,32,44.6933
32,256,4,64,47.4553
32,256,4,128,54.2397
32,256,4,256,54.8793
32,256,4,512,62.1743
32,256,4,1024,69.2047
32,256,4,2048,88.19
32,256,4,4096,122.058
32,256,4,8192,189.171
32,256,4,16384,322.419
32,256,8,16,42.8253
32,256,8,32,45.333
32,256,8,64,48.1927
32,256,8,128,55.338
32,256,8,256,62.2397
32,256,8,512,70.378
32,256,8,1024,88.5437
32,256,8,2048,122.549
32,256,8,4096,190.772
32,256,8,8192,322.558
32,256,8,16384,588.582
32,256,16,16,43.2847
32,256,16,32,46.5487
32,256,16,64,49.706
32,256,16,128,63.584
32,256,16,256,71.3803
32,256,16,512,89.0013
32,256,16,1024,122.783
32,256,16,2048,188.681
32,256,16,4096,320.894
32,256,16,8192,586.993
32,256,16,16384,1117.78
32,256,32,16,46.5387
32,256,32,32,52.074
32,256,32,64,56.981
32,256,32,128,67.2847
32,256,32,256,85.034
32,256,32,512,118.986
32,256,32,1024,185.95
32,256,32,2048,318.728
32,256,32,4096,584.209
32,256,32,8192,1114.79
32,256,32,16384,2172.78
32,256,64,16,54.944
32,256,64,32,64.917
32,256,64,64,75.819
32,256,64,128,92.5643
32,256,64,256,126.261
32,256,64,512,192.799
32,256,64,1024,323.358
32,256,64,2048,584.305
32,256,64,4096,1108.28
32,256,64,8192,2154.32
32,256,64,16384,4242.11
32,256,128,16,68.5757
32,256,128,32,86.2817
32,256,128,64,104.329
32,256,128,128,138.571
32,256,128,256,204.34
32,256,128,512,333.672
32,256,128,1024,592.955
32,256,128,2048,1107.83
32,256,128,4096,2142.12
32,256,128,8192,4213.41
32,256,128,16384,8353.81
32,512,0,0,35.552
32,512,1,16,42.272
32,512,1,32,44.7777
32,512,1,64,47.3173
32,512,1,128,53.8017
32,512,1,256,53.983
32,512,1,512,54.2393
32,512,1,1024,55.1893
32,512,1,2048,57.888
32,512,1,4096,68.5647
32,512,1,8192,86.3343
32,512,1,16384,120.98
32,512,2,16,42.3247
32,512,2,32,44.6933
32,512,2,64,47.328
32,512,2,128,53.8557
32,512,2,256,54.1763
32,512,2,512,54.8047
32,512,2,1024,62.0897
32,512,2,2048,68.0637
32,512,2,4096,85.866
32,512,2,8192,121.417
32,512,2,16384,184.788
32,512,4,16,42.2817
32,512,4,32,44.7147
32,512,4,64,47.6153
32,512,4,128,54.3133
32,512,4,256,54.9217
32,512,4,512,62.357
32,512,4,1024,70.379
32,512,4,2048,88.5653
32,512,4,4096,122.122
32,512,4,8192,190.227
32,512,4,16384,322.705
32,512,8,16,42.8683
32,512,8,32,45.3433
32,512,8,64,48.202
32,512,8,128,55.5623
32,512,8,256,62.0687
32,512,8,512,71.0387
32,512,8,1024,89.4507
32,512,8,2048,123.284
32,512,8,4096,190.398
32,512,8,8192,322.653
32,512,8,16384,587.42
32,512,16,16,43.189
32,512,16,32,46.453
32,512,16,64,49.8557
32,512,16,128,63.3487
32,512,16,256,71.8607
32,512,16,512,89.855
32,512,16,1024,123.284
32,512,16,2048,188.649
32,512,16,4096,321.693
32,512,16,8192,587.217
32,512,16,16384,1116.55
32,512,32,16,46.5587
32,512,32,32,52.2343
32,512,32,64,57.6747
32,512,32,128,68.2017
32,512,32,256,86.314
32,512,32,512,120.34
32,512,32,1024,186.697
32,512,32,2048,320.36
32,512,32,4096,585.126
32,512,32,8192,1114.66
32,512,32,16384,2178.41
32,512,64,16,55.0393
32,512,64,32,65.7173
32,512,64,64,76.618
32,512,64,128,92.757
32,512,64,256,127.071
32,512,64,512,193.033
32,512,64,1024,322.621
32,512,64,2048,585.606
32,512,64,4096,1107.05
32,512,64,8192,2155.12
32,512,64,16384,4246.39
32,512,128,16,68.544
32,512,128,32,86.9847
32,512,128,64,105.322
32,512,128,128,138.985
32,512,128,256,205.183
32,512,128,512,335.273
32,512,128,1024,591.292
32,512,128,2048,1108.82
32,512,128,4096,2141.15
32,512,128,8192,4213.08
32,512,128,16384,8351.52
32,1024,0,0,37.6747
32,1024,1,16,44.6187
32,1024,1,32,46.9967
32,1024,1,64,49.556
32,1024,1,128,56.127
32,1024,1,256,56.2027
32,1024,1,512,56.3517
32,1024,1,1024,57.8347
32,1024,1,2048,60.3407
32,1024,1,4096,71.52
32,1024,1,8192,90.037
32,1024,1,16384,123.925
32,1024,2,16,44.5123
32,1024,2,32,47.0717
32,1024,2,64,49.632
32,1024,2,128,56.1923
32,1024,2,256,56.159
32,1024,2,512,57.2267
32,1024,2,1024,64.4477
32,1024,2,2048,70.954
32,1024,2,4096,88.9597
32,1024,2,8192,124.799
32,1024,2,16384,188.318
32,1024,4,16,44.7677
32,1024,4,32,47.093
32,1024,4,64,50.1543
32,1024,4,128,56.6397
32,1024,4,256,57.3323
32,1024,4,512,63.968
32,1024,4,1024,72.683
32,1024,4,2048,91.6373
32,1024,4,4096,125.598
32,1024,4,8192,192.649
32,1024,4,16384,327.347
32,1024,8,16,45.194
32,1024,8,32,47.935
32,1024,8,64,50.549
32,1024,8,128,58.1437
32,1024,8,256,65.034
32,1024,8,512,74.1857
32,1024,8,1024,92.1273
32,1024,8,2048,126.25
32,1024,8,4096,192.755
32,1024,8,8192,326.92
32,1024,8,16384,592.56
32,1024,16,16,45.7917
32,1024,16,32,48.9273
32,1024,16,64,52.33
32,1024,16,128,65.6747
32,1024,16,256,75.37
32,1024,16,512,93.0967
32,1024,16,1024,126.569
32,1024,16,2048,191.85
32,1024,16,4096,324.765
32,1024,16,8192,589.563
32,1024,16,16384,1119.44
32,1024,32,16,49.2903
32,1024,32,32,54.9653
32,1024,32,64,60.6823
32,1024,32,128,70.6233
32,1024,32,256,88.9067
32,1024,32,512,123.85
32,1024,32,1024,189.503
32,1024,32,2048,322.867
32,1024,32,4096,589.232
32,1024,32,8192,1119.5
32,1024,32,16384,2177.71
32,1024,64,16,57.952
32,1024,64,32,68.5317
32,1024,64,64,79.744
32,1024,64,128,96.5327
32,1024,64,256,129.609
32,1024,64,512,195.422
32,1024,64,1024,325.971
32,1024,64,2048,586.78
32,1024,64,4096,1109.79
32,1024,64,8192,2155.86
32,1024,64,16384,4245.97
32,1024,128,16,71.808
32,1024,128,32,90.1967
32,1024,128,64,108
32,1024,128,128,141.578
32,1024,128,256,207.806
32,1024,128,512,337.064
32,1024,128,1024,595.227
32,1024,128,2048,1113.65
32,1024,128,4096,2144.99
32,1024,128,8192,4216.68
32,1024,128,16384,8354.84
32,2048,0,0,41.9617
32,2048,1,16,49.098
32,2048,1,32,51.6687
32,2048,1,64,53.995
32,2048,1,128,60.2353
32,2048,1,256,60.629
32,2048,1,512,60.8203
32,2048,1,1024,61.61
32,2048,1,2048,64.5653
32,2048,1,4096,75.669
32,2048,1,8192,94.4723
32,2048,1,16384,129.386
32,2048,2,16,49.088
32,2048,2,32,51.5087
32,2048,2,64,54.2293
32,2048,2,128,60.586
32,2048,2,256,60.7357
32,2048,2,512,61.845
32,2048,2,1024,68.9377
32,2048,2,2048,75.7967
32,2048,2,4096,93.012
32,2048,2,8192,128.361
32,2048,2,16384,192.244
32,2048,4,16,49.216
32,2048,4,32,51.488
32,2048,4,64,54.1433
32,2048,4,128,60.8743
32,2048,4,256,61.525
32,2048,4,512,68.8937
32,2048,4,1024,77.258
32,2048,4,2048,96.8523
32,2048,4,4096,130.409
32,2048,4,8192,198.399
32,2048,4,16384,329.459
32,2048,8,16,49.6
32,2048,8,32,51.9253
32,2048,8,64,54.5057
32,2048,8,128,61.8667
32,2048,8,256,69.0873
32,2048,8,512,78.1753
32,2048,8,1024,97.1507
32,2048,8,2048,130.676
32,2048,8,4096,197.63
32,2048,8,8192,331.305
32,2048,8,16384,597.33
32,2048,16,16,50.6123
32,2048,16,32,53.5777
32,2048,16,64,56.821
32,2048,16,128,70.5063
32,2048,16,256,79.0933
32,2048,16,512,97.674
32,2048,16,1024,131.669
32,2048,16,2048,197.385
32,2048,16,4096,330.557
32,2048,16,8192,595.441
32,2048,16,16384,1125.4
32,2048,32,16,53.0653
32,2048,32,32,59.413
32,2048,32,64,64.768
32,2048,32,128,74.9327
32,2048,32,256,93.7173
32,2048,32,512,127.774
32,2048,32,1024,193.567
32,2048,32,2048,327.56
32,2048,32,4096,593.585
32,2048,32,8192,1124.01
32,2048,32,16384,2185.83
32,2048,64,16,62.2707
32,2048,64,32,73.0127
32,2048,64,64,83.7973
32,2048,64,128,100.501
32,2048,64,256,134.687
32,2048,64,512,201.108
32,2048,64,1024,331.133
32,2048,64,2048,592.187
32,2048,64,4096,1117.58
32,2048,64,8192,2163.17
32,2048,64,16384,4254.17
32,2048,128,16,75.647
32,2048,128,32,93.9087
32,2048,128,64,112.469
32,2048,128,128,146.677
32,2048,128,256,214.004
32,2048,128,512,342.333
32,2048,128,1024,600.998
32,2048,128,2048,1118.13
32,2048,128,4096,2151.74
32,2048,128,8192,4216.72
32,2048,128,16384,8355.95
32,4096,0,0,72.6717
32,4096,1,16,79.242
32,4096,1,32,81.5663
32,4096,1,64,84.1063
32,4096,1,128,90.2817
32,4096,1,256,90.7503
32,4096,1,512,91.775
32,4096,1,1024,93.1197
32,4096,1,2048,95.7757
32,4096,1,4096,106.953
32,4096,1,8192,124.755
32,4096,1,16384,159.401
32,4096,2,16,78.826
32,4096,2,32,81.6947
32,4096,2,64,84.5963
32,4096,2,128,91.1663
32,4096,2,256,91.3703
32,4096,2,512,92.7033
32,4096,2,1024,100.265
32,4096,2,2048,106.122
32,4096,2,4096,123.582
32,4096,2,8192,158.26
32,4096,2,16384,222.985
32,4096,4,16,79.3697
32,4096,4,32,81.962
32,4096,4,64,84.4147
32,4096,4,128,91.8293
32,4096,4,256,93.6313
32,4096,4,512,99.4657
32,4096,4,1024,108.18
32,4096,4,2048,127.691
32,4096,4,4096,161.129
32,4096,4,8192,228.872
32,4096,4,16384,361.608
32,4096,8,16,79.722
32,4096,8,32,83.007
32,4096,8,64,85.2147
32,4096,8,128,93.429
32,4096,8,256,99.3167
32,4096,8,512,109.439
32,4096,8,1024,127.838
32,4096,8,2048,161.001
32,4096,8,4096,227.933
32,4096,8,8192,359.72
32,4096,8,16384,625.787
32,4096,16,16,81.291
32,4096,16,32,84.032
32,4096,16,64,88.1057
32,4096,16,128,101.909
32,4096,16,256,110.655
32,4096,16,512,128.084
32,4096,16,1024,160.82
32,4096,16,2048,228.083
32,4096,16,4096,359.079
32,4096,16,8192,625.308
32,4096,16,16384,1155.62
32,4096,32,16,83.647
32,4096,32,32,89.5567
32,4096,32,64,94.9327
32,4096,32,128,105.225
32,4096,32,256,123.082
32,4096,32,512,157.354
32,4096,32,1024,223.977
32,4096,32,2048,355.976
32,4096,32,4096,622.598
32,4096,32,8192,1153.84
32,4096,32,16384,2214.52
32,4096,64,16,92.7563
32,4096,64,32,103.616
32,4096,64,64,114.666
32,4096,64,128,130.175
32,4096,64,256,164.328
32,4096,64,512,230.409
32,4096,64,1024,361.79
32,4096,64,2048,623.569
32,4096,64,4096,1146.02
32,4096,64,8192,2191.1
32,4096,64,16384,4282.36
32,4096,128,16,106.74
32,4096,128,32,124.095
32,4096,128,64,143.017
32,4096,128,128,176.543
32,4096,128,256,241.961
32,4096,128,512,371.816
32,4096,128,1024,628.795
32,4096,128,2048,1147.5
32,4096,128,4096,2180.33
32,4096,128,8192,4246.12
32,4096,128,16384,8388.97
32,8192,0,0,109.94
32,8192,1,16,116.639
32,8192,1,32,117.503
32,8192,1,64,121.012
32,8192,1,128,128.307
32,8192,1,256,127.636
32,8192,1,512,128.095
32,8192,1,1024,129.268
32,8192,1,2048,132.063
32,8192,1,4096,142.921
32,8192,1,8192,161.77
32,8192,1,16384,195.102
32,8192,2,16,116.052
32,8192,2,32,118.292
32,8192,2,64,120.042
32,8192,2,128,127.732
32,8192,2,256,127.86
32,8192,2,512,129.269
32,8192,2,1024,135.572
32,8192,2,2048,143.082
32,8192,2,4096,160.287
32,8192,2,8192,193.907
32,8192,2,16384,256.787
32,8192,4,16,115.647
32,8192,4,32,118.911
32,8192,4,64,122.196
32,8192,4,128,128.82
32,8192,4,256,129.909
32,8192,4,512,136.661
32,8192,4,1024,146.132
32,8192,4,2048,162.954
32,8192,4,4096,198.1
32,8192,4,8192,264.596
32,8192,4,16384,397.532
32,8192,8,16,115.562
32,8192,8,32,119.615
32,8192,8,64,120.948
32,8192,8,128,129.343
32,8192,8,256,135.188
32,8192,8,512,143.936
32,8192,8,1024,162.549
32,8192,8,2048,196.991
32,8192,8,4096,263.316
32,8192,8,8192,395.645
32,8192,8,16384,663.409
32,8192,16,16,118.004
32,8192,16,32,121.556
32,8192,16,64,124.298
32,8192,16,128,138.207
32,8192,16,256,147.38
32,8192,16,512,165.683
32,8192,16,1024,197.844
32,8192,16,2048,263.945
32,8192,16,4096,395.964
32,8192,16,8192,662.811
32,8192,16,16384,1191.83
32,8192,32,16,120.393
32,8192,32,32,126.901
32,8192,32,64,133.972
32,8192,32,128,141.652
32,8192,32,256,159.456
32,8192,32,512,192.575
32,8192,32,1024,260.169
32,8192,32,2048,393.256
32,8192,32,4096,658.812
32,8192,32,8192,1188.49
32,8192,32,16384,2246.29
32,8192,64,16,129.759
32,8192,64,32,140.01
32,8192,64,64,151.604
32,8192,64,128,168.137
32,8192,64,256,201.267
32,8192,64,512,266.963
32,8192,64,1024,396.531
32,8192,64,2048,660.987
32,8192,64,4096,1183.62
32,8192,64,8192,2227.69
32,8192,64,16384,4323.36
32,8192,128,16,143.402
32,8192,128,32,160.735
32,8192,128,64,179.539
32,8192,128,128,212.681
32,8192,128,256,277.993
32,8192,128,512,410.557
32,8192,128,1024,666.374
32,8192,128,2048,1183.01
32,8192,128,4096,2218.25
32,8192,128,8192,4289.06
32,8192,128,16384,8424.79
32,16384,0,0,182.111
32,16384,1,16,189.501
32,16384,1,32,191.049
32,16384,1,64,193.289
32,16384,1,128,201.374
32,16384,1,256,200.18
32,16384,1,512,200.456
32,16384,1,1024,202.292
32,16384,1,2048,204.541
32,16384,1,4096,215.306
32,16384,1,8192,234.303
32,16384,1,16384,266.899
32,16384,2,16,189.599
32,16384,2,32,192.339
32,16384,2,64,193.651
32,16384,2,128,201.438
32,16384,2,256,200.158
32,16384,2,512,202.963
32,16384,2,1024,209.14
32,16384,2,2048,215.956
32,16384,2,4096,232.883
32,16384,2,8192,267.006
32,16384,2,16384,330.088
32,16384,4,16,190.057
32,16384,4,32,192.34
32,16384,4,64,195.754
32,16384,4,128,202.185
32,16384,4,256,202.985
32,16384,4,512,210.656
32,16384,4,1024,217.79
32,16384,4,2048,237.118
32,16384,4,4096,270.462
32,16384,4,8192,339.155
32,16384,4,16384,470.184
32,16384,8,16,188.841
32,16384,8,32,192.467
32,16384,8,64,195.838
32,16384,8,128,202.666
32,16384,8,256,208.425
32,16384,8,512,218.281
32,16384,8,1024,235.999
32,16384,8,2048,269.971
32,16384,8,4096,336.691
32,16384,8,8192,469.362
32,16384,8,16384,733.936
32,16384,16,16,190.964
32,16384,16,32,194.122
32,16384,16,64,197.321
32,16384,16,128,210.313
32,16384,16,256,219.368
32,16384,16,512,238.398
32,16384,16,1024,272.212
32,16384,16,2048,337.789
32,16384,16,4096,469.65
32,16384,16,8192,734.928
32,16384,16,16384,1264.89
32,16384,32,16,193.673
32,16384,32,32,200.105
32,16384,32,64,204.991
32,16384,32,128,215.156
32,16384,32,256,232.65
32,16384,32,512,266.398
32,16384,32,1024,333.331
32,16384,32,2048,465.767
32,16384,32,4096,730.351
32,16384,32,8192,1258.83
32,16384,32,16384,2325.34
32,16384,64,16,202.655
32,16384,64,32,213.043
32,16384,64,64,225.502
32,16384,64,128,240.607
32,16384,64,256,274.419
32,16384,64,512,339.069
32,16384,64,1024,470.504
32,16384,64,2048,732.55
32,16384,64,4096,1254.95
32,16384,64,8192,2300.71
32,16384,64,16384,4386.19
32,16384,128,16,216.233
32,16384,128,32,234.932
32,16384,128,64,253.15
32,16384,128,128,285.673
32,16384,128,256,351.815
32,16384,128,512,481.362
32,16384,128,1024,739.611
32,16384,128,2048,1256.58
32,16384,128,4096,2291.32
32,16384,128,8192,4359.03
32,16384,128,16384,8491.15
64,0,0,0,23.1037
64,0,1,16,29.9517
64,0,1,32,32.3097
64,0,1,64,34.911
64,0,1,128,41.2683
64,0,1,256,41.44
64,0,1,512,41.6423
64,0,1,1024,42.8697
64,0,1,2048,44.7033
64,0,1,4096,55.893
64,0,1,8192,73.4933
64,0,1,16384,108.128
64,0,2,16,29.9307
64,0,2,32,32.3517
64,0,2,64,35.04
64,0,2,128,41.461
64,0,2,256,41.6103
64,0,2,512,42.5163
64,0,2,1024,49.7697
64,0,2,2048,55.1683
64,0,2,4096,72.415
64,0,2,8192,107.701
64,0,2,16384,172.255
64,0,4,16,29.941
64,0,4,32,32.5223
64,0,4,64,35.274
64,0,4,128,42.0057
64,0,4,256,42.7837
64,0,4,512,50.208
64,0,4,1024,57.4603
64,0,4,2048,75.114
64,0,4,4096,109.396
64,0,4,8192,176.895
64,0,4,16384,311.55
64,0,8,16,31.8717
64,0,8,32,34.442
64,0,8,64,37.2373
64,0,8,128,44.7457
64,0,8,256,51.3917
64,0,8,512,59.6683
64,0,8,1024,77.2253
64,0,8,2048,111.316
64,0,8,4096,178.303
64,0,8,8192,311.389
64,0,8,16384,579.089
64,0,16,16,32.6393
64,0,16,32,35.7013
64,0,16,64,39.0293
64,0,16,128,52.4367
64,0,16,256,60.608
64,0,16,512,78.559
64,0,16,1024,111.274
64,0,16,2048,176.638
64,0,16,4096,309.908
64,0,16,8192,576.017
64,0,16,16384,1105.98
64,0,32,16,35.8393
64,0,32,32,41.589
64,0,32,64,46.304
64,0,32,128,56.2663
64,0,32,256,74.186
64,0,32,512,108.917
64,0,32,1024,174.772
64,0,32,2048,308.35
64,0,32,4096,572.86
64,0,32,8192,1104.08
64,0,32,16384,2167.83
64,0,64,16,42.5707
64,0,64,32,52.778
64,0,64,64,62.997
64,0,64,128,80.4153
64,0,64,256,113.802
64,0,64,512,180.085
64,0,64,1024,309.907
64,0,64,2048,572.839
64,0,64,4096,1094.31
64,0,64,8192,2140.84
64,0,64,16384,4232.17
64,0,128,16,56.3727
64,0,128,32,73.908
64,0,128,64,92.7983
64,0,128,128,127.05
64,0,128,256,192.372
64,0,128,512,322.825
64,0,128,1024,580.945
64,0,128,2048,1096.97
64,0,128,4096,2131.71
64,0,128,8192,4203.28
64,0,128,16384,8342.11
64,16,0,0,29.0237
64,16,1,16,35.883
64,16,1,32,38.3243
64,16,1,64,40.864
64,16,1,128,47.402
64,16,1,256,47.465
64,16,1,512,47.7753
64,16,1,1024,48.8847
64,16,1,2048,50.805
64,16,1,4096,62.229
64,16,1,8192,79.8717
64,16,1,16384,114.133
64,16,2,16,35.9247
64,16,2,32,38.3037
64,16,2,64,40.9483
64,16,2,128,47.5083
64,16,2,256,47.7647
64,16,2,512,48.5543
64,16,2,1024,55.4343
64,16,2,2048,61.1833
64,16,2,4096,78.804
64,16,2,8192,114.026
64,16,2,16384,176.372
64,16,4,16,35.829
64,16,4,32,38.378
64,16,4,64,41.216
64,16,4,128,47.8383
64,16,4,256,48.6177
64,16,4,512,55.7227
64,16,4,1024,63.69
64,16,4,2048,81.4497
64,16,4,4096,116.565
64,16,4,8192,182.91
64,16,4,16384,315.304
64,16,8,16,37.8447
64,16,8,32,40.3093
64,16,8,64,43.135
64,16,8,128,50.539
64,16,8,256,57.5033
64,16,8,512,65.7063
64,16,8,1024,83.4113
64,16,8,2048,118.441
64,16,8,4096,184.063
64,16,8,8192,316.947
64,16,8,16384,583.078
64,16,16,16,38.613
64,16,16,32,41.674
64,16,16,64,45.0243
64,16,16,128,58.8257
64,16,16,256,66.475
64,16,16,512,84.394
64,16,16,1024,117.407
64,16,16,2048,183.305
64,16,16,4096,316.456
64,16,16,8192,582.214
64,16,16,16384,1110.16
64,16,32,16,41.7487
64,16,32,32,47.3913
64,16,32,64,52.0527
64,16,32,128,62.7943
64,16,32,256,79.6903
64,16,32,512,115.136
64,16,32,1024,180.884
64,16,32,2048,314.153
64,16,32,4096,578.961
64,16,32,8192,1111.12
64,16,32,16384,2171.94
64,16,64,16,48.7787
64,16,64,32,58.3143
64,16,64,64,69.0877
64,16,64,128,85.6847
64,16,64,256,119.924
64,16,64,512,186.1
64,16,64,1024,316.915
64,16,64,2048,577.393
64,16,64,4096,1100.81
64,16,64,8192,2148.08
64,16,64,16384,4237.69
64,16,128,16,62.752
64,16,128,32,79.5197
64,16,128,64,98.3567
64,16,128,128,132.82
64,16,128,256,198.281
64,16,128,512,329.48
64,16,128,1024,586.45
64,16,128,2048,1103.11
64,16,128,4096,2135.43
64,16,128,8192,4205.98
64,16,128,16384,8345.22
64,32,0,0,28.949
64,32,1,16,35.8507
64,32,1,32,38.3033
64,32,1,64,40.9277
64,32,1,128,47.3377
64,32,1,256,47.4663
64,32,1,512,47.7757
64,32,1,1024,48.8423
64,32,1,2048,50.965
64,32,1,4096,61.44
64,32,1,8192,78.9853
64,32,1,16384,114.132
64,32,2,16,35.8183
64,32,2,32,38.2503
64,32,2,64,40.853
64,32,2,128,47.413
64,32,2,256,47.702
64,32,2,512,48.7247
64,32,2,1024,55.4447
64,32,2,2048,60.8747
64,32,2,4096,78.3347
64,32,2,8192,113.856
64,32,2,16384,176.393
64,32,4,16,35.9043
64,32,4,32,38.4523
64,32,4,64,41.354
64,32,4,128,47.9997
64,32,4,256,48.6933
64,32,4,512,55.8083
64,32,4,1024,63.509
64,32,4,2048,81.9303
64,32,4,4096,114.965
64,32,4,8192,183.412
64,32,4,16384,315.55
64,32,8,16,37.77
64,32,8,32,40.373
64,32,8,64,43.264
64,32,8,128,50.5707
64,32,8,256,57.1093
64,32,8,512,65.504
64,32,8,1024,83.296
64,32,8,2048,117.759
64,32,8,4096,184.543
64,32,8,8192,317.054
64,32,8,16384,581.255
64,32,16,16,38.2297
64,32,16,32,41.6747
64,32,16,64,44.8103
64,32,16,128,58.2613
64,32,16,256,65.9943
64,32,16,512,83.7853
64,32,16,1024,117.269
64,32,16,2048,183.092
64,32,16,4096,316.318
64,32,16,8192,580.935
64,32,16,16384,1111.95
64,32,32,16,41.7917
64,32,32,32,47.3493
64,32,32,64,52.213
64,32,32,128,62.6343
64,32,32,256,79.4657
64,32,32,512,114.079
64,32,32,1024,180.959
64,32,32,2048,313.576
64,32,32,4096,579.068
64,32,32,8192,1110.69
64,32,32,16384,2172.81
64,32,64,16,48.5437
64,32,64,32,58.623
64,32,64,64,69.4507
64,32,64,128,85.7277
64,32,64,256,119.231
64,32,64,512,185.929
64,32,64,1024,317.693
64,32,64,2048,578.546
64,32,64,4096,1101.01
64,32,64,8192,2147.31
64,32,64,16384,4237.39
64,32,128,16,62.2293
64,32,128,32,79.7537
64,32,128,64,98.304
64,32,128,128,133.642
64,32,128,256,197.876
64,32,128,512,329.149
64,32,128,1024,586.033
64,32,128,2048,1101.5
64,32,128,4096,2136.26
64,32,128,8192,4204.34
64,32,128,16384,8339.94
64,64,0,0,31.5517
64,64,1,16,38.41
64,64,1,32,40.8107
64,64,1,64,43.4663
64,64,1,128,49.845
64,64,1,256,49.973
64,64,1,512,50.058
64,64,1,1024,51.295
64,64,1,2048,53.258
64,64,1,4096,63.8813
64,64,1,8192,81.6313
64,64,1,16384,116.927
64,64,2,16,38.5487
64,64,2,32,40.9483
64,64,2,64,43.4557
64,64,2,128,49.898
64,64,2,256,50.3253
64,64,2,512,51.0497
64,64,2,1024,58.0907
64,64,2,2048,63.5943
64,64,2,4096,81.045
64,64,2,8192,116.105
64,64,2,16384,179.7
64,64,4,16,38.389
64,64,4,32,40.938
64,64,4,64,43.6373
64,64,4,128,50.1863
64,64,4,256,51.0507
64,64,4,512,58.4943
64,64,4,1024,66.0363
64,64,4,2048,83.7647
64,64,4,4096,118.015
64,64,4,8192,186.387
64,64,4,16384,317.63
64,64,8,16,40.3193
64,64,8,32,42.9757
64,64,8,64,45.642
64,64,8,128,53.1197
64,64,8,256,60.0623
64,64,8,512,67.893
64,64,8,1024,85.748
64,64,8,2048,120.041
64,64,8,4096,187.914
64,64,8,8192,321.128
64,64,8,16384,586.353
64,64,16,16,41.0027
64,64,16,32,44.2133
64,64,16,64,47.349
64,64,16,128,61.12
64,64,16,256,68.7987
64,64,16,512,86.549
64,64,16,1024,119.359
64,64,16,2048,185.459
64,64,16,4096,318.238
64,64,16,8192,584.957
64,64,16,16384,1115.39
64,64,32,16,44.3723
64,64,32,32,49.6743
64,64,32,64,54.741
64,64,32,128,64.9387
64,64,32,256,82.5707
64,64,32,512,118.677
64,64,32,1024,183.209
64,64,32,2048,317.961
64,64,32,4096,581.948
64,64,32,8192,1112.71
64,64,32,16384,2175.26
64,64,64,16,51.0507
64,64,64,32,61.1937
64,64,64,64,72.032
64,64,64,128,88.5437
64,64,64,256,122.282
64,64,64,512,188.884
64,64,64,1024,318.376
64,64,64,2048,581.414
64,64,64,4096,1102.84
64,64,64,8192,2149.23
64,64,64,16384,4240.32
64,64,128,16,64.7787
64,64,128,32,82.1753
64,64,128,64,101.077
64,64,128,128,135.178
64,64,128,256,201.375
64,64,128,512,330.995
64,64,128,1024,588.007
64,64,128,2048,1104.24
64,64,128,4096,2139.01
64,64,128,8192,4208.97
64,64,128,16384,8343.3
64,128,0,0,38.6983
64,128,1,16,45.3757
64,128,1,32,47.8603
64,128,1,64,50.411
64,128,1,128,56.864
64,128,1,256,56.9163
64,128,1,512,57.4397
64,128,1,1024,58.186
64,128,1,2048,60.5963
64,128,1,4096,71.9037
64,128,1,8192,90.2917
64,128,1,16384,125.216
64,128,2,16,45.5683
64,128,2,32,47.829
64,128,2,64,50.4633
64,128,2,128,57.2143
64,128,2,256,57.2577
64,128,2,512,58.155
64,128,2,1024,65.3437
64,128,2,2048,71.242
64,128,2,4096,89.2693
64,128,2,8192,124.778
64,128,2,16384,187.509
64,128,4,16,45.7813
64,128,4,32,48.0433
64,128,4,64,50.837
64,128,4,128,57.6087
64,128,4,256,58.058
64,128,4,512,65.664
64,128,4,1024,73.366
64,128,4,2048,92.458
64,128,4,4096,126.058
64,128,4,8192,195.657
64,128,4,16384,327.752
64,128,8,16,47.5517
64,128,8,32,50.2187
64,128,8,64,52.7993
64,128,8,128,60.0317
64,128,8,256,66.783
64,128,8,512,75.5943
64,128,8,1024,94.517
64,128,8,2048,128.618
64,128,8,4096,194.644
64,128,8,8192,328.329
64,128,8,16384,593.446
64,128,16,16,47.9037
64,128,16,32,51.3273
64,128,16,64,54.464
64,128,16,128,67.744
64,128,16,256,76.2123
64,128,16,512,95.1667
64,128,16,1024,128.116
64,128,16,2048,193.513
64,128,16,4096,327.007
64,128,16,8192,591.984
64,128,16,16384,1122.54
64,128,32,16,51.5303
64,128,32,32,57.1303
64,128,32,64,63.0077
64,128,32,128,72.3407
64,128,32,256,90.922
64,128,32,512,125.834
64,128,32,1024,192.873
64,128,32,2048,326.312
64,128,32,4096,590.588
64,128,32,8192,1120.57
64,128,32,16384,2181.86
64,128,64,16,58.2073
64,128,64,32,68.714
64,128,64,64,80.373
64,128,64,128,96.437
64,128,64,256,130.314
64,128,64,512,196.339
64,128,64,1024,326.697
64,128,64,2048,587.324
64,128,64,4096,1113.71
64,128,64,8192,2157.51
64,128,64,16384,4248.69
64,128,128,16,72.2347
64,128,128,32,90.3467
64,128,128,64,108.917
64,128,128,128,143.21
64,128,128,256,208.734
64,128,128,512,338.365
64,128,128,1024,596.198
64,128,128,2048,1113.42
64,128,128,4096,2144.35
64,128,128,8192,4216.49
64,128,128,16384,8353.13
64,256,0,0,38.8903
64,256,1,16,45.803
64,256,1,32,48.3203
64,256,1,64,50.7087
64,256,1,128,57.386
64,256,1,256,57.3003
64,256,1,512,57.6313
64,256,1,1024,58.7623
64,256,1,2048,61.3757
64,256,1,4096,72.597
64,256,1,8192,90.7197
64,256,1,16384,126.527
64,256,2,16,45.9193
64,256,2,32,48.1177
64,256,2,64,50.7733
64,256,2,128,57.4503
64,256,2,256,57.5247
64,256,2,512,58.283
64,256,2,1024,65.4817
64,256,2,2048,72.0513
64,256,2,4096,89.9193
64,256,2,8192,124.18
64,256,2,16384,188.756
64,256,4,16,46.0053
64,256,4,32,48.1807
64,256,4,64,51.3167
64,256,4,128,57.9407
64,256,4,256,58.4857
64,256,4,512,66.132
64,256,4,1024,74.4423
64,256,4,2048,92.0837
64,256,4,4096,126.741
64,256,4,8192,194.857
64,256,4,16384,327.698
64,256,8,16,47.8717
64,256,8,32,50.1857
64,256,8,64,53.2483
64,256,8,128,60.459
64,256,8,256,67.594
64,256,8,512,76.395
64,256,8,1024,94.3357
64,256,8,2048,128.628
64,256,8,4096,194.868
64,256,8,8192,329.384
64,256,8,16384,594.311
64,256,16,16,48.757
64,256,16,32,51.8607
64,256,16,64,54.8477
64,256,16,128,68.5547
64,256,16,256,77.4063
64,256,16,512,96.191
64,256,16,1024,130.239
64,256,16,2048,194.729
64,256,16,4096,327.198
64,256,16,8192,592.135
64,256,16,16384,1119.51
64,256,32,16,51.7007
64,256,32,32,57.6313
64,256,32,64,63.0187
64,256,32,128,73.4393
64,256,32,256,91.8383
64,256,32,512,125.044
64,256,32,1024,192.361
64,256,32,2048,325.235
64,256,32,4096,590.875
64,256,32,8192,1119.14
64,256,32,16384,2184.32
64,256,64,16,58.6873
64,256,64,32,69.546
64,256,64,64,80.544
64,256,64,128,96.8307
64,256,64,256,131.284
64,256,64,512,197.107
64,256,64,1024,327.731
64,256,64,2048,588.881
64,256,64,4096,1113.03
64,256,64,8192,2158.05
64,256,64,16384,4248.08
64,256,128,16,72.5227
64,256,128,32,90.6553
64,256,128,64,109.514
64,256,128,128,144.116
64,256,128,256,209.662
64,256,128,512,339.133
64,256,128,1024,596.519
64,256,128,2048,1112.82
64,256,128,4096,2145.85
64,256,128,8192,4220.85
64,256,128,16384,8353.16
64,512,0,0,40.2663
64,512,1,16,46.7627
64,512,1,32,49.2153
64,512,1,64,51.9147
64,512,1,128,58.24
64,512,1,256,58.4317
64,512,1,512,58.8363
64,512,1,1024,59.626
64,512,1,2048,62.6763
64,512,1,4096,73.8117
64,512,1,8192,92.299
64,512,1,16384,126.505
64,512,2,16,46.9433
64,512,2,32,49.1943
64,512,2,64,51.9783
64,512,2,128,58.421
64,512,2,256,58.6657
64,512,2,512,59.594
64,512,2,1024,66.8477
64,512,2,2048,73.0763
64,512,2,4096,91.1143
64,512,2,8192,127.156
64,512,2,16384,191.285
64,512,4,16,46.9867
64,512,4,32,49.5253
64,512,4,64,52.139
64,512,4,128,58.613
64,512,4,256,59.8397
64,512,4,512,66.5803
64,512,4,1024,75.5297
64,512,4,2048,95.039
64,512,4,4096,128.681
64,512,4,8192,197.172
64,512,4,16384,329.886
64,512,8,16,48.8427
64,512,8,32,51.434
64,512,8,64,54.357
64,512,8,128,61.653
64,512,8,256,68.2237
64,512,8,512,78.1547
64,512,8,1024,96.2667
64,512,8,2048,130.037
64,512,8,4096,196.831
64,512,8,8192,332.2
64,512,8,16384,594.384
64,512,16,16,49.504
64,512,16,32,52.7567
64,512,16,64,56.2027
64,512,16,128,69.5567
64,512,16,256,78.7623
64,512,16,512,97.013
64,512,16,1024,130.729
64,512,16,2048,196.169
64,512,16,4096,330.28
64,512,16,8192,594.107
64,512,16,16384,1121.65
64,512,32,16,52.928
64,512,32,32,58.922
64,512,32,64,64.362
64,512,32,128,74.7727
64,512,32,256,92.415
64,512,32,512,127.232
64,512,32,1024,192.649
64,512,32,2048,327.101
64,512,32,4096,592.956
64,512,32,8192,1124.39
64,512,32,16384,2184.97
64,512,64,16,59.6367
64,512,64,32,71.0603
64,512,64,64,81.8667
64,512,64,128,98.7087
64,512,64,256,132.906
64,512,64,512,197.898
64,512,64,1024,328.978
64,512,64,2048,590.876
64,512,64,4096,1113.29
64,512,64,8192,2158.33
64,512,64,16384,4249.66
64,512,128,16,73.685
64,512,128,32,92.1173
64,512,128,64,110.73
64,512,128,128,144.682
64,512,128,256,210.132
64,512,128,512,341.064
64,512,128,1024,597.362
64,512,128,2048,1114.6
64,512,128,4096,2150.51
64,512,128,8192,4215.72
64,512,128,16384,8355.45
64,1024,0,0,60.235
64,1024,1,16,66.901
64,1024,1,32,68.96
64,1024,1,64,71.658
64,1024,1,128,77.973
64,1024,1,256,78.3453
64,1024,1,512,78.218
64,1024,1,1024,79.5943
64,1024,1,2048,82.3567
64,1024,1,4096,93.5877
64,1024,1,8192,112.426
64,1024,1,16384,146.75
64,1024,2,16,66.666
64,1024,2,32,69.3967
64,1024,2,64,71.9033
64,1024,2,128,78.0577
64,1024,2,256,78.4417
64,1024,2,512,79.4443
64,1024,2,1024,86.4413
64,1024,2,2048,93.3953
64,1024,2,4096,111.253
64,1024,2,8192,146.325
64,1024,2,16384,211.006
64,1024,4,16,66.432
64,1024,4,32,68.959
64,1024,4,64,71.818
64,1024,4,128,78.7617
64,1024,4,256,79.3177
64,1024,4,512,86.5593
64,1024,4,1024,94.7627
64,1024,4,2048,114.773
64,1024,4,4096,147.637
64,1024,4,8192,216.115
64,1024,4,16384,348.851
64,1024,8,16,69.024
64,1024,8,32,71.9147
64,1024,8,64,74.965
64,1024,8,128,81.7593
64,1024,8,256,88.4583
64,1024,8,512,97.9937
64,1024,8,1024,116.629
64,1024,8,2048,150.624
64,1024,8,4096,217.407
64,1024,8,8192,350.792
64,1024,8,16384,616.582
64,1024,16,16,69.1193
64,1024,16,32,72.5963
64,1024,16,64,75.6477
64,1024,16,128,89.3443
64,1024,16,256,98.282
64,1024,16,512,118.025
64,1024,16,1024,150.495
64,1024,16,2048,216.287
64,1024,16,4096,349.245
64,1024,16,8192,614.501
64,1024,16,16384,1143.45
64,1024,32,16,72.703
64,1024,32,32,78.4523
64,1024,32,64,83.9567
64,1024,32,128,93.9083
64,1024,32,256,113.205
64,1024,32,512,146.804
64,1024,32,1024,213.993
64,1024,32,2048,347.102
64,1024,32,4096,611.867
64,1024,32,8192,1143.2
64,1024,32,16384,2204.27
64,1024,64,16,79.4233
64,1024,64,32,91.1247
64,1024,64,64,101.77
64,1024,64,128,118.687
64,1024,64,256,152.553
64,1024,64,512,218.9
64,1024,64,1024,348.435
64,1024,64,2048,609.82
64,1024,64,4096,1133.99
64,1024,64,8192,2181.75
64,1024,64,16384,4269.47
64,1024,128,16,93.93
64,1024,128,32,112.213
64,1024,128,64,130.463
64,1024,128,128,165.193
64,1024,128,256,230.559
64,1024,128,512,360.542
64,1024,128,1024,618.066
64,1024,128,2048,1136.26
64,1024,128,4096,2169.76
64,1024,128,8192,4236.44
64,1024,128,16384,8379.83
64,2048,0,0,72.8743
64,2048,1,16,79.1883
64,2048,1,32,81.514
64,2048,1,64,83.9987
64,2048,1,128,90.154
64,2048,1,256,90.421
64,2048,1,512,90.922
64,2048,1,1024,93.0227
64,2048,1,2048,95.3803
64,2048,1,4096,106.174
64,2048,1,8192,123.327
64,2048,1,16384,157.621
64,2048,2,16,78.922
64,2048,2,32,81.5783
64,2048,2,64,83.957
64,2048,2,128,90.7727
64,2048,2,256,91.4233
64,2048,2,512,93.8343
64,2048,2,1024,99.1143
64,2048,2,2048,106.048
64,2048,2,4096,124.021
64,2048,2,8192,158.879
64,2048,2,16384,223.625
64,2048,4,16,79.5407
64,2048,4,32,81.93
64,2048,4,64,85.2157
64,2048,4,128,91.0293
64,2048,4,256,92.9163
64,2048,4,512,98.5697
64,2048,4,1024,108.233
64,2048,4,2048,127.189
64,2048,4,4096,160.032
64,2048,4,8192,227.315
64,2048,4,16384,359.762
64,2048,8,16,81.109
64,2048,8,32,84.5863
64,2048,8,64,87.1467
64,2048,8,128,95.7117
64,2048,8,256,101.685
64,2048,8,512,110.367
64,2048,8,1024,129.279
64,2048,8,2048,162.655
64,2048,8,4096,230.825
64,2048,8,8192,362.227
64,2048,8,16384,626.522
64,2048,16,16,82.463
64,2048,16,32,85.4497
64,2048,16,64,89.653
64,2048,16,128,103.07
64,2048,16,256,112.021
64,2048,16,512,130.58
64,2048,16,1024,163.69
64,2048,16,2048,229.418
64,2048,16,4096,361.929
64,2048,16,8192,625.585
64,2048,16,16384,1158.3
64,2048,32,16,85.589
64,2048,32,32,92.2563
64,2048,32,64,96.9163
64,2048,32,128,106.901
64,2048,32,256,126.068
64,2048,32,512,159.102
64,2048,32,1024,226.452
64,2048,32,2048,360.456
64,2048,32,4096,621.809
64,2048,32,8192,1154.7
64,2048,32,16384,2211.76
64,2048,64,16,94.1217
64,2048,64,32,103.605
64,2048,64,64,114.176
64,2048,64,128,131.242
64,2048,64,256,164.297
64,2048,64,512,230.921
64,2048,64,1024,361.917
64,2048,64,2048,623.175
64,2048,64,4096,1145.78
64,2048,64,8192,2191.28
64,2048,64,16384,4285.91
64,2048,128,16,106.676
64,2048,128,32,124.426
64,2048,128,64,143.626
64,2048,128,128,177.001
64,2048,128,256,242.963
64,2048,128,512,374.27
64,2048,128,1024,630.79
64,2048,128,2048,1146.97
64,2048,128,4096,2182.55
64,2048,128,8192,4252.53
64,2048,128,16384,8385.83
64,4096,0,0,106.059
64,4096,1,16,112.757
64,4096,1,32,115.039
64,4096,1,64,117.61
64,4096,1,128,124.863
64,4096,1,256,124.202
64,4096,1,512,125.311
64,4096,1,1024,126.794
64,4096,1,2048,130.026
64,4096,1,4096,140.116
64,4096,1,8192,157.683
64,4096,1,16384,191.988
64,4096,2,16,113.258
64,4096,2,32,115.892
64,4096,2,64,117.833
64,4096,2,128,124.895
64,4096,2,256,125.226
64,4096,2,512,126.303
64,4096,2,1024,133.258
64,4096,2,2048,139.829
64,4096,2,4096,156.574
64,4096,2,8192,193.118
64,4096,2,16384,255.87
64,4096,4,16,113.3
64,4096,4,32,115.754
64,4096,4,64,118.88
64,4096,4,128,125.514
64,4096,4,256,126.9
64,4096,4,512,133.322
64,4096,4,1024,142.089
64,4096,4,2048,160.969
64,4096,4,4096,193.663
64,4096,4,8192,260.126
64,4096,4,16384,393.735
64,4096,8,16,115.306
64,4096,8,32,118.484
64,4096,8,64,121.216
64,4096,8,128,129.438
64,4096,8,256,134.441
64,4096,8,512,144.649
64,4096,8,1024,162.9
64,4096,8,2048,196.351
64,4096,8,4096,262.559
64,4096,8,8192,395.71
64,4096,8,16384,660.443
64,4096,16,16,116.096
64,4096,16,32,119.061
64,4096,16,64,123.007
64,4096,16,128,136.255
64,4096,16,256,145.844
64,4096,16,512,163.328
64,4096,16,1024,197.332
64,4096,16,2048,263.166
64,4096,16,4096,396.477
64,4096,16,8192,660.785
64,4096,16,16384,1188.42
64,4096,32,16,119.754
64,4096,32,32,125.653
64,4096,32,64,130.89
64,4096,32,128,141.397
64,4096,32,256,158.9
64,4096,32,512,192.64
64,4096,32,1024,258.889
64,4096,32,2048,390.227
64,4096,32,4096,657.297
64,4096,32,8192,1186.59
64,4096,32,16384,2247.29
64,4096,64,16,127.402
64,4096,64,32,137.545
64,4096,64,64,148.117
64,4096,64,128,165.012
64,4096,64,256,197.897
64,4096,64,512,265.193
64,4096,64,1024,394.781
64,4096,64,2048,656.348
64,4096,64,4096,1178.5
64,4096,64,8192,2225.15
64,4096,64,16384,4317.34
64,4096,128,16,140.469
64,4096,128,32,158.399
64,4096,128,64,176.819
64,4096,128,128,211.22
64,4096,128,256,275.934
64,4096,128,512,406.717
64,4096,128,1024,664.443
64,4096,128,2048,1183.32
64,4096,128,4096,2214.42
64,4096,128,8192,4282.27
64,4096,128,16384,8420.3
64,8192,0,0,173.577
64,8192,1,16,181.044
64,8192,1,32,183.263
64,8192,1,64,185.695
64,8192,1,128,192.382
64,8192,1,256,192.351
64,8192,1,512,192.905
64,8192,1,1024,194.377
64,8192,1,2048,196.894
64,8192,1,4096,207.678
64,8192,1,8192,225.108
64,8192,1,16384,259.326
64,8192,2,16,181.3
64,8192,2,32,183.561
64,8192,2,64,185.855
64,8192,2,128,192.607
64,8192,2,256,192.83
64,8192,2,512,194.047
64,8192,2,1024,200.841
64,8192,2,2048,207.86
64,8192,2,4096,225.257
64,8192,2,8192,260.275
64,8192,2,16384,323.71
64,8192,4,16,181.365
64,8192,4,32,183.796
64,8192,4,64,186.004
64,8192,4,128,193.396
64,8192,4,256,194.825
64,8192,4,512,201.097
64,8192,4,1024,209.726
64,8192,4,2048,227.721
64,8192,4,4096,261.534
64,8192,4,8192,328.659
64,8192,4,16384,461.18
64,8192,8,16,183.187
64,8192,8,32,186.068
64,8192,8,64,188.681
64,8192,8,128,196.628
64,8192,8,256,201.887
64,8192,8,512,211.775
64,8192,8,1024,230.484
64,8192,8,2048,263.946
64,8192,8,4096,329.469
64,8192,8,8192,462.269
64,8192,8,16384,729.67
64,8192,16,16,183.402
64,8192,16,32,187.348
64,8192,16,64,191.039
64,8192,16,128,204.277
64,8192,16,256,212.66
64,8192,16,512,231.978
64,8192,16,1024,265.299
64,8192,16,2048,330.781
64,8192,16,4096,462.76
64,8192,16,8192,727.739
64,8192,16,16384,1257.58
64,8192,32,16,186.9
64,8192,32,32,192.99
64,8192,32,64,198.548
64,8192,32,128,208.266
64,8192,32,256,225.94
64,8192,32,512,259.998
64,8192,32,1024,325.534
64,8192,32,2048,458.92
64,8192,32,4096,723.366
64,8192,32,8192,1252.22
64,8192,32,16384,2313.8
64,8192,64,16,194.762
64,8192,64,32,205.481
64,8192,64,64,216.009
64,8192,64,128,232.938
64,8192,64,256,266.12
64,8192,64,512,332.094
64,8192,64,1024,461.906
64,8192,64,2048,724.176
64,8192,64,4096,1248.25
64,8192,64,8192,2294.93
64,8192,64,16384,4387.72
64,8192,128,16,208.297
64,8192,128,32,226.462
64,8192,128,64,244.148
64,8192,128,128,278.536
64,8192,128,256,344.691
64,8192,128,512,474.963
64,8192,128,1024,731.451
64,8192,128,2048,1248.77
64,8192,128,4096,2281.86
64,8192,128,8192,4354.19
64,8192,128,16384,8490.47
64,16384,0,0,305.629
64,16384,1,16,312.692
64,16384,1,32,315.07
64,16384,1,64,317.608
64,16384,1,128,324.648
64,16384,1,256,324.798
64,16384,1,512,324.648
64,16384,1,1024,326.44
64,16384,1,2048,329.555
64,16384,1,4096,340.553
64,16384,1,8192,357.117
64,16384,1,16384,391.048
64,16384,2,16,313.534
64,16384,2,32,314.899
64,16384,2,64,317.832
64,16384,2,128,324.425
64,16384,2,256,324.681
64,16384,2,512,326.354
64,16384,2,1024,332.135
64,16384,2,2048,339.315
64,16384,2,4096,357.395
64,16384,2,8192,391.656
64,16384,2,16384,454.802
64,16384,4,16,312.894
64,16384,4,32,315.294
64,16384,4,64,318.313
64,16384,4,128,324.957
64,16384,4,256,326.697
64,16384,4,512,332.755
64,16384,4,1024,341.544
64,16384,4,2048,360.787
64,16384,4,4096,394.397
64,16384,4,8192,460.425
64,16384,4,16384,590.972
64,16384,8,16,314.611
64,16384,8,32,318.068
64,16384,8,64,321.097
64,16384,8,128,328.809
64,16384,8,256,335.123
64,16384,8,512,344.414
64,16384,8,1024,362.365
64,16384,8,2048,394.973
64,16384,8,4096,462.653
64,16384,8,8192,594.62
64,16384,8,16384,859.972
64,16384,16,16,316.136
64,16384,16,32,319.507
64,16384,16,64,323.176
64,16384,16,128,335.891
64,16384,16,256,345.47
64,16384,16,512,362.664
64,16384,16,1024,396.317
64,16384,16,2048,462.738
64,16384,16,4096,595.271
64,16384,16,8192,858.991
64,16384,16,16384,1387.33
64,16384,32,16,319.07
64,16384,32,32,324.819
64,16384,32,64,330.29
64,16384,32,128,340.819
64,16384,32,256,358.579
64,16384,32,512,392.211
64,16384,32,1024,458.109
64,16384,32,2048,590.278
64,16384,32,4096,855.642
64,16384,32,8192,1388.94
64,16384,32,16384,2445.25
64,16384,64,16,326.995
64,16384,64,32,336.851
64,16384,64,64,348.691
64,16384,64,128,365.203
64,16384,64,256,397.683
64,16384,64,512,464.135
64,16384,64,1024,595.292
64,16384,64,2048,857.317
64,16384,64,4096,1381.76
64,16384,64,8192,2426.65
64,16384,64,16384,4519.72
64,16384,128,16,340.574
64,16384,128,32,358.43
64,16384,128,64,376.306
64,16384,128,128,410.376
64,16384,128,256,476.68
64,16384,128,512,606.918
64,16384,128,1024,864.239
64,16384,128,2048,1381.37
64,16384,128,4096,2414.86
64,16384,128,8192,4485.98
64,16384,128,16384,8625.61
128,0,0,0,29.5253
128,0,1,16,36.309
128,0,1,32,38.7837
128,0,1,64,41.3333
128,0,1,128,47.8293
128,0,1,256,48.0317
128,0,1,512,48.2133
128,0,1,1024,49.3223
128,0,1,2048,51.5517
128,0,1,4096,62.837
128,0,1,8192,81.3117
128,0,1,16384,116.522
128,0,2,16,36.5117
128,0,2,32,38.912
128,0,2,64,41.4187
128,0,2,128,48.0417
128,0,2,256,48.3937
128,0,2,512,49.098
128,0,2,1024,56.7353
128,0,2,2048,62.8167
128,0,2,4096,80.7883
128,0,2,8192,115.051
128,0,2,16384,179.828
128,0,4,16,36.65
128,0,4,32,39.0293
128,0,4,64,41.8553
128,0,4,128,48.437
128,0,4,256,49.3647
128,0,4,512,56.629
128,0,4,1024,65.0127
128,0,4,2048,82.88
128,0,4,4096,117.46
128,0,4,8192,184.724
128,0,4,16384,318.503
128,0,8,16,37.1623
128,0,8,32,39.701
128,0,8,64,42.4003
128,0,8,128,49.8237
128,0,8,256,56.7253
128,0,8,512,66.2177
128,0,8,1024,84.9807
128,0,8,2048,118.142
128,0,8,4096,185.674
128,0,8,8192,318.91
128,0,8,16384,586.064
128,0,16,16,38.9533
128,0,16,32,41.9943
128,0,16,64,44.917
128,0,16,128,58.859
128,0,16,256,66.9423
128,0,16,512,85.631
128,0,16,1024,118.485
128,0,16,2048,184.948
128,0,16,4096,317.736
128,0,16,8192,583.676
128,0,16,16384,1114.08
128,0,32,16,42.3897
128,0,32,32,48.2987
128,0,32,64,53.3333
128,0,32,128,64.298
128,0,32,256,81.7807
128,0,32,512,117.119
128,0,32,1024,182.953
128,0,32,2048,316.894
128,0,32,4096,581.97
128,0,32,8192,1110.83
128,0,32,16384,2172.21
128,0,64,16,49.4927
128,0,64,32,59.9893
128,0,64,64,70.9433
128,0,64,128,87.68
128,0,64,256,121.151
128,0,64,512,188.116
128,0,64,1024,318.483
128,0,64,2048,579.154
128,0,64,4096,1103.69
128,0,64,8192,2149.22
128,0,64,16384,4239.2
128,0,128,16,63.4017
128,0,128,32,80.9267
128,0,128,64,99.4023
128,0,128,128,134.005
128,0,128,256,199.913
128,0,128,512,330.216
128,0,128,1024,587.602
128,0,128,2048,1104.24
128,0,128,4096,2138.23
128,0,128,8192,4204
128,0,128,16384,8343.32
128,16,0,0,48.791
128,16,1,16,55.553
128,16,1,32,57.932
128,16,1,64,60.652
128,16,1,128,66.9673
128,16,1,256,67.276
128,16,1,512,67.351
128,16,1,1024,68.2257
128,16,1,2048,71.3623
128,16,1,4096,82.8493
128,16,1,8192,101.784
128,16,1,16384,135.993
128,16,2,16,55.638
128,16,2,32,58.071
128,16,2,64,60.599
128,16,2,128,67.2127
128,16,2,256,67.2767
128,16,2,512,68.3317
128,16,2,1024,75.1277
128,16,2,2048,82.327
128,16,2,4096,100.259
128,16,2,8192,135.972
128,16,2,16384,200.549
128,16,4,16,55.735
128,16,4,32,58.3703
128,16,4,64,61.2497
128,16,4,128,67.5533
128,16,4,256,68.215
128,16,4,512,75.7567
128,16,4,1024,83.725
128,16,4,2048,103.436
128,16,4,4096,137.582
128,16,4,8192,205.296
128,16,4,16384,337.075
128,16,8,16,56.2573
128,16,8,32,58.689
128,16,8,64,61.6013
128,16,8,128,68.9613
128,16,8,256,76.556
128,16,8,512,85.3887
128,16,8,1024,103.598
128,16,8,2048,137.337
128,16,8,4096,205.221
128,16,8,8192,338.345
128,16,8,16384,603.684
128,16,16,16,57.772
128,16,16,32,61.089
128,16,16,64,64.13
128,16,16,128,78.168
128,16,16,256,87.1913
128,16,16,512,106.073
128,16,16,1024,139
128,16,16,2048,204.848
128,16,16,4096,337.384
128,16,16,8192,602.918
128,16,16,16384,1132.18
128,16,32,16,61.42
128,16,32,32,67.6177
128,16,32,64,73.026
128,16,32,128,83.0953
128,16,32,256,101.262
128,16,32,512,135.481
128,16,32,1024,201.946
128,16,32,2048,335.325
128,16,32,4096,602.181
128,16,32,8192,1131.86
128,16,32,16384,2191.59
128,16,64,16,68.6527
128,16,64,32,79.7993
128,16,64,64,90.4873
128,16,64,128,107.406
128,16,64,256,141.39
128,16,64,512,207.504
128,16,64,1024,337.854
128,16,64,2048,599.449
128,16,64,4096,1122.58
128,16,64,8192,2170.21
128,16,64,16384,4259.15
128,16,128,16,82.5093
128,16,128,32,100.855
128,16,128,64,119.779
128,16,128,128,153.679
128,16,128,256,218.651
128,16,128,512,348.542
128,16,128,1024,607.087
128,16,128,2048,1123.68
128,16,128,4096,2158.12
128,16,128,8192,4230.5
128,16,128,16384,8366.78
128,32,0,0,48.556
128,32,1,16,55.169
128,32,1,32,57.708
128,32,1,64,60.2253
128,32,1,128,66.6687
128,32,1,256,66.6783
128,32,1,512,67.3087
128,32,1,1024,68.162
128,32,1,2048,70.9037
128,32,1,4096,82.7423
128,32,1,8192,101.091
128,32,1,16384,136.942
128,32,2,16,55.2977
128,32,2,32,57.5057
128,32,2,64,60.2893
128,32,2,128,66.711
128,32,2,256,67.351
128,32,2,512,68.0237
128,32,2,1024,74.9143
128,32,2,2048,81.613
128,32,2,4096,99.5223
128,32,2,8192,134.701
128,32,2,16384,199.141
128,32,4,16,55.3503
128,32,4,32,57.6017
128,32,4,64,60.844
128,32,4,128,67.4047
128,32,4,256,67.7243
128,32,4,512,75.2127
128,32,4,1024,83.468
128,32,4,2048,102.679
128,32,4,4096,137.774
128,32,4,8192,203.493
128,32,4,16384,337.874
128,32,8,16,55.766
128,32,8,32,58.476
128,32,8,64,61.2387
128,32,8,128,68.364
128,32,8,256,75.5123
128,32,8,512,84.706
128,32,8,1024,104.781
128,32,8,2048,136.815
128,32,8,4096,204.538
128,32,8,8192,336.733
128,32,8,16384,604.686
128,32,16,16,57.708
128,32,16,32,60.7907
128,32,16,64,64.3437
128,32,16,128,77.8793
128,32,16,256,86.5303
128,32,16,512,105.165
128,32,16,1024,138.862
128,32,16,2048,204.548
128,32,16,4096,337.832
128,32,16,8192,603.95
128,32,16,16384,1135.79
128,32,32,16,61.1637
128,32,32,32,67.4037
128,32,32,64,72.3
128,32,32,128,82.957
128,32,32,256,101.123
128,32,32,512,136.024
128,32,32,1024,202.32
128,32,32,2048,334.28
128,32,32,4096,600.568
128,32,32,8192,1133.36
128,32,32,16384,2190.17
128,32,64,16,68.5347
128,32,64,32,79.0093
128,32,64,64,89.6767
128,32,64,128,106.808
128,32,64,256,140.643
128,32,64,512,207.269
128,32,64,1024,336.786
128,32,64,2048,598.606
128,32,64,4096,1125.15
128,32,64,8192,2165.91
128,32,64,16384,4258.33
128,32,128,16,82.284
128,32,128,32,100.333
128,32,128,64,118.489
128,32,128,128,152.975
128,32,128,256,218.917
128,32,128,512,349.661
128,32,128,1024,606.009
128,32,128,2048,1123.35
128,32,128,4096,2157.21
128,32,128,8192,4224.5
128,32,128,16384,8362.15
128,64,0,0,48.6203
128,64,1,16,55.3503
128,64,1,32,57.5907
128,64,1,64,60.2357
128,64,1,128,67.106
128,64,1,256,67.0413
128,64,1,512,67.063
128,64,1,1024,68.3653
128,64,1,2048,70.8277
128,64,1,4096,82.2943
128,64,1,8192,101.495
128,64,1,16384,135.95
128,64,2,16,55.4463
128,64,2,32,57.761
128,64,2,64,60.4603
128,64,2,128,67.1697
128,64,2,256,67.3833
128,64,2,512,67.97
128,64,2,1024,75.4987
128,64,2,2048,81.986
128,64,2,4096,99.831
128,64,2,8192,134.882
128,64,2,16384,198.575
128,64,4,16,55.3183
128,64,4,32,57.773
128,64,4,64,60.5673
128,64,4,128,67.4147
128,64,4,256,67.9273
128,64,4,512,75.8953
128,64,4,1024,84.279
128,64,4,2048,103.18
128,64,4,4096,137.144
128,64,4,8192,204.591
128,64,4,16384,337.203
128,64,8,16,56.055
128,64,8,32,58.539
128,64,8,64,61.3877
128,64,8,128,68.6727
128,64,8,256,75.7343
128,64,8,512,84.9723
128,64,8,1024,103.981
128,64,8,2048,137.177
128,64,8,4096,206.138
128,64,8,8192,338.311
128,64,8,16384,601.912
128,64,16,16,57.7717
128,64,16,32,61.2703
128,64,16,64,64.151
128,64,16,128,77.7837
128,64,16,256,86.7753
128,64,16,512,104.877
128,64,16,1024,138.734
128,64,16,2048,204.954
128,64,16,4096,337.448
128,64,16,8192,603.171
128,64,16,16384,1133.75
128,64,32,16,61.2167
128,64,32,32,67.223
128,64,32,64,72.929
128,64,32,128,83.0523
128,64,32,256,100.834
128,64,32,512,135.566
128,64,32,1024,201.86
128,64,32,2048,334.375
128,64,32,4096,601.431
128,64,32,8192,1131.85
128,64,32,16384,2191.75
128,64,64,16,68.716
128,64,64,32,79.2973
128,64,64,64,90.744
128,64,64,128,107.031
128,64,64,256,140.483
128,64,64,512,207.002
128,64,64,1024,337.565
128,64,64,2048,599.074
128,64,64,4096,1123.02
128,64,64,8192,2168.16
128,64,64,16384,4264.71
128,64,128,16,82.113
128,64,128,32,100.557
128,64,128,64,118.691
128,64,128,128,152.985
128,64,128,256,219.387
128,64,128,512,348.37
128,64,128,1024,606.327
128,64,128,2048,1121.92
128,64,128,4096,2157.38
128,64,128,8192,4225.61
128,64,128,16384,8365.71
128,128,0,0,48.78
128,128,1,16,55.692
128,128,1,32,57.9313
128,128,1,64,60.407
128,128,1,128,66.9773
128,128,1,256,67.2113
128,128,1,512,67.2117
128,128,1,1024,68.5343
128,128,1,2048,71.4997
128,128,1,4096,82.7863
128,128,1,8192,101.399
128,128,1,16384,136.024
128,128,2,16,55.5107
128,128,2,32,57.985
128,128,2,64,60.652
128,128,2,128,67.127
128,128,2,256,67.511
128,128,2,512,68.0763
128,128,2,1024,75.7127
128,128,2,2048,82.2957
128,128,2,4096,100.398
128,128,2,8192,135.683
128,128,2,16384,199.578
128,128,4,16,55.4357
128,128,4,32,58.166
128,128,4,64,60.683
128,128,4,128,67.6077
128,128,4,256,68.236
128,128,4,512,75.1907
128,128,4,1024,83.8413
128,128,4,2048,103.384
128,128,4,4096,136.877
128,128,4,8192,204.826
128,128,4,16384,337.671
128,128,8,16,56.0123
128,128,8,32,58.7213
128,128,8,64,61.4627
128,128,8,128,68.918
128,128,8,256,75.9593
128,128,8,512,85.2813
128,128,8,1024,104.173
128,128,8,2048,137.998
128,128,8,4096,203.962
128,128,8,8192,337.884
128,128,8,16384,602.038
128,128,16,16,57.9857
128,128,16,32,61.0467
128,128,16,64,64.3743
128,128,16,128,77.9963
128,128,16,256,87.6387
128,128,16,512,105.73
128,128,16,1024,139.054
128,128,16,2048,205.177
128,128,16,4096,338.054
128,128,16,8192,603.307
128,128,16,16384,1132.62
128,128,32,16,61.4203
128,128,32,32,67.5423
128,128,32,64,73.452
128,128,32,128,83.1163
128,128,32,256,102.051
128,128,32,512,135.097
128,128,32,1024,202.458
128,128,32,2048,335.633
128,128,32,4096,600.556
128,128,32,8192,1133.15
128,128,32,16384,2192.35
128,128,64,16,68.908
128,128,64,32,79.4903
128,128,64,64,90.615
128,128,64,128,106.946
128,128,64,256,141.219
128,128,64,512,206.682
128,128,64,1024,337.948
128,128,64,2048,599.649
128,128,64,4096,1121.6
128,128,64,8192,2170.47
128,128,64,16384,4260.81
128,128,128,16,82.5933
128,128,128,32,100.737
128,128,128,64,118.957
128,128,128,128,153.262
128,128,128,256,220.282
128,128,128,512,349.084
128,128,128,1024,605.943
128,128,128,2048,1123.36
128,128,128,4096,2159.06
128,128,128,8192,4223.88
128,128,128,16384,8365.3
128,256,0,0,50.497
128,256,1,16,56.715
128,256,1,32,59.585
128,256,1,64,62.0913
128,256,1,128,68.503
128,256,1,256,68.4063
128,256,1,512,68.8657
128,256,1,1024,69.7287
128,256,1,2048,72.5983
128,256,1,4096,83.5217
128,256,1,8192,102.338
128,256,1,16384,137.272
128,256,2,16,57.0463
128,256,2,32,59.276
128,256,2,64,62.0383
128,256,2,128,68.6307
128,256,2,256,68.716
128,256,2,512,69.666
128,256,2,1024,76.9297
128,256,2,2048,83.4043
128,256,2,4096,102.125
128,256,2,8192,137.527
128,256,2,16384,200.462
128,256,4,16,57.121
128,256,4,32,59.4253
128,256,4,64,62.231
128,256,4,128,68.9827
128,256,4,256,69.58
128,256,4,512,76.8663
128,256,4,1024,85.7403
128,256,4,2048,104.556
128,256,4,4096,138.583
128,256,4,8192,205.956
128,256,4,16384,338.951
128,256,8,16,57.4197
128,256,8,32,60.0757
128,256,8,64,63.1057
128,256,8,128,70.1983
128,256,8,256,77.1
128,256,8,512,86.4447
128,256,8,1024,104.791
128,256,8,2048,138.883
128,256,8,4096,207.908
128,256,8,8192,340.444
128,256,8,16384,604.608
128,256,16,16,59.478
128,256,16,32,62.614
128,256,16,64,65.8783
128,256,16,128,79.693
128,256,16,256,88.4077
128,256,16,512,107.308
128,256,16,1024,140.418
128,256,16,2048,206.372
128,256,16,4096,338.65
128,256,16,8192,604.427
128,256,16,16384,1131.91
128,256,32,16,62.8807
128,256,32,32,68.8753
128,256,32,64,74.38
128,256,32,128,85.0687
128,256,32,256,103.341
128,256,32,512,136.835
128,256,32,1024,203.62
128,256,32,2048,336.145
128,256,32,4096,602.314
128,256,32,8192,1132.92
128,256,32,16384,2192.43
128,256,64,16,70.2307
128,256,64,32,80.9717
128,256,64,64,92.0543
128,256,64,128,109.271
128,256,64,256,142.744
128,256,64,512,208.91
128,256,64,1024,339.195
128,256,64,2048,601.569
128,256,64,4096,1122.43
128,256,64,8192,2170.39
128,256,64,16384,4258.54
128,256,128,16,83.832
128,256,128,32,102.018
128,256,128,64,120.354
128,256,128,128,155.128
128,256,128,256,220.591
128,256,128,512,351.153
128,256,128,1024,607.947
128,256,128,2048,1125.94
128,256,128,4096,2160.2
128,256,128,8192,4228.36
128,256,128,16384,8359.39
128,512,0,0,73.4737
128,512,1,16,80.1293
128,512,1,32,82.647
128,512,1,64,85.346
128,512,1,128,91.3723
128,512,1,256,91.671
128,512,1,512,91.9693
128,512,1,1024,93.0253
128,512,1,2048,95.6923
128,512,1,4096,107.169
128,512,1,8192,125.528
128,512,1,16384,159.971
128,512,2,16,80.5987
128,512,2,32,83.084
128,512,2,64,85.655
128,512,2,128,91.7027
128,512,2,256,91.8413
128,512,2,512,92.556
128,512,2,1024,99.9813
128,512,2,2048,107.479
128,512,2,4096,125.784
128,512,2,8192,160.92
128,512,2,16384,224.036
128,512,4,16,80.1073
128,512,4,32,82.7953
128,512,4,64,85.644
128,512,4,128,92.2897
128,512,4,256,93.2493
128,512,4,512,100.268
128,512,4,1024,108.632
128,512,4,2048,127.991
128,512,4,4096,162.445
128,512,4,8192,229.924
128,512,4,16384,362.203
128,512,8,16,81.4527
128,512,8,32,83.4473
128,512,8,64,86.2197
128,512,8,128,93.5167
128,512,8,256,100.535
128,512,8,512,109.836
128,512,8,1024,128.706
128,512,8,2048,161.956
128,512,8,4096,228.505
128,512,8,8192,361.276
128,512,8,16384,626.709
128,512,16,16,82.9457
128,512,16,32,85.9327
128,512,16,64,88.9613
128,512,16,128,102.53
128,512,16,256,111.8
128,512,16,512,130.189
128,512,16,1024,162.573
128,512,16,2048,229.391
128,512,16,4096,361.446
128,512,16,8192,628.319
128,512,16,16384,1157.35
128,512,32,16,86.1343
128,512,32,32,92.247
128,512,32,64,97.804
128,512,32,128,107.959
128,512,32,256,126.275
128,512,32,512,160.834
128,512,32,1024,226.244
128,512,32,2048,358.225
128,512,32,4096,624.778
128,512,32,8192,1156.35
128,512,32,16384,2217.5
128,512,64,16,93.2813
128,512,64,32,104.012
128,512,64,64,115.394
128,512,64,128,132.162
128,512,64,256,165.4
128,512,64,512,232.398
128,512,64,1024,362.715
128,512,64,2048,623.914
128,512,64,4096,1145.2
128,512,64,8192,2192.45
128,512,64,16384,4285.34
128,512,128,16,107.436
128,512,128,32,125.879
128,512,128,64,144.12
128,512,128,128,178.638
128,512,128,256,244.537
128,512,128,512,374.897
128,512,128,1024,631.87
128,512,128,2048,1147.41
128,512,128,4096,2182.82
128,512,128,8192,4250.81
128,512,128,16384,8387.61
128,1024,0,0,95.116
128,1024,1,16,101.687
128,1024,1,32,104.77
128,1024,1,64,107.191
128,1024,1,128,113.847
128,1024,1,256,114.22
128,1024,1,512,114.391
128,1024,1,1024,116.429
128,1024,1,2048,118.787
128,1024,1,4096,130.583
128,1024,1,8192,147.469
128,1024,1,16384,182.242
128,1024,2,16,102.679
128,1024,2,32,104.801
128,1024,2,64,107.458
128,1024,2,128,113.708
128,1024,2,256,114.594
128,1024,2,512,115.297
128,1024,2,1024,122.478
128,1024,2,2048,129.303
128,1024,2,4096,146.669
128,1024,2,8192,181.582
128,1024,2,16384,244.58
128,1024,4,16,102.593
128,1024,4,32,104.897
128,1024,4,64,107.884
128,1024,4,128,114.615
128,1024,4,256,116.226
128,1024,4,512,122.199
128,1024,4,1024,131.085
128,1024,4,2048,150.339
128,1024,4,4096,183.106
128,1024,4,8192,250.521
128,1024,4,16384,383.429
128,1024,8,16,102.359
128,1024,8,32,105.474
128,1024,8,64,108.161
128,1024,8,128,116.193
128,1024,8,256,122.478
128,1024,8,512,132.152
128,1024,8,1024,150.477
128,1024,8,2048,183.789
128,1024,8,4096,250.254
128,1024,8,8192,383.899
128,1024,8,16384,648.447
128,1024,16,16,105.047
128,1024,16,32,108.086
128,1024,16,64,112.194
128,1024,16,128,125.581
128,1024,16,256,134.423
128,1024,16,512,153.507
128,1024,16,1024,185.944
128,1024,16,2048,252.014
128,1024,16,4096,384.796
128,1024,16,8192,649.066
128,1024,16,16384,1180.31
128,1024,32,16,108.514
128,1024,32,32,115.158
128,1024,32,64,120.184
128,1024,32,128,129.997
128,1024,32,256,147.916
128,1024,32,512,181.678
128,1024,32,1024,248.239
128,1024,32,2048,380.71
128,1024,32,4096,647.807
128,1024,32,8192,1176.18
128,1024,32,16384,2240.28
128,1024,64,16,115.607
128,1024,64,32,126.263
128,1024,64,64,137.548
128,1024,64,128,154.147
128,1024,64,256,187.779
128,1024,64,512,254.488
128,1024,64,1024,384.06
128,1024,64,2048,646.1
128,1024,64,4096,1168.65
128,1024,64,8192,2213.68
128,1024,64,16384,4305.6
128,1024,128,16,130.018
128,1024,128,32,147.928
128,1024,128,64,166.126
128,1024,128,128,199.834
128,1024,128,256,266.212
128,1024,128,512,396.53
128,1024,128,1024,652.97
128,1024,128,2048,1171.02
128,1024,128,4096,2205.77
128,1024,128,8192,4273.41
128,1024,128,16384,8412.79
128,2048,0,0,128.631
128,2048,1,16,135.81
128,2048,1,32,137.74
128,2048,1,64,140.386
128,2048,1,128,146.872
128,2048,1,256,147.841
128,2048,1,512,148.173
128,2048,1,1024,149.218
128,2048,1,2048,152.215
128,2048,1,4096,163.245
128,2048,1,8192,180.376
128,2048,1,16384,215.331
128,2048,2,16,134.999
128,2048,2,32,138.391
128,2048,2,64,140.109
128,2048,2,128,147.128
128,2048,2,256,147.32
128,2048,2,512,148.268
128,2048,2,1024,155.469
128,2048,2,2048,162.103
128,2048,2,4096,180.141
128,2048,2,8192,214.52
128,2048,2,16384,277.508
128,2048,4,16,135.34
128,2048,4,32,138.114
128,2048,4,64,141.176
128,2048,4,128,148.28
128,2048,4,256,149.421
128,2048,4,512,155.928
128,2048,4,1024,164.333
128,2048,4,2048,183.853
128,2048,4,4096,217.081
128,2048,4,8192,282.799
128,2048,4,16384,415.494
128,2048,8,16,135.511
128,2048,8,32,138.968
128,2048,8,64,141.41
128,2048,8,128,149.474
128,2048,8,256,156.311
128,2048,8,512,165.42
128,2048,8,1024,183.117
128,2048,8,2048,216.803
128,2048,8,4096,283.194
128,2048,8,8192,416.348
128,2048,8,16384,680.51
128,2048,16,16,138.167
128,2048,16,32,141.805
128,2048,16,64,145.623
128,2048,16,128,157.837
128,2048,16,256,169.209
128,2048,16,512,185.688
128,2048,16,1024,219.118
128,2048,16,2048,285.273
128,2048,16,4096,417.296
128,2048,16,8192,680.554
128,2048,16,16384,1213.12
128,2048,32,16,141.794
128,2048,32,32,148.332
128,2048,32,64,153.688
128,2048,32,128,163.565
128,2048,32,256,181.367
128,2048,32,512,214.702
128,2048,32,1024,280.506
128,2048,32,2048,413.915
128,2048,32,4096,680.553
128,2048,32,8192,1207.9
128,2048,32,16384,2266.91
128,2048,64,16,149.218
128,2048,64,32,160.129
128,2048,64,64,171.63
128,2048,64,128,187.959
128,2048,64,256,221.048
128,2048,64,512,287.546
128,2048,64,1024,416.646
128,2048,64,2048,679.444
128,2048,64,4096,1204
128,2048,64,8192,2249.8
128,2048,64,16384,4338.84
128,2048,128,16,161.677
128,2048,128,32,181.421
128,2048,128,64,200.397
128,2048,128,128,233.807
128,2048,128,256,299.695
128,2048,128,512,429.201
128,2048,128,1024,687.007
128,2048,128,2048,1202.13
128,2048,128,4096,2237.03
128,2048,128,8192,4308
128,2048,128,16384,8442.9
128,4096,0,0,195.662
128,4096,1,16,202.2
128,4096,1,32,205.443
128,4096,1,64,207.128
128,4096,1,128,214.403
128,4096,1,256,213.699
128,4096,1,512,215.182
128,4096,1,1024,216.098
128,4096,1,2048,219.416
128,4096,1,4096,230.307
128,4096,1,8192,247.481
128,4096,1,16384,282.404
128,4096,2,16,202.701
128,4096,2,32,204.941
128,4096,2,64,208.024
128,4096,2,128,214.413
128,4096,2,256,215.299
128,4096,2,512,215.949
128,4096,2,1024,222.265
128,4096,2,2048,229.271
128,4096,2,4096,247.246
128,4096,2,8192,281.423
128,4096,2,16384,346.351
128,4096,4,16,203.512
128,4096,4,32,205.624
128,4096,4,64,208.568
128,4096,4,128,215.224
128,4096,4,256,216.077
128,4096,4,512,222.285
128,4096,4,1024,231.032
128,4096,4,2048,250.574
128,4096,4,4096,283.918
128,4096,4,8192,350.489
128,4096,4,16384,482.705
128,4096,8,16,202.925
128,4096,8,32,206.754
128,4096,8,64,209.357
128,4096,8,128,216.696
128,4096,8,256,222.082
128,4096,8,512,232.312
128,4096,8,1024,250.712
128,4096,8,2048,283.597
128,4096,8,4096,350.532
128,4096,8,8192,482.523
128,4096,8,16384,748.852
128,4096,16,16,205.229
128,4096,16,32,208.995
128,4096,16,64,212.024
128,4096,16,128,224.962
128,4096,16,256,235.385
128,4096,16,512,252.771
128,4096,16,1024,285.976
128,4096,16,2048,352.271
128,4096,16,4096,484.091
128,4096,16,8192,749.076
128,4096,16,16384,1280.16
128,4096,32,16,208.93
128,4096,32,32,214.851
128,4096,32,64,220.216
128,4096,32,128,230.937
128,4096,32,256,247.758
128,4096,32,512,282.159
128,4096,32,1024,347.151
128,4096,32,2048,480.22
128,4096,32,4096,746.218
128,4096,32,8192,1278.43
128,4096,32,16384,2337.22
128,4096,64,16,215.79
128,4096,64,32,227.587
128,4096,64,64,238.222
128,4096,64,128,254.296
128,4096,64,256,287.31
128,4096,64,512,354.181
128,4096,64,1024,484.678
128,4096,64,2048,745.919
128,4096,64,4096,1270.67
128,4096,64,8192,2315.61
128,4096,64,16384,4404.59
128,4096,128,16,230.2
128,4096,128,32,247.426
128,4096,128,64,266.691
128,4096,128,128,300.388
128,4096,128,256,366.416
128,4096,128,512,497.35
128,4096,128,1024,753.854
128,4096,128,2048,1271.12
128,4096,128,4096,2304.07
128,4096,128,8192,4370.75
128,4096,128,16384,8511.52
128,8192,0,0,327.833
128,8192,1,16,334.276
128,8192,1,32,337.113
128,8192,1,64,339.875
128,8192,1,128,346.137
128,8192,1,256,345.945
128,8192,1,512,347.087
128,8192,1,1024,348.74
128,8192,1,2048,351.439
128,8192,1,4096,361.465
128,8192,1,8192,379.578
128,8192,1,16384,413.583
128,8192,2,16,334.713
128,8192,2,32,337.007
128,8192,2,64,339.865
128,8192,2,128,346.34
128,8192,2,256,346.34
128,8192,2,512,347.961
128,8192,2,1024,354.531
128,8192,2,2048,361.263
128,8192,2,4096,378.554
128,8192,2,8192,413.221
128,8192,2,16384,475.77
128,8192,4,16,335.652
128,8192,4,32,337.529
128,8192,4,64,340.495
128,8192,4,128,346.541
128,8192,4,256,348.196
128,8192,4,512,355.471
128,8192,4,1024,363.609
128,8192,4,2048,381.871
128,8192,4,4096,415.237
128,8192,4,8192,482.438
128,8192,4,16384,614.333
128,8192,8,16,335.428
128,8192,8,32,338.137
128,8192,8,64,341.199
128,8192,8,128,348.079
128,8192,8,256,354.457
128,8192,8,512,364.122
128,8192,8,1024,383.385
128,8192,8,2048,416.283
128,8192,8,4096,483.846
128,8192,8,8192,615.815
128,8192,8,16384,881.354
128,8192,16,16,337.177
128,8192,16,32,340.804
128,8192,16,64,344.249
128,8192,16,128,357.39
128,8192,16,256,366.959
128,8192,16,512,384.901
128,8192,16,1024,418.565
128,8192,16,2048,483.142
128,8192,16,4096,616.508
128,8192,16,8192,880.256
128,8192,16,16384,1407.46
128,8192,32,16,341.018
128,8192,32,32,346.874
128,8192,32,64,352.122
128,8192,32,128,362.34
128,8192,32,256,379.172
128,8192,32,512,415.023
128,8192,32,1024,478.842
128,8192,32,2048,612.635
128,8192,32,4096,878.506
128,8192,32,8192,1409.99
128,8192,32,16384,2467.26
128,8192,64,16,348.494
128,8192,64,32,358.821
128,8192,64,64,370.553
128,8192,64,128,386.437
128,8192,64,256,417.978
128,8192,64,512,485.872
128,8192,64,1024,616.583
128,8192,64,2048,877.397
128,8192,64,4096,1401.09
128,8192,64,8192,2447.11
128,8192,64,16384,4540.21
128,8192,128,16,361.913
128,8192,128,32,379.29
128,8192,128,64,398.384
128,8192,128,128,432.293
128,8192,128,256,497.605
128,8192,128,512,628.456
128,8192,128,1024,885.631
128,8192,128,2048,1402.34
128,8192,128,4096,2435.61
128,8192,128,8192,4509.92
128,8192,128,16384,8642.27
128,16384,0,0,590.331
128,16384,1,16,597.372
128,16384,1,32,600.326
128,16384,1,64,602.759
128,16384,1,128,608.902
128,16384,1,256,609.17
128,16384,1,512,610.034
128,16384,1,1024,611.634
128,16384,1,2048,614.534
128,16384,1,4096,625.64
128,16384,1,8192,643.227
128,16384,1,16384,676.583
128,16384,2,16,597.553
128,16384,2,32,600.199
128,16384,2,64,602.363
128,16384,2,128,609.158
128,16384,2,256,610.758
128,16384,2,512,610.981
128,16384,2,1024,617.776
128,16384,2,2048,624.722
128,16384,2,4096,642.129
128,16384,2,8192,676.316
128,16384,2,16384,739.293
128,16384,4,16,597.852
128,16384,4,32,600.689
128,16384,4,64,604.455
128,16384,4,128,610.204
128,16384,4,256,612.273
128,16384,4,512,617.319
128,16384,4,1024,626.864
128,16384,4,2048,645.81
128,16384,4,4096,679.271
128,16384,4,8192,745.629
128,16384,4,16384,877.994
128,16384,8,16,598.278
128,16384,8,32,601.723
128,16384,8,64,604.603
128,16384,8,128,612.081
128,16384,8,256,618.086
128,16384,8,512,628.262
128,16384,8,1024,646.417
128,16384,8,2048,678.652
128,16384,8,4096,745.554
128,16384,8,8192,878.098
128,16384,8,16384,1143.05
128,16384,16,16,601.691
128,16384,16,32,603.878
128,16384,16,64,607.037
128,16384,16,128,620.507
128,16384,16,256,630.865
128,16384,16,512,647.398
128,16384,16,1024,680.957
128,16384,16,2048,747.55
128,16384,16,4096,878.814
128,16384,16,8192,1144.63
128,16384,16,16384,1672.03
128,16384,32,16,603.9
128,16384,32,32,610.406
128,16384,32,64,615.217
128,16384,32,128,625.446
128,16384,32,256,642.375
128,16384,32,512,676.935
128,16384,32,1024,743.048
128,16384,32,2048,875.082
128,16384,32,4096,1139.52
128,16384,32,8192,1672.26
128,16384,32,16384,2730.15
128,16384,64,16,612.09
128,16384,64,32,622.598
128,16384,64,64,633.265
128,16384,64,128,648.786
128,16384,64,256,682.876
128,16384,64,512,749.575
128,16384,64,1024,879.433
128,16384,64,2048,1142.37
128,16384,64,4096,1665.18
128,16384,64,8192,2711.15
128,16384,64,16384,4802.42
128,16384,128,16,624.913
128,16384,128,32,642.183
128,16384,128,64,662.204
128,16384,128,128,694.94
128,16384,128,256,761.075
128,16384,128,512,892.073
128,16384,128,1024,1150.04
128,16384,128,2048,1667.39
128,16384,128,4096,2699.13
128,16384,128,8192,4769.29
128,16384,128,16384,8904.63
256,0,0,0,69.4727
256,0,1,16,76.534
256,0,1,32,78.4003
256,0,1,64,81.282
256,0,1,128,87.5213
256,0,1,256,88.0013
256,0,1,512,88.0433
256,0,1,1024,89.8043
256,0,1,2048,92.1293
256,0,1,4096,103.499
256,0,1,8192,121.345
256,0,1,16384,156.203
256,0,2,16,76.5973
256,0,2,32,78.3897
256,0,2,64,81.58
256,0,2,128,88.0327
256,0,2,256,87.8083
256,0,2,512,89.2057
256,0,2,1024,96.2243
256,0,2,2048,102.688
256,0,2,4096,121.003
256,0,2,8192,155.554
256,0,2,16384,219.255
256,0,4,16,76.1707
256,0,4,32,78.5183
256,0,4,64,81.3977
256,0,4,128,87.8297
256,0,4,256,89.2483
256,0,4,512,96.78
256,0,4,1024,104.619
256,0,4,2048,123.404
256,0,4,4096,158.328
256,0,4,8192,224.247
256,0,4,16384,356.761
256,0,8,16,76.609
256,0,8,32,79.3287
256,0,8,64,82.5607
256,0,8,128,89.5693
256,0,8,256,96.533
256,0,8,512,105.462
256,0,8,1024,124.578
256,0,8,2048,157.911
256,0,8,4096,225.004
256,0,8,8192,357.091
256,0,8,16384,622.63
256,0,16,16,77.2917
256,0,16,32,81.025
256,0,16,64,84.065
256,0,16,128,97.9633
256,0,16,256,106.71
256,0,16,512,125.27
256,0,16,1024,158.486
256,0,16,2048,224.322
256,0,16,4096,356.877
256,0,16,8192,621.765
256,0,16,16384,1151.85
256,0,32,16,82.0477
256,0,32,32,88.3207
256,0,32,64,93.6963
256,0,32,128,104.652
256,0,32,256,121.739
256,0,32,512,156.46
256,0,32,1024,222.316
256,0,32,2048,355.854
256,0,32,4096,621.361
256,0,32,8192,1149.66
256,0,32,16384,2210.32
256,0,64,16,89.8563
256,0,64,32,100.342
256,0,64,64,112.001
256,0,64,128,128.789
256,0,64,256,161.804
256,0,64,512,227.982
256,0,64,1024,358.329
256,0,64,2048,620.293
256,0,64,4096,1143.51
256,0,64,8192,2190.62
256,0,64,16384,4282.42
256,0,128,16,103.212
256,0,128,32,121.303
256,0,128,64,140.354
256,0,128,128,174.157
256,0,128,256,240.866
256,0,128,512,370.467
256,0,128,1024,626.694
256,0,128,2048,1144.6
256,0,128,4096,2178.23
256,0,128,8192,4249.3
256,0,128,16384,8382.99
256,16,0,0,81.803
256,16,1,16,88.7047
256,16,1,32,90.8377
256,16,1,64,93.3237
256,16,1,128,99.9153
256,16,1,256,100.31
256,16,1,512,100.395
256,16,1,1024,101.761
256,16,1,2048,105.121
256,16,1,4096,115.68
256,16,1,8192,133.515
256,16,1,16384,168.29
256,16,2,16,88.576
256,16,2,32,91.0407
256,16,2,64,93.953
256,16,2,128,100.204
256,16,2,256,100.267
256,16,2,512,101.43
256,16,2,1024,109.057
256,16,2,2048,115.276
256,16,2,4096,133.238
256,16,2,8192,167.798
256,16,2,16384,231.405
256,16,4,16,89.0887
256,16,4,32,91.2973
256,16,4,64,94.0273
256,16,4,128,100.588
256,16,4,256,102.092
256,16,4,512,109.046
256,16,4,1024,117.303
256,16,4,2048,136.555
256,16,4,4096,170.656
256,16,4,8192,237.708
256,16,4,16384,370.477
256,16,8,16,88.7473
256,16,8,32,92.0217
256,16,8,64,94.4223
256,16,8,128,102.455
256,16,8,256,108.865
256,16,8,512,118.732
256,16,8,1024,136.726
256,16,8,2048,170.765
256,16,8,4096,238.273
256,16,8,8192,373.24
256,16,8,16384,634.416
256,16,16,16,90.0597
256,16,16,32,93.057
256,16,16,64,96.2243
256,16,16,128,110.261
256,16,16,256,120.022
256,16,16,512,137.047
256,16,16,1024,170.667
256,16,16,2048,236.76
256,16,16,4096,369.56
256,16,16,8192,634.426
256,16,16,16384,1167.57
256,16,32,16,94.6683
256,16,32,32,100.289
256,16,32,64,105.707
256,16,32,128,116.044
256,16,32,256,134.593
256,16,32,512,167.874
256,16,32,1024,235.01
256,16,32,2048,368.611
256,16,32,4096,632.112
256,16,32,8192,1163.51
256,16,32,16384,2226.36
256,16,64,16,102.336
256,16,64,32,112.896
256,16,64,64,124.481
256,16,64,128,140.268
256,16,64,256,173.997
256,16,64,512,240.333
256,16,64,1024,370.414
256,16,64,2048,632.027
256,16,64,4096,1156.16
256,16,64,8192,2202.43
256,16,64,16384,4290.57
256,16,128,16,115.393
256,16,128,32,133.015
256,16,128,64,152.407
256,16,128,128,186.807
256,16,128,256,252.483
256,16,128,512,382.627
256,16,128,1024,639.536
256,16,128,2048,1155.85
256,16,128,4096,2189.72
256,16,128,8192,4259.68
256,16,128,16384,8402.33
256,32,0,0,81.6863
256,32,1,16,88.3527
256,32,1,32,90.838
256,32,1,64,92.758
256,32,1,128,99.6707
256,32,1,256,100.311
256,32,1,512,99.9473
256,32,1,1024,101.739
256,32,1,2048,104.683
256,32,1,4096,115.286
256,32,1,8192,133.655
256,32,1,16384,168.15
256,32,2,16,88.139
256,32,2,32,91.191
256,32,2,64,93.313
256,32,2,128,100.235
256,32,2,256,100.416
256,32,2,512,101.665
256,32,2,1024,108.363
256,32,2,2048,115.168
256,32,2,4096,133.505
256,32,2,8192,169.495
256,32,2,16384,233.004
256,32,4,16,88.0857
256,32,4,32,91.073
256,32,4,64,94.23
256,32,4,128,100.512
256,32,4,256,101.846
256,32,4,512,108.438
256,32,4,1024,117.484
256,32,4,2048,136.407
256,32,4,4096,169.783
256,32,4,8192,236.707
256,32,4,16384,372.258
256,32,8,16,88.8003
256,32,8,32,91.8827
256,32,8,64,94.0917
256,32,8,128,102.785
256,32,8,256,108.983
256,32,8,512,119.254
256,32,8,1024,137.346
256,32,8,2048,171.351
256,32,8,4096,237.058
256,32,8,8192,370.328
256,32,8,16384,636.793
256,32,16,16,90.038
256,32,16,32,93.313
256,32,16,64,96.3217
256,32,16,128,110.146
256,32,16,256,119.734
256,32,16,512,138.06
256,32,16,1024,171.266
256,32,16,2048,236.45
256,32,16,4096,369.218
256,32,16,8192,633.072
256,32,16,16384,1162.41
256,32,32,16,94.5607
256,32,32,32,99.8827
256,32,32,64,105.846
256,32,32,128,115.734
256,32,32,256,134.059
256,32,32,512,167.874
256,32,32,1024,234.23
256,32,32,2048,366.893
256,32,32,4096,632.944
256,32,32,8192,1162.55
256,32,32,16384,2222.09
256,32,64,16,101.932
256,32,64,32,112.502
256,32,64,64,123.627
256,32,64,128,139.745
256,32,64,256,173.431
256,32,64,512,239.927
256,32,64,1024,371.181
256,32,64,2048,632.261
256,32,64,4096,1155.31
256,32,64,8192,2201.92
256,32,64,16384,4293.14
256,32,128,16,115.607
256,32,128,32,133.857
256,32,128,64,152.097
256,32,128,128,186.316
256,32,128,256,251.779
256,32,128,512,381.368
256,32,128,1024,639.728
256,32,128,2048,1155.65
256,32,128,4096,2189.61
256,32,128,8192,4262.74
256,32,128,16384,8401.89
256,64,0,0,84.769
256,64,1,16,91.5213
256,64,1,32,94.2407
256,64,1,64,97.1523
256,64,1,128,103.179
256,64,1,256,104.021
256,64,1,512,103.67
256,64,1,1024,105.248
256,64,1,2048,108.108
256,64,1,4096,118.711
256,64,1,8192,137.046
256,64,1,16384,170.604
256,64,2,16,91.958
256,64,2,32,94.6243
256,64,2,64,97.1527
256,64,2,128,103.904
256,64,2,256,104.15
256,64,2,512,104.747
256,64,2,1024,112.47
256,64,2,2048,119.392
256,64,2,4096,136.48
256,64,2,8192,172.141
256,64,2,16384,234.977
256,64,4,16,91.808
256,64,4,32,94.561
256,64,4,64,96.8003
256,64,4,128,103.52
256,64,4,256,105.441
256,64,4,512,112.32
256,64,4,1024,120.267
256,64,4,2048,139.136
256,64,4,4096,173.088
256,64,4,8192,240.151
256,64,4,16384,373.197
256,64,8,16,92.1817
256,64,8,32,94.2087
256,64,8,64,97.0673
256,64,8,128,105.377
256,64,8,256,112.524
256,64,8,512,122.241
256,64,8,1024,139.959
256,64,8,2048,173.537
256,64,8,4096,240.557
256,64,8,8192,372.685
256,64,8,16384,639.919
256,64,16,16,92.8653
256,64,16,32,95.788
256,64,16,64,99.403
256,64,16,128,113.813
256,64,16,256,122.401
256,64,16,512,141.548
256,64,16,1024,173.996
256,64,16,2048,240.098
256,64,16,4096,373.272
256,64,16,8192,637.925
256,64,16,16384,1168.52
256,64,32,16,97.4837
256,64,32,32,103.435
256,64,32,64,109.217
256,64,32,128,119.127
256,64,32,256,137.207
256,64,32,512,171.884
256,64,32,1024,237.367
256,64,32,2048,370.636
256,64,32,4096,634.831
256,64,32,8192,1166.11
256,64,32,16384,2228.14
256,64,64,16,105.461
256,64,64,32,116.576
256,64,64,64,127.297
256,64,64,128,143.191
256,64,64,256,177.153
256,64,64,512,244.386
256,64,64,1024,373.901
256,64,64,2048,635.631
256,64,64,4096,1157.63
256,64,64,8192,2204
256,64,64,16384,4297.67
256,64,128,16,118.518
256,64,128,32,136.907
256,64,128,64,155.235
256,64,128,128,189.164
256,64,128,256,254.668
256,64,128,512,384.429
256,64,128,1024,642.159
256,64,128,2048,1158.2
256,64,128,4096,2191.84
256,64,128,8192,4260.15
256,64,128,16384,8400.15
256,128,0,0,91.766
256,128,1,16,98.87
256,128,1,32,101.271
256,128,1,64,103.873
256,128,1,128,110.571
256,128,1,256,110.859
256,128,1,512,110.966
256,128,1,1024,112.181
256,128,1,2048,115.51
256,128,1,4096,125.985
256,128,1,8192,143.574
256,128,1,16384,179.04
256,128,2,16,99.2857
256,128,2,32,101.537
256,128,2,64,104.182
256,128,2,128,111.094
256,128,2,256,110.934
256,128,2,512,111.83
256,128,2,1024,119.819
256,128,2,2048,126.081
256,128,2,4096,144.236
256,128,2,8192,177.954
256,128,2,16384,241.793
256,128,4,16,98.923
256,128,4,32,101.313
256,128,4,64,104.492
256,128,4,128,111.393
256,128,4,256,112.001
256,128,4,512,118.859
256,128,4,1024,127.936
256,128,4,2048,146.976
256,128,4,4096,179.83
256,128,4,8192,248.727
256,128,4,16384,379.245
256,128,8,16,99.116
256,128,8,32,102.689
256,128,8,64,104.961
256,128,8,128,112.822
256,128,8,256,119.147
256,128,8,512,128.908
256,128,8,1024,146.22
256,128,8,2048,181.143
256,128,8,4096,247.49
256,128,8,8192,380.664
256,128,8,16384,645.263
256,128,16,16,100.577
256,128,16,32,103.253
256,128,16,64,106.934
256,128,16,128,121.27
256,128,16,256,129.632
256,128,16,512,148.14
256,128,16,1024,180.886
256,128,16,2048,247.415
256,128,16,4096,379.756
256,128,16,8192,644.185
256,128,16,16384,1174.62
256,128,32,16,104.726
256,128,32,32,110.935
256,128,32,64,115.755
256,128,32,128,126.476
256,128,32,256,144.555
256,128,32,512,178.241
256,128,32,1024,244.812
256,128,32,2048,377.4
256,128,32,4096,642.97
256,128,32,8192,1173.84
256,128,32,16384,2232.61
256,128,64,16,112.79
256,128,64,32,122.966
256,128,64,64,134.284
256,128,64,128,150.114
256,128,64,256,184.534
256,128,64,512,250.764
256,128,64,1024,381.954
256,128,64,2048,643.087
256,128,64,4096,1166.97
256,128,64,8192,2211.61
256,128,64,16384,4302.19
256,128,128,16,126.241
256,128,128,32,144.501
256,128,128,64,162.401
256,128,128,128,196.428
256,128,128,256,261.751
256,128,128,512,391.97
256,128,128,1024,649.699
256,128,128,2048,1165.44
256,128,128,4096,2199.77
256,128,128,8192,4270.97
256,128,128,16384,8404.66
256,256,0,0,95.5313
256,256,1,16,102.592
256,256,1,32,105.249
256,256,1,64,107.799
256,256,1,128,113.931
256,256,1,256,113.964
256,256,1,512,115.02
256,256,1,1024,116.076
256,256,1,2048,118.592
256,256,1,4096,130.017
256,256,1,8192,147.19
256,256,1,16384,181.781
256,256,2,16,102.614
256,256,2,32,105.163
256,256,2,64,107.819
256,256,2,128,114.784
256,256,2,256,114.784
256,256,2,512,115.937
256,256,2,1024,122.859
256,256,2,2048,129.537
256,256,2,4096,147.104
256,256,2,8192,182.476
256,256,2,16384,245.057
256,256,4,16,103.19
256,256,4,32,105.654
256,256,4,64,108.406
256,256,4,128,115.787
256,256,4,256,116.3
256,256,4,512,122.699
256,256,4,1024,131.212
256,256,4,2048,150.774
256,256,4,4096,184.289
256,256,4,8192,250.145
256,256,4,16384,383.906
256,256,8,16,103.031
256,256,8,32,105.835
256,256,8,64,108.556
256,256,8,128,116.769
256,256,8,256,123.019
256,256,8,512,132.108
256,256,8,1024,151.126
256,256,8,2048,184.278
256,256,8,4096,251.084
256,256,8,8192,385.069
256,256,8,16384,649.39
256,256,16,16,103.701
256,256,16,32,107.468
256,256,16,64,110.604
256,256,16,128,124.672
256,256,16,256,133.59
256,256,16,512,151.607
256,256,16,1024,184.843
256,256,16,2048,250.742
256,256,16,4096,382.53
256,256,16,8192,648.377
256,256,16,16384,1177.49
256,256,32,16,108.107
256,256,32,32,114.85
256,256,32,64,120.566
256,256,32,128,130.337
256,256,32,256,147.436
256,256,32,512,182.167
256,256,32,1024,248.214
256,256,32,2048,381.751
256,256,32,4096,645.785
256,256,32,8192,1176.03
256,256,32,16384,2237.51
256,256,64,16,116.704
256,256,64,32,126.977
256,256,64,64,138.273
256,256,64,128,154.39
256,256,64,256,187.393
256,256,64,512,253.57
256,256,64,1024,384.291
256,256,64,2048,645.711
256,256,64,4096,1169.32
256,256,64,8192,2217.27
256,256,64,16384,4303.14
256,256,128,16,129.718
256,256,128,32,147.276
256,256,128,64,166.091
256,256,128,128,200.13
256,256,128,256,265.313
256,256,128,512,396.664
256,256,128,1024,652.783
256,256,128,2048,1170.62
256,256,128,4096,2204.13
256,256,128,8192,4273.28
256,256,128,16384,8411.01
256,512,0,0,113.056
256,512,1,16,119.755
256,512,1,32,122.198
256,512,1,64,125.376
256,512,1,128,131.937
256,512,1,256,131.532
256,512,1,512,131.478
256,512,1,1024,134.102
256,512,1,2048,137.003
256,512,1,4096,147.328
256,512,1,8192,164.321
256,512,1,16384,198.603
256,512,2,16,119.605
256,512,2,32,122.412
256,512,2,64,125.067
256,512,2,128,131.926
256,512,2,256,132.203
256,512,2,512,133.186
256,512,2,1024,139.947
256,512,2,2048,146.294
256,512,2,4096,163.67
256,512,2,8192,198.924
256,512,2,16384,262.668
256,512,4,16,120.31
256,512,4,32,122.038
256,512,4,64,125.442
256,512,4,128,132.363
256,512,4,256,133.825
256,512,4,512,139.285
256,512,4,1024,149.292
256,512,4,2048,167.138
256,512,4,4096,201.558
256,512,4,8192,267.81
256,512,4,16384,400.844
256,512,8,16,119.499
256,512,8,32,123.211
256,512,8,64,125.911
256,512,8,128,134.282
256,512,8,256,139.926
256,512,8,512,150.347
256,512,8,1024,167.788
256,512,8,2048,201.633
256,512,8,4096,267.563
256,512,8,8192,400.482
256,512,8,16384,666.457
256,512,16,16,121.142
256,512,16,32,124.523
256,512,16,64,128.726
256,512,16,128,141.772
256,512,16,256,150.731
256,512,16,512,168.811
256,512,16,1024,201.6
256,512,16,2048,267.553
256,512,16,4096,400.279
256,512,16,8192,663.748
256,512,16,16384,1192.21
256,512,32,16,125.76
256,512,32,32,131.5
256,512,32,64,137.152
256,512,32,128,147.584
256,512,32,256,164.801
256,512,32,512,198.838
256,512,32,1024,264.726
256,512,32,2048,398.52
256,512,32,4096,664.174
256,512,32,8192,1194.17
256,512,32,16384,2254.51
256,512,64,16,133.943
256,512,64,32,144.417
256,512,64,64,155.03
256,512,64,128,172.023
256,512,64,256,204.663
256,512,64,512,271.095
256,512,64,1024,402.765
256,512,64,2048,664.931
256,512,64,4096,1188.36
256,512,64,8192,2232.06
256,512,64,16384,4323.19
256,512,128,16,147.478
256,512,128,32,164.779
256,512,128,64,183.382
256,512,128,128,217.644
256,512,128,256,282.967
256,512,128,512,413.932
256,512,128,1024,671.267
256,512,128,2048,1187.56
256,512,128,4096,2220.76
256,512,128,8192,4293.08
256,512,128,16384,8430.17
256,1024,0,0,145.91
256,1024,1,16,152.523
256,1024,1,32,154.849
256,1024,1,64,157.547
256,1024,1,128,164.695
256,1024,1,256,164.032
256,1024,1,512,164.491
256,1024,1,1024,166.475
256,1024,1,2048,169.365
256,1024,1,4096,180.278
256,1024,1,8192,196.491
256,1024,1,16384,231.213
256,1024,2,16,152.662
256,1024,2,32,155.616
256,1024,2,64,157.088
256,1024,2,128,164.203
256,1024,2,256,164.566
256,1024,2,512,165.632
256,1024,2,1024,173.291
256,1024,2,2048,178.965
256,1024,2,4096,196.971
256,1024,2,8192,230.988
256,1024,2,16384,294.124
256,1024,4,16,152.833
256,1024,4,32,155.19
256,1024,4,64,158.178
256,1024,4,128,165.164
256,1024,4,256,166.155
256,1024,4,512,172.523
256,1024,4,1024,181.067
256,1024,4,2048,200.598
256,1024,4,4096,233.409
256,1024,4,8192,299.607
256,1024,4,16384,432.354
256,1024,8,16,152.886
256,1024,8,32,155.66
256,1024,8,64,159.201
256,1024,8,128,166.518
256,1024,8,256,172.96
256,1024,8,512,182.871
256,1024,8,1024,200.332
256,1024,8,2048,233.633
256,1024,8,4096,300.385
256,1024,8,8192,432.098
256,1024,8,16384,697.603
256,1024,16,16,153.739
256,1024,16,32,156.619
256,1024,16,64,160.993
256,1024,16,128,174.208
256,1024,16,256,184.257
256,1024,16,512,201.612
256,1024,16,1024,234.283
256,1024,16,2048,300.14
256,1024,16,4096,433.505
256,1024,16,8192,698.435
256,1024,16,16384,1224.58
256,1024,32,16,158.507
256,1024,32,32,164.354
256,1024,32,64,170.071
256,1024,32,128,180.886
256,1024,32,256,197.345
256,1024,32,512,231.788
256,1024,32,1024,297.484
256,1024,32,2048,430.05
256,1024,32,4096,695.79
256,1024,32,8192,1224.94
256,1024,32,16384,2286.57
256,1024,64,16,167.137
256,1024,64,32,178.08
256,1024,64,64,187.895
256,1024,64,128,204.46
256,1024,64,256,238.711
256,1024,64,512,303.596
256,1024,64,1024,434.775
256,1024,64,2048,696.248
256,1024,64,4096,1219.13
256,1024,64,8192,2263.71
256,1024,64,16384,4356.19
256,1024,128,16,180.737
256,1024,128,32,198.07
256,1024,128,64,216.203
256,1024,128,128,250.412
256,1024,128,256,316.673
256,1024,128,512,446.733
256,1024,128,1024,702.787
256,1024,128,2048,1220.63
256,1024,128,4096,2254.82
256,1024,128,8192,4321.79
256,1024,128,16384,8462.54
256,2048,0,0,210.881
256,2048,1,16,218.71
256,2048,1,32,220.364
256,2048,1,64,223.404
256,2048,1,128,230.049
256,2048,1,256,230.124
256,2048,1,512,230.465
256,2048,1,1024,231.393
256,2048,1,2048,234.507
256,2048,1,4096,245.845
256,2048,1,8192,262.305
256,2048,1,16384,296.833
256,2048,2,16,217.825
256,2048,2,32,220.79
256,2048,2,64,223.446
256,2048,2,128,230.06
256,2048,2,256,231.308
256,2048,2,512,231.349
256,2048,2,1024,239.052
256,2048,2,2048,245.313
256,2048,2,4096,263.115
256,2048,2,8192,297.568
256,2048,2,16384,360.92
256,2048,4,16,218.123
256,2048,4,32,220.544
256,2048,4,64,223.649
256,2048,4,128,230.124
256,2048,4,256,231.979
256,2048,4,512,237.771
256,2048,4,1024,247.084
256,2048,4,2048,265.526
256,2048,4,4096,299.222
256,2048,4,8192,364.918
256,2048,4,16384,498.455
256,2048,8,16,219.136
256,2048,8,32,220.96
256,2048,8,64,224.684
256,2048,8,128,232.299
256,2048,8,256,238.028
256,2048,8,512,247.222
256,2048,8,1024,266.241
256,2048,8,2048,299.307
256,2048,8,4096,366.401
256,2048,8,8192,499.533
256,2048,8,16384,763.406
256,2048,16,16,219.691
256,2048,16,32,222.635
256,2048,16,64,225.964
256,2048,16,128,239.307
256,2048,16,256,248.32
256,2048,16,512,266.625
256,2048,16,1024,300.535
256,2048,16,2048,365.591
256,2048,16,4096,499.607
256,2048,16,8192,763.288
256,2048,16,16384,1292.39
256,2048,32,16,224.139
256,2048,32,32,230.135
256,2048,32,64,235.489
256,2048,32,128,245.804
256,2048,32,256,263.628
256,2048,32,512,296.983
256,2048,32,1024,362.924
256,2048,32,2048,495.959
256,2048,32,4096,761.688
256,2048,32,8192,1289.99
256,2048,32,16384,2350.4
256,2048,64,16,232.566
256,2048,64,32,243.179
256,2048,64,64,254.231
256,2048,64,128,269.911
256,2048,64,256,303.18
256,2048,64,512,368.706
256,2048,64,1024,500.567
256,2048,64,2048,762.222
256,2048,64,4096,1284.73
256,2048,64,8192,2328.43
256,2048,64,16384,4418.64
256,2048,128,16,245.601
256,2048,128,32,262.401
256,2048,128,64,282.284
256,2048,128,128,315.884
256,2048,128,256,382.593
256,2048,128,512,511.981
256,2048,128,1024,770.157
256,2048,128,2048,1286.02
256,2048,128,4096,2321.73
256,2048,128,8192,4389.97
256,2048,128,16384,8527.4
256,4096,0,0,344.299
256,4096,1,16,351.477
256,4096,1,32,353.569
256,4096,1,64,355.723
256,4096,1,128,362.817
256,4096,1,256,363.095
256,4096,1,512,363.575
256,4096,1,1024,364.865
256,4096,1,2048,368.161
256,4096,1,4096,379.094
256,4096,1,8192,396.491
256,4096,1,16384,430.017
256,4096,2,16,351.105
256,4096,2,32,354.401
256,4096,2,64,356.758
256,4096,2,128,363.436
256,4096,2,256,363.606
256,4096,2,512,363.948
256,4096,2,1024,372.14
256,4096,2,2048,378.433
256,4096,2,4096,395.702
256,4096,2,8192,431.318
256,4096,2,16384,493.72
256,4096,4,16,351.094
256,4096,4,32,353.676
256,4096,4,64,356.727
256,4096,4,128,363.127
256,4096,4,256,363.862
256,4096,4,512,370.198
256,4096,4,1024,379.425
256,4096,4,2048,398.7
256,4096,4,4096,432.695
256,4096,4,8192,498.06
256,4096,4,16384,631.746
256,4096,8,16,351.564
256,4096,8,32,354.039
256,4096,8,64,357.634
256,4096,8,128,365.602
256,4096,8,256,370.667
256,4096,8,512,381.719
256,4096,8,1024,398.615
256,4096,8,2048,432.385
256,4096,8,4096,498.838
256,4096,8,8192,631.682
256,4096,8,16384,896.75
256,4096,16,16,352.278
256,4096,16,32,355.82
256,4096,16,64,359.127
256,4096,16,128,371.873
256,4096,16,256,381.398
256,4096,16,512,399.702
256,4096,16,1024,432.983
256,4096,16,2048,498.86
256,4096,16,4096,631.864
256,4096,16,8192,895.853
256,4096,16,16384,1424.19
256,4096,32,16,356.619
256,4096,32,32,363.116
256,4096,32,64,368.961
256,4096,32,128,378.775
256,4096,32,256,396.31
256,4096,32,512,429.154
256,4096,32,1024,495.703
256,4096,32,2048,628.322
256,4096,32,4096,893.592
256,4096,32,8192,1423.7
256,4096,32,16384,2484.2
256,4096,64,16,364.449
256,4096,64,32,375.287
256,4096,64,64,386.092
256,4096,64,128,403.094
256,4096,64,256,436.695
256,4096,64,512,502.423
256,4096,64,1024,632.29
256,4096,64,2048,894.989
256,4096,64,4096,1419.79
256,4096,64,8192,2467.65
256,4096,64,16384,4555.67
256,4096,128,16,377.389
256,4096,128,32,396.3
256,4096,128,64,414.36
256,4096,128,128,448.226
256,4096,128,256,513.26
256,4096,128,512,644.674
256,4096,128,1024,901.891
256,4096,128,2048,1419.65
256,4096,128,4096,2455.67
256,4096,128,8192,4521.83
256,4096,128,16384,8660.06
256,8192,0,0,606.38
256,8192,1,16,615.179
256,8192,1,32,615.917
256,8192,1,64,619.224
256,8192,1,128,626.445
256,8192,1,256,625.698
256,8192,1,512,626.412
256,8192,1,1024,627.192
256,8192,1,2048,631.863
256,8192,1,4096,640.877
256,8192,1,8192,659.085
256,8192,1,16384,693.538
256,8192,2,16,614.423
256,8192,2,32,616.525
256,8192,2,64,620.802
256,8192,2,128,626.572
256,8192,2,256,626.657
256,8192,2,512,628.524
256,8192,2,1024,634.604
256,8192,2,2048,641.399
256,8192,2,4096,658.721
256,8192,2,8192,694.498
256,8192,2,16384,756.163
256,8192,4,16,613.665
256,8192,4,32,616.674
256,8192,4,64,620.012
256,8192,4,128,626.466
256,8192,4,256,627.991
256,8192,4,512,635.255
256,8192,4,1024,641.453
256,8192,4,2048,660.77
256,8192,4,4096,695.65
256,8192,4,8192,761.571
256,8192,4,16384,893.591
256,8192,8,16,613.985
256,8192,8,32,619.415
256,8192,8,64,619.756
256,8192,8,128,628.013
256,8192,8,256,633.794
256,8192,8,512,643.863
256,8192,8,1024,662.38
256,8192,8,2048,695.895
256,8192,8,4096,761.314
256,8192,8,8192,893.965
256,8192,8,16384,1157.86
256,8192,16,16,614.849
256,8192,16,32,619.33
256,8192,16,64,622.764
256,8192,16,128,636.097
256,8192,16,256,645.004
256,8192,16,512,662.604
256,8192,16,1024,695.66
256,8192,16,2048,761.144
256,8192,16,4096,894.136
256,8192,16,8192,1159.79
256,8192,16,16384,1690.54
256,8192,32,16,619.809
256,8192,32,32,626.337
256,8192,32,64,632.077
256,8192,32,128,640.343
256,8192,32,256,658.978
256,8192,32,512,694.114
256,8192,32,1024,758.221
256,8192,32,2048,890.776
256,8192,32,4096,1155.55
256,8192,32,8192,1685.02
256,8192,32,16384,2746.65
256,8192,64,16,627.777
256,8192,64,32,637.409
256,8192,64,64,650.497
256,8192,64,128,665.569
256,8192,64,256,698.274
256,8192,64,512,765.229
256,8192,64,1024,896.984
256,8192,64,2048,1156.64
256,8192,64,4096,1679.87
256,8192,64,8192,2724.4
256,8192,64,16384,4816.62
256,8192,128,16,641.559
256,8192,128,32,659.127
256,8192,128,64,677.346
256,8192,128,128,711.128
256,8192,128,256,775.533
256,8192,128,512,908.866
256,8192,128,1024,1165.14
256,8192,128,2048,1681.34
256,8192,128,4096,2717.15
256,8192,128,8192,4789.05
256,8192,128,16384,8925.53
256,16384,0,0,1133.07
256,16384,1,16,1139.62
256,16384,1,32,1142.53
256,16384,1,64,1145.15
256,16384,1,128,1151.82
256,16384,1,256,1152
256,16384,1,512,1152.65
256,16384,1,1024,1155.9
256,16384,1,2048,1156.11
256,16384,1,4096,1168.53
256,16384,1,8192,1185.96
256,16384,1,16384,1218.89
256,16384,2,16,1138.8
256,16384,2,32,1143.06
256,16384,2,64,1144.99
256,16384,2,128,1150.97
256,16384,2,256,1152.7
256,16384,2,512,1153.86
256,16384,2,1024,1160.94
256,16384,2,2048,1165
256,16384,2,4096,1186.51
256,16384,2,8192,1220.24
256,16384,2,16384,1282.06
256,16384,4,16,1140.29
256,16384,4,32,1142.7
256,16384,4,64,1144.8
256,16384,4,128,1151.46
256,16384,4,256,1153.88
256,16384,4,512,1160.99
256,16384,4,1024,1168.49
256,16384,4,2048,1187.13
256,16384,4,4096,1220.32
256,16384,4,8192,1286.79
256,16384,4,16384,1419.43
256,16384,8,16,1138.96
256,16384,8,32,1142.68
256,16384,8,64,1145.28
256,16384,8,128,1153.79
256,16384,8,256,1158.85
256,16384,8,512,1170.24
256,16384,8,1024,1187.48
256,16384,8,2048,1220.08
256,16384,8,4096,1288.01
256,16384,8,8192,1420.56
256,16384,8,16384,1684.72
256,16384,16,16,1140.11
256,16384,16,32,1144.99
256,16384,16,64,1146.33
256,16384,16,128,1161.63
256,16384,16,256,1170.47
256,16384,16,512,1187.53
256,16384,16,1024,1220.16
256,16384,16,2048,1286.62
256,16384,16,4096,1420.06
256,16384,16,8192,1685.21
256,16384,16,16384,2214.14
256,16384,32,16,1145.05
256,16384,32,32,1151.07
256,16384,32,64,1156.86
256,16384,32,128,1166.01
256,16384,32,256,1184.91
256,16384,32,512,1216.95
256,16384,32,1024,1283.02
256,16384,32,2048,1416.65
256,16384,32,4096,1681.05
256,16384,32,8192,2211.43
256,16384,32,16384,3267.34
256,16384,64,16,1152.6
256,16384,64,32,1164.31
256,16384,64,64,1175.11
256,16384,64,128,1191.9
256,16384,64,256,1224.44
256,16384,64,512,1290.95
256,16384,64,1024,1421.27
256,16384,64,2048,1681.43
256,16384,64,4096,2205.98
256,16384,64,8192,3252.36
256,16384,64,16384,5340.31
256,16384,128,16,1166.36
256,16384,128,32,1184.77
256,16384,128,64,1202.86
256,16384,128,128,1236.87
256,16384,128,256,1302.61
256,16384,128,512,1433.08
256,16384,128,1024,1690.04
256,16384,128,2048,2204.68
256,16384,128,4096,3240.32
256,16384,128,8192,5308.28
256,16384,128,16384,9451.45
512,0,0,0,158.763
512,0,1,16,166.219
512,0,1,32,168.331
512,0,1,64,171.776
512,0,1,128,178.027
512,0,1,256,178.24
512,0,1,512,178.453
512,0,1,1024,179.841
512,0,1,2048,182.443
512,0,1,4096,193.995
512,0,1,8192,210.614
512,0,1,16384,245.526
512,0,2,16,166.849
512,0,2,32,169.258
512,0,2,64,172.277
512,0,2,128,178.646
512,0,2,256,178.625
512,0,2,512,179.104
512,0,2,1024,186.645
512,0,2,2048,192.96
512,0,2,4096,210.635
512,0,2,8192,245.153
512,0,2,16384,308.256
512,0,4,16,166.827
512,0,4,32,169.056
512,0,4,64,172.043
512,0,4,128,178.859
512,0,4,256,180.565
512,0,4,512,186.465
512,0,4,1024,194.827
512,0,4,2048,213.813
512,0,4,4096,247.81
512,0,4,8192,313.313
512,0,4,16384,446.604
512,0,8,16,167.201
512,0,8,32,169.077
512,0,8,64,173.611
512,0,8,128,180.289
512,0,8,256,186.593
512,0,8,512,196.448
512,0,8,1024,214.71
512,0,8,2048,247.766
512,0,8,4096,314.817
512,0,8,8192,446.305
512,0,8,16384,712.535
512,0,16,16,167.904
512,0,16,32,170.997
512,0,16,64,174.955
512,0,16,128,188.511
512,0,16,256,197.888
512,0,16,512,215.457
512,0,16,1024,248.534
512,0,16,2048,314.476
512,0,16,4096,446.518
512,0,16,8192,712.62
512,0,16,16384,1238.48
512,0,32,16,171.168
512,0,32,32,177.622
512,0,32,64,182.133
512,0,32,128,192.801
512,0,32,256,210.24
512,0,32,512,244.779
512,0,32,1024,309.996
512,0,32,2048,441.505
512,0,32,4096,707.703
512,0,32,8192,1238.53
512,0,32,16384,2298.59
512,0,64,16,180.459
512,0,64,32,191.201
512,0,64,64,201.708
512,0,64,128,217.814
512,0,64,256,250.305
512,0,64,512,317.93
512,0,64,1024,448.14
512,0,64,2048,710.871
512,0,64,4096,1234.4
512,0,64,8192,2277.06
512,0,64,16384,4367.03
512,0,128,16,193.952
512,0,128,32,211.275
512,0,128,64,230.881
512,0,128,128,263.99
512,0,128,256,329.408
512,0,128,512,459.755
512,0,128,1024,717.378
512,0,128,2048,1233.44
512,0,128,4096,2266.63
512,0,128,8192,4337.41
512,0,128,16384,8481.01
512,16,0,0,168.885
512,16,1,16,175.744
512,16,1,32,177.824
512,16,1,64,180.918
512,16,1,128,187.136
512,16,1,256,186.486
512,16,1,512,187.68
512,16,1,1024,189.28
512,16,1,2048,192.608
512,16,1,4096,203.222
512,16,1,8192,220.544
512,16,1,16384,254.347
512,16,2,16,176.043
512,16,2,32,178.358
512,16,2,64,181.717
512,16,2,128,187.691
512,16,2,256,188.181
512,16,2,512,188.929
512,16,2,1024,196.096
512,16,2,2048,202.881
512,16,2,4096,219.808
512,16,2,8192,254.208
512,16,2,16384,317.579
512,16,4,16,176.865
512,16,4,32,178.475
512,16,4,64,181.237
512,16,4,128,188.021
512,16,4,256,189.569
512,16,4,512,196.053
512,16,4,1024,205.014
512,16,4,2048,223.222
512,16,4,4096,256.661
512,16,4,8192,323.584
512,16,4,16384,456.214
512,16,8,16,177.057
512,16,8,32,178.592
512,16,8,64,181.964
512,16,8,128,189.515
512,16,8,256,196.256
512,16,8,512,205.483
512,16,8,1024,224.011
512,16,8,2048,256.96
512,16,8,4096,323.456
512,16,8,8192,456.107
512,16,8,16384,721.516
512,16,16,16,176.214
512,16,16,32,180.651
512,16,16,64,183.701
512,16,16,128,197.92
512,16,16,256,206.625
512,16,16,512,225.824
512,16,16,1024,257.973
512,16,16,2048,323.019
512,16,16,4096,457.964
512,16,16,8192,721.249
512,16,16,16384,1250.31
512,16,32,16,180.736
512,16,32,32,186.764
512,16,32,64,192.757
512,16,32,128,201.974
512,16,32,256,219.467
512,16,32,512,253.814
512,16,32,1024,319.094
512,16,32,2048,452.608
512,16,32,4096,718.433
512,16,32,8192,1247.7
512,16,32,16384,2307.68
512,16,64,16,189.472
512,16,64,32,202.23
512,16,64,64,211.446
512,16,64,128,227.094
512,16,64,256,260.971
512,16,64,512,327.638
512,16,64,1024,458.07
512,16,64,2048,720.62
512,16,64,4096,1243.97
512,16,64,8192,2287.77
512,16,64,16384,4380.39
512,16,128,16,204.309
512,16,128,32,221.728
512,16,128,64,239.435
512,16,128,128,273.536
512,16,128,256,339.339
512,16,128,512,468.62
512,16,128,1024,727.307
512,16,128,2048,1242.74
512,16,128,4096,2276.63
512,16,128,8192,4347.21
512,16,128,16384,8482.85
512,32,0,0,173.728
512,32,1,16,180.875
512,32,1,32,184.128
512,32,1,64,186.262
512,32,1,128,193.067
512,32,1,256,193.483
512,32,1,512,193.397
512,32,1,1024,194.987
512,32,1,2048,198.198
512,32,1,4096,208.268
512,32,1,8192,225.473
512,32,1,16384,260.193
512,32,2,16,181.173
512,32,2,32,183.553
512,32,2,64,186.827
512,32,2,128,193.205
512,32,2,256,193.387
512,32,2,512,194.113
512,32,2,1024,201.674
512,32,2,2048,207.52
512,32,2,4096,225.397
512,32,2,8192,259.275
512,32,2,16384,322.987
512,32,4,16,181.323
512,32,4,32,184.235
512,32,4,64,186.795
512,32,4,128,193.376
512,32,4,256,194.987
512,32,4,512,201.216
512,32,4,1024,210.005
512,32,4,2048,227.829
512,32,4,4096,261.675
512,32,4,8192,327.841
512,32,4,16384,461.889
512,32,8,16,181.483
512,32,8,32,184.897
512,32,8,64,188.437
512,32,8,128,195.285
512,32,8,256,201.174
512,32,8,512,210.603
512,32,8,1024,229.686
512,32,8,2048,262.091
512,32,8,4096,329.035
512,32,8,8192,461.803
512,32,8,16384,726.775
512,32,16,16,183.03
512,32,16,32,186.134
512,32,16,64,189.292
512,32,16,128,202.944
512,32,16,256,212.672
512,32,16,512,230.464
512,32,16,1024,263.082
512,32,16,2048,328.597
512,32,16,4096,461.792
512,32,16,8192,725.941
512,32,16,16384,1253.8
512,32,32,16,185.58
512,32,32,32,192.086
512,32,32,64,197.312
512,32,32,128,208.139
512,32,32,256,225.141
512,32,32,512,258.539
512,32,32,1024,324.811
512,32,32,2048,458.272
512,32,32,4096,721.963
512,32,32,8192,1253.22
512,32,32,16384,2308.46
512,32,64,16,194.55
512,32,64,32,205.515
512,32,64,64,216.693
512,32,64,128,233.174
512,32,64,256,265.728
512,32,64,512,332.096
512,32,64,1024,462.464
512,32,64,2048,725.249
512,32,64,4096,1247.42
512,32,64,8192,2294.99
512,32,64,16384,4385.76
512,32,128,16,208.939
512,32,128,32,226.304
512,32,128,64,244.949
512,32,128,128,279.146
512,32,128,256,345.281
512,32,128,512,475.968
512,32,128,1024,731.542
512,32,128,2048,1250.11
512,32,128,4096,2283.65
512,32,128,8192,4351.56
512,32,128,16384,8493.27
512,64,0,0,175.243
512,64,1,16,181.44
512,64,1,32,184.406
512,64,1,64,188.053
512,64,1,128,193.973
512,64,1,256,193.728
512,64,1,512,194.73
512,64,1,1024,197.43
512,64,1,2048,199.308
512,64,1,4096,209.664
512,64,1,8192,226.624
512,64,1,16384,261.291
512,64,2,16,182.176
512,64,2,32,185.376
512,64,2,64,186.987
512,64,2,128,194.006
512,64,2,256,194.923
512,64,2,512,196.149
512,64,2,1024,203.457
512,64,2,2048,209.461
512,64,2,4096,225.685
512,64,2,8192,261.792
512,64,2,16384,324.501
512,64,4,16,181.942
512,64,4,32,185.45
512,64,4,64,187.862
512,64,4,128,193.77
512,64,4,256,196.257
512,64,4,512,202.347
512,64,4,1024,211.147
512,64,4,2048,229.77
512,64,4,4096,262.944
512,64,4,8192,329.302
512,64,4,16384,461.633
512,64,8,16,183.275
512,64,8,32,185.824
512,64,8,64,188.16
512,64,8,128,196.768
512,64,8,256,201.963
512,64,8,512,212.203
512,64,8,1024,230.176
512,64,8,2048,264.287
512,64,8,4096,329.11
512,64,8,8192,462.198
512,64,8,16384,728.182
512,64,16,16,183.339
512,64,16,32,187.307
512,64,16,64,190.24
512,64,16,128,204.255
512,64,16,256,213.216
512,64,16,512,230.54
512,64,16,1024,265.237
512,64,16,2048,331.062
512,64,16,4096,463.19
512,64,16,8192,727.426
512,64,16,16384,1256.98
512,64,32,16,187.339
512,64,32,32,194.005
512,64,32,64,199.968
512,64,32,128,209.024
512,64,32,256,226.411
512,64,32,512,260.844
512,64,32,1024,326.827
512,64,32,2048,459.552
512,64,32,4096,722.208
512,64,32,8192,1253.77
512,64,32,16384,2312.08
512,64,64,16,196.597
512,64,64,32,205.995
512,64,64,64,217.269
512,64,64,128,233.706
512,64,64,256,267.051
512,64,64,512,333.462
512,64,64,1024,465.355
512,64,64,2048,725.995
512,64,64,4096,1248.31
512,64,64,8192,2294.94
512,64,64,16384,4385.85
512,64,128,16,210.101
512,64,128,32,226.88
512,64,128,64,245.76
512,64,128,128,281.43
512,64,128,256,345.324
512,64,128,512,475.019
512,64,128,1024,734.113
512,64,128,2048,1249.43
512,64,128,4096,2286.02
512,64,128,8192,4353.69
512,64,128,16384,8492.23
512,128,0,0,182.293
512,128,1,16,189.387
512,128,1,32,192.021
512,128,1,64,194.635
512,128,1,128,201.312
512,128,1,256,201.397
512,128,1,512,201.792
512,128,1,1024,203.051
512,128,1,2048,205.931
512,128,1,4096,215.648
512,128,1,8192,233.834
512,128,1,16384,267.307
512,128,2,16,188.821
512,128,2,32,192.01
512,128,2,64,194.496
512,128,2,128,201.333
512,128,2,256,201.461
512,128,2,512,203.211
512,128,2,1024,209.654
512,128,2,2048,215.392
512,128,2,4096,232.789
512,128,2,8192,268.16
512,128,2,16384,329.898
512,128,4,16,189.088
512,128,4,32,191.968
512,128,4,64,194.421
512,128,4,128,201.707
512,128,4,256,202.742
512,128,4,512,209.227
512,128,4,1024,217.814
512,128,4,2048,237.291
512,128,4,4096,268.97
512,128,4,8192,336.277
512,128,4,16384,468.609
512,128,8,16,189.238
512,128,8,32,192.554
512,128,8,64,195.744
512,128,8,128,203.029
512,128,8,256,209.269
512,128,8,512,218.806
512,128,8,1024,236.875
512,128,8,2048,270.059
512,128,8,4096,335.681
512,128,8,8192,471.766
512,128,8,16384,734.891
512,128,16,16,190.4
512,128,16,32,193.909
512,128,16,64,198.187
512,128,16,128,210.913
512,128,16,256,220.426
512,128,16,512,237.558
512,128,16,1024,270.773
512,128,16,2048,336.906
512,128,16,4096,469.537
512,128,16,8192,735.413
512,128,16,16384,1262.55
512,128,32,16,193.781
512,128,32,32,200.512
512,128,32,64,205.536
512,128,32,128,216.416
512,128,32,256,232.374
512,128,32,512,266.518
512,128,32,1024,332.725
512,128,32,2048,465.013
512,128,32,4096,732.407
512,128,32,8192,1259.26
512,128,32,16384,2320.44
512,128,64,16,203.2
512,128,64,32,214.112
512,128,64,64,224.961
512,128,64,128,240.96
512,128,64,256,273.589
512,128,64,512,340.491
512,128,64,1024,471.37
512,128,64,2048,733.365
512,128,64,4096,1256.62
512,128,64,8192,2299.41
512,128,64,16384,4391.94
512,128,128,16,216.693
512,128,128,32,233.856
512,128,128,64,253.483
512,128,128,128,287.264
512,128,128,256,351.712
512,128,128,512,483.243
512,128,128,1024,740.459
512,128,128,2048,1255.88
512,128,128,4096,2288.06
512,128,128,8192,4362.74
512,128,128,16384,8500.64
512,256,0,0,198.987
512,256,1,16,206.485
512,256,1,32,208.779
512,256,1,64,210.539
512,256,1,128,218.293
512,256,1,256,217.43
512,256,1,512,218.741
512,256,1,1024,220.106
512,256,1,2048,223.029
512,256,1,4096,232.705
512,256,1,8192,249.845
512,256,1,16384,284.63
512,256,2,16,205.707
512,256,2,32,207.883
512,256,2,64,210.678
512,256,2,128,217.888
512,256,2,256,218.634
512,256,2,512,219.797
512,256,2,1024,226.923
512,256,2,2048,232.971
512,256,2,4096,250.337
512,256,2,8192,284.608
512,256,2,16384,346.689
512,256,4,16,205.92
512,256,4,32,208.598
512,256,4,64,212.598
512,256,4,128,219.179
512,256,4,256,219.883
512,256,4,512,226.165
512,256,4,1024,234.912
512,256,4,2048,253.387
512,256,4,4096,287.328
512,256,4,8192,353.12
512,256,4,16384,486.239
512,256,8,16,206.624
512,256,8,32,210.219
512,256,8,64,212.469
512,256,8,128,220.704
512,256,8,256,226.399
512,256,8,512,235.424
512,256,8,1024,254.26
512,256,8,2048,286.538
512,256,8,4096,354.016
512,256,8,8192,486.197
512,256,8,16384,750.848
512,256,16,16,207.861
512,256,16,32,211.947
512,256,16,64,214.581
512,256,16,128,227.435
512,256,16,256,237.984
512,256,16,512,254.838
512,256,16,1024,287.541
512,256,16,2048,354.774
512,256,16,4096,487.072
512,256,16,8192,751.286
512,256,16,16384,1278.7
512,256,32,16,211.488
512,256,32,32,217.397
512,256,32,64,222.965
512,256,32,128,232.011
512,256,32,256,250.026
512,256,32,512,283.658
512,256,32,1024,350.422
512,256,32,2048,483.424
512,256,32,4096,749.601
512,256,32,8192,1274.69
512,256,32,16384,2338.53
512,256,64,16,220.736
512,256,64,32,230.315
512,256,64,64,241.472
512,256,64,128,257.376
512,256,64,256,291.382
512,256,64,512,356.927
512,256,64,1024,488.384
512,256,64,2048,749.973
512,256,64,4096,1273.87
512,256,64,8192,2319.41
512,256,64,16384,4410.4
512,256,128,16,232.949
512,256,128,32,251.542
512,256,128,64,270.379
512,256,128,128,304.459
512,256,128,256,369.812
512,256,128,512,498.347
512,256,128,1024,756.917
512,256,128,2048,1274.45
512,256,128,4096,2307.66
512,256,128,8192,4376.11
512,256,128,16384,8517.98
512,512,0,0,231.946
512,512,1,16,240.032
512,512,1,32,242.389
512,512,1,64,244.523
512,512,1,128,251.637
512,512,1,256,251.957
512,512,1,512,251.488
512,512,1,1024,252.874
512,512,1,2048,256.362
512,512,1,4096,267.659
512,512,1,8192,283.296
512,512,1,16384,317.707
512,512,2,16,239.541
512,512,2,32,242.027
512,512,2,64,245.003
512,512,2,128,251.542
512,512,2,256,251.424
512,512,2,512,253.281
512,512,2,1024,259.371
512,512,2,2048,265.953
512,512,2,4096,283.211
512,512,2,8192,317.813
512,512,2,16384,381.568
512,512,4,16,239.829
512,512,4,32,242.186
512,512,4,64,244.725
512,512,4,128,251.477
512,512,4,256,254.208
512,512,4,512,259.637
512,512,4,1024,268.875
512,512,4,2048,286.283
512,512,4,4096,320.042
512,512,4,8192,387.115
512,512,4,16384,519.574
512,512,8,16,240.171
512,512,8,32,242.485
512,512,8,64,245.706
512,512,8,128,253.664
512,512,8,256,260.171
512,512,8,512,269.504
512,512,8,1024,287.584
512,512,8,2048,321.002
512,512,8,4096,386.56
512,512,8,8192,519.616
512,512,8,16384,783.862
512,512,16,16,240.672
512,512,16,32,243.957
512,512,16,64,247.979
512,512,16,128,260.959
512,512,16,256,270.591
512,512,16,512,287.925
512,512,16,1024,321.578
512,512,16,2048,388.171
512,512,16,4096,520.255
512,512,16,8192,782.934
512,512,16,16384,1313.85
512,512,32,16,243.883
512,512,32,32,250.806
512,512,32,64,256.096
512,512,32,128,265.653
512,512,32,256,283.221
512,512,32,512,316.511
512,512,32,1024,383.381
512,512,32,2048,514.219
512,512,32,4096,781.963
512,512,32,8192,1311.47
512,512,32,16384,2374.33
512,512,64,16,253.269
512,512,64,32,264.715
512,512,64,64,273.824
512,512,64,128,290.837
512,512,64,256,324.299
512,512,64,512,390.689
512,512,64,1024,520.629
512,512,64,2048,783.36
512,512,64,4096,1306.31
512,512,64,8192,2353.15
512,512,64,16384,4439.74
512,512,128,16,266.86
512,512,128,32,285.013
512,512,128,64,302.624
512,512,128,128,337.173
512,512,128,256,402.102
512,512,128,512,532.555
512,512,128,1024,789.717
512,512,128,2048,1306.41
512,512,128,4096,2342.99
512,512,128,8192,4411.99
512,512,128,16384,8546.24
512,1024,0,0,297.653
512,1024,1,16,305.301
512,1024,1,32,307.573
512,1024,1,64,311.317
512,1024,1,128,317.973
512,1024,1,256,317.696
512,1024,1,512,318.091
512,1024,1,1024,318.986
512,1024,1,2048,321.888
512,1024,1,4096,332.725
512,1024,1,8192,350.176
512,1024,1,16384,384.331
512,1024,2,16,305.472
512,1024,2,32,308.981
512,1024,2,64,311.211
512,1024,2,128,317.301
512,1024,2,256,318.506
512,1024,2,512,318.516
512,1024,2,1024,326.774
512,1024,2,2048,332.223
512,1024,2,4096,349.919
512,1024,2,8192,384.843
512,1024,2,16384,446.731
512,1024,4,16,305.131
512,1024,4,32,308.416
512,1024,4,64,312.043
512,1024,4,128,317.707
512,1024,4,256,319.157
512,1024,4,512,325.942
512,1024,4,1024,333.686
512,1024,4,2048,353.312
512,1024,4,4096,385.823
512,1024,4,8192,453.387
512,1024,4,16384,584.864
512,1024,8,16,306.293
512,1024,8,32,308.341
512,1024,8,64,311.776
512,1024,8,128,320.096
512,1024,8,256,324.917
512,1024,8,512,335.648
512,1024,8,1024,353.642
512,1024,8,2048,387.095
512,1024,8,4096,452.373
512,1024,8,8192,584.193
512,1024,8,16384,852.523
512,1024,16,16,306.442
512,1024,16,32,310.165
512,1024,16,64,313.354
512,1024,16,128,327.157
512,1024,16,256,335.871
512,1024,16,512,353.472
512,1024,16,1024,387.659
512,1024,16,2048,454.165
512,1024,16,4096,586.24
512,1024,16,8192,850.74
512,1024,16,16384,1377.66
512,1024,32,16,310.955
512,1024,32,32,316.042
512,1024,32,64,321.589
512,1024,32,128,332.064
512,1024,32,256,349.58
512,1024,32,512,383.327
512,1024,32,1024,448.054
512,1024,32,2048,581.569
512,1024,32,4096,847.594
512,1024,32,8192,1377.57
512,1024,32,16384,2439.64
512,1024,64,16,319.744
512,1024,64,32,330.411
512,1024,64,64,340.576
512,1024,64,128,357.301
512,1024,64,256,389.984
512,1024,64,512,457.355
512,1024,64,1024,586.464
512,1024,64,2048,851.189
512,1024,64,4096,1371.33
512,1024,64,8192,2418.57
512,1024,64,16384,4510.25
512,1024,128,16,332.715
512,1024,128,32,350.229
512,1024,128,64,369.013
512,1024,128,128,403.083
512,1024,128,256,468.992
512,1024,128,512,598.549
512,1024,128,1024,855.935
512,1024,128,2048,1372.67
512,1024,128,4096,2404.38
512,1024,128,8192,4474.98
512,1024,128,16384,8614.74
512,2048,0,0,428.949
512,2048,1,16,436.309
512,2048,1,32,438.091
512,2048,1,64,441.899
512,2048,1,128,448.192
512,2048,1,256,449.321
512,2048,1,512,449.492
512,2048,1,1024,450.411
512,2048,1,2048,453.024
512,2048,1,4096,465.003
512,2048,1,8192,480.767
512,2048,1,16384,514.9
512,2048,2,16,436.234
512,2048,2,32,439.19
512,2048,2,64,441.75
512,2048,2,128,448.864
512,2048,2,256,450.389
512,2048,2,512,450.122
512,2048,2,1024,456.022
512,2048,2,2048,462.965
512,2048,2,4096,481.216
512,2048,2,8192,514.24
512,2048,2,16384,578.922
512,2048,4,16,435.541
512,2048,4,32,438.966
512,2048,4,64,441.408
512,2048,4,128,448.79
512,2048,4,256,450.208
512,2048,4,512,455.689
512,2048,4,1024,464.864
512,2048,4,2048,483.369
512,2048,4,4096,516.992
512,2048,4,8192,582.325
512,2048,4,16384,715.723
512,2048,8,16,436.586
512,2048,8,32,439.595
512,2048,8,64,443.413
512,2048,8,128,450.059
512,2048,8,256,457.099
512,2048,8,512,465.643
512,2048,8,1024,483.594
512,2048,8,2048,517.739
512,2048,8,4096,584.224
512,2048,8,8192,716.971
512,2048,8,16384,982.527
512,2048,16,16,437.269
512,2048,16,32,440.746
512,2048,16,64,445.098
512,2048,16,128,458.304
512,2048,16,256,466.581
512,2048,16,512,485.364
512,2048,16,1024,517.653
512,2048,16,2048,585.258
512,2048,16,4096,716.139
512,2048,16,8192,983.157
512,2048,16,16384,1509.81
512,2048,32,16,441.781
512,2048,32,32,446.751
512,2048,32,64,451.989
512,2048,32,128,463.072
512,2048,32,256,480.042
512,2048,32,512,513.825
512,2048,32,1024,579.019
512,2048,32,2048,711.818
512,2048,32,4096,979.669
512,2048,32,8192,1509.42
512,2048,32,16384,2568.39
512,2048,64,16,449.835
512,2048,64,32,461.066
512,2048,64,64,471.103
512,2048,64,128,488.534
512,2048,64,256,521.727
512,2048,64,512,587.573
512,2048,64,1024,718.529
512,2048,64,2048,980.011
512,2048,64,4096,1501.49
512,2048,64,8192,2553.31
512,2048,64,16384,4640.51
512,2048,128,16,462.922
512,2048,128,32,480.725
512,2048,128,64,499.605
512,2048,128,128,534.592
512,2048,128,256,599.84
512,2048,128,512,729.685
512,2048,128,1024,986.528
512,2048,128,2048,1504.34
512,2048,128,4096,2538.51
512,2048,128,8192,4607.79
512,2048,128,16384,8744.54
512,4096,0,0,689.461
512,4096,1,16,697.696
512,4096,1,32,699.519
512,4096,1,64,704.255
512,4096,1,128,710.506
512,4096,1,256,709.141
512,4096,1,512,710.729
512,4096,1,1024,711.348
512,4096,1,2048,714.784
512,4096,1,4096,725.344
512,4096,1,8192,741.888
512,4096,1,16384,777.151
512,4096,2,16,697.397
512,4096,2,32,699.754
512,4096,2,64,702.933
512,4096,2,128,710.005
512,4096,2,256,710.239
512,4096,2,512,711.199
512,4096,2,1024,718.496
512,4096,2,2048,724.287
512,4096,2,4096,742.858
512,4096,2,8192,777.131
512,4096,2,16384,838.601
512,4096,4,16,697.355
512,4096,4,32,701.183
512,4096,4,64,703.179
512,4096,4,128,709.994
512,4096,4,256,710.731
512,4096,4,512,716.981
512,4096,4,1024,725.717
512,4096,4,2048,744.768
512,4096,4,4096,778.101
512,4096,4,8192,843.285
512,4096,4,16384,976.533
512,4096,8,16,697.258
512,4096,8,32,700.726
512,4096,8,64,704.202
512,4096,8,128,711.434
512,4096,8,256,716.757
512,4096,8,512,728.053
512,4096,8,1024,745.92
512,4096,8,2048,779.071
512,4096,8,4096,845.226
512,4096,8,8192,978.997
512,4096,8,16384,1244.6
512,4096,16,16,698.88
512,4096,16,32,702.805
512,4096,16,64,706.368
512,4096,16,128,719.072
512,4096,16,256,728.351
512,4096,16,512,745.461
512,4096,16,1024,779.413
512,4096,16,2048,846.25
512,4096,16,4096,977.62
512,4096,16,8192,1242.7
512,4096,16,16384,1770.27
512,4096,32,16,702.112
512,4096,32,32,707.093
512,4096,32,64,713.109
512,4096,32,128,723.434
512,4096,32,256,741.376
512,4096,32,512,774.656
512,4096,32,1024,840.842
512,4096,32,2048,973.301
512,4096,32,4096,1239.01
512,4096,32,8192,1770.07
512,4096,32,16384,2831.11
512,4096,64,16,710.71
512,4096,64,32,721.696
512,4096,64,64,733.066
512,4096,64,128,750.037
512,4096,64,256,784.18
512,4096,64,512,848.469
512,4096,64,1024,979.37
512,4096,64,2048,1241.13
512,4096,64,4096,1766.23
512,4096,64,8192,2811.54
512,4096,64,16384,4901.26
512,4096,128,16,725.109
512,4096,128,32,741.205
512,4096,128,64,759.157
512,4096,128,128,794.922
512,4096,128,256,861.291
512,4096,128,512,989.546
512,4096,128,1024,1246.54
512,4096,128,2048,1766.52
512,4096,128,4096,2798.38
512,4096,128,8192,4870.25
512,4096,128,16384,9009.38
512,8192,0,0,1212.85
512,8192,1,16,1221.36
512,8192,1,32,1223.74
512,8192,1,64,1228.15
512,8192,1,128,1235.02
512,8192,1,256,1234.3
512,8192,1,512,1234.37
512,8192,1,1024,1236.46
512,8192,1,2048,1238.09
512,8192,1,4096,1249.75
512,8192,1,8192,1265.88
512,8192,1,16384,1301.97
512,8192,2,16,1220.65
512,8192,2,32,1225.59
512,8192,2,64,1226.85
512,8192,2,128,1233.87
512,8192,2,256,1233.86
512,8192,2,512,1235.31
512,8192,2,1024,1242.33
512,8192,2,2048,1248.51
512,8192,2,4096,1265.42
512,8192,2,8192,1300.99
512,8192,2,16384,1364.42
512,8192,4,16,1220.6
512,8192,4,32,1224.13
512,8192,4,64,1227.81
512,8192,4,128,1233.76
512,8192,4,256,1233.64
512,8192,4,512,1240.88
512,8192,4,1024,1249.38
512,8192,4,2048,1267.68
512,8192,4,4096,1301.89
512,8192,4,8192,1367.32
512,8192,4,16384,1500.61
512,8192,8,16,1222.56
512,8192,8,32,1224.42
512,8192,8,64,1227.48
512,8192,8,128,1235.02
512,8192,8,256,1241.28
512,8192,8,512,1252.18
512,8192,8,1024,1268.04
512,8192,8,2048,1301.54
512,8192,8,4096,1368.66
512,8192,8,8192,1501.69
512,8192,8,16384,1765.28
512,8192,16,16,1222
512,8192,16,32,1226.33
512,8192,16,64,1229.16
512,8192,16,128,1242.32
512,8192,16,256,1250.93
512,8192,16,512,1267.71
512,8192,16,1024,1303.41
512,8192,16,2048,1367.78
512,8192,16,4096,1500.81
512,8192,16,8192,1767.78
512,8192,16,16384,2294.4
512,8192,32,16,1226.48
512,8192,32,32,1231.63
512,8192,32,64,1237.63
512,8192,32,128,1246.41
512,8192,32,256,1264.62
512,8192,32,512,1297.23
512,8192,32,1024,1365.04
512,8192,32,2048,1496.63
512,8192,32,4096,1762.57
512,8192,32,8192,2290.66
512,8192,32,16384,3353.21
512,8192,64,16,1235.34
512,8192,64,32,1244.94
512,8192,64,64,1256.23
512,8192,64,128,1272.57
512,8192,64,256,1306.07
512,8192,64,512,1372.7
512,8192,64,1024,1502.2
512,8192,64,2048,1764.45
512,8192,64,4096,2287.33
512,8192,64,8192,3333.88
512,8192,64,16384,5426.59
512,8192,128,16,1248.62
512,8192,128,32,1265.82
512,8192,128,64,1284.73
512,8192,128,128,1317.84
512,8192,128,256,1382.52
512,8192,128,512,1514.04
512,8192,128,1024,1771.55
512,8192,128,2048,2288.8
512,8192,128,4096,3322.05
512,8192,128,8192,5393.57
512,8192,128,16384,9525.72
512,16384,0,0,2262.34
512,16384,1,16,2272.98
512,16384,1,32,2272.15
512,16384,1,64,2277.35
512,16384,1,128,2284.85
512,16384,1,256,2283.28
512,16384,1,512,2285.83
512,16384,1,1024,2286.68
512,16384,1,2048,2289.13
512,16384,1,4096,2300.53
512,16384,1,8192,2317.51
512,16384,1,16384,2351.62
512,16384,2,16,2271.81
512,16384,2,32,2276.53
512,16384,2,64,2277.57
512,16384,2,128,2284.09
512,16384,2,256,2286.94
512,16384,2,512,2285.62
512,16384,2,1024,2292.75
512,16384,2,2048,2300.51
512,16384,2,4096,2318.79
512,16384,2,8192,2351.07
512,16384,2,16384,2414.5
512,16384,4,16,2270.68
512,16384,4,32,2273.82
512,16384,4,64,2275.9
512,16384,4,128,2284.96
512,16384,4,256,2283.82
512,16384,4,512,2290.49
512,16384,4,1024,2296.87
512,16384,4,2048,2317.28
512,16384,4,4096,2348.61
512,16384,4,8192,2416.84
512,16384,4,16384,2549.81
512,16384,8,16,2269.97
512,16384,8,32,2272.74
512,16384,8,64,2276.9
512,16384,8,128,2285.63
512,16384,8,256,2292.85
512,16384,8,512,2299.36
512,16384,8,1024,2317.42
512,16384,8,2048,2351.71
512,16384,8,4096,2416.36
512,16384,8,8192,2552.59
512,16384,8,16384,2813.66
512,16384,16,16,2270.81
512,16384,16,32,2274.58
512,16384,16,64,2280.54
512,16384,16,128,2292.9
512,16384,16,256,2300.8
512,16384,16,512,2319.01
512,16384,16,1024,2352.65
512,16384,16,2048,2417.48
512,16384,16,4096,2551.6
512,16384,16,8192,2814.06
512,16384,16,16384,3344.52
512,16384,32,16,2274.9
512,16384,32,32,2280.21
512,16384,32,64,2284.78
512,16384,32,128,2296.05
512,16384,32,256,2314.04
512,16384,32,512,2349.45
512,16384,32,1024,2412.1
512,16384,32,2048,2548.12
512,16384,32,4096,2810.41
512,16384,32,8192,3341.15
512,16384,32,16384,4406.54
512,16384,64,16,2283.94
512,16384,64,32,2293.64
512,16384,64,64,2304.46
512,16384,64,128,2321.86
512,16384,64,256,2356.19
512,16384,64,512,2421.73
512,16384,64,1024,2551.99
512,16384,64,2048,2814.26
512,16384,64,4096,3334.55
512,16384,64,8192,4385.64
512,16384,64,16384,6473.81
512,16384,128,16,2298.91
512,16384,128,32,2313.99
512,16384,128,64,2332.64
512,16384,128,128,2368.05
512,16384,128,256,2432.24
512,16384,128,512,2563.17
512,16384,128,1024,2821.84
512,16384,128,2048,3337.67
512,16384,128,4096,4373.32
512,16384,128,8192,6443.14
512,16384,128,16384,10577.1
1024,0,0,0,269.152
1024,0,1,16,276.64
1024,0,1,32,278.144
1024,0,1,64,281.899
1024,0,1,128,288.352
1024,0,1,256,288.81
1024,0,1,512,288.671
1024,0,1,1024,290.432
1024,0,1,2048,292.757
1024,0,1,4096,303.745
1024,0,1,8192,322.388
1024,0,1,16384,356.234
1024,0,2,16,276.362
1024,0,2,32,279.03
1024,0,2,64,281.866
1024,0,2,128,288.533
1024,0,2,256,289.237
1024,0,2,512,289.92
1024,0,2,1024,296.96
1024,0,2,2048,304.128
1024,0,2,4096,320.821
1024,0,2,8192,356.01
1024,0,2,16384,419.562
1024,0,4,16,277.291
1024,0,4,32,278.901
1024,0,4,64,282.154
1024,0,4,128,289.141
1024,0,4,256,290.112
1024,0,4,512,296.64
1024,0,4,1024,305.216
1024,0,4,2048,322.805
1024,0,4,4096,358.272
1024,0,4,8192,425.685
1024,0,4,16384,559.263
1024,0,8,16,277.483
1024,0,8,32,279.434
1024,0,8,64,283.125
1024,0,8,128,290.347
1024,0,8,256,296.576
1024,0,8,512,306.997
1024,0,8,1024,324.65
1024,0,8,2048,357.717
1024,0,8,4096,425.354
1024,0,8,8192,559.722
1024,0,8,16384,822.986
1024,0,16,16,278.421
1024,0,16,32,281.056
1024,0,16,64,285.216
1024,0,16,128,298.528
1024,0,16,256,307.647
1024,0,16,512,326.165
1024,0,16,1024,358.784
1024,0,16,2048,425.226
1024,0,16,4096,557.92
1024,0,16,8192,822.676
1024,0,16,16384,1351.27
1024,0,32,16,282.944
1024,0,32,32,288.789
1024,0,32,64,294.912
1024,0,32,128,304.394
1024,0,32,256,322.495
1024,0,32,512,357.205
1024,0,32,1024,422.613
1024,0,32,2048,554.869
1024,0,32,4096,820.991
1024,0,32,8192,1352.15
1024,0,32,16384,2409.91
1024,0,64,16,289.78
1024,0,64,32,301.216
1024,0,64,64,311.818
1024,0,64,128,328.533
1024,0,64,256,361.675
1024,0,64,512,428.255
1024,0,64,1024,558.538
1024,0,64,2048,820.096
1024,0,64,4096,1344.61
1024,0,64,8192,2390.62
1024,0,64,16384,4481.37
1024,0,128,16,304.319
1024,0,128,32,322.251
1024,0,128,64,342.08
1024,0,128,128,374.197
1024,0,128,256,440.298
1024,0,128,512,570.709
1024,0,128,1024,828.789
1024,0,128,2048,1344.03
1024,0,128,4096,2380.44
1024,0,128,8192,4447.55
1024,0,128,16384,8581.41
1024,16,0,0,279.935
1024,16,1,16,287.551
1024,16,1,32,289.716
1024,16,1,64,293.055
1024,16,1,128,299.702
1024,16,1,256,299.669
1024,16,1,512,299.925
1024,16,1,1024,301.087
1024,16,1,2048,304.341
1024,16,1,4096,314.698
1024,16,1,8192,332.831
1024,16,1,16384,367.37
1024,16,2,16,287.573
1024,16,2,32,290.356
1024,16,2,64,292.981
1024,16,2,128,299.711
1024,16,2,256,300.021
1024,16,2,512,301.002
1024,16,2,1024,308.448
1024,16,2,2048,314.4
1024,16,2,4096,333.355
1024,16,2,8192,367.189
1024,16,2,16384,430.665
1024,16,4,16,287.488
1024,16,4,32,290.122
1024,16,4,64,293.195
1024,16,4,128,299.85
1024,16,4,256,301.588
1024,16,4,512,307.562
1024,16,4,1024,316.757
1024,16,4,2048,334.336
1024,16,4,4096,369.045
1024,16,4,8192,435.392
1024,16,4,16384,569.162
1024,16,8,16,288.778
1024,16,8,32,290.997
1024,16,8,64,294.282
1024,16,8,128,302.026
1024,16,8,256,308.544
1024,16,8,512,318.559
1024,16,8,1024,335.22
1024,16,8,2048,369.855
1024,16,8,4096,436.66
1024,16,8,8192,569.845
1024,16,8,16384,836.02
1024,16,16,16,289.568
1024,16,16,32,292.661
1024,16,16,64,296.735
1024,16,16,128,310.154
1024,16,16,256,319.274
1024,16,16,512,338.368
1024,16,16,1024,370.997
1024,16,16,2048,437.578
1024,16,16,4096,569.172
1024,16,16,8192,834.719
1024,16,16,16384,1363.75
1024,16,32,16,293.524
1024,16,32,32,300.106
1024,16,32,64,305.333
1024,16,32,128,315.925
1024,16,32,256,332.586
1024,16,32,512,368.128
1024,16,32,1024,434.325
1024,16,32,2048,566.826
1024,16,32,4096,832.393
1024,16,32,8192,1362.81
1024,16,32,16384,2426.56
1024,16,64,16,301.546
1024,16,64,32,312.384
1024,16,64,64,322.688
1024,16,64,128,339.264
1024,16,64,256,372.97
1024,16,64,512,440.01
1024,16,64,1024,570.004
1024,16,64,2048,831.423
1024,16,64,4096,1356.14
1024,16,64,8192,2399.56
1024,16,64,16384,4490.9
1024,16,128,16,315.424
1024,16,128,32,333.451
1024,16,128,64,352.277
1024,16,128,128,386.687
1024,16,128,256,451.776
1024,16,128,512,580.768
1024,16,128,1024,838.986
1024,16,128,2048,1355.68
1024,16,128,4096,2393.23
1024,16,128,8192,4458.11
1024,16,128,16384,8600.36
1024,32,0,0,279.477
1024,32,1,16,287.242
1024,32,1,32,289.696
1024,32,1,64,292.021
1024,32,1,128,299.146
1024,32,1,256,299.445
1024,32,1,512,298.923
1024,32,1,1024,301.131
1024,32,1,2048,304.064
1024,32,1,4096,314.186
1024,32,1,8192,332.799
1024,32,1,16384,367.818
1024,32,2,16,287.359
1024,32,2,32,290.527
1024,32,2,64,292.81
1024,32,2,128,299.434
1024,32,2,256,299.828
1024,32,2,512,300.49
1024,32,2,1024,307.114
1024,32,2,2048,314.218
1024,32,2,4096,332.81
1024,32,2,8192,366.837
1024,32,2,16384,431.807
1024,32,4,16,287.359
1024,32,4,32,289.45
1024,32,4,64,292.991
1024,32,4,128,299.072
1024,32,4,256,300.661
1024,32,4,512,307.136
1024,32,4,1024,316.181
1024,32,4,2048,335.648
1024,32,4,4096,368.938
1024,32,4,8192,435.477
1024,32,4,16384,567.776
1024,32,8,16,287.893
1024,32,8,32,290.666
1024,32,8,64,293.429
1024,32,8,128,301.003
1024,32,8,256,307.776
1024,32,8,512,316.703
1024,32,8,1024,335.328
1024,32,8,2048,369.931
1024,32,8,4096,436.362
1024,32,8,8192,567.22
1024,32,8,16384,834.346
1024,32,16,16,289.205
1024,32,16,32,292.415
1024,32,16,64,295.242
1024,32,16,128,309.194
1024,32,16,256,318.688
1024,32,16,512,336.32
1024,32,16,1024,370.058
1024,32,16,2048,435.402
1024,32,16,4096,568.607
1024,32,16,8192,834.442
1024,32,16,16384,1363.22
1024,32,32,16,292.682
1024,32,32,32,299.562
1024,32,32,64,305.131
1024,32,32,128,314.73
1024,32,32,256,332.821
1024,32,32,512,367.263
1024,32,32,1024,432.342
1024,32,32,2048,564.98
1024,32,32,4096,830.878
1024,32,32,8192,1362.64
1024,32,32,16384,2427.34
1024,32,64,16,300.831
1024,32,64,32,311.669
1024,32,64,64,322.527
1024,32,64,128,338.773
1024,32,64,256,373.152
1024,32,64,512,438.058
1024,32,64,1024,569.194
1024,32,64,2048,830.601
1024,32,64,4096,1355.33
1024,32,64,8192,2402.88
1024,32,64,16384,4491.7
1024,32,128,16,315.125
1024,32,128,32,333.194
1024,32,128,64,350.837
1024,32,128,128,384.81
1024,32,128,256,451.488
1024,32,128,512,580.693
1024,32,128,1024,839.978
1024,32,128,2048,1356.15
1024,32,128,4096,2389.59
1024,32,128,8192,4459.1
1024,32,128,16384,8597.43
1024,64,0,0,286.89
1024,64,1,16,294.783
1024,64,1,32,296.554
1024,64,1,64,300.02
1024,64,1,128,305.844
1024,64,1,256,306.165
1024,64,1,512,306.88
1024,64,1,1024,308.831
1024,64,1,2048,311.232
1024,64,1,4096,321.588
1024,64,1,8192,339.755
1024,64,1,16384,374.261
1024,64,2,16,293.909
1024,64,2,32,297.163
1024,64,2,64,299.605
1024,64,2,128,306.816
1024,64,2,256,307.199
1024,64,2,512,308.277
1024,64,2,1024,315.754
1024,64,2,2048,321.781
1024,64,2,4096,338.634
1024,64,2,8192,374.004
1024,64,2,16384,438.058
1024,64,4,16,294.88
1024,64,4,32,297.323
1024,64,4,64,299.947
1024,64,4,128,306.986
1024,64,4,256,308.192
1024,64,4,512,314.293
1024,64,4,1024,322.773
1024,64,4,2048,341.685
1024,64,4,4096,375.776
1024,64,4,8192,443.05
1024,64,4,16384,575.508
1024,64,8,16,295.487
1024,64,8,32,298.069
1024,64,8,64,300.906
1024,64,8,128,308.81
1024,64,8,256,315.039
1024,64,8,512,324.96
1024,64,8,1024,343.136
1024,64,8,2048,376.245
1024,64,8,4096,444.053
1024,64,8,8192,577.14
1024,64,8,16384,841.567
1024,64,16,16,296.778
1024,64,16,32,299.755
1024,64,16,64,303.232
1024,64,16,128,316.469
1024,64,16,256,325.792
1024,64,16,512,344.256
1024,64,16,1024,377.823
1024,64,16,2048,443.786
1024,64,16,4096,576.608
1024,64,16,8192,842.185
1024,64,16,16384,1372.4
1024,64,32,16,300.427
1024,64,32,32,306.592
1024,64,32,64,312.543
1024,64,32,128,321.578
1024,64,32,256,339.701
1024,64,32,512,374.324
1024,64,32,1024,441.097
1024,64,32,2048,572.671
1024,64,32,4096,837.129
1024,64,32,8192,1371.42
1024,64,32,16384,2428.67
1024,64,64,16,308.235
1024,64,64,32,319.413
1024,64,64,64,329.888
1024,64,64,128,345.919
1024,64,64,256,380.405
1024,64,64,512,446.858
1024,64,64,1024,578.249
1024,64,64,2048,837.396
1024,64,64,4096,1361.9
1024,64,64,8192,2405.61
1024,64,64,16384,4502.23
1024,64,128,16,322.421
1024,64,128,32,340.437
1024,64,128,64,359.188
1024,64,128,128,392.575
1024,64,128,256,458.452
1024,64,128,512,587.828
1024,64,128,1024,846.634
1024,64,128,2048,1361.52
1024,64,128,4096,2395.43
1024,64,128,8192,4463.71
1024,64,128,16384,8602.28
1024,128,0,0,310.186
1024,128,1,16,318.964
1024,128,1,32,320.896
1024,128,1,64,323.274
1024,128,1,128,330.005
1024,128,1,256,330.549
1024,128,1,512,330.442
1024,128,1,1024,332.256
1024,128,1,2048,334.303
1024,128,1,4096,345.749
1024,128,1,8192,363.551
1024,128,1,16384,399.52
1024,128,2,16,317.652
1024,128,2,32,320.576
1024,128,2,64,323.413
1024,128,2,128,330.251
1024,128,2,256,330.848
1024,128,2,512,331.53
1024,128,2,1024,338.293
1024,128,2,2048,344.949
1024,128,2,4096,363.039
1024,128,2,8192,398.378
1024,128,2,16384,460.778
1024,128,4,16,318.239
1024,128,4,32,321.322
1024,128,4,64,323.551
1024,128,4,128,330.41
1024,128,4,256,331.615
1024,128,4,512,337.525
1024,128,4,1024,347.572
1024,128,4,2048,365.577
1024,128,4,4096,400.436
1024,128,4,8192,467.924
1024,128,4,16384,601.311
1024,128,8,16,320
1024,128,8,32,322.047
1024,128,8,64,325.151
1024,128,8,128,333.034
1024,128,8,256,338.325
1024,128,8,512,348.448
1024,128,8,1024,366.548
1024,128,8,2048,400.726
1024,128,8,4096,466.495
1024,128,8,8192,601.545
1024,128,8,16384,866.164
1024,128,16,16,320.511
1024,128,16,32,323.69
1024,128,16,64,326.986
1024,128,16,128,341.119
1024,128,16,256,350.24
1024,128,16,512,367.221
1024,128,16,1024,401.525
1024,128,16,2048,467.338
1024,128,16,4096,600.35
1024,128,16,8192,864.02
1024,128,16,16384,1396.76
1024,128,32,16,324.661
1024,128,32,32,330.294
1024,128,32,64,336.608
1024,128,32,128,346.719
1024,128,32,256,364.704
1024,128,32,512,398.858
1024,128,32,1024,464.586
1024,128,32,2048,597.578
1024,128,32,4096,862.846
1024,128,32,8192,1392.21
1024,128,32,16384,2452.35
1024,128,64,16,331.402
1024,128,64,32,343.7
1024,128,64,64,353.439
1024,128,64,128,371.04
1024,128,64,256,403.381
1024,128,64,512,470.442
1024,128,64,1024,601.918
1024,128,64,2048,861.354
1024,128,64,4096,1385.08
1024,128,64,8192,2432.51
1024,128,64,16384,4521.06
1024,128,128,16,346.602
1024,128,128,32,364.864
1024,128,128,64,383.135
1024,128,128,128,417.215
1024,128,128,256,482.986
1024,128,128,512,613.418
1024,128,128,1024,869.546
1024,128,128,2048,1388.18
1024,128,128,4096,2419.97
1024,128,128,8192,4487
1024,128,128,16384,8627.67
1024,256,0,0,350.858
1024,256,1,16,359.146
1024,256,1,32,360.064
1024,256,1,64,364.01
1024,256,1,128,370.165
1024,256,1,256,370.453
1024,256,1,512,371.189
1024,256,1,1024,372.479
1024,256,1,2048,374.666
1024,256,1,4096,386.41
1024,256,1,8192,403.573
1024,256,1,16384,437.461
1024,256,2,16,358.709
1024,256,2,32,360.906
1024,256,2,64,364.596
1024,256,2,128,370.815
1024,256,2,256,371.562
1024,256,2,512,372.074
1024,256,2,1024,378.581
1024,256,2,2048,385.034
1024,256,2,4096,403.946
1024,256,2,8192,438.228
1024,256,2,16384,502.655
1024,256,4,16,357.962
1024,256,4,32,361.535
1024,256,4,64,364.17
1024,256,4,128,370.741
1024,256,4,256,371.818
1024,256,4,512,378.613
1024,256,4,1024,386.868
1024,256,4,2048,407.188
1024,256,4,4096,439.488
1024,256,4,8192,507.274
1024,256,4,16384,639.796
1024,256,8,16,358.719
1024,256,8,32,361.738
1024,256,8,64,364.927
1024,256,8,128,372.553
1024,256,8,256,378.441
1024,256,8,512,389.354
1024,256,8,1024,406.143
1024,256,8,2048,440.512
1024,256,8,4096,508.128
1024,256,8,8192,641.086
1024,256,8,16384,907.721
1024,256,16,16,360.319
1024,256,16,32,362.997
1024,256,16,64,367.061
1024,256,16,128,379.893
1024,256,16,256,390.623
1024,256,16,512,408.405
1024,256,16,1024,440.746
1024,256,16,2048,507.316
1024,256,16,4096,639.871
1024,256,16,8192,905.715
1024,256,16,16384,1434.3
1024,256,32,16,365.172
1024,256,32,32,370.357
1024,256,32,64,376.874
1024,256,32,128,387.06
1024,256,32,256,404.489
1024,256,32,512,438.772
1024,256,32,1024,504.778
1024,256,32,2048,638.464
1024,256,32,4096,904.51
1024,256,32,8192,1432.74
1024,256,32,16384,2496.14
1024,256,64,16,372.937
1024,256,64,32,383.647
1024,256,64,64,394.026
1024,256,64,128,410.474
1024,256,64,256,444.511
1024,256,64,512,510.613
1024,256,64,1024,641.866
1024,256,64,2048,902.217
1024,256,64,4096,1426.02
1024,256,64,8192,2473.83
1024,256,64,16384,4558.85
1024,256,128,16,386.165
1024,256,128,32,404.768
1024,256,128,64,422.047
1024,256,128,128,457.535
1024,256,128,256,523.124
1024,256,128,512,652.287
1024,256,128,1024,910.548
1024,256,128,2048,1429.63
1024,256,128,4096,2460.31
1024,256,128,8192,4529.01
1024,256,128,16384,8668.57
1024,512,0,0,426.463
1024,512,1,16,433.193
1024,512,1,32,435.348
1024,512,1,64,438.751
1024,512,1,128,446.122
1024,512,1,256,445.248
1024,512,1,512,445.674
1024,512,1,1024,446.869
1024,512,1,2048,449.546
1024,512,1,4096,460.287
1024,512,1,8192,478.697
1024,512,1,16384,513.685
1024,512,2,16,433.087
1024,512,2,32,435.978
1024,512,2,64,438.634
1024,512,2,128,444.66
1024,512,2,256,446.271
1024,512,2,512,447.061
1024,512,2,1024,454.005
1024,512,2,2048,459.529
1024,512,2,4096,477.247
1024,512,2,8192,512.895
1024,512,2,16384,576.981
1024,512,4,16,433.631
1024,512,4,32,436.138
1024,512,4,64,438.677
1024,512,4,128,445.461
1024,512,4,256,447.403
1024,512,4,512,452.842
1024,512,4,1024,462.218
1024,512,4,2048,480.853
1024,512,4,4096,514.367
1024,512,4,8192,582.814
1024,512,4,16384,715.039
1024,512,8,16,434.292
1024,512,8,32,436.97
1024,512,8,64,439.264
1024,512,8,128,447.455
1024,512,8,256,453.247
1024,512,8,512,463.572
1024,512,8,1024,482.858
1024,512,8,2048,515.637
1024,512,8,4096,581.717
1024,512,8,8192,715.102
1024,512,8,16384,980.115
1024,512,16,16,435.434
1024,512,16,32,439.029
1024,512,16,64,441.674
1024,512,16,128,454.784
1024,512,16,256,463.956
1024,512,16,512,482.816
1024,512,16,1024,515.455
1024,512,16,2048,581.321
1024,512,16,4096,715.561
1024,512,16,8192,979.017
1024,512,16,16384,1507.4
1024,512,32,16,439.135
1024,512,32,32,445.642
1024,512,32,64,450.463
1024,512,32,128,461.29
1024,512,32,256,479.039
1024,512,32,512,513.44
1024,512,32,1024,579.273
1024,512,32,2048,713.279
1024,512,32,4096,978.238
1024,512,32,8192,1510.02
1024,512,32,16384,2567.86
1024,512,64,16,447.359
1024,512,64,32,457.952
1024,512,64,64,468.394
1024,512,64,128,485.62
1024,512,64,256,518.645
1024,512,64,512,584.489
1024,512,64,1024,715.476
1024,512,64,2048,978.335
1024,512,64,4096,1499.01
1024,512,64,8192,2547.44
1024,512,64,16384,4637.28
1024,512,128,16,460.672
1024,512,128,32,480.746
1024,512,128,64,497.887
1024,512,128,128,532.351
1024,512,128,256,598.111
1024,512,128,512,726.826
1024,512,128,1024,983.902
1024,512,128,2048,1500.79
1024,512,128,4096,2534.57
1024,512,128,8192,4603.97
1024,512,128,16384,8741.62
1024,1024,0,0,556.224
1024,1024,1,16,563.988
1024,1024,1,32,566.185
1024,1024,1,64,569.405
1024,1024,1,128,576.372
1024,1024,1,256,576.17
1024,1024,1,512,576.735
1024,1024,1,1024,578.591
1024,1024,1,2048,580.938
1024,1024,1,4096,591.274
1024,1024,1,8192,608.649
1024,1024,1,16384,644.297
1024,1024,2,16,563.86
1024,1024,2,32,567.508
1024,1024,2,64,569.653
1024,1024,2,128,576.842
1024,1024,2,256,577.141
1024,1024,2,512,577.482
1024,1024,2,1024,585.034
1024,1024,2,2048,591.55
1024,1024,2,4096,608.501
1024,1024,2,8192,643.967
1024,1024,2,16384,707.614
1024,1024,4,16,563.977
1024,1024,4,32,566.431
1024,1024,4,64,569.994
1024,1024,4,128,575.786
1024,1024,4,256,577.813
1024,1024,4,512,583.732
1024,1024,4,1024,592.458
1024,1024,4,2048,610.986
1024,1024,4,4096,644.672
1024,1024,4,8192,711.913
1024,1024,4,16384,844.425
1024,1024,8,16,564.724
1024,1024,8,32,567.636
1024,1024,8,64,570.388
1024,1024,8,128,578.804
1024,1024,8,256,584.149
1024,1024,8,512,594.356
1024,1024,8,1024,612.448
1024,1024,8,2048,646.26
1024,1024,8,4096,713.982
1024,1024,8,8192,845.78
1024,1024,8,16384,1111.62
1024,1024,16,16,565.119
1024,1024,16,32,568.99
1024,1024,16,64,572.5
1024,1024,16,128,586.484
1024,1024,16,256,595.902
1024,1024,16,512,613.534
1024,1024,16,1024,646.921
1024,1024,16,2048,712.138
1024,1024,16,4096,845.151
1024,1024,16,8192,1109.38
1024,1024,16,16384,1641.6
1024,1024,32,16,570.154
1024,1024,32,32,576.724
1024,1024,32,64,581.108
1024,1024,32,128,591.807
1024,1024,32,256,609.695
1024,1024,32,512,644.713
1024,1024,32,1024,710.025
1024,1024,32,2048,842.707
1024,1024,32,4096,1108.09
1024,1024,32,8192,1640.37
1024,1024,32,16384,2699.94
1024,1024,64,16,578.207
1024,1024,64,32,587.743
1024,1024,64,64,599.392
1024,1024,64,128,616.287
1024,1024,64,256,648.649
1024,1024,64,512,716.373
1024,1024,64,1024,848.095
1024,1024,64,2048,1107.11
1024,1024,64,4096,1631.18
1024,1024,64,8192,2676.04
1024,1024,64,16384,4768.56
1024,1024,128,16,592.638
1024,1024,128,32,610.432
1024,1024,128,64,628.5
1024,1024,128,128,662.975
1024,1024,128,256,728.095
1024,1024,128,512,858.142
1024,1024,128,1024,1115.24
1024,1024,128,2048,1631.61
1024,1024,128,4096,2664.31
1024,1024,128,8192,4737.64
1024,1024,128,16384,8875.12
1024,2048,0,0,816.958
1024,2048,1,16,824.98
1024,2048,1,32,826.441
1024,2048,1,64,830.185
1024,2048,1,128,837.524
1024,2048,1,256,837.779
1024,2048,1,512,837.886
1024,2048,1,1024,839.273
1024,2048,1,2048,842.143
1024,2048,1,4096,853.087
1024,2048,1,8192,870.985
1024,2048,1,16384,906.888
1024,2048,2,16,824.692
1024,2048,2,32,828.436
1024,2048,2,64,830.622
1024,2048,2,128,836.969
1024,2048,2,256,838.27
1024,2048,2,512,838.91
1024,2048,2,1024,845.844
1024,2048,2,2048,852.83
1024,2048,2,4096,869.716
1024,2048,2,8192,905.875
1024,2048,2,16384,969.065
1024,2048,4,16,825.097
1024,2048,4,32,826.676
1024,2048,4,64,829.79
1024,2048,4,128,837.567
1024,2048,4,256,837.299
1024,2048,4,512,843.871
1024,2048,4,1024,853.098
1024,2048,4,2048,872.352
1024,2048,4,4096,905.396
1024,2048,4,8192,974.142
1024,2048,4,16384,1106.09
1024,2048,8,16,826.206
1024,2048,8,32,828.372
1024,2048,8,64,830.867
1024,2048,8,128,838.686
1024,2048,8,256,844.81
1024,2048,8,512,853.577
1024,2048,8,1024,872.009
1024,2048,8,2048,906.313
1024,2048,8,4096,974.29
1024,2048,8,8192,1106.15
1024,2048,8,16384,1372.41
1024,2048,16,16,826.974
1024,2048,16,32,830.174
1024,2048,16,64,834.057
1024,2048,16,128,846.506
1024,2048,16,256,855.423
1024,2048,16,512,872.714
1024,2048,16,1024,906.355
1024,2048,16,2048,973.064
1024,2048,16,4096,1105.29
1024,2048,16,8192,1373.6
1024,2048,16,16384,1900.98
1024,2048,32,16,831.124
1024,2048,32,32,836.851
1024,2048,32,64,843.134
1024,2048,32,128,853.407
1024,2048,32,256,869.844
1024,2048,32,512,904.809
1024,2048,32,1024,969.96
1024,2048,32,2048,1103.18
1024,2048,32,4096,1369.56
1024,2048,32,8192,1899.08
1024,2048,32,16384,2962.34
1024,2048,64,16,838.409
1024,2048,64,32,849.844
1024,2048,64,64,860.03
1024,2048,64,128,876.606
1024,2048,64,256,910.281
1024,2048,64,512,976.639
1024,2048,64,1024,1106.3
1024,2048,64,2048,1368.64
1024,2048,64,4096,1890.61
1024,2048,64,8192,2938.14
1024,2048,64,16384,5028.47
1024,2048,128,16,853.439
1024,2048,128,32,869.94
1024,2048,128,64,888.339
1024,2048,128,128,923.401
1024,2048,128,256,988.169
1024,2048,128,512,1119.61
1024,2048,128,1024,1376.79
1024,2048,128,2048,1893.28
1024,2048,128,4096,2926.36
1024,2048,128,8192,4995.54
1024,2048,128,16384,9131.31
1024,4096,0,0,1338.69
1024,4096,1,16,1346.32
1024,4096,1,32,1348.42
1024,4096,1,64,1352.1
1024,4096,1,128,1356.66
1024,4096,1,256,1358.55
1024,4096,1,512,1360.14
1024,4096,1,1024,1361.25
1024,4096,1,2048,1362.29
1024,4096,1,4096,1372.4
1024,4096,1,8192,1390.45
1024,4096,1,16384,1426.79
1024,4096,2,16,1343.71
1024,4096,2,32,1348.46
1024,4096,2,64,1350.98
1024,4096,2,128,1357.85
1024,4096,2,256,1359.81
1024,4096,2,512,1359.37
1024,4096,2,1024,1367.87
1024,4096,2,2048,1372.84
1024,4096,2,4096,1390.57
1024,4096,2,8192,1425.27
1024,4096,2,16384,1488.6
1024,4096,4,16,1344.74
1024,4096,4,32,1346.76
1024,4096,4,64,1350.19
1024,4096,4,128,1356.32
1024,4096,4,256,1356.89
1024,4096,4,512,1363.99
1024,4096,4,1024,1373.98
1024,4096,4,2048,1391.38
1024,4096,4,4096,1424.34
1024,4096,4,8192,1492.96
1024,4096,4,16384,1625.3
1024,4096,8,16,1344.78
1024,4096,8,32,1348.06
1024,4096,8,64,1350.69
1024,4096,8,128,1359.75
1024,4096,8,256,1365.07
1024,4096,8,512,1374.6
1024,4096,8,1024,1393.07
1024,4096,8,2048,1426.43
1024,4096,8,4096,1490.6
1024,4096,8,8192,1627.13
1024,4096,8,16384,1892.17
1024,4096,16,16,1346.03
1024,4096,16,32,1349.63
1024,4096,16,64,1353.4
1024,4096,16,128,1366.56
1024,4096,16,256,1377.01
1024,4096,16,512,1394.34
1024,4096,16,1024,1426.89
1024,4096,16,2048,1493.34
1024,4096,16,4096,1625.51
1024,4096,16,8192,1892.62
1024,4096,16,16384,2420.41
1024,4096,32,16,1350.26
1024,4096,32,32,1355.28
1024,4096,32,64,1360.83
1024,4096,32,128,1371.59
1024,4096,32,256,1390.59
1024,4096,32,512,1423.55
1024,4096,32,1024,1490.58
1024,4096,32,2048,1622.25
1024,4096,32,4096,1890.83
1024,4096,32,8192,2419.92
1024,4096,32,16384,3477.48
1024,4096,64,16,1356.8
1024,4096,64,32,1371.19
1024,4096,64,64,1380.23
1024,4096,64,128,1396.04
1024,4096,64,256,1430.65
1024,4096,64,512,1496.74
1024,4096,64,1024,1626.85
1024,4096,64,2048,1887.76
1024,4096,64,4096,2411.8
1024,4096,64,8192,3458.51
1024,4096,64,16384,5548.35
1024,4096,128,16,1372.78
1024,4096,128,32,1390.09
1024,4096,128,64,1408.53
1024,4096,128,128,1442.75
1024,4096,128,256,1508.09
1024,4096,128,512,1638.88
1024,4096,128,1024,1895.87
1024,4096,128,2048,2411.71
1024,4096,128,4096,3450.91
1024,4096,128,8192,5516.82
1024,4096,128,16384,9657.85
1024,8192,0,0,2378.55
1024,8192,1,16,2387.24
1024,8192,1,32,2385.87
1024,8192,1,64,2395.78
1024,8192,1,128,2399.27
1024,8192,1,256,2401.96
1024,8192,1,512,2399.25
1024,8192,1,1024,2400.67
1024,8192,1,2048,2405.8
1024,8192,1,4096,2415.85
1024,8192,1,8192,2433.53
1024,8192,1,16384,2470.07
1024,8192,2,16,2384.07
1024,8192,2,32,2390.7
1024,8192,2,64,2392.38
1024,8192,2,128,2400.67
1024,8192,2,256,2400.07
1024,8192,2,512,2402.72
1024,8192,2,1024,2407.4
1024,8192,2,2048,2412.26
1024,8192,2,4096,2432.47
1024,8192,2,8192,2466.79
1024,8192,2,16384,2530.81
1024,8192,4,16,2385.64
1024,8192,4,32,2390.63
1024,8192,4,64,2391.28
1024,8192,4,128,2398.39
1024,8192,4,256,2396.84
1024,8192,4,512,2405.61
1024,8192,4,1024,2413.61
1024,8192,4,2048,2432.95
1024,8192,4,4096,2467.99
1024,8192,4,8192,2535.5
1024,8192,4,16384,2665.3
1024,8192,8,16,2385.7
1024,8192,8,32,2389.34
1024,8192,8,64,2392.93
1024,8192,8,128,2398.48
1024,8192,8,256,2407.35
1024,8192,8,512,2412.02
1024,8192,8,1024,2433.41
1024,8192,8,2048,2467.13
1024,8192,8,4096,2534.84
1024,8192,8,8192,2666.68
1024,8192,8,16384,2932.22
1024,8192,16,16,2387.15
1024,8192,16,32,2391.16
1024,8192,16,64,2394.81
1024,8192,16,128,2407.75
1024,8192,16,256,2417
1024,8192,16,512,2432.75
1024,8192,16,1024,2469.93
1024,8192,16,2048,2536.32
1024,8192,16,4096,2668.34
1024,8192,16,8192,2929.58
1024,8192,16,16384,3460.42
1024,8192,32,16,2393.28
1024,8192,32,32,2397.85
1024,8192,32,64,2406.96
1024,8192,32,128,2413.93
1024,8192,32,256,2430.98
1024,8192,32,512,2464.04
1024,8192,32,1024,2533.81
1024,8192,32,2048,2664.76
1024,8192,32,4096,2931.11
1024,8192,32,8192,3460.26
1024,8192,32,16384,4521.7
1024,8192,64,16,2398.24
1024,8192,64,32,2411.63
1024,8192,64,64,2419.73
1024,8192,64,128,2436.76
1024,8192,64,256,2469.62
1024,8192,64,512,2537.04
1024,8192,64,1024,2666.28
1024,8192,64,2048,2932.3
1024,8192,64,4096,3450.74
1024,8192,64,8192,4500.23
1024,8192,64,16384,6590.63
1024,8192,128,16,2415.83
1024,8192,128,32,2433.88
1024,8192,128,64,2449.04
1024,8192,128,128,2483.15
1024,8192,128,256,2549.37
1024,8192,128,512,2679.5
1024,8192,128,1024,2936.69
1024,8192,128,2048,3452.55
1024,8192,128,4096,4485.92
1024,8192,128,8192,6557.86
1024,8192,128,16384,10695
1024,16384,0,0,4463.06
1024,16384,1,16,4474.28
1024,16384,1,32,4469.47
1024,16384,1,64,4483.22
1024,16384,1,128,4489.65
1024,16384,1,256,4486.56
1024,16384,1,512,4489.14
1024,16384,1,1024,4490.05
1024,16384,1,2048,4490.72
1024,16384,1,4096,4503.03
1024,16384,1,8192,4515.48
1024,16384,1,16384,4558.72
1024,16384,2,16,4470.23
1024,16384,2,32,4472.98
1024,16384,2,64,4476.83
1024,16384,2,128,4481.45
1024,16384,2,256,4484.25
1024,16384,2,512,4488.58
1024,16384,2,1024,4493.34
1024,16384,2,2048,4504.02
1024,16384,2,4096,4516.81
1024,16384,2,8192,4551.8
1024,16384,2,16384,4619.2
1024,16384,4,16,4469.77
1024,16384,4,32,4476.48
1024,16384,4,64,4478.9
1024,16384,4,128,4481.93
1024,16384,4,256,4480.47
1024,16384,4,512,4490.21
1024,16384,4,1024,4501.1
1024,16384,4,2048,4517.18
1024,16384,4,4096,4550.17
1024,16384,4,8192,4614.87
1024,16384,4,16384,4751.62
1024,16384,8,16,4468.42
1024,16384,8,32,4475.43
1024,16384,8,64,4480.24
1024,16384,8,128,4482.55
1024,16384,8,256,4485.87
1024,16384,8,512,4497.68
1024,16384,8,1024,4516.77
1024,16384,8,2048,4552.33
1024,16384,8,4096,4618.91
1024,16384,8,8192,4752.84
1024,16384,8,16384,5016.04
1024,16384,16,16,4470.87
1024,16384,16,32,4474.94
1024,16384,16,64,4480.05
1024,16384,16,128,4490.44
1024,16384,16,256,4499.2
1024,16384,16,512,4516.84
1024,16384,16,1024,4548.67
1024,16384,16,2048,4614.8
1024,16384,16,4096,4745.97
1024,16384,16,8192,5019.68
1024,16384,16,16384,5542.55
1024,16384,32,16,4472.04
1024,16384,32,32,4483.96
1024,16384,32,64,4488.77
1024,16384,32,128,4499.58
1024,16384,32,256,4515.64
1024,16384,32,512,4545.75
1024,16384,32,1024,4614.75
1024,16384,32,2048,4750.18
1024,16384,32,4096,5012.76
1024,16384,32,8192,5544.95
1024,16384,32,16384,6603.4
1024,16384,64,16,4482.85
1024,16384,64,32,4490.31
1024,16384,64,64,4505.69
1024,16384,64,128,4522.81
1024,16384,64,256,4554.22
1024,16384,64,512,4618.34
1024,16384,64,1024,4752.69
1024,16384,64,2048,5016.07
1024,16384,64,4096,5533.72
1024,16384,64,8192,6579.58
1024,16384,64,16384,8669.18
1024,16384,128,16,4493.29
1024,16384,128,32,4512.93
1024,16384,128,64,4531.45
1024,16384,128,128,4568.86
1024,16384,128,256,4629.75
1024,16384,128,512,4764.67
1024,16384,128,1024,5019.76
1024,16384,128,2048,5534.58
1024,16384,128,4096,6567.51
1024,16384,128,8192,8639.62
1024,16384,128,16384,12779.2
2048,0,0,0,759.626
2048,0,1,16,766.174
2048,0,1,32,768.852
2048,0,1,64,770.782
2048,0,1,128,778.12
2048,0,1,256,777.673
2048,0,1,512,778.43
2048,0,1,1024,780.233
2048,0,1,2048,782.1
2048,0,1,4096,793.332
2048,0,1,8192,809.78
2048,0,1,16384,846.58
2048,0,2,16,766.058
2048,0,2,32,767.871
2048,0,2,64,772.094
2048,0,2,128,778.067
2048,0,2,256,778.708
2048,0,2,512,778.548
2048,0,2,1024,785.747
2048,0,2,2048,792.713
2048,0,2,4096,810.996
2048,0,2,8192,843.69
2048,0,2,16384,909.406
2048,0,4,16,766.676
2048,0,4,32,768.329
2048,0,4,64,771.806
2048,0,4,128,779.048
2048,0,4,256,779.817
2048,0,4,512,785.716
2048,0,4,1024,793.716
2048,0,4,2048,813.011
2048,0,4,4096,848.148
2048,0,4,8192,914.164
2048,0,4,16384,1048.17
2048,0,8,16,766.686
2048,0,8,32,769.054
2048,0,8,64,772.787
2048,0,8,128,779.177
2048,0,8,256,786.41
2048,0,8,512,795.529
2048,0,8,1024,815.305
2048,0,8,2048,847.934
2048,0,8,4096,914.27
2048,0,8,8192,1046.42
2048,0,8,16384,1312.08
2048,0,16,16,767.828
2048,0,16,32,771.391
2048,0,16,64,774.697
2048,0,16,128,788.18
2048,0,16,256,797.354
2048,0,16,512,814.527
2048,0,16,1024,848.254
2048,0,16,2048,914.42
2048,0,16,4096,1049.16
2048,0,16,8192,1311.54
2048,0,16,16384,1844.53
2048,0,32,16,772.084
2048,0,32,32,778.037
2048,0,32,64,784.136
2048,0,32,128,795.251
2048,0,32,256,811.966
2048,0,32,512,845.481
2048,0,32,1024,910.547
2048,0,32,2048,1046.55
2048,0,32,4096,1312.23
2048,0,32,8192,1840.63
2048,0,32,16384,2902.66
2048,0,64,16,779.176
2048,0,64,32,790.302
2048,0,64,64,801.353
2048,0,64,128,818.132
2048,0,64,256,851.06
2048,0,64,512,918.675
2048,0,64,1024,1049.1
2048,0,64,2048,1309.75
2048,0,64,4096,1831.24
2048,0,64,8192,2881.3
2048,0,64,16384,4970.1
2048,0,128,16,792.552
2048,0,128,32,810.9
2048,0,128,64,829.63
2048,0,128,128,862.633
2048,0,128,256,928.083
2048,0,128,512,1059.02
2048,0,128,1024,1316.78
2048,0,128,2048,1832.85
2048,0,128,4096,2871.88
2048,0,128,8192,4938.89
2048,0,128,16384,9076.03
2048,16,0,0,782.056
2048,16,1,16,788.937
2048,16,1,32,791.476
2048,16,1,64,793.909
2048,16,1,128,800.809
2048,16,1,256,801.118
2048,16,1,512,800.819
2048,16,1,1024,802.281
2048,16,1,2048,806.153
2048,16,1,4096,815.391
2048,16,1,8192,833.929
2048,16,1,16384,867.294
2048,16,2,16,788.862
2048,16,2,32,791.327
2048,16,2,64,793.726
2048,16,2,128,803.71
2048,16,2,256,802.964
2048,16,2,512,802.121
2048,16,2,1024,810.462
2048,16,2,2048,816.179
2048,16,2,4096,834.217
2048,16,2,8192,867.625
2048,16,2,16384,932.809
2048,16,4,16,791.22
2048,16,4,32,790.739
2048,16,4,64,796.724
2048,16,4,128,802.195
2048,16,4,256,804.137
2048,16,4,512,809.897
2048,16,4,1024,817.801
2048,16,4,2048,836.403
2048,16,4,4096,869.183
2048,16,4,8192,938.75
2048,16,4,16384,1069.53
2048,16,8,16,789.673
2048,16,8,32,792.136
2048,16,8,64,794.783
2048,16,8,128,803.07
2048,16,8,256,811.326
2048,16,8,512,819.337
2048,16,8,1024,838.122
2048,16,8,2048,873.395
2048,16,8,4096,938.601
2048,16,8,8192,1070.26
2048,16,8,16384,1340.04
2048,16,16,16,792.062
2048,16,16,32,794.643
2048,16,16,64,797.587
2048,16,16,128,811.796
2048,16,16,256,822.078
2048,16,16,512,838.227
2048,16,16,1024,871.539
2048,16,16,2048,937.608
2048,16,16,4096,1070.39
2048,16,16,8192,1335.42
2048,16,16,16384,2007.58
2048,16,32,16,793.641
2048,16,32,32,801.044
2048,16,32,64,807.092
2048,16,32,128,815.401
2048,16,32,256,834.504
2048,16,32,512,868.435
2048,16,32,1024,934.601
2048,16,32,2048,1069.44
2048,16,32,4096,1335.53
2048,16,32,8192,1863.21
2048,16,32,16384,2930.71
2048,16,64,16,802.826
2048,16,64,32,814.046
2048,16,64,64,823.7
2048,16,64,128,842.846
2048,16,64,256,874.217
2048,16,64,512,941.224
2048,16,64,1024,1072.31
2048,16,64,2048,1334.24
2048,16,64,4096,1854.42
2048,16,64,8192,2900.4
2048,16,64,16384,4995.86
2048,16,128,16,814.975
2048,16,128,32,835.359
2048,16,128,64,854.367
2048,16,128,128,888.212
2048,16,128,256,951.721
2048,16,128,512,1083.1
2048,16,128,1024,1339.94
2048,16,128,2048,1855.31
2048,16,128,4096,2890.52
2048,16,128,8192,4964.95
2048,16,128,16384,9096.48
2048,32,0,0,781.065
2048,32,1,16,787.657
2048,32,1,32,790.078
2048,32,1,64,792.467
2048,32,1,128,801.609
2048,32,1,256,800.137
2048,32,1,512,800.457
2048,32,1,1024,801.289
2048,32,1,2048,804.905
2048,32,1,4096,815.391
2048,32,1,8192,833.193
2048,32,1,16384,868.03
2048,32,2,16,787.539
2048,32,2,32,790.612
2048,32,2,64,792.745
2048,32,2,128,800.937
2048,32,2,256,800.105
2048,32,2,512,801.076
2048,32,2,1024,809.311
2048,32,2,2048,816.596
2048,32,2,4096,831.977
2048,32,2,8192,866.013
2048,32,2,16384,930.857
2048,32,4,16,787.614
2048,32,4,32,791.923
2048,32,4,64,794.686
2048,32,4,128,800.084
2048,32,4,256,801.502
2048,32,4,512,808.734
2048,32,4,1024,817.054
2048,32,4,2048,836.968
2048,32,4,4096,869.854
2048,32,4,8192,936.041
2048,32,4,16384,1071.9
2048,32,8,16,788.553
2048,32,8,32,791.613
2048,32,8,64,794.345
2048,32,8,128,802.259
2048,32,8,256,807.955
2048,32,8,512,817.737
2048,32,8,1024,837.555
2048,32,8,2048,870.43
2048,32,8,4096,937.043
2048,32,8,8192,1070.18
2048,32,8,16384,1334.08
2048,32,16,16,788.393
2048,32,16,32,792.745
2048,32,16,64,796.937
2048,32,16,128,809.886
2048,32,16,256,820.457
2048,32,16,512,837.363
2048,32,16,1024,870.313
2048,32,16,2048,936.329
2048,32,16,4096,1069.15
2048,32,16,8192,1335.29
2048,32,16,16384,1865.03
2048,32,32,16,793.299
2048,32,32,32,800.137
2048,32,32,64,805.641
2048,32,32,128,815.283
2048,32,32,256,833.982
2048,32,32,512,868.254
2048,32,32,1024,933.449
2048,32,32,2048,1066.13
2048,32,32,4096,1331.43
2048,32,32,8192,1866.5
2048,32,32,16384,2927.35
2048,32,64,16,801.769
2048,32,64,32,812.255
2048,32,64,64,822.164
2048,32,64,128,840.03
2048,32,64,256,872.745
2048,32,64,512,940.179
2048,32,64,1024,1071.13
2048,32,64,2048,1330.81
2048,32,64,4096,1855.62
2048,32,64,8192,2899.22
2048,32,64,16384,4989.68
2048,32,128,16,814.207
2048,32,128,32,832.179
2048,32,128,64,851.113
2048,32,128,128,885.075
2048,32,128,256,951.187
2048,32,128,512,1081.65
2048,32,128,1024,1336.93
2048,32,128,2048,1857.81
2048,32,128,4096,2893.36
2048,32,128,8192,4958.8
2048,32,128,16384,9096.65
2048,64,0,0,794.058
2048,64,1,16,799.529
2048,64,1,32,802.238
2048,64,1,64,805.214
2048,64,1,128,811.059
2048,64,1,256,810.973
2048,64,1,512,812.275
2048,64,1,1024,813.758
2048,64,1,2048,816.073
2048,64,1,4096,827.508
2048,64,1,8192,845.501
2048,64,1,16384,880.051
2048,64,2,16,800.595
2048,64,2,32,802.697
2048,64,2,64,804.628
2048,64,2,128,812.681
2048,64,2,256,813.769
2048,64,2,512,812.404
2048,64,2,1024,821.598
2048,64,2,2048,829.033
2048,64,2,4096,847.229
2048,64,2,8192,880.223
2048,64,2,16384,943.422
2048,64,4,16,799.849
2048,64,4,32,801.428
2048,64,4,64,803.934
2048,64,4,128,812.061
2048,64,4,256,813.385
2048,64,4,512,819.444
2048,64,4,1024,830.26
2048,64,4,2048,847.848
2048,64,4,4096,881.577
2048,64,4,8192,946.888
2048,64,4,16384,1078.72
2048,64,8,16,800.586
2048,64,8,32,803.241
2048,64,8,64,804.873
2048,64,8,128,813.385
2048,64,8,256,819.167
2048,64,8,512,829.033
2048,64,8,1024,849.801
2048,64,8,2048,881.331
2048,64,8,4096,949.459
2048,64,8,8192,1080.77
2048,64,8,16384,1346.69
2048,64,16,16,801.524
2048,64,16,32,805.587
2048,64,16,64,808.072
2048,64,16,128,822.654
2048,64,16,256,829.459
2048,64,16,512,847.262
2048,64,16,1024,883.71
2048,64,16,2048,947.561
2048,64,16,4096,1080.26
2048,64,16,8192,1345.27
2048,64,16,16384,1873.23
2048,64,32,16,806.963
2048,64,32,32,812.51
2048,64,32,64,819.518
2048,64,32,128,826.867
2048,64,32,256,845.161
2048,64,32,512,880.681
2048,64,32,1024,945.512
2048,64,32,2048,1077.1
2048,64,32,4096,1344.06
2048,64,32,8192,1876.38
2048,64,32,16384,2935.99
2048,64,64,16,815.454
2048,64,64,32,825.204
2048,64,64,64,835.209
2048,64,64,128,849.929
2048,64,64,256,884.649
2048,64,64,512,951.006
2048,64,64,1024,1082.41
2048,64,64,2048,1343.39
2048,64,64,4096,1868.51
2048,64,64,8192,2913.41
2048,64,64,16384,5002.42
2048,64,128,16,826.91
2048,64,128,32,844.628
2048,64,128,64,864.35
2048,64,128,128,896.457
2048,64,128,256,961.684
2048,64,128,512,1093.68
2048,64,128,1024,1351.12
2048,64,128,2048,1868.73
2048,64,128,4096,2906.21
2048,64,128,8192,4974.82
2048,64,128,16384,9112.68
2048,128,0,0,827.369
2048,128,1,16,836.595
2048,128,1,32,835.945
2048,128,1,64,840.766
2048,128,1,128,846.547
2048,128,1,256,846.943
2048,128,1,512,847.614
2048,128,1,1024,848.958
2048,128,1,2048,851.358
2048,128,1,4096,863.145
2048,128,1,8192,879.273
2048,128,1,16384,915.847
2048,128,2,16,835.678
2048,128,2,32,838.686
2048,128,2,64,840.191
2048,128,2,128,847.593
2048,128,2,256,847.454
2048,128,2,512,849.502
2048,128,2,1024,854.142
2048,128,2,2048,861.299
2048,128,2,4096,879.336
2048,128,2,8192,914.729
2048,128,2,16384,979.743
2048,128,4,16,835.849
2048,128,4,32,837.171
2048,128,4,64,840.595
2048,128,4,128,847.721
2048,128,4,256,847.827
2048,128,4,512,855.017
2048,128,4,1024,863.497
2048,128,4,2048,881.151
2048,128,4,4096,915.806
2048,128,4,8192,983.251
2048,128,4,16384,1117
2048,128,8,16,835.977
2048,128,8,32,838.27
2048,128,8,64,842.483
2048,128,8,128,850.366
2048,128,8,256,855.209
2048,128,8,512,864.447
2048,128,8,1024,882.527
2048,128,8,2048,916.477
2048,128,8,4096,983.912
2048,128,8,8192,1115.41
2048,128,8,16384,1381
2048,128,16,16,837.331
2048,128,16,32,839.635
2048,128,16,64,843.454
2048,128,16,128,857.011
2048,128,16,256,865.001
2048,128,16,512,882.558
2048,128,16,1024,916.745
2048,128,16,2048,982.313
2048,128,16,4096,1116.18
2048,128,16,8192,1380.85
2048,128,16,16384,1907.64
2048,128,32,16,840.499
2048,128,32,32,847.262
2048,128,32,64,851.956
2048,128,32,128,862.206
2048,128,32,256,881.192
2048,128,32,512,914.174
2048,128,32,1024,980.67
2048,128,32,2048,1114.53
2048,128,32,4096,1381.36
2048,128,32,8192,1910.33
2048,128,32,16384,2966.46
2048,128,64,16,848.153
2048,128,64,32,859.556
2048,128,64,64,870.009
2048,128,64,128,888.004
2048,128,64,256,920.526
2048,128,64,512,985.688
2048,128,64,1024,1116.85
2048,128,64,2048,1379.01
2048,128,64,4096,1901.99
2048,128,64,8192,2948.69
2048,128,64,16384,5037.05
2048,128,128,16,862.607
2048,128,128,32,880.409
2048,128,128,64,899.022
2048,128,128,128,932.664
2048,128,128,256,998.796
2048,128,128,512,1131.12
2048,128,128,1024,1386.51
2048,128,128,2048,1903.77
2048,128,128,4096,2938.06
2048,128,128,8192,5004.75
2048,128,128,16384,9142.27
2048,256,0,0,890.393
2048,256,1,16,898.255
2048,256,1,32,901.742
2048,256,1,64,904.068
2048,256,1,128,912.036
2048,256,1,256,911.854
2048,256,1,512,912.58
2048,256,1,1024,911.417
2048,256,1,2048,915.278
2048,256,1,4096,926.436
2048,256,1,8192,948.121
2048,256,1,16384,980.098
2048,256,2,16,898.916
2048,256,2,32,900.057
2048,256,2,64,905.091
2048,256,2,128,912.515
2048,256,2,256,911.407
2048,256,2,512,913.657
2048,256,2,1024,918.542
2048,256,2,2048,925.368
2048,256,2,4096,942.563
2048,256,2,8192,977.388
2048,256,2,16384,1042.47
2048,256,4,16,896.964
2048,256,4,32,901.07
2048,256,4,64,905.071
2048,256,4,128,911.183
2048,256,4,256,913.134
2048,256,4,512,918.638
2048,256,4,1024,928.399
2048,256,4,2048,946.68
2048,256,4,4096,982.381
2048,256,4,8192,1047.62
2048,256,4,16384,1180.8
2048,256,8,16,899.386
2048,256,8,32,901.316
2048,256,8,64,905.583
2048,256,8,128,912.559
2048,256,8,256,916.995
2048,256,8,512,926.361
2048,256,8,1024,945.518
2048,256,8,2048,979.523
2048,256,8,4096,1047.95
2048,256,8,8192,1179.56
2048,256,8,16384,1443.27
2048,256,16,16,900.207
2048,256,16,32,901.583
2048,256,16,64,907.119
2048,256,16,128,917.967
2048,256,16,256,928.942
2048,256,16,512,949.336
2048,256,16,1024,982.935
2048,256,16,2048,1046.06
2048,256,16,4096,1179.14
2048,256,16,8192,1445.89
2048,256,16,16384,1974.27
2048,256,32,16,902.372
2048,256,32,32,909.017
2048,256,32,64,919.353
2048,256,32,128,925.753
2048,256,32,256,942.137
2048,256,32,512,977.154
2048,256,32,1024,1045.22
2048,256,32,2048,1177.1
2048,256,32,4096,1443.25
2048,256,32,8192,1972.46
2048,256,32,16384,3040.39
2048,256,64,16,914.085
2048,256,64,32,924.537
2048,256,64,64,934.82
2048,256,64,128,951.076
2048,256,64,256,986.285
2048,256,64,512,1052.5
2048,256,64,1024,1182.62
2048,256,64,2048,1445.46
2048,256,64,4096,1967.8
2048,256,64,8192,3014.66
2048,256,64,16384,5107.33
2048,256,128,16,924.601
2048,256,128,32,944.174
2048,256,128,64,960.132
2048,256,128,128,996.76
2048,256,128,256,1060.86
2048,256,128,512,1192.8
2048,256,128,1024,1451.88
2048,256,128,2048,1961.99
2048,256,128,4096,3004.32
2048,256,128,8192,5068.96
2048,256,128,16384,9203.65
2048,512,0,0,1043.47
2048,512,1,16,1051.47
2048,512,1,32,1052.66
2048,512,1,64,1056.67
2048,512,1,128,1062.82
2048,512,1,256,1062.79
2048,512,1,512,1063.87
2048,512,1,1024,1064.89
2048,512,1,2048,1067.6
2048,512,1,4096,1078.94
2048,512,1,8192,1096.5
2048,512,1,16384,1131.63
2048,512,2,16,1050.52
2048,512,2,32,1054.12
2048,512,2,64,1056.14
2048,512,2,128,1061.76
2048,512,2,256,1062.9
2048,512,2,512,1064.23
2048,512,2,1024,1071.58
2048,512,2,2048,1077.93
2048,512,2,4096,1094.44
2048,512,2,8192,1130.34
2048,512,2,16384,1193.91
2048,512,4,16,1050.38
2048,512,4,32,1054.16
2048,512,4,64,1056.66
2048,512,4,128,1063.73
2048,512,4,256,1063.97
2048,512,4,512,1070.03
2048,512,4,1024,1079.97
2048,512,4,2048,1098.97
2048,512,4,4096,1131.85
2048,512,4,8192,1199.06
2048,512,4,16384,1331.91
2048,512,8,16,1050.36
2048,512,8,32,1052.94
2048,512,8,64,1056.85
2048,512,8,128,1064.18
2048,512,8,256,1071.15
2048,512,8,512,1079.63
2048,512,8,1024,1098.5
2048,512,8,2048,1132.94
2048,512,8,4096,1198.48
2048,512,8,8192,1330.7
2048,512,8,16384,1598.62
2048,512,16,16,1051.8
2048,512,16,32,1055.61
2048,512,16,64,1058.94
2048,512,16,128,1072.41
2048,512,16,256,1082.08
2048,512,16,512,1099.4
2048,512,16,1024,1133.57
2048,512,16,2048,1198.91
2048,512,16,4096,1332.05
2048,512,16,8192,1596.28
2048,512,16,16384,2127.15
2048,512,32,16,1055.92
2048,512,32,32,1062.14
2048,512,32,64,1067.67
2048,512,32,128,1077.15
2048,512,32,256,1096.06
2048,512,32,512,1129.96
2048,512,32,1024,1196.54
2048,512,32,2048,1330.27
2048,512,32,4096,1596.21
2048,512,32,8192,2125.11
2048,512,32,16384,3187.67
2048,512,64,16,1063.26
2048,512,64,32,1074.9
2048,512,64,64,1085.27
2048,512,64,128,1101.25
2048,512,64,256,1135.17
2048,512,64,512,1201.76
2048,512,64,1024,1332.28
2048,512,64,2048,1595.32
2048,512,64,4096,2117.61
2048,512,64,8192,3165.48
2048,512,64,16384,5254.98
2048,512,128,16,1077.45
2048,512,128,32,1096.18
2048,512,128,64,1113.12
2048,512,128,128,1148.5
2048,512,128,256,1214.18
2048,512,128,512,1342.83
2048,512,128,1024,1602.93
2048,512,128,2048,2116.75
2048,512,128,4096,3151.76
2048,512,128,8192,5227.64
2048,512,128,16384,9355.84
2048,1024,0,0,1321.85
2048,1024,1,16,1331.96
2048,1024,1,32,1332.79
2048,1024,1,64,1333.69
2048,1024,1,128,1342.68
2048,1024,1,256,1336.72
2048,1024,1,512,1341.04
2048,1024,1,1024,1341
2048,1024,1,2048,1348.12
2048,1024,1,4096,1358.51
2048,1024,1,8192,1372.67
2048,1024,1,16384,1407.8
2048,1024,2,16,1327.75
2048,1024,2,32,1332.44
2048,1024,2,64,1340.55
2048,1024,2,128,1342.19
2048,1024,2,256,1341.57
2048,1024,2,512,1341.61
2048,1024,2,1024,1351.74
2048,1024,2,2048,1357.08
2048,1024,2,4096,1378.32
2048,1024,2,8192,1411.37
2048,1024,2,16384,1472.62
2048,1024,4,16,1332.95
2048,1024,4,32,1335.13
2048,1024,4,64,1337.46
2048,1024,4,128,1344.6
2048,1024,4,256,1344.61
2048,1024,4,512,1348.3
2048,1024,4,1024,1361.67
2048,1024,4,2048,1376.51
2048,1024,4,4096,1410.95
2048,1024,4,8192,1479.16
2048,1024,4,16384,1614.8
2048,1024,8,16,1329.26
2048,1024,8,32,1336.51
2048,1024,8,64,1337.67
2048,1024,8,128,1346.52
2048,1024,8,256,1354.64
2048,1024,8,512,1361.39
2048,1024,8,1024,1378.66
2048,1024,8,2048,1412.32
2048,1024,8,4096,1480.23
2048,1024,8,8192,1616.35
2048,1024,8,16384,1879.4
2048,1024,16,16,1333.46
2048,1024,16,32,1332.28
2048,1024,16,64,1340.1
2048,1024,16,128,1352
2048,1024,16,256,1360.03
2048,1024,16,512,1381.67
2048,1024,16,1024,1415.11
2048,1024,16,2048,1477.85
2048,1024,16,4096,1611.77
2048,1024,16,8192,1877.98
2048,1024,16,16384,2408.09
2048,1024,32,16,1337.6
2048,1024,32,32,1344.77
2048,1024,32,64,1350.11
2048,1024,32,128,1358.63
2048,1024,32,256,1375.81
2048,1024,32,512,1412.54
2048,1024,32,1024,1479.41
2048,1024,32,2048,1613.31
2048,1024,32,4096,1872.6
2048,1024,32,8192,2409.66
2048,1024,32,16384,3467.09
2048,1024,64,16,1343.97
2048,1024,64,32,1353.69
2048,1024,64,64,1367.33
2048,1024,64,128,1384.37
2048,1024,64,256,1416.5
2048,1024,64,512,1483.28
2048,1024,64,1024,1614.61
2048,1024,64,2048,1872.93
2048,1024,64,4096,2398.39
2048,1024,64,8192,3446.94
2048,1024,64,16384,5532.38
2048,1024,128,16,1360.08
2048,1024,128,32,1377.82
2048,1024,128,64,1391.92
2048,1024,128,128,1430.16
2048,1024,128,256,1492.41
2048,1024,128,512,1621.56
2048,1024,128,1024,1881.28
2048,1024,128,2048,2398.75
2048,1024,128,4096,3433.55
2048,1024,128,8192,5501.43
2048,1024,128,16384,9633.57
2048,2048,0,0,1871.75
2048,2048,1,16,1880.37
2048,2048,1,32,1879.82
2048,2048,1,64,1885.18
2048,2048,1,128,1890.05
2048,2048,1,256,1890.39
2048,2048,1,512,1891.76
2048,2048,1,1024,1892.96
2048,2048,1,2048,1896.05
2048,2048,1,4096,1907.64
2048,2048,1,8192,1924.01
2048,2048,1,16384,1959.04
2048,2048,2,16,1878.68
2048,2048,2,32,1882.4
2048,2048,2,64,1884.51
2048,2048,2,128,1890
2048,2048,2,256,1890.77
2048,2048,2,512,1890.33
2048,2048,2,1024,1898.58
2048,2048,2,2048,1906.76
2048,2048,2,4096,1922.04
2048,2048,2,8192,1959.44
2048,2048,2,16384,2022.96
2048,2048,4,16,1881.08
2048,2048,4,32,1882.36
2048,2048,4,64,1882.33
2048,2048,4,128,1890.27
2048,2048,4,256,1895.05
2048,2048,4,512,1896.34
2048,2048,4,1024,1908.26
2048,2048,4,2048,1925.5
2048,2048,4,4096,1961.78
2048,2048,4,8192,2026.05
2048,2048,4,16384,2159.72
2048,2048,8,16,1880.25
2048,2048,8,32,1883.25
2048,2048,8,64,1885.88
2048,2048,8,128,1892.6
2048,2048,8,256,1901.45
2048,2048,8,512,1909.33
2048,2048,8,1024,1927.24
2048,2048,8,2048,1958.59
2048,2048,8,4096,2029.12
2048,2048,8,8192,2159.84
2048,2048,8,16384,2426.32
2048,2048,16,16,1879.65
2048,2048,16,32,1883.06
2048,2048,16,64,1887.08
2048,2048,16,128,1901.47
2048,2048,16,256,1909.83
2048,2048,16,512,1928.57
2048,2048,16,1024,1961.87
2048,2048,16,2048,2027.92
2048,2048,16,4096,2161.83
2048,2048,16,8192,2424.09
2048,2048,16,16384,2953.35
2048,2048,32,16,1885.77
2048,2048,32,32,1889.46
2048,2048,32,64,1895.55
2048,2048,32,128,1905.22
2048,2048,32,256,1924.76
2048,2048,32,512,1958.09
2048,2048,32,1024,2023.15
2048,2048,32,2048,2158.89
2048,2048,32,4096,2425.54
2048,2048,32,8192,2953.29
2048,2048,32,16384,4015.7
2048,2048,64,16,1890.61
2048,2048,64,32,1904.35
2048,2048,64,64,1916.6
2048,2048,64,128,1928.86
2048,2048,64,256,1966.37
2048,2048,64,512,2031.51
2048,2048,64,1024,2161.98
2048,2048,64,2048,2422.24
2048,2048,64,4096,2944.8
2048,2048,64,8192,3992.67
2048,2048,64,16384,6081.41
2048,2048,128,16,1909.4
2048,2048,128,32,1925.95
2048,2048,128,64,1943.83
2048,2048,128,128,1976.21
2048,2048,128,256,2044.77
2048,2048,128,512,2173.46
2048,2048,128,1024,2428.25
2048,2048,128,2048,2946.73
2048,2048,128,4096,3984.21
2048,2048,128,8192,6054.53
2048,2048,128,16384,10189.5
2048,4096,0,0,2944.89
2048,4096,1,16,2953.89
2048,4096,1,32,2952.64
2048,4096,1,64,2960.52
2048,4096,1,128,2964.79
2048,4096,1,256,2967.75
2048,4096,1,512,2967.91
2048,4096,1,1024,2967.92
2048,4096,1,2048,2968.38
2048,4096,1,4096,2979.8
2048,4096,1,8192,2996.77
2048,4096,1,16384,3026.12
2048,4096,2,16,2947.25
2048,4096,2,32,2954.69
2048,4096,2,64,2958.6
2048,4096,2,128,2963.66
2048,4096,2,256,2966
2048,4096,2,512,2962.48
2048,4096,2,1024,2972.17
2048,4096,2,2048,2979.48
2048,4096,2,4096,2997.81
2048,4096,2,8192,3033.52
2048,4096,2,16384,3094.16
2048,4096,4,16,2951.66
2048,4096,4,32,2954.34
2048,4096,4,64,2958.19
2048,4096,4,128,2963.76
2048,4096,4,256,2963.07
2048,4096,4,512,2969.85
2048,4096,4,1024,2980.93
2048,4096,4,2048,2997.28
2048,4096,4,4096,3031.97
2048,4096,4,8192,3100.23
2048,4096,4,16384,3235.07
2048,4096,8,16,2955.04
2048,4096,8,32,2956.64
2048,4096,8,64,2956.85
2048,4096,8,128,2966.95
2048,4096,8,256,2972.93
2048,4096,8,512,2982.77
2048,4096,8,1024,2997.97
2048,4096,8,2048,3034.92
2048,4096,8,4096,3101.5
2048,4096,8,8192,3233.18
2048,4096,8,16384,3500.31
2048,4096,16,16,2951.67
2048,4096,16,32,2955.26
2048,4096,16,64,2961.32
2048,4096,16,128,2972.76
2048,4096,16,256,2979.88
2048,4096,16,512,2999.26
2048,4096,16,1024,3030.34
2048,4096,16,2048,3100.75
2048,4096,16,4096,3231.92
2048,4096,16,8192,3496.05
2048,4096,16,16384,4030.15
2048,4096,32,16,2957.78
2048,4096,32,32,2963.56
2048,4096,32,64,2963.71
2048,4096,32,128,2977
2048,4096,32,256,2995.73
2048,4096,32,512,3027.69
2048,4096,32,1024,3098.04
2048,4096,32,2048,3230.67
2048,4096,32,4096,3496.68
2048,4096,32,8192,4023.93
2048,4096,32,16384,5086.47
2048,4096,64,16,2964.92
2048,4096,64,32,2976.12
2048,4096,64,64,2985.93
2048,4096,64,128,3003.03
2048,4096,64,256,3037.4
2048,4096,64,512,3100.79
2048,4096,64,1024,3231.55
2048,4096,64,2048,3496.31
2048,4096,64,4096,4018.8
2048,4096,64,8192,5063.91
2048,4096,64,16384,7152.39
2048,4096,128,16,2976.46
2048,4096,128,32,2995.88
2048,4096,128,64,3012.87
2048,4096,128,128,3050.64
2048,4096,128,256,3115.87
2048,4096,128,512,3244.56
2048,4096,128,1024,3500.08
2048,4096,128,2048,4020.9
2048,4096,128,4096,5054.28
2048,4096,128,8192,7124.02
2048,4096,128,16384,11259.6
2048,8192,0,0,5018.64
2048,8192,1,16,5021.24
2048,8192,1,32,5019.88
2048,8192,1,64,5031.29
2048,8192,1,128,5027.63
2048,8192,1,256,5031
2048,8192,1,512,5038.77
2048,8192,1,1024,5030.01
2048,8192,1,2048,5035.77
2048,8192,1,4096,5040.86
2048,8192,1,8192,5063.85
2048,8192,1,16384,5094.05
2048,8192,2,16,5014.23
2048,8192,2,32,5018.65
2048,8192,2,64,5024.71
2048,8192,2,128,5174.37
2048,8192,2,256,5040
2048,8192,2,512,5042.12
2048,8192,2,1024,5038.63
2048,8192,2,2048,5045.88
2048,8192,2,4096,5064.3
2048,8192,2,8192,5097.73
2048,8192,2,16384,5162.26
2048,8192,4,16,5018.77
2048,8192,4,32,5016.73
2048,8192,4,64,5026.17
2048,8192,4,128,5028.22
2048,8192,4,256,5029.82
2048,8192,4,512,5038.16
2048,8192,4,1024,5043.65
2048,8192,4,2048,5065.19
2048,8192,4,4096,5095.22
2048,8192,4,8192,5164.43
2048,8192,4,16384,5293.62
2048,8192,8,16,5017.49
2048,8192,8,32,5018.36
2048,8192,8,64,5025.37
2048,8192,8,128,5032.52
2048,8192,8,256,5040.01
2048,8192,8,512,5051.69
2048,8192,8,1024,5066.76
2048,8192,8,2048,5095.37
2048,8192,8,4096,5171.4
2048,8192,8,8192,5293.79
2048,8192,8,16384,5564.84
2048,8192,16,16,5021.35
2048,8192,16,32,5019.5
2048,8192,16,64,5028.58
2048,8192,16,128,5033.38
2048,8192,16,256,5048.29
2048,8192,16,512,5065.28
2048,8192,16,1024,5093.26
2048,8192,16,2048,5159.43
2048,8192,16,4096,5297.42
2048,8192,16,8192,5560.32
2048,8192,16,16384,6089.46
2048,8192,32,16,5022.35
2048,8192,32,32,5026.23
2048,8192,32,64,5038.59
2048,8192,32,128,5047.98
2048,8192,32,256,5063.75
2048,8192,32,512,5093.54
2048,8192,32,1024,5163.56
2048,8192,32,2048,5296
2048,8192,32,4096,5556.24
2048,8192,32,8192,6091.32
2048,8192,32,16384,7159.59
2048,8192,64,16,5031.33
2048,8192,64,32,5040.12
2048,8192,64,64,5048.17
2048,8192,64,128,5069.04
2048,8192,64,256,5102.15
2048,8192,64,512,5175.17
2048,8192,64,1024,5291.81
2048,8192,64,2048,5560.69
2048,8192,64,4096,6084.82
2048,8192,64,8192,7134.56
2048,8192,64,16384,9225.95
2048,8192,128,16,5041.8
2048,8192,128,32,5063.38
2048,8192,128,64,5081.26
2048,8192,128,128,5113.66
2048,8192,128,256,5177.83
2048,8192,128,512,5310.26
2048,8192,128,1024,5567.51
2048,8192,128,2048,5980.73
2048,8192,128,4096,6791.28
2048,8192,128,8192,9326.24
2048,8192,128,16384,13327.2
2048,16384,0,0,9167.92
2048,16384,1,16,8631.01
2048,16384,1,32,8642.51
2048,16384,1,64,8652.98
2048,16384,1,128,8657.49
2048,16384,1,256,8639.26
2048,16384,1,512,9187.94
2048,16384,1,1024,9192.07
2048,16384,1,2048,8644.9
2048,16384,1,4096,8666.17
2048,16384,1,8192,8690.46
2048,16384,1,16384,8711.47
2048,16384,2,16,8453.4
2048,16384,2,32,8475.58
2048,16384,2,64,8470.5
2048,16384,2,128,8477.23
2048,16384,2,256,8466.3
2048,16384,2,512,8481.42
2048,16384,2,1024,9408.61
2048,16384,2,2048,8490.48
2048,16384,2,4096,8516
2048,16384,2,8192,8526.02
2048,16384,2,16384,8601.33
2048,16384,4,16,8467.17
2048,16384,4,32,8468.64
2048,16384,4,64,9428.28
2048,16384,4,128,8383.64
2048,16384,4,256,8410.01
2048,16384,4,512,8376.06
2048,16384,4,1024,8392.44
2048,16384,4,2048,8429.51
2048,16384,4,4096,9002.33
2048,16384,4,8192,9416.78
2048,16384,4,16384,8814.6
2048,16384,8,16,8480.27
2048,16384,8,32,8466.76
2048,16384,8,64,8450.48
2048,16384,8,128,8475.67
2048,16384,8,256,8494.45
2048,16384,8,512,9454.65
2048,16384,8,1024,8415.32
2048,16384,8,2048,8436.31
2048,16384,8,4096,8509.43
2048,16384,8,8192,8636.15
2048,16384,8,16384,8886.76
2048,16384,16,16,9272.28
2048,16384,16,32,8554.85
2048,16384,16,64,8557.53
2048,16384,16,128,8565.19
2048,16384,16,256,8558.96
2048,16384,16,512,9214.35
2048,16384,16,1024,8748.35
2048,16384,16,2048,8518.98
2048,16384,16,4096,8625.1
2048,16384,16,8192,8888.49
2048,16384,16,16384,9387.71
2048,16384,32,16,8925.83
2048,16384,32,32,9178.6
2048,16384,32,64,8575.91
2048,16384,32,128,8580.1
2048,16384,32,256,8417.64
2048,16384,32,512,8453.74
2048,16384,32,1024,8508.41
2048,16384,32,2048,8723.95
2048,16384,32,4096,9717.5
2048,16384,32,8192,10542.6
2048,16384,32,16384,9922.04
2048,16384,64,16,8007.59
2048,16384,64,32,8026.69
2048,16384,64,64,9206.66
2048,16384,64,128,9219.03
2048,16384,64,256,9259.73
2048,16384,64,512,8364.96
2048,16384,64,1024,8486.08
2048,16384,64,2048,8550.11
2048,16384,64,4096,9042.04
2048,16384,64,8192,9839.21
2048,16384,64,16384,11751.7
2048,16384,128,16,6958.69
2048,16384,128,32,6873.44
2048,16384,128,64,9272.83
2048,16384,128,128,9305.86
2048,16384,128,256,7716.93
2048,16384,128,512,7833.63
2048,16384,128,1024,7919.18
2048,16384,128,2048,10270.2
2048,16384,128,4096,11303.4
2048,16384,128,8192,13373.4
2048,16384,128,16384,17512.6
