pc,n_label,skew_rate_label,kv_big_label,kp_label,alpha,n_samples
0,n<=128,sr<=15%,kvB<=16k,kp=0,0.079,4
0,n<=128,sr<=15%,kvB<=1k,kp=0,0.0944,4
0,n<=128,sr<=15%,kvB<=4k,kp=0,0.0802,4
0,n<=128,sr<=40%,kvB<=16k,kp=0,0.0748,2
0,n<=128,sr<=40%,kvB<=1k,kp=0,0.0662,2
0,n<=128,sr<=40%,kvB<=4k,kp=0,0.0681,2
0,n<=128,sr<=5%,kvB<=16k,kp=0,0.0904,8
0,n<=128,sr<=5%,kvB<=1k,kp=0,0.0953,8
0,n<=128,sr<=5%,kvB<=4k,kp=0,0.0912,8
0,n<=128,sr<=70%,kvB<=16k,kp=0,-0.0006,2
0,n<=128,sr<=70%,kvB<=1k,kp=0,0.036,2
0,n<=128,sr<=70%,kvB<=4k,kp=0,-0.0045,2
0,n<=128,sr>70%,kvB<=16k,kp=0,-0.017,4
0,n<=128,sr>70%,kvB<=1k,kp=0,0.0166,4
0,n<=128,sr>70%,kvB<=4k,kp=0,-0.0242,4
0,n<=16,sr<=15%,kvB<=16k,kp=0,0.2435,4
0,n<=16,sr<=15%,kvB<=1k,kp=0,0.2092,4
0,n<=16,sr<=15%,kvB<=4k,kp=0,0.2405,4
0,n<=16,sr<=40%,kvB<=16k,kp=0,0.1358,4
0,n<=16,sr<=40%,kvB<=1k,kp=0,0.1177,4
0,n<=16,sr<=40%,kvB<=4k,kp=0,0.145,4
0,n<=16,sr<=70%,kvB<=16k,kp=0,0.107,2
0,n<=16,sr<=70%,kvB<=1k,kp=0,0.0484,2
0,n<=16,sr<=70%,kvB<=4k,kp=0,0.119,2
0,n<=16,sr>70%,kvB<=16k,kp=0,0.9347,4
0,n<=16,sr>70%,kvB<=1k,kp=0,0.7796,4
0,n<=16,sr>70%,kvB<=4k,kp=0,0.8762,4
0,n<=2,sr<=70%,kvB<=16k,kp=0,-0.0074,2
0,n<=2,sr<=70%,kvB<=1k,kp=0,0.0867,2
0,n<=2,sr<=70%,kvB<=4k,kp=0,0.0346,2
0,n<=256,sr<=5%,kvB<=16k,kp=0,0.0203,1
0,n<=256,sr<=5%,kvB<=1k,kp=0,0.013,2
0,n<=256,sr<=5%,kvB<=4k,kp=0,0.0198,2
0,n<=32,sr<=15%,kvB<=16k,kp=0,0.4484,6
0,n<=32,sr<=15%,kvB<=1k,kp=0,0.4461,6
0,n<=32,sr<=15%,kvB<=4k,kp=0,0.4419,6
0,n<=32,sr<=40%,kvB<=16k,kp=0,0.941,2
0,n<=32,sr<=40%,kvB<=1k,kp=0,0.8926,2
0,n<=32,sr<=40%,kvB<=4k,kp=0,0.9217,2
0,n<=32,sr<=5%,kvB<=16k,kp=0,0.0694,2
0,n<=32,sr<=5%,kvB<=1k,kp=0,0.1144,2
0,n<=32,sr<=5%,kvB<=4k,kp=0,0.0743,2
0,n<=32,sr<=70%,kvB<=16k,kp=0,0.9524,2
0,n<=32,sr<=70%,kvB<=1k,kp=0,0.9364,2
0,n<=32,sr<=70%,kvB<=4k,kp=0,0.9413,2
0,n<=32,sr>70%,kvB<=16k,kp=0,0.9482,4
0,n<=32,sr>70%,kvB<=1k,kp=0,0.9097,4
0,n<=32,sr>70%,kvB<=4k,kp=0,0.9411,4
0,n<=4,sr<=40%,kvB<=16k,kp=0,-0.0443,2
0,n<=4,sr<=40%,kvB<=1k,kp=0,0.2944,2
0,n<=4,sr<=40%,kvB<=4k,kp=0,-0.0558,2
0,n<=4,sr<=70%,kvB<=16k,kp=0,-0.0272,2
0,n<=4,sr<=70%,kvB<=1k,kp=0,0.0512,2
0,n<=4,sr<=70%,kvB<=4k,kp=0,-0.135,2
0,n<=4,sr>70%,kvB<=16k,kp=0,-0.08,2
0,n<=4,sr>70%,kvB<=1k,kp=0,-0.0623,2
0,n<=4,sr>70%,kvB<=4k,kp=0,-0.1797,2
0,n<=64,sr<=15%,kvB<=16k,kp=0,0.2818,4
0,n<=64,sr<=15%,kvB<=1k,kp=0,0.3176,4
0,n<=64,sr<=15%,kvB<=4k,kp=0,0.264,4
0,n<=64,sr<=40%,kvB<=16k,kp=0,0.318,2
0,n<=64,sr<=40%,kvB<=1k,kp=0,0.2951,2
0,n<=64,sr<=40%,kvB<=4k,kp=0,0.3134,2
0,n<=64,sr<=5%,kvB<=16k,kp=0,0.288,6
0,n<=64,sr<=5%,kvB<=1k,kp=0,0.2823,6
0,n<=64,sr<=5%,kvB<=4k,kp=0,0.2826,6
0,n<=64,sr<=70%,kvB<=16k,kp=0,0.3307,2
0,n<=64,sr<=70%,kvB<=1k,kp=0,0.3854,2
0,n<=64,sr<=70%,kvB<=4k,kp=0,0.3408,2
0,n<=64,sr>70%,kvB<=16k,kp=0,0.9539,4
0,n<=64,sr>70%,kvB<=1k,kp=0,0.9058,4
0,n<=64,sr>70%,kvB<=4k,kp=0,0.9321,4
0,n<=8,sr<=15%,kvB<=16k,kp=0,-0.0191,2
0,n<=8,sr<=15%,kvB<=1k,kp=0,0.1066,2
0,n<=8,sr<=15%,kvB<=4k,kp=0,-0.0307,2
0,n<=8,sr<=40%,kvB<=16k,kp=0,0.0319,4
0,n<=8,sr<=40%,kvB<=1k,kp=0,0.1326,4
0,n<=8,sr<=40%,kvB<=4k,kp=0,0.0241,4
0,n<=8,sr<=70%,kvB<=16k,kp=0,0.0795,2
0,n<=8,sr<=70%,kvB<=1k,kp=0,-0.0258,2
0,n<=8,sr<=70%,kvB<=4k,kp=0,0.0342,2
0,n<=8,sr>70%,kvB<=16k,kp=0,0.1322,4
0,n<=8,sr>70%,kvB<=1k,kp=0,0.2101,4
0,n<=8,sr>70%,kvB<=4k,kp=0,0.0481,4
16,n<=128,sr<=15%,kvB<=16k,kp<=1k,0.0792,4
16,n<=128,sr<=15%,kvB<=16k,kp<=2k,0.079,4
16,n<=128,sr<=15%,kvB<=16k,kp<=4k,0.0791,4
16,n<=128,sr<=15%,kvB<=16k,kp<=512,0.0788,4
16,n<=128,sr<=15%,kvB<=16k,kp<=8k,0.0789,4
16,n<=128,sr<=15%,kvB<=16k,kp=0,0.0783,4
16,n<=128,sr<=15%,kvB<=1k,kp<=1k,0.0986,4
16,n<=128,sr<=15%,kvB<=1k,kp<=2k,0.0982,4
16,n<=128,sr<=15%,kvB<=1k,kp<=4k,0.0933,4
16,n<=128,sr<=15%,kvB<=1k,kp<=512,0.097,4
16,n<=128,sr<=15%,kvB<=1k,kp<=8k,0.0928,4
16,n<=128,sr<=15%,kvB<=1k,kp=0,0.0967,4
16,n<=128,sr<=15%,kvB<=4k,kp<=1k,0.0785,4
16,n<=128,sr<=15%,kvB<=4k,kp<=2k,0.0789,4
16,n<=128,sr<=15%,kvB<=4k,kp<=4k,0.0787,4
16,n<=128,sr<=15%,kvB<=4k,kp<=512,0.0785,4
16,n<=128,sr<=15%,kvB<=4k,kp<=8k,0.08,4
16,n<=128,sr<=15%,kvB<=4k,kp=0,0.0792,4
16,n<=128,sr<=40%,kvB<=16k,kp<=1k,0.0765,2
16,n<=128,sr<=40%,kvB<=16k,kp<=2k,0.0759,2
16,n<=128,sr<=40%,kvB<=16k,kp<=4k,0.0753,2
16,n<=128,sr<=40%,kvB<=16k,kp<=512,0.0761,2
16,n<=128,sr<=40%,kvB<=16k,kp<=8k,0.076,2
16,n<=128,sr<=40%,kvB<=16k,kp=0,0.0761,2
16,n<=128,sr<=40%,kvB<=1k,kp<=1k,0.0598,2
16,n<=128,sr<=40%,kvB<=1k,kp<=2k,0.0635,2
16,n<=128,sr<=40%,kvB<=1k,kp<=4k,0.0635,2
16,n<=128,sr<=40%,kvB<=1k,kp<=512,0.0689,2
16,n<=128,sr<=40%,kvB<=1k,kp<=8k,0.0659,2
16,n<=128,sr<=40%,kvB<=1k,kp=0,0.0648,2
16,n<=128,sr<=40%,kvB<=4k,kp<=1k,0.0692,2
16,n<=128,sr<=40%,kvB<=4k,kp<=2k,0.0692,2
16,n<=128,sr<=40%,kvB<=4k,kp<=4k,0.0701,2
16,n<=128,sr<=40%,kvB<=4k,kp<=512,0.0696,2
16,n<=128,sr<=40%,kvB<=4k,kp<=8k,0.0673,2
16,n<=128,sr<=40%,kvB<=4k,kp=0,0.0691,2
16,n<=128,sr<=5%,kvB<=16k,kp<=1k,0.0932,8
16,n<=128,sr<=5%,kvB<=16k,kp<=2k,0.0928,8
16,n<=128,sr<=5%,kvB<=16k,kp<=4k,0.0935,8
16,n<=128,sr<=5%,kvB<=16k,kp<=512,0.0927,8
16,n<=128,sr<=5%,kvB<=16k,kp<=8k,0.0929,8
16,n<=128,sr<=5%,kvB<=16k,kp=0,0.093,8
16,n<=128,sr<=5%,kvB<=1k,kp<=1k,0.1002,8
16,n<=128,sr<=5%,kvB<=1k,kp<=2k,0.0978,8
16,n<=128,sr<=5%,kvB<=1k,kp<=4k,0.0975,8
16,n<=128,sr<=5%,kvB<=1k,kp<=512,0.0964,8
16,n<=128,sr<=5%,kvB<=1k,kp<=8k,0.0976,8
16,n<=128,sr<=5%,kvB<=1k,kp=0,0.0976,8
16,n<=128,sr<=5%,kvB<=4k,kp<=1k,0.0948,8
16,n<=128,sr<=5%,kvB<=4k,kp<=2k,0.0939,8
16,n<=128,sr<=5%,kvB<=4k,kp<=4k,0.0942,8
16,n<=128,sr<=5%,kvB<=4k,kp<=512,0.0937,8
16,n<=128,sr<=5%,kvB<=4k,kp<=8k,0.0935,8
16,n<=128,sr<=5%,kvB<=4k,kp=0,0.0948,8
16,n<=128,sr<=70%,kvB<=16k,kp<=1k,-0.0006,2
16,n<=128,sr<=70%,kvB<=16k,kp<=2k,-0.0011,2
16,n<=128,sr<=70%,kvB<=16k,kp<=4k,0.0001,2
16,n<=128,sr<=70%,kvB<=16k,kp<=512,-0.0015,2
16,n<=128,sr<=70%,kvB<=16k,kp<=8k,0.0011,2
16,n<=128,sr<=70%,kvB<=16k,kp=0,-0.0005,2
16,n<=128,sr<=70%,kvB<=1k,kp<=1k,-0.0001,2
16,n<=128,sr<=70%,kvB<=1k,kp<=2k,-0.0029,2
16,n<=128,sr<=70%,kvB<=1k,kp<=4k,-0.0081,2
16,n<=128,sr<=70%,kvB<=1k,kp<=512,0.0029,2
16,n<=128,sr<=70%,kvB<=1k,kp<=8k,-0.0086,2
16,n<=128,sr<=70%,kvB<=1k,kp=0,-0.0027,2
16,n<=128,sr<=70%,kvB<=4k,kp<=1k,-0.0018,2
16,n<=128,sr<=70%,kvB<=4k,kp<=2k,-0.005,2
16,n<=128,sr<=70%,kvB<=4k,kp<=4k,-0.0043,2
16,n<=128,sr<=70%,kvB<=4k,kp<=512,0.001,2
16,n<=128,sr<=70%,kvB<=4k,kp<=8k,-0.0028,2
16,n<=128,sr<=70%,kvB<=4k,kp=0,-0.0021,2
16,n<=128,sr>70%,kvB<=16k,kp<=1k,-0.0224,4
16,n<=128,sr>70%,kvB<=16k,kp<=2k,-0.0223,4
16,n<=128,sr>70%,kvB<=16k,kp<=4k,-0.0222,4
16,n<=128,sr>70%,kvB<=16k,kp<=512,-0.0172,4
16,n<=128,sr>70%,kvB<=16k,kp<=8k,-0.0208,4
16,n<=128,sr>70%,kvB<=16k,kp=0,-0.0197,4
16,n<=128,sr>70%,kvB<=1k,kp<=1k,0.0304,4
16,n<=128,sr>70%,kvB<=1k,kp<=2k,0.0161,4
16,n<=128,sr>70%,kvB<=1k,kp<=4k,0.0101,4
16,n<=128,sr>70%,kvB<=1k,kp<=512,0.0168,4
16,n<=128,sr>70%,kvB<=1k,kp<=8k,0.007,4
16,n<=128,sr>70%,kvB<=1k,kp=0,0.016,4
16,n<=128,sr>70%,kvB<=4k,kp<=1k,-0.0222,4
16,n<=128,sr>70%,kvB<=4k,kp<=2k,-0.0217,4
16,n<=128,sr>70%,kvB<=4k,kp<=4k,-0.0245,4
16,n<=128,sr>70%,kvB<=4k,kp<=512,-0.0201,4
16,n<=128,sr>70%,kvB<=4k,kp<=8k,-0.0212,4
16,n<=128,sr>70%,kvB<=4k,kp=0,-0.0243,4
16,n<=16,sr<=15%,kvB<=16k,kp<=1k,0.2438,4
16,n<=16,sr<=15%,kvB<=16k,kp<=2k,0.243,4
16,n<=16,sr<=15%,kvB<=16k,kp<=4k,0.2394,4
16,n<=16,sr<=15%,kvB<=16k,kp<=512,0.2433,4
16,n<=16,sr<=15%,kvB<=16k,kp<=8k,0.2428,4
16,n<=16,sr<=15%,kvB<=16k,kp=0,0.2436,4
16,n<=16,sr<=15%,kvB<=1k,kp<=1k,0.1851,4
16,n<=16,sr<=15%,kvB<=1k,kp<=2k,0.1894,4
16,n<=16,sr<=15%,kvB<=1k,kp<=4k,0.1692,4
16,n<=16,sr<=15%,kvB<=1k,kp<=512,0.2031,4
16,n<=16,sr<=15%,kvB<=1k,kp<=8k,0.1669,4
16,n<=16,sr<=15%,kvB<=1k,kp=0,0.2024,4
16,n<=16,sr<=15%,kvB<=4k,kp<=1k,0.2359,4
16,n<=16,sr<=15%,kvB<=4k,kp<=2k,0.2368,4
16,n<=16,sr<=15%,kvB<=4k,kp<=4k,0.2317,4
16,n<=16,sr<=15%,kvB<=4k,kp<=512,0.2402,4
16,n<=16,sr<=15%,kvB<=4k,kp<=8k,0.2266,4
16,n<=16,sr<=15%,kvB<=4k,kp=0,0.2424,4
16,n<=16,sr<=40%,kvB<=16k,kp<=1k,0.1344,4
16,n<=16,sr<=40%,kvB<=16k,kp<=2k,0.1367,4
16,n<=16,sr<=40%,kvB<=16k,kp<=4k,0.1323,4
16,n<=16,sr<=40%,kvB<=16k,kp<=512,0.1354,4
16,n<=16,sr<=40%,kvB<=16k,kp<=8k,0.1334,4
16,n<=16,sr<=40%,kvB<=16k,kp=0,0.1339,4
16,n<=16,sr<=40%,kvB<=1k,kp<=1k,0.1058,4
16,n<=16,sr<=40%,kvB<=1k,kp<=2k,0.1056,4
16,n<=16,sr<=40%,kvB<=1k,kp<=4k,0.09,4
16,n<=16,sr<=40%,kvB<=1k,kp<=512,0.1011,4
16,n<=16,sr<=40%,kvB<=1k,kp<=8k,0.0908,4
16,n<=16,sr<=40%,kvB<=1k,kp=0,0.1159,4
16,n<=16,sr<=40%,kvB<=4k,kp<=1k,0.1359,4
16,n<=16,sr<=40%,kvB<=4k,kp<=2k,0.1363,4
16,n<=16,sr<=40%,kvB<=4k,kp<=4k,0.1309,4
16,n<=16,sr<=40%,kvB<=4k,kp<=512,0.1381,4
16,n<=16,sr<=40%,kvB<=4k,kp<=8k,0.1312,4
16,n<=16,sr<=40%,kvB<=4k,kp=0,0.1407,4
16,n<=16,sr<=70%,kvB<=16k,kp<=1k,0.111,2
16,n<=16,sr<=70%,kvB<=16k,kp<=2k,0.1014,2
16,n<=16,sr<=70%,kvB<=16k,kp<=4k,0.1101,2
16,n<=16,sr<=70%,kvB<=16k,kp<=512,0.1106,2
16,n<=16,sr<=70%,kvB<=16k,kp<=8k,0.1093,2
16,n<=16,sr<=70%,kvB<=16k,kp=0,0.1053,2
16,n<=16,sr<=70%,kvB<=1k,kp<=1k,0.0067,2
16,n<=16,sr<=70%,kvB<=1k,kp<=2k,0.0369,2
16,n<=16,sr<=70%,kvB<=1k,kp<=4k,0.041,2
16,n<=16,sr<=70%,kvB<=1k,kp<=512,0.04,2
16,n<=16,sr<=70%,kvB<=1k,kp<=8k,0.0276,2
16,n<=16,sr<=70%,kvB<=1k,kp=0,0.0475,2
16,n<=16,sr<=70%,kvB<=4k,kp<=1k,0.121,2
16,n<=16,sr<=70%,kvB<=4k,kp<=2k,0.108,2
16,n<=16,sr<=70%,kvB<=4k,kp<=4k,0.1146,2
16,n<=16,sr<=70%,kvB<=4k,kp<=512,0.1027,2
16,n<=16,sr<=70%,kvB<=4k,kp<=8k,0.1274,2
16,n<=16,sr<=70%,kvB<=4k,kp=0,0.1285,2
16,n<=16,sr>70%,kvB<=16k,kp<=1k,0.9574,4
16,n<=16,sr>70%,kvB<=16k,kp<=2k,0.9592,4
16,n<=16,sr>70%,kvB<=16k,kp<=4k,0.946,4
16,n<=16,sr>70%,kvB<=16k,kp<=512,0.9471,4
16,n<=16,sr>70%,kvB<=16k,kp<=8k,0.9384,4
16,n<=16,sr>70%,kvB<=16k,kp=0,0.9577,4
16,n<=16,sr>70%,kvB<=1k,kp<=1k,1.0809,4
16,n<=16,sr>70%,kvB<=1k,kp<=2k,0.9719,4
16,n<=16,sr>70%,kvB<=1k,kp<=4k,0.8876,4
16,n<=16,sr>70%,kvB<=1k,kp<=512,1.0007,4
16,n<=16,sr>70%,kvB<=1k,kp<=8k,0.9231,4
16,n<=16,sr>70%,kvB<=1k,kp=0,1.0653,4
16,n<=16,sr>70%,kvB<=4k,kp<=1k,1.0055,4
16,n<=16,sr>70%,kvB<=4k,kp<=2k,0.9702,4
16,n<=16,sr>70%,kvB<=4k,kp<=4k,0.9913,4
16,n<=16,sr>70%,kvB<=4k,kp<=512,0.9502,4
16,n<=16,sr>70%,kvB<=4k,kp<=8k,0.9934,4
16,n<=16,sr>70%,kvB<=4k,kp=0,0.9813,4
16,n<=2,sr<=70%,kvB<=16k,kp<=1k,0.0131,2
16,n<=2,sr<=70%,kvB<=16k,kp<=2k,-0.002,2
16,n<=2,sr<=70%,kvB<=16k,kp<=4k,-0.0327,2
16,n<=2,sr<=70%,kvB<=16k,kp<=512,-0.0031,2
16,n<=2,sr<=70%,kvB<=16k,kp<=8k,-0.0058,2
16,n<=2,sr<=70%,kvB<=16k,kp=0,-0.0112,2
16,n<=2,sr<=70%,kvB<=1k,kp<=1k,0.082,2
16,n<=2,sr<=70%,kvB<=1k,kp<=2k,0.1066,2
16,n<=2,sr<=70%,kvB<=1k,kp<=4k,0.0696,2
16,n<=2,sr<=70%,kvB<=1k,kp<=512,0.0867,2
16,n<=2,sr<=70%,kvB<=1k,kp<=8k,0.0147,1
16,n<=2,sr<=70%,kvB<=1k,kp=0,0.0474,2
16,n<=2,sr<=70%,kvB<=4k,kp<=1k,0.0275,2
16,n<=2,sr<=70%,kvB<=4k,kp<=2k,-0.0606,2
16,n<=2,sr<=70%,kvB<=4k,kp<=4k,-0.0111,2
16,n<=2,sr<=70%,kvB<=4k,kp<=512,-0.0421,2
16,n<=2,sr<=70%,kvB<=4k,kp<=8k,-0.0168,2
16,n<=2,sr<=70%,kvB<=4k,kp=0,0.0081,2
16,n<=32,sr<=15%,kvB<=16k,kp<=1k,0.4529,6
16,n<=32,sr<=15%,kvB<=16k,kp<=2k,0.4522,6
16,n<=32,sr<=15%,kvB<=16k,kp<=4k,0.4532,6
16,n<=32,sr<=15%,kvB<=16k,kp<=512,0.4527,6
16,n<=32,sr<=15%,kvB<=16k,kp<=8k,0.4528,6
16,n<=32,sr<=15%,kvB<=16k,kp=0,0.4529,6
16,n<=32,sr<=15%,kvB<=1k,kp<=1k,0.4488,6
16,n<=32,sr<=15%,kvB<=1k,kp<=2k,0.4499,6
16,n<=32,sr<=15%,kvB<=1k,kp<=4k,0.4558,6
16,n<=32,sr<=15%,kvB<=1k,kp<=512,0.4496,6
16,n<=32,sr<=15%,kvB<=1k,kp<=8k,0.4552,6
16,n<=32,sr<=15%,kvB<=1k,kp=0,0.4461,6
16,n<=32,sr<=15%,kvB<=4k,kp<=1k,0.4479,6
16,n<=32,sr<=15%,kvB<=4k,kp<=2k,0.4472,6
16,n<=32,sr<=15%,kvB<=4k,kp<=4k,0.4475,6
16,n<=32,sr<=15%,kvB<=4k,kp<=512,0.4489,6
16,n<=32,sr<=15%,kvB<=4k,kp<=8k,0.4502,6
16,n<=32,sr<=15%,kvB<=4k,kp=0,0.4464,6
16,n<=32,sr<=40%,kvB<=16k,kp<=1k,0.9423,2
16,n<=32,sr<=40%,kvB<=16k,kp<=2k,0.946,2
16,n<=32,sr<=40%,kvB<=16k,kp<=4k,0.9444,2
16,n<=32,sr<=40%,kvB<=16k,kp<=512,0.9457,2
16,n<=32,sr<=40%,kvB<=16k,kp<=8k,0.9403,2
16,n<=32,sr<=40%,kvB<=16k,kp=0,0.9404,2
16,n<=32,sr<=40%,kvB<=1k,kp<=1k,0.899,2
16,n<=32,sr<=40%,kvB<=1k,kp<=2k,0.8892,2
16,n<=32,sr<=40%,kvB<=1k,kp<=4k,0.902,2
16,n<=32,sr<=40%,kvB<=1k,kp<=512,0.8925,2
16,n<=32,sr<=40%,kvB<=1k,kp<=8k,0.9109,2
16,n<=32,sr<=40%,kvB<=1k,kp=0,0.8917,2
16,n<=32,sr<=40%,kvB<=4k,kp<=1k,0.9352,2
16,n<=32,sr<=40%,kvB<=4k,kp<=2k,0.9277,2
16,n<=32,sr<=40%,kvB<=4k,kp<=4k,0.935,2
16,n<=32,sr<=40%,kvB<=4k,kp<=512,0.9327,2
16,n<=32,sr<=40%,kvB<=4k,kp<=8k,0.9349,2
16,n<=32,sr<=40%,kvB<=4k,kp=0,0.9183,2
16,n<=32,sr<=5%,kvB<=16k,kp<=1k,0.0702,2
16,n<=32,sr<=5%,kvB<=16k,kp<=2k,0.0689,2
16,n<=32,sr<=5%,kvB<=16k,kp<=4k,0.071,2
16,n<=32,sr<=5%,kvB<=16k,kp<=512,0.0701,2
16,n<=32,sr<=5%,kvB<=16k,kp<=8k,0.0701,2
16,n<=32,sr<=5%,kvB<=16k,kp=0,0.0684,2
16,n<=32,sr<=5%,kvB<=1k,kp<=1k,0.1103,2
16,n<=32,sr<=5%,kvB<=1k,kp<=2k,0.1172,2
16,n<=32,sr<=5%,kvB<=1k,kp<=4k,0.1249,2
16,n<=32,sr<=5%,kvB<=1k,kp<=512,0.1211,2
16,n<=32,sr<=5%,kvB<=1k,kp<=8k,0.1237,2
16,n<=32,sr<=5%,kvB<=1k,kp=0,0.1153,2
16,n<=32,sr<=5%,kvB<=4k,kp<=1k,0.0739,2
16,n<=32,sr<=5%,kvB<=4k,kp<=2k,0.0722,2
16,n<=32,sr<=5%,kvB<=4k,kp<=4k,0.0771,2
16,n<=32,sr<=5%,kvB<=4k,kp<=512,0.0714,2
16,n<=32,sr<=5%,kvB<=4k,kp<=8k,0.0734,2
16,n<=32,sr<=5%,kvB<=4k,kp=0,0.0705,2
16,n<=32,sr<=70%,kvB<=16k,kp<=1k,0.9621,2
16,n<=32,sr<=70%,kvB<=16k,kp<=2k,0.9584,2
16,n<=32,sr<=70%,kvB<=16k,kp<=4k,0.962,2
16,n<=32,sr<=70%,kvB<=16k,kp<=512,0.9657,2
16,n<=32,sr<=70%,kvB<=16k,kp<=8k,0.9554,2
16,n<=32,sr<=70%,kvB<=16k,kp=0,0.9531,2
16,n<=32,sr<=70%,kvB<=1k,kp<=1k,0.907,2
16,n<=32,sr<=70%,kvB<=1k,kp<=2k,0.9234,2
16,n<=32,sr<=70%,kvB<=1k,kp<=4k,0.9399,2
16,n<=32,sr<=70%,kvB<=1k,kp<=512,0.9314,2
16,n<=32,sr<=70%,kvB<=1k,kp<=8k,0.8886,2
16,n<=32,sr<=70%,kvB<=1k,kp=0,0.9071,2
16,n<=32,sr<=70%,kvB<=4k,kp<=1k,0.9412,2
16,n<=32,sr<=70%,kvB<=4k,kp<=2k,0.9444,2
16,n<=32,sr<=70%,kvB<=4k,kp<=4k,0.9417,2
16,n<=32,sr<=70%,kvB<=4k,kp<=512,0.9422,2
16,n<=32,sr<=70%,kvB<=4k,kp<=8k,0.948,2
16,n<=32,sr<=70%,kvB<=4k,kp=0,0.9401,2
16,n<=32,sr>70%,kvB<=16k,kp<=1k,0.9583,4
16,n<=32,sr>70%,kvB<=16k,kp<=2k,0.944,4
16,n<=32,sr>70%,kvB<=16k,kp<=4k,0.951,4
16,n<=32,sr>70%,kvB<=16k,kp<=512,0.956,4
16,n<=32,sr>70%,kvB<=16k,kp<=8k,0.9663,4
16,n<=32,sr>70%,kvB<=16k,kp=0,0.9456,4
16,n<=32,sr>70%,kvB<=1k,kp<=1k,0.9385,4
16,n<=32,sr>70%,kvB<=1k,kp<=2k,0.914,4
16,n<=32,sr>70%,kvB<=1k,kp<=4k,0.9376,4
16,n<=32,sr>70%,kvB<=1k,kp<=512,0.9006,4
16,n<=32,sr>70%,kvB<=1k,kp<=8k,0.9164,4
16,n<=32,sr>70%,kvB<=1k,kp=0,0.9058,4
16,n<=32,sr>70%,kvB<=4k,kp<=1k,0.9483,4
16,n<=32,sr>70%,kvB<=4k,kp<=2k,0.9491,4
16,n<=32,sr>70%,kvB<=4k,kp<=4k,0.942,4
16,n<=32,sr>70%,kvB<=4k,kp<=512,0.9551,4
16,n<=32,sr>70%,kvB<=4k,kp<=8k,0.959,4
16,n<=32,sr>70%,kvB<=4k,kp=0,0.9495,4
16,n<=4,sr<=40%,kvB<=16k,kp<=1k,-0.0379,2
16,n<=4,sr<=40%,kvB<=16k,kp<=2k,-0.0408,2
16,n<=4,sr<=40%,kvB<=16k,kp<=4k,-0.0347,2
16,n<=4,sr<=40%,kvB<=16k,kp<=512,-0.0431,2
16,n<=4,sr<=40%,kvB<=16k,kp<=8k,-0.036,2
16,n<=4,sr<=40%,kvB<=16k,kp=0,-0.0448,2
16,n<=4,sr<=40%,kvB<=1k,kp<=1k,0.2721,2
16,n<=4,sr<=40%,kvB<=1k,kp<=2k,0.2788,2
16,n<=4,sr<=40%,kvB<=1k,kp<=4k,0.2734,2
16,n<=4,sr<=40%,kvB<=1k,kp<=512,0.247,2
16,n<=4,sr<=40%,kvB<=1k,kp<=8k,0.2607,2
16,n<=4,sr<=40%,kvB<=1k,kp=0,0.2708,2
16,n<=4,sr<=40%,kvB<=4k,kp<=1k,-0.055,2
16,n<=4,sr<=40%,kvB<=4k,kp<=2k,-0.0413,2
16,n<=4,sr<=40%,kvB<=4k,kp<=4k,-0.0354,2
16,n<=4,sr<=40%,kvB<=4k,kp<=512,-0.0488,2
16,n<=4,sr<=40%,kvB<=4k,kp<=8k,-0.0409,2
16,n<=4,sr<=40%,kvB<=4k,kp=0,-0.0504,2
16,n<=4,sr<=70%,kvB<=16k,kp<=1k,-0.0303,2
16,n<=4,sr<=70%,kvB<=16k,kp<=2k,-0.0318,2
16,n<=4,sr<=70%,kvB<=16k,kp<=4k,-0.0208,2
16,n<=4,sr<=70%,kvB<=16k,kp<=512,-0.0242,2
16,n<=4,sr<=70%,kvB<=16k,kp<=8k,-0.0177,2
16,n<=4,sr<=70%,kvB<=16k,kp=0,-0.0328,2
16,n<=4,sr<=70%,kvB<=1k,kp<=1k,0.0461,2
16,n<=4,sr<=70%,kvB<=1k,kp<=2k,0.0093,2
16,n<=4,sr<=70%,kvB<=1k,kp<=4k,0.024,2
16,n<=4,sr<=70%,kvB<=1k,kp<=512,0.0345,2
16,n<=4,sr<=70%,kvB<=1k,kp<=8k,0.1497,2
16,n<=4,sr<=70%,kvB<=1k,kp=0,0.0596,2
16,n<=4,sr<=70%,kvB<=4k,kp<=1k,-0.1495,2
16,n<=4,sr<=70%,kvB<=4k,kp<=2k,-0.1122,2
16,n<=4,sr<=70%,kvB<=4k,kp<=4k,-0.1246,2
16,n<=4,sr<=70%,kvB<=4k,kp<=512,-0.1125,2
16,n<=4,sr<=70%,kvB<=4k,kp<=8k,-0.1126,2
16,n<=4,sr<=70%,kvB<=4k,kp=0,-0.1277,2
16,n<=4,sr>70%,kvB<=16k,kp<=1k,-0.0138,2
16,n<=4,sr>70%,kvB<=16k,kp<=2k,-0.0518,2
16,n<=4,sr>70%,kvB<=16k,kp<=4k,-0.0408,2
16,n<=4,sr>70%,kvB<=16k,kp<=512,-0.0433,2
16,n<=4,sr>70%,kvB<=16k,kp<=8k,-0.0736,2
16,n<=4,sr>70%,kvB<=16k,kp=0,-0.0397,2
16,n<=4,sr>70%,kvB<=1k,kp<=1k,-0.0567,2
16,n<=4,sr>70%,kvB<=1k,kp<=2k,-0.0042,2
16,n<=4,sr>70%,kvB<=1k,kp<=4k,-0.0278,2
16,n<=4,sr>70%,kvB<=1k,kp<=512,-0.034,2
16,n<=4,sr>70%,kvB<=1k,kp<=8k,0.0866,2
16,n<=4,sr>70%,kvB<=1k,kp=0,-0.018,2
16,n<=4,sr>70%,kvB<=4k,kp<=1k,-0.0625,2
16,n<=4,sr>70%,kvB<=4k,kp<=2k,-0.0469,2
16,n<=4,sr>70%,kvB<=4k,kp<=4k,-0.007,2
16,n<=4,sr>70%,kvB<=4k,kp<=512,-0.1127,2
16,n<=4,sr>70%,kvB<=4k,kp<=8k,-0.0978,2
16,n<=4,sr>70%,kvB<=4k,kp=0,-0.0565,2
16,n<=64,sr<=15%,kvB<=16k,kp<=1k,0.2856,4
16,n<=64,sr<=15%,kvB<=16k,kp<=2k,0.3028,4
16,n<=64,sr<=15%,kvB<=16k,kp<=4k,0.3124,4
16,n<=64,sr<=15%,kvB<=16k,kp<=512,0.2874,4
16,n<=64,sr<=15%,kvB<=16k,kp<=8k,0.3458,4
16,n<=64,sr<=15%,kvB<=16k,kp=0,0.2855,4
16,n<=64,sr<=15%,kvB<=1k,kp<=1k,0.2963,4
16,n<=64,sr<=15%,kvB<=1k,kp<=2k,0.3279,4
16,n<=64,sr<=15%,kvB<=1k,kp<=4k,0.3371,4
16,n<=64,sr<=15%,kvB<=1k,kp<=512,0.3123,4
16,n<=64,sr<=15%,kvB<=1k,kp<=8k,0.3,4
16,n<=64,sr<=15%,kvB<=1k,kp=0,0.3304,4
16,n<=64,sr<=15%,kvB<=4k,kp<=1k,0.2706,4
16,n<=64,sr<=15%,kvB<=4k,kp<=2k,0.2864,4
16,n<=64,sr<=15%,kvB<=4k,kp<=4k,0.2895,4
16,n<=64,sr<=15%,kvB<=4k,kp<=512,0.2997,4
16,n<=64,sr<=15%,kvB<=4k,kp<=8k,0.3563,4
16,n<=64,sr<=15%,kvB<=4k,kp=0,0.2806,4
16,n<=64,sr<=40%,kvB<=16k,kp<=1k,0.3213,2
16,n<=64,sr<=40%,kvB<=16k,kp<=2k,0.3224,2
16,n<=64,sr<=40%,kvB<=16k,kp<=4k,0.3192,2
16,n<=64,sr<=40%,kvB<=16k,kp<=512,0.3221,2
16,n<=64,sr<=40%,kvB<=16k,kp<=8k,0.3215,2
16,n<=64,sr<=40%,kvB<=16k,kp=0,0.3195,2
16,n<=64,sr<=40%,kvB<=1k,kp<=1k,0.301,2
16,n<=64,sr<=40%,kvB<=1k,kp<=2k,0.3018,2
16,n<=64,sr<=40%,kvB<=1k,kp<=4k,0.3082,2
16,n<=64,sr<=40%,kvB<=1k,kp<=512,0.2995,2
16,n<=64,sr<=40%,kvB<=1k,kp<=8k,0.3105,2
16,n<=64,sr<=40%,kvB<=1k,kp=0,0.3021,2
16,n<=64,sr<=40%,kvB<=4k,kp<=1k,0.3156,2
16,n<=64,sr<=40%,kvB<=4k,kp<=2k,0.3153,2
16,n<=64,sr<=40%,kvB<=4k,kp<=4k,0.3192,2
16,n<=64,sr<=40%,kvB<=4k,kp<=512,0.3145,2
16,n<=64,sr<=40%,kvB<=4k,kp<=8k,0.3176,2
16,n<=64,sr<=40%,kvB<=4k,kp=0,0.3158,2
16,n<=64,sr<=5%,kvB<=16k,kp<=1k,0.2953,6
16,n<=64,sr<=5%,kvB<=16k,kp<=2k,0.2829,6
16,n<=64,sr<=5%,kvB<=16k,kp<=4k,0.2821,6
16,n<=64,sr<=5%,kvB<=16k,kp<=512,0.2714,6
16,n<=64,sr<=5%,kvB<=16k,kp<=8k,0.2838,6
16,n<=64,sr<=5%,kvB<=16k,kp=0,0.2793,6
16,n<=64,sr<=5%,kvB<=1k,kp<=1k,0.265,6
16,n<=64,sr<=5%,kvB<=1k,kp<=2k,0.2624,6
16,n<=64,sr<=5%,kvB<=1k,kp<=4k,0.3112,6
16,n<=64,sr<=5%,kvB<=1k,kp<=512,0.2902,6
16,n<=64,sr<=5%,kvB<=1k,kp<=8k,0.2949,6
16,n<=64,sr<=5%,kvB<=1k,kp=0,0.2885,6
16,n<=64,sr<=5%,kvB<=4k,kp<=1k,0.2759,6
16,n<=64,sr<=5%,kvB<=4k,kp<=2k,0.2772,6
16,n<=64,sr<=5%,kvB<=4k,kp<=4k,0.2676,6
16,n<=64,sr<=5%,kvB<=4k,kp<=512,0.2673,6
16,n<=64,sr<=5%,kvB<=4k,kp<=8k,0.2739,6
16,n<=64,sr<=5%,kvB<=4k,kp=0,0.2644,6
16,n<=64,sr<=70%,kvB<=16k,kp<=1k,0.3272,2
16,n<=64,sr<=70%,kvB<=16k,kp<=2k,0.335,2
16,n<=64,sr<=70%,kvB<=16k,kp<=4k,0.336,2
16,n<=64,sr<=70%,kvB<=16k,kp<=512,0.3327,2
16,n<=64,sr<=70%,kvB<=16k,kp<=8k,0.3369,2
16,n<=64,sr<=70%,kvB<=16k,kp=0,0.3248,2
16,n<=64,sr<=70%,kvB<=1k,kp<=1k,0.3714,2
16,n<=64,sr<=70%,kvB<=1k,kp<=2k,0.3911,2
16,n<=64,sr<=70%,kvB<=1k,kp<=4k,0.3901,2
16,n<=64,sr<=70%,kvB<=1k,kp<=512,0.3834,2
16,n<=64,sr<=70%,kvB<=1k,kp<=8k,0.3824,2
16,n<=64,sr<=70%,kvB<=1k,kp=0,0.3861,2
16,n<=64,sr<=70%,kvB<=4k,kp<=1k,0.3364,2
16,n<=64,sr<=70%,kvB<=4k,kp<=2k,0.3339,2
16,n<=64,sr<=70%,kvB<=4k,kp<=4k,0.3352,2
16,n<=64,sr<=70%,kvB<=4k,kp<=512,0.3426,2
16,n<=64,sr<=70%,kvB<=4k,kp<=8k,0.3375,2
16,n<=64,sr<=70%,kvB<=4k,kp=0,0.3363,2
16,n<=64,sr>70%,kvB<=16k,kp<=1k,0.9579,4
16,n<=64,sr>70%,kvB<=16k,kp<=2k,0.9515,4
16,n<=64,sr>70%,kvB<=16k,kp<=4k,0.9568,4
16,n<=64,sr>70%,kvB<=16k,kp<=512,0.9552,4
16,n<=64,sr>70%,kvB<=16k,kp<=8k,0.9516,4
16,n<=64,sr>70%,kvB<=16k,kp=0,0.9443,4
16,n<=64,sr>70%,kvB<=1k,kp<=1k,0.8874,4
16,n<=64,sr>70%,kvB<=1k,kp<=2k,0.8935,4
16,n<=64,sr>70%,kvB<=1k,kp<=4k,0.8825,4
16,n<=64,sr>70%,kvB<=1k,kp<=512,0.8872,4
16,n<=64,sr>70%,kvB<=1k,kp<=8k,0.8641,4
16,n<=64,sr>70%,kvB<=1k,kp=0,0.889,4
16,n<=64,sr>70%,kvB<=4k,kp<=1k,0.933,4
16,n<=64,sr>70%,kvB<=4k,kp<=2k,0.9384,4
16,n<=64,sr>70%,kvB<=4k,kp<=4k,0.9413,4
16,n<=64,sr>70%,kvB<=4k,kp<=512,0.9358,4
16,n<=64,sr>70%,kvB<=4k,kp<=8k,0.9378,4
16,n<=64,sr>70%,kvB<=4k,kp=0,0.9333,4
16,n<=8,sr<=15%,kvB<=16k,kp<=1k,-0.0224,2
16,n<=8,sr<=15%,kvB<=16k,kp<=2k,-0.0158,2
16,n<=8,sr<=15%,kvB<=16k,kp<=4k,-0.0188,2
16,n<=8,sr<=15%,kvB<=16k,kp<=512,-0.0209,2
16,n<=8,sr<=15%,kvB<=16k,kp<=8k,-0.0177,2
16,n<=8,sr<=15%,kvB<=16k,kp=0,-0.0213,2
16,n<=8,sr<=15%,kvB<=1k,kp<=1k,0.1016,2
16,n<=8,sr<=15%,kvB<=1k,kp<=2k,0.0915,2
16,n<=8,sr<=15%,kvB<=1k,kp<=4k,0.073,2
16,n<=8,sr<=15%,kvB<=1k,kp<=512,0.1111,2
16,n<=8,sr<=15%,kvB<=1k,kp<=8k,0.1091,2
16,n<=8,sr<=15%,kvB<=1k,kp=0,0.0899,2
16,n<=8,sr<=15%,kvB<=4k,kp<=1k,-0.0304,2
16,n<=8,sr<=15%,kvB<=4k,kp<=2k,-0.0219,2
16,n<=8,sr<=15%,kvB<=4k,kp<=4k,-0.0234,2
16,n<=8,sr<=15%,kvB<=4k,kp<=512,-0.0246,2
16,n<=8,sr<=15%,kvB<=4k,kp<=8k,-0.023,2
16,n<=8,sr<=15%,kvB<=4k,kp=0,-0.0231,2
16,n<=8,sr<=40%,kvB<=16k,kp<=1k,0.0272,4
16,n<=8,sr<=40%,kvB<=16k,kp<=2k,0.0221,4
16,n<=8,sr<=40%,kvB<=16k,kp<=4k,0.0215,4
16,n<=8,sr<=40%,kvB<=16k,kp<=512,0.0274,4
16,n<=8,sr<=40%,kvB<=16k,kp<=8k,0.0239,4
16,n<=8,sr<=40%,kvB<=16k,kp=0,0.0317,4
16,n<=8,sr<=40%,kvB<=1k,kp<=1k,0.1438,4
16,n<=8,sr<=40%,kvB<=1k,kp<=2k,0.1238,4
16,n<=8,sr<=40%,kvB<=1k,kp<=4k,0.1296,4
16,n<=8,sr<=40%,kvB<=1k,kp<=512,0.1301,4
16,n<=8,sr<=40%,kvB<=1k,kp<=8k,0.0999,4
16,n<=8,sr<=40%,kvB<=1k,kp=0,0.1515,4
16,n<=8,sr<=40%,kvB<=4k,kp<=1k,0.0198,4
16,n<=8,sr<=40%,kvB<=4k,kp<=2k,0.0173,4
16,n<=8,sr<=40%,kvB<=4k,kp<=4k,0.0164,4
16,n<=8,sr<=40%,kvB<=4k,kp<=512,0.0221,4
16,n<=8,sr<=40%,kvB<=4k,kp<=8k,0.0152,4
16,n<=8,sr<=40%,kvB<=4k,kp=0,0.0184,4
16,n<=8,sr<=70%,kvB<=16k,kp<=1k,0.0971,2
16,n<=8,sr<=70%,kvB<=16k,kp<=2k,0.0996,2
16,n<=8,sr<=70%,kvB<=16k,kp<=4k,0.0947,2
16,n<=8,sr<=70%,kvB<=16k,kp<=512,0.094,2
16,n<=8,sr<=70%,kvB<=16k,kp<=8k,0.1008,2
16,n<=8,sr<=70%,kvB<=16k,kp=0,0.095,2
16,n<=8,sr<=70%,kvB<=1k,kp<=1k,0.056,2
16,n<=8,sr<=70%,kvB<=1k,kp<=2k,0.0055,2
16,n<=8,sr<=70%,kvB<=1k,kp<=4k,0.0238,2
16,n<=8,sr<=70%,kvB<=1k,kp<=512,-0.0032,2
16,n<=8,sr<=70%,kvB<=1k,kp<=8k,0.0123,2
16,n<=8,sr<=70%,kvB<=1k,kp=0,0.0203,2
16,n<=8,sr<=70%,kvB<=4k,kp<=1k,0.0433,2
16,n<=8,sr<=70%,kvB<=4k,kp<=2k,0.0574,2
16,n<=8,sr<=70%,kvB<=4k,kp<=4k,0.0593,2
16,n<=8,sr<=70%,kvB<=4k,kp<=512,0.0421,2
16,n<=8,sr<=70%,kvB<=4k,kp<=8k,0.0417,2
16,n<=8,sr<=70%,kvB<=4k,kp=0,0.0723,2
16,n<=8,sr>70%,kvB<=16k,kp<=1k,0.1006,4
16,n<=8,sr>70%,kvB<=16k,kp<=2k,0.1221,4
16,n<=8,sr>70%,kvB<=16k,kp<=4k,0.1412,4
16,n<=8,sr>70%,kvB<=16k,kp<=512,0.1302,4
16,n<=8,sr>70%,kvB<=16k,kp<=8k,0.1263,4
16,n<=8,sr>70%,kvB<=16k,kp=0,0.1307,4
16,n<=8,sr>70%,kvB<=1k,kp<=1k,0.2163,4
16,n<=8,sr>70%,kvB<=1k,kp<=2k,0.1869,4
16,n<=8,sr>70%,kvB<=1k,kp<=4k,0.1952,4
16,n<=8,sr>70%,kvB<=1k,kp<=512,0.1827,4
16,n<=8,sr>70%,kvB<=1k,kp<=8k,0.2179,4
16,n<=8,sr>70%,kvB<=1k,kp=0,0.2634,4
16,n<=8,sr>70%,kvB<=4k,kp<=1k,0.0755,4
16,n<=8,sr>70%,kvB<=4k,kp<=2k,0.0366,4
16,n<=8,sr>70%,kvB<=4k,kp<=4k,0.0472,4
16,n<=8,sr>70%,kvB<=4k,kp<=512,0.0905,4
16,n<=8,sr>70%,kvB<=4k,kp<=8k,0.082,4
16,n<=8,sr>70%,kvB<=4k,kp=0,0.0414,4
32,n<=128,sr<=15%,kvB<=16k,kp<=1k,0.0789,4
32,n<=128,sr<=15%,kvB<=16k,kp<=2k,0.0788,4
32,n<=128,sr<=15%,kvB<=16k,kp<=4k,0.078,4
32,n<=128,sr<=15%,kvB<=16k,kp<=512,0.0794,4
32,n<=128,sr<=15%,kvB<=16k,kp<=8k,0.0788,4
32,n<=128,sr<=15%,kvB<=16k,kp=0,0.0791,4
32,n<=128,sr<=15%,kvB<=1k,kp<=1k,0.0938,4
32,n<=128,sr<=15%,kvB<=1k,kp<=2k,0.0945,4
32,n<=128,sr<=15%,kvB<=1k,kp<=4k,0.0917,4
32,n<=128,sr<=15%,kvB<=1k,kp<=512,0.0969,4
32,n<=128,sr<=15%,kvB<=1k,kp<=8k,0.0932,4
32,n<=128,sr<=15%,kvB<=1k,kp=0,0.0993,4
32,n<=128,sr<=15%,kvB<=4k,kp<=1k,0.0777,4
32,n<=128,sr<=15%,kvB<=4k,kp<=2k,0.0801,4
32,n<=128,sr<=15%,kvB<=4k,kp<=4k,0.0786,4
32,n<=128,sr<=15%,kvB<=4k,kp<=512,0.0805,4
32,n<=128,sr<=15%,kvB<=4k,kp<=8k,0.0804,4
32,n<=128,sr<=15%,kvB<=4k,kp=0,0.0772,4
32,n<=128,sr<=40%,kvB<=16k,kp<=1k,0.0751,2
32,n<=128,sr<=40%,kvB<=16k,kp<=2k,0.0764,2
32,n<=128,sr<=40%,kvB<=16k,kp<=4k,0.0759,2
32,n<=128,sr<=40%,kvB<=16k,kp<=512,0.0757,2
32,n<=128,sr<=40%,kvB<=16k,kp<=8k,0.0757,2
32,n<=128,sr<=40%,kvB<=16k,kp=0,0.0763,2
32,n<=128,sr<=40%,kvB<=1k,kp<=1k,0.0664,2
32,n<=128,sr<=40%,kvB<=1k,kp<=2k,0.0652,2
32,n<=128,sr<=40%,kvB<=1k,kp<=4k,0.063,2
32,n<=128,sr<=40%,kvB<=1k,kp<=512,0.0596,2
32,n<=128,sr<=40%,kvB<=1k,kp<=8k,0.0555,2
32,n<=128,sr<=40%,kvB<=1k,kp=0,0.0651,2
32,n<=128,sr<=40%,kvB<=4k,kp<=1k,0.0687,2
32,n<=128,sr<=40%,kvB<=4k,kp<=2k,0.0681,2
32,n<=128,sr<=40%,kvB<=4k,kp<=4k,0.0694,2
32,n<=128,sr<=40%,kvB<=4k,kp<=512,0.0672,2
32,n<=128,sr<=40%,kvB<=4k,kp<=8k,0.0697,2
32,n<=128,sr<=40%,kvB<=4k,kp=0,0.0617,2
32,n<=128,sr<=5%,kvB<=16k,kp<=1k,0.0933,8
32,n<=128,sr<=5%,kvB<=16k,kp<=2k,0.0932,8
32,n<=128,sr<=5%,kvB<=16k,kp<=4k,0.0934,8
32,n<=128,sr<=5%,kvB<=16k,kp<=512,0.093,8
32,n<=128,sr<=5%,kvB<=16k,kp<=8k,0.093,8
32,n<=128,sr<=5%,kvB<=16k,kp=0,0.0933,8
32,n<=128,sr<=5%,kvB<=1k,kp<=1k,0.0974,8
32,n<=128,sr<=5%,kvB<=1k,kp<=2k,0.0953,8
32,n<=128,sr<=5%,kvB<=1k,kp<=4k,0.098,8
32,n<=128,sr<=5%,kvB<=1k,kp<=512,0.0971,8
32,n<=128,sr<=5%,kvB<=1k,kp<=8k,0.0958,8
32,n<=128,sr<=5%,kvB<=1k,kp=0,0.0974,8
32,n<=128,sr<=5%,kvB<=4k,kp<=1k,0.094,8
32,n<=128,sr<=5%,kvB<=4k,kp<=2k,0.0947,8
32,n<=128,sr<=5%,kvB<=4k,kp<=4k,0.0943,8
32,n<=128,sr<=5%,kvB<=4k,kp<=512,0.0937,8
32,n<=128,sr<=5%,kvB<=4k,kp<=8k,0.0939,8
32,n<=128,sr<=5%,kvB<=4k,kp=0,0.0943,8
32,n<=128,sr<=70%,kvB<=16k,kp<=1k,-0.0037,2
32,n<=128,sr<=70%,kvB<=16k,kp<=2k,-0.0018,2
32,n<=128,sr<=70%,kvB<=16k,kp<=4k,-0.0014,2
32,n<=128,sr<=70%,kvB<=16k,kp<=512,-0.0002,2
32,n<=128,sr<=70%,kvB<=16k,kp<=8k,-0.0016,2
32,n<=128,sr<=70%,kvB<=16k,kp=0,0.0007,2
32,n<=128,sr<=70%,kvB<=1k,kp<=1k,-0.0024,2
32,n<=128,sr<=70%,kvB<=1k,kp<=2k,-0.0084,2
32,n<=128,sr<=70%,kvB<=1k,kp<=4k,-0.0059,2
32,n<=128,sr<=70%,kvB<=1k,kp<=512,-0.0017,2
32,n<=128,sr<=70%,kvB<=1k,kp<=8k,-0.0011,2
32,n<=128,sr<=70%,kvB<=1k,kp=0,-0.0062,2
32,n<=128,sr<=70%,kvB<=4k,kp<=1k,-0.0,2
32,n<=128,sr<=70%,kvB<=4k,kp<=2k,-0.0028,2
32,n<=128,sr<=70%,kvB<=4k,kp<=4k,-0.0009,2
32,n<=128,sr<=70%,kvB<=4k,kp<=512,-0.0025,2
32,n<=128,sr<=70%,kvB<=4k,kp<=8k,-0.0034,2
32,n<=128,sr<=70%,kvB<=4k,kp=0,-0.0031,2
32,n<=128,sr>70%,kvB<=16k,kp<=1k,-0.0221,4
32,n<=128,sr>70%,kvB<=16k,kp<=2k,-0.0261,4
32,n<=128,sr>70%,kvB<=16k,kp<=4k,-0.0246,4
32,n<=128,sr>70%,kvB<=16k,kp<=512,-0.0252,4
32,n<=128,sr>70%,kvB<=16k,kp<=8k,-0.0254,4
32,n<=128,sr>70%,kvB<=16k,kp=0,-0.0258,4
32,n<=128,sr>70%,kvB<=1k,kp<=1k,0.0016,4
32,n<=128,sr>70%,kvB<=1k,kp<=2k,0.03,4
32,n<=128,sr>70%,kvB<=1k,kp<=4k,0.007,4
32,n<=128,sr>70%,kvB<=1k,kp<=512,0.0232,4
32,n<=128,sr>70%,kvB<=1k,kp<=8k,0.0076,4
32,n<=128,sr>70%,kvB<=1k,kp=0,0.0176,4
32,n<=128,sr>70%,kvB<=4k,kp<=1k,-0.0277,4
32,n<=128,sr>70%,kvB<=4k,kp<=2k,-0.0223,4
32,n<=128,sr>70%,kvB<=4k,kp<=4k,-0.0269,4
32,n<=128,sr>70%,kvB<=4k,kp<=512,-0.0215,4
32,n<=128,sr>70%,kvB<=4k,kp<=8k,-0.0145,4
32,n<=128,sr>70%,kvB<=4k,kp=0,-0.0238,4
32,n<=16,sr<=15%,kvB<=16k,kp<=1k,0.2417,4
32,n<=16,sr<=15%,kvB<=16k,kp<=2k,0.2423,4
32,n<=16,sr<=15%,kvB<=16k,kp<=4k,0.2417,4
32,n<=16,sr<=15%,kvB<=16k,kp<=512,0.2448,4
32,n<=16,sr<=15%,kvB<=16k,kp<=8k,0.2406,4
32,n<=16,sr<=15%,kvB<=16k,kp=0,0.2418,4
32,n<=16,sr<=15%,kvB<=1k,kp<=1k,0.1773,4
32,n<=16,sr<=15%,kvB<=1k,kp<=2k,0.1532,4
32,n<=16,sr<=15%,kvB<=1k,kp<=4k,0.1568,4
32,n<=16,sr<=15%,kvB<=1k,kp<=512,0.186,4
32,n<=16,sr<=15%,kvB<=1k,kp<=8k,0.1742,4
32,n<=16,sr<=15%,kvB<=1k,kp=0,0.1984,4
32,n<=16,sr<=15%,kvB<=4k,kp<=1k,0.2263,4
32,n<=16,sr<=15%,kvB<=4k,kp<=2k,0.228,4
32,n<=16,sr<=15%,kvB<=4k,kp<=4k,0.2204,4
32,n<=16,sr<=15%,kvB<=4k,kp<=512,0.2365,4
32,n<=16,sr<=15%,kvB<=4k,kp<=8k,0.2182,4
32,n<=16,sr<=15%,kvB<=4k,kp=0,0.2351,4
32,n<=16,sr<=40%,kvB<=16k,kp<=1k,0.1324,4
32,n<=16,sr<=40%,kvB<=16k,kp<=2k,0.1327,4
32,n<=16,sr<=40%,kvB<=16k,kp<=4k,0.1334,4
32,n<=16,sr<=40%,kvB<=16k,kp<=512,0.135,4
32,n<=16,sr<=40%,kvB<=16k,kp<=8k,0.1346,4
32,n<=16,sr<=40%,kvB<=16k,kp=0,0.1352,4
32,n<=16,sr<=40%,kvB<=1k,kp<=1k,0.0736,4
32,n<=16,sr<=40%,kvB<=1k,kp<=2k,0.0696,4
32,n<=16,sr<=40%,kvB<=1k,kp<=4k,0.0698,4
32,n<=16,sr<=40%,kvB<=1k,kp<=512,0.0899,4
32,n<=16,sr<=40%,kvB<=1k,kp<=8k,0.0584,4
32,n<=16,sr<=40%,kvB<=1k,kp=0,0.1128,4
32,n<=16,sr<=40%,kvB<=4k,kp<=1k,0.1292,4
32,n<=16,sr<=40%,kvB<=4k,kp<=2k,0.1272,4
32,n<=16,sr<=40%,kvB<=4k,kp<=4k,0.1243,4
32,n<=16,sr<=40%,kvB<=4k,kp<=512,0.1357,4
32,n<=16,sr<=40%,kvB<=4k,kp<=8k,0.1305,4
32,n<=16,sr<=40%,kvB<=4k,kp=0,0.1387,4
32,n<=16,sr<=70%,kvB<=16k,kp<=1k,0.105,2
32,n<=16,sr<=70%,kvB<=16k,kp<=2k,0.1121,2
32,n<=16,sr<=70%,kvB<=16k,kp<=4k,0.1099,2
32,n<=16,sr<=70%,kvB<=16k,kp<=512,0.1045,2
32,n<=16,sr<=70%,kvB<=16k,kp<=8k,0.1065,2
32,n<=16,sr<=70%,kvB<=16k,kp=0,0.1098,2
32,n<=16,sr<=70%,kvB<=1k,kp<=1k,0.0629,2
32,n<=16,sr<=70%,kvB<=1k,kp<=2k,0.0369,2
32,n<=16,sr<=70%,kvB<=1k,kp<=4k,0.0097,2
32,n<=16,sr<=70%,kvB<=1k,kp<=512,0.0933,2
32,n<=16,sr<=70%,kvB<=1k,kp<=8k,-0.034,2
32,n<=16,sr<=70%,kvB<=1k,kp=0,0.0479,2
32,n<=16,sr<=70%,kvB<=4k,kp<=1k,0.1178,2
32,n<=16,sr<=70%,kvB<=4k,kp<=2k,0.0988,2
32,n<=16,sr<=70%,kvB<=4k,kp<=4k,0.1114,2
32,n<=16,sr<=70%,kvB<=4k,kp<=512,0.1105,2
32,n<=16,sr<=70%,kvB<=4k,kp<=8k,0.1072,2
32,n<=16,sr<=70%,kvB<=4k,kp=0,0.1049,2
32,n<=16,sr>70%,kvB<=16k,kp<=1k,0.9738,4
32,n<=16,sr>70%,kvB<=16k,kp<=2k,0.9473,4
32,n<=16,sr>70%,kvB<=16k,kp<=4k,0.9402,4
32,n<=16,sr>70%,kvB<=16k,kp<=512,0.9423,4
32,n<=16,sr>70%,kvB<=16k,kp<=8k,0.9391,4
32,n<=16,sr>70%,kvB<=16k,kp=0,0.9514,4
32,n<=16,sr>70%,kvB<=1k,kp<=1k,0.9213,4
32,n<=16,sr>70%,kvB<=1k,kp<=2k,0.9177,4
32,n<=16,sr>70%,kvB<=1k,kp<=4k,0.9297,4
32,n<=16,sr>70%,kvB<=1k,kp<=512,0.9326,4
32,n<=16,sr>70%,kvB<=1k,kp<=8k,0.8745,4
32,n<=16,sr>70%,kvB<=1k,kp=0,1.0499,4
32,n<=16,sr>70%,kvB<=4k,kp<=1k,0.9558,4
32,n<=16,sr>70%,kvB<=4k,kp<=2k,0.9568,4
32,n<=16,sr>70%,kvB<=4k,kp<=4k,0.9717,4
32,n<=16,sr>70%,kvB<=4k,kp<=512,0.9516,4
32,n<=16,sr>70%,kvB<=4k,kp<=8k,0.9637,4
32,n<=16,sr>70%,kvB<=4k,kp=0,0.9918,4
32,n<=2,sr<=70%,kvB<=16k,kp<=1k,0.0007,2
32,n<=2,sr<=70%,kvB<=16k,kp<=2k,-0.0359,2
32,n<=2,sr<=70%,kvB<=16k,kp<=4k,-0.0002,2
32,n<=2,sr<=70%,kvB<=16k,kp<=512,0.0154,2
32,n<=2,sr<=70%,kvB<=16k,kp<=8k,0.007,2
32,n<=2,sr<=70%,kvB<=16k,kp=0,-0.0003,2
32,n<=2,sr<=70%,kvB<=1k,kp<=1k,0.0727,2
32,n<=2,sr<=70%,kvB<=1k,kp<=2k,0.0168,2
32,n<=2,sr<=70%,kvB<=1k,kp<=4k,0.1095,2
32,n<=2,sr<=70%,kvB<=1k,kp<=512,0.0595,2
32,n<=2,sr<=70%,kvB<=1k,kp<=8k,0.1161,2
32,n<=2,sr<=70%,kvB<=1k,kp=0,0.0891,2
32,n<=2,sr<=70%,kvB<=4k,kp<=1k,0.0108,2
32,n<=2,sr<=70%,kvB<=4k,kp<=2k,0.0306,2
32,n<=2,sr<=70%,kvB<=4k,kp<=4k,-0.0616,2
32,n<=2,sr<=70%,kvB<=4k,kp<=512,0.0393,2
32,n<=2,sr<=70%,kvB<=4k,kp<=8k,-0.0324,2
32,n<=2,sr<=70%,kvB<=4k,kp=0,-0.0406,2
32,n<=32,sr<=15%,kvB<=16k,kp<=1k,0.4531,6
32,n<=32,sr<=15%,kvB<=16k,kp<=2k,0.4542,6
32,n<=32,sr<=15%,kvB<=16k,kp<=4k,0.4545,6
32,n<=32,sr<=15%,kvB<=16k,kp<=512,0.4521,6
32,n<=32,sr<=15%,kvB<=16k,kp<=8k,0.4538,6
32,n<=32,sr<=15%,kvB<=16k,kp=0,0.4524,6
32,n<=32,sr<=15%,kvB<=1k,kp<=1k,0.4519,6
32,n<=32,sr<=15%,kvB<=1k,kp<=2k,0.4633,6
32,n<=32,sr<=15%,kvB<=1k,kp<=4k,0.457,6
32,n<=32,sr<=15%,kvB<=1k,kp<=512,0.45,6
32,n<=32,sr<=15%,kvB<=1k,kp<=8k,0.4637,6
32,n<=32,sr<=15%,kvB<=1k,kp=0,0.446,6
32,n<=32,sr<=15%,kvB<=4k,kp<=1k,0.4513,6
32,n<=32,sr<=15%,kvB<=4k,kp<=2k,0.4509,6
32,n<=32,sr<=15%,kvB<=4k,kp<=4k,0.4517,6
32,n<=32,sr<=15%,kvB<=4k,kp<=512,0.451,6
32,n<=32,sr<=15%,kvB<=4k,kp<=8k,0.4505,6
32,n<=32,sr<=15%,kvB<=4k,kp=0,0.4446,6
32,n<=32,sr<=40%,kvB<=16k,kp<=1k,0.9411,2
32,n<=32,sr<=40%,kvB<=16k,kp<=2k,0.9421,2
32,n<=32,sr<=40%,kvB<=16k,kp<=4k,0.9406,2
32,n<=32,sr<=40%,kvB<=16k,kp<=512,0.939,2
32,n<=32,sr<=40%,kvB<=16k,kp<=8k,0.9394,2
32,n<=32,sr<=40%,kvB<=16k,kp=0,0.9419,2
32,n<=32,sr<=40%,kvB<=1k,kp<=1k,0.9171,2
32,n<=32,sr<=40%,kvB<=1k,kp<=2k,0.9058,2
32,n<=32,sr<=40%,kvB<=1k,kp<=4k,0.9025,2
32,n<=32,sr<=40%,kvB<=1k,kp<=512,0.8894,2
32,n<=32,sr<=40%,kvB<=1k,kp<=8k,0.9177,2
32,n<=32,sr<=40%,kvB<=1k,kp=0,0.8895,2
32,n<=32,sr<=40%,kvB<=4k,kp<=1k,0.9269,2
32,n<=32,sr<=40%,kvB<=4k,kp<=2k,0.9218,2
32,n<=32,sr<=40%,kvB<=4k,kp<=4k,0.9334,2
32,n<=32,sr<=40%,kvB<=4k,kp<=512,0.9309,2
32,n<=32,sr<=40%,kvB<=4k,kp<=8k,0.9343,2
32,n<=32,sr<=40%,kvB<=4k,kp=0,0.9229,2
32,n<=32,sr<=5%,kvB<=16k,kp<=1k,0.0706,2
32,n<=32,sr<=5%,kvB<=16k,kp<=2k,0.0703,2
32,n<=32,sr<=5%,kvB<=16k,kp<=4k,0.0713,2
32,n<=32,sr<=5%,kvB<=16k,kp<=512,0.0702,2
32,n<=32,sr<=5%,kvB<=16k,kp<=8k,0.0718,2
32,n<=32,sr<=5%,kvB<=16k,kp=0,0.0702,2
32,n<=32,sr<=5%,kvB<=1k,kp<=1k,0.1161,2
32,n<=32,sr<=5%,kvB<=1k,kp<=2k,0.1243,2
32,n<=32,sr<=5%,kvB<=1k,kp<=4k,0.1358,2
32,n<=32,sr<=5%,kvB<=1k,kp<=512,0.117,2
32,n<=32,sr<=5%,kvB<=1k,kp<=8k,0.1365,2
32,n<=32,sr<=5%,kvB<=1k,kp=0,0.1175,2
32,n<=32,sr<=5%,kvB<=4k,kp<=1k,0.076,2
32,n<=32,sr<=5%,kvB<=4k,kp<=2k,0.0722,2
32,n<=32,sr<=5%,kvB<=4k,kp<=4k,0.0772,2
32,n<=32,sr<=5%,kvB<=4k,kp<=512,0.0724,2
32,n<=32,sr<=5%,kvB<=4k,kp<=8k,0.0792,2
32,n<=32,sr<=5%,kvB<=4k,kp=0,0.0715,2
32,n<=32,sr<=70%,kvB<=16k,kp<=1k,0.9593,2
32,n<=32,sr<=70%,kvB<=16k,kp<=2k,0.9582,2
32,n<=32,sr<=70%,kvB<=16k,kp<=4k,0.9592,2
32,n<=32,sr<=70%,kvB<=16k,kp<=512,0.9555,2
32,n<=32,sr<=70%,kvB<=16k,kp<=8k,0.9569,2
32,n<=32,sr<=70%,kvB<=16k,kp=0,0.9473,2
32,n<=32,sr<=70%,kvB<=1k,kp<=1k,0.9064,2
32,n<=32,sr<=70%,kvB<=1k,kp<=2k,0.9003,2
32,n<=32,sr<=70%,kvB<=1k,kp<=4k,0.8992,2
32,n<=32,sr<=70%,kvB<=1k,kp<=512,0.9295,2
32,n<=32,sr<=70%,kvB<=1k,kp<=8k,0.9164,2
32,n<=32,sr<=70%,kvB<=1k,kp=0,0.9298,2
32,n<=32,sr<=70%,kvB<=4k,kp<=1k,0.9528,2
32,n<=32,sr<=70%,kvB<=4k,kp<=2k,0.9532,2
32,n<=32,sr<=70%,kvB<=4k,kp<=4k,0.9497,2
32,n<=32,sr<=70%,kvB<=4k,kp<=512,0.9396,2
32,n<=32,sr<=70%,kvB<=4k,kp<=8k,0.9444,2
32,n<=32,sr<=70%,kvB<=4k,kp=0,0.9422,2
32,n<=32,sr>70%,kvB<=16k,kp<=1k,0.9446,4
32,n<=32,sr>70%,kvB<=16k,kp<=2k,0.9456,4
32,n<=32,sr>70%,kvB<=16k,kp<=4k,0.9546,4
32,n<=32,sr>70%,kvB<=16k,kp<=512,0.9494,4
32,n<=32,sr>70%,kvB<=16k,kp<=8k,0.9468,4
32,n<=32,sr>70%,kvB<=16k,kp=0,0.9533,4
32,n<=32,sr>70%,kvB<=1k,kp<=1k,0.899,4
32,n<=32,sr>70%,kvB<=1k,kp<=2k,0.9392,4
32,n<=32,sr>70%,kvB<=1k,kp<=4k,0.9153,4
32,n<=32,sr>70%,kvB<=1k,kp<=512,0.9119,4
32,n<=32,sr>70%,kvB<=1k,kp<=8k,0.9312,4
32,n<=32,sr>70%,kvB<=1k,kp=0,0.9005,4
32,n<=32,sr>70%,kvB<=4k,kp<=1k,0.9605,4
32,n<=32,sr>70%,kvB<=4k,kp<=2k,0.9331,4
32,n<=32,sr>70%,kvB<=4k,kp<=4k,0.9389,4
32,n<=32,sr>70%,kvB<=4k,kp<=512,0.9474,4
32,n<=32,sr>70%,kvB<=4k,kp<=8k,0.9382,4
32,n<=32,sr>70%,kvB<=4k,kp=0,0.9331,4
32,n<=4,sr<=40%,kvB<=16k,kp<=1k,-0.0418,2
32,n<=4,sr<=40%,kvB<=16k,kp<=2k,-0.0275,2
32,n<=4,sr<=40%,kvB<=16k,kp<=4k,-0.0386,2
32,n<=4,sr<=40%,kvB<=16k,kp<=512,-0.034,2
32,n<=4,sr<=40%,kvB<=16k,kp<=8k,-0.0296,2
32,n<=4,sr<=40%,kvB<=16k,kp=0,-0.0346,2
32,n<=4,sr<=40%,kvB<=1k,kp<=1k,0.2157,2
32,n<=4,sr<=40%,kvB<=1k,kp<=2k,0.2485,2
32,n<=4,sr<=40%,kvB<=1k,kp<=4k,0.158,2
32,n<=4,sr<=40%,kvB<=1k,kp<=512,0.2606,2
32,n<=4,sr<=40%,kvB<=1k,kp<=8k,0.2085,2
32,n<=4,sr<=40%,kvB<=1k,kp=0,0.2458,2
32,n<=4,sr<=40%,kvB<=4k,kp<=1k,-0.0415,2
32,n<=4,sr<=40%,kvB<=4k,kp<=2k,-0.0425,2
32,n<=4,sr<=40%,kvB<=4k,kp<=4k,-0.0711,2
32,n<=4,sr<=40%,kvB<=4k,kp<=512,-0.0392,2
32,n<=4,sr<=40%,kvB<=4k,kp<=8k,-0.0386,2
32,n<=4,sr<=40%,kvB<=4k,kp=0,-0.0563,2
32,n<=4,sr<=70%,kvB<=16k,kp<=1k,-0.0294,2
32,n<=4,sr<=70%,kvB<=16k,kp<=2k,-0.0262,2
32,n<=4,sr<=70%,kvB<=16k,kp<=4k,-0.0344,2
32,n<=4,sr<=70%,kvB<=16k,kp<=512,-0.0236,2
32,n<=4,sr<=70%,kvB<=16k,kp<=8k,-0.0219,2
32,n<=4,sr<=70%,kvB<=16k,kp=0,-0.0288,2
32,n<=4,sr<=70%,kvB<=1k,kp<=1k,0.0415,2
32,n<=4,sr<=70%,kvB<=1k,kp<=2k,0.0069,2
32,n<=4,sr<=70%,kvB<=1k,kp<=4k,0.0322,2
32,n<=4,sr<=70%,kvB<=1k,kp<=512,0.0775,2
32,n<=4,sr<=70%,kvB<=1k,kp<=8k,0.0363,2
32,n<=4,sr<=70%,kvB<=1k,kp=0,0.0314,2
32,n<=4,sr<=70%,kvB<=4k,kp<=1k,-0.081,2
32,n<=4,sr<=70%,kvB<=4k,kp<=2k,-0.0969,2
32,n<=4,sr<=70%,kvB<=4k,kp<=4k,-0.1444,2
32,n<=4,sr<=70%,kvB<=4k,kp<=512,-0.1586,2
32,n<=4,sr<=70%,kvB<=4k,kp<=8k,-0.1425,2
32,n<=4,sr<=70%,kvB<=4k,kp=0,-0.1233,2
32,n<=4,sr>70%,kvB<=16k,kp<=1k,-0.0584,2
32,n<=4,sr>70%,kvB<=16k,kp<=2k,-0.0325,2
32,n<=4,sr>70%,kvB<=16k,kp<=4k,-0.0545,2
32,n<=4,sr>70%,kvB<=16k,kp<=512,-0.0393,2
32,n<=4,sr>70%,kvB<=16k,kp<=8k,-0.0361,2
32,n<=4,sr>70%,kvB<=16k,kp=0,-0.0783,2
32,n<=4,sr>70%,kvB<=1k,kp<=1k,-0.0393,2
32,n<=4,sr>70%,kvB<=1k,kp<=2k,0.1015,2
32,n<=4,sr>70%,kvB<=1k,kp<=4k,-0.0479,2
32,n<=4,sr>70%,kvB<=1k,kp<=512,0.012,2
32,n<=4,sr>70%,kvB<=1k,kp<=8k,0.0015,2
32,n<=4,sr>70%,kvB<=1k,kp=0,0.0032,2
32,n<=4,sr>70%,kvB<=4k,kp<=1k,-0.089,2
32,n<=4,sr>70%,kvB<=4k,kp<=2k,-0.0416,2
32,n<=4,sr>70%,kvB<=4k,kp<=4k,-0.0659,2
32,n<=4,sr>70%,kvB<=4k,kp<=512,-0.0995,2
32,n<=4,sr>70%,kvB<=4k,kp<=8k,-0.028,2
32,n<=4,sr>70%,kvB<=4k,kp=0,-0.1754,2
32,n<=64,sr<=15%,kvB<=16k,kp<=1k,0.3309,4
32,n<=64,sr<=15%,kvB<=16k,kp<=2k,0.3424,4
32,n<=64,sr<=15%,kvB<=16k,kp<=4k,0.2994,4
32,n<=64,sr<=15%,kvB<=16k,kp<=512,0.3245,4
32,n<=64,sr<=15%,kvB<=16k,kp<=8k,0.2932,4
32,n<=64,sr<=15%,kvB<=16k,kp=0,0.3086,4
32,n<=64,sr<=15%,kvB<=1k,kp<=1k,0.3114,4
32,n<=64,sr<=15%,kvB<=1k,kp<=2k,0.352,4
32,n<=64,sr<=15%,kvB<=1k,kp<=4k,0.3377,4
32,n<=64,sr<=15%,kvB<=1k,kp<=512,0.3235,4
32,n<=64,sr<=15%,kvB<=1k,kp<=8k,0.3319,4
32,n<=64,sr<=15%,kvB<=1k,kp=0,0.3454,4
32,n<=64,sr<=15%,kvB<=4k,kp<=1k,0.2873,4
32,n<=64,sr<=15%,kvB<=4k,kp<=2k,0.2788,4
32,n<=64,sr<=15%,kvB<=4k,kp<=4k,0.3054,4
32,n<=64,sr<=15%,kvB<=4k,kp<=512,0.3007,4
32,n<=64,sr<=15%,kvB<=4k,kp<=8k,0.3186,4
32,n<=64,sr<=15%,kvB<=4k,kp=0,0.2902,4
32,n<=64,sr<=40%,kvB<=16k,kp<=1k,0.3209,2
32,n<=64,sr<=40%,kvB<=16k,kp<=2k,0.3189,2
32,n<=64,sr<=40%,kvB<=16k,kp<=4k,0.3209,2
32,n<=64,sr<=40%,kvB<=16k,kp<=512,0.3173,2
32,n<=64,sr<=40%,kvB<=16k,kp<=8k,0.3177,2
32,n<=64,sr<=40%,kvB<=16k,kp=0,0.318,2
32,n<=64,sr<=40%,kvB<=1k,kp<=1k,0.305,2
32,n<=64,sr<=40%,kvB<=1k,kp<=2k,0.317,2
32,n<=64,sr<=40%,kvB<=1k,kp<=4k,0.3035,2
32,n<=64,sr<=40%,kvB<=1k,kp<=512,0.3091,2
32,n<=64,sr<=40%,kvB<=1k,kp<=8k,0.302,2
32,n<=64,sr<=40%,kvB<=1k,kp=0,0.306,2
32,n<=64,sr<=40%,kvB<=4k,kp<=1k,0.3179,2
32,n<=64,sr<=40%,kvB<=4k,kp<=2k,0.3164,2
32,n<=64,sr<=40%,kvB<=4k,kp<=4k,0.3133,2
32,n<=64,sr<=40%,kvB<=4k,kp<=512,0.3109,2
32,n<=64,sr<=40%,kvB<=4k,kp<=8k,0.3106,2
32,n<=64,sr<=40%,kvB<=4k,kp=0,0.3144,2
32,n<=64,sr<=5%,kvB<=16k,kp<=1k,0.2796,6
32,n<=64,sr<=5%,kvB<=16k,kp<=2k,0.2765,6
32,n<=64,sr<=5%,kvB<=16k,kp<=4k,0.2697,6
32,n<=64,sr<=5%,kvB<=16k,kp<=512,0.2714,6
32,n<=64,sr<=5%,kvB<=16k,kp<=8k,0.2923,6
32,n<=64,sr<=5%,kvB<=16k,kp=0,0.2912,6
32,n<=64,sr<=5%,kvB<=1k,kp<=1k,0.3026,6
32,n<=64,sr<=5%,kvB<=1k,kp<=2k,0.2801,6
32,n<=64,sr<=5%,kvB<=1k,kp<=4k,0.3107,6
32,n<=64,sr<=5%,kvB<=1k,kp<=512,0.2674,6
32,n<=64,sr<=5%,kvB<=1k,kp<=8k,0.3052,6
32,n<=64,sr<=5%,kvB<=1k,kp=0,0.2763,6
32,n<=64,sr<=5%,kvB<=4k,kp<=1k,0.2733,6
32,n<=64,sr<=5%,kvB<=4k,kp<=2k,0.2636,6
32,n<=64,sr<=5%,kvB<=4k,kp<=4k,0.3039,6
32,n<=64,sr<=5%,kvB<=4k,kp<=512,0.2718,6
32,n<=64,sr<=5%,kvB<=4k,kp<=8k,0.2869,6
32,n<=64,sr<=5%,kvB<=4k,kp=0,0.2782,6
32,n<=64,sr<=70%,kvB<=16k,kp<=1k,0.3325,2
32,n<=64,sr<=70%,kvB<=16k,kp<=2k,0.3251,2
32,n<=64,sr<=70%,kvB<=16k,kp<=4k,0.3315,2
32,n<=64,sr<=70%,kvB<=16k,kp<=512,0.3321,2
32,n<=64,sr<=70%,kvB<=16k,kp<=8k,0.326,2
32,n<=64,sr<=70%,kvB<=16k,kp=0,0.3356,2
32,n<=64,sr<=70%,kvB<=1k,kp<=1k,0.3853,2
32,n<=64,sr<=70%,kvB<=1k,kp<=2k,0.379,2
32,n<=64,sr<=70%,kvB<=1k,kp<=4k,0.3979,2
32,n<=64,sr<=70%,kvB<=1k,kp<=512,0.3872,2
32,n<=64,sr<=70%,kvB<=1k,kp<=8k,0.4048,2
32,n<=64,sr<=70%,kvB<=1k,kp=0,0.4024,2
32,n<=64,sr<=70%,kvB<=4k,kp<=1k,0.344,2
32,n<=64,sr<=70%,kvB<=4k,kp<=2k,0.3404,2
32,n<=64,sr<=70%,kvB<=4k,kp<=4k,0.3426,2
32,n<=64,sr<=70%,kvB<=4k,kp<=512,0.3451,2
32,n<=64,sr<=70%,kvB<=4k,kp<=8k,0.3497,2
32,n<=64,sr<=70%,kvB<=4k,kp=0,0.3348,2
32,n<=64,sr>70%,kvB<=16k,kp<=1k,0.955,4
32,n<=64,sr>70%,kvB<=16k,kp<=2k,0.9572,4
32,n<=64,sr>70%,kvB<=16k,kp<=4k,0.9494,4
32,n<=64,sr>70%,kvB<=16k,kp<=512,0.9537,4
32,n<=64,sr>70%,kvB<=16k,kp<=8k,0.9491,4
32,n<=64,sr>70%,kvB<=16k,kp=0,0.9472,4
32,n<=64,sr>70%,kvB<=1k,kp<=1k,0.8855,4
32,n<=64,sr>70%,kvB<=1k,kp<=2k,0.8537,4
32,n<=64,sr>70%,kvB<=1k,kp<=4k,0.9027,4
32,n<=64,sr>70%,kvB<=1k,kp<=512,0.8878,4
32,n<=64,sr>70%,kvB<=1k,kp<=8k,0.8816,4
32,n<=64,sr>70%,kvB<=1k,kp=0,0.8886,4
32,n<=64,sr>70%,kvB<=4k,kp<=1k,0.9205,4
32,n<=64,sr>70%,kvB<=4k,kp<=2k,0.9381,4
32,n<=64,sr>70%,kvB<=4k,kp<=4k,0.9421,4
32,n<=64,sr>70%,kvB<=4k,kp<=512,0.9411,4
32,n<=64,sr>70%,kvB<=4k,kp<=8k,0.9442,4
32,n<=64,sr>70%,kvB<=4k,kp=0,0.9139,4
32,n<=8,sr<=15%,kvB<=16k,kp<=1k,-0.0194,2
32,n<=8,sr<=15%,kvB<=16k,kp<=2k,-0.0149,2
32,n<=8,sr<=15%,kvB<=16k,kp<=4k,-0.0177,2
32,n<=8,sr<=15%,kvB<=16k,kp<=512,-0.0172,2
32,n<=8,sr<=15%,kvB<=16k,kp<=8k,-0.0185,2
32,n<=8,sr<=15%,kvB<=16k,kp=0,-0.0231,2
32,n<=8,sr<=15%,kvB<=1k,kp<=1k,0.0753,2
32,n<=8,sr<=15%,kvB<=1k,kp<=2k,0.0942,2
32,n<=8,sr<=15%,kvB<=1k,kp<=4k,0.0799,2
32,n<=8,sr<=15%,kvB<=1k,kp<=512,0.1128,2
32,n<=8,sr<=15%,kvB<=1k,kp<=8k,0.0757,2
32,n<=8,sr<=15%,kvB<=1k,kp=0,0.1071,2
32,n<=8,sr<=15%,kvB<=4k,kp<=1k,-0.024,2
32,n<=8,sr<=15%,kvB<=4k,kp<=2k,-0.0277,2
32,n<=8,sr<=15%,kvB<=4k,kp<=4k,-0.0179,2
32,n<=8,sr<=15%,kvB<=4k,kp<=512,-0.0198,2
32,n<=8,sr<=15%,kvB<=4k,kp<=8k,-0.0344,2
32,n<=8,sr<=15%,kvB<=4k,kp=0,-0.0308,2
32,n<=8,sr<=40%,kvB<=16k,kp<=1k,0.0303,4
32,n<=8,sr<=40%,kvB<=16k,kp<=2k,0.026,4
32,n<=8,sr<=40%,kvB<=16k,kp<=4k,0.0259,4
32,n<=8,sr<=40%,kvB<=16k,kp<=512,0.0285,4
32,n<=8,sr<=40%,kvB<=16k,kp<=8k,0.024,4
32,n<=8,sr<=40%,kvB<=16k,kp=0,0.0309,4
32,n<=8,sr<=40%,kvB<=1k,kp<=1k,0.1165,4
32,n<=8,sr<=40%,kvB<=1k,kp<=2k,0.1121,4
32,n<=8,sr<=40%,kvB<=1k,kp<=4k,0.1106,4
32,n<=8,sr<=40%,kvB<=1k,kp<=512,0.1036,4
32,n<=8,sr<=40%,kvB<=1k,kp<=8k,0.0928,4
32,n<=8,sr<=40%,kvB<=1k,kp=0,0.1486,4
32,n<=8,sr<=40%,kvB<=4k,kp<=1k,0.0107,4
32,n<=8,sr<=40%,kvB<=4k,kp<=2k,0.0128,4
32,n<=8,sr<=40%,kvB<=4k,kp<=4k,-0.0035,4
32,n<=8,sr<=40%,kvB<=4k,kp<=512,0.0175,4
32,n<=8,sr<=40%,kvB<=4k,kp<=8k,0.0156,4
32,n<=8,sr<=40%,kvB<=4k,kp=0,0.0131,4
32,n<=8,sr<=70%,kvB<=16k,kp<=1k,0.0913,2
32,n<=8,sr<=70%,kvB<=16k,kp<=2k,0.0941,2
32,n<=8,sr<=70%,kvB<=16k,kp<=4k,0.1029,2
32,n<=8,sr<=70%,kvB<=16k,kp<=512,0.1024,2
32,n<=8,sr<=70%,kvB<=16k,kp<=8k,0.0981,2
32,n<=8,sr<=70%,kvB<=16k,kp=0,0.0958,2
32,n<=8,sr<=70%,kvB<=1k,kp<=1k,0.0277,2
32,n<=8,sr<=70%,kvB<=1k,kp<=2k,0.0086,2
32,n<=8,sr<=70%,kvB<=1k,kp<=4k,0.0483,2
32,n<=8,sr<=70%,kvB<=1k,kp<=512,0.0018,2
32,n<=8,sr<=70%,kvB<=1k,kp<=8k,-0.0143,2
32,n<=8,sr<=70%,kvB<=1k,kp=0,0.0339,2
32,n<=8,sr<=70%,kvB<=4k,kp<=1k,0.0624,2
32,n<=8,sr<=70%,kvB<=4k,kp<=2k,0.0502,2
32,n<=8,sr<=70%,kvB<=4k,kp<=4k,0.0727,2
32,n<=8,sr<=70%,kvB<=4k,kp<=512,0.0718,2
32,n<=8,sr<=70%,kvB<=4k,kp<=8k,0.0651,2
32,n<=8,sr<=70%,kvB<=4k,kp=0,0.0704,2
32,n<=8,sr>70%,kvB<=16k,kp<=1k,0.1251,4
32,n<=8,sr>70%,kvB<=16k,kp<=2k,0.1488,4
32,n<=8,sr>70%,kvB<=16k,kp<=4k,0.1323,4
32,n<=8,sr>70%,kvB<=16k,kp<=512,0.1369,4
32,n<=8,sr>70%,kvB<=16k,kp<=8k,0.1197,4
32,n<=8,sr>70%,kvB<=16k,kp=0,0.1378,4
32,n<=8,sr>70%,kvB<=1k,kp<=1k,0.1994,4
32,n<=8,sr>70%,kvB<=1k,kp<=2k,0.1471,4
32,n<=8,sr>70%,kvB<=1k,kp<=4k,0.112,4
32,n<=8,sr>70%,kvB<=1k,kp<=512,0.2208,4
32,n<=8,sr>70%,kvB<=1k,kp<=8k,0.1478,4
32,n<=8,sr>70%,kvB<=1k,kp=0,0.2132,4
32,n<=8,sr>70%,kvB<=4k,kp<=1k,0.0251,4
32,n<=8,sr>70%,kvB<=4k,kp<=2k,0.0427,4
32,n<=8,sr>70%,kvB<=4k,kp<=4k,0.0612,4
32,n<=8,sr>70%,kvB<=4k,kp<=512,0.0534,4
32,n<=8,sr>70%,kvB<=4k,kp<=8k,0.0519,4
32,n<=8,sr>70%,kvB<=4k,kp=0,0.0511,4
64,n<=128,sr<=15%,kvB<=16k,kp<=1k,0.0788,4
64,n<=128,sr<=15%,kvB<=16k,kp<=2k,0.0788,4
64,n<=128,sr<=15%,kvB<=16k,kp<=4k,0.0792,4
64,n<=128,sr<=15%,kvB<=16k,kp<=512,0.079,4
64,n<=128,sr<=15%,kvB<=16k,kp<=8k,0.079,4
64,n<=128,sr<=15%,kvB<=16k,kp=0,0.0788,4
64,n<=128,sr<=15%,kvB<=1k,kp<=1k,0.0987,4
64,n<=128,sr<=15%,kvB<=1k,kp<=2k,0.0967,4
64,n<=128,sr<=15%,kvB<=1k,kp<=4k,0.0958,4
64,n<=128,sr<=15%,kvB<=1k,kp<=512,0.0949,4
64,n<=128,sr<=15%,kvB<=1k,kp<=8k,0.0937,4
64,n<=128,sr<=15%,kvB<=1k,kp=0,0.093,4
64,n<=128,sr<=15%,kvB<=4k,kp<=1k,0.0786,4
64,n<=128,sr<=15%,kvB<=4k,kp<=2k,0.0787,4
64,n<=128,sr<=15%,kvB<=4k,kp<=4k,0.0796,4
64,n<=128,sr<=15%,kvB<=4k,kp<=512,0.078,4
64,n<=128,sr<=15%,kvB<=4k,kp<=8k,0.0804,4
64,n<=128,sr<=15%,kvB<=4k,kp=0,0.0794,4
64,n<=128,sr<=40%,kvB<=16k,kp<=1k,0.0752,2
64,n<=128,sr<=40%,kvB<=16k,kp<=2k,0.0755,2
64,n<=128,sr<=40%,kvB<=16k,kp<=4k,0.0772,2
64,n<=128,sr<=40%,kvB<=16k,kp<=512,0.0763,2
64,n<=128,sr<=40%,kvB<=16k,kp<=8k,0.0758,2
64,n<=128,sr<=40%,kvB<=16k,kp=0,0.0754,2
64,n<=128,sr<=40%,kvB<=1k,kp<=1k,0.0665,2
64,n<=128,sr<=40%,kvB<=1k,kp<=2k,0.0685,2
64,n<=128,sr<=40%,kvB<=1k,kp<=4k,0.0621,2
64,n<=128,sr<=40%,kvB<=1k,kp<=512,0.0567,2
64,n<=128,sr<=40%,kvB<=1k,kp<=8k,0.0567,2
64,n<=128,sr<=40%,kvB<=1k,kp=0,0.061,2
64,n<=128,sr<=40%,kvB<=4k,kp<=1k,0.0682,2
64,n<=128,sr<=40%,kvB<=4k,kp<=2k,0.0676,2
64,n<=128,sr<=40%,kvB<=4k,kp<=4k,0.0677,2
64,n<=128,sr<=40%,kvB<=4k,kp<=512,0.0675,2
64,n<=128,sr<=40%,kvB<=4k,kp<=8k,0.0678,2
64,n<=128,sr<=40%,kvB<=4k,kp=0,0.0681,2
64,n<=128,sr<=5%,kvB<=16k,kp<=1k,0.0927,8
64,n<=128,sr<=5%,kvB<=16k,kp<=2k,0.0928,8
64,n<=128,sr<=5%,kvB<=16k,kp<=4k,0.0932,8
64,n<=128,sr<=5%,kvB<=16k,kp<=512,0.0934,8
64,n<=128,sr<=5%,kvB<=16k,kp<=8k,0.0933,8
64,n<=128,sr<=5%,kvB<=16k,kp=0,0.0929,8
64,n<=128,sr<=5%,kvB<=1k,kp<=1k,0.0962,8
64,n<=128,sr<=5%,kvB<=1k,kp<=2k,0.0976,8
64,n<=128,sr<=5%,kvB<=1k,kp<=4k,0.0962,8
64,n<=128,sr<=5%,kvB<=1k,kp<=512,0.0963,8
64,n<=128,sr<=5%,kvB<=1k,kp<=8k,0.0974,8
64,n<=128,sr<=5%,kvB<=1k,kp=0,0.0999,8
64,n<=128,sr<=5%,kvB<=4k,kp<=1k,0.0939,8
64,n<=128,sr<=5%,kvB<=4k,kp<=2k,0.0933,8
64,n<=128,sr<=5%,kvB<=4k,kp<=4k,0.094,8
64,n<=128,sr<=5%,kvB<=4k,kp<=512,0.0942,8
64,n<=128,sr<=5%,kvB<=4k,kp<=8k,0.094,8
64,n<=128,sr<=5%,kvB<=4k,kp=0,0.0943,8
64,n<=128,sr<=70%,kvB<=16k,kp<=1k,-0.001,2
64,n<=128,sr<=70%,kvB<=16k,kp<=2k,0.0013,2
64,n<=128,sr<=70%,kvB<=16k,kp<=4k,-0.0006,2
64,n<=128,sr<=70%,kvB<=16k,kp<=512,-0.0011,2
64,n<=128,sr<=70%,kvB<=16k,kp<=8k,-0.0015,2
64,n<=128,sr<=70%,kvB<=16k,kp=0,-0.0019,2
64,n<=128,sr<=70%,kvB<=1k,kp<=1k,-0.0035,2
64,n<=128,sr<=70%,kvB<=1k,kp<=2k,-0.0138,2
64,n<=128,sr<=70%,kvB<=1k,kp<=4k,0.0017,2
64,n<=128,sr<=70%,kvB<=1k,kp<=512,-0.0117,2
64,n<=128,sr<=70%,kvB<=1k,kp<=8k,-0.0122,2
64,n<=128,sr<=70%,kvB<=1k,kp=0,-0.0042,2
64,n<=128,sr<=70%,kvB<=4k,kp<=1k,-0.0012,2
64,n<=128,sr<=70%,kvB<=4k,kp<=2k,-0.0055,2
64,n<=128,sr<=70%,kvB<=4k,kp<=4k,-0.005,2
64,n<=128,sr<=70%,kvB<=4k,kp<=512,-0.0014,2
64,n<=128,sr<=70%,kvB<=4k,kp<=8k,0.0005,2
64,n<=128,sr<=70%,kvB<=4k,kp=0,-0.0008,2
64,n<=128,sr>70%,kvB<=16k,kp<=1k,-0.0187,4
64,n<=128,sr>70%,kvB<=16k,kp<=2k,-0.0239,4
64,n<=128,sr>70%,kvB<=16k,kp<=4k,0.0086,4
64,n<=128,sr>70%,kvB<=16k,kp<=512,-0.0269,4
64,n<=128,sr>70%,kvB<=16k,kp<=8k,-0.0226,4
64,n<=128,sr>70%,kvB<=16k,kp=0,-0.0232,4
64,n<=128,sr>70%,kvB<=1k,kp<=1k,0.0164,4
64,n<=128,sr>70%,kvB<=1k,kp<=2k,0.0157,4
64,n<=128,sr>70%,kvB<=1k,kp<=4k,-0.0014,4
64,n<=128,sr>70%,kvB<=1k,kp<=512,0.0061,4
64,n<=128,sr>70%,kvB<=1k,kp<=8k,0.002,4
64,n<=128,sr>70%,kvB<=1k,kp=0,0.0168,4
64,n<=128,sr>70%,kvB<=4k,kp<=1k,-0.025,4
64,n<=128,sr>70%,kvB<=4k,kp<=2k,-0.0203,4
64,n<=128,sr>70%,kvB<=4k,kp<=4k,-0.0219,4
64,n<=128,sr>70%,kvB<=4k,kp<=512,-0.0191,4
64,n<=128,sr>70%,kvB<=4k,kp<=8k,-0.0251,4
64,n<=128,sr>70%,kvB<=4k,kp=0,-0.022,4
64,n<=16,sr<=15%,kvB<=16k,kp<=1k,0.2385,4
64,n<=16,sr<=15%,kvB<=16k,kp<=2k,0.2415,4
64,n<=16,sr<=15%,kvB<=16k,kp<=4k,0.2408,4
64,n<=16,sr<=15%,kvB<=16k,kp<=512,0.2413,4
64,n<=16,sr<=15%,kvB<=16k,kp<=8k,0.2401,4
64,n<=16,sr<=15%,kvB<=16k,kp=0,0.2427,4
64,n<=16,sr<=15%,kvB<=1k,kp<=1k,0.1711,4
64,n<=16,sr<=15%,kvB<=1k,kp<=2k,0.154,4
64,n<=16,sr<=15%,kvB<=1k,kp<=4k,0.154,4
64,n<=16,sr<=15%,kvB<=1k,kp<=512,0.1726,4
64,n<=16,sr<=15%,kvB<=1k,kp<=8k,0.166,4
64,n<=16,sr<=15%,kvB<=1k,kp=0,0.1935,4
64,n<=16,sr<=15%,kvB<=4k,kp<=1k,0.2231,4
64,n<=16,sr<=15%,kvB<=4k,kp<=2k,0.2279,4
64,n<=16,sr<=15%,kvB<=4k,kp<=4k,0.2162,4
64,n<=16,sr<=15%,kvB<=4k,kp<=512,0.2235,4
64,n<=16,sr<=15%,kvB<=4k,kp<=8k,0.2201,4
64,n<=16,sr<=15%,kvB<=4k,kp=0,0.2328,4
64,n<=16,sr<=40%,kvB<=16k,kp<=1k,0.1339,4
64,n<=16,sr<=40%,kvB<=16k,kp<=2k,0.1345,4
64,n<=16,sr<=40%,kvB<=16k,kp<=4k,0.1333,4
64,n<=16,sr<=40%,kvB<=16k,kp<=512,0.133,4
64,n<=16,sr<=40%,kvB<=16k,kp<=8k,0.1315,4
64,n<=16,sr<=40%,kvB<=16k,kp=0,0.1348,4
64,n<=16,sr<=40%,kvB<=1k,kp<=1k,0.0785,4
64,n<=16,sr<=40%,kvB<=1k,kp<=2k,0.0692,4
64,n<=16,sr<=40%,kvB<=1k,kp<=4k,0.0713,4
64,n<=16,sr<=40%,kvB<=1k,kp<=512,0.0808,4
64,n<=16,sr<=40%,kvB<=1k,kp<=8k,0.0627,4
64,n<=16,sr<=40%,kvB<=1k,kp=0,0.1001,4
64,n<=16,sr<=40%,kvB<=4k,kp<=1k,0.1259,4
64,n<=16,sr<=40%,kvB<=4k,kp<=2k,0.1242,4
64,n<=16,sr<=40%,kvB<=4k,kp<=4k,0.123,4
64,n<=16,sr<=40%,kvB<=4k,kp<=512,0.1235,4
64,n<=16,sr<=40%,kvB<=4k,kp<=8k,0.119,4
64,n<=16,sr<=40%,kvB<=4k,kp=0,0.1393,4
64,n<=16,sr<=70%,kvB<=16k,kp<=1k,0.1049,2
64,n<=16,sr<=70%,kvB<=16k,kp<=2k,0.1041,2
64,n<=16,sr<=70%,kvB<=16k,kp<=4k,0.1105,2
64,n<=16,sr<=70%,kvB<=16k,kp<=512,0.1048,2
64,n<=16,sr<=70%,kvB<=16k,kp<=8k,0.1162,2
64,n<=16,sr<=70%,kvB<=16k,kp=0,0.1062,2
64,n<=16,sr<=70%,kvB<=1k,kp<=1k,0.0551,2
64,n<=16,sr<=70%,kvB<=1k,kp<=2k,0.0138,2
64,n<=16,sr<=70%,kvB<=1k,kp<=4k,0.0285,2
64,n<=16,sr<=70%,kvB<=1k,kp<=512,0.0194,2
64,n<=16,sr<=70%,kvB<=1k,kp<=8k,0.0335,2
64,n<=16,sr<=70%,kvB<=1k,kp=0,0.0324,2
64,n<=16,sr<=70%,kvB<=4k,kp<=1k,0.1162,2
64,n<=16,sr<=70%,kvB<=4k,kp<=2k,0.1054,2
64,n<=16,sr<=70%,kvB<=4k,kp<=4k,0.1013,2
64,n<=16,sr<=70%,kvB<=4k,kp<=512,0.1098,2
64,n<=16,sr<=70%,kvB<=4k,kp<=8k,0.0845,2
64,n<=16,sr<=70%,kvB<=4k,kp=0,0.1099,2
64,n<=16,sr>70%,kvB<=16k,kp<=1k,0.9197,4
64,n<=16,sr>70%,kvB<=16k,kp<=2k,0.9492,4
64,n<=16,sr>70%,kvB<=16k,kp<=4k,0.9436,4
64,n<=16,sr>70%,kvB<=16k,kp<=512,0.9513,4
64,n<=16,sr>70%,kvB<=16k,kp<=8k,0.9316,4
64,n<=16,sr>70%,kvB<=16k,kp=0,0.9447,4
64,n<=16,sr>70%,kvB<=1k,kp<=1k,0.8401,4
64,n<=16,sr>70%,kvB<=1k,kp<=2k,0.9036,4
64,n<=16,sr>70%,kvB<=1k,kp<=4k,0.7924,4
64,n<=16,sr>70%,kvB<=1k,kp<=512,0.9219,4
64,n<=16,sr>70%,kvB<=1k,kp<=8k,0.8536,4
64,n<=16,sr>70%,kvB<=1k,kp=0,1.0001,4
64,n<=16,sr>70%,kvB<=4k,kp<=1k,0.9381,4
64,n<=16,sr>70%,kvB<=4k,kp<=2k,0.9429,4
64,n<=16,sr>70%,kvB<=4k,kp<=4k,0.9688,4
64,n<=16,sr>70%,kvB<=4k,kp<=512,0.9677,4
64,n<=16,sr>70%,kvB<=4k,kp<=8k,0.9613,4
64,n<=16,sr>70%,kvB<=4k,kp=0,1.0197,4
64,n<=2,sr<=70%,kvB<=16k,kp<=1k,0.0014,2
64,n<=2,sr<=70%,kvB<=16k,kp<=2k,0.0006,2
64,n<=2,sr<=70%,kvB<=16k,kp<=4k,0.0055,2
64,n<=2,sr<=70%,kvB<=16k,kp<=512,0.0014,2
64,n<=2,sr<=70%,kvB<=16k,kp<=8k,-0.0113,2
64,n<=2,sr<=70%,kvB<=16k,kp=0,0.0139,2
64,n<=2,sr<=70%,kvB<=1k,kp<=1k,0.0362,2
64,n<=2,sr<=70%,kvB<=1k,kp<=2k,0.0484,2
64,n<=2,sr<=70%,kvB<=1k,kp<=4k,0.0476,2
64,n<=2,sr<=70%,kvB<=1k,kp<=512,0.0695,2
64,n<=2,sr<=70%,kvB<=1k,kp<=8k,-0.0746,2
64,n<=2,sr<=70%,kvB<=1k,kp=0,0.0771,2
64,n<=2,sr<=70%,kvB<=4k,kp<=1k,-0.0494,2
64,n<=2,sr<=70%,kvB<=4k,kp<=2k,-0.0046,2
64,n<=2,sr<=70%,kvB<=4k,kp<=4k,-0.0039,2
64,n<=2,sr<=70%,kvB<=4k,kp<=512,-0.0861,2
64,n<=2,sr<=70%,kvB<=4k,kp<=8k,-0.008,2
64,n<=2,sr<=70%,kvB<=4k,kp=0,0.0122,2
64,n<=32,sr<=15%,kvB<=16k,kp<=1k,0.4541,6
64,n<=32,sr<=15%,kvB<=16k,kp<=2k,0.4538,6
64,n<=32,sr<=15%,kvB<=16k,kp<=4k,0.4552,6
64,n<=32,sr<=15%,kvB<=16k,kp<=512,0.4525,6
64,n<=32,sr<=15%,kvB<=16k,kp<=8k,0.4549,6
64,n<=32,sr<=15%,kvB<=16k,kp=0,0.454,6
64,n<=32,sr<=15%,kvB<=1k,kp<=1k,0.4614,6
64,n<=32,sr<=15%,kvB<=1k,kp<=2k,0.4574,6
64,n<=32,sr<=15%,kvB<=1k,kp<=4k,0.4643,6
64,n<=32,sr<=15%,kvB<=1k,kp<=512,0.4562,6
64,n<=32,sr<=15%,kvB<=1k,kp<=8k,0.4695,6
64,n<=32,sr<=15%,kvB<=1k,kp=0,0.4505,6
64,n<=32,sr<=15%,kvB<=4k,kp<=1k,0.452,6
64,n<=32,sr<=15%,kvB<=4k,kp<=2k,0.4511,6
64,n<=32,sr<=15%,kvB<=4k,kp<=4k,0.4564,6
64,n<=32,sr<=15%,kvB<=4k,kp<=512,0.4494,6
64,n<=32,sr<=15%,kvB<=4k,kp<=8k,0.4577,6
64,n<=32,sr<=15%,kvB<=4k,kp=0,0.4456,6
64,n<=32,sr<=40%,kvB<=16k,kp<=1k,0.9385,2
64,n<=32,sr<=40%,kvB<=16k,kp<=2k,0.9415,2
64,n<=32,sr<=40%,kvB<=16k,kp<=4k,0.9369,2
64,n<=32,sr<=40%,kvB<=16k,kp<=512,0.9371,2
64,n<=32,sr<=40%,kvB<=16k,kp<=8k,0.9391,2
64,n<=32,sr<=40%,kvB<=16k,kp=0,0.9393,2
64,n<=32,sr<=40%,kvB<=1k,kp<=1k,0.9014,2
64,n<=32,sr<=40%,kvB<=1k,kp<=2k,0.8937,2
64,n<=32,sr<=40%,kvB<=1k,kp<=4k,0.9096,2
64,n<=32,sr<=40%,kvB<=1k,kp<=512,0.9031,2
64,n<=32,sr<=40%,kvB<=1k,kp<=8k,0.905,2
64,n<=32,sr<=40%,kvB<=1k,kp=0,0.8937,2
64,n<=32,sr<=40%,kvB<=4k,kp<=1k,0.9255,2
64,n<=32,sr<=40%,kvB<=4k,kp<=2k,0.9268,2
64,n<=32,sr<=40%,kvB<=4k,kp<=4k,0.9271,2
64,n<=32,sr<=40%,kvB<=4k,kp<=512,0.926,2
64,n<=32,sr<=40%,kvB<=4k,kp<=8k,0.9367,2
64,n<=32,sr<=40%,kvB<=4k,kp=0,0.9275,2
64,n<=32,sr<=5%,kvB<=16k,kp<=1k,0.071,2
64,n<=32,sr<=5%,kvB<=16k,kp<=2k,0.0719,2
64,n<=32,sr<=5%,kvB<=16k,kp<=4k,0.0736,2
64,n<=32,sr<=5%,kvB<=16k,kp<=512,0.0709,2
64,n<=32,sr<=5%,kvB<=16k,kp<=8k,0.0727,2
64,n<=32,sr<=5%,kvB<=16k,kp=0,0.0708,2
64,n<=32,sr<=5%,kvB<=1k,kp<=1k,0.1154,2
64,n<=32,sr<=5%,kvB<=1k,kp<=2k,0.118,2
64,n<=32,sr<=5%,kvB<=1k,kp<=4k,0.1362,2
64,n<=32,sr<=5%,kvB<=1k,kp<=512,0.1252,2
64,n<=32,sr<=5%,kvB<=1k,kp<=8k,0.1403,2
64,n<=32,sr<=5%,kvB<=1k,kp=0,0.1173,2
64,n<=32,sr<=5%,kvB<=4k,kp<=1k,0.0756,2
64,n<=32,sr<=5%,kvB<=4k,kp<=2k,0.0804,2
64,n<=32,sr<=5%,kvB<=4k,kp<=4k,0.08,2
64,n<=32,sr<=5%,kvB<=4k,kp<=512,0.0718,2
64,n<=32,sr<=5%,kvB<=4k,kp<=8k,0.0859,2
64,n<=32,sr<=5%,kvB<=4k,kp=0,0.0703,2
64,n<=32,sr<=70%,kvB<=16k,kp<=1k,0.9608,2
64,n<=32,sr<=70%,kvB<=16k,kp<=2k,0.9494,2
64,n<=32,sr<=70%,kvB<=16k,kp<=4k,0.9511,2
64,n<=32,sr<=70%,kvB<=16k,kp<=512,0.9519,2
64,n<=32,sr<=70%,kvB<=16k,kp<=8k,0.9528,2
64,n<=32,sr<=70%,kvB<=16k,kp=0,0.9497,2
64,n<=32,sr<=70%,kvB<=1k,kp<=1k,0.9124,2
64,n<=32,sr<=70%,kvB<=1k,kp<=2k,0.9034,2
64,n<=32,sr<=70%,kvB<=1k,kp<=4k,0.8982,2
64,n<=32,sr<=70%,kvB<=1k,kp<=512,0.9294,2
64,n<=32,sr<=70%,kvB<=1k,kp<=8k,0.9245,2
64,n<=32,sr<=70%,kvB<=1k,kp=0,0.9045,2
64,n<=32,sr<=70%,kvB<=4k,kp<=1k,0.9488,2
64,n<=32,sr<=70%,kvB<=4k,kp<=2k,0.9577,2
64,n<=32,sr<=70%,kvB<=4k,kp<=4k,0.941,2
64,n<=32,sr<=70%,kvB<=4k,kp<=512,0.9322,2
64,n<=32,sr<=70%,kvB<=4k,kp<=8k,0.9519,2
64,n<=32,sr<=70%,kvB<=4k,kp=0,0.9481,2
64,n<=32,sr>70%,kvB<=16k,kp<=1k,0.9523,4
64,n<=32,sr>70%,kvB<=16k,kp<=2k,0.9493,4
64,n<=32,sr>70%,kvB<=16k,kp<=4k,0.9327,4
64,n<=32,sr>70%,kvB<=16k,kp<=512,0.9364,4
64,n<=32,sr>70%,kvB<=16k,kp<=8k,0.941,4
64,n<=32,sr>70%,kvB<=16k,kp=0,0.9424,4
64,n<=32,sr>70%,kvB<=1k,kp<=1k,0.9153,4
64,n<=32,sr>70%,kvB<=1k,kp<=2k,0.9436,4
64,n<=32,sr>70%,kvB<=1k,kp<=4k,0.9062,4
64,n<=32,sr>70%,kvB<=1k,kp<=512,0.8859,4
64,n<=32,sr>70%,kvB<=1k,kp<=8k,0.8277,4
64,n<=32,sr>70%,kvB<=1k,kp=0,0.9341,4
64,n<=32,sr>70%,kvB<=4k,kp<=1k,0.9351,4
64,n<=32,sr>70%,kvB<=4k,kp<=2k,0.9261,4
64,n<=32,sr>70%,kvB<=4k,kp<=4k,0.9263,4
64,n<=32,sr>70%,kvB<=4k,kp<=512,0.9388,4
64,n<=32,sr>70%,kvB<=4k,kp<=8k,0.9408,4
64,n<=32,sr>70%,kvB<=4k,kp=0,0.953,4
64,n<=4,sr<=40%,kvB<=16k,kp<=1k,-0.0311,2
64,n<=4,sr<=40%,kvB<=16k,kp<=2k,-0.0384,2
64,n<=4,sr<=40%,kvB<=16k,kp<=4k,-0.0418,2
64,n<=4,sr<=40%,kvB<=16k,kp<=512,-0.0315,2
64,n<=4,sr<=40%,kvB<=16k,kp<=8k,-0.0284,2
64,n<=4,sr<=40%,kvB<=16k,kp=0,-0.0376,2
64,n<=4,sr<=40%,kvB<=1k,kp<=1k,0.2036,2
64,n<=4,sr<=40%,kvB<=1k,kp<=2k,0.2197,2
64,n<=4,sr<=40%,kvB<=1k,kp<=4k,0.2008,2
64,n<=4,sr<=40%,kvB<=1k,kp<=512,0.2193,2
64,n<=4,sr<=40%,kvB<=1k,kp<=8k,0.2311,2
64,n<=4,sr<=40%,kvB<=1k,kp=0,0.2506,2
64,n<=4,sr<=40%,kvB<=4k,kp<=1k,-0.0311,2
64,n<=4,sr<=40%,kvB<=4k,kp<=2k,-0.053,2
64,n<=4,sr<=40%,kvB<=4k,kp<=4k,-0.0465,2
64,n<=4,sr<=40%,kvB<=4k,kp<=512,-0.0515,2
64,n<=4,sr<=40%,kvB<=4k,kp<=8k,-0.0374,2
64,n<=4,sr<=40%,kvB<=4k,kp=0,-0.0396,2
64,n<=4,sr<=70%,kvB<=16k,kp<=1k,-0.0206,2
64,n<=4,sr<=70%,kvB<=16k,kp<=2k,-0.0325,2
64,n<=4,sr<=70%,kvB<=16k,kp<=4k,-0.0296,2
64,n<=4,sr<=70%,kvB<=16k,kp<=512,-0.0172,2
64,n<=4,sr<=70%,kvB<=16k,kp<=8k,-0.017,2
64,n<=4,sr<=70%,kvB<=16k,kp=0,-0.035,2
64,n<=4,sr<=70%,kvB<=1k,kp<=1k,0.017,2
64,n<=4,sr<=70%,kvB<=1k,kp<=2k,0.0266,2
64,n<=4,sr<=70%,kvB<=1k,kp<=4k,0.0409,2
64,n<=4,sr<=70%,kvB<=1k,kp<=512,0.0126,2
64,n<=4,sr<=70%,kvB<=1k,kp<=8k,-0.018,2
64,n<=4,sr<=70%,kvB<=1k,kp=0,0.0365,2
64,n<=4,sr<=70%,kvB<=4k,kp<=1k,-0.1131,2
64,n<=4,sr<=70%,kvB<=4k,kp<=2k,-0.1486,2
64,n<=4,sr<=70%,kvB<=4k,kp<=4k,-0.1014,2
64,n<=4,sr<=70%,kvB<=4k,kp<=512,-0.1277,2
64,n<=4,sr<=70%,kvB<=4k,kp<=8k,-0.1186,2
64,n<=4,sr<=70%,kvB<=4k,kp=0,-0.1272,2
64,n<=4,sr>70%,kvB<=16k,kp<=1k,-0.0499,2
64,n<=4,sr>70%,kvB<=16k,kp<=2k,-0.0526,2
64,n<=4,sr>70%,kvB<=16k,kp<=4k,-0.0609,2
64,n<=4,sr>70%,kvB<=16k,kp<=512,-0.0721,2
64,n<=4,sr>70%,kvB<=16k,kp<=8k,-0.0572,2
64,n<=4,sr>70%,kvB<=16k,kp=0,-0.0529,2
64,n<=4,sr>70%,kvB<=1k,kp<=1k,-0.0149,2
64,n<=4,sr>70%,kvB<=1k,kp<=2k,-0.1006,2
64,n<=4,sr>70%,kvB<=1k,kp<=4k,0.0078,2
64,n<=4,sr>70%,kvB<=1k,kp<=512,0.0345,2
64,n<=4,sr>70%,kvB<=1k,kp<=8k,0.1087,2
64,n<=4,sr>70%,kvB<=1k,kp=0,-0.027,2
64,n<=4,sr>70%,kvB<=4k,kp<=1k,-0.0918,2
64,n<=4,sr>70%,kvB<=4k,kp<=2k,-0.1892,2
64,n<=4,sr>70%,kvB<=4k,kp<=4k,-0.1343,2
64,n<=4,sr>70%,kvB<=4k,kp<=512,-0.0908,2
64,n<=4,sr>70%,kvB<=4k,kp<=8k,-0.095,2
64,n<=4,sr>70%,kvB<=4k,kp=0,-0.1157,2
64,n<=64,sr<=15%,kvB<=16k,kp<=1k,0.3211,4
64,n<=64,sr<=15%,kvB<=16k,kp<=2k,0.3038,4
64,n<=64,sr<=15%,kvB<=16k,kp<=4k,0.3252,4
64,n<=64,sr<=15%,kvB<=16k,kp<=512,0.2962,4
64,n<=64,sr<=15%,kvB<=16k,kp<=8k,0.3228,4
64,n<=64,sr<=15%,kvB<=16k,kp=0,0.2891,4
64,n<=64,sr<=15%,kvB<=1k,kp<=1k,0.2936,4
64,n<=64,sr<=15%,kvB<=1k,kp<=2k,0.3229,4
64,n<=64,sr<=15%,kvB<=1k,kp<=4k,0.2941,4
64,n<=64,sr<=15%,kvB<=1k,kp<=512,0.3077,4
64,n<=64,sr<=15%,kvB<=1k,kp<=8k,0.3282,4
64,n<=64,sr<=15%,kvB<=1k,kp=0,0.3378,4
64,n<=64,sr<=15%,kvB<=4k,kp<=1k,0.3128,4
64,n<=64,sr<=15%,kvB<=4k,kp<=2k,0.2779,4
64,n<=64,sr<=15%,kvB<=4k,kp<=4k,0.3415,4
64,n<=64,sr<=15%,kvB<=4k,kp<=512,0.3002,4
64,n<=64,sr<=15%,kvB<=4k,kp<=8k,0.3293,4
64,n<=64,sr<=15%,kvB<=4k,kp=0,0.2651,4
64,n<=64,sr<=40%,kvB<=16k,kp<=1k,0.3187,2
64,n<=64,sr<=40%,kvB<=16k,kp<=2k,0.3189,2
64,n<=64,sr<=40%,kvB<=16k,kp<=4k,0.3159,2
64,n<=64,sr<=40%,kvB<=16k,kp<=512,0.3185,2
64,n<=64,sr<=40%,kvB<=16k,kp<=8k,0.3178,2
64,n<=64,sr<=40%,kvB<=16k,kp=0,0.319,2
64,n<=64,sr<=40%,kvB<=1k,kp<=1k,0.3137,2
64,n<=64,sr<=40%,kvB<=1k,kp<=2k,0.3115,2
64,n<=64,sr<=40%,kvB<=1k,kp<=4k,0.3048,2
64,n<=64,sr<=40%,kvB<=1k,kp<=512,0.2996,2
64,n<=64,sr<=40%,kvB<=1k,kp<=8k,0.3052,2
64,n<=64,sr<=40%,kvB<=1k,kp=0,0.3025,2
64,n<=64,sr<=40%,kvB<=4k,kp<=1k,0.3165,2
64,n<=64,sr<=40%,kvB<=4k,kp<=2k,0.3176,2
64,n<=64,sr<=40%,kvB<=4k,kp<=4k,0.3122,2
64,n<=64,sr<=40%,kvB<=4k,kp<=512,0.3165,2
64,n<=64,sr<=40%,kvB<=4k,kp<=8k,0.3166,2
64,n<=64,sr<=40%,kvB<=4k,kp=0,0.3147,2
64,n<=64,sr<=5%,kvB<=16k,kp<=1k,0.2661,6
64,n<=64,sr<=5%,kvB<=16k,kp<=2k,0.2677,6
64,n<=64,sr<=5%,kvB<=16k,kp<=4k,0.2671,6
64,n<=64,sr<=5%,kvB<=16k,kp<=512,0.2636,6
64,n<=64,sr<=5%,kvB<=16k,kp<=8k,0.2966,6
64,n<=64,sr<=5%,kvB<=16k,kp=0,0.2697,6
64,n<=64,sr<=5%,kvB<=1k,kp<=1k,0.2798,6
64,n<=64,sr<=5%,kvB<=1k,kp<=2k,0.2903,6
64,n<=64,sr<=5%,kvB<=1k,kp<=4k,0.2919,6
64,n<=64,sr<=5%,kvB<=1k,kp<=512,0.2887,6
64,n<=64,sr<=5%,kvB<=1k,kp<=8k,0.2873,6
64,n<=64,sr<=5%,kvB<=1k,kp=0,0.289,6
64,n<=64,sr<=5%,kvB<=4k,kp<=1k,0.2773,6
64,n<=64,sr<=5%,kvB<=4k,kp<=2k,0.2698,6
64,n<=64,sr<=5%,kvB<=4k,kp<=4k,0.2759,6
64,n<=64,sr<=5%,kvB<=4k,kp<=512,0.2697,6
64,n<=64,sr<=5%,kvB<=4k,kp<=8k,0.282,6
64,n<=64,sr<=5%,kvB<=4k,kp=0,0.2898,6
64,n<=64,sr<=70%,kvB<=16k,kp<=1k,0.3264,2
64,n<=64,sr<=70%,kvB<=16k,kp<=2k,0.3302,2
64,n<=64,sr<=70%,kvB<=16k,kp<=4k,0.3283,2
64,n<=64,sr<=70%,kvB<=16k,kp<=512,0.3239,2
64,n<=64,sr<=70%,kvB<=16k,kp<=8k,0.3301,2
64,n<=64,sr<=70%,kvB<=16k,kp=0,0.3318,2
64,n<=64,sr<=70%,kvB<=1k,kp<=1k,0.3966,2
64,n<=64,sr<=70%,kvB<=1k,kp<=2k,0.4018,2
64,n<=64,sr<=70%,kvB<=1k,kp<=4k,0.3795,2
64,n<=64,sr<=70%,kvB<=1k,kp<=512,0.3863,2
64,n<=64,sr<=70%,kvB<=1k,kp<=8k,0.387,2
64,n<=64,sr<=70%,kvB<=1k,kp=0,0.3763,2
64,n<=64,sr<=70%,kvB<=4k,kp<=1k,0.3441,2
64,n<=64,sr<=70%,kvB<=4k,kp<=2k,0.341,2
64,n<=64,sr<=70%,kvB<=4k,kp<=4k,0.3382,2
64,n<=64,sr<=70%,kvB<=4k,kp<=512,0.3403,2
64,n<=64,sr<=70%,kvB<=4k,kp<=8k,0.3358,2
64,n<=64,sr<=70%,kvB<=4k,kp=0,0.3386,2
64,n<=64,sr>70%,kvB<=16k,kp<=1k,0.9512,4
64,n<=64,sr>70%,kvB<=16k,kp<=2k,0.9483,4
64,n<=64,sr>70%,kvB<=16k,kp<=4k,0.9508,4
64,n<=64,sr>70%,kvB<=16k,kp<=512,0.9427,4
64,n<=64,sr>70%,kvB<=16k,kp<=8k,0.9501,4
64,n<=64,sr>70%,kvB<=16k,kp=0,0.9443,4
64,n<=64,sr>70%,kvB<=1k,kp<=1k,0.8734,4
64,n<=64,sr>70%,kvB<=1k,kp<=2k,0.8715,4
64,n<=64,sr>70%,kvB<=1k,kp<=4k,0.887,4
64,n<=64,sr>70%,kvB<=1k,kp<=512,0.8876,4
64,n<=64,sr>70%,kvB<=1k,kp<=8k,0.8762,4
64,n<=64,sr>70%,kvB<=1k,kp=0,0.8889,4
64,n<=64,sr>70%,kvB<=4k,kp<=1k,0.9299,4
64,n<=64,sr>70%,kvB<=4k,kp<=2k,0.9322,4
64,n<=64,sr>70%,kvB<=4k,kp<=4k,0.941,4
64,n<=64,sr>70%,kvB<=4k,kp<=512,0.925,4
64,n<=64,sr>70%,kvB<=4k,kp<=8k,0.9212,4
64,n<=64,sr>70%,kvB<=4k,kp=0,0.9313,4
64,n<=8,sr<=15%,kvB<=16k,kp<=1k,-0.0162,2
64,n<=8,sr<=15%,kvB<=16k,kp<=2k,-0.0209,2
64,n<=8,sr<=15%,kvB<=16k,kp<=4k,-0.0211,2
64,n<=8,sr<=15%,kvB<=16k,kp<=512,-0.0204,2
64,n<=8,sr<=15%,kvB<=16k,kp<=8k,-0.019,2
64,n<=8,sr<=15%,kvB<=16k,kp=0,-0.0192,2
64,n<=8,sr<=15%,kvB<=1k,kp<=1k,0.0826,2
64,n<=8,sr<=15%,kvB<=1k,kp<=2k,0.0628,2
64,n<=8,sr<=15%,kvB<=1k,kp<=4k,0.0564,2
64,n<=8,sr<=15%,kvB<=1k,kp<=512,0.0853,2
64,n<=8,sr<=15%,kvB<=1k,kp<=8k,0.0883,2
64,n<=8,sr<=15%,kvB<=1k,kp=0,0.0999,2
64,n<=8,sr<=15%,kvB<=4k,kp<=1k,-0.024,2
64,n<=8,sr<=15%,kvB<=4k,kp<=2k,-0.0207,2
64,n<=8,sr<=15%,kvB<=4k,kp<=4k,-0.0159,2
64,n<=8,sr<=15%,kvB<=4k,kp<=512,-0.03,2
64,n<=8,sr<=15%,kvB<=4k,kp<=8k,-0.0173,2
64,n<=8,sr<=15%,kvB<=4k,kp=0,-0.0361,2
64,n<=8,sr<=40%,kvB<=16k,kp<=1k,0.0241,4
64,n<=8,sr<=40%,kvB<=16k,kp<=2k,0.0294,4
64,n<=8,sr<=40%,kvB<=16k,kp<=4k,0.0245,4
64,n<=8,sr<=40%,kvB<=16k,kp<=512,0.0217,4
64,n<=8,sr<=40%,kvB<=16k,kp<=8k,0.0294,4
64,n<=8,sr<=40%,kvB<=16k,kp=0,0.0278,4
64,n<=8,sr<=40%,kvB<=1k,kp<=1k,0.1211,4
64,n<=8,sr<=40%,kvB<=1k,kp<=2k,0.1051,4
64,n<=8,sr<=40%,kvB<=1k,kp<=4k,0.1181,4
64,n<=8,sr<=40%,kvB<=1k,kp<=512,0.1162,4
64,n<=8,sr<=40%,kvB<=1k,kp<=8k,0.1177,4
64,n<=8,sr<=40%,kvB<=1k,kp=0,0.1338,4
64,n<=8,sr<=40%,kvB<=4k,kp<=1k,0.0092,4
64,n<=8,sr<=40%,kvB<=4k,kp<=2k,0.0108,4
64,n<=8,sr<=40%,kvB<=4k,kp<=4k,0.0089,4
64,n<=8,sr<=40%,kvB<=4k,kp<=512,-0.002,4
64,n<=8,sr<=40%,kvB<=4k,kp<=8k,0.0239,4
64,n<=8,sr<=40%,kvB<=4k,kp=0,0.0151,4
64,n<=8,sr<=70%,kvB<=16k,kp<=1k,0.1,2
64,n<=8,sr<=70%,kvB<=16k,kp<=2k,0.0898,2
64,n<=8,sr<=70%,kvB<=16k,kp<=4k,0.0941,2
64,n<=8,sr<=70%,kvB<=16k,kp<=512,0.0909,2
64,n<=8,sr<=70%,kvB<=16k,kp<=8k,0.0928,2
64,n<=8,sr<=70%,kvB<=16k,kp=0,0.0899,2
64,n<=8,sr<=70%,kvB<=1k,kp<=1k,-0.0173,2
64,n<=8,sr<=70%,kvB<=1k,kp<=2k,0.0755,2
64,n<=8,sr<=70%,kvB<=1k,kp<=4k,-0.0796,2
64,n<=8,sr<=70%,kvB<=1k,kp<=512,-0.0003,2
64,n<=8,sr<=70%,kvB<=1k,kp<=8k,0.0103,2
64,n<=8,sr<=70%,kvB<=1k,kp=0,0.0542,2
64,n<=8,sr<=70%,kvB<=4k,kp<=1k,0.0738,2
64,n<=8,sr<=70%,kvB<=4k,kp<=2k,0.0641,2
64,n<=8,sr<=70%,kvB<=4k,kp<=4k,0.0698,2
64,n<=8,sr<=70%,kvB<=4k,kp<=512,0.0638,2
64,n<=8,sr<=70%,kvB<=4k,kp<=8k,0.0813,2
64,n<=8,sr<=70%,kvB<=4k,kp=0,0.0606,2
64,n<=8,sr>70%,kvB<=16k,kp<=1k,0.1264,4
64,n<=8,sr>70%,kvB<=16k,kp<=2k,0.1268,4
64,n<=8,sr>70%,kvB<=16k,kp<=4k,0.139,4
64,n<=8,sr>70%,kvB<=16k,kp<=512,0.1236,4
64,n<=8,sr>70%,kvB<=16k,kp<=8k,0.1201,4
64,n<=8,sr>70%,kvB<=16k,kp=0,0.1443,4
64,n<=8,sr>70%,kvB<=1k,kp<=1k,0.1747,4
64,n<=8,sr>70%,kvB<=1k,kp<=2k,0.2752,4
64,n<=8,sr>70%,kvB<=1k,kp<=4k,0.1883,4
64,n<=8,sr>70%,kvB<=1k,kp<=512,0.1657,4
64,n<=8,sr>70%,kvB<=1k,kp<=8k,0.0692,4
64,n<=8,sr>70%,kvB<=1k,kp=0,0.348,4
64,n<=8,sr>70%,kvB<=4k,kp<=1k,0.0574,4
64,n<=8,sr>70%,kvB<=4k,kp<=2k,0.0758,4
64,n<=8,sr>70%,kvB<=4k,kp<=4k,0.0933,4
64,n<=8,sr>70%,kvB<=4k,kp<=512,0.0592,4
64,n<=8,sr>70%,kvB<=4k,kp<=8k,0.0625,4
64,n<=8,sr>70%,kvB<=4k,kp=0,0.0794,4
128,n<=128,sr<=15%,kvB<=16k,kp<=1k,0.0786,4
128,n<=128,sr<=15%,kvB<=16k,kp<=2k,0.0784,4
128,n<=128,sr<=15%,kvB<=16k,kp<=4k,0.0786,4
128,n<=128,sr<=15%,kvB<=16k,kp<=512,0.0789,4
128,n<=128,sr<=15%,kvB<=16k,kp<=8k,0.0787,4
128,n<=128,sr<=15%,kvB<=16k,kp=0,0.0789,4
128,n<=128,sr<=15%,kvB<=1k,kp<=1k,0.0967,4
128,n<=128,sr<=15%,kvB<=1k,kp<=2k,0.0959,4
128,n<=128,sr<=15%,kvB<=1k,kp<=4k,0.0984,4
128,n<=128,sr<=15%,kvB<=1k,kp<=512,0.0989,4
128,n<=128,sr<=15%,kvB<=1k,kp<=8k,0.1005,4
128,n<=128,sr<=15%,kvB<=1k,kp=0,0.0981,4
128,n<=128,sr<=15%,kvB<=4k,kp<=1k,0.0791,4
128,n<=128,sr<=15%,kvB<=4k,kp<=2k,0.0775,4
128,n<=128,sr<=15%,kvB<=4k,kp<=4k,0.0828,4
128,n<=128,sr<=15%,kvB<=4k,kp<=512,0.0799,4
128,n<=128,sr<=15%,kvB<=4k,kp<=8k,0.08,4
128,n<=128,sr<=15%,kvB<=4k,kp=0,0.0799,4
128,n<=128,sr<=40%,kvB<=16k,kp<=1k,0.0759,2
128,n<=128,sr<=40%,kvB<=16k,kp<=2k,0.076,2
128,n<=128,sr<=40%,kvB<=16k,kp<=4k,0.075,2
128,n<=128,sr<=40%,kvB<=16k,kp<=512,0.0762,2
128,n<=128,sr<=40%,kvB<=16k,kp<=8k,0.0766,2
128,n<=128,sr<=40%,kvB<=16k,kp=0,0.076,2
128,n<=128,sr<=40%,kvB<=1k,kp<=1k,0.0588,2
128,n<=128,sr<=40%,kvB<=1k,kp<=2k,0.0601,2
128,n<=128,sr<=40%,kvB<=1k,kp<=4k,0.0587,2
128,n<=128,sr<=40%,kvB<=1k,kp<=512,0.0661,2
128,n<=128,sr<=40%,kvB<=1k,kp<=8k,0.0624,2
128,n<=128,sr<=40%,kvB<=1k,kp=0,0.0607,2
128,n<=128,sr<=40%,kvB<=4k,kp<=1k,0.0654,2
128,n<=128,sr<=40%,kvB<=4k,kp<=2k,0.0673,2
128,n<=128,sr<=40%,kvB<=4k,kp<=4k,0.0687,2
128,n<=128,sr<=40%,kvB<=4k,kp<=512,0.0681,2
128,n<=128,sr<=40%,kvB<=4k,kp<=8k,0.0668,2
128,n<=128,sr<=40%,kvB<=4k,kp=0,0.0678,2
128,n<=128,sr<=5%,kvB<=16k,kp<=1k,0.093,8
128,n<=128,sr<=5%,kvB<=16k,kp<=2k,0.0928,8
128,n<=128,sr<=5%,kvB<=16k,kp<=4k,0.0928,8
128,n<=128,sr<=5%,kvB<=16k,kp<=512,0.0931,8
128,n<=128,sr<=5%,kvB<=16k,kp<=8k,0.093,8
128,n<=128,sr<=5%,kvB<=16k,kp=0,0.0933,8
128,n<=128,sr<=5%,kvB<=1k,kp<=1k,0.0963,8
128,n<=128,sr<=5%,kvB<=1k,kp<=2k,0.0934,8
128,n<=128,sr<=5%,kvB<=1k,kp<=4k,0.0962,8
128,n<=128,sr<=5%,kvB<=1k,kp<=512,0.0971,8
128,n<=128,sr<=5%,kvB<=1k,kp<=8k,0.0978,8
128,n<=128,sr<=5%,kvB<=1k,kp=0,0.098,8
128,n<=128,sr<=5%,kvB<=4k,kp<=1k,0.0942,8
128,n<=128,sr<=5%,kvB<=4k,kp<=2k,0.0934,8
128,n<=128,sr<=5%,kvB<=4k,kp<=4k,0.094,8
128,n<=128,sr<=5%,kvB<=4k,kp<=512,0.0942,8
128,n<=128,sr<=5%,kvB<=4k,kp<=8k,0.0942,8
128,n<=128,sr<=5%,kvB<=4k,kp=0,0.0945,8
128,n<=128,sr<=70%,kvB<=16k,kp<=1k,-0.0018,2
128,n<=128,sr<=70%,kvB<=16k,kp<=2k,-0.0012,2
128,n<=128,sr<=70%,kvB<=16k,kp<=4k,-0.0022,2
128,n<=128,sr<=70%,kvB<=16k,kp<=512,-0.0027,2
128,n<=128,sr<=70%,kvB<=16k,kp<=8k,-0.0006,2
128,n<=128,sr<=70%,kvB<=16k,kp=0,-0.0017,2
128,n<=128,sr<=70%,kvB<=1k,kp<=1k,-0.004,2
128,n<=128,sr<=70%,kvB<=1k,kp<=2k,0.0003,2
128,n<=128,sr<=70%,kvB<=1k,kp<=4k,-0.0072,2
128,n<=128,sr<=70%,kvB<=1k,kp<=512,-0.0083,2
128,n<=128,sr<=70%,kvB<=1k,kp<=8k,-0.0098,2
128,n<=128,sr<=70%,kvB<=1k,kp=0,-0.0084,2
128,n<=128,sr<=70%,kvB<=4k,kp<=1k,-0.004,2
128,n<=128,sr<=70%,kvB<=4k,kp<=2k,-0.0018,2
128,n<=128,sr<=70%,kvB<=4k,kp<=4k,-0.0052,2
128,n<=128,sr<=70%,kvB<=4k,kp<=512,-0.0052,2
128,n<=128,sr<=70%,kvB<=4k,kp<=8k,-0.0044,2
128,n<=128,sr<=70%,kvB<=4k,kp=0,0.0015,2
128,n<=128,sr>70%,kvB<=16k,kp<=1k,-0.025,4
128,n<=128,sr>70%,kvB<=16k,kp<=2k,-0.0251,4
128,n<=128,sr>70%,kvB<=16k,kp<=4k,-0.0227,4
128,n<=128,sr>70%,kvB<=16k,kp<=512,-0.0259,4
128,n<=128,sr>70%,kvB<=16k,kp<=8k,-0.0245,4
128,n<=128,sr>70%,kvB<=16k,kp=0,-0.0245,4
128,n<=128,sr>70%,kvB<=1k,kp<=1k,0.0095,4
128,n<=128,sr>70%,kvB<=1k,kp<=2k,0.0042,4
128,n<=128,sr>70%,kvB<=1k,kp<=4k,0.0227,4
128,n<=128,sr>70%,kvB<=1k,kp<=512,0.0196,4
128,n<=128,sr>70%,kvB<=1k,kp<=8k,0.0051,4
128,n<=128,sr>70%,kvB<=1k,kp=0,0.0087,4
128,n<=128,sr>70%,kvB<=4k,kp<=1k,-0.027,4
128,n<=128,sr>70%,kvB<=4k,kp<=2k,-0.0279,4
128,n<=128,sr>70%,kvB<=4k,kp<=4k,-0.0188,4
128,n<=128,sr>70%,kvB<=4k,kp<=512,-0.0271,4
128,n<=128,sr>70%,kvB<=4k,kp<=8k,-0.0254,4
128,n<=128,sr>70%,kvB<=4k,kp=0,-0.0219,4
128,n<=16,sr<=15%,kvB<=16k,kp<=1k,0.2409,4
128,n<=16,sr<=15%,kvB<=16k,kp<=2k,0.2391,4
128,n<=16,sr<=15%,kvB<=16k,kp<=4k,0.2398,4
128,n<=16,sr<=15%,kvB<=16k,kp<=512,0.2404,4
128,n<=16,sr<=15%,kvB<=16k,kp<=8k,0.2376,4
128,n<=16,sr<=15%,kvB<=16k,kp=0,0.2399,4
128,n<=16,sr<=15%,kvB<=1k,kp<=1k,0.1551,4
128,n<=16,sr<=15%,kvB<=1k,kp<=2k,0.1575,4
128,n<=16,sr<=15%,kvB<=1k,kp<=4k,0.1469,4
128,n<=16,sr<=15%,kvB<=1k,kp<=512,0.1642,4
128,n<=16,sr<=15%,kvB<=1k,kp<=8k,0.161,4
128,n<=16,sr<=15%,kvB<=1k,kp=0,0.175,4
128,n<=16,sr<=15%,kvB<=4k,kp<=1k,0.2186,4
128,n<=16,sr<=15%,kvB<=4k,kp<=2k,0.2172,4
128,n<=16,sr<=15%,kvB<=4k,kp<=4k,0.2205,4
128,n<=16,sr<=15%,kvB<=4k,kp<=512,0.2268,4
128,n<=16,sr<=15%,kvB<=4k,kp<=8k,0.2169,4
128,n<=16,sr<=15%,kvB<=4k,kp=0,0.2283,4
128,n<=16,sr<=40%,kvB<=16k,kp<=1k,0.1319,4
128,n<=16,sr<=40%,kvB<=16k,kp<=2k,0.1354,4
128,n<=16,sr<=40%,kvB<=16k,kp<=4k,0.1321,4
128,n<=16,sr<=40%,kvB<=16k,kp<=512,0.1329,4
128,n<=16,sr<=40%,kvB<=16k,kp<=8k,0.1328,4
128,n<=16,sr<=40%,kvB<=16k,kp=0,0.135,4
128,n<=16,sr<=40%,kvB<=1k,kp<=1k,0.0812,4
128,n<=16,sr<=40%,kvB<=1k,kp<=2k,0.0594,4
128,n<=16,sr<=40%,kvB<=1k,kp<=4k,0.0614,4
128,n<=16,sr<=40%,kvB<=1k,kp<=512,0.0655,4
128,n<=16,sr<=40%,kvB<=1k,kp<=8k,0.0598,4
128,n<=16,sr<=40%,kvB<=1k,kp=0,0.0766,4
128,n<=16,sr<=40%,kvB<=4k,kp<=1k,0.1271,4
128,n<=16,sr<=40%,kvB<=4k,kp<=2k,0.1223,4
128,n<=16,sr<=40%,kvB<=4k,kp<=4k,0.1146,4
128,n<=16,sr<=40%,kvB<=4k,kp<=512,0.1235,4
128,n<=16,sr<=40%,kvB<=4k,kp<=8k,0.117,4
128,n<=16,sr<=40%,kvB<=4k,kp=0,0.1359,4
128,n<=16,sr<=70%,kvB<=16k,kp<=1k,0.1062,2
128,n<=16,sr<=70%,kvB<=16k,kp<=2k,0.1041,2
128,n<=16,sr<=70%,kvB<=16k,kp<=4k,0.1096,2
128,n<=16,sr<=70%,kvB<=16k,kp<=512,0.1057,2
128,n<=16,sr<=70%,kvB<=16k,kp<=8k,0.1069,2
128,n<=16,sr<=70%,kvB<=16k,kp=0,0.1077,2
128,n<=16,sr<=70%,kvB<=1k,kp<=1k,0.029,2
128,n<=16,sr<=70%,kvB<=1k,kp<=2k,-0.0064,2
128,n<=16,sr<=70%,kvB<=1k,kp<=4k,-0.0242,2
128,n<=16,sr<=70%,kvB<=1k,kp<=512,0.0197,2
128,n<=16,sr<=70%,kvB<=1k,kp<=8k,-0.0213,2
128,n<=16,sr<=70%,kvB<=1k,kp=0,0.0361,2
128,n<=16,sr<=70%,kvB<=4k,kp<=1k,0.0992,2
128,n<=16,sr<=70%,kvB<=4k,kp<=2k,0.0869,2
128,n<=16,sr<=70%,kvB<=4k,kp<=4k,0.092,2
128,n<=16,sr<=70%,kvB<=4k,kp<=512,0.1155,2
128,n<=16,sr<=70%,kvB<=4k,kp<=8k,0.1063,2
128,n<=16,sr<=70%,kvB<=4k,kp=0,0.1035,2
128,n<=16,sr>70%,kvB<=16k,kp<=1k,0.935,4
128,n<=16,sr>70%,kvB<=16k,kp<=2k,0.9459,4
128,n<=16,sr>70%,kvB<=16k,kp<=4k,0.9487,4
128,n<=16,sr>70%,kvB<=16k,kp<=512,0.9386,4
128,n<=16,sr>70%,kvB<=16k,kp<=8k,0.9527,4
128,n<=16,sr>70%,kvB<=16k,kp=0,0.9442,4
128,n<=16,sr>70%,kvB<=1k,kp<=1k,0.8546,4
128,n<=16,sr>70%,kvB<=1k,kp<=2k,0.775,4
128,n<=16,sr>70%,kvB<=1k,kp<=4k,0.8735,4
128,n<=16,sr>70%,kvB<=1k,kp<=512,0.8373,4
128,n<=16,sr>70%,kvB<=1k,kp<=8k,0.7565,4
128,n<=16,sr>70%,kvB<=1k,kp=0,0.8966,4
128,n<=16,sr>70%,kvB<=4k,kp<=1k,0.9597,4
128,n<=16,sr>70%,kvB<=4k,kp<=2k,0.9591,4
128,n<=16,sr>70%,kvB<=4k,kp<=4k,0.9385,4
128,n<=16,sr>70%,kvB<=4k,kp<=512,0.9568,4
128,n<=16,sr>70%,kvB<=4k,kp<=8k,0.9447,4
128,n<=16,sr>70%,kvB<=4k,kp=0,0.9767,4
128,n<=2,sr<=70%,kvB<=16k,kp<=1k,0.0073,2
128,n<=2,sr<=70%,kvB<=16k,kp<=2k,-0.0156,2
128,n<=2,sr<=70%,kvB<=16k,kp<=4k,-0.0102,2
128,n<=2,sr<=70%,kvB<=16k,kp<=512,-0.0035,2
128,n<=2,sr<=70%,kvB<=16k,kp<=8k,-0.0233,2
128,n<=2,sr<=70%,kvB<=16k,kp=0,0.0114,2
128,n<=2,sr<=70%,kvB<=1k,kp<=1k,-0.0312,2
128,n<=2,sr<=70%,kvB<=1k,kp<=2k,0.1671,2
128,n<=2,sr<=70%,kvB<=1k,kp<=4k,-0.1672,2
128,n<=2,sr<=70%,kvB<=1k,kp<=512,0.0733,2
128,n<=2,sr<=70%,kvB<=1k,kp<=8k,0.134,2
128,n<=2,sr<=70%,kvB<=1k,kp=0,0.0752,2
128,n<=2,sr<=70%,kvB<=4k,kp<=1k,-0.0929,2
128,n<=2,sr<=70%,kvB<=4k,kp<=2k,0.0182,2
128,n<=2,sr<=70%,kvB<=4k,kp<=4k,0.0002,2
128,n<=2,sr<=70%,kvB<=4k,kp<=512,-0.0123,2
128,n<=2,sr<=70%,kvB<=4k,kp<=8k,-0.0446,2
128,n<=2,sr<=70%,kvB<=4k,kp=0,0.0115,2
128,n<=32,sr<=15%,kvB<=16k,kp<=1k,0.4543,6
128,n<=32,sr<=15%,kvB<=16k,kp<=2k,0.4533,6
128,n<=32,sr<=15%,kvB<=16k,kp<=4k,0.4549,6
128,n<=32,sr<=15%,kvB<=16k,kp<=512,0.4561,6
128,n<=32,sr<=15%,kvB<=16k,kp<=8k,0.4562,6
128,n<=32,sr<=15%,kvB<=16k,kp=0,0.4519,6
128,n<=32,sr<=15%,kvB<=1k,kp<=1k,0.4643,6
128,n<=32,sr<=15%,kvB<=1k,kp<=2k,0.4776,6
128,n<=32,sr<=15%,kvB<=1k,kp<=4k,0.4712,6
128,n<=32,sr<=15%,kvB<=1k,kp<=512,0.4552,6
128,n<=32,sr<=15%,kvB<=1k,kp<=8k,0.4741,6
128,n<=32,sr<=15%,kvB<=1k,kp=0,0.4517,6
128,n<=32,sr<=15%,kvB<=4k,kp<=1k,0.4536,6
128,n<=32,sr<=15%,kvB<=4k,kp<=2k,0.4582,6
128,n<=32,sr<=15%,kvB<=4k,kp<=4k,0.4586,6
128,n<=32,sr<=15%,kvB<=4k,kp<=512,0.4534,6
128,n<=32,sr<=15%,kvB<=4k,kp<=8k,0.4577,6
128,n<=32,sr<=15%,kvB<=4k,kp=0,0.451,6
128,n<=32,sr<=40%,kvB<=16k,kp<=1k,0.9384,2
128,n<=32,sr<=40%,kvB<=16k,kp<=2k,0.9396,2
128,n<=32,sr<=40%,kvB<=16k,kp<=4k,0.9339,2
128,n<=32,sr<=40%,kvB<=16k,kp<=512,0.9348,2
128,n<=32,sr<=40%,kvB<=16k,kp<=8k,0.9417,2
128,n<=32,sr<=40%,kvB<=16k,kp=0,0.9366,2
128,n<=32,sr<=40%,kvB<=1k,kp<=1k,0.8989,2
128,n<=32,sr<=40%,kvB<=1k,kp<=2k,0.9108,2
128,n<=32,sr<=40%,kvB<=1k,kp<=4k,0.9243,2
128,n<=32,sr<=40%,kvB<=1k,kp<=512,0.8995,2
128,n<=32,sr<=40%,kvB<=1k,kp<=8k,0.9247,2
128,n<=32,sr<=40%,kvB<=1k,kp=0,0.8984,2
128,n<=32,sr<=40%,kvB<=4k,kp<=1k,0.9266,2
128,n<=32,sr<=40%,kvB<=4k,kp<=2k,0.9337,2
128,n<=32,sr<=40%,kvB<=4k,kp<=4k,0.9349,2
128,n<=32,sr<=40%,kvB<=4k,kp<=512,0.9294,2
128,n<=32,sr<=40%,kvB<=4k,kp<=8k,0.9324,2
128,n<=32,sr<=40%,kvB<=4k,kp=0,0.9258,2
128,n<=32,sr<=5%,kvB<=16k,kp<=1k,0.0727,2
128,n<=32,sr<=5%,kvB<=16k,kp<=2k,0.0734,2
128,n<=32,sr<=5%,kvB<=16k,kp<=4k,0.0718,2
128,n<=32,sr<=5%,kvB<=16k,kp<=512,0.0722,2
128,n<=32,sr<=5%,kvB<=16k,kp<=8k,0.0725,2
128,n<=32,sr<=5%,kvB<=16k,kp=0,0.0707,2
128,n<=32,sr<=5%,kvB<=1k,kp<=1k,0.1277,2
128,n<=32,sr<=5%,kvB<=1k,kp<=2k,0.1188,2
128,n<=32,sr<=5%,kvB<=1k,kp<=4k,0.1358,2
128,n<=32,sr<=5%,kvB<=1k,kp<=512,0.1175,2
128,n<=32,sr<=5%,kvB<=1k,kp<=8k,0.1433,2
128,n<=32,sr<=5%,kvB<=1k,kp=0,0.1224,2
128,n<=32,sr<=5%,kvB<=4k,kp<=1k,0.0774,2
128,n<=32,sr<=5%,kvB<=4k,kp<=2k,0.0863,2
128,n<=32,sr<=5%,kvB<=4k,kp<=4k,0.0837,2
128,n<=32,sr<=5%,kvB<=4k,kp<=512,0.0763,2
128,n<=32,sr<=5%,kvB<=4k,kp<=8k,0.084,2
128,n<=32,sr<=5%,kvB<=4k,kp=0,0.0742,2
128,n<=32,sr<=70%,kvB<=16k,kp<=1k,0.9546,2
128,n<=32,sr<=70%,kvB<=16k,kp<=2k,0.9474,2
128,n<=32,sr<=70%,kvB<=16k,kp<=4k,0.9552,2
128,n<=32,sr<=70%,kvB<=16k,kp<=512,0.9541,2
128,n<=32,sr<=70%,kvB<=16k,kp<=8k,0.9586,2
128,n<=32,sr<=70%,kvB<=16k,kp=0,0.9593,2
128,n<=32,sr<=70%,kvB<=1k,kp<=1k,0.9148,2
128,n<=32,sr<=70%,kvB<=1k,kp<=2k,0.9136,2
128,n<=32,sr<=70%,kvB<=1k,kp<=4k,0.9165,2
128,n<=32,sr<=70%,kvB<=1k,kp<=512,0.9049,2
128,n<=32,sr<=70%,kvB<=1k,kp<=8k,0.9107,2
128,n<=32,sr<=70%,kvB<=1k,kp=0,0.9075,2
128,n<=32,sr<=70%,kvB<=4k,kp<=1k,0.9449,2
128,n<=32,sr<=70%,kvB<=4k,kp<=2k,0.9381,2
128,n<=32,sr<=70%,kvB<=4k,kp<=4k,0.9415,2
128,n<=32,sr<=70%,kvB<=4k,kp<=512,0.9583,2
128,n<=32,sr<=70%,kvB<=4k,kp<=8k,0.9403,2
128,n<=32,sr<=70%,kvB<=4k,kp=0,0.9424,2
128,n<=32,sr>70%,kvB<=16k,kp<=1k,0.9463,4
128,n<=32,sr>70%,kvB<=16k,kp<=2k,0.9372,4
128,n<=32,sr>70%,kvB<=16k,kp<=4k,0.9425,4
128,n<=32,sr>70%,kvB<=16k,kp<=512,0.9427,4
128,n<=32,sr>70%,kvB<=16k,kp<=8k,0.9483,4
128,n<=32,sr>70%,kvB<=16k,kp=0,0.952,4
128,n<=32,sr>70%,kvB<=1k,kp<=1k,0.8922,4
128,n<=32,sr>70%,kvB<=1k,kp<=2k,0.8889,4
128,n<=32,sr>70%,kvB<=1k,kp<=4k,0.8944,4
128,n<=32,sr>70%,kvB<=1k,kp<=512,0.8984,4
128,n<=32,sr>70%,kvB<=1k,kp<=8k,0.9101,4
128,n<=32,sr>70%,kvB<=1k,kp=0,0.9498,4
128,n<=32,sr>70%,kvB<=4k,kp<=1k,0.9408,4
128,n<=32,sr>70%,kvB<=4k,kp<=2k,0.9431,4
128,n<=32,sr>70%,kvB<=4k,kp<=4k,0.9191,4
128,n<=32,sr>70%,kvB<=4k,kp<=512,0.9454,4
128,n<=32,sr>70%,kvB<=4k,kp<=8k,0.9333,4
128,n<=32,sr>70%,kvB<=4k,kp=0,0.9387,4
128,n<=4,sr<=40%,kvB<=16k,kp<=1k,-0.039,2
128,n<=4,sr<=40%,kvB<=16k,kp<=2k,-0.0255,2
128,n<=4,sr<=40%,kvB<=16k,kp<=4k,-0.0326,2
128,n<=4,sr<=40%,kvB<=16k,kp<=512,-0.0313,2
128,n<=4,sr<=40%,kvB<=16k,kp<=8k,-0.0457,2
128,n<=4,sr<=40%,kvB<=16k,kp=0,-0.036,2
128,n<=4,sr<=40%,kvB<=1k,kp<=1k,0.1875,2
128,n<=4,sr<=40%,kvB<=1k,kp<=2k,0.1786,2
128,n<=4,sr<=40%,kvB<=1k,kp<=4k,0.2672,2
128,n<=4,sr<=40%,kvB<=1k,kp<=512,0.2257,2
128,n<=4,sr<=40%,kvB<=1k,kp<=8k,0.1993,2
128,n<=4,sr<=40%,kvB<=1k,kp=0,0.2504,2
128,n<=4,sr<=40%,kvB<=4k,kp<=1k,-0.0407,2
128,n<=4,sr<=40%,kvB<=4k,kp<=2k,-0.0219,2
128,n<=4,sr<=40%,kvB<=4k,kp<=4k,-0.0278,2
128,n<=4,sr<=40%,kvB<=4k,kp<=512,-0.0404,2
128,n<=4,sr<=40%,kvB<=4k,kp<=8k,-0.0365,2
128,n<=4,sr<=40%,kvB<=4k,kp=0,-0.0386,2
128,n<=4,sr<=70%,kvB<=16k,kp<=1k,-0.0237,2
128,n<=4,sr<=70%,kvB<=16k,kp<=2k,-0.0219,2
128,n<=4,sr<=70%,kvB<=16k,kp<=4k,-0.0302,2
128,n<=4,sr<=70%,kvB<=16k,kp<=512,-0.0207,2
128,n<=4,sr<=70%,kvB<=16k,kp<=8k,-0.0186,2
128,n<=4,sr<=70%,kvB<=16k,kp=0,-0.0289,2
128,n<=4,sr<=70%,kvB<=1k,kp<=1k,0.0522,2
128,n<=4,sr<=70%,kvB<=1k,kp<=2k,0.0128,2
128,n<=4,sr<=70%,kvB<=1k,kp<=4k,0.0312,2
128,n<=4,sr<=70%,kvB<=1k,kp<=512,0.0366,2
128,n<=4,sr<=70%,kvB<=1k,kp<=8k,-0.0439,2
128,n<=4,sr<=70%,kvB<=1k,kp=0,0.0697,2
128,n<=4,sr<=70%,kvB<=4k,kp<=1k,-0.1033,2
128,n<=4,sr<=70%,kvB<=4k,kp<=2k,-0.1205,2
128,n<=4,sr<=70%,kvB<=4k,kp<=4k,-0.1613,2
128,n<=4,sr<=70%,kvB<=4k,kp<=512,-0.115,2
128,n<=4,sr<=70%,kvB<=4k,kp<=8k,-0.1387,2
128,n<=4,sr<=70%,kvB<=4k,kp=0,-0.075,2
128,n<=4,sr>70%,kvB<=16k,kp<=1k,-0.0803,2
128,n<=4,sr>70%,kvB<=16k,kp<=2k,-0.0424,2
128,n<=4,sr>70%,kvB<=16k,kp<=4k,-0.07,2
128,n<=4,sr>70%,kvB<=16k,kp<=512,-0.034,2
128,n<=4,sr>70%,kvB<=16k,kp<=8k,-0.0661,2
128,n<=4,sr>70%,kvB<=16k,kp=0,-0.0369,2
128,n<=4,sr>70%,kvB<=1k,kp<=1k,0.0168,2
128,n<=4,sr>70%,kvB<=1k,kp<=2k,0.0804,2
128,n<=4,sr>70%,kvB<=1k,kp<=4k,-0.0017,2
128,n<=4,sr>70%,kvB<=1k,kp<=512,0.0149,2
128,n<=4,sr>70%,kvB<=1k,kp<=8k,0.0145,2
128,n<=4,sr>70%,kvB<=1k,kp=0,0.0085,2
128,n<=4,sr>70%,kvB<=4k,kp<=1k,-0.0375,2
128,n<=4,sr>70%,kvB<=4k,kp<=2k,-0.1225,2
128,n<=4,sr>70%,kvB<=4k,kp<=4k,-0.0825,2
128,n<=4,sr>70%,kvB<=4k,kp<=512,-0.0763,2
128,n<=4,sr>70%,kvB<=4k,kp<=8k,-0.1382,2
128,n<=4,sr>70%,kvB<=4k,kp=0,-0.0578,2
128,n<=64,sr<=15%,kvB<=16k,kp<=1k,0.3069,4
128,n<=64,sr<=15%,kvB<=16k,kp<=2k,0.3218,4
128,n<=64,sr<=15%,kvB<=16k,kp<=4k,0.3054,4
128,n<=64,sr<=15%,kvB<=16k,kp<=512,0.3343,4
128,n<=64,sr<=15%,kvB<=16k,kp<=8k,0.3314,4
128,n<=64,sr<=15%,kvB<=16k,kp=0,0.2944,4
128,n<=64,sr<=15%,kvB<=1k,kp<=1k,0.309,4
128,n<=64,sr<=15%,kvB<=1k,kp<=2k,0.3051,4
128,n<=64,sr<=15%,kvB<=1k,kp<=4k,0.3143,4
128,n<=64,sr<=15%,kvB<=1k,kp<=512,0.302,4
128,n<=64,sr<=15%,kvB<=1k,kp<=8k,0.3397,4
128,n<=64,sr<=15%,kvB<=1k,kp=0,0.2669,4
128,n<=64,sr<=15%,kvB<=4k,kp<=1k,0.319,4
128,n<=64,sr<=15%,kvB<=4k,kp<=2k,0.3021,4
128,n<=64,sr<=15%,kvB<=4k,kp<=4k,0.328,4
128,n<=64,sr<=15%,kvB<=4k,kp<=512,0.286,4
128,n<=64,sr<=15%,kvB<=4k,kp<=8k,0.3571,4
128,n<=64,sr<=15%,kvB<=4k,kp=0,0.2881,4
128,n<=64,sr<=40%,kvB<=16k,kp<=1k,0.3197,2
128,n<=64,sr<=40%,kvB<=16k,kp<=2k,0.3176,2
128,n<=64,sr<=40%,kvB<=16k,kp<=4k,0.3166,2
128,n<=64,sr<=40%,kvB<=16k,kp<=512,0.3175,2
128,n<=64,sr<=40%,kvB<=16k,kp<=8k,0.3189,2
128,n<=64,sr<=40%,kvB<=16k,kp=0,0.3187,2
128,n<=64,sr<=40%,kvB<=1k,kp<=1k,0.3039,2
128,n<=64,sr<=40%,kvB<=1k,kp<=2k,0.3038,2
128,n<=64,sr<=40%,kvB<=1k,kp<=4k,0.3032,2
128,n<=64,sr<=40%,kvB<=1k,kp<=512,0.2963,2
128,n<=64,sr<=40%,kvB<=1k,kp<=8k,0.2969,2
128,n<=64,sr<=40%,kvB<=1k,kp=0,0.2966,2
128,n<=64,sr<=40%,kvB<=4k,kp<=1k,0.3118,2
128,n<=64,sr<=40%,kvB<=4k,kp<=2k,0.3163,2
128,n<=64,sr<=40%,kvB<=4k,kp<=4k,0.3114,2
128,n<=64,sr<=40%,kvB<=4k,kp<=512,0.3102,2
128,n<=64,sr<=40%,kvB<=4k,kp<=8k,0.3124,2
128,n<=64,sr<=40%,kvB<=4k,kp=0,0.3118,2
128,n<=64,sr<=5%,kvB<=16k,kp<=1k,0.2845,6
128,n<=64,sr<=5%,kvB<=16k,kp<=2k,0.2731,6
128,n<=64,sr<=5%,kvB<=16k,kp<=4k,0.2832,6
128,n<=64,sr<=5%,kvB<=16k,kp<=512,0.2857,6
128,n<=64,sr<=5%,kvB<=16k,kp<=8k,0.2779,6
128,n<=64,sr<=5%,kvB<=16k,kp=0,0.2735,6
128,n<=64,sr<=5%,kvB<=1k,kp<=1k,0.3011,6
128,n<=64,sr<=5%,kvB<=1k,kp<=2k,0.2813,6
128,n<=64,sr<=5%,kvB<=1k,kp<=4k,0.2727,6
128,n<=64,sr<=5%,kvB<=1k,kp<=512,0.2979,6
128,n<=64,sr<=5%,kvB<=1k,kp<=8k,0.2852,6
128,n<=64,sr<=5%,kvB<=1k,kp=0,0.2849,6
128,n<=64,sr<=5%,kvB<=4k,kp<=1k,0.2859,6
128,n<=64,sr<=5%,kvB<=4k,kp<=2k,0.2836,6
128,n<=64,sr<=5%,kvB<=4k,kp<=4k,0.2814,6
128,n<=64,sr<=5%,kvB<=4k,kp<=512,0.2983,6
128,n<=64,sr<=5%,kvB<=4k,kp<=8k,0.2762,6
128,n<=64,sr<=5%,kvB<=4k,kp=0,0.2763,6
128,n<=64,sr<=70%,kvB<=16k,kp<=1k,0.3324,2
128,n<=64,sr<=70%,kvB<=16k,kp<=2k,0.3308,2
128,n<=64,sr<=70%,kvB<=16k,kp<=4k,0.3247,2
128,n<=64,sr<=70%,kvB<=16k,kp<=512,0.3316,2
128,n<=64,sr<=70%,kvB<=16k,kp<=8k,0.3333,2
128,n<=64,sr<=70%,kvB<=16k,kp=0,0.3281,2
128,n<=64,sr<=70%,kvB<=1k,kp<=1k,0.4076,2
128,n<=64,sr<=70%,kvB<=1k,kp<=2k,0.3781,2
128,n<=64,sr<=70%,kvB<=1k,kp<=4k,0.3774,2
128,n<=64,sr<=70%,kvB<=1k,kp<=512,0.3944,2
128,n<=64,sr<=70%,kvB<=1k,kp<=8k,0.3863,2
128,n<=64,sr<=70%,kvB<=1k,kp=0,0.3895,2
128,n<=64,sr<=70%,kvB<=4k,kp<=1k,0.3344,2
128,n<=64,sr<=70%,kvB<=4k,kp<=2k,0.3327,2
128,n<=64,sr<=70%,kvB<=4k,kp<=4k,0.3326,2
128,n<=64,sr<=70%,kvB<=4k,kp<=512,0.3414,2
128,n<=64,sr<=70%,kvB<=4k,kp<=8k,0.3289,2
128,n<=64,sr<=70%,kvB<=4k,kp=0,0.3376,2
128,n<=64,sr>70%,kvB<=16k,kp<=1k,0.9542,4
128,n<=64,sr>70%,kvB<=16k,kp<=2k,0.9473,4
128,n<=64,sr>70%,kvB<=16k,kp<=4k,1.0161,4
128,n<=64,sr>70%,kvB<=16k,kp<=512,0.9499,4
128,n<=64,sr>70%,kvB<=16k,kp<=8k,0.9484,4
128,n<=64,sr>70%,kvB<=16k,kp=0,0.9469,4
128,n<=64,sr>70%,kvB<=1k,kp<=1k,0.8925,4
128,n<=64,sr>70%,kvB<=1k,kp<=2k,0.8812,4
128,n<=64,sr>70%,kvB<=1k,kp<=4k,0.8933,4
128,n<=64,sr>70%,kvB<=1k,kp<=512,0.8989,4
128,n<=64,sr>70%,kvB<=1k,kp<=8k,0.8879,4
128,n<=64,sr>70%,kvB<=1k,kp=0,0.8772,4
128,n<=64,sr>70%,kvB<=4k,kp<=1k,0.9278,4
128,n<=64,sr>70%,kvB<=4k,kp<=2k,0.9413,4
128,n<=64,sr>70%,kvB<=4k,kp<=4k,0.9444,4
128,n<=64,sr>70%,kvB<=4k,kp<=512,0.9371,4
128,n<=64,sr>70%,kvB<=4k,kp<=8k,0.9287,4
128,n<=64,sr>70%,kvB<=4k,kp=0,0.9396,4
128,n<=8,sr<=15%,kvB<=16k,kp<=1k,-0.0165,2
128,n<=8,sr<=15%,kvB<=16k,kp<=2k,-0.0184,2
128,n<=8,sr<=15%,kvB<=16k,kp<=4k,-0.0197,2
128,n<=8,sr<=15%,kvB<=16k,kp<=512,-0.02,2
128,n<=8,sr<=15%,kvB<=16k,kp<=8k,-0.0203,2
128,n<=8,sr<=15%,kvB<=16k,kp=0,-0.0221,2
128,n<=8,sr<=15%,kvB<=1k,kp<=1k,0.0857,2
128,n<=8,sr<=15%,kvB<=1k,kp<=2k,0.0818,2
128,n<=8,sr<=15%,kvB<=1k,kp<=4k,0.0827,2
128,n<=8,sr<=15%,kvB<=1k,kp<=512,0.0925,2
128,n<=8,sr<=15%,kvB<=1k,kp<=8k,0.0853,2
128,n<=8,sr<=15%,kvB<=1k,kp=0,0.0981,2
128,n<=8,sr<=15%,kvB<=4k,kp<=1k,-0.0198,2
128,n<=8,sr<=15%,kvB<=4k,kp<=2k,-0.0318,2
128,n<=8,sr<=15%,kvB<=4k,kp<=4k,-0.0282,2
128,n<=8,sr<=15%,kvB<=4k,kp<=512,-0.0284,2
128,n<=8,sr<=15%,kvB<=4k,kp<=8k,-0.0201,2
128,n<=8,sr<=15%,kvB<=4k,kp=0,-0.0239,2
128,n<=8,sr<=40%,kvB<=16k,kp<=1k,0.0241,4
128,n<=8,sr<=40%,kvB<=16k,kp<=2k,0.028,4
128,n<=8,sr<=40%,kvB<=16k,kp<=4k,0.0254,4
128,n<=8,sr<=40%,kvB<=16k,kp<=512,0.0291,4
128,n<=8,sr<=40%,kvB<=16k,kp<=8k,0.0271,4
128,n<=8,sr<=40%,kvB<=16k,kp=0,0.0277,4
128,n<=8,sr<=40%,kvB<=1k,kp<=1k,0.0926,4
128,n<=8,sr<=40%,kvB<=1k,kp<=2k,0.1346,4
128,n<=8,sr<=40%,kvB<=1k,kp<=4k,0.0781,4
128,n<=8,sr<=40%,kvB<=1k,kp<=512,0.1095,4
128,n<=8,sr<=40%,kvB<=1k,kp<=8k,0.096,4
128,n<=8,sr<=40%,kvB<=1k,kp=0,0.1179,4
128,n<=8,sr<=40%,kvB<=4k,kp<=1k,0.0142,4
128,n<=8,sr<=40%,kvB<=4k,kp<=2k,0.0197,4
128,n<=8,sr<=40%,kvB<=4k,kp<=4k,0.02,4
128,n<=8,sr<=40%,kvB<=4k,kp<=512,0.024,4
128,n<=8,sr<=40%,kvB<=4k,kp<=8k,0.0149,4
128,n<=8,sr<=40%,kvB<=4k,kp=0,0.025,4
128,n<=8,sr<=70%,kvB<=16k,kp<=1k,0.0926,2
128,n<=8,sr<=70%,kvB<=16k,kp<=2k,0.0939,2
128,n<=8,sr<=70%,kvB<=16k,kp<=4k,0.0929,2
128,n<=8,sr<=70%,kvB<=16k,kp<=512,0.0982,2
128,n<=8,sr<=70%,kvB<=16k,kp<=8k,0.0995,2
128,n<=8,sr<=70%,kvB<=16k,kp=0,0.0933,2
128,n<=8,sr<=70%,kvB<=1k,kp<=1k,0.0276,2
128,n<=8,sr<=70%,kvB<=1k,kp<=2k,0.0124,2
128,n<=8,sr<=70%,kvB<=1k,kp<=4k,0.0017,2
128,n<=8,sr<=70%,kvB<=1k,kp<=512,-0.0554,2
128,n<=8,sr<=70%,kvB<=1k,kp<=8k,0.0173,2
128,n<=8,sr<=70%,kvB<=1k,kp=0,-0.0415,2
128,n<=8,sr<=70%,kvB<=4k,kp<=1k,0.0658,2
128,n<=8,sr<=70%,kvB<=4k,kp<=2k,0.0408,2
128,n<=8,sr<=70%,kvB<=4k,kp<=4k,0.0681,2
128,n<=8,sr<=70%,kvB<=4k,kp<=512,0.0601,2
128,n<=8,sr<=70%,kvB<=4k,kp<=8k,0.0386,2
128,n<=8,sr<=70%,kvB<=4k,kp=0,0.0615,2
128,n<=8,sr>70%,kvB<=16k,kp<=1k,0.1102,4
128,n<=8,sr>70%,kvB<=16k,kp<=2k,0.1074,4
128,n<=8,sr>70%,kvB<=16k,kp<=4k,0.1122,4
128,n<=8,sr>70%,kvB<=16k,kp<=512,0.1283,4
128,n<=8,sr>70%,kvB<=16k,kp<=8k,0.1182,4
128,n<=8,sr>70%,kvB<=16k,kp=0,0.1137,4
128,n<=8,sr>70%,kvB<=1k,kp<=1k,0.1473,4
128,n<=8,sr>70%,kvB<=1k,kp<=2k,0.168,4
128,n<=8,sr>70%,kvB<=1k,kp<=4k,0.0968,4
128,n<=8,sr>70%,kvB<=1k,kp<=512,0.1779,4
128,n<=8,sr>70%,kvB<=1k,kp<=8k,0.1777,4
128,n<=8,sr>70%,kvB<=1k,kp=0,0.2346,4
128,n<=8,sr>70%,kvB<=4k,kp<=1k,0.0694,4
128,n<=8,sr>70%,kvB<=4k,kp<=2k,0.0681,4
128,n<=8,sr>70%,kvB<=4k,kp<=4k,0.0371,4
128,n<=8,sr>70%,kvB<=4k,kp<=512,0.0356,4
128,n<=8,sr>70%,kvB<=4k,kp<=8k,0.054,4
128,n<=8,sr>70%,kvB<=4k,kp=0,0.0379,4
256,n<=128,sr<=15%,kvB<=16k,kp<=1k,0.079,4
256,n<=128,sr<=15%,kvB<=16k,kp<=2k,0.0792,4
256,n<=128,sr<=15%,kvB<=16k,kp<=4k,0.0791,4
256,n<=128,sr<=15%,kvB<=16k,kp<=512,0.079,4
256,n<=128,sr<=15%,kvB<=16k,kp<=8k,0.0789,4
256,n<=128,sr<=15%,kvB<=16k,kp=0,0.0795,4
256,n<=128,sr<=15%,kvB<=1k,kp<=1k,0.0905,4
256,n<=128,sr<=15%,kvB<=1k,kp<=2k,0.0948,4
256,n<=128,sr<=15%,kvB<=1k,kp<=4k,0.0968,4
256,n<=128,sr<=15%,kvB<=1k,kp<=512,0.0946,4
256,n<=128,sr<=15%,kvB<=1k,kp<=8k,0.0934,4
256,n<=128,sr<=15%,kvB<=1k,kp=0,0.0955,4
256,n<=128,sr<=15%,kvB<=4k,kp<=1k,0.0769,4
256,n<=128,sr<=15%,kvB<=4k,kp<=2k,0.08,4
256,n<=128,sr<=15%,kvB<=4k,kp<=4k,0.0807,4
256,n<=128,sr<=15%,kvB<=4k,kp<=512,0.0799,4
256,n<=128,sr<=15%,kvB<=4k,kp<=8k,0.0789,4
256,n<=128,sr<=15%,kvB<=4k,kp=0,0.0798,4
256,n<=128,sr<=40%,kvB<=16k,kp<=1k,0.0765,2
256,n<=128,sr<=40%,kvB<=16k,kp<=2k,0.0765,2
256,n<=128,sr<=40%,kvB<=16k,kp<=4k,0.0753,2
256,n<=128,sr<=40%,kvB<=16k,kp<=512,0.0759,2
256,n<=128,sr<=40%,kvB<=16k,kp<=8k,0.0753,2
256,n<=128,sr<=40%,kvB<=16k,kp=0,0.0765,2
256,n<=128,sr<=40%,kvB<=1k,kp<=1k,0.0574,2
256,n<=128,sr<=40%,kvB<=1k,kp<=2k,0.0546,2
256,n<=128,sr<=40%,kvB<=1k,kp<=4k,0.0653,2
256,n<=128,sr<=40%,kvB<=1k,kp<=512,0.0594,2
256,n<=128,sr<=40%,kvB<=1k,kp<=8k,0.0627,2
256,n<=128,sr<=40%,kvB<=1k,kp=0,0.0648,2
256,n<=128,sr<=40%,kvB<=4k,kp<=1k,0.0697,2
256,n<=128,sr<=40%,kvB<=4k,kp<=2k,0.0677,2
256,n<=128,sr<=40%,kvB<=4k,kp<=4k,0.0705,2
256,n<=128,sr<=40%,kvB<=4k,kp<=512,0.0703,2
256,n<=128,sr<=40%,kvB<=4k,kp<=8k,0.0683,2
256,n<=128,sr<=40%,kvB<=4k,kp=0,0.0689,2
256,n<=128,sr<=5%,kvB<=16k,kp<=1k,0.0932,8
256,n<=128,sr<=5%,kvB<=16k,kp<=2k,0.0929,8
256,n<=128,sr<=5%,kvB<=16k,kp<=4k,0.0931,8
256,n<=128,sr<=5%,kvB<=16k,kp<=512,0.0927,8
256,n<=128,sr<=5%,kvB<=16k,kp<=8k,0.0935,8
256,n<=128,sr<=5%,kvB<=16k,kp=0,0.0933,8
256,n<=128,sr<=5%,kvB<=1k,kp<=1k,0.097,8
256,n<=128,sr<=5%,kvB<=1k,kp<=2k,0.0947,8
256,n<=128,sr<=5%,kvB<=1k,kp<=4k,0.0958,8
256,n<=128,sr<=5%,kvB<=1k,kp<=512,0.095,8
256,n<=128,sr<=5%,kvB<=1k,kp<=8k,0.0958,8
256,n<=128,sr<=5%,kvB<=1k,kp=0,0.0984,8
256,n<=128,sr<=5%,kvB<=4k,kp<=1k,0.0938,8
256,n<=128,sr<=5%,kvB<=4k,kp<=2k,0.0929,8
256,n<=128,sr<=5%,kvB<=4k,kp<=4k,0.0936,8
256,n<=128,sr<=5%,kvB<=4k,kp<=512,0.0943,8
256,n<=128,sr<=5%,kvB<=4k,kp<=8k,0.0935,8
256,n<=128,sr<=5%,kvB<=4k,kp=0,0.0938,8
256,n<=128,sr<=70%,kvB<=16k,kp<=1k,-0.0001,2
256,n<=128,sr<=70%,kvB<=16k,kp<=2k,-0.0004,2
256,n<=128,sr<=70%,kvB<=16k,kp<=4k,-0.0016,2
256,n<=128,sr<=70%,kvB<=16k,kp<=512,-0.0024,2
256,n<=128,sr<=70%,kvB<=16k,kp<=8k,-0.0003,2
256,n<=128,sr<=70%,kvB<=16k,kp=0,0.0004,2
256,n<=128,sr<=70%,kvB<=1k,kp<=1k,0.0027,2
256,n<=128,sr<=70%,kvB<=1k,kp<=2k,-0.0099,2
256,n<=128,sr<=70%,kvB<=1k,kp<=4k,-0.0038,2
256,n<=128,sr<=70%,kvB<=1k,kp<=512,-0.0043,2
256,n<=128,sr<=70%,kvB<=1k,kp<=8k,-0.0068,2
256,n<=128,sr<=70%,kvB<=1k,kp=0,-0.0019,2
256,n<=128,sr<=70%,kvB<=4k,kp<=1k,-0.0037,2
256,n<=128,sr<=70%,kvB<=4k,kp<=2k,-0.0055,2
256,n<=128,sr<=70%,kvB<=4k,kp<=4k,-0.0012,2
256,n<=128,sr<=70%,kvB<=4k,kp<=512,-0.0041,2
256,n<=128,sr<=70%,kvB<=4k,kp<=8k,-0.0056,2
256,n<=128,sr<=70%,kvB<=4k,kp=0,-0.0018,2
256,n<=128,sr>70%,kvB<=16k,kp<=1k,-0.0219,4
256,n<=128,sr>70%,kvB<=16k,kp<=2k,-0.0226,4
256,n<=128,sr>70%,kvB<=16k,kp<=4k,-0.0214,4
256,n<=128,sr>70%,kvB<=16k,kp<=512,-0.0257,4
256,n<=128,sr>70%,kvB<=16k,kp<=8k,-0.0236,4
256,n<=128,sr>70%,kvB<=16k,kp=0,-0.0228,4
256,n<=128,sr>70%,kvB<=1k,kp<=1k,-0.0006,4
256,n<=128,sr>70%,kvB<=1k,kp<=2k,0.0088,4
256,n<=128,sr>70%,kvB<=1k,kp<=4k,0.0126,4
256,n<=128,sr>70%,kvB<=1k,kp<=512,0.0053,4
256,n<=128,sr>70%,kvB<=1k,kp<=8k,0.0175,4
256,n<=128,sr>70%,kvB<=1k,kp=0,0.0208,4
256,n<=128,sr>70%,kvB<=4k,kp<=1k,-0.0269,4
256,n<=128,sr>70%,kvB<=4k,kp<=2k,-0.0255,4
256,n<=128,sr>70%,kvB<=4k,kp<=4k,-0.0194,4
256,n<=128,sr>70%,kvB<=4k,kp<=512,-0.022,4
256,n<=128,sr>70%,kvB<=4k,kp<=8k,-0.0181,4
256,n<=128,sr>70%,kvB<=4k,kp=0,-0.0152,4
256,n<=16,sr<=15%,kvB<=16k,kp<=1k,0.2392,4
256,n<=16,sr<=15%,kvB<=16k,kp<=2k,0.2399,4
256,n<=16,sr<=15%,kvB<=16k,kp<=4k,0.239,4
256,n<=16,sr<=15%,kvB<=16k,kp<=512,0.2386,4
256,n<=16,sr<=15%,kvB<=16k,kp<=8k,0.2369,4
256,n<=16,sr<=15%,kvB<=16k,kp=0,0.2391,4
256,n<=16,sr<=15%,kvB<=1k,kp<=1k,0.1591,4
256,n<=16,sr<=15%,kvB<=1k,kp<=2k,0.1525,4
256,n<=16,sr<=15%,kvB<=1k,kp<=4k,0.1298,4
256,n<=16,sr<=15%,kvB<=1k,kp<=512,0.1643,4
256,n<=16,sr<=15%,kvB<=1k,kp<=8k,0.1487,4
256,n<=16,sr<=15%,kvB<=1k,kp=0,0.1549,4
256,n<=16,sr<=15%,kvB<=4k,kp<=1k,0.2177,4
256,n<=16,sr<=15%,kvB<=4k,kp<=2k,0.2163,4
256,n<=16,sr<=15%,kvB<=4k,kp<=4k,0.2131,4
256,n<=16,sr<=15%,kvB<=4k,kp<=512,0.2215,4
256,n<=16,sr<=15%,kvB<=4k,kp<=8k,0.2227,4
256,n<=16,sr<=15%,kvB<=4k,kp=0,0.2264,4
256,n<=16,sr<=40%,kvB<=16k,kp<=1k,0.1317,4
256,n<=16,sr<=40%,kvB<=16k,kp<=2k,0.1301,4
256,n<=16,sr<=40%,kvB<=16k,kp<=4k,0.1327,4
256,n<=16,sr<=40%,kvB<=16k,kp<=512,0.1339,4
256,n<=16,sr<=40%,kvB<=16k,kp<=8k,0.1331,4
256,n<=16,sr<=40%,kvB<=16k,kp=0,0.132,4
256,n<=16,sr<=40%,kvB<=1k,kp<=1k,0.062,4
256,n<=16,sr<=40%,kvB<=1k,kp<=2k,0.0654,4
256,n<=16,sr<=40%,kvB<=1k,kp<=4k,0.0542,4
256,n<=16,sr<=40%,kvB<=1k,kp<=512,0.056,4
256,n<=16,sr<=40%,kvB<=1k,kp<=8k,0.0645,4
256,n<=16,sr<=40%,kvB<=1k,kp=0,0.0741,4
256,n<=16,sr<=40%,kvB<=4k,kp<=1k,0.1252,4
256,n<=16,sr<=40%,kvB<=4k,kp<=2k,0.1231,4
256,n<=16,sr<=40%,kvB<=4k,kp<=4k,0.1167,4
256,n<=16,sr<=40%,kvB<=4k,kp<=512,0.1281,4
256,n<=16,sr<=40%,kvB<=4k,kp<=8k,0.1206,4
256,n<=16,sr<=40%,kvB<=4k,kp=0,0.1291,4
256,n<=16,sr<=70%,kvB<=16k,kp<=1k,0.1074,2
256,n<=16,sr<=70%,kvB<=16k,kp<=2k,0.1074,2
256,n<=16,sr<=70%,kvB<=16k,kp<=4k,0.1086,2
256,n<=16,sr<=70%,kvB<=16k,kp<=512,0.1058,2
256,n<=16,sr<=70%,kvB<=16k,kp<=8k,0.1011,2
256,n<=16,sr<=70%,kvB<=16k,kp=0,0.1067,2
256,n<=16,sr<=70%,kvB<=1k,kp<=1k,-0.0362,2
256,n<=16,sr<=70%,kvB<=1k,kp<=2k,-0.0044,2
256,n<=16,sr<=70%,kvB<=1k,kp<=4k,0.041,2
256,n<=16,sr<=70%,kvB<=1k,kp<=512,0.0107,2
256,n<=16,sr<=70%,kvB<=1k,kp<=8k,-0.0037,2
256,n<=16,sr<=70%,kvB<=1k,kp=0,0.0416,2
256,n<=16,sr<=70%,kvB<=4k,kp<=1k,0.0991,2
256,n<=16,sr<=70%,kvB<=4k,kp<=2k,0.114,2
256,n<=16,sr<=70%,kvB<=4k,kp<=4k,0.0944,2
256,n<=16,sr<=70%,kvB<=4k,kp<=512,0.0972,2
256,n<=16,sr<=70%,kvB<=4k,kp<=8k,0.0894,2
256,n<=16,sr<=70%,kvB<=4k,kp=0,0.1074,2
256,n<=16,sr>70%,kvB<=16k,kp<=1k,0.9569,4
256,n<=16,sr>70%,kvB<=16k,kp<=2k,0.9383,4
256,n<=16,sr>70%,kvB<=16k,kp<=4k,0.9308,4
256,n<=16,sr>70%,kvB<=16k,kp<=512,0.9491,4
256,n<=16,sr>70%,kvB<=16k,kp<=8k,0.9411,4
256,n<=16,sr>70%,kvB<=16k,kp=0,0.9433,4
256,n<=16,sr>70%,kvB<=1k,kp<=1k,0.796,4
256,n<=16,sr>70%,kvB<=1k,kp<=2k,0.7524,4
256,n<=16,sr>70%,kvB<=1k,kp<=4k,0.7922,4
256,n<=16,sr>70%,kvB<=1k,kp<=512,0.8067,4
256,n<=16,sr>70%,kvB<=1k,kp<=8k,0.7394,4
256,n<=16,sr>70%,kvB<=1k,kp=0,0.7997,4
256,n<=16,sr>70%,kvB<=4k,kp<=1k,0.9306,4
256,n<=16,sr>70%,kvB<=4k,kp<=2k,0.8885,4
256,n<=16,sr>70%,kvB<=4k,kp<=4k,0.9335,4
256,n<=16,sr>70%,kvB<=4k,kp<=512,0.9601,4
256,n<=16,sr>70%,kvB<=4k,kp<=8k,0.9324,4
256,n<=16,sr>70%,kvB<=4k,kp=0,0.9704,4
256,n<=2,sr<=70%,kvB<=16k,kp<=1k,0.0059,2
256,n<=2,sr<=70%,kvB<=16k,kp<=2k,0.0358,2
256,n<=2,sr<=70%,kvB<=16k,kp<=4k,0.0134,2
256,n<=2,sr<=70%,kvB<=16k,kp<=512,-0.009,2
256,n<=2,sr<=70%,kvB<=16k,kp<=8k,-0.0234,2
256,n<=2,sr<=70%,kvB<=16k,kp=0,0.0247,2
256,n<=2,sr<=70%,kvB<=1k,kp<=1k,0.0149,2
256,n<=2,sr<=70%,kvB<=1k,kp<=2k,0.0599,2
256,n<=2,sr<=70%,kvB<=1k,kp<=4k,-0.1126,2
256,n<=2,sr<=70%,kvB<=1k,kp<=512,0.1119,2
256,n<=2,sr<=70%,kvB<=1k,kp<=8k,0.1441,2
256,n<=2,sr<=70%,kvB<=1k,kp=0,0.0905,2
256,n<=2,sr<=70%,kvB<=4k,kp<=1k,0.0119,2
256,n<=2,sr<=70%,kvB<=4k,kp<=2k,-0.0487,2
256,n<=2,sr<=70%,kvB<=4k,kp<=4k,-0.0464,2
256,n<=2,sr<=70%,kvB<=4k,kp<=512,0.0508,2
256,n<=2,sr<=70%,kvB<=4k,kp<=8k,0.1262,2
256,n<=2,sr<=70%,kvB<=4k,kp=0,0.0537,2
256,n<=32,sr<=15%,kvB<=16k,kp<=1k,0.4555,6
256,n<=32,sr<=15%,kvB<=16k,kp<=2k,0.4558,6
256,n<=32,sr<=15%,kvB<=16k,kp<=4k,0.4546,6
256,n<=32,sr<=15%,kvB<=16k,kp<=512,0.4538,6
256,n<=32,sr<=15%,kvB<=16k,kp<=8k,0.4552,6
256,n<=32,sr<=15%,kvB<=16k,kp=0,0.4542,6
256,n<=32,sr<=15%,kvB<=1k,kp<=1k,0.4782,6
256,n<=32,sr<=15%,kvB<=1k,kp<=2k,0.47,6
256,n<=32,sr<=15%,kvB<=1k,kp<=4k,0.4755,6
256,n<=32,sr<=15%,kvB<=1k,kp<=512,0.4641,6
256,n<=32,sr<=15%,kvB<=1k,kp<=8k,0.4773,6
256,n<=32,sr<=15%,kvB<=1k,kp=0,0.4607,6
256,n<=32,sr<=15%,kvB<=4k,kp<=1k,0.4596,6
256,n<=32,sr<=15%,kvB<=4k,kp<=2k,0.4592,6
256,n<=32,sr<=15%,kvB<=4k,kp<=4k,0.4588,6
256,n<=32,sr<=15%,kvB<=4k,kp<=512,0.4522,6
256,n<=32,sr<=15%,kvB<=4k,kp<=8k,0.4601,6
256,n<=32,sr<=15%,kvB<=4k,kp=0,0.4516,6
256,n<=32,sr<=40%,kvB<=16k,kp<=1k,0.9363,2
256,n<=32,sr<=40%,kvB<=16k,kp<=2k,0.943,2
256,n<=32,sr<=40%,kvB<=16k,kp<=4k,0.9403,2
256,n<=32,sr<=40%,kvB<=16k,kp<=512,0.9368,2
256,n<=32,sr<=40%,kvB<=16k,kp<=8k,0.936,2
256,n<=32,sr<=40%,kvB<=16k,kp=0,0.9392,2
256,n<=32,sr<=40%,kvB<=1k,kp<=1k,0.9311,2
256,n<=32,sr<=40%,kvB<=1k,kp<=2k,0.9141,2
256,n<=32,sr<=40%,kvB<=1k,kp<=4k,0.9276,2
256,n<=32,sr<=40%,kvB<=1k,kp<=512,0.9039,2
256,n<=32,sr<=40%,kvB<=1k,kp<=8k,0.9275,2
256,n<=32,sr<=40%,kvB<=1k,kp=0,0.8958,2
256,n<=32,sr<=40%,kvB<=4k,kp<=1k,0.9282,2
256,n<=32,sr<=40%,kvB<=4k,kp<=2k,0.9347,2
256,n<=32,sr<=40%,kvB<=4k,kp<=4k,0.9347,2
256,n<=32,sr<=40%,kvB<=4k,kp<=512,0.9232,2
256,n<=32,sr<=40%,kvB<=4k,kp<=8k,0.9387,2
256,n<=32,sr<=40%,kvB<=4k,kp=0,0.9282,2
256,n<=32,sr<=5%,kvB<=16k,kp<=1k,0.0736,2
256,n<=32,sr<=5%,kvB<=16k,kp<=2k,0.0718,2
256,n<=32,sr<=5%,kvB<=16k,kp<=4k,0.073,2
256,n<=32,sr<=5%,kvB<=16k,kp<=512,0.0724,2
256,n<=32,sr<=5%,kvB<=16k,kp<=8k,0.0738,2
256,n<=32,sr<=5%,kvB<=16k,kp=0,0.0733,2
256,n<=32,sr<=5%,kvB<=1k,kp<=1k,0.1373,2
256,n<=32,sr<=5%,kvB<=1k,kp<=2k,0.1271,2
256,n<=32,sr<=5%,kvB<=1k,kp<=4k,0.147,2
256,n<=32,sr<=5%,kvB<=1k,kp<=512,0.1271,2
256,n<=32,sr<=5%,kvB<=1k,kp<=8k,0.1369,2
256,n<=32,sr<=5%,kvB<=1k,kp=0,0.1262,2
256,n<=32,sr<=5%,kvB<=4k,kp<=1k,0.0811,2
256,n<=32,sr<=5%,kvB<=4k,kp<=2k,0.085,2
256,n<=32,sr<=5%,kvB<=4k,kp<=4k,0.0872,2
256,n<=32,sr<=5%,kvB<=4k,kp<=512,0.0833,2
256,n<=32,sr<=5%,kvB<=4k,kp<=8k,0.0831,2
256,n<=32,sr<=5%,kvB<=4k,kp=0,0.0742,2
256,n<=32,sr<=70%,kvB<=16k,kp<=1k,0.9564,2
256,n<=32,sr<=70%,kvB<=16k,kp<=2k,0.9586,2
256,n<=32,sr<=70%,kvB<=16k,kp<=4k,0.958,2
256,n<=32,sr<=70%,kvB<=16k,kp<=512,0.9574,2
256,n<=32,sr<=70%,kvB<=16k,kp<=8k,0.9603,2
256,n<=32,sr<=70%,kvB<=16k,kp=0,0.9561,2
256,n<=32,sr<=70%,kvB<=1k,kp<=1k,0.9161,2
256,n<=32,sr<=70%,kvB<=1k,kp<=2k,0.9389,2
256,n<=32,sr<=70%,kvB<=1k,kp<=4k,0.9276,2
256,n<=32,sr<=70%,kvB<=1k,kp<=512,0.9199,2
256,n<=32,sr<=70%,kvB<=1k,kp<=8k,0.9248,2
256,n<=32,sr<=70%,kvB<=1k,kp=0,0.8917,2
256,n<=32,sr<=70%,kvB<=4k,kp<=1k,0.9522,2
256,n<=32,sr<=70%,kvB<=4k,kp<=2k,0.941,2
256,n<=32,sr<=70%,kvB<=4k,kp<=4k,0.9518,2
256,n<=32,sr<=70%,kvB<=4k,kp<=512,0.9366,2
256,n<=32,sr<=70%,kvB<=4k,kp<=8k,0.947,2
256,n<=32,sr<=70%,kvB<=4k,kp=0,0.9526,2
256,n<=32,sr>70%,kvB<=16k,kp<=1k,0.9473,4
256,n<=32,sr>70%,kvB<=16k,kp<=2k,0.9428,4
256,n<=32,sr>70%,kvB<=16k,kp<=4k,0.9447,4
256,n<=32,sr>70%,kvB<=16k,kp<=512,0.9438,4
256,n<=32,sr>70%,kvB<=16k,kp<=8k,0.945,4
256,n<=32,sr>70%,kvB<=16k,kp=0,0.9429,4
256,n<=32,sr>70%,kvB<=1k,kp<=1k,0.9215,4
256,n<=32,sr>70%,kvB<=1k,kp<=2k,0.8822,4
256,n<=32,sr>70%,kvB<=1k,kp<=4k,0.9024,4
256,n<=32,sr>70%,kvB<=1k,kp<=512,0.9048,4
256,n<=32,sr>70%,kvB<=1k,kp<=8k,0.9194,4
256,n<=32,sr>70%,kvB<=1k,kp=0,0.9014,4
256,n<=32,sr>70%,kvB<=4k,kp<=1k,0.9361,4
256,n<=32,sr>70%,kvB<=4k,kp<=2k,0.9454,4
256,n<=32,sr>70%,kvB<=4k,kp<=4k,0.908,4
256,n<=32,sr>70%,kvB<=4k,kp<=512,0.9499,4
256,n<=32,sr>70%,kvB<=4k,kp<=8k,0.9221,4
256,n<=32,sr>70%,kvB<=4k,kp=0,0.9457,4
256,n<=4,sr<=40%,kvB<=16k,kp<=1k,-0.0419,2
256,n<=4,sr<=40%,kvB<=16k,kp<=2k,-0.0467,2
256,n<=4,sr<=40%,kvB<=16k,kp<=4k,-0.0273,2
256,n<=4,sr<=40%,kvB<=16k,kp<=512,-0.0299,2
256,n<=4,sr<=40%,kvB<=16k,kp<=8k,-0.0329,2
256,n<=4,sr<=40%,kvB<=16k,kp=0,-0.0358,2
256,n<=4,sr<=40%,kvB<=1k,kp<=1k,0.2203,2
256,n<=4,sr<=40%,kvB<=1k,kp<=2k,0.1872,2
256,n<=4,sr<=40%,kvB<=1k,kp<=4k,0.1703,2
256,n<=4,sr<=40%,kvB<=1k,kp<=512,0.171,2
256,n<=4,sr<=40%,kvB<=1k,kp<=8k,0.2089,2
256,n<=4,sr<=40%,kvB<=1k,kp=0,0.2157,2
256,n<=4,sr<=40%,kvB<=4k,kp<=1k,-0.0172,2
256,n<=4,sr<=40%,kvB<=4k,kp<=2k,-0.0278,2
256,n<=4,sr<=40%,kvB<=4k,kp<=4k,-0.0152,2
256,n<=4,sr<=40%,kvB<=4k,kp<=512,-0.0427,2
256,n<=4,sr<=40%,kvB<=4k,kp<=8k,-0.0691,2
256,n<=4,sr<=40%,kvB<=4k,kp=0,-0.034,2
256,n<=4,sr<=70%,kvB<=16k,kp<=1k,-0.0114,2
256,n<=4,sr<=70%,kvB<=16k,kp<=2k,-0.0257,2
256,n<=4,sr<=70%,kvB<=16k,kp<=4k,-0.0277,2
256,n<=4,sr<=70%,kvB<=16k,kp<=512,-0.0151,2
256,n<=4,sr<=70%,kvB<=16k,kp<=8k,-0.0153,2
256,n<=4,sr<=70%,kvB<=16k,kp=0,-0.0278,2
256,n<=4,sr<=70%,kvB<=1k,kp<=1k,0.006,2
256,n<=4,sr<=70%,kvB<=1k,kp<=2k,0.0501,2
256,n<=4,sr<=70%,kvB<=1k,kp<=4k,-0.0296,2
256,n<=4,sr<=70%,kvB<=1k,kp<=512,0.0248,2
256,n<=4,sr<=70%,kvB<=1k,kp<=8k,-0.1432,2
256,n<=4,sr<=70%,kvB<=1k,kp=0,0.0243,2
256,n<=4,sr<=70%,kvB<=4k,kp<=1k,-0.135,2
256,n<=4,sr<=70%,kvB<=4k,kp<=2k,-0.1379,2
256,n<=4,sr<=70%,kvB<=4k,kp<=4k,-0.1115,2
256,n<=4,sr<=70%,kvB<=4k,kp<=512,-0.1547,2
256,n<=4,sr<=70%,kvB<=4k,kp<=8k,-0.1309,2
256,n<=4,sr<=70%,kvB<=4k,kp=0,-0.1094,2
256,n<=4,sr>70%,kvB<=16k,kp<=1k,-0.0473,2
256,n<=4,sr>70%,kvB<=16k,kp<=2k,-0.0288,2
256,n<=4,sr>70%,kvB<=16k,kp<=4k,-0.037,2
256,n<=4,sr>70%,kvB<=16k,kp<=512,-0.0289,2
256,n<=4,sr>70%,kvB<=16k,kp<=8k,-0.0667,2
256,n<=4,sr>70%,kvB<=16k,kp=0,-0.0496,2
256,n<=4,sr>70%,kvB<=1k,kp<=1k,-0.0612,2
256,n<=4,sr>70%,kvB<=1k,kp<=2k,0.01,2
256,n<=4,sr>70%,kvB<=1k,kp<=4k,0.1738,2
256,n<=4,sr>70%,kvB<=1k,kp<=512,0.0959,2
256,n<=4,sr>70%,kvB<=1k,kp<=8k,-0.0728,2
256,n<=4,sr>70%,kvB<=1k,kp=0,-0.0001,2
256,n<=4,sr>70%,kvB<=4k,kp<=1k,-0.0449,2
256,n<=4,sr>70%,kvB<=4k,kp<=2k,-0.0758,2
256,n<=4,sr>70%,kvB<=4k,kp<=4k,-0.1972,2
256,n<=4,sr>70%,kvB<=4k,kp<=512,-0.0738,2
256,n<=4,sr>70%,kvB<=4k,kp<=8k,-0.0495,2
256,n<=4,sr>70%,kvB<=4k,kp=0,-0.0704,2
256,n<=64,sr<=15%,kvB<=16k,kp<=1k,0.3043,4
256,n<=64,sr<=15%,kvB<=16k,kp<=2k,0.3662,4
256,n<=64,sr<=15%,kvB<=16k,kp<=4k,0.3284,4
256,n<=64,sr<=15%,kvB<=16k,kp<=512,0.3143,4
256,n<=64,sr<=15%,kvB<=16k,kp<=8k,0.3338,4
256,n<=64,sr<=15%,kvB<=16k,kp=0,0.3338,4
256,n<=64,sr<=15%,kvB<=1k,kp<=1k,0.3156,4
256,n<=64,sr<=15%,kvB<=1k,kp<=2k,0.3338,4
256,n<=64,sr<=15%,kvB<=1k,kp<=4k,0.3212,4
256,n<=64,sr<=15%,kvB<=1k,kp<=512,0.3362,4
256,n<=64,sr<=15%,kvB<=1k,kp<=8k,0.3148,4
256,n<=64,sr<=15%,kvB<=1k,kp=0,0.3221,4
256,n<=64,sr<=15%,kvB<=4k,kp<=1k,0.3208,4
256,n<=64,sr<=15%,kvB<=4k,kp<=2k,0.3133,4
256,n<=64,sr<=15%,kvB<=4k,kp<=4k,0.345,4
256,n<=64,sr<=15%,kvB<=4k,kp<=512,0.3217,4
256,n<=64,sr<=15%,kvB<=4k,kp<=8k,0.3406,4
256,n<=64,sr<=15%,kvB<=4k,kp=0,0.3273,4
256,n<=64,sr<=40%,kvB<=16k,kp<=1k,0.3181,2
256,n<=64,sr<=40%,kvB<=16k,kp<=2k,0.3205,2
256,n<=64,sr<=40%,kvB<=16k,kp<=4k,0.3168,2
256,n<=64,sr<=40%,kvB<=16k,kp<=512,0.3142,2
256,n<=64,sr<=40%,kvB<=16k,kp<=8k,0.3151,2
256,n<=64,sr<=40%,kvB<=16k,kp=0,0.3182,2
256,n<=64,sr<=40%,kvB<=1k,kp<=1k,0.3222,2
256,n<=64,sr<=40%,kvB<=1k,kp<=2k,0.2986,2
256,n<=64,sr<=40%,kvB<=1k,kp<=4k,0.3128,2
256,n<=64,sr<=40%,kvB<=1k,kp<=512,0.2988,2
256,n<=64,sr<=40%,kvB<=1k,kp<=8k,0.27,2
256,n<=64,sr<=40%,kvB<=1k,kp=0,0.2943,2
256,n<=64,sr<=40%,kvB<=4k,kp<=1k,0.3173,2
256,n<=64,sr<=40%,kvB<=4k,kp<=2k,0.3138,2
256,n<=64,sr<=40%,kvB<=4k,kp<=4k,0.3137,2
256,n<=64,sr<=40%,kvB<=4k,kp<=512,0.3158,2
256,n<=64,sr<=40%,kvB<=4k,kp<=8k,0.3183,2
256,n<=64,sr<=40%,kvB<=4k,kp=0,0.3103,2
256,n<=64,sr<=5%,kvB<=16k,kp<=1k,0.2821,6
256,n<=64,sr<=5%,kvB<=16k,kp<=2k,0.2865,6
256,n<=64,sr<=5%,kvB<=16k,kp<=4k,0.307,6
256,n<=64,sr<=5%,kvB<=16k,kp<=512,0.2768,6
256,n<=64,sr<=5%,kvB<=16k,kp<=8k,0.2882,6
256,n<=64,sr<=5%,kvB<=16k,kp=0,0.2749,6
256,n<=64,sr<=5%,kvB<=1k,kp<=1k,0.2807,6
256,n<=64,sr<=5%,kvB<=1k,kp<=2k,0.2865,6
256,n<=64,sr<=5%,kvB<=1k,kp<=4k,0.2928,6
256,n<=64,sr<=5%,kvB<=1k,kp<=512,0.2884,6
256,n<=64,sr<=5%,kvB<=1k,kp<=8k,0.2938,6
256,n<=64,sr<=5%,kvB<=1k,kp=0,0.3083,6
256,n<=64,sr<=5%,kvB<=4k,kp<=1k,0.3144,6
256,n<=64,sr<=5%,kvB<=4k,kp<=2k,0.3137,6
256,n<=64,sr<=5%,kvB<=4k,kp<=4k,0.294,6
256,n<=64,sr<=5%,kvB<=4k,kp<=512,0.2901,6
256,n<=64,sr<=5%,kvB<=4k,kp<=8k,0.2867,6
256,n<=64,sr<=5%,kvB<=4k,kp=0,0.2881,6
256,n<=64,sr<=70%,kvB<=16k,kp<=1k,0.3321,2
256,n<=64,sr<=70%,kvB<=16k,kp<=2k,0.3336,2
256,n<=64,sr<=70%,kvB<=16k,kp<=4k,0.3328,2
256,n<=64,sr<=70%,kvB<=16k,kp<=512,0.3302,2
256,n<=64,sr<=70%,kvB<=16k,kp<=8k,0.3319,2
256,n<=64,sr<=70%,kvB<=16k,kp=0,0.3294,2
256,n<=64,sr<=70%,kvB<=1k,kp<=1k,0.3681,2
256,n<=64,sr<=70%,kvB<=1k,kp<=2k,0.3718,2
256,n<=64,sr<=70%,kvB<=1k,kp<=4k,0.3684,2
256,n<=64,sr<=70%,kvB<=1k,kp<=512,0.3853,2
256,n<=64,sr<=70%,kvB<=1k,kp<=8k,0.3823,2
256,n<=64,sr<=70%,kvB<=1k,kp=0,0.3963,2
256,n<=64,sr<=70%,kvB<=4k,kp<=1k,0.3333,2
256,n<=64,sr<=70%,kvB<=4k,kp<=2k,0.3387,2
256,n<=64,sr<=70%,kvB<=4k,kp<=4k,0.3436,2
256,n<=64,sr<=70%,kvB<=4k,kp<=512,0.3406,2
256,n<=64,sr<=70%,kvB<=4k,kp<=8k,0.3345,2
256,n<=64,sr<=70%,kvB<=4k,kp=0,0.3316,2
256,n<=64,sr>70%,kvB<=16k,kp<=1k,0.9487,4
256,n<=64,sr>70%,kvB<=16k,kp<=2k,0.9446,4
256,n<=64,sr>70%,kvB<=16k,kp<=4k,0.9568,4
256,n<=64,sr>70%,kvB<=16k,kp<=512,0.9464,4
256,n<=64,sr>70%,kvB<=16k,kp<=8k,0.9493,4
256,n<=64,sr>70%,kvB<=16k,kp=0,0.9519,4
256,n<=64,sr>70%,kvB<=1k,kp<=1k,0.8931,4
256,n<=64,sr>70%,kvB<=1k,kp<=2k,0.8655,4
256,n<=64,sr>70%,kvB<=1k,kp<=4k,0.8875,4
256,n<=64,sr>70%,kvB<=1k,kp<=512,0.8827,4
256,n<=64,sr>70%,kvB<=1k,kp<=8k,0.8913,4
256,n<=64,sr>70%,kvB<=1k,kp=0,0.8803,4
256,n<=64,sr>70%,kvB<=4k,kp<=1k,0.9317,4
256,n<=64,sr>70%,kvB<=4k,kp<=2k,0.9277,4
256,n<=64,sr>70%,kvB<=4k,kp<=4k,0.9298,4
256,n<=64,sr>70%,kvB<=4k,kp<=512,0.9467,4
256,n<=64,sr>70%,kvB<=4k,kp<=8k,0.9252,4
256,n<=64,sr>70%,kvB<=4k,kp=0,0.951,4
256,n<=8,sr<=15%,kvB<=16k,kp<=1k,-0.0172,2
256,n<=8,sr<=15%,kvB<=16k,kp<=2k,-0.0212,2
256,n<=8,sr<=15%,kvB<=16k,kp<=4k,-0.0134,2
256,n<=8,sr<=15%,kvB<=16k,kp<=512,-0.0148,2
256,n<=8,sr<=15%,kvB<=16k,kp<=8k,-0.0225,2
256,n<=8,sr<=15%,kvB<=16k,kp=0,-0.0223,2
256,n<=8,sr<=15%,kvB<=1k,kp<=1k,0.08,2
256,n<=8,sr<=15%,kvB<=1k,kp<=2k,0.0577,2
256,n<=8,sr<=15%,kvB<=1k,kp<=4k,0.127,2
256,n<=8,sr<=15%,kvB<=1k,kp<=512,0.0646,2
256,n<=8,sr<=15%,kvB<=1k,kp<=8k,0.059,2
256,n<=8,sr<=15%,kvB<=1k,kp=0,0.0856,2
256,n<=8,sr<=15%,kvB<=4k,kp<=1k,-0.0206,2
256,n<=8,sr<=15%,kvB<=4k,kp<=2k,-0.0336,2
256,n<=8,sr<=15%,kvB<=4k,kp<=4k,-0.0282,2
256,n<=8,sr<=15%,kvB<=4k,kp<=512,-0.033,2
256,n<=8,sr<=15%,kvB<=4k,kp<=8k,-0.0307,2
256,n<=8,sr<=15%,kvB<=4k,kp=0,-0.0208,2
256,n<=8,sr<=40%,kvB<=16k,kp<=1k,0.0231,4
256,n<=8,sr<=40%,kvB<=16k,kp<=2k,0.029,4
256,n<=8,sr<=40%,kvB<=16k,kp<=4k,0.0281,4
256,n<=8,sr<=40%,kvB<=16k,kp<=512,0.0273,4
256,n<=8,sr<=40%,kvB<=16k,kp<=8k,0.0314,4
256,n<=8,sr<=40%,kvB<=16k,kp=0,0.0276,4
256,n<=8,sr<=40%,kvB<=1k,kp<=1k,0.1004,4
256,n<=8,sr<=40%,kvB<=1k,kp<=2k,0.0923,4
256,n<=8,sr<=40%,kvB<=1k,kp<=4k,0.0848,4
256,n<=8,sr<=40%,kvB<=1k,kp<=512,0.1041,4
256,n<=8,sr<=40%,kvB<=1k,kp<=8k,0.1293,4
256,n<=8,sr<=40%,kvB<=1k,kp=0,0.1116,4
256,n<=8,sr<=40%,kvB<=4k,kp<=1k,0.0222,4
256,n<=8,sr<=40%,kvB<=4k,kp<=2k,0.0169,4
256,n<=8,sr<=40%,kvB<=4k,kp<=4k,0.0256,4
256,n<=8,sr<=40%,kvB<=4k,kp<=512,0.0301,4
256,n<=8,sr<=40%,kvB<=4k,kp<=8k,0.0368,4
256,n<=8,sr<=40%,kvB<=4k,kp=0,0.0237,4
256,n<=8,sr<=70%,kvB<=16k,kp<=1k,0.0956,2
256,n<=8,sr<=70%,kvB<=16k,kp<=2k,0.0867,2
256,n<=8,sr<=70%,kvB<=16k,kp<=4k,0.1008,2
256,n<=8,sr<=70%,kvB<=16k,kp<=512,0.0883,2
256,n<=8,sr<=70%,kvB<=16k,kp<=8k,0.0926,2
256,n<=8,sr<=70%,kvB<=16k,kp=0,0.0965,2
256,n<=8,sr<=70%,kvB<=1k,kp<=1k,-0.0629,2
256,n<=8,sr<=70%,kvB<=1k,kp<=2k,0.0174,2
256,n<=8,sr<=70%,kvB<=1k,kp<=4k,0.0511,2
256,n<=8,sr<=70%,kvB<=1k,kp<=512,-0.0063,2
256,n<=8,sr<=70%,kvB<=1k,kp<=8k,0.0063,2
256,n<=8,sr<=70%,kvB<=1k,kp=0,-0.0601,2
256,n<=8,sr<=70%,kvB<=4k,kp<=1k,0.0835,2
256,n<=8,sr<=70%,kvB<=4k,kp<=2k,0.0639,2
256,n<=8,sr<=70%,kvB<=4k,kp<=4k,0.0266,2
256,n<=8,sr<=70%,kvB<=4k,kp<=512,0.0406,2
256,n<=8,sr<=70%,kvB<=4k,kp<=8k,0.0734,2
256,n<=8,sr<=70%,kvB<=4k,kp=0,0.0517,2
256,n<=8,sr>70%,kvB<=16k,kp<=1k,0.1299,4
256,n<=8,sr>70%,kvB<=16k,kp<=2k,0.1259,4
256,n<=8,sr>70%,kvB<=16k,kp<=4k,0.1307,4
256,n<=8,sr>70%,kvB<=16k,kp<=512,0.1375,4
256,n<=8,sr>70%,kvB<=16k,kp<=8k,0.1209,4
256,n<=8,sr>70%,kvB<=16k,kp=0,0.1116,4
256,n<=8,sr>70%,kvB<=1k,kp<=1k,0.2071,4
256,n<=8,sr>70%,kvB<=1k,kp<=2k,0.1995,4
256,n<=8,sr>70%,kvB<=1k,kp<=4k,0.0975,4
256,n<=8,sr>70%,kvB<=1k,kp<=512,0.174,4
256,n<=8,sr>70%,kvB<=1k,kp<=8k,0.148,4
256,n<=8,sr>70%,kvB<=1k,kp=0,0.152,4
256,n<=8,sr>70%,kvB<=4k,kp<=1k,-0.0116,4
256,n<=8,sr>70%,kvB<=4k,kp<=2k,0.0299,4
256,n<=8,sr>70%,kvB<=4k,kp<=4k,0.0749,4
256,n<=8,sr>70%,kvB<=4k,kp<=512,-0.0073,4
256,n<=8,sr>70%,kvB<=4k,kp<=8k,0.0682,4
256,n<=8,sr>70%,kvB<=4k,kp=0,0.0584,4
512,n<=128,sr<=15%,kvB<=16k,kp<=1k,0.079,4
512,n<=128,sr<=15%,kvB<=16k,kp<=2k,0.0787,4
512,n<=128,sr<=15%,kvB<=16k,kp<=4k,0.079,4
512,n<=128,sr<=15%,kvB<=16k,kp<=512,0.0793,4
512,n<=128,sr<=15%,kvB<=16k,kp<=8k,0.0791,4
512,n<=128,sr<=15%,kvB<=16k,kp=0,0.0788,4
512,n<=128,sr<=15%,kvB<=1k,kp<=1k,0.0933,4
512,n<=128,sr<=15%,kvB<=1k,kp<=2k,0.0928,4
512,n<=128,sr<=15%,kvB<=1k,kp<=4k,0.0909,4
512,n<=128,sr<=15%,kvB<=1k,kp<=512,0.0945,4
512,n<=128,sr<=15%,kvB<=1k,kp<=8k,0.0954,4
512,n<=128,sr<=15%,kvB<=1k,kp=0,0.0908,4
512,n<=128,sr<=15%,kvB<=4k,kp<=1k,0.0815,4
512,n<=128,sr<=15%,kvB<=4k,kp<=2k,0.0787,4
512,n<=128,sr<=15%,kvB<=4k,kp<=4k,0.0787,4
512,n<=128,sr<=15%,kvB<=4k,kp<=512,0.0785,4
512,n<=128,sr<=15%,kvB<=4k,kp<=8k,0.0804,4
512,n<=128,sr<=15%,kvB<=4k,kp=0,0.0795,4
512,n<=128,sr<=40%,kvB<=16k,kp<=1k,0.0762,2
512,n<=128,sr<=40%,kvB<=16k,kp<=2k,0.0756,2
512,n<=128,sr<=40%,kvB<=16k,kp<=4k,0.0759,2
512,n<=128,sr<=40%,kvB<=16k,kp<=512,0.0759,2
512,n<=128,sr<=40%,kvB<=16k,kp<=8k,0.0757,2
512,n<=128,sr<=40%,kvB<=16k,kp=0,0.0747,2
512,n<=128,sr<=40%,kvB<=1k,kp<=1k,0.0565,2
512,n<=128,sr<=40%,kvB<=1k,kp<=2k,0.0585,2
512,n<=128,sr<=40%,kvB<=1k,kp<=4k,0.0648,2
512,n<=128,sr<=40%,kvB<=1k,kp<=512,0.056,2
512,n<=128,sr<=40%,kvB<=1k,kp<=8k,0.059,2
512,n<=128,sr<=40%,kvB<=1k,kp=0,0.0612,2
512,n<=128,sr<=40%,kvB<=4k,kp<=1k,0.0705,2
512,n<=128,sr<=40%,kvB<=4k,kp<=2k,0.0652,2
512,n<=128,sr<=40%,kvB<=4k,kp<=4k,0.0639,2
512,n<=128,sr<=40%,kvB<=4k,kp<=512,0.07,2
512,n<=128,sr<=40%,kvB<=4k,kp<=8k,0.0691,2
512,n<=128,sr<=40%,kvB<=4k,kp=0,0.0671,2
512,n<=128,sr<=5%,kvB<=16k,kp<=1k,0.0934,8
512,n<=128,sr<=5%,kvB<=16k,kp<=2k,0.0935,8
512,n<=128,sr<=5%,kvB<=16k,kp<=4k,0.0926,8
512,n<=128,sr<=5%,kvB<=16k,kp<=512,0.0928,8
512,n<=128,sr<=5%,kvB<=16k,kp<=8k,0.0929,8
512,n<=128,sr<=5%,kvB<=16k,kp=0,0.0931,8
512,n<=128,sr<=5%,kvB<=1k,kp<=1k,0.0969,8
512,n<=128,sr<=5%,kvB<=1k,kp<=2k,0.0969,8
512,n<=128,sr<=5%,kvB<=1k,kp<=4k,0.0953,8
512,n<=128,sr<=5%,kvB<=1k,kp<=512,0.0956,8
512,n<=128,sr<=5%,kvB<=1k,kp<=8k,0.0971,8
512,n<=128,sr<=5%,kvB<=1k,kp=0,0.0959,8
512,n<=128,sr<=5%,kvB<=4k,kp<=1k,0.0935,8
512,n<=128,sr<=5%,kvB<=4k,kp<=2k,0.0942,8
512,n<=128,sr<=5%,kvB<=4k,kp<=4k,0.0938,8
512,n<=128,sr<=5%,kvB<=4k,kp<=512,0.0947,8
512,n<=128,sr<=5%,kvB<=4k,kp<=8k,0.0931,8
512,n<=128,sr<=5%,kvB<=4k,kp=0,0.094,8
512,n<=128,sr<=70%,kvB<=16k,kp<=1k,0.0018,2
512,n<=128,sr<=70%,kvB<=16k,kp<=2k,-0.0028,2
512,n<=128,sr<=70%,kvB<=16k,kp<=4k,-0.0002,2
512,n<=128,sr<=70%,kvB<=16k,kp<=512,0.0004,2
512,n<=128,sr<=70%,kvB<=16k,kp<=8k,-0.0021,2
512,n<=128,sr<=70%,kvB<=16k,kp=0,-0.0017,2
512,n<=128,sr<=70%,kvB<=1k,kp<=1k,-0.0031,2
512,n<=128,sr<=70%,kvB<=1k,kp<=2k,-0.0037,2
512,n<=128,sr<=70%,kvB<=1k,kp<=4k,0.0035,2
512,n<=128,sr<=70%,kvB<=1k,kp<=512,0.0027,2
512,n<=128,sr<=70%,kvB<=1k,kp<=8k,-0.0052,2
512,n<=128,sr<=70%,kvB<=1k,kp=0,0.0045,2
512,n<=128,sr<=70%,kvB<=4k,kp<=1k,-0.0017,2
512,n<=128,sr<=70%,kvB<=4k,kp<=2k,0.0006,2
512,n<=128,sr<=70%,kvB<=4k,kp<=4k,-0.0026,2
512,n<=128,sr<=70%,kvB<=4k,kp<=512,-0.0071,2
512,n<=128,sr<=70%,kvB<=4k,kp<=8k,-0.0015,2
512,n<=128,sr<=70%,kvB<=4k,kp=0,-0.006,2
512,n<=128,sr>70%,kvB<=16k,kp<=1k,-0.0255,4
512,n<=128,sr>70%,kvB<=16k,kp<=2k,-0.0231,4
512,n<=128,sr>70%,kvB<=16k,kp<=4k,-0.0219,4
512,n<=128,sr>70%,kvB<=16k,kp<=512,-0.0195,4
512,n<=128,sr>70%,kvB<=16k,kp<=8k,-0.0259,4
512,n<=128,sr>70%,kvB<=16k,kp=0,-0.022,4
512,n<=128,sr>70%,kvB<=1k,kp<=1k,0.0235,4
512,n<=128,sr>70%,kvB<=1k,kp<=2k,0.0115,4
512,n<=128,sr>70%,kvB<=1k,kp<=4k,0.0176,4
512,n<=128,sr>70%,kvB<=1k,kp<=512,0.0146,4
512,n<=128,sr>70%,kvB<=1k,kp<=8k,-0.0031,4
512,n<=128,sr>70%,kvB<=1k,kp=0,0.0154,4
512,n<=128,sr>70%,kvB<=4k,kp<=1k,-0.0254,4
512,n<=128,sr>70%,kvB<=4k,kp<=2k,-0.0265,4
512,n<=128,sr>70%,kvB<=4k,kp<=4k,-0.0263,4
512,n<=128,sr>70%,kvB<=4k,kp<=512,-0.0237,4
512,n<=128,sr>70%,kvB<=4k,kp<=8k,-0.0218,4
512,n<=128,sr>70%,kvB<=4k,kp=0,-0.0234,4
512,n<=16,sr<=15%,kvB<=16k,kp<=1k,0.2392,4
512,n<=16,sr<=15%,kvB<=16k,kp<=2k,0.2394,4
512,n<=16,sr<=15%,kvB<=16k,kp<=4k,0.24,4
512,n<=16,sr<=15%,kvB<=16k,kp<=512,0.2405,4
512,n<=16,sr<=15%,kvB<=16k,kp<=8k,0.2378,4
512,n<=16,sr<=15%,kvB<=16k,kp=0,0.2398,4
512,n<=16,sr<=15%,kvB<=1k,kp<=1k,0.1489,4
512,n<=16,sr<=15%,kvB<=1k,kp<=2k,0.1487,4
512,n<=16,sr<=15%,kvB<=1k,kp<=4k,0.1544,4
512,n<=16,sr<=15%,kvB<=1k,kp<=512,0.16,4
512,n<=16,sr<=15%,kvB<=1k,kp<=8k,0.1279,4
512,n<=16,sr<=15%,kvB<=1k,kp=0,0.1614,4
512,n<=16,sr<=15%,kvB<=4k,kp<=1k,0.2183,4
512,n<=16,sr<=15%,kvB<=4k,kp<=2k,0.2158,4
512,n<=16,sr<=15%,kvB<=4k,kp<=4k,0.214,4
512,n<=16,sr<=15%,kvB<=4k,kp<=512,0.2159,4
512,n<=16,sr<=15%,kvB<=4k,kp<=8k,0.2121,4
512,n<=16,sr<=15%,kvB<=4k,kp=0,0.2198,4
512,n<=16,sr<=40%,kvB<=16k,kp<=1k,0.1326,4
512,n<=16,sr<=40%,kvB<=16k,kp<=2k,0.1313,4
512,n<=16,sr<=40%,kvB<=16k,kp<=4k,0.1308,4
512,n<=16,sr<=40%,kvB<=16k,kp<=512,0.1322,4
512,n<=16,sr<=40%,kvB<=16k,kp<=8k,0.1313,4
512,n<=16,sr<=40%,kvB<=16k,kp=0,0.1328,4
512,n<=16,sr<=40%,kvB<=1k,kp<=1k,0.0644,4
512,n<=16,sr<=40%,kvB<=1k,kp<=2k,0.0744,4
512,n<=16,sr<=40%,kvB<=1k,kp<=4k,0.0647,4
512,n<=16,sr<=40%,kvB<=1k,kp<=512,0.0756,4
512,n<=16,sr<=40%,kvB<=1k,kp<=8k,0.0425,4
512,n<=16,sr<=40%,kvB<=1k,kp=0,0.0724,4
512,n<=16,sr<=40%,kvB<=4k,kp<=1k,0.1148,4
512,n<=16,sr<=40%,kvB<=4k,kp<=2k,0.1151,4
512,n<=16,sr<=40%,kvB<=4k,kp<=4k,0.1158,4
512,n<=16,sr<=40%,kvB<=4k,kp<=512,0.1193,4
512,n<=16,sr<=40%,kvB<=4k,kp<=8k,0.1223,4
512,n<=16,sr<=40%,kvB<=4k,kp=0,0.1154,4
512,n<=16,sr<=70%,kvB<=16k,kp<=1k,0.102,2
512,n<=16,sr<=70%,kvB<=16k,kp<=2k,0.1107,2
512,n<=16,sr<=70%,kvB<=16k,kp<=4k,0.1138,2
512,n<=16,sr<=70%,kvB<=16k,kp<=512,0.1055,2
512,n<=16,sr<=70%,kvB<=16k,kp<=8k,0.0992,2
512,n<=16,sr<=70%,kvB<=16k,kp=0,0.1037,2
512,n<=16,sr<=70%,kvB<=1k,kp<=1k,0.046,2
512,n<=16,sr<=70%,kvB<=1k,kp<=2k,-0.0047,2
512,n<=16,sr<=70%,kvB<=1k,kp<=4k,-0.0316,2
512,n<=16,sr<=70%,kvB<=1k,kp<=512,0.0078,2
512,n<=16,sr<=70%,kvB<=1k,kp<=8k,-0.0587,2
512,n<=16,sr<=70%,kvB<=1k,kp=0,-0.0168,2
512,n<=16,sr<=70%,kvB<=4k,kp<=1k,0.1049,2
512,n<=16,sr<=70%,kvB<=4k,kp<=2k,0.0899,2
512,n<=16,sr<=70%,kvB<=4k,kp<=4k,0.0991,2
512,n<=16,sr<=70%,kvB<=4k,kp<=512,0.0807,2
512,n<=16,sr<=70%,kvB<=4k,kp<=8k,0.0857,2
512,n<=16,sr<=70%,kvB<=4k,kp=0,0.0871,2
512,n<=16,sr>70%,kvB<=16k,kp<=1k,0.9525,4
512,n<=16,sr>70%,kvB<=16k,kp<=2k,0.9374,4
512,n<=16,sr>70%,kvB<=16k,kp<=4k,0.948,4
512,n<=16,sr>70%,kvB<=16k,kp<=512,0.9381,4
512,n<=16,sr>70%,kvB<=16k,kp<=8k,0.944,4
512,n<=16,sr>70%,kvB<=16k,kp=0,0.9411,4
512,n<=16,sr>70%,kvB<=1k,kp<=1k,0.7175,4
512,n<=16,sr>70%,kvB<=1k,kp<=2k,0.7793,4
512,n<=16,sr>70%,kvB<=1k,kp<=4k,0.7041,4
512,n<=16,sr>70%,kvB<=1k,kp<=512,0.7849,4
512,n<=16,sr>70%,kvB<=1k,kp<=8k,0.7527,4
512,n<=16,sr>70%,kvB<=1k,kp=0,0.7854,4
512,n<=16,sr>70%,kvB<=4k,kp<=1k,0.9698,4
512,n<=16,sr>70%,kvB<=4k,kp<=2k,0.9406,4
512,n<=16,sr>70%,kvB<=4k,kp<=4k,0.9356,4
512,n<=16,sr>70%,kvB<=4k,kp<=512,0.9518,4
512,n<=16,sr>70%,kvB<=4k,kp<=8k,0.9784,4
512,n<=16,sr>70%,kvB<=4k,kp=0,0.953,4
512,n<=2,sr<=70%,kvB<=16k,kp<=1k,0.0157,2
512,n<=2,sr<=70%,kvB<=16k,kp<=2k,-0.0054,2
512,n<=2,sr<=70%,kvB<=16k,kp<=4k,0.0074,2
512,n<=2,sr<=70%,kvB<=16k,kp<=512,0.0092,2
512,n<=2,sr<=70%,kvB<=16k,kp<=8k,-0.017,2
512,n<=2,sr<=70%,kvB<=16k,kp=0,-0.0051,2
512,n<=2,sr<=70%,kvB<=1k,kp<=1k,0.18,2
512,n<=2,sr<=70%,kvB<=1k,kp<=2k,-0.0686,2
512,n<=2,sr<=70%,kvB<=1k,kp<=4k,0.183,2
512,n<=2,sr<=70%,kvB<=1k,kp<=512,-0.0281,2
512,n<=2,sr<=70%,kvB<=1k,kp<=8k,0.4214,2
512,n<=2,sr<=70%,kvB<=1k,kp=0,0.0957,2
512,n<=2,sr<=70%,kvB<=4k,kp<=1k,0.0124,2
512,n<=2,sr<=70%,kvB<=4k,kp<=2k,0.0075,2
512,n<=2,sr<=70%,kvB<=4k,kp<=4k,-0.008,2
512,n<=2,sr<=70%,kvB<=4k,kp<=512,-0.0603,2
512,n<=2,sr<=70%,kvB<=4k,kp<=8k,-0.185,2
512,n<=2,sr<=70%,kvB<=4k,kp=0,-0.0446,2
512,n<=32,sr<=15%,kvB<=16k,kp<=1k,0.4569,6
512,n<=32,sr<=15%,kvB<=16k,kp<=2k,0.4568,6
512,n<=32,sr<=15%,kvB<=16k,kp<=4k,0.4562,6
512,n<=32,sr<=15%,kvB<=16k,kp<=512,0.4556,6
512,n<=32,sr<=15%,kvB<=16k,kp<=8k,0.4578,6
512,n<=32,sr<=15%,kvB<=16k,kp=0,0.4562,6
512,n<=32,sr<=15%,kvB<=1k,kp<=1k,0.482,6
512,n<=32,sr<=15%,kvB<=1k,kp<=2k,0.4758,6
512,n<=32,sr<=15%,kvB<=1k,kp<=4k,0.4787,6
512,n<=32,sr<=15%,kvB<=1k,kp<=512,0.4834,6
512,n<=32,sr<=15%,kvB<=1k,kp<=8k,0.4963,6
512,n<=32,sr<=15%,kvB<=1k,kp=0,0.4733,6
512,n<=32,sr<=15%,kvB<=4k,kp<=1k,0.4616,6
512,n<=32,sr<=15%,kvB<=4k,kp<=2k,0.4581,6
512,n<=32,sr<=15%,kvB<=4k,kp<=4k,0.4583,6
512,n<=32,sr<=15%,kvB<=4k,kp<=512,0.4589,6
512,n<=32,sr<=15%,kvB<=4k,kp<=8k,0.4614,6
512,n<=32,sr<=15%,kvB<=4k,kp=0,0.4592,6
512,n<=32,sr<=40%,kvB<=16k,kp<=1k,0.9365,2
512,n<=32,sr<=40%,kvB<=16k,kp<=2k,0.9414,2
512,n<=32,sr<=40%,kvB<=16k,kp<=4k,0.9408,2
512,n<=32,sr<=40%,kvB<=16k,kp<=512,0.9418,2
512,n<=32,sr<=40%,kvB<=16k,kp<=8k,0.9454,2
512,n<=32,sr<=40%,kvB<=16k,kp=0,0.9388,2
512,n<=32,sr<=40%,kvB<=1k,kp<=1k,0.9147,2
512,n<=32,sr<=40%,kvB<=1k,kp<=2k,0.9432,2
512,n<=32,sr<=40%,kvB<=1k,kp<=4k,0.9269,2
512,n<=32,sr<=40%,kvB<=1k,kp<=512,0.907,2
512,n<=32,sr<=40%,kvB<=1k,kp<=8k,0.9143,2
512,n<=32,sr<=40%,kvB<=1k,kp=0,0.9207,2
512,n<=32,sr<=40%,kvB<=4k,kp<=1k,0.9339,2
512,n<=32,sr<=40%,kvB<=4k,kp<=2k,0.9382,2
512,n<=32,sr<=40%,kvB<=4k,kp<=4k,0.933,2
512,n<=32,sr<=40%,kvB<=4k,kp<=512,0.933,2
512,n<=32,sr<=40%,kvB<=4k,kp<=8k,0.9361,2
512,n<=32,sr<=40%,kvB<=4k,kp=0,0.9404,2
512,n<=32,sr<=5%,kvB<=16k,kp<=1k,0.0736,2
512,n<=32,sr<=5%,kvB<=16k,kp<=2k,0.0751,2
512,n<=32,sr<=5%,kvB<=16k,kp<=4k,0.0741,2
512,n<=32,sr<=5%,kvB<=16k,kp<=512,0.0735,2
512,n<=32,sr<=5%,kvB<=16k,kp<=8k,0.0754,2
512,n<=32,sr<=5%,kvB<=16k,kp=0,0.0746,2
512,n<=32,sr<=5%,kvB<=1k,kp<=1k,0.1345,2
512,n<=32,sr<=5%,kvB<=1k,kp<=2k,0.1337,2
512,n<=32,sr<=5%,kvB<=1k,kp<=4k,0.1426,2
512,n<=32,sr<=5%,kvB<=1k,kp<=512,0.137,2
512,n<=32,sr<=5%,kvB<=1k,kp<=8k,0.1495,2
512,n<=32,sr<=5%,kvB<=1k,kp=0,0.1302,2
512,n<=32,sr<=5%,kvB<=4k,kp<=1k,0.0854,2
512,n<=32,sr<=5%,kvB<=4k,kp<=2k,0.0858,2
512,n<=32,sr<=5%,kvB<=4k,kp<=4k,0.0841,2
512,n<=32,sr<=5%,kvB<=4k,kp<=512,0.0851,2
512,n<=32,sr<=5%,kvB<=4k,kp<=8k,0.0873,2
512,n<=32,sr<=5%,kvB<=4k,kp=0,0.0841,2
512,n<=32,sr<=70%,kvB<=16k,kp<=1k,0.9548,2
512,n<=32,sr<=70%,kvB<=16k,kp<=2k,0.9544,2
512,n<=32,sr<=70%,kvB<=16k,kp<=4k,0.9498,2
512,n<=32,sr<=70%,kvB<=16k,kp<=512,0.955,2
512,n<=32,sr<=70%,kvB<=16k,kp<=8k,0.9506,2
512,n<=32,sr<=70%,kvB<=16k,kp=0,0.9502,2
512,n<=32,sr<=70%,kvB<=1k,kp<=1k,0.9686,2
512,n<=32,sr<=70%,kvB<=1k,kp<=2k,0.9041,2
512,n<=32,sr<=70%,kvB<=1k,kp<=4k,0.9246,2
512,n<=32,sr<=70%,kvB<=1k,kp<=512,0.9375,2
512,n<=32,sr<=70%,kvB<=1k,kp<=8k,0.8831,2
512,n<=32,sr<=70%,kvB<=1k,kp=0,0.9083,2
512,n<=32,sr<=70%,kvB<=4k,kp<=1k,0.9465,2
512,n<=32,sr<=70%,kvB<=4k,kp<=2k,0.9311,2
512,n<=32,sr<=70%,kvB<=4k,kp<=4k,0.9493,2
512,n<=32,sr<=70%,kvB<=4k,kp<=512,0.9444,2
512,n<=32,sr<=70%,kvB<=4k,kp<=8k,0.9556,2
512,n<=32,sr<=70%,kvB<=4k,kp=0,0.943,2
512,n<=32,sr>70%,kvB<=16k,kp<=1k,0.9484,4
512,n<=32,sr>70%,kvB<=16k,kp<=2k,0.9475,4
512,n<=32,sr>70%,kvB<=16k,kp<=4k,0.9487,4
512,n<=32,sr>70%,kvB<=16k,kp<=512,0.9438,4
512,n<=32,sr>70%,kvB<=16k,kp<=8k,0.9485,4
512,n<=32,sr>70%,kvB<=16k,kp=0,0.9419,4
512,n<=32,sr>70%,kvB<=1k,kp<=1k,0.9548,4
512,n<=32,sr>70%,kvB<=1k,kp<=2k,0.9301,4
512,n<=32,sr>70%,kvB<=1k,kp<=4k,0.9098,4
512,n<=32,sr>70%,kvB<=1k,kp<=512,0.9165,4
512,n<=32,sr>70%,kvB<=1k,kp<=8k,0.8958,4
512,n<=32,sr>70%,kvB<=1k,kp=0,0.9317,4
512,n<=32,sr>70%,kvB<=4k,kp<=1k,0.9386,4
512,n<=32,sr>70%,kvB<=4k,kp<=2k,0.9152,4
512,n<=32,sr>70%,kvB<=4k,kp<=4k,0.9281,4
512,n<=32,sr>70%,kvB<=4k,kp<=512,0.923,4
512,n<=32,sr>70%,kvB<=4k,kp<=8k,0.9359,4
512,n<=32,sr>70%,kvB<=4k,kp=0,0.9115,4
512,n<=4,sr<=40%,kvB<=16k,kp<=1k,-0.0241,2
512,n<=4,sr<=40%,kvB<=16k,kp<=2k,-0.0296,2
512,n<=4,sr<=40%,kvB<=16k,kp<=4k,-0.0302,2
512,n<=4,sr<=40%,kvB<=16k,kp<=512,-0.0314,2
512,n<=4,sr<=40%,kvB<=16k,kp<=8k,-0.0169,2
512,n<=4,sr<=40%,kvB<=16k,kp=0,-0.0252,2
512,n<=4,sr<=40%,kvB<=1k,kp<=1k,0.2312,2
512,n<=4,sr<=40%,kvB<=1k,kp<=2k,0.2831,2
512,n<=4,sr<=40%,kvB<=1k,kp<=4k,0.1933,2
512,n<=4,sr<=40%,kvB<=1k,kp<=512,0.2484,2
512,n<=4,sr<=40%,kvB<=1k,kp<=8k,0.3341,2
512,n<=4,sr<=40%,kvB<=1k,kp=0,0.2182,2
512,n<=4,sr<=40%,kvB<=4k,kp<=1k,-0.039,2
512,n<=4,sr<=40%,kvB<=4k,kp<=2k,-0.0299,2
512,n<=4,sr<=40%,kvB<=4k,kp<=4k,-0.029,2
512,n<=4,sr<=40%,kvB<=4k,kp<=512,-0.0421,2
512,n<=4,sr<=40%,kvB<=4k,kp<=8k,-0.0442,2
512,n<=4,sr<=40%,kvB<=4k,kp=0,-0.06,2
512,n<=4,sr<=70%,kvB<=16k,kp<=1k,-0.0303,2
512,n<=4,sr<=70%,kvB<=16k,kp<=2k,-0.0387,2
512,n<=4,sr<=70%,kvB<=16k,kp<=4k,-0.0283,2
512,n<=4,sr<=70%,kvB<=16k,kp<=512,-0.0098,2
512,n<=4,sr<=70%,kvB<=16k,kp<=8k,-0.0037,2
512,n<=4,sr<=70%,kvB<=16k,kp=0,-0.0172,2
512,n<=4,sr<=70%,kvB<=1k,kp<=1k,-0.068,2
512,n<=4,sr<=70%,kvB<=1k,kp<=2k,-0.0148,2
512,n<=4,sr<=70%,kvB<=1k,kp<=4k,-0.0247,2
512,n<=4,sr<=70%,kvB<=1k,kp<=512,0.0278,2
512,n<=4,sr<=70%,kvB<=1k,kp<=8k,-0.254,2
512,n<=4,sr<=70%,kvB<=1k,kp=0,-0.0128,2
512,n<=4,sr<=70%,kvB<=4k,kp<=1k,-0.1285,2
512,n<=4,sr<=70%,kvB<=4k,kp<=2k,-0.1265,2
512,n<=4,sr<=70%,kvB<=4k,kp<=4k,-0.1348,2
512,n<=4,sr<=70%,kvB<=4k,kp<=512,-0.1118,2
512,n<=4,sr<=70%,kvB<=4k,kp<=8k,-0.1502,2
512,n<=4,sr<=70%,kvB<=4k,kp=0,-0.146,2
512,n<=4,sr>70%,kvB<=16k,kp<=1k,-0.0654,2
512,n<=4,sr>70%,kvB<=16k,kp<=2k,-0.0612,2
512,n<=4,sr>70%,kvB<=16k,kp<=4k,-0.078,2
512,n<=4,sr>70%,kvB<=16k,kp<=512,-0.0714,2
512,n<=4,sr>70%,kvB<=16k,kp<=8k,-0.0171,2
512,n<=4,sr>70%,kvB<=16k,kp=0,-0.0709,2
512,n<=4,sr>70%,kvB<=1k,kp<=1k,-0.0276,2
512,n<=4,sr>70%,kvB<=1k,kp<=2k,-0.0634,2
512,n<=4,sr>70%,kvB<=1k,kp<=4k,0.0897,2
512,n<=4,sr>70%,kvB<=1k,kp<=512,-0.1219,2
512,n<=4,sr>70%,kvB<=1k,kp<=8k,-0.2013,2
512,n<=4,sr>70%,kvB<=1k,kp=0,0.0525,2
512,n<=4,sr>70%,kvB<=4k,kp<=1k,-0.1552,2
512,n<=4,sr>70%,kvB<=4k,kp<=2k,-0.2052,2
512,n<=4,sr>70%,kvB<=4k,kp<=4k,-0.1086,2
512,n<=4,sr>70%,kvB<=4k,kp<=512,-0.1148,2
512,n<=4,sr>70%,kvB<=4k,kp<=8k,-0.0847,2
512,n<=4,sr>70%,kvB<=4k,kp=0,-0.1155,2
512,n<=64,sr<=15%,kvB<=16k,kp<=1k,0.3377,4
512,n<=64,sr<=15%,kvB<=16k,kp<=2k,0.3365,4
512,n<=64,sr<=15%,kvB<=16k,kp<=4k,0.3172,4
512,n<=64,sr<=15%,kvB<=16k,kp<=512,0.3356,4
512,n<=64,sr<=15%,kvB<=16k,kp<=8k,0.3346,4
512,n<=64,sr<=15%,kvB<=16k,kp=0,0.3345,4
512,n<=64,sr<=15%,kvB<=1k,kp<=1k,0.3333,4
512,n<=64,sr<=15%,kvB<=1k,kp<=2k,0.2916,4
512,n<=64,sr<=15%,kvB<=1k,kp<=4k,0.3059,4
512,n<=64,sr<=15%,kvB<=1k,kp<=512,0.2888,4
512,n<=64,sr<=15%,kvB<=1k,kp<=8k,0.3296,4
512,n<=64,sr<=15%,kvB<=1k,kp=0,0.2897,4
512,n<=64,sr<=15%,kvB<=4k,kp<=1k,0.3346,4
512,n<=64,sr<=15%,kvB<=4k,kp<=2k,0.3147,4
512,n<=64,sr<=15%,kvB<=4k,kp<=4k,0.3129,4
512,n<=64,sr<=15%,kvB<=4k,kp<=512,0.3215,4
512,n<=64,sr<=15%,kvB<=4k,kp<=8k,0.3421,4
512,n<=64,sr<=15%,kvB<=4k,kp=0,0.2883,4
512,n<=64,sr<=40%,kvB<=16k,kp<=1k,0.3154,2
512,n<=64,sr<=40%,kvB<=16k,kp<=2k,0.3187,2
512,n<=64,sr<=40%,kvB<=16k,kp<=4k,0.32,2
512,n<=64,sr<=40%,kvB<=16k,kp<=512,0.3171,2
512,n<=64,sr<=40%,kvB<=16k,kp<=8k,0.3196,2
512,n<=64,sr<=40%,kvB<=16k,kp=0,0.3159,2
512,n<=64,sr<=40%,kvB<=1k,kp<=1k,0.3057,2
512,n<=64,sr<=40%,kvB<=1k,kp<=2k,0.313,2
512,n<=64,sr<=40%,kvB<=1k,kp<=4k,0.301,2
512,n<=64,sr<=40%,kvB<=1k,kp<=512,0.3124,2
512,n<=64,sr<=40%,kvB<=1k,kp<=8k,0.3053,2
512,n<=64,sr<=40%,kvB<=1k,kp=0,0.2976,2
512,n<=64,sr<=40%,kvB<=4k,kp<=1k,0.3002,2
512,n<=64,sr<=40%,kvB<=4k,kp<=2k,0.3105,2
512,n<=64,sr<=40%,kvB<=4k,kp<=4k,0.3129,2
512,n<=64,sr<=40%,kvB<=4k,kp<=512,0.312,2
512,n<=64,sr<=40%,kvB<=4k,kp<=8k,0.3088,2
512,n<=64,sr<=40%,kvB<=4k,kp=0,0.3152,2
512,n<=64,sr<=5%,kvB<=16k,kp<=1k,0.2885,6
512,n<=64,sr<=5%,kvB<=16k,kp<=2k,0.2708,6
512,n<=64,sr<=5%,kvB<=16k,kp<=4k,0.2958,6
512,n<=64,sr<=5%,kvB<=16k,kp<=512,0.2843,6
512,n<=64,sr<=5%,kvB<=16k,kp<=8k,0.2746,6
512,n<=64,sr<=5%,kvB<=16k,kp=0,0.3042,6
512,n<=64,sr<=5%,kvB<=1k,kp<=1k,0.2806,6
512,n<=64,sr<=5%,kvB<=1k,kp<=2k,0.3047,6
512,n<=64,sr<=5%,kvB<=1k,kp<=4k,0.3025,6
512,n<=64,sr<=5%,kvB<=1k,kp<=512,0.2805,6
512,n<=64,sr<=5%,kvB<=1k,kp<=8k,0.2754,6
512,n<=64,sr<=5%,kvB<=1k,kp=0,0.3088,6
512,n<=64,sr<=5%,kvB<=4k,kp<=1k,0.2925,6
512,n<=64,sr<=5%,kvB<=4k,kp<=2k,0.3036,6
512,n<=64,sr<=5%,kvB<=4k,kp<=4k,0.3009,6
512,n<=64,sr<=5%,kvB<=4k,kp<=512,0.3055,6
512,n<=64,sr<=5%,kvB<=4k,kp<=8k,0.3075,6
512,n<=64,sr<=5%,kvB<=4k,kp=0,0.2998,6
512,n<=64,sr<=70%,kvB<=16k,kp<=1k,0.3338,2
512,n<=64,sr<=70%,kvB<=16k,kp<=2k,0.3319,2
512,n<=64,sr<=70%,kvB<=16k,kp<=4k,0.3321,2
512,n<=64,sr<=70%,kvB<=16k,kp<=512,0.3324,2
512,n<=64,sr<=70%,kvB<=16k,kp<=8k,0.3294,2
512,n<=64,sr<=70%,kvB<=16k,kp=0,0.3371,2
512,n<=64,sr<=70%,kvB<=1k,kp<=1k,0.3834,2
512,n<=64,sr<=70%,kvB<=1k,kp<=2k,0.3832,2
512,n<=64,sr<=70%,kvB<=1k,kp<=4k,0.3875,2
512,n<=64,sr<=70%,kvB<=1k,kp<=512,0.3858,2
512,n<=64,sr<=70%,kvB<=1k,kp<=8k,0.3783,2
512,n<=64,sr<=70%,kvB<=1k,kp=0,0.3902,2
512,n<=64,sr<=70%,kvB<=4k,kp<=1k,0.3377,2
512,n<=64,sr<=70%,kvB<=4k,kp<=2k,0.3399,2
512,n<=64,sr<=70%,kvB<=4k,kp<=4k,0.3343,2
512,n<=64,sr<=70%,kvB<=4k,kp<=512,0.3353,2
512,n<=64,sr<=70%,kvB<=4k,kp<=8k,0.331,2
512,n<=64,sr<=70%,kvB<=4k,kp=0,0.3386,2
512,n<=64,sr>70%,kvB<=16k,kp<=1k,0.9505,4
512,n<=64,sr>70%,kvB<=16k,kp<=2k,0.9436,4
512,n<=64,sr>70%,kvB<=16k,kp<=4k,0.9554,4
512,n<=64,sr>70%,kvB<=16k,kp<=512,0.9424,4
512,n<=64,sr>70%,kvB<=16k,kp<=8k,0.9355,4
512,n<=64,sr>70%,kvB<=16k,kp=0,0.9525,4
512,n<=64,sr>70%,kvB<=1k,kp<=1k,0.907,4
512,n<=64,sr>70%,kvB<=1k,kp<=2k,0.891,4
512,n<=64,sr>70%,kvB<=1k,kp<=4k,0.8878,4
512,n<=64,sr>70%,kvB<=1k,kp<=512,0.9083,4
512,n<=64,sr>70%,kvB<=1k,kp<=8k,0.8936,4
512,n<=64,sr>70%,kvB<=1k,kp=0,0.8854,4
512,n<=64,sr>70%,kvB<=4k,kp<=1k,0.9206,4
512,n<=64,sr>70%,kvB<=4k,kp<=2k,0.9201,4
512,n<=64,sr>70%,kvB<=4k,kp<=4k,0.9282,4
512,n<=64,sr>70%,kvB<=4k,kp<=512,0.9304,4
512,n<=64,sr>70%,kvB<=4k,kp<=8k,0.9348,4
512,n<=64,sr>70%,kvB<=4k,kp=0,0.9254,4
512,n<=8,sr<=15%,kvB<=16k,kp<=1k,-0.0147,2
512,n<=8,sr<=15%,kvB<=16k,kp<=2k,-0.0169,2
512,n<=8,sr<=15%,kvB<=16k,kp<=4k,-0.0196,2
512,n<=8,sr<=15%,kvB<=16k,kp<=512,-0.0144,2
512,n<=8,sr<=15%,kvB<=16k,kp<=8k,-0.0239,2
512,n<=8,sr<=15%,kvB<=16k,kp=0,-0.015,2
512,n<=8,sr<=15%,kvB<=1k,kp<=1k,0.0623,2
512,n<=8,sr<=15%,kvB<=1k,kp<=2k,0.0981,2
512,n<=8,sr<=15%,kvB<=1k,kp<=4k,0.0572,2
512,n<=8,sr<=15%,kvB<=1k,kp<=512,0.0723,2
512,n<=8,sr<=15%,kvB<=1k,kp<=8k,0.0062,2
512,n<=8,sr<=15%,kvB<=1k,kp=0,0.0536,2
512,n<=8,sr<=15%,kvB<=4k,kp<=1k,-0.0424,2
512,n<=8,sr<=15%,kvB<=4k,kp<=2k,-0.0148,2
512,n<=8,sr<=15%,kvB<=4k,kp<=4k,-0.0332,2
512,n<=8,sr<=15%,kvB<=4k,kp<=512,-0.0405,2
512,n<=8,sr<=15%,kvB<=4k,kp<=8k,-0.0335,2
512,n<=8,sr<=15%,kvB<=4k,kp=0,-0.0308,2
512,n<=8,sr<=40%,kvB<=16k,kp<=1k,0.0286,4
512,n<=8,sr<=40%,kvB<=16k,kp<=2k,0.0319,4
512,n<=8,sr<=40%,kvB<=16k,kp<=4k,0.0271,4
512,n<=8,sr<=40%,kvB<=16k,kp<=512,0.0266,4
512,n<=8,sr<=40%,kvB<=16k,kp<=8k,0.0368,4
512,n<=8,sr<=40%,kvB<=16k,kp=0,0.0306,4
512,n<=8,sr<=40%,kvB<=1k,kp<=1k,0.0739,4
512,n<=8,sr<=40%,kvB<=1k,kp<=2k,0.0739,4
512,n<=8,sr<=40%,kvB<=1k,kp<=4k,0.1295,4
512,n<=8,sr<=40%,kvB<=1k,kp<=512,0.0852,4
512,n<=8,sr<=40%,kvB<=1k,kp<=8k,0.1184,4
512,n<=8,sr<=40%,kvB<=1k,kp=0,0.1319,4
512,n<=8,sr<=40%,kvB<=4k,kp<=1k,0.0184,4
512,n<=8,sr<=40%,kvB<=4k,kp<=2k,0.0381,4
512,n<=8,sr<=40%,kvB<=4k,kp<=4k,0.0103,4
512,n<=8,sr<=40%,kvB<=4k,kp<=512,0.0249,4
512,n<=8,sr<=40%,kvB<=4k,kp<=8k,0.014,4
512,n<=8,sr<=40%,kvB<=4k,kp=0,0.0204,4
512,n<=8,sr<=70%,kvB<=16k,kp<=1k,0.0844,2
512,n<=8,sr<=70%,kvB<=16k,kp<=2k,0.0959,2
512,n<=8,sr<=70%,kvB<=16k,kp<=4k,0.0992,2
512,n<=8,sr<=70%,kvB<=16k,kp<=512,0.0952,2
512,n<=8,sr<=70%,kvB<=16k,kp<=8k,0.0836,2
512,n<=8,sr<=70%,kvB<=16k,kp=0,0.0987,2
512,n<=8,sr<=70%,kvB<=1k,kp<=1k,-0.1075,2
512,n<=8,sr<=70%,kvB<=1k,kp<=2k,-0.0256,2
512,n<=8,sr<=70%,kvB<=1k,kp<=4k,0.0199,2
512,n<=8,sr<=70%,kvB<=1k,kp<=512,0.0316,2
512,n<=8,sr<=70%,kvB<=1k,kp<=8k,0.1606,2
512,n<=8,sr<=70%,kvB<=1k,kp=0,-0.0067,2
512,n<=8,sr<=70%,kvB<=4k,kp<=1k,0.0706,2
512,n<=8,sr<=70%,kvB<=4k,kp<=2k,0.0516,2
512,n<=8,sr<=70%,kvB<=4k,kp<=4k,0.0649,2
512,n<=8,sr<=70%,kvB<=4k,kp<=512,0.0378,2
512,n<=8,sr<=70%,kvB<=4k,kp<=8k,0.0084,2
512,n<=8,sr<=70%,kvB<=4k,kp=0,0.0592,2
512,n<=8,sr>70%,kvB<=16k,kp<=1k,0.1158,4
512,n<=8,sr>70%,kvB<=16k,kp<=2k,0.1385,4
512,n<=8,sr>70%,kvB<=16k,kp<=4k,0.1118,4
512,n<=8,sr>70%,kvB<=16k,kp<=512,0.1138,4
512,n<=8,sr>70%,kvB<=16k,kp<=8k,0.1369,4
512,n<=8,sr>70%,kvB<=16k,kp=0,0.124,4
512,n<=8,sr>70%,kvB<=1k,kp<=1k,0.1963,4
512,n<=8,sr>70%,kvB<=1k,kp<=2k,0.1941,4
512,n<=8,sr>70%,kvB<=1k,kp<=4k,0.1717,4
512,n<=8,sr>70%,kvB<=1k,kp<=512,0.2525,4
512,n<=8,sr>70%,kvB<=1k,kp<=8k,-0.0015,4
512,n<=8,sr>70%,kvB<=1k,kp=0,0.1714,4
512,n<=8,sr>70%,kvB<=4k,kp<=1k,0.048,4
512,n<=8,sr>70%,kvB<=4k,kp<=2k,0.0684,4
512,n<=8,sr>70%,kvB<=4k,kp<=4k,0.07,4
512,n<=8,sr>70%,kvB<=4k,kp<=512,0.0768,4
512,n<=8,sr>70%,kvB<=4k,kp<=8k,0.2436,4
512,n<=8,sr>70%,kvB<=4k,kp=0,0.0586,4
1024,n<=128,sr<=15%,kvB<=16k,kp<=1k,0.0788,4
1024,n<=128,sr<=15%,kvB<=16k,kp<=2k,0.0789,4
1024,n<=128,sr<=15%,kvB<=16k,kp<=4k,0.0787,4
1024,n<=128,sr<=15%,kvB<=16k,kp<=512,0.0793,4
1024,n<=128,sr<=15%,kvB<=16k,kp<=8k,0.0791,4
1024,n<=128,sr<=15%,kvB<=16k,kp=0,0.0789,4
1024,n<=128,sr<=15%,kvB<=1k,kp<=1k,0.0997,4
1024,n<=128,sr<=15%,kvB<=1k,kp<=2k,0.0975,4
1024,n<=128,sr<=15%,kvB<=1k,kp<=4k,0.093,4
1024,n<=128,sr<=15%,kvB<=1k,kp<=512,0.0971,4
1024,n<=128,sr<=15%,kvB<=1k,kp<=8k,0.0988,4
1024,n<=128,sr<=15%,kvB<=1k,kp=0,0.0971,4
1024,n<=128,sr<=15%,kvB<=4k,kp<=1k,0.0791,4
1024,n<=128,sr<=15%,kvB<=4k,kp<=2k,0.0779,4
1024,n<=128,sr<=15%,kvB<=4k,kp<=4k,0.0793,4
1024,n<=128,sr<=15%,kvB<=4k,kp<=512,0.0787,4
1024,n<=128,sr<=15%,kvB<=4k,kp<=8k,0.0786,4
1024,n<=128,sr<=15%,kvB<=4k,kp=0,0.0789,4
1024,n<=128,sr<=40%,kvB<=16k,kp<=1k,0.0761,2
1024,n<=128,sr<=40%,kvB<=16k,kp<=2k,0.0765,2
1024,n<=128,sr<=40%,kvB<=16k,kp<=4k,0.0743,2
1024,n<=128,sr<=40%,kvB<=16k,kp<=512,0.0771,2
1024,n<=128,sr<=40%,kvB<=16k,kp<=8k,0.0749,2
1024,n<=128,sr<=40%,kvB<=16k,kp=0,0.0722,2
1024,n<=128,sr<=40%,kvB<=1k,kp<=1k,0.0659,2
1024,n<=128,sr<=40%,kvB<=1k,kp<=2k,0.0681,2
1024,n<=128,sr<=40%,kvB<=1k,kp<=4k,0.063,2
1024,n<=128,sr<=40%,kvB<=1k,kp<=512,0.0632,2
1024,n<=128,sr<=40%,kvB<=1k,kp<=8k,0.0561,2
1024,n<=128,sr<=40%,kvB<=1k,kp=0,0.067,2
1024,n<=128,sr<=40%,kvB<=4k,kp<=1k,0.0692,2
1024,n<=128,sr<=40%,kvB<=4k,kp<=2k,0.0677,2
1024,n<=128,sr<=40%,kvB<=4k,kp<=4k,0.0606,2
1024,n<=128,sr<=40%,kvB<=4k,kp<=512,0.0683,2
1024,n<=128,sr<=40%,kvB<=4k,kp<=8k,0.067,2
1024,n<=128,sr<=40%,kvB<=4k,kp=0,0.0688,2
1024,n<=128,sr<=5%,kvB<=16k,kp<=1k,0.0929,8
1024,n<=128,sr<=5%,kvB<=16k,kp<=2k,0.0932,8
1024,n<=128,sr<=5%,kvB<=16k,kp<=4k,0.0931,8
1024,n<=128,sr<=5%,kvB<=16k,kp<=512,0.0933,8
1024,n<=128,sr<=5%,kvB<=16k,kp<=8k,0.0923,8
1024,n<=128,sr<=5%,kvB<=16k,kp=0,0.093,8
1024,n<=128,sr<=5%,kvB<=1k,kp<=1k,0.0968,8
1024,n<=128,sr<=5%,kvB<=1k,kp<=2k,0.0986,8
1024,n<=128,sr<=5%,kvB<=1k,kp<=4k,0.0971,8
1024,n<=128,sr<=5%,kvB<=1k,kp<=512,0.0968,8
1024,n<=128,sr<=5%,kvB<=1k,kp<=8k,0.0973,8
1024,n<=128,sr<=5%,kvB<=1k,kp=0,0.0964,8
1024,n<=128,sr<=5%,kvB<=4k,kp<=1k,0.0942,8
1024,n<=128,sr<=5%,kvB<=4k,kp<=2k,0.0942,8
1024,n<=128,sr<=5%,kvB<=4k,kp<=4k,0.0942,8
1024,n<=128,sr<=5%,kvB<=4k,kp<=512,0.0944,8
1024,n<=128,sr<=5%,kvB<=4k,kp<=8k,0.0935,8
1024,n<=128,sr<=5%,kvB<=4k,kp=0,0.0942,8
1024,n<=128,sr<=70%,kvB<=16k,kp<=1k,-0.0034,2
1024,n<=128,sr<=70%,kvB<=16k,kp<=2k,-0.0018,2
1024,n<=128,sr<=70%,kvB<=16k,kp<=4k,0.0003,2
1024,n<=128,sr<=70%,kvB<=16k,kp<=512,-0.0012,2
1024,n<=128,sr<=70%,kvB<=16k,kp<=8k,-0.0025,2
1024,n<=128,sr<=70%,kvB<=16k,kp=0,-0.0003,2
1024,n<=128,sr<=70%,kvB<=1k,kp<=1k,-0.0057,2
1024,n<=128,sr<=70%,kvB<=1k,kp<=2k,-0.0089,2
1024,n<=128,sr<=70%,kvB<=1k,kp<=4k,0.0056,2
1024,n<=128,sr<=70%,kvB<=1k,kp<=512,-0.0062,2
1024,n<=128,sr<=70%,kvB<=1k,kp<=8k,-0.0062,2
1024,n<=128,sr<=70%,kvB<=1k,kp=0,-0.0092,2
1024,n<=128,sr<=70%,kvB<=4k,kp<=1k,-0.0024,2
1024,n<=128,sr<=70%,kvB<=4k,kp<=2k,-0.004,2
1024,n<=128,sr<=70%,kvB<=4k,kp<=4k,-0.0039,2
1024,n<=128,sr<=70%,kvB<=4k,kp<=512,-0.0018,2
1024,n<=128,sr<=70%,kvB<=4k,kp<=8k,-0.0032,2
1024,n<=128,sr<=70%,kvB<=4k,kp=0,-0.0057,2
1024,n<=128,sr>70%,kvB<=16k,kp<=1k,-0.0225,4
1024,n<=128,sr>70%,kvB<=16k,kp<=2k,-0.0245,4
1024,n<=128,sr>70%,kvB<=16k,kp<=4k,-0.0224,4
1024,n<=128,sr>70%,kvB<=16k,kp<=512,-0.0234,4
1024,n<=128,sr>70%,kvB<=16k,kp<=8k,-0.0225,4
1024,n<=128,sr>70%,kvB<=16k,kp=0,-0.022,4
1024,n<=128,sr>70%,kvB<=1k,kp<=1k,-0.0025,4
1024,n<=128,sr>70%,kvB<=1k,kp<=2k,0.0083,4
1024,n<=128,sr>70%,kvB<=1k,kp<=4k,0.0294,4
1024,n<=128,sr>70%,kvB<=1k,kp<=512,0.0124,4
1024,n<=128,sr>70%,kvB<=1k,kp<=8k,0.0152,4
1024,n<=128,sr>70%,kvB<=1k,kp=0,0.0144,4
1024,n<=128,sr>70%,kvB<=4k,kp<=1k,-0.0265,4
1024,n<=128,sr>70%,kvB<=4k,kp<=2k,-0.0226,4
1024,n<=128,sr>70%,kvB<=4k,kp<=4k,-0.0259,4
1024,n<=128,sr>70%,kvB<=4k,kp<=512,-0.0205,4
1024,n<=128,sr>70%,kvB<=4k,kp<=8k,-0.0172,4
1024,n<=128,sr>70%,kvB<=4k,kp=0,-0.0227,4
1024,n<=16,sr<=15%,kvB<=16k,kp<=1k,0.2412,4
1024,n<=16,sr<=15%,kvB<=16k,kp<=2k,0.2388,4
1024,n<=16,sr<=15%,kvB<=16k,kp<=4k,0.2389,4
1024,n<=16,sr<=15%,kvB<=16k,kp<=512,0.2396,4
1024,n<=16,sr<=15%,kvB<=16k,kp<=8k,0.2388,4
1024,n<=16,sr<=15%,kvB<=16k,kp=0,0.2421,4
1024,n<=16,sr<=15%,kvB<=1k,kp<=1k,0.1667,4
1024,n<=16,sr<=15%,kvB<=1k,kp<=2k,0.1676,4
1024,n<=16,sr<=15%,kvB<=1k,kp<=4k,0.1894,4
1024,n<=16,sr<=15%,kvB<=1k,kp<=512,0.1638,4
1024,n<=16,sr<=15%,kvB<=1k,kp<=8k,0.1531,4
1024,n<=16,sr<=15%,kvB<=1k,kp=0,0.173,4
1024,n<=16,sr<=15%,kvB<=4k,kp<=1k,0.2187,4
1024,n<=16,sr<=15%,kvB<=4k,kp<=2k,0.2264,4
1024,n<=16,sr<=15%,kvB<=4k,kp<=4k,0.2322,4
1024,n<=16,sr<=15%,kvB<=4k,kp<=512,0.2231,4
1024,n<=16,sr<=15%,kvB<=4k,kp<=8k,0.2143,4
1024,n<=16,sr<=15%,kvB<=4k,kp=0,0.2204,4
1024,n<=16,sr<=40%,kvB<=16k,kp<=1k,0.1322,4
1024,n<=16,sr<=40%,kvB<=16k,kp<=2k,0.1348,4
1024,n<=16,sr<=40%,kvB<=16k,kp<=4k,0.1366,4
1024,n<=16,sr<=40%,kvB<=16k,kp<=512,0.1335,4
1024,n<=16,sr<=40%,kvB<=16k,kp<=8k,0.1423,4
1024,n<=16,sr<=40%,kvB<=16k,kp=0,0.132,4
1024,n<=16,sr<=40%,kvB<=1k,kp<=1k,0.0713,4
1024,n<=16,sr<=40%,kvB<=1k,kp<=2k,0.0933,4
1024,n<=16,sr<=40%,kvB<=1k,kp<=4k,1.2067,4
1024,n<=16,sr<=40%,kvB<=1k,kp<=512,0.088,4
1024,n<=16,sr<=40%,kvB<=1k,kp<=8k,0.0352,4
1024,n<=16,sr<=40%,kvB<=1k,kp=0,0.0777,4
1024,n<=16,sr<=40%,kvB<=4k,kp<=1k,0.1319,4
1024,n<=16,sr<=40%,kvB<=4k,kp<=2k,0.1248,4
1024,n<=16,sr<=40%,kvB<=4k,kp<=4k,0.1263,4
1024,n<=16,sr<=40%,kvB<=4k,kp<=512,0.1293,4
1024,n<=16,sr<=40%,kvB<=4k,kp<=8k,0.1413,4
1024,n<=16,sr<=40%,kvB<=4k,kp=0,0.12,4
1024,n<=16,sr<=70%,kvB<=16k,kp<=1k,0.1078,2
1024,n<=16,sr<=70%,kvB<=16k,kp<=2k,0.1007,2
1024,n<=16,sr<=70%,kvB<=16k,kp<=4k,0.1061,2
1024,n<=16,sr<=70%,kvB<=16k,kp<=512,0.1045,2
1024,n<=16,sr<=70%,kvB<=16k,kp<=8k,0.1055,2
1024,n<=16,sr<=70%,kvB<=16k,kp=0,0.1032,2
1024,n<=16,sr<=70%,kvB<=1k,kp<=1k,0.0251,2
1024,n<=16,sr<=70%,kvB<=1k,kp<=2k,0.0656,2
1024,n<=16,sr<=70%,kvB<=1k,kp<=4k,0.022,2
1024,n<=16,sr<=70%,kvB<=1k,kp<=512,0.0075,2
1024,n<=16,sr<=70%,kvB<=1k,kp<=8k,0.1873,2
1024,n<=16,sr<=70%,kvB<=1k,kp=0,0.0191,2
1024,n<=16,sr<=70%,kvB<=4k,kp<=1k,0.1068,2
1024,n<=16,sr<=70%,kvB<=4k,kp<=2k,0.1115,2
1024,n<=16,sr<=70%,kvB<=4k,kp<=4k,0.0608,2
1024,n<=16,sr<=70%,kvB<=4k,kp<=512,0.1118,2
1024,n<=16,sr<=70%,kvB<=4k,kp<=8k,0.1772,2
1024,n<=16,sr<=70%,kvB<=4k,kp=0,0.1154,2
1024,n<=16,sr>70%,kvB<=16k,kp<=1k,0.9399,4
1024,n<=16,sr>70%,kvB<=16k,kp<=2k,0.9398,4
1024,n<=16,sr>70%,kvB<=16k,kp<=4k,0.9551,4
1024,n<=16,sr>70%,kvB<=16k,kp<=512,0.935,4
1024,n<=16,sr>70%,kvB<=16k,kp<=8k,0.9419,4
1024,n<=16,sr>70%,kvB<=16k,kp=0,0.9547,4
1024,n<=16,sr>70%,kvB<=1k,kp<=1k,0.8383,4
1024,n<=16,sr>70%,kvB<=1k,kp<=2k,0.7781,4
1024,n<=16,sr>70%,kvB<=1k,kp<=4k,0.8547,4
1024,n<=16,sr>70%,kvB<=1k,kp<=512,0.852,4
1024,n<=16,sr>70%,kvB<=1k,kp<=8k,0.9762,4
1024,n<=16,sr>70%,kvB<=1k,kp=0,0.8407,4
1024,n<=16,sr>70%,kvB<=4k,kp<=1k,0.9503,4
1024,n<=16,sr>70%,kvB<=4k,kp<=2k,0.9166,4
1024,n<=16,sr>70%,kvB<=4k,kp<=4k,0.9485,4
1024,n<=16,sr>70%,kvB<=4k,kp<=512,0.9634,4
1024,n<=16,sr>70%,kvB<=4k,kp<=8k,0.8839,3
1024,n<=16,sr>70%,kvB<=4k,kp=0,0.9527,4
1024,n<=2,sr<=70%,kvB<=16k,kp<=1k,0.0164,2
1024,n<=2,sr<=70%,kvB<=16k,kp<=2k,0.0074,2
1024,n<=2,sr<=70%,kvB<=16k,kp<=4k,0.0797,2
1024,n<=2,sr<=70%,kvB<=16k,kp<=512,-0.009,2
1024,n<=2,sr<=70%,kvB<=16k,kp<=8k,0.0847,2
1024,n<=2,sr<=70%,kvB<=16k,kp=0,-0.0227,2
1024,n<=2,sr<=70%,kvB<=1k,kp<=1k,0.1098,2
1024,n<=2,sr<=70%,kvB<=1k,kp<=2k,-0.0078,2
1024,n<=2,sr<=70%,kvB<=1k,kp<=4k,0.653,1
1024,n<=2,sr<=70%,kvB<=1k,kp<=512,-0.0063,2
1024,n<=2,sr<=70%,kvB<=1k,kp<=8k,0.0756,1
1024,n<=2,sr<=70%,kvB<=1k,kp=0,0.0704,2
1024,n<=2,sr<=70%,kvB<=4k,kp<=1k,0.0483,2
1024,n<=2,sr<=70%,kvB<=4k,kp<=2k,0.0463,2
1024,n<=2,sr<=70%,kvB<=4k,kp<=4k,0.4353,2
1024,n<=2,sr<=70%,kvB<=4k,kp<=512,0.0102,2
1024,n<=2,sr<=70%,kvB<=4k,kp<=8k,0.2344,1
1024,n<=2,sr<=70%,kvB<=4k,kp=0,0.0613,2
1024,n<=32,sr<=15%,kvB<=16k,kp<=1k,0.4541,6
1024,n<=32,sr<=15%,kvB<=16k,kp<=2k,0.4527,6
1024,n<=32,sr<=15%,kvB<=16k,kp<=4k,0.4549,6
1024,n<=32,sr<=15%,kvB<=16k,kp<=512,0.4542,6
1024,n<=32,sr<=15%,kvB<=16k,kp<=8k,0.4514,6
1024,n<=32,sr<=15%,kvB<=16k,kp=0,0.4544,6
1024,n<=32,sr<=15%,kvB<=1k,kp<=1k,0.4569,6
1024,n<=32,sr<=15%,kvB<=1k,kp<=2k,0.4562,6
1024,n<=32,sr<=15%,kvB<=1k,kp<=4k,0.4503,6
1024,n<=32,sr<=15%,kvB<=1k,kp<=512,0.4542,6
1024,n<=32,sr<=15%,kvB<=1k,kp<=8k,0.4853,6
1024,n<=32,sr<=15%,kvB<=1k,kp=0,0.4605,6
1024,n<=32,sr<=15%,kvB<=4k,kp<=1k,0.4525,6
1024,n<=32,sr<=15%,kvB<=4k,kp<=2k,0.4486,6
1024,n<=32,sr<=15%,kvB<=4k,kp<=4k,0.4625,6
1024,n<=32,sr<=15%,kvB<=4k,kp<=512,0.4541,6
1024,n<=32,sr<=15%,kvB<=4k,kp<=8k,0.4546,6
1024,n<=32,sr<=15%,kvB<=4k,kp=0,0.4542,6
1024,n<=32,sr<=40%,kvB<=16k,kp<=1k,0.9428,2
1024,n<=32,sr<=40%,kvB<=16k,kp<=2k,0.9405,2
1024,n<=32,sr<=40%,kvB<=16k,kp<=4k,0.9397,2
1024,n<=32,sr<=40%,kvB<=16k,kp<=512,0.94,2
1024,n<=32,sr<=40%,kvB<=16k,kp<=8k,0.9418,2
1024,n<=32,sr<=40%,kvB<=16k,kp=0,0.9423,2
1024,n<=32,sr<=40%,kvB<=1k,kp<=1k,0.9104,2
1024,n<=32,sr<=40%,kvB<=1k,kp<=2k,0.9116,2
1024,n<=32,sr<=40%,kvB<=1k,kp<=4k,0.7762,2
1024,n<=32,sr<=40%,kvB<=1k,kp<=512,0.9215,2
1024,n<=32,sr<=40%,kvB<=1k,kp<=8k,0.9131,2
1024,n<=32,sr<=40%,kvB<=1k,kp=0,0.9134,2
1024,n<=32,sr<=40%,kvB<=4k,kp<=1k,0.9315,2
1024,n<=32,sr<=40%,kvB<=4k,kp<=2k,0.9289,2
1024,n<=32,sr<=40%,kvB<=4k,kp<=4k,0.9288,2
1024,n<=32,sr<=40%,kvB<=4k,kp<=512,0.9246,2
1024,n<=32,sr<=40%,kvB<=4k,kp<=8k,0.9339,2
1024,n<=32,sr<=40%,kvB<=4k,kp=0,0.9275,2
1024,n<=32,sr<=5%,kvB<=16k,kp<=1k,0.0729,2
1024,n<=32,sr<=5%,kvB<=16k,kp<=2k,0.0723,2
1024,n<=32,sr<=5%,kvB<=16k,kp<=4k,0.0712,2
1024,n<=32,sr<=5%,kvB<=16k,kp<=512,0.0721,2
1024,n<=32,sr<=5%,kvB<=16k,kp<=8k,0.0714,2
1024,n<=32,sr<=5%,kvB<=16k,kp=0,0.0726,2
1024,n<=32,sr<=5%,kvB<=1k,kp<=1k,0.1225,2
1024,n<=32,sr<=5%,kvB<=1k,kp<=2k,0.1273,2
1024,n<=32,sr<=5%,kvB<=1k,kp<=4k,0.0996,2
1024,n<=32,sr<=5%,kvB<=1k,kp<=512,0.1248,2
1024,n<=32,sr<=5%,kvB<=1k,kp<=8k,0.1348,2
1024,n<=32,sr<=5%,kvB<=1k,kp=0,0.1283,2
1024,n<=32,sr<=5%,kvB<=4k,kp<=1k,0.0757,2
1024,n<=32,sr<=5%,kvB<=4k,kp<=2k,0.0757,2
1024,n<=32,sr<=5%,kvB<=4k,kp<=4k,0.0731,2
1024,n<=32,sr<=5%,kvB<=4k,kp<=512,0.0793,2
1024,n<=32,sr<=5%,kvB<=4k,kp<=8k,0.0876,2
1024,n<=32,sr<=5%,kvB<=4k,kp=0,0.0784,2
1024,n<=32,sr<=70%,kvB<=16k,kp<=1k,0.9571,2
1024,n<=32,sr<=70%,kvB<=16k,kp<=2k,0.9571,2
1024,n<=32,sr<=70%,kvB<=16k,kp<=4k,0.9599,2
1024,n<=32,sr<=70%,kvB<=16k,kp<=512,0.9595,2
1024,n<=32,sr<=70%,kvB<=16k,kp<=8k,0.9481,2
1024,n<=32,sr<=70%,kvB<=16k,kp=0,0.9529,2
1024,n<=32,sr<=70%,kvB<=1k,kp<=1k,0.8923,2
1024,n<=32,sr<=70%,kvB<=1k,kp<=2k,0.913,2
1024,n<=32,sr<=70%,kvB<=1k,kp<=4k,0.9606,2
1024,n<=32,sr<=70%,kvB<=1k,kp<=512,0.9099,2
1024,n<=32,sr<=70%,kvB<=1k,kp<=8k,0.9756,2
1024,n<=32,sr<=70%,kvB<=1k,kp=0,0.8982,2
1024,n<=32,sr<=70%,kvB<=4k,kp<=1k,0.9514,2
1024,n<=32,sr<=70%,kvB<=4k,kp<=2k,0.9484,2
1024,n<=32,sr<=70%,kvB<=4k,kp<=4k,0.9318,2
1024,n<=32,sr<=70%,kvB<=4k,kp<=512,0.9445,2
1024,n<=32,sr<=70%,kvB<=4k,kp<=8k,0.9417,2
1024,n<=32,sr<=70%,kvB<=4k,kp=0,0.9431,2
1024,n<=32,sr>70%,kvB<=16k,kp<=1k,0.9447,4
1024,n<=32,sr>70%,kvB<=16k,kp<=2k,0.9416,4
1024,n<=32,sr>70%,kvB<=16k,kp<=4k,0.9517,4
1024,n<=32,sr>70%,kvB<=16k,kp<=512,0.9398,4
1024,n<=32,sr>70%,kvB<=16k,kp<=8k,0.9378,4
1024,n<=32,sr>70%,kvB<=16k,kp=0,0.9515,4
1024,n<=32,sr>70%,kvB<=1k,kp<=1k,0.89,4
1024,n<=32,sr>70%,kvB<=1k,kp<=2k,0.8819,4
1024,n<=32,sr>70%,kvB<=1k,kp<=4k,1.0114,4
1024,n<=32,sr>70%,kvB<=1k,kp<=512,0.9012,4
1024,n<=32,sr>70%,kvB<=1k,kp<=8k,0.8375,4
1024,n<=32,sr>70%,kvB<=1k,kp=0,0.9076,4
1024,n<=32,sr>70%,kvB<=4k,kp<=1k,0.9453,4
1024,n<=32,sr>70%,kvB<=4k,kp<=2k,0.9264,4
1024,n<=32,sr>70%,kvB<=4k,kp<=4k,0.8666,4
1024,n<=32,sr>70%,kvB<=4k,kp<=512,0.9526,4
1024,n<=32,sr>70%,kvB<=4k,kp<=8k,0.9283,4
1024,n<=32,sr>70%,kvB<=4k,kp=0,0.9252,4
1024,n<=4,sr<=40%,kvB<=16k,kp<=1k,-0.0368,2
1024,n<=4,sr<=40%,kvB<=16k,kp<=2k,-0.0328,2
1024,n<=4,sr<=40%,kvB<=16k,kp<=4k,0.0031,2
1024,n<=4,sr<=40%,kvB<=16k,kp<=512,-0.028,2
1024,n<=4,sr<=40%,kvB<=16k,kp<=8k,-0.0837,2
1024,n<=4,sr<=40%,kvB<=16k,kp=0,-0.0303,2
1024,n<=4,sr<=40%,kvB<=1k,kp<=1k,0.2169,2
1024,n<=4,sr<=40%,kvB<=1k,kp<=2k,0.2466,2
1024,n<=4,sr<=40%,kvB<=1k,kp<=4k,-0.1457,2
1024,n<=4,sr<=40%,kvB<=1k,kp<=512,0.1646,2
1024,n<=4,sr<=40%,kvB<=1k,kp<=8k,0.2835,2
1024,n<=4,sr<=40%,kvB<=1k,kp=0,0.2311,2
1024,n<=4,sr<=40%,kvB<=4k,kp<=1k,-0.0495,2
1024,n<=4,sr<=40%,kvB<=4k,kp<=2k,-0.0639,2
1024,n<=4,sr<=40%,kvB<=4k,kp<=4k,-0.181,2
1024,n<=4,sr<=40%,kvB<=4k,kp<=512,-0.0191,2
1024,n<=4,sr<=40%,kvB<=4k,kp<=8k,0.0071,2
1024,n<=4,sr<=40%,kvB<=4k,kp=0,-0.0543,2
1024,n<=4,sr<=70%,kvB<=16k,kp<=1k,-0.0327,2
1024,n<=4,sr<=70%,kvB<=16k,kp<=2k,-0.0094,2
1024,n<=4,sr<=70%,kvB<=16k,kp<=4k,-0.0306,2
1024,n<=4,sr<=70%,kvB<=16k,kp<=512,-0.03,2
1024,n<=4,sr<=70%,kvB<=16k,kp<=8k,-0.0119,2
1024,n<=4,sr<=70%,kvB<=16k,kp=0,-0.0066,2
1024,n<=4,sr<=70%,kvB<=1k,kp<=1k,0.0651,2
1024,n<=4,sr<=70%,kvB<=1k,kp<=2k,-0.0018,2
1024,n<=4,sr<=70%,kvB<=1k,kp<=4k,-0.0325,2
1024,n<=4,sr<=70%,kvB<=1k,kp<=512,0.0908,2
1024,n<=4,sr<=70%,kvB<=1k,kp<=8k,-0.2091,2
1024,n<=4,sr<=70%,kvB<=1k,kp=0,0.0515,2
1024,n<=4,sr<=70%,kvB<=4k,kp<=1k,-0.0727,2
1024,n<=4,sr<=70%,kvB<=4k,kp<=2k,-0.1564,2
1024,n<=4,sr<=70%,kvB<=4k,kp<=4k,-0.3323,2
1024,n<=4,sr<=70%,kvB<=4k,kp<=512,-0.1502,2
1024,n<=4,sr<=70%,kvB<=4k,kp<=8k,-0.0928,2
1024,n<=4,sr<=70%,kvB<=4k,kp=0,-0.1032,2
1024,n<=4,sr>70%,kvB<=16k,kp<=1k,-0.0745,2
1024,n<=4,sr>70%,kvB<=16k,kp<=2k,-0.0336,2
1024,n<=4,sr>70%,kvB<=16k,kp<=4k,0.1296,2
1024,n<=4,sr>70%,kvB<=16k,kp<=512,-0.0591,2
1024,n<=4,sr>70%,kvB<=16k,kp<=8k,-0.0274,2
1024,n<=4,sr>70%,kvB<=16k,kp=0,-0.0633,2
1024,n<=4,sr>70%,kvB<=1k,kp<=1k,0.0422,2
1024,n<=4,sr>70%,kvB<=1k,kp<=2k,0.0632,2
1024,n<=4,sr>70%,kvB<=1k,kp<=4k,0.0819,1
1024,n<=4,sr>70%,kvB<=1k,kp<=512,0.083,2
1024,n<=4,sr>70%,kvB<=1k,kp<=8k,0.4322,2
1024,n<=4,sr>70%,kvB<=1k,kp=0,-0.0267,2
1024,n<=4,sr>70%,kvB<=4k,kp<=1k,-0.1229,2
1024,n<=4,sr>70%,kvB<=4k,kp<=2k,-0.0641,2
1024,n<=4,sr>70%,kvB<=4k,kp<=4k,-0.4024,2
1024,n<=4,sr>70%,kvB<=4k,kp<=512,-0.0931,2
1024,n<=4,sr>70%,kvB<=4k,kp<=8k,0.0101,2
1024,n<=4,sr>70%,kvB<=4k,kp=0,-0.0996,2
1024,n<=64,sr<=15%,kvB<=16k,kp<=1k,0.321,4
1024,n<=64,sr<=15%,kvB<=16k,kp<=2k,0.3004,4
1024,n<=64,sr<=15%,kvB<=16k,kp<=4k,0.2949,4
1024,n<=64,sr<=15%,kvB<=16k,kp<=512,0.3041,4
1024,n<=64,sr<=15%,kvB<=16k,kp<=8k,0.3148,4
1024,n<=64,sr<=15%,kvB<=16k,kp=0,0.2973,4
1024,n<=64,sr<=15%,kvB<=1k,kp<=1k,0.2846,4
1024,n<=64,sr<=15%,kvB<=1k,kp<=2k,0.3145,4
1024,n<=64,sr<=15%,kvB<=1k,kp<=4k,0.3253,4
1024,n<=64,sr<=15%,kvB<=1k,kp<=512,0.3124,4
1024,n<=64,sr<=15%,kvB<=1k,kp<=8k,0.3091,4
1024,n<=64,sr<=15%,kvB<=1k,kp=0,0.3349,4
1024,n<=64,sr<=15%,kvB<=4k,kp<=1k,0.3325,4
1024,n<=64,sr<=15%,kvB<=4k,kp<=2k,0.3204,4
1024,n<=64,sr<=15%,kvB<=4k,kp<=4k,0.2952,4
1024,n<=64,sr<=15%,kvB<=4k,kp<=512,0.3081,4
1024,n<=64,sr<=15%,kvB<=4k,kp<=8k,0.2882,4
1024,n<=64,sr<=15%,kvB<=4k,kp=0,0.306,4
1024,n<=64,sr<=40%,kvB<=16k,kp<=1k,0.318,2
1024,n<=64,sr<=40%,kvB<=16k,kp<=2k,0.3187,2
1024,n<=64,sr<=40%,kvB<=16k,kp<=4k,0.321,2
1024,n<=64,sr<=40%,kvB<=16k,kp<=512,0.3202,2
1024,n<=64,sr<=40%,kvB<=16k,kp<=8k,0.3198,2
1024,n<=64,sr<=40%,kvB<=16k,kp=0,0.3208,2
1024,n<=64,sr<=40%,kvB<=1k,kp<=1k,0.3081,2
1024,n<=64,sr<=40%,kvB<=1k,kp<=2k,0.3163,2
1024,n<=64,sr<=40%,kvB<=1k,kp<=4k,0.3099,2
1024,n<=64,sr<=40%,kvB<=1k,kp<=512,0.3021,2
1024,n<=64,sr<=40%,kvB<=1k,kp<=8k,0.2714,2
1024,n<=64,sr<=40%,kvB<=1k,kp=0,0.3053,2
1024,n<=64,sr<=40%,kvB<=4k,kp<=1k,0.3123,2
1024,n<=64,sr<=40%,kvB<=4k,kp<=2k,0.3164,2
1024,n<=64,sr<=40%,kvB<=4k,kp<=4k,0.3155,2
1024,n<=64,sr<=40%,kvB<=4k,kp<=512,0.3165,2
1024,n<=64,sr<=40%,kvB<=4k,kp<=8k,0.2876,2
1024,n<=64,sr<=40%,kvB<=4k,kp=0,0.309,2
1024,n<=64,sr<=5%,kvB<=16k,kp<=1k,0.2902,6
1024,n<=64,sr<=5%,kvB<=16k,kp<=2k,0.3009,6
1024,n<=64,sr<=5%,kvB<=16k,kp<=4k,0.2954,6
1024,n<=64,sr<=5%,kvB<=16k,kp<=512,0.2918,6
1024,n<=64,sr<=5%,kvB<=16k,kp<=8k,0.2937,6
1024,n<=64,sr<=5%,kvB<=16k,kp=0,0.2918,6
1024,n<=64,sr<=5%,kvB<=1k,kp<=1k,0.2849,6
1024,n<=64,sr<=5%,kvB<=1k,kp<=2k,0.2653,6
1024,n<=64,sr<=5%,kvB<=1k,kp<=4k,0.2902,6
1024,n<=64,sr<=5%,kvB<=1k,kp<=512,0.2872,6
1024,n<=64,sr<=5%,kvB<=1k,kp<=8k,0.2741,6
1024,n<=64,sr<=5%,kvB<=1k,kp=0,0.2935,6
1024,n<=64,sr<=5%,kvB<=4k,kp<=1k,0.2695,6
1024,n<=64,sr<=5%,kvB<=4k,kp<=2k,0.2761,6
1024,n<=64,sr<=5%,kvB<=4k,kp<=4k,0.3032,6
1024,n<=64,sr<=5%,kvB<=4k,kp<=512,0.2899,6
1024,n<=64,sr<=5%,kvB<=4k,kp<=8k,0.285,6
1024,n<=64,sr<=5%,kvB<=4k,kp=0,0.2813,6
1024,n<=64,sr<=70%,kvB<=16k,kp<=1k,0.3278,2
1024,n<=64,sr<=70%,kvB<=16k,kp<=2k,0.3318,2
1024,n<=64,sr<=70%,kvB<=16k,kp<=4k,0.3337,2
1024,n<=64,sr<=70%,kvB<=16k,kp<=512,0.3345,2
1024,n<=64,sr<=70%,kvB<=16k,kp<=8k,0.328,2
1024,n<=64,sr<=70%,kvB<=16k,kp=0,0.326,2
1024,n<=64,sr<=70%,kvB<=1k,kp<=1k,0.3914,2
1024,n<=64,sr<=70%,kvB<=1k,kp<=2k,0.3915,2
1024,n<=64,sr<=70%,kvB<=1k,kp<=4k,0.3958,2
1024,n<=64,sr<=70%,kvB<=1k,kp<=512,0.3877,2
1024,n<=64,sr<=70%,kvB<=1k,kp<=8k,0.3765,2
1024,n<=64,sr<=70%,kvB<=1k,kp=0,0.3809,2
1024,n<=64,sr<=70%,kvB<=4k,kp<=1k,0.3427,2
1024,n<=64,sr<=70%,kvB<=4k,kp<=2k,0.3373,2
1024,n<=64,sr<=70%,kvB<=4k,kp<=4k,0.3362,2
1024,n<=64,sr<=70%,kvB<=4k,kp<=512,0.3441,2
1024,n<=64,sr<=70%,kvB<=4k,kp<=8k,0.347,2
1024,n<=64,sr<=70%,kvB<=4k,kp=0,0.333,2
1024,n<=64,sr>70%,kvB<=16k,kp<=1k,0.9532,4
1024,n<=64,sr>70%,kvB<=16k,kp<=2k,0.9528,4
1024,n<=64,sr>70%,kvB<=16k,kp<=4k,0.9507,4
1024,n<=64,sr>70%,kvB<=16k,kp<=512,0.9492,4
1024,n<=64,sr>70%,kvB<=16k,kp<=8k,0.9417,4
1024,n<=64,sr>70%,kvB<=16k,kp=0,0.9485,4
1024,n<=64,sr>70%,kvB<=1k,kp<=1k,0.8659,4
1024,n<=64,sr>70%,kvB<=1k,kp<=2k,0.895,4
1024,n<=64,sr>70%,kvB<=1k,kp<=4k,0.8876,4
1024,n<=64,sr>70%,kvB<=1k,kp<=512,0.8661,4
1024,n<=64,sr>70%,kvB<=1k,kp<=8k,0.9169,4
1024,n<=64,sr>70%,kvB<=1k,kp=0,0.869,4
1024,n<=64,sr>70%,kvB<=4k,kp<=1k,0.926,4
1024,n<=64,sr>70%,kvB<=4k,kp<=2k,0.9314,4
1024,n<=64,sr>70%,kvB<=4k,kp<=4k,0.9431,3
1024,n<=64,sr>70%,kvB<=4k,kp<=512,0.9399,4
1024,n<=64,sr>70%,kvB<=4k,kp<=8k,0.9533,4
1024,n<=64,sr>70%,kvB<=4k,kp=0,0.925,4
1024,n<=8,sr<=15%,kvB<=16k,kp<=1k,-0.0201,2
1024,n<=8,sr<=15%,kvB<=16k,kp<=2k,-0.0205,2
1024,n<=8,sr<=15%,kvB<=16k,kp<=4k,-0.0245,2
1024,n<=8,sr<=15%,kvB<=16k,kp<=512,-0.0181,2
1024,n<=8,sr<=15%,kvB<=16k,kp<=8k,-0.0326,2
1024,n<=8,sr<=15%,kvB<=16k,kp=0,-0.0189,2
1024,n<=8,sr<=15%,kvB<=1k,kp<=1k,0.0747,2
1024,n<=8,sr<=15%,kvB<=1k,kp<=2k,0.0657,2
1024,n<=8,sr<=15%,kvB<=1k,kp<=4k,0.0156,2
1024,n<=8,sr<=15%,kvB<=1k,kp<=512,0.0596,2
1024,n<=8,sr<=15%,kvB<=1k,kp<=8k,0.0947,2
1024,n<=8,sr<=15%,kvB<=1k,kp=0,0.0566,2
1024,n<=8,sr<=15%,kvB<=4k,kp<=1k,-0.0213,2
1024,n<=8,sr<=15%,kvB<=4k,kp<=2k,-0.0124,2
1024,n<=8,sr<=15%,kvB<=4k,kp<=4k,-0.0399,2
1024,n<=8,sr<=15%,kvB<=4k,kp<=512,-0.0185,2
1024,n<=8,sr<=15%,kvB<=4k,kp<=8k,0.0091,2
1024,n<=8,sr<=15%,kvB<=4k,kp=0,-0.0268,2
1024,n<=8,sr<=40%,kvB<=16k,kp<=1k,0.0248,4
1024,n<=8,sr<=40%,kvB<=16k,kp<=2k,0.0273,4
1024,n<=8,sr<=40%,kvB<=16k,kp<=4k,0.0343,4
1024,n<=8,sr<=40%,kvB<=16k,kp<=512,0.0273,4
1024,n<=8,sr<=40%,kvB<=16k,kp<=8k,0.0074,4
1024,n<=8,sr<=40%,kvB<=16k,kp=0,0.0275,4
1024,n<=8,sr<=40%,kvB<=1k,kp<=1k,0.1077,4
1024,n<=8,sr<=40%,kvB<=1k,kp<=2k,0.119,4
1024,n<=8,sr<=40%,kvB<=1k,kp<=4k,0.1902,4
1024,n<=8,sr<=40%,kvB<=1k,kp<=512,0.1041,4
1024,n<=8,sr<=40%,kvB<=1k,kp<=8k,0.1066,4
1024,n<=8,sr<=40%,kvB<=1k,kp=0,0.1176,4
1024,n<=8,sr<=40%,kvB<=4k,kp<=1k,0.0124,4
1024,n<=8,sr<=40%,kvB<=4k,kp<=2k,0.0168,4
1024,n<=8,sr<=40%,kvB<=4k,kp<=4k,-0.0609,4
1024,n<=8,sr<=40%,kvB<=4k,kp<=512,0.0057,4
1024,n<=8,sr<=40%,kvB<=4k,kp<=8k,0.0152,4
1024,n<=8,sr<=40%,kvB<=4k,kp=0,0.0225,4
1024,n<=8,sr<=70%,kvB<=16k,kp<=1k,0.0874,2
1024,n<=8,sr<=70%,kvB<=16k,kp<=2k,0.0998,2
1024,n<=8,sr<=70%,kvB<=16k,kp<=4k,0.1072,2
1024,n<=8,sr<=70%,kvB<=16k,kp<=512,0.0871,2
1024,n<=8,sr<=70%,kvB<=16k,kp<=8k,0.1127,2
1024,n<=8,sr<=70%,kvB<=16k,kp=0,0.095,2
1024,n<=8,sr<=70%,kvB<=1k,kp<=1k,0.0565,2
1024,n<=8,sr<=70%,kvB<=1k,kp<=2k,-0.0071,2
1024,n<=8,sr<=70%,kvB<=1k,kp<=4k,0.3798,2
1024,n<=8,sr<=70%,kvB<=1k,kp<=512,0.0242,2
1024,n<=8,sr<=70%,kvB<=1k,kp<=8k,0.0913,2
1024,n<=8,sr<=70%,kvB<=1k,kp=0,0.033,2
1024,n<=8,sr<=70%,kvB<=4k,kp<=1k,0.0492,2
1024,n<=8,sr<=70%,kvB<=4k,kp<=2k,0.0755,2
1024,n<=8,sr<=70%,kvB<=4k,kp<=4k,0.029,2
1024,n<=8,sr<=70%,kvB<=4k,kp<=512,0.0412,2
1024,n<=8,sr<=70%,kvB<=4k,kp<=8k,0.1227,2
1024,n<=8,sr<=70%,kvB<=4k,kp=0,0.0726,2
1024,n<=8,sr>70%,kvB<=16k,kp<=1k,0.1443,4
1024,n<=8,sr>70%,kvB<=16k,kp<=2k,0.127,4
1024,n<=8,sr>70%,kvB<=16k,kp<=4k,0.1406,4
1024,n<=8,sr>70%,kvB<=16k,kp<=512,0.1418,4
1024,n<=8,sr>70%,kvB<=16k,kp<=8k,0.1317,4
1024,n<=8,sr>70%,kvB<=16k,kp=0,0.1392,4
1024,n<=8,sr>70%,kvB<=1k,kp<=1k,0.1611,4
1024,n<=8,sr>70%,kvB<=1k,kp<=2k,0.0503,4
1024,n<=8,sr>70%,kvB<=1k,kp<=4k,0.4662,2
1024,n<=8,sr>70%,kvB<=1k,kp<=512,0.0467,4
1024,n<=8,sr>70%,kvB<=1k,kp<=8k,0.5544,4
1024,n<=8,sr>70%,kvB<=1k,kp=0,0.2008,4
1024,n<=8,sr>70%,kvB<=4k,kp<=1k,0.0753,4
1024,n<=8,sr>70%,kvB<=4k,kp<=2k,0.0638,4
1024,n<=8,sr>70%,kvB<=4k,kp<=4k,0.399,4
1024,n<=8,sr>70%,kvB<=4k,kp<=512,0.0441,4
1024,n<=8,sr>70%,kvB<=4k,kp<=8k,0.1483,4
1024,n<=8,sr>70%,kvB<=4k,kp=0,0.0844,4
2048,n<=128,sr<=15%,kvB<=16k,kp<=1k,0.0788,4
2048,n<=128,sr<=15%,kvB<=16k,kp<=2k,0.0791,4
2048,n<=128,sr<=15%,kvB<=16k,kp<=4k,0.0789,4
2048,n<=128,sr<=15%,kvB<=16k,kp<=512,0.0789,4
2048,n<=128,sr<=15%,kvB<=16k,kp<=8k,0.1378,4
2048,n<=128,sr<=15%,kvB<=16k,kp=0,0.0789,4
2048,n<=128,sr<=15%,kvB<=1k,kp<=1k,0.0976,4
2048,n<=128,sr<=15%,kvB<=1k,kp<=2k,0.0915,4
2048,n<=128,sr<=15%,kvB<=1k,kp<=4k,0.1006,4
2048,n<=128,sr<=15%,kvB<=1k,kp<=512,0.0963,4
2048,n<=128,sr<=15%,kvB<=1k,kp<=8k,0.2032,4
2048,n<=128,sr<=15%,kvB<=1k,kp=0,0.0923,4
2048,n<=128,sr<=15%,kvB<=4k,kp<=1k,0.0786,4
2048,n<=128,sr<=15%,kvB<=4k,kp<=2k,0.0779,4
2048,n<=128,sr<=15%,kvB<=4k,kp<=4k,0.081,4
2048,n<=128,sr<=15%,kvB<=4k,kp<=512,0.0789,4
2048,n<=128,sr<=15%,kvB<=4k,kp<=8k,-0.1437,4
2048,n<=128,sr<=15%,kvB<=4k,kp=0,0.079,4
2048,n<=128,sr<=40%,kvB<=16k,kp<=1k,0.0767,2
2048,n<=128,sr<=40%,kvB<=16k,kp<=2k,0.0556,2
2048,n<=128,sr<=40%,kvB<=16k,kp<=4k,0.0288,2
2048,n<=128,sr<=40%,kvB<=16k,kp<=512,0.0763,2
2048,n<=128,sr<=40%,kvB<=16k,kp<=8k,0.2218,2
2048,n<=128,sr<=40%,kvB<=16k,kp=0,0.0756,2
2048,n<=128,sr<=40%,kvB<=1k,kp<=1k,0.0632,2
2048,n<=128,sr<=40%,kvB<=1k,kp<=2k,0.0654,2
2048,n<=128,sr<=40%,kvB<=1k,kp<=4k,0.0576,2
2048,n<=128,sr<=40%,kvB<=1k,kp<=512,0.0634,2
2048,n<=128,sr<=40%,kvB<=1k,kp<=8k,0.5992,2
2048,n<=128,sr<=40%,kvB<=1k,kp=0,0.0609,2
2048,n<=128,sr<=40%,kvB<=4k,kp<=1k,0.0695,2
2048,n<=128,sr<=40%,kvB<=4k,kp<=2k,0.0597,2
2048,n<=128,sr<=40%,kvB<=4k,kp<=4k,0.0684,2
2048,n<=128,sr<=40%,kvB<=4k,kp<=512,0.0679,2
2048,n<=128,sr<=40%,kvB<=4k,kp<=8k,-0.4359,2
2048,n<=128,sr<=40%,kvB<=4k,kp=0,0.0673,2
2048,n<=128,sr<=5%,kvB<=16k,kp<=1k,0.0931,8
2048,n<=128,sr<=5%,kvB<=16k,kp<=2k,0.0921,8
2048,n<=128,sr<=5%,kvB<=16k,kp<=4k,0.0859,8
2048,n<=128,sr<=5%,kvB<=16k,kp<=512,0.0928,8
2048,n<=128,sr<=5%,kvB<=16k,kp<=8k,0.0885,8
2048,n<=128,sr<=5%,kvB<=16k,kp=0,0.0932,8
2048,n<=128,sr<=5%,kvB<=1k,kp<=1k,0.0975,8
2048,n<=128,sr<=5%,kvB<=1k,kp<=2k,0.1016,8
2048,n<=128,sr<=5%,kvB<=1k,kp<=4k,0.0964,8
2048,n<=128,sr<=5%,kvB<=1k,kp<=512,0.0972,8
2048,n<=128,sr<=5%,kvB<=1k,kp<=8k,0.0855,8
2048,n<=128,sr<=5%,kvB<=1k,kp=0,0.0959,8
2048,n<=128,sr<=5%,kvB<=4k,kp<=1k,0.0939,8
2048,n<=128,sr<=5%,kvB<=4k,kp<=2k,0.0945,8
2048,n<=128,sr<=5%,kvB<=4k,kp<=4k,0.0944,8
2048,n<=128,sr<=5%,kvB<=4k,kp<=512,0.0941,8
2048,n<=128,sr<=5%,kvB<=4k,kp<=8k,-0.0716,8
2048,n<=128,sr<=5%,kvB<=4k,kp=0,0.095,8
2048,n<=128,sr<=70%,kvB<=16k,kp<=1k,-0.0004,2
2048,n<=128,sr<=70%,kvB<=16k,kp<=2k,-0.0016,2
2048,n<=128,sr<=70%,kvB<=16k,kp<=4k,-0.0365,2
2048,n<=128,sr<=70%,kvB<=16k,kp<=512,0.0019,2
2048,n<=128,sr<=70%,kvB<=16k,kp<=8k,0.0067,2
2048,n<=128,sr<=70%,kvB<=16k,kp=0,0.0005,2
2048,n<=128,sr<=70%,kvB<=1k,kp<=1k,-0.0026,2
2048,n<=128,sr<=70%,kvB<=1k,kp<=2k,-0.0124,2
2048,n<=128,sr<=70%,kvB<=1k,kp<=4k,0.0035,2
2048,n<=128,sr<=70%,kvB<=1k,kp<=512,-0.005,2
2048,n<=128,sr<=70%,kvB<=1k,kp<=8k,-0.5044,2
2048,n<=128,sr<=70%,kvB<=1k,kp=0,-0.0051,2
2048,n<=128,sr<=70%,kvB<=4k,kp<=1k,-0.0088,2
2048,n<=128,sr<=70%,kvB<=4k,kp<=2k,-0.002,2
2048,n<=128,sr<=70%,kvB<=4k,kp<=4k,-0.0042,2
2048,n<=128,sr<=70%,kvB<=4k,kp<=512,-0.0037,2
2048,n<=128,sr<=70%,kvB<=4k,kp<=8k,0.1395,2
2048,n<=128,sr<=70%,kvB<=4k,kp=0,-0.0075,2
2048,n<=128,sr>70%,kvB<=16k,kp<=1k,-0.0386,4
2048,n<=128,sr>70%,kvB<=16k,kp<=2k,-0.0219,4
2048,n<=128,sr>70%,kvB<=16k,kp<=4k,-0.022,4
2048,n<=128,sr>70%,kvB<=16k,kp<=512,-0.0218,4
2048,n<=128,sr>70%,kvB<=16k,kp<=8k,-0.1729,4
2048,n<=128,sr>70%,kvB<=16k,kp=0,-0.0219,4
2048,n<=128,sr>70%,kvB<=1k,kp<=1k,0.0046,4
2048,n<=128,sr>70%,kvB<=1k,kp<=2k,0.004,4
2048,n<=128,sr>70%,kvB<=1k,kp<=4k,-0.026,4
2048,n<=128,sr>70%,kvB<=1k,kp<=512,0.0079,4
2048,n<=128,sr>70%,kvB<=1k,kp<=8k,0.1286,3
2048,n<=128,sr>70%,kvB<=1k,kp=0,0.0275,4
2048,n<=128,sr>70%,kvB<=4k,kp<=1k,-0.0207,4
2048,n<=128,sr>70%,kvB<=4k,kp<=2k,-0.023,4
2048,n<=128,sr>70%,kvB<=4k,kp<=4k,-0.0203,4
2048,n<=128,sr>70%,kvB<=4k,kp<=512,-0.0211,4
2048,n<=128,sr>70%,kvB<=4k,kp<=8k,0.0317,2
2048,n<=128,sr>70%,kvB<=4k,kp=0,-0.0217,4
2048,n<=16,sr<=15%,kvB<=16k,kp<=1k,0.2404,4
2048,n<=16,sr<=15%,kvB<=16k,kp<=2k,0.2359,4
2048,n<=16,sr<=15%,kvB<=16k,kp<=4k,0.2318,4
2048,n<=16,sr<=15%,kvB<=16k,kp<=512,0.2347,4
2048,n<=16,sr<=15%,kvB<=16k,kp<=8k,0.2333,4
2048,n<=16,sr<=15%,kvB<=16k,kp=0,0.2379,4
2048,n<=16,sr<=15%,kvB<=1k,kp<=1k,0.1777,4
2048,n<=16,sr<=15%,kvB<=1k,kp<=2k,0.1815,4
2048,n<=16,sr<=15%,kvB<=1k,kp<=4k,0.2326,4
2048,n<=16,sr<=15%,kvB<=1k,kp<=512,0.1495,4
2048,n<=16,sr<=15%,kvB<=1k,kp<=8k,0.1124,4
2048,n<=16,sr<=15%,kvB<=1k,kp=0,0.1472,4
2048,n<=16,sr<=15%,kvB<=4k,kp<=1k,0.2373,4
2048,n<=16,sr<=15%,kvB<=4k,kp<=2k,0.2339,4
2048,n<=16,sr<=15%,kvB<=4k,kp<=4k,0.215,3
2048,n<=16,sr<=15%,kvB<=4k,kp<=512,0.1988,4
2048,n<=16,sr<=15%,kvB<=4k,kp<=8k,0.2305,4
2048,n<=16,sr<=15%,kvB<=4k,kp=0,0.2273,4
2048,n<=16,sr<=40%,kvB<=16k,kp<=1k,0.1368,4
2048,n<=16,sr<=40%,kvB<=16k,kp<=2k,0.1398,4
2048,n<=16,sr<=40%,kvB<=16k,kp<=4k,0.1392,4
2048,n<=16,sr<=40%,kvB<=16k,kp<=512,0.1259,4
2048,n<=16,sr<=40%,kvB<=16k,kp<=8k,0.1362,4
2048,n<=16,sr<=40%,kvB<=16k,kp=0,0.1312,4
2048,n<=16,sr<=40%,kvB<=1k,kp<=1k,0.0602,4
2048,n<=16,sr<=40%,kvB<=1k,kp<=2k,0.0471,4
2048,n<=16,sr<=40%,kvB<=1k,kp<=4k,0.0329,4
2048,n<=16,sr<=40%,kvB<=1k,kp<=512,0.0596,4
2048,n<=16,sr<=40%,kvB<=1k,kp<=8k,0.237,4
2048,n<=16,sr<=40%,kvB<=1k,kp=0,0.0496,4
2048,n<=16,sr<=40%,kvB<=4k,kp<=1k,0.1296,4
2048,n<=16,sr<=40%,kvB<=4k,kp<=2k,0.0911,4
2048,n<=16,sr<=40%,kvB<=4k,kp<=4k,0.0824,4
2048,n<=16,sr<=40%,kvB<=4k,kp<=512,0.1167,4
2048,n<=16,sr<=40%,kvB<=4k,kp<=8k,0.0708,4
2048,n<=16,sr<=40%,kvB<=4k,kp=0,0.1437,4
2048,n<=16,sr<=70%,kvB<=16k,kp<=1k,0.1046,2
2048,n<=16,sr<=70%,kvB<=16k,kp<=2k,0.1061,2
2048,n<=16,sr<=70%,kvB<=16k,kp<=4k,0.1179,2
2048,n<=16,sr<=70%,kvB<=16k,kp<=512,0.1051,2
2048,n<=16,sr<=70%,kvB<=16k,kp<=8k,0.087,2
2048,n<=16,sr<=70%,kvB<=16k,kp=0,0.1081,2
2048,n<=16,sr<=70%,kvB<=1k,kp<=1k,0.1617,2
2048,n<=16,sr<=70%,kvB<=1k,kp<=2k,-0.0222,2
2048,n<=16,sr<=70%,kvB<=1k,kp<=4k,0.0822,2
2048,n<=16,sr<=70%,kvB<=1k,kp<=512,-0.0701,2
2048,n<=16,sr<=70%,kvB<=1k,kp<=8k,-1.5955,1
2048,n<=16,sr<=70%,kvB<=1k,kp=0,0.0641,2
2048,n<=16,sr<=70%,kvB<=4k,kp<=1k,0.1235,2
2048,n<=16,sr<=70%,kvB<=4k,kp<=2k,0.1148,2
2048,n<=16,sr<=70%,kvB<=4k,kp<=4k,0.1694,2
2048,n<=16,sr<=70%,kvB<=4k,kp<=512,0.1187,2
2048,n<=16,sr<=70%,kvB<=4k,kp<=8k,-0.0478,2
2048,n<=16,sr<=70%,kvB<=4k,kp=0,0.1179,2
2048,n<=16,sr>70%,kvB<=16k,kp<=1k,0.9365,4
2048,n<=16,sr>70%,kvB<=16k,kp<=2k,0.9299,4
2048,n<=16,sr>70%,kvB<=16k,kp<=4k,0.9562,4
2048,n<=16,sr>70%,kvB<=16k,kp<=512,0.9395,4
2048,n<=16,sr>70%,kvB<=16k,kp<=8k,0.901,4
2048,n<=16,sr>70%,kvB<=16k,kp=0,0.9555,4
2048,n<=16,sr>70%,kvB<=1k,kp<=1k,0.8892,4
2048,n<=16,sr>70%,kvB<=1k,kp<=2k,1.2947,3
2048,n<=16,sr>70%,kvB<=1k,kp<=4k,0.6772,4
2048,n<=16,sr>70%,kvB<=1k,kp<=512,0.7446,4
2048,n<=16,sr>70%,kvB<=1k,kp<=8k,0.5366,2
2048,n<=16,sr>70%,kvB<=1k,kp=0,1.0988,4
2048,n<=16,sr>70%,kvB<=4k,kp<=1k,0.9889,4
2048,n<=16,sr>70%,kvB<=4k,kp<=2k,0.9773,4
2048,n<=16,sr>70%,kvB<=4k,kp<=4k,0.991,4
2048,n<=16,sr>70%,kvB<=4k,kp<=512,1.0234,4
2048,n<=16,sr>70%,kvB<=4k,kp<=8k,1.0129,4
2048,n<=16,sr>70%,kvB<=4k,kp=0,0.9928,4
2048,n<=2,sr<=70%,kvB<=16k,kp<=1k,0.0358,2
2048,n<=2,sr<=70%,kvB<=16k,kp<=2k,-0.1021,2
2048,n<=2,sr<=70%,kvB<=16k,kp<=4k,0.0037,2
2048,n<=2,sr<=70%,kvB<=16k,kp<=512,-0.0161,2
2048,n<=2,sr<=70%,kvB<=16k,kp<=8k,-0.073,2
2048,n<=2,sr<=70%,kvB<=16k,kp=0,0.0067,2
2048,n<=2,sr<=70%,kvB<=1k,kp<=1k,0.124,1
2048,n<=2,sr<=70%,kvB<=1k,kp<=2k,1.2729,1
2048,n<=2,sr<=70%,kvB<=1k,kp<=4k,0.6448,1
2048,n<=2,sr<=70%,kvB<=1k,kp<=512,-0.3219,1
2048,n<=2,sr<=70%,kvB<=1k,kp<=8k,-1.2587,2
2048,n<=2,sr<=70%,kvB<=1k,kp=0,0.5998,2
2048,n<=2,sr<=70%,kvB<=4k,kp<=1k,-0.0917,2
2048,n<=2,sr<=70%,kvB<=4k,kp<=2k,0.4426,2
2048,n<=2,sr<=70%,kvB<=4k,kp<=4k,0.6238,1
2048,n<=2,sr<=70%,kvB<=4k,kp<=512,-0.0523,2
2048,n<=2,sr<=70%,kvB<=4k,kp<=8k,-0.1026,1
2048,n<=2,sr<=70%,kvB<=4k,kp=0,0.1423,2
2048,n<=32,sr<=15%,kvB<=16k,kp<=1k,0.4545,6
2048,n<=32,sr<=15%,kvB<=16k,kp<=2k,0.453,6
2048,n<=32,sr<=15%,kvB<=16k,kp<=4k,0.4564,6
2048,n<=32,sr<=15%,kvB<=16k,kp<=512,0.4535,6
2048,n<=32,sr<=15%,kvB<=16k,kp<=8k,0.4556,6
2048,n<=32,sr<=15%,kvB<=16k,kp=0,0.4544,6
2048,n<=32,sr<=15%,kvB<=1k,kp<=1k,0.4378,6
2048,n<=32,sr<=15%,kvB<=1k,kp<=2k,0.4386,6
2048,n<=32,sr<=15%,kvB<=1k,kp<=4k,0.4099,6
2048,n<=32,sr<=15%,kvB<=1k,kp<=512,0.4665,6
2048,n<=32,sr<=15%,kvB<=1k,kp<=8k,0.7638,6
2048,n<=32,sr<=15%,kvB<=1k,kp=0,0.4529,6
2048,n<=32,sr<=15%,kvB<=4k,kp<=1k,0.4525,6
2048,n<=32,sr<=15%,kvB<=4k,kp<=2k,0.4489,6
2048,n<=32,sr<=15%,kvB<=4k,kp<=4k,0.4604,6
2048,n<=32,sr<=15%,kvB<=4k,kp<=512,0.4557,6
2048,n<=32,sr<=15%,kvB<=4k,kp<=8k,0.4247,6
2048,n<=32,sr<=15%,kvB<=4k,kp=0,0.4569,6
2048,n<=32,sr<=40%,kvB<=16k,kp<=1k,0.9386,2
2048,n<=32,sr<=40%,kvB<=16k,kp<=2k,0.9445,2
2048,n<=32,sr<=40%,kvB<=16k,kp<=4k,0.9399,2
2048,n<=32,sr<=40%,kvB<=16k,kp<=512,0.9393,2
2048,n<=32,sr<=40%,kvB<=16k,kp<=8k,0.937,2
2048,n<=32,sr<=40%,kvB<=16k,kp=0,0.9391,2
2048,n<=32,sr<=40%,kvB<=1k,kp<=1k,0.9166,2
2048,n<=32,sr<=40%,kvB<=1k,kp<=2k,0.8389,2
2048,n<=32,sr<=40%,kvB<=1k,kp<=4k,1.0068,2
2048,n<=32,sr<=40%,kvB<=1k,kp<=512,0.8835,2
2048,n<=32,sr<=40%,kvB<=1k,kp<=8k,0.845,2
2048,n<=32,sr<=40%,kvB<=1k,kp=0,0.8764,2
2048,n<=32,sr<=40%,kvB<=4k,kp<=1k,0.9326,2
2048,n<=32,sr<=40%,kvB<=4k,kp<=2k,0.9288,2
2048,n<=32,sr<=40%,kvB<=4k,kp<=4k,0.9499,2
2048,n<=32,sr<=40%,kvB<=4k,kp<=512,0.9398,2
2048,n<=32,sr<=40%,kvB<=4k,kp<=8k,0.9629,2
2048,n<=32,sr<=40%,kvB<=4k,kp=0,0.9307,2
2048,n<=32,sr<=5%,kvB<=16k,kp<=1k,0.0712,2
2048,n<=32,sr<=5%,kvB<=16k,kp<=2k,0.0706,2
2048,n<=32,sr<=5%,kvB<=16k,kp<=4k,0.0768,2
2048,n<=32,sr<=5%,kvB<=16k,kp<=512,0.069,2
2048,n<=32,sr<=5%,kvB<=16k,kp<=8k,0.0701,2
2048,n<=32,sr<=5%,kvB<=16k,kp=0,0.0702,2
2048,n<=32,sr<=5%,kvB<=1k,kp<=1k,0.1298,2
2048,n<=32,sr<=5%,kvB<=1k,kp<=2k,0.068,2
2048,n<=32,sr<=5%,kvB<=1k,kp<=4k,0.1623,2
2048,n<=32,sr<=5%,kvB<=1k,kp<=512,0.1388,2
2048,n<=32,sr<=5%,kvB<=1k,kp<=8k,0.1031,2
2048,n<=32,sr<=5%,kvB<=1k,kp=0,0.1244,2
2048,n<=32,sr<=5%,kvB<=4k,kp<=1k,0.0746,2
2048,n<=32,sr<=5%,kvB<=4k,kp<=2k,0.0784,2
2048,n<=32,sr<=5%,kvB<=4k,kp<=4k,0.089,2
2048,n<=32,sr<=5%,kvB<=4k,kp<=512,0.0719,2
2048,n<=32,sr<=5%,kvB<=4k,kp<=8k,0.0625,2
2048,n<=32,sr<=5%,kvB<=4k,kp=0,0.0777,2
2048,n<=32,sr<=70%,kvB<=16k,kp<=1k,0.9554,2
2048,n<=32,sr<=70%,kvB<=16k,kp<=2k,0.9623,2
2048,n<=32,sr<=70%,kvB<=16k,kp<=4k,0.9551,2
2048,n<=32,sr<=70%,kvB<=16k,kp<=512,0.9506,2
2048,n<=32,sr<=70%,kvB<=16k,kp<=8k,0.9422,2
2048,n<=32,sr<=70%,kvB<=16k,kp=0,0.9539,2
2048,n<=32,sr<=70%,kvB<=1k,kp<=1k,0.8753,2
2048,n<=32,sr<=70%,kvB<=1k,kp<=2k,0.893,2
2048,n<=32,sr<=70%,kvB<=1k,kp<=4k,0.7937,2
2048,n<=32,sr<=70%,kvB<=1k,kp<=512,0.8731,2
2048,n<=32,sr<=70%,kvB<=1k,kp<=8k,0.7907,2
2048,n<=32,sr<=70%,kvB<=1k,kp=0,0.9277,2
2048,n<=32,sr<=70%,kvB<=4k,kp<=1k,0.9614,2
2048,n<=32,sr<=70%,kvB<=4k,kp<=2k,0.9545,2
2048,n<=32,sr<=70%,kvB<=4k,kp<=4k,0.9979,2
2048,n<=32,sr<=70%,kvB<=4k,kp<=512,0.9455,2
2048,n<=32,sr<=70%,kvB<=4k,kp<=8k,0.9827,2
2048,n<=32,sr<=70%,kvB<=4k,kp=0,0.9489,2
2048,n<=32,sr>70%,kvB<=16k,kp<=1k,0.9474,4
2048,n<=32,sr>70%,kvB<=16k,kp<=2k,0.945,4
2048,n<=32,sr>70%,kvB<=16k,kp<=4k,0.9501,4
2048,n<=32,sr>70%,kvB<=16k,kp<=512,0.9478,4
2048,n<=32,sr>70%,kvB<=16k,kp<=8k,0.9326,4
2048,n<=32,sr>70%,kvB<=16k,kp=0,0.9474,4
2048,n<=32,sr>70%,kvB<=1k,kp<=1k,0.8758,4
2048,n<=32,sr>70%,kvB<=1k,kp<=2k,1.0158,4
2048,n<=32,sr>70%,kvB<=1k,kp<=4k,1.2537,3
2048,n<=32,sr>70%,kvB<=1k,kp<=512,0.8982,4
2048,n<=32,sr>70%,kvB<=1k,kp<=8k,0.6516,3
2048,n<=32,sr>70%,kvB<=1k,kp=0,0.9279,4
2048,n<=32,sr>70%,kvB<=4k,kp<=1k,0.956,4
2048,n<=32,sr>70%,kvB<=4k,kp<=2k,0.9237,4
2048,n<=32,sr>70%,kvB<=4k,kp<=4k,1.0258,4
2048,n<=32,sr>70%,kvB<=4k,kp<=512,0.965,4
2048,n<=32,sr>70%,kvB<=4k,kp<=8k,0.9203,4
2048,n<=32,sr>70%,kvB<=4k,kp=0,0.9498,4
2048,n<=4,sr<=40%,kvB<=16k,kp<=1k,-0.0374,2
2048,n<=4,sr<=40%,kvB<=16k,kp<=2k,-0.0472,2
2048,n<=4,sr<=40%,kvB<=16k,kp<=4k,-0.0492,2
2048,n<=4,sr<=40%,kvB<=16k,kp<=512,-0.0519,2
2048,n<=4,sr<=40%,kvB<=16k,kp<=8k,0.0136,2
2048,n<=4,sr<=40%,kvB<=16k,kp=0,-0.0236,2
2048,n<=4,sr<=40%,kvB<=1k,kp<=1k,0.1292,2
2048,n<=4,sr<=40%,kvB<=1k,kp<=2k,0.4065,2
2048,n<=4,sr<=40%,kvB<=1k,kp<=4k,-1.2581,2
2048,n<=4,sr<=40%,kvB<=1k,kp<=512,0.1093,2
2048,n<=4,sr<=40%,kvB<=1k,kp<=8k,0.1759,2
2048,n<=4,sr<=40%,kvB<=1k,kp=0,0.2658,2
2048,n<=4,sr<=40%,kvB<=4k,kp<=1k,-0.1282,2
2048,n<=4,sr<=40%,kvB<=4k,kp<=2k,-0.0146,2
2048,n<=4,sr<=40%,kvB<=4k,kp<=4k,0.0556,2
2048,n<=4,sr<=40%,kvB<=4k,kp<=512,-0.0779,2
2048,n<=4,sr<=40%,kvB<=4k,kp<=8k,-0.2054,2
2048,n<=4,sr<=40%,kvB<=4k,kp=0,-0.0837,2
2048,n<=4,sr<=70%,kvB<=16k,kp<=1k,-0.0042,2
2048,n<=4,sr<=70%,kvB<=16k,kp<=2k,0.015,2
2048,n<=4,sr<=70%,kvB<=16k,kp<=4k,0.0449,2
2048,n<=4,sr<=70%,kvB<=16k,kp<=512,0.0051,2
2048,n<=4,sr<=70%,kvB<=16k,kp<=8k,0.0115,2
2048,n<=4,sr<=70%,kvB<=16k,kp=0,-0.0139,2
2048,n<=4,sr<=70%,kvB<=1k,kp<=1k,0.0474,2
2048,n<=4,sr<=70%,kvB<=1k,kp<=2k,-0.0446,2
2048,n<=4,sr<=70%,kvB<=1k,kp<=4k,0.1746,2
2048,n<=4,sr<=70%,kvB<=1k,kp<=512,0.0017,2
2048,n<=4,sr<=70%,kvB<=1k,kp=0,0.3295,2
2048,n<=4,sr<=70%,kvB<=4k,kp<=1k,-0.1157,2
2048,n<=4,sr<=70%,kvB<=4k,kp<=2k,-0.2915,2
2048,n<=4,sr<=70%,kvB<=4k,kp<=4k,-0.0029,2
2048,n<=4,sr<=70%,kvB<=4k,kp<=512,-0.1502,2
2048,n<=4,sr<=70%,kvB<=4k,kp<=8k,-0.0235,2
2048,n<=4,sr<=70%,kvB<=4k,kp=0,-0.0547,2
2048,n<=4,sr>70%,kvB<=16k,kp<=1k,-0.0874,2
2048,n<=4,sr>70%,kvB<=16k,kp<=2k,-0.0154,2
2048,n<=4,sr>70%,kvB<=16k,kp<=4k,0.2283,2
2048,n<=4,sr>70%,kvB<=16k,kp<=512,-0.0389,2
2048,n<=4,sr>70%,kvB<=16k,kp<=8k,-0.1429,2
2048,n<=4,sr>70%,kvB<=16k,kp=0,-0.0762,2
2048,n<=4,sr>70%,kvB<=1k,kp<=1k,-0.0086,2
2048,n<=4,sr>70%,kvB<=1k,kp<=2k,-0.4864,1
2048,n<=4,sr>70%,kvB<=1k,kp<=4k,0.1622,2
2048,n<=4,sr>70%,kvB<=1k,kp<=512,-0.0764,2
2048,n<=4,sr>70%,kvB<=1k,kp<=8k,0.1319,1
2048,n<=4,sr>70%,kvB<=1k,kp=0,-0.1485,2
2048,n<=4,sr>70%,kvB<=4k,kp<=1k,-0.0557,2
2048,n<=4,sr>70%,kvB<=4k,kp<=2k,0.3226,2
2048,n<=4,sr>70%,kvB<=4k,kp<=4k,0.0381,2
2048,n<=4,sr>70%,kvB<=4k,kp<=512,-0.0513,2
2048,n<=4,sr>70%,kvB<=4k,kp<=8k,-0.1899,1
2048,n<=4,sr>70%,kvB<=4k,kp=0,-0.1124,2
2048,n<=64,sr<=15%,kvB<=16k,kp<=1k,0.3202,4
2048,n<=64,sr<=15%,kvB<=16k,kp<=2k,0.3185,4
2048,n<=64,sr<=15%,kvB<=16k,kp<=4k,0.2957,4
2048,n<=64,sr<=15%,kvB<=16k,kp<=512,0.3265,4
2048,n<=64,sr<=15%,kvB<=16k,kp<=8k,0.3302,4
2048,n<=64,sr<=15%,kvB<=16k,kp=0,0.3018,4
2048,n<=64,sr<=15%,kvB<=1k,kp<=1k,0.3323,4
2048,n<=64,sr<=15%,kvB<=1k,kp<=2k,0.301,4
2048,n<=64,sr<=15%,kvB<=1k,kp<=4k,0.2971,4
2048,n<=64,sr<=15%,kvB<=1k,kp<=512,0.2836,4
2048,n<=64,sr<=15%,kvB<=1k,kp<=8k,0.3404,4
2048,n<=64,sr<=15%,kvB<=1k,kp=0,0.3242,4
2048,n<=64,sr<=15%,kvB<=4k,kp<=1k,0.2913,4
2048,n<=64,sr<=15%,kvB<=4k,kp<=2k,0.3057,4
2048,n<=64,sr<=15%,kvB<=4k,kp<=4k,0.2932,4
2048,n<=64,sr<=15%,kvB<=4k,kp<=512,0.3192,4
2048,n<=64,sr<=15%,kvB<=4k,kp<=8k,0.2802,4
2048,n<=64,sr<=15%,kvB<=4k,kp=0,0.2924,4
2048,n<=64,sr<=40%,kvB<=16k,kp<=1k,0.3195,2
2048,n<=64,sr<=40%,kvB<=16k,kp<=2k,0.3207,2
2048,n<=64,sr<=40%,kvB<=16k,kp<=4k,0.3214,2
2048,n<=64,sr<=40%,kvB<=16k,kp<=512,0.3158,2
2048,n<=64,sr<=40%,kvB<=16k,kp<=8k,0.3175,2
2048,n<=64,sr<=40%,kvB<=16k,kp=0,0.3189,2
2048,n<=64,sr<=40%,kvB<=1k,kp<=1k,0.2866,2
2048,n<=64,sr<=40%,kvB<=1k,kp<=2k,0.295,2
2048,n<=64,sr<=40%,kvB<=1k,kp<=4k,0.2976,2
2048,n<=64,sr<=40%,kvB<=1k,kp<=512,0.3066,2
2048,n<=64,sr<=40%,kvB<=1k,kp<=8k,0.2643,2
2048,n<=64,sr<=40%,kvB<=1k,kp=0,0.2952,2
2048,n<=64,sr<=40%,kvB<=4k,kp<=1k,0.3135,2
2048,n<=64,sr<=40%,kvB<=4k,kp<=2k,0.3136,2
2048,n<=64,sr<=40%,kvB<=4k,kp<=4k,0.3164,2
2048,n<=64,sr<=40%,kvB<=4k,kp<=512,0.3169,2
2048,n<=64,sr<=40%,kvB<=4k,kp<=8k,0.3125,2
2048,n<=64,sr<=40%,kvB<=4k,kp=0,0.3164,2
2048,n<=64,sr<=5%,kvB<=16k,kp<=1k,0.3017,6
2048,n<=64,sr<=5%,kvB<=16k,kp<=2k,0.2768,6
2048,n<=64,sr<=5%,kvB<=16k,kp<=4k,0.2765,6
2048,n<=64,sr<=5%,kvB<=16k,kp<=512,0.2773,6
2048,n<=64,sr<=5%,kvB<=16k,kp<=8k,0.2903,6
2048,n<=64,sr<=5%,kvB<=16k,kp=0,0.2945,6
2048,n<=64,sr<=5%,kvB<=1k,kp<=1k,0.2732,6
2048,n<=64,sr<=5%,kvB<=1k,kp<=2k,0.2941,6
2048,n<=64,sr<=5%,kvB<=1k,kp<=4k,0.2876,6
2048,n<=64,sr<=5%,kvB<=1k,kp<=512,0.286,6
2048,n<=64,sr<=5%,kvB<=1k,kp<=8k,0.2979,6
2048,n<=64,sr<=5%,kvB<=1k,kp=0,0.2739,6
2048,n<=64,sr<=5%,kvB<=4k,kp<=1k,0.2892,6
2048,n<=64,sr<=5%,kvB<=4k,kp<=2k,0.2647,6
2048,n<=64,sr<=5%,kvB<=4k,kp<=4k,0.2918,6
2048,n<=64,sr<=5%,kvB<=4k,kp<=512,0.2862,6
2048,n<=64,sr<=5%,kvB<=4k,kp<=8k,0.2763,6
2048,n<=64,sr<=5%,kvB<=4k,kp=0,0.2682,6
2048,n<=64,sr<=70%,kvB<=16k,kp<=1k,0.3271,2
2048,n<=64,sr<=70%,kvB<=16k,kp<=2k,0.326,2
2048,n<=64,sr<=70%,kvB<=16k,kp<=4k,0.3272,2
2048,n<=64,sr<=70%,kvB<=16k,kp<=512,0.3324,2
2048,n<=64,sr<=70%,kvB<=16k,kp<=8k,0.3254,2
2048,n<=64,sr<=70%,kvB<=16k,kp=0,0.3288,2
2048,n<=64,sr<=70%,kvB<=1k,kp<=1k,0.4003,2
2048,n<=64,sr<=70%,kvB<=1k,kp<=2k,0.3857,2
2048,n<=64,sr<=70%,kvB<=1k,kp<=4k,0.4111,2
2048,n<=64,sr<=70%,kvB<=1k,kp<=512,0.3904,2
2048,n<=64,sr<=70%,kvB<=1k,kp<=8k,0.3443,2
2048,n<=64,sr<=70%,kvB<=1k,kp=0,0.3903,2
2048,n<=64,sr<=70%,kvB<=4k,kp<=1k,0.3534,2
2048,n<=64,sr<=70%,kvB<=4k,kp<=2k,0.3386,2
2048,n<=64,sr<=70%,kvB<=4k,kp<=4k,0.3268,2
2048,n<=64,sr<=70%,kvB<=4k,kp<=512,0.3431,2
2048,n<=64,sr<=70%,kvB<=4k,kp<=8k,0.3295,2
2048,n<=64,sr<=70%,kvB<=4k,kp=0,0.3278,2
2048,n<=64,sr>70%,kvB<=16k,kp<=1k,0.9173,4
2048,n<=64,sr>70%,kvB<=16k,kp<=2k,0.9514,4
2048,n<=64,sr>70%,kvB<=16k,kp<=4k,0.9444,4
2048,n<=64,sr>70%,kvB<=16k,kp<=512,0.9495,4
2048,n<=64,sr>70%,kvB<=16k,kp<=8k,0.9135,4
2048,n<=64,sr>70%,kvB<=16k,kp=0,0.954,4
2048,n<=64,sr>70%,kvB<=1k,kp<=1k,0.8764,4
2048,n<=64,sr>70%,kvB<=1k,kp<=2k,0.89,4
2048,n<=64,sr>70%,kvB<=1k,kp<=4k,0.8545,4
2048,n<=64,sr>70%,kvB<=1k,kp<=512,0.8931,4
2048,n<=64,sr>70%,kvB<=1k,kp<=8k,0.7626,4
2048,n<=64,sr>70%,kvB<=1k,kp=0,0.9194,4
2048,n<=64,sr>70%,kvB<=4k,kp<=1k,0.91,4
2048,n<=64,sr>70%,kvB<=4k,kp<=2k,0.9338,4
2048,n<=64,sr>70%,kvB<=4k,kp<=4k,0.9193,4
2048,n<=64,sr>70%,kvB<=4k,kp<=512,0.9331,4
2048,n<=64,sr>70%,kvB<=4k,kp<=8k,0.9539,4
2048,n<=64,sr>70%,kvB<=4k,kp=0,0.933,4
2048,n<=8,sr<=15%,kvB<=16k,kp<=1k,-0.0185,2
2048,n<=8,sr<=15%,kvB<=16k,kp<=2k,-0.0302,2
2048,n<=8,sr<=15%,kvB<=16k,kp<=4k,-0.0243,2
2048,n<=8,sr<=15%,kvB<=16k,kp<=512,-0.0172,2
2048,n<=8,sr<=15%,kvB<=16k,kp<=8k,0.0138,2
2048,n<=8,sr<=15%,kvB<=16k,kp=0,-0.0149,2
2048,n<=8,sr<=15%,kvB<=1k,kp<=1k,-0.0821,2
2048,n<=8,sr<=15%,kvB<=1k,kp<=2k,-0.1563,2
2048,n<=8,sr<=15%,kvB<=1k,kp<=4k,0.1278,2
2048,n<=8,sr<=15%,kvB<=1k,kp<=512,0.1716,2
2048,n<=8,sr<=15%,kvB<=1k,kp<=8k,0.1441,2
2048,n<=8,sr<=15%,kvB<=1k,kp=0,0.1102,2
2048,n<=8,sr<=15%,kvB<=4k,kp<=1k,-0.0156,2
2048,n<=8,sr<=15%,kvB<=4k,kp<=2k,-0.0381,2
2048,n<=8,sr<=15%,kvB<=4k,kp<=4k,-0.0829,2
2048,n<=8,sr<=15%,kvB<=4k,kp<=512,-0.0133,2
2048,n<=8,sr<=15%,kvB<=4k,kp<=8k,-0.0128,2
2048,n<=8,sr<=15%,kvB<=4k,kp=0,-0.0095,2
2048,n<=8,sr<=40%,kvB<=16k,kp<=1k,0.0251,4
2048,n<=8,sr<=40%,kvB<=16k,kp<=2k,0.032,4
2048,n<=8,sr<=40%,kvB<=16k,kp<=4k,0.0147,4
2048,n<=8,sr<=40%,kvB<=16k,kp<=512,0.0307,4
2048,n<=8,sr<=40%,kvB<=16k,kp<=8k,0.0118,4
2048,n<=8,sr<=40%,kvB<=16k,kp=0,0.0235,4
2048,n<=8,sr<=40%,kvB<=1k,kp<=1k,0.1909,4
2048,n<=8,sr<=40%,kvB<=1k,kp<=2k,0.052,4
2048,n<=8,sr<=40%,kvB<=1k,kp<=4k,-0.5469,4
2048,n<=8,sr<=40%,kvB<=1k,kp<=512,0.172,4
2048,n<=8,sr<=40%,kvB<=1k,kp<=8k,0.3509,3
2048,n<=8,sr<=40%,kvB<=1k,kp=0,0.0893,4
2048,n<=8,sr<=40%,kvB<=4k,kp<=1k,0.0131,4
2048,n<=8,sr<=40%,kvB<=4k,kp<=2k,-0.0255,4
2048,n<=8,sr<=40%,kvB<=4k,kp<=4k,0.0816,4
2048,n<=8,sr<=40%,kvB<=4k,kp<=512,-0.0024,4
2048,n<=8,sr<=40%,kvB<=4k,kp<=8k,0.0667,4
2048,n<=8,sr<=40%,kvB<=4k,kp=0,0.0422,4
2048,n<=8,sr<=70%,kvB<=16k,kp<=1k,0.0986,2
2048,n<=8,sr<=70%,kvB<=16k,kp<=2k,0.1028,2
2048,n<=8,sr<=70%,kvB<=16k,kp<=4k,0.1007,2
2048,n<=8,sr<=70%,kvB<=16k,kp<=512,0.0757,2
2048,n<=8,sr<=70%,kvB<=16k,kp<=8k,0.0451,2
2048,n<=8,sr<=70%,kvB<=16k,kp=0,0.105,2
2048,n<=8,sr<=70%,kvB<=1k,kp<=1k,0.0747,2
2048,n<=8,sr<=70%,kvB<=1k,kp<=2k,0.5429,2
2048,n<=8,sr<=70%,kvB<=1k,kp<=4k,0.158,2
2048,n<=8,sr<=70%,kvB<=1k,kp<=512,-0.0929,2
2048,n<=8,sr<=70%,kvB<=1k,kp<=8k,0.8858,2
2048,n<=8,sr<=70%,kvB<=1k,kp=0,-0.0225,2
2048,n<=8,sr<=70%,kvB<=4k,kp<=1k,0.0594,2
2048,n<=8,sr<=70%,kvB<=4k,kp<=2k,0.0424,2
2048,n<=8,sr<=70%,kvB<=4k,kp<=4k,0.2047,2
2048,n<=8,sr<=70%,kvB<=4k,kp<=512,-0.0022,2
2048,n<=8,sr<=70%,kvB<=4k,kp<=8k,0.0362,2
2048,n<=8,sr<=70%,kvB<=4k,kp=0,0.0317,2
2048,n<=8,sr>70%,kvB<=16k,kp<=1k,0.1236,4
2048,n<=8,sr>70%,kvB<=16k,kp<=2k,0.0733,4
2048,n<=8,sr>70%,kvB<=16k,kp<=4k,0.0941,4
2048,n<=8,sr>70%,kvB<=16k,kp<=512,0.113,4
2048,n<=8,sr>70%,kvB<=16k,kp<=8k,0.0943,4
2048,n<=8,sr>70%,kvB<=16k,kp=0,0.1088,4
2048,n<=8,sr>70%,kvB<=1k,kp<=1k,0.1443,4
2048,n<=8,sr>70%,kvB<=1k,kp<=2k,-0.0427,4
2048,n<=8,sr>70%,kvB<=1k,kp<=4k,0.0615,4
2048,n<=8,sr>70%,kvB<=1k,kp<=512,0.5733,3
2048,n<=8,sr>70%,kvB<=1k,kp<=8k,1.1512,2
2048,n<=8,sr>70%,kvB<=1k,kp=0,-0.0226,4
2048,n<=8,sr>70%,kvB<=4k,kp<=1k,0.0492,4
2048,n<=8,sr>70%,kvB<=4k,kp<=2k,-0.0149,4
2048,n<=8,sr>70%,kvB<=4k,kp<=4k,0.3129,4
2048,n<=8,sr>70%,kvB<=4k,kp<=512,0.1261,4
2048,n<=8,sr>70%,kvB<=4k,kp<=8k,-0.1036,4
2048,n<=8,sr>70%,kvB<=4k,kp=0,0.0397,4
