regime,n,nb,ratio,skew,pc,kp,kvs,kv_big,kv_mean,t_mean_us,t_max_us,t_skew_us,alpha
pure,2,1,0.5,4.0,0,0,128,512,320,65.12,68.415,65.824,0.2137
pure,2,1,0.5,4.0,0,0,256,1024,640,69.119,90.177,70.88,0.0836
pure,2,1,0.5,4.0,0,0,512,2048,1280,94.431,103.806,95.808,0.1469
pure,2,1,0.5,4.0,0,0,1024,4096,2560,117.375,157.66,118.526,0.0286
pure,2,1,0.5,4.0,0,0,2048,8192,5120,183.55,263.578,185.088,0.0192
pure,2,1,0.5,4.0,0,0,4096,16384,10240,306.458,457.146,304.22,-0.0149
mixed,2,1,0.5,4.0,16,0,128,512,320,87.647,90.526,87.711,0.0222
mixed,2,1,0.5,4.0,16,0,256,1024,640,91.808,113.15,92.83,0.0479
mixed,2,1,0.5,4.0,16,0,512,2048,1280,116.349,126.27,116.701,0.0355
mixed,2,1,0.5,4.0,16,0,1024,4096,2560,140.094,179.935,140.351,0.0065
mixed,2,1,0.5,4.0,16,0,2048,8192,5120,208.955,287.292,208.895,-0.0008
mixed,2,1,0.5,4.0,16,0,4096,16384,10240,328.57,482.425,326.428,-0.0139
mixed,2,1,0.5,4.0,16,512,128,512,320,128.094,130.428,128.897,0.344
mixed,2,1,0.5,4.0,16,512,256,1024,640,132.286,150.528,133.79,0.0824
mixed,2,1,0.5,4.0,16,512,512,2048,1280,158.494,167.869,157.821,-0.0718
mixed,2,1,0.5,4.0,16,512,1024,4096,2560,184.509,224.091,182.91,-0.0404
mixed,2,1,0.5,4.0,16,512,2048,8192,5120,252.575,330.587,250.047,-0.0324
mixed,2,1,0.5,4.0,16,512,4096,16384,10240,367.833,525.208,368.477,0.0041
mixed,2,1,0.5,4.0,16,1024,128,512,320,132.382,134.495,132.126,-0.1212
mixed,2,1,0.5,4.0,16,1024,256,1024,640,135.133,156.448,136.923,0.084
mixed,2,1,0.5,4.0,16,1024,512,2048,1280,160.543,175.066,162.112,0.108
mixed,2,1,0.5,4.0,16,1024,1024,4096,2560,187.197,227.034,187.868,0.0168
mixed,2,1,0.5,4.0,16,1024,2048,8192,5120,255.325,335.452,255.135,-0.0024
mixed,2,1,0.5,4.0,16,1024,4096,16384,10240,373.594,527.512,376.251,0.0173
mixed,2,1,0.5,4.0,16,2048,128,512,320,139.137,141.793,139.936,0.3008
mixed,2,1,0.5,4.0,16,2048,256,1024,640,142.557,162.427,144.607,0.1032
mixed,2,1,0.5,4.0,16,2048,512,2048,1280,169.92,179.613,169.822,-0.0101
mixed,2,1,0.5,4.0,16,2048,1024,4096,2560,196.575,233.499,194.208,-0.0641
mixed,2,1,0.5,4.0,16,2048,2048,8192,5120,268.252,342.874,265.305,-0.0395
mixed,2,1,0.5,4.0,16,2048,4096,16384,10240,384.028,537.05,385.083,0.0069
mixed,2,1,0.5,4.0,16,4096,128,512,320,172.03,173.663,172.096,0.0404
mixed,2,1,0.5,4.0,16,4096,256,1024,640,173.789,195.838,175.327,0.0698
mixed,2,1,0.5,4.0,16,4096,512,2048,1280,200.573,214.974,202.463,0.1312
mixed,2,1,0.5,4.0,16,4096,1024,4096,2560,230.781,270.459,229.598,-0.0298
mixed,2,1,0.5,4.0,16,4096,2048,8192,5120,302.201,380.09,298.524,-0.0472
mixed,2,1,0.5,4.0,16,4096,4096,16384,10240,423.61,575.514,419.227,-0.0289
mixed,2,1,0.5,4.0,16,8192,128,512,320,227.613,226.14,226.174,
mixed,2,1,0.5,4.0,16,8192,256,1024,640,227.868,249.693,228.188,0.0147
mixed,2,1,0.5,4.0,16,8192,512,2048,1280,254.14,269.918,255.806,0.1056
mixed,2,1,0.5,4.0,16,8192,1024,4096,2560,286.204,325.628,284.768,-0.0364
mixed,2,1,0.5,4.0,16,8192,2048,8192,5120,354.266,433.558,353.5,-0.0097
mixed,2,1,0.5,4.0,16,8192,4096,16384,10240,473.849,627.159,473.115,-0.0048
mixed,2,1,0.5,4.0,32,0,128,512,320,122.656,126.431,123.358,0.186
mixed,2,1,0.5,4.0,32,0,256,1024,640,126.687,147.551,128.479,0.0859
mixed,2,1,0.5,4.0,32,0,512,2048,1280,151.934,162.976,152.576,0.0581
mixed,2,1,0.5,4.0,32,0,1024,4096,2560,178.587,218.269,176.671,-0.0483
mixed,2,1,0.5,4.0,32,0,2048,8192,5120,245.245,326.684,245.598,0.0043
mixed,2,1,0.5,4.0,32,0,4096,16384,10240,367.033,520.858,366.779,-0.0017
mixed,2,1,0.5,4.0,32,512,128,512,320,164.832,166.912,165.501,0.3216
mixed,2,1,0.5,4.0,32,512,256,1024,640,168.413,189.727,169.629,0.0571
mixed,2,1,0.5,4.0,32,512,512,2048,1280,195.997,206.429,195.07,-0.0889
mixed,2,1,0.5,4.0,32,512,1024,4096,2560,221.598,262.65,223.55,0.0475
mixed,2,1,0.5,4.0,32,512,2048,8192,5120,290.396,369.309,291.77,0.0174
mixed,2,1,0.5,4.0,32,512,4096,16384,10240,408.056,564.791,410.394,0.0149
mixed,2,1,0.5,4.0,32,1024,128,512,320,170.014,174.045,170.845,0.2062
mixed,2,1,0.5,4.0,32,1024,256,1024,640,174.718,194.687,176.062,0.0673
mixed,2,1,0.5,4.0,32,1024,512,2048,1280,200.06,213.727,199.807,-0.0185
mixed,2,1,0.5,4.0,32,1024,1024,4096,2560,229.405,270.3,229.981,0.0141
mixed,2,1,0.5,4.0,32,1024,2048,8192,5120,299.77,377.723,299.674,-0.0012
mixed,2,1,0.5,4.0,32,1024,4096,16384,10240,416.858,571.574,417.049,0.0012
mixed,2,1,0.5,4.0,32,2048,128,512,320,185.725,187.869,186.014,0.1348
mixed,2,1,0.5,4.0,32,2048,256,1024,640,190.654,209.373,190.94,0.0153
mixed,2,1,0.5,4.0,32,2048,512,2048,1280,216.795,229.503,216.254,-0.0426
mixed,2,1,0.5,4.0,32,2048,1024,4096,2560,243.58,284.317,245.116,0.0377
mixed,2,1,0.5,4.0,32,2048,2048,8192,5120,319.93,394.778,315.452,-0.0598
mixed,2,1,0.5,4.0,32,2048,4096,16384,10240,438.394,590.616,433.819,-0.0301
mixed,2,1,0.5,4.0,32,4096,128,512,320,276.765,280.286,278.589,0.518
mixed,2,1,0.5,4.0,32,4096,256,1024,640,281.787,301.404,283.676,0.0963
mixed,2,1,0.5,4.0,32,4096,512,2048,1280,306.655,320.83,305.466,-0.0839
mixed,2,1,0.5,4.0,32,4096,1024,4096,2560,337.373,375.197,335.163,-0.0584
mixed,2,1,0.5,4.0,32,4096,2048,8192,5120,404.89,479.897,406.844,0.0261
mixed,2,1,0.5,4.0,32,4096,4096,16384,10240,521.977,676.504,520.985,-0.0064
mixed,2,1,0.5,4.0,32,8192,128,512,320,387.324,388.796,385.692,-1.1087
mixed,2,1,0.5,4.0,32,8192,256,1024,640,392.121,410.457,394.395,0.124
mixed,2,1,0.5,4.0,32,8192,512,2048,1280,414.363,431.738,417.726,0.1936
mixed,2,1,0.5,4.0,32,8192,1024,4096,2560,447.26,486.139,444.248,-0.0775
mixed,2,1,0.5,4.0,32,8192,2048,8192,5120,509.592,583.865,511.004,0.019
mixed,2,1,0.5,4.0,32,8192,4096,16384,10240,629.305,779.22,629.911,0.004
mixed,2,1,0.5,4.0,64,0,128,512,320,125.535,128.252,125.982,0.1645
mixed,2,1,0.5,4.0,64,0,256,1024,640,128.671,149.824,130.271,0.0756
mixed,2,1,0.5,4.0,64,0,512,2048,1280,153.054,167.261,155.198,0.1509
mixed,2,1,0.5,4.0,64,0,1024,4096,2560,181.724,220.287,181.47,-0.0066
mixed,2,1,0.5,4.0,64,0,2048,8192,5120,249.502,330.685,249.437,-0.0008
mixed,2,1,0.5,4.0,64,0,4096,16384,10240,370.807,520.41,373.532,0.0182
mixed,2,1,0.5,4.0,64,512,128,512,320,179.102,180.926,178.046,-0.5789
mixed,2,1,0.5,4.0,64,512,256,1024,640,182.846,202.908,184.348,0.0749
mixed,2,1,0.5,4.0,64,512,512,2048,1280,207.101,223.356,207.803,0.0432
mixed,2,1,0.5,4.0,64,512,1024,4096,2560,242.783,278.492,238.75,-0.1129
mixed,2,1,0.5,4.0,64,512,2048,8192,5120,307.835,389.339,307.773,-0.0008
mixed,2,1,0.5,4.0,64,512,4096,16384,10240,426.108,582.071,426.427,0.002
mixed,2,1,0.5,4.0,64,1024,128,512,320,237.247,239.935,237.661,0.154
mixed,2,1,0.5,4.0,64,1024,256,1024,640,241.756,261.5,242.428,0.034
mixed,2,1,0.5,4.0,64,1024,512,2048,1280,269.437,282.142,266.909,-0.199
mixed,2,1,0.5,4.0,64,1024,1024,4096,2560,297.852,337.851,296.478,-0.0344
mixed,2,1,0.5,4.0,64,1024,2048,8192,5120,367.77,447.963,370.235,0.0307
mixed,2,1,0.5,4.0,64,1024,4096,16384,10240,486.843,642.455,485.852,-0.0064
mixed,2,1,0.5,4.0,64,2048,128,512,320,277.693,281.534,276.989,-0.1833
mixed,2,1,0.5,4.0,64,2048,256,1024,640,282.237,302.525,283.387,0.0567
mixed,2,1,0.5,4.0,64,2048,512,2048,1280,306.873,323.26,306.395,-0.0292
mixed,2,1,0.5,4.0,64,2048,1024,4096,2560,336.443,374.396,336.444,0.0
mixed,2,1,0.5,4.0,64,2048,2048,8192,5120,404.219,482.49,405.979,0.0225
mixed,2,1,0.5,4.0,64,2048,4096,16384,10240,525.113,679.607,524.345,-0.005
mixed,2,1,0.5,4.0,64,4096,128,512,320,382.364,387.289,382.555,0.0388
mixed,2,1,0.5,4.0,64,4096,256,1024,640,384.922,403.515,385.818,0.0482
mixed,2,1,0.5,4.0,64,4096,512,2048,1280,409.564,422.394,407.675,-0.1472
mixed,2,1,0.5,4.0,64,4096,1024,4096,2560,437.467,478.43,437.883,0.0102
mixed,2,1,0.5,4.0,64,4096,2048,8192,5120,510.937,584.187,505.436,-0.0751
mixed,2,1,0.5,4.0,64,4096,4096,16384,10240,621.24,775.126,624.889,0.0237
mixed,2,1,0.5,4.0,64,8192,128,512,320,587.706,590.712,586.904,-0.2668
mixed,2,1,0.5,4.0,64,8192,256,1024,640,595.8,613.816,594.553,-0.0692
mixed,2,1,0.5,4.0,64,8192,512,2048,1280,616.345,634.009,616.12,-0.0127
mixed,2,1,0.5,4.0,64,8192,1024,4096,2560,647.289,687.799,647.0,-0.0071
mixed,2,1,0.5,4.0,64,8192,2048,8192,5120,713.911,790.837,714.937,0.0133
mixed,2,1,0.5,4.0,64,8192,4096,16384,10240,830.292,982.836,827.606,-0.0176
mixed,2,1,0.5,4.0,128,0,128,512,320,146.619,149.502,146.784,0.0572
mixed,2,1,0.5,4.0,128,0,256,1024,640,150.109,171.292,151.709,0.0755
mixed,2,1,0.5,4.0,128,0,512,2048,1280,177.309,188.637,176.765,-0.048
mixed,2,1,0.5,4.0,128,0,1024,4096,2560,206.142,244.222,206.779,0.0167
mixed,2,1,0.5,4.0,128,0,2048,8192,5120,275.036,349.853,274.077,-0.0128
mixed,2,1,0.5,4.0,128,0,4096,16384,10240,391.581,548.347,394.235,0.0169
mixed,2,1,0.5,4.0,128,512,128,512,320,277.663,281.692,278.396,0.1819
mixed,2,1,0.5,4.0,128,512,256,1024,640,281.854,302.204,283.26,0.0691
mixed,2,1,0.5,4.0,128,512,512,2048,1280,307.677,324.7,308.285,0.0357
mixed,2,1,0.5,4.0,128,512,1024,4096,2560,339.997,377.275,339.163,-0.0224
mixed,2,1,0.5,4.0,128,512,2048,8192,5120,409.339,485.338,409.723,0.0051
mixed,2,1,0.5,4.0,128,512,4096,16384,10240,527.386,679.193,526.522,-0.0057
mixed,2,1,0.5,4.0,128,1024,128,512,320,347.417,351.004,346.714,-0.196
mixed,2,1,0.5,4.0,128,1024,256,1024,640,351.227,369.277,350.781,-0.0247
mixed,2,1,0.5,4.0,128,1024,512,2048,1280,375.034,389.756,373.949,-0.0737
mixed,2,1,0.5,4.0,128,1024,1024,4096,2560,407.227,444.282,403.673,-0.0959
mixed,2,1,0.5,4.0,128,1024,2048,8192,5120,474.073,549.338,473.337,-0.0098
mixed,2,1,0.5,4.0,128,1024,4096,16384,10240,591.002,743.928,592.759,0.0115
mixed,2,1,0.5,4.0,128,2048,128,512,320,445.629,449.309,445.662,0.009
mixed,2,1,0.5,4.0,128,2048,256,1024,640,448.825,470.459,452.539,0.1717
mixed,2,1,0.5,4.0,128,2048,512,2048,1280,471.609,490.329,473.819,0.1181
mixed,2,1,0.5,4.0,128,2048,1024,4096,2560,503.577,543.963,503.447,-0.0032
mixed,2,1,0.5,4.0,128,2048,2048,8192,5120,575.192,648.599,570.553,-0.0632
mixed,2,1,0.5,4.0,128,2048,4096,16384,10240,689.398,845.591,688.601,-0.0051
mixed,2,1,0.5,4.0,128,4096,128,512,320,647.095,651.448,645.015,-0.4778
mixed,2,1,0.5,4.0,128,4096,256,1024,640,653.43,670.776,650.87,-0.1476
mixed,2,1,0.5,4.0,128,4096,512,2048,1280,674.969,693.141,674.103,-0.0477
mixed,2,1,0.5,4.0,128,4096,1024,4096,2560,704.664,743.351,705.079,0.0107
mixed,2,1,0.5,4.0,128,4096,2048,8192,5120,773.111,848.821,773.046,-0.0009
mixed,2,1,0.5,4.0,128,4096,4096,16384,10240,890.551,1041.937,888.658,-0.0125
mixed,2,1,0.5,4.0,128,8192,128,512,320,1043.474,1048.468,1043.09,-0.0769
mixed,2,1,0.5,4.0,128,8192,256,1024,640,1045.201,1066.259,1048.273,0.1459
mixed,2,1,0.5,4.0,128,8192,512,2048,1280,1071.314,1086.481,1071.826,0.0338
mixed,2,1,0.5,4.0,128,8192,1024,4096,2560,1102.228,1140.497,1100.05,-0.0569
mixed,2,1,0.5,4.0,128,8192,2048,8192,5120,1170.032,1243.311,1168.148,-0.0257
mixed,2,1,0.5,4.0,128,8192,4096,16384,10240,1286.511,1437.486,1283.087,-0.0227
mixed,2,1,0.5,4.0,256,0,128,512,320,267.517,270.015,267.163,-0.1417
mixed,2,1,0.5,4.0,256,0,256,1024,640,270.205,291.004,272.156,0.0938
mixed,2,1,0.5,4.0,256,0,512,2048,1280,296.507,311.996,299.1,0.1674
mixed,2,1,0.5,4.0,256,0,1024,4096,2560,327.291,366.459,328.699,0.0359
mixed,2,1,0.5,4.0,256,0,2048,8192,5120,397.338,473.977,401.755,0.0576
mixed,2,1,0.5,4.0,256,0,4096,16384,10240,516.505,669.686,519.035,0.0165
mixed,2,1,0.5,4.0,256,512,128,512,320,399.77,402.716,399.358,-0.1399
mixed,2,1,0.5,4.0,256,512,256,1024,640,405.401,424.125,407.612,0.1181
mixed,2,1,0.5,4.0,256,512,512,2048,1280,427.898,444.061,428.283,0.0238
mixed,2,1,0.5,4.0,256,512,1024,4096,2560,456.315,496.313,458.521,0.0552
mixed,2,1,0.5,4.0,256,512,2048,8192,5120,526.683,602.585,526.107,-0.0076
mixed,2,1,0.5,4.0,256,512,4096,16384,10240,643.481,797.11,642.039,-0.0094
mixed,2,1,0.5,4.0,256,1024,128,512,320,499.867,500.026,497.241,-16.5157
mixed,2,1,0.5,4.0,256,1024,256,1024,640,501.594,521.659,501.913,0.0159
mixed,2,1,0.5,4.0,256,1024,512,2048,1280,525.53,540.503,524.187,-0.0897
mixed,2,1,0.5,4.0,256,1024,1024,4096,2560,555.737,592.857,556.793,0.0284
mixed,2,1,0.5,4.0,256,1024,2048,8192,5120,622.743,703.223,622.395,-0.0043
mixed,2,1,0.5,4.0,256,1024,4096,16384,10240,740.345,893.653,741.687,0.0088
mixed,2,1,0.5,4.0,256,2048,128,512,320,693.752,697.144,695.958,0.6504
mixed,2,1,0.5,4.0,256,2048,256,1024,640,697.976,716.791,698.742,0.0407
mixed,2,1,0.5,4.0,256,2048,512,2048,1280,720.631,737.912,720.601,-0.0017
mixed,2,1,0.5,4.0,256,2048,1024,4096,2560,755.605,789.847,753.526,-0.0607
mixed,2,1,0.5,4.0,256,2048,2048,8192,5120,819.99,894.614,822.612,0.0351
mixed,2,1,0.5,4.0,256,2048,4096,16384,10240,935.826,1092.338,941.462,0.036
mixed,2,1,0.5,4.0,256,4096,128,512,320,1095.985,1098.387,1092.628,-1.3976
mixed,2,1,0.5,4.0,256,4096,256,1024,640,1099.89,1117.781,1098.289,-0.0895
mixed,2,1,0.5,4.0,256,4096,512,2048,1280,1119.862,1139.825,1123.572,0.1858
mixed,2,1,0.5,4.0,256,4096,1024,4096,2560,1155.924,1188.37,1151.568,-0.1343
mixed,2,1,0.5,4.0,256,4096,2048,8192,5120,1217.49,1296.336,1222.032,0.0576
mixed,2,1,0.5,4.0,256,4096,4096,16384,10240,1333.873,1488.365,1334.161,0.0019
mixed,2,1,0.5,4.0,256,8192,128,512,320,1884.808,1884.94,1882.378,-18.4091
mixed,2,1,0.5,4.0,256,8192,256,1024,640,1889.159,1907.719,1891.85,0.145
mixed,2,1,0.5,4.0,256,8192,512,2048,1280,1909.319,1927.433,1911.592,0.1255
mixed,2,1,0.5,4.0,256,8192,1024,4096,2560,1940.169,1981.929,1945.447,0.1264
mixed,2,1,0.5,4.0,256,8192,2048,8192,5120,2009.13,2081.834,2006.92,-0.0304
mixed,2,1,0.5,4.0,256,8192,4096,16384,10240,2125.927,2277.062,2122.633,-0.0218
mixed,2,1,0.5,4.0,512,0,128,512,320,542.33,545.275,539.066,-1.1083
mixed,2,1,0.5,4.0,512,0,256,1024,640,544.858,565.243,547.322,0.1209
mixed,2,1,0.5,4.0,512,0,512,2048,1280,567.545,586.617,569.625,0.1091
mixed,2,1,0.5,4.0,512,0,1024,4096,2560,599.864,638.425,596.697,-0.0821
mixed,2,1,0.5,4.0,512,0,2048,8192,5120,666.872,743.031,666.264,-0.008
mixed,2,1,0.5,4.0,512,0,4096,16384,10240,781.814,934.517,781.144,-0.0044
mixed,2,1,0.5,4.0,512,512,128,512,320,760.791,762.905,759.733,-0.5005
mixed,2,1,0.5,4.0,512,512,256,1024,640,765.495,784.246,765.08,-0.0221
mixed,2,1,0.5,4.0,512,512,512,2048,1280,787.127,803.603,785.877,-0.0759
mixed,2,1,0.5,4.0,512,512,1024,4096,2560,819.221,854.613,817.207,-0.0569
mixed,2,1,0.5,4.0,512,512,2048,8192,5120,883.349,960.085,886.389,0.0396
mixed,2,1,0.5,4.0,512,512,4096,16384,10240,1000.787,1153.491,1001.011,0.0015
mixed,2,1,0.5,4.0,512,1024,128,512,320,956.981,962.483,957.684,0.1278
mixed,2,1,0.5,4.0,512,1024,256,1024,640,960.468,982.293,964.47,0.1834
mixed,2,1,0.5,4.0,512,1024,512,2048,1280,984.756,1001.845,985.653,0.0525
mixed,2,1,0.5,4.0,512,1024,1024,4096,2560,1013.394,1052.95,1013.587,0.0049
mixed,2,1,0.5,4.0,512,1024,2048,8192,5120,1078.739,1157.171,1080.05,0.0167
mixed,2,1,0.5,4.0,512,1024,4096,16384,10240,1194.834,1351.694,1197.266,0.0155
mixed,2,1,0.5,4.0,512,2048,128,512,320,1351.696,1353.329,1350.355,-0.8212
mixed,2,1,0.5,4.0,512,2048,256,1024,640,1357.52,1376.753,1356.305,-0.0632
mixed,2,1,0.5,4.0,512,2048,512,2048,1280,1376.623,1393.487,1378.222,0.0948
mixed,2,1,0.5,4.0,512,2048,1024,4096,2560,1408.688,1445.905,1408.3,-0.0104
mixed,2,1,0.5,4.0,512,2048,2048,8192,5120,1475.118,1555.085,1475.664,0.0068
mixed,2,1,0.5,4.0,512,2048,4096,16384,10240,1590.926,1744.842,1589.581,-0.0087
mixed,2,1,0.5,4.0,512,4096,128,512,320,2139.721,2142.821,2141.576,0.5984
mixed,2,1,0.5,4.0,512,4096,256,1024,640,2143.143,2165.288,2147.016,0.1749
mixed,2,1,0.5,4.0,512,4096,512,2048,1280,2165.385,2176.455,2166.344,0.0866
mixed,2,1,0.5,4.0,512,4096,1024,4096,2560,2197.064,2236.072,2196.453,-0.0157
mixed,2,1,0.5,4.0,512,4096,2048,8192,5120,2262.44,2341.062,2260.808,-0.0208
mixed,2,1,0.5,4.0,512,4096,4096,16384,10240,2380.706,2536.773,2382.981,0.0146
mixed,2,1,0.5,4.0,512,8192,128,512,320,3725.493,3726.228,3723.958,-2.0884
mixed,2,1,0.5,4.0,512,8192,256,1024,640,3724.246,3747.026,3733.905,0.424
mixed,2,1,0.5,4.0,512,8192,512,2048,1280,3747.797,3765.492,3741.527,-0.3543
mixed,2,1,0.5,4.0,512,8192,1024,4096,2560,3782.296,3820.593,3776.597,-0.1488
mixed,2,1,0.5,4.0,512,8192,2048,8192,5120,3842.864,3916.98,3852.081,0.1244
mixed,2,1,0.5,4.0,512,8192,4096,16384,10240,3966.672,4123.345,3959.056,-0.0486
mixed,2,1,0.5,4.0,1024,0,128,512,320,868.822,870.678,866.006,-1.5172
mixed,2,1,0.5,4.0,1024,0,256,1024,640,871.83,889.814,873.4,0.0873
mixed,2,1,0.5,4.0,1024,0,512,2048,1280,896.183,911.575,898.006,0.1184
mixed,2,1,0.5,4.0,1024,0,1024,4096,2560,925.589,964.724,927.64,0.0524
mixed,2,1,0.5,4.0,1024,0,2048,8192,5120,997.366,1072.496,995.987,-0.0184
mixed,2,1,0.5,4.0,1024,0,4096,16384,10240,1115.253,1270.674,1111.57,-0.0237
mixed,2,1,0.5,4.0,1024,512,128,512,320,1338.96,1341.425,1338.288,-0.2726
mixed,2,1,0.5,4.0,1024,512,256,1024,640,1343.281,1362.032,1343.25,-0.0017
mixed,2,1,0.5,4.0,1024,512,512,2048,1280,1365.681,1382.994,1365.49,-0.011
mixed,2,1,0.5,4.0,1024,512,1024,4096,2560,1398.801,1434.671,1399.344,0.0151
mixed,2,1,0.5,4.0,1024,512,2048,8192,5120,1464.657,1541.326,1465.295,0.0083
mixed,2,1,0.5,4.0,1024,512,4096,16384,10240,1584.971,1737.198,1582.926,-0.0134
mixed,2,1,0.5,4.0,1024,1024,128,512,320,1731.916,1732.749,1730.059,-2.2293
mixed,2,1,0.5,4.0,1024,1024,256,1024,640,1735.407,1755.946,1737.742,0.1137
mixed,2,1,0.5,4.0,1024,1024,512,2048,1280,1758.891,1771.499,1758.123,-0.0609
mixed,2,1,0.5,4.0,1024,1024,1024,4096,2560,1786.603,1828.331,1789.036,0.0583
mixed,2,1,0.5,4.0,1024,1024,2048,8192,5120,1857.097,1939.687,1858.124,0.0124
mixed,2,1,0.5,4.0,1024,1024,4096,16384,10240,1977.225,2132.584,1979.947,0.0175
mixed,2,1,0.5,4.0,1024,2048,128,512,320,2513.764,2517.923,2514.786,0.2457
mixed,2,1,0.5,4.0,1024,2048,256,1024,640,2519.653,2537.508,2519.268,-0.0216
mixed,2,1,0.5,4.0,1024,2048,512,2048,1280,2544.706,2557.667,2542.979,-0.1332
mixed,2,1,0.5,4.0,1024,2048,1024,4096,2560,2571.011,2610.529,2573.604,0.0656
mixed,2,1,0.5,4.0,1024,2048,2048,8192,5120,2641.732,2718.69,2645.377,0.0474
mixed,2,1,0.5,4.0,1024,2048,4096,16384,10240,2759.584,2909.151,2759.103,-0.0032
mixed,2,1,0.5,4.0,1024,4096,128,512,320,4110.418,4103.83,4106.256,
mixed,2,1,0.5,4.0,1024,4096,256,1024,640,4103.443,4116.724,4112.115,0.653
mixed,2,1,0.5,4.0,1024,4096,512,2048,1280,4137.844,4151.251,4122.451,-1.1481
mixed,2,1,0.5,4.0,1024,4096,1024,4096,2560,4152.433,4192.114,4176.879,0.6161
mixed,2,1,0.5,4.0,1024,4096,2048,8192,5120,4247.283,4282.992,4245.109,-0.0609
mixed,2,1,0.5,4.0,1024,4096,4096,16384,10240,4360.399,4493.264,4372.335,0.0898
mixed,2,1,0.5,4.0,1024,8192,128,512,320,7301.329,7299.219,7281.934,
mixed,2,1,0.5,4.0,1024,8192,256,1024,640,7282.899,7322.669,7285.907,0.0756
mixed,2,1,0.5,4.0,1024,8192,512,2048,1280,7329.042,7313.905,7313.904,
mixed,2,1,0.5,4.0,1024,8192,1024,4096,2560,7349.747,7377.841,7356.333,0.2344
mixed,2,1,0.5,4.0,1024,8192,2048,8192,5120,7423.699,7498.316,7425.392,0.0227
mixed,2,1,0.5,4.0,1024,8192,4096,16384,10240,7542.956,7682.511,7557.259,0.1025
mixed,2,1,0.5,4.0,2048,0,128,512,320,2340.358,2341.639,2345.512,4.0234
mixed,2,1,0.5,4.0,2048,0,256,1024,640,2350.726,2361.769,2356.841,0.5537
mixed,2,1,0.5,4.0,2048,0,512,2048,1280,2372.677,2388.39,2375.944,0.2079
mixed,2,1,0.5,4.0,2048,0,1024,4096,2560,2398.885,2443.719,2404.903,0.1342
mixed,2,1,0.5,4.0,2048,0,2048,8192,5120,2469.636,2545.253,2476.038,0.0847
mixed,2,1,0.5,4.0,2048,0,4096,16384,10240,2591.013,2750.209,2589.285,-0.0109
mixed,2,1,0.5,4.0,2048,512,128,512,320,3203.676,3199.166,3196.447,
mixed,2,1,0.5,4.0,2048,512,256,1024,640,3202.874,3213.696,3199.39,-0.3219
mixed,2,1,0.5,4.0,2048,512,512,2048,1280,3220.156,3248.766,3224.799,0.1623
mixed,2,1,0.5,4.0,2048,512,1024,4096,2560,3255.804,3290.844,3248.957,-0.1954
mixed,2,1,0.5,4.0,2048,512,2048,8192,5120,3324.861,3412.188,3325.276,0.0048
mixed,2,1,0.5,4.0,2048,512,4096,16384,10240,3438.684,3594.424,3435.165,-0.0226
mixed,2,1,0.5,4.0,2048,1024,128,512,320,4029.556,4029.429,4035.541,
mixed,2,1,0.5,4.0,2048,1024,256,1024,640,4041.365,4056.086,4043.191,0.124
mixed,2,1,0.5,4.0,2048,1024,512,2048,1280,4065.781,4080.917,4058.707,-0.4674
mixed,2,1,0.5,4.0,2048,1024,1024,4096,2560,4093.428,4130.355,4092.374,-0.0285
mixed,2,1,0.5,4.0,2048,1024,2048,8192,5120,4161.045,4234.387,4167.125,0.0829
mixed,2,1,0.5,4.0,2048,1024,4096,16384,10240,4281.939,4437.426,4285.874,0.0253
mixed,2,1,0.5,4.0,2048,2048,128,512,320,5689.67,5695.298,5696.834,1.2729
mixed,2,1,0.5,4.0,2048,2048,256,1024,640,5712.007,5706.434,5691.938,
mixed,2,1,0.5,4.0,2048,2048,512,2048,1280,5728.675,5741.35,5717.83,-0.8556
mixed,2,1,0.5,4.0,2048,2048,1024,4096,2560,5734.307,5787.393,5761.73,0.5166
mixed,2,1,0.5,4.0,2048,2048,2048,8192,5120,5817.191,5889.598,5804.577,-0.1742
mixed,2,1,0.5,4.0,2048,2048,4096,16384,10240,5932.03,6079.425,5919.555,-0.0846
mixed,2,1,0.5,4.0,2048,4096,128,512,320,8908.384,8884.129,8891.935,
mixed,2,1,0.5,4.0,2048,4096,256,1024,640,8908.8,8924.292,8918.789,0.6448
mixed,2,1,0.5,4.0,2048,4096,512,2048,1280,8939.202,8980.797,8965.149,0.6238
mixed,2,1,0.5,4.0,2048,4096,1024,4096,2560,8985.22,8971.52,8942.018,
mixed,2,1,0.5,4.0,2048,4096,2048,8192,5120,9008.866,9088.224,9042.722,0.4266
mixed,2,1,0.5,4.0,2048,4096,4096,16384,10240,9153.184,9311.105,9136.897,-0.1031
mixed,2,1,0.5,4.0,2048,8192,128,512,320,15207.33,15212.065,15206.596,-0.155
mixed,2,1,0.5,4.0,2048,8192,256,1024,640,15228.201,15228.994,15195.998,-40.6091
mixed,2,1,0.5,4.0,2048,8192,512,2048,1280,15219.425,15263.358,15214.916,-0.1026
mixed,2,1,0.5,4.0,2048,8192,1024,4096,2560,15274.149,15265.309,15233.31,
mixed,2,1,0.5,4.0,2048,8192,2048,8192,5120,15304.262,15378.82,15359.299,0.7382
mixed,2,1,0.5,4.0,2048,8192,4096,16384,10240,15439.46,15616.836,15401.084,-0.2164
pure,4,1,0.25,4.0,0,0,128,512,224,67.713,90.911,68.062,0.015
pure,4,1,0.25,4.0,0,0,256,1024,448,73.632,110.751,88.608,0.4035
pure,4,1,0.25,4.0,0,0,512,2048,896,99.422,167.709,100.127,0.0103
pure,4,1,0.25,4.0,0,0,1024,4096,1792,153.597,273.278,144.35,-0.0773
pure,4,1,0.25,4.0,0,0,2048,8192,3584,247.74,476.826,236.989,-0.0469
pure,4,1,0.25,4.0,0,0,4096,16384,7168,426.683,888.119,406.553,-0.0436
mixed,4,1,0.25,4.0,16,0,128,512,224,89.537,113.376,90.049,0.0215
mixed,4,1,0.25,4.0,16,0,256,1024,448,95.425,132.832,109.342,0.372
mixed,4,1,0.25,4.0,16,0,512,2048,896,121.472,189.148,123.327,0.0274
mixed,4,1,0.25,4.0,16,0,1024,4096,1792,176.0,296.572,166.974,-0.0749
mixed,4,1,0.25,4.0,16,0,2048,8192,3584,268.318,501.786,258.302,-0.0429
mixed,4,1,0.25,4.0,16,0,4096,16384,7168,448.731,904.44,428.091,-0.0453
mixed,4,1,0.25,4.0,16,512,128,512,224,129.408,153.631,129.757,0.0144
mixed,4,1,0.25,4.0,16,512,256,1024,448,135.355,175.901,148.737,0.33
mixed,4,1,0.25,4.0,16,512,512,2048,896,162.716,232.189,163.805,0.0157
mixed,4,1,0.25,4.0,16,512,1024,4096,1792,218.176,335.645,209.789,-0.0714
mixed,4,1,0.25,4.0,16,512,2048,8192,3584,309.338,544.057,301.435,-0.0337
mixed,4,1,0.25,4.0,16,512,4096,16384,7168,488.604,950.997,467.58,-0.0455
mixed,4,1,0.25,4.0,16,1024,128,512,224,133.886,155.615,134.173,0.0132
mixed,4,1,0.25,4.0,16,1024,256,1024,448,139.807,181.311,154.048,0.3431
mixed,4,1,0.25,4.0,16,1024,512,2048,896,167.422,237.339,168.382,0.0137
mixed,4,1,0.25,4.0,16,1024,1024,4096,1792,223.774,344.092,214.365,-0.0782
mixed,4,1,0.25,4.0,16,1024,2048,8192,3584,316.735,543.802,306.747,-0.044
mixed,4,1,0.25,4.0,16,1024,4096,16384,7168,493.629,952.116,476.956,-0.0364
mixed,4,1,0.25,4.0,16,2048,128,512,224,141.375,164.096,141.76,0.0169
mixed,4,1,0.25,4.0,16,2048,256,1024,448,145.823,188.991,160.991,0.3514
mixed,4,1,0.25,4.0,16,2048,512,2048,896,174.078,245.502,175.294,0.017
mixed,4,1,0.25,4.0,16,2048,1024,4096,1792,231.132,351.671,223.68,-0.0618
mixed,4,1,0.25,4.0,16,2048,2048,8192,3584,322.974,555.866,315.579,-0.0318
mixed,4,1,0.25,4.0,16,2048,4096,16384,7168,505.657,956.566,486.169,-0.0432
mixed,4,1,0.25,4.0,16,4096,128,512,224,174.463,197.086,175.711,0.0552
mixed,4,1,0.25,4.0,16,4096,256,1024,448,180.605,219.166,194.044,0.3485
mixed,4,1,0.25,4.0,16,4096,512,2048,896,209.342,279.964,208.125,-0.0172
mixed,4,1,0.25,4.0,16,4096,1024,4096,1792,264.478,385.309,259.455,-0.0416
mixed,4,1,0.25,4.0,16,4096,2048,8192,3584,358.3,593.755,351.293,-0.0298
mixed,4,1,0.25,4.0,16,4096,4096,16384,7168,540.987,997.428,524.538,-0.036
mixed,4,1,0.25,4.0,16,8192,128,512,224,228.893,250.942,229.503,0.0277
mixed,4,1,0.25,4.0,16,8192,256,1024,448,235.037,275.807,248.445,0.3289
mixed,4,1,0.25,4.0,16,8192,512,2048,896,263.711,334.332,263.551,-0.0023
mixed,4,1,0.25,4.0,16,8192,1024,4096,1792,319.996,438.299,313.534,-0.0546
mixed,4,1,0.25,4.0,16,8192,2048,8192,3584,411.674,644.856,406.716,-0.0213
mixed,4,1,0.25,4.0,16,8192,4096,16384,7168,594.553,1048.054,576.442,-0.0399
mixed,4,1,0.25,4.0,32,0,128,512,224,125.15,147.936,125.312,0.0071
mixed,4,1,0.25,4.0,32,0,256,1024,448,131.231,171.392,144.191,0.3227
mixed,4,1,0.25,4.0,32,0,512,2048,896,156.636,226.429,157.951,0.0188
mixed,4,1,0.25,4.0,32,0,1024,4096,1792,213.823,328.991,204.158,-0.0839
mixed,4,1,0.25,4.0,32,0,2048,8192,3584,306.398,537.305,299.934,-0.028
mixed,4,1,0.25,4.0,32,0,4096,16384,7168,483.803,941.847,467.197,-0.0363
mixed,4,1,0.25,4.0,32,512,128,512,224,165.824,189.408,165.888,0.0027
mixed,4,1,0.25,4.0,32,512,256,1024,448,172.224,214.623,186.654,0.3403
mixed,4,1,0.25,4.0,32,512,512,2048,896,199.393,270.269,201.919,0.0356
mixed,4,1,0.25,4.0,32,512,1024,4096,1792,256.191,373.693,248.382,-0.0665
mixed,4,1,0.25,4.0,32,512,2048,8192,3584,349.149,581.531,343.005,-0.0264
mixed,4,1,0.25,4.0,32,512,4096,16384,7168,527.323,988.278,510.779,-0.0359
mixed,4,1,0.25,4.0,32,1024,128,512,224,172.956,195.485,173.118,0.0072
mixed,4,1,0.25,4.0,32,1024,256,1024,448,179.102,221.149,190.686,0.2755
mixed,4,1,0.25,4.0,32,1024,512,2048,896,207.548,278.974,210.462,0.0408
mixed,4,1,0.25,4.0,32,1024,1024,4096,1792,265.92,383.517,257.47,-0.0719
mixed,4,1,0.25,4.0,32,1024,2048,8192,3584,360.702,592.057,351.517,-0.0397
mixed,4,1,0.25,4.0,32,1024,4096,16384,7168,537.243,999.764,517.658,-0.0423
mixed,4,1,0.25,4.0,32,2048,128,512,224,186.525,211.263,186.431,-0.0038
mixed,4,1,0.25,4.0,32,2048,256,1024,448,192.161,235.708,206.526,0.3299
mixed,4,1,0.25,4.0,32,2048,512,2048,896,221.403,295.229,221.982,0.0078
mixed,4,1,0.25,4.0,32,2048,1024,4096,1792,279.58,401.341,272.158,-0.061
mixed,4,1,0.25,4.0,32,2048,2048,8192,3584,371.739,606.523,367.581,-0.0177
mixed,4,1,0.25,4.0,32,2048,4096,16384,7168,550.745,1010.869,536.923,-0.03
mixed,4,1,0.25,4.0,32,4096,128,512,224,285.693,302.527,283.451,-0.1332
mixed,4,1,0.25,4.0,32,4096,256,1024,448,292.029,331.387,300.346,0.2113
mixed,4,1,0.25,4.0,32,4096,512,2048,896,317.149,385.787,316.442,-0.0103
mixed,4,1,0.25,4.0,32,4096,1024,4096,1792,375.612,492.828,364.829,-0.092
mixed,4,1,0.25,4.0,32,4096,2048,8192,3584,470.172,693.563,456.508,-0.0612
mixed,4,1,0.25,4.0,32,4096,4096,16384,7168,647.674,1101.91,632.602,-0.0332
mixed,4,1,0.25,4.0,32,8192,128,512,224,389.852,411.228,394.043,0.1961
mixed,4,1,0.25,4.0,32,8192,256,1024,448,398.588,439.037,407.163,0.212
mixed,4,1,0.25,4.0,32,8192,512,2048,896,427.641,498.011,428.509,0.0123
mixed,4,1,0.25,4.0,32,8192,1024,4096,1792,480.987,600.601,474.266,-0.0562
mixed,4,1,0.25,4.0,32,8192,2048,8192,3584,571.068,801.975,564.505,-0.0284
mixed,4,1,0.25,4.0,32,8192,4096,16384,7168,748.665,1208.435,734.905,-0.0299
mixed,4,1,0.25,4.0,64,0,128,512,224,127.423,150.526,127.996,0.0248
mixed,4,1,0.25,4.0,64,0,256,1024,448,133.374,174.942,146.689,0.3203
mixed,4,1,0.25,4.0,64,0,512,2048,896,159.328,230.269,161.15,0.0257
mixed,4,1,0.25,4.0,64,0,1024,4096,1792,216.606,334.267,209.15,-0.0634
mixed,4,1,0.25,4.0,64,0,2048,8192,3584,309.851,541.404,302.109,-0.0334
mixed,4,1,0.25,4.0,64,0,4096,16384,7168,486.556,947.223,468.729,-0.0387
mixed,4,1,0.25,4.0,64,512,128,512,224,180.319,202.847,180.35,0.0014
mixed,4,1,0.25,4.0,64,512,256,1024,448,187.007,230.589,199.102,0.2775
mixed,4,1,0.25,4.0,64,512,512,2048,896,216.19,287.834,216.83,0.0089
mixed,4,1,0.25,4.0,64,512,1024,4096,1792,273.436,392.508,264.7,-0.0734
mixed,4,1,0.25,4.0,64,512,2048,8192,3584,367.902,602.296,363.358,-0.0194
mixed,4,1,0.25,4.0,64,512,4096,16384,7168,546.043,1002.614,530.203,-0.0347
mixed,4,1,0.25,4.0,64,1024,128,512,224,239.066,263.036,238.364,-0.0293
mixed,4,1,0.25,4.0,64,1024,256,1024,448,246.077,287.614,257.756,0.2812
mixed,4,1,0.25,4.0,64,1024,512,2048,896,273.373,346.526,276.283,0.0398
mixed,4,1,0.25,4.0,64,1024,1024,4096,1792,332.797,449.37,325.919,-0.059
mixed,4,1,0.25,4.0,64,1024,2048,8192,3584,426.075,656.474,422.077,-0.0174
mixed,4,1,0.25,4.0,64,1024,4096,16384,7168,605.755,1063.254,589.914,-0.0346
mixed,4,1,0.25,4.0,64,2048,128,512,224,281.821,301.725,280.67,-0.0578
mixed,4,1,0.25,4.0,64,2048,256,1024,448,287.485,327.999,299.102,0.2867
mixed,4,1,0.25,4.0,64,2048,512,2048,896,314.524,384.67,314.587,0.0009
mixed,4,1,0.25,4.0,64,2048,1024,4096,1792,371.869,487.547,363.453,-0.0728
mixed,4,1,0.25,4.0,64,2048,2048,8192,3584,463.804,694.488,457.53,-0.0272
mixed,4,1,0.25,4.0,64,2048,4096,16384,7168,642.679,1096.821,623.932,-0.0413
mixed,4,1,0.25,4.0,64,4096,128,512,224,384.542,406.523,385.436,0.0407
mixed,4,1,0.25,4.0,64,4096,256,1024,448,391.163,430.013,400.954,0.252
mixed,4,1,0.25,4.0,64,4096,512,2048,896,416.444,488.348,419.549,0.0432
mixed,4,1,0.25,4.0,64,4096,1024,4096,1792,476.219,588.604,466.875,-0.0831
mixed,4,1,0.25,4.0,64,4096,2048,8192,3584,564.025,793.397,557.559,-0.0282
mixed,4,1,0.25,4.0,64,4096,4096,16384,7168,744.088,1200.657,723.416,-0.0453
mixed,4,1,0.25,4.0,64,8192,128,512,224,593.658,613.146,591.45,-0.1133
mixed,4,1,0.25,4.0,64,8192,256,1024,448,597.019,641.273,610.203,0.2979
mixed,4,1,0.25,4.0,64,8192,512,2048,896,623.001,694.805,623.26,0.0036
mixed,4,1,0.25,4.0,64,8192,1024,4096,1792,680.474,795.866,674.33,-0.0532
mixed,4,1,0.25,4.0,64,8192,2048,8192,3584,767.258,1003.253,765.112,-0.0091
mixed,4,1,0.25,4.0,64,8192,4096,16384,7168,948.246,1402.224,932.981,-0.0336
mixed,4,1,0.25,4.0,128,0,128,512,224,147.711,172.859,147.805,0.0037
mixed,4,1,0.25,4.0,128,0,256,1024,448,153.631,197.246,168.126,0.3323
mixed,4,1,0.25,4.0,128,0,512,2048,896,183.997,253.277,184.512,0.0074
mixed,4,1,0.25,4.0,128,0,1024,4096,1792,239.357,360.316,232.861,-0.0537
mixed,4,1,0.25,4.0,128,0,2048,8192,3584,334.494,563.514,324.289,-0.0446
mixed,4,1,0.25,4.0,128,0,4096,16384,7168,513.433,972.661,497.851,-0.0339
mixed,4,1,0.25,4.0,128,512,128,512,224,279.837,305.471,279.165,-0.0262
mixed,4,1,0.25,4.0,128,512,256,1024,448,286.878,328.733,300.281,0.3202
mixed,4,1,0.25,4.0,128,512,512,2048,896,315.006,386.908,317.949,0.0409
mixed,4,1,0.25,4.0,128,512,1024,4096,1792,374.43,494.138,366.076,-0.0698
mixed,4,1,0.25,4.0,128,512,2048,8192,3584,464.893,698.426,463.643,-0.0054
mixed,4,1,0.25,4.0,128,512,4096,16384,7168,647.771,1102.709,630.393,-0.0382
mixed,4,1,0.25,4.0,128,1024,128,512,224,350.494,367.389,348.445,-0.1213
mixed,4,1,0.25,4.0,128,1024,256,1024,448,357.31,398.428,367.163,0.2396
mixed,4,1,0.25,4.0,128,1024,512,2048,896,383.613,455.259,382.941,-0.0094
mixed,4,1,0.25,4.0,128,1024,1024,4096,1792,439.101,556.667,432.954,-0.0523
mixed,4,1,0.25,4.0,128,1024,2048,8192,3584,530.487,759.734,526.592,-0.017
mixed,4,1,0.25,4.0,128,1024,4096,16384,7168,712.281,1170.869,691.897,-0.0444
mixed,4,1,0.25,4.0,128,2048,128,512,224,449.756,469.947,447.769,-0.0984
mixed,4,1,0.25,4.0,128,2048,256,1024,448,456.924,495.899,466.782,0.2529
mixed,4,1,0.25,4.0,128,2048,512,2048,896,482.75,554.842,483.961,0.0168
mixed,4,1,0.25,4.0,128,2048,1024,4096,1792,537.37,654.905,533.082,-0.0365
mixed,4,1,0.25,4.0,128,2048,2048,8192,3584,629.273,858.936,623.323,-0.0259
mixed,4,1,0.25,4.0,128,2048,4096,16384,7168,805.718,1265.235,794.038,-0.0254
mixed,4,1,0.25,4.0,128,4096,128,512,224,648.571,668.343,650.583,0.1018
mixed,4,1,0.25,4.0,128,4096,256,1024,448,655.161,697.465,667.992,0.3033
mixed,4,1,0.25,4.0,128,4096,512,2048,896,685.272,753.754,685.208,-0.0009
mixed,4,1,0.25,4.0,128,4096,1024,4096,1792,739.035,857.689,734.679,-0.0367
mixed,4,1,0.25,4.0,128,4096,2048,8192,3584,829.913,1061.335,819.672,-0.0443
mixed,4,1,0.25,4.0,128,4096,4096,16384,7168,1005.718,1463.185,992.149,-0.0297
mixed,4,1,0.25,4.0,128,8192,128,512,224,1046.296,1069.113,1046.42,0.0054
mixed,4,1,0.25,4.0,128,8192,256,1024,448,1053.495,1090.55,1063.605,0.2728
mixed,4,1,0.25,4.0,128,8192,512,2048,896,1079.96,1152.308,1076.984,-0.0411
mixed,4,1,0.25,4.0,128,8192,1024,4096,1792,1134.356,1251.188,1130.297,-0.0347
mixed,4,1,0.25,4.0,128,8192,2048,8192,3584,1225.269,1454.516,1216.788,-0.037
mixed,4,1,0.25,4.0,128,8192,4096,16384,7168,1405.78,1859.727,1384.051,-0.0479
mixed,4,1,0.25,4.0,256,0,128,512,224,268.475,291.328,269.599,0.0492
mixed,4,1,0.25,4.0,256,0,256,1024,448,276.415,318.814,287.61,0.264
mixed,4,1,0.25,4.0,256,0,512,2048,896,304.314,375.645,305.565,0.0175
mixed,4,1,0.25,4.0,256,0,1024,4096,1792,362.876,479.45,356.669,-0.0532
mixed,4,1,0.25,4.0,256,0,2048,8192,3584,454.525,685.275,447.966,-0.0284
mixed,4,1,0.25,4.0,256,0,4096,16384,7168,632.861,1090.167,615.608,-0.0377
mixed,4,1,0.25,4.0,256,512,128,512,224,403.646,423.931,400.38,-0.161
mixed,4,1,0.25,4.0,256,512,256,1024,448,407.129,451.422,417.789,0.2407
mixed,4,1,0.25,4.0,256,512,512,2048,896,434.939,506.49,435.672,0.0102
mixed,4,1,0.25,4.0,256,512,1024,4096,1792,490.717,609.434,483.359,-0.062
mixed,4,1,0.25,4.0,256,512,2048,8192,3584,580.41,808.026,577.211,-0.0141
mixed,4,1,0.25,4.0,256,512,4096,16384,7168,761.688,1218.23,746.235,-0.0338
mixed,4,1,0.25,4.0,256,1024,128,512,224,500.954,518.619,501.052,0.0055
mixed,4,1,0.25,4.0,256,1024,256,1024,448,506.298,547.579,517.018,0.2597
mixed,4,1,0.25,4.0,256,1024,512,2048,896,531.866,605.018,535.578,0.0507
mixed,4,1,0.25,4.0,256,1024,1024,4096,1792,588.953,706.842,583.835,-0.0434
mixed,4,1,0.25,4.0,256,1024,2048,8192,3584,680.631,911.096,672.281,-0.0362
mixed,4,1,0.25,4.0,256,1024,4096,16384,7168,860.566,1310.292,841.049,-0.0434
mixed,4,1,0.25,4.0,256,2048,128,512,224,698.969,717.338,697.242,-0.094
mixed,4,1,0.25,4.0,256,2048,256,1024,448,705.434,743.322,715.033,0.2534
mixed,4,1,0.25,4.0,256,2048,512,2048,896,729.784,797.943,729.53,-0.0037
mixed,4,1,0.25,4.0,256,2048,1024,4096,1792,785.207,901.014,781.018,-0.0362
mixed,4,1,0.25,4.0,256,2048,2048,8192,3584,877.721,1103.861,867.701,-0.0443
mixed,4,1,0.25,4.0,256,2048,4096,16384,7168,1057.524,1506.512,1036.308,-0.0473
mixed,4,1,0.25,4.0,256,4096,128,512,224,1098.167,1115.124,1097.077,-0.0643
mixed,4,1,0.25,4.0,256,4096,256,1024,448,1104.342,1141.364,1112.47,0.2195
mixed,4,1,0.25,4.0,256,4096,512,2048,896,1129.524,1197.235,1132.277,0.0407
mixed,4,1,0.25,4.0,256,4096,1024,4096,1792,1183.061,1299.444,1179.093,-0.0341
mixed,4,1,0.25,4.0,256,4096,2048,8192,3584,1276.34,1501.875,1271.666,-0.0207
mixed,4,1,0.25,4.0,256,4096,4096,16384,7168,1449.107,1905.774,1435.889,-0.0289
mixed,4,1,0.25,4.0,256,8192,128,512,224,1884.048,1903.694,1882.699,-0.0687
mixed,4,1,0.25,4.0,256,8192,256,1024,448,1890.605,1935.148,1902.317,0.2629
mixed,4,1,0.25,4.0,256,8192,512,2048,896,1918.796,1987.886,1917.007,-0.0259
mixed,4,1,0.25,4.0,256,8192,1024,4096,1792,1973.996,2088.106,1964.302,-0.085
mixed,4,1,0.25,4.0,256,8192,2048,8192,3584,2061.579,2290.922,2056.237,-0.0233
mixed,4,1,0.25,4.0,256,8192,4096,16384,7168,2239.594,2697.319,2223.433,-0.0353
mixed,4,1,0.25,4.0,512,0,128,512,224,543.065,563.128,543.545,0.0239
mixed,4,1,0.25,4.0,512,0,256,1024,448,550.778,591.193,561.532,0.2661
mixed,4,1,0.25,4.0,512,0,512,2048,896,578.169,648.953,576.603,-0.0221
mixed,4,1,0.25,4.0,512,0,1024,4096,1792,633.05,749.273,624.442,-0.0741
mixed,4,1,0.25,4.0,512,0,2048,8192,3584,721.784,950.775,718.042,-0.0163
mixed,4,1,0.25,4.0,512,0,4096,16384,7168,898.55,1356.182,885.976,-0.0275
mixed,4,1,0.25,4.0,512,512,128,512,224,763.129,784.217,762.521,-0.0288
mixed,4,1,0.25,4.0,512,512,256,1024,448,768.857,808.314,781.785,0.3276
mixed,4,1,0.25,4.0,512,512,512,2048,896,795.449,864.601,797.24,0.0259
mixed,4,1,0.25,4.0,512,512,1024,4096,1792,851.45,965.333,843.799,-0.0672
mixed,4,1,0.25,4.0,512,512,2048,8192,3584,937.557,1171.861,935.287,-0.0097
mixed,4,1,0.25,4.0,512,512,4096,16384,7168,1119.383,1573.329,1102.487,-0.0372
mixed,4,1,0.25,4.0,512,1024,128,512,224,962.166,981.591,961.59,-0.0297
mixed,4,1,0.25,4.0,512,1024,256,1024,448,965.786,1006.362,977.593,0.291
mixed,4,1,0.25,4.0,512,1024,512,2048,896,994.295,1060.502,992.279,-0.0304
mixed,4,1,0.25,4.0,512,1024,1024,4096,1792,1046.806,1167.091,1041.811,-0.0415
mixed,4,1,0.25,4.0,512,1024,2048,8192,3584,1140.469,1371.891,1130.483,-0.0432
mixed,4,1,0.25,4.0,512,1024,4096,16384,7168,1312.531,1770.993,1303.731,-0.0192
mixed,4,1,0.25,4.0,512,2048,128,512,224,1350.165,1371.412,1354.741,0.2154
mixed,4,1,0.25,4.0,512,2048,256,1024,448,1358.068,1399.665,1370.581,0.3008
mixed,4,1,0.25,4.0,512,2048,512,2048,896,1384.626,1456.787,1386.739,0.0293
mixed,4,1,0.25,4.0,512,2048,1024,4096,1792,1438.384,1556.401,1432.243,-0.052
mixed,4,1,0.25,4.0,512,2048,2048,8192,3584,1529.169,1759.119,1526.163,-0.0131
mixed,4,1,0.25,4.0,512,2048,4096,16384,7168,1706.159,2166.221,1690.638,-0.0337
mixed,4,1,0.25,4.0,512,4096,128,512,224,2140.077,2162.284,2140.108,0.0014
mixed,4,1,0.25,4.0,512,4096,256,1024,448,2149.867,2185.962,2159.467,0.266
mixed,4,1,0.25,4.0,512,4096,512,2048,896,2175.275,2243.181,2174.35,-0.0136
mixed,4,1,0.25,4.0,512,4096,1024,4096,1792,2226.603,2344.679,2222.573,-0.0341
mixed,4,1,0.25,4.0,512,4096,2048,8192,3584,2320.97,2544.265,2313.324,-0.0342
mixed,4,1,0.25,4.0,512,4096,4096,16384,7168,2497.642,2949.028,2484.459,-0.0292
mixed,4,1,0.25,4.0,512,8192,128,512,224,3718.236,3743.068,3721.658,0.1378
mixed,4,1,0.25,4.0,512,8192,256,1024,448,3728.254,3769.948,3745.088,0.4038
mixed,4,1,0.25,4.0,512,8192,512,2048,896,3759.741,3819.133,3757.275,-0.0415
mixed,4,1,0.25,4.0,512,8192,1024,4096,1792,3808.862,3919.996,3803.871,-0.0449
mixed,4,1,0.25,4.0,512,8192,2048,8192,3584,3897.308,4130.874,3891.258,-0.0259
mixed,4,1,0.25,4.0,512,8192,4096,16384,7168,4074.107,4541.495,4067.261,-0.0146
mixed,4,1,0.25,4.0,1024,0,128,512,224,870.295,890.68,868.631,-0.0816
mixed,4,1,0.25,4.0,1024,0,256,1024,448,874.071,917.463,887.093,0.3001
mixed,4,1,0.25,4.0,1024,0,512,2048,896,902.871,976.441,903.639,0.0104
mixed,4,1,0.25,4.0,1024,0,1024,4096,1792,961.815,1076.216,952.537,-0.0811
mixed,4,1,0.25,4.0,1024,0,2048,8192,3584,1052.022,1279.762,1043.286,-0.0384
mixed,4,1,0.25,4.0,1024,0,4096,16384,7168,1231.062,1694.992,1217.907,-0.0284
mixed,4,1,0.25,4.0,1024,512,128,512,224,1338.932,1360.66,1338.998,0.003
mixed,4,1,0.25,4.0,1024,512,256,1024,448,1346.517,1387.477,1355.121,0.2101
mixed,4,1,0.25,4.0,1024,512,512,2048,896,1375.091,1442.803,1376.499,0.0208
mixed,4,1,0.25,4.0,1024,512,1024,4096,1792,1427.54,1546.994,1423.733,-0.0319
mixed,4,1,0.25,4.0,1024,512,2048,8192,3584,1522.483,1752.176,1516.851,-0.0245
mixed,4,1,0.25,4.0,1024,512,4096,16384,7168,1701.169,2160.14,1687.919,-0.0289
mixed,4,1,0.25,4.0,1024,1024,128,512,224,1733.167,1749.072,1728.497,-0.2936
mixed,4,1,0.25,4.0,1024,1024,256,1024,448,1738.64,1776.433,1750.254,0.3073
mixed,4,1,0.25,4.0,1024,1024,512,2048,896,1763.44,1833.073,1766.319,0.0413
mixed,4,1,0.25,4.0,1024,1024,1024,4096,1792,1822.639,1938.191,1813.104,-0.0825
mixed,4,1,0.25,4.0,1024,1024,2048,8192,3584,1911.791,2140.652,1907.089,-0.0205
mixed,4,1,0.25,4.0,1024,1024,4096,16384,7168,2095.5,2546.697,2077.005,-0.041
mixed,4,1,0.25,4.0,1024,2048,128,512,224,2513.547,2532.358,2512.457,-0.0579
mixed,4,1,0.25,4.0,1024,2048,256,1024,448,2517.482,2563.048,2531.081,0.2984
mixed,4,1,0.25,4.0,1024,2048,512,2048,896,2544.777,2616.874,2546.312,0.0213
mixed,4,1,0.25,4.0,1024,2048,1024,4096,1792,2605.383,2720.326,2594.185,-0.0974
mixed,4,1,0.25,4.0,1024,2048,2048,8192,3584,2694.12,2923.015,2691.688,-0.0106
mixed,4,1,0.25,4.0,1024,2048,4096,16384,7168,2871.271,3332.449,2853.638,-0.0382
mixed,4,1,0.25,4.0,1024,4096,128,512,224,4119.9,4145.275,4108.095,-0.4652
mixed,4,1,0.25,4.0,1024,4096,256,1024,448,4127.548,4174.652,4125.052,-0.053
mixed,4,1,0.25,4.0,1024,4096,512,2048,896,4160.06,4224.502,4165.532,0.0849
mixed,4,1,0.25,4.0,1024,4096,1024,4096,1792,4228.121,4313.527,4199.736,-0.3324
mixed,4,1,0.25,4.0,1024,4096,2048,8192,3584,4303.992,4498.998,4294.905,-0.0466
mixed,4,1,0.25,4.0,1024,4096,4096,16384,7168,4460.923,4926.003,4466.422,0.0118
mixed,4,1,0.25,4.0,1024,8192,128,512,224,7272.447,7296.446,7282.177,0.4054
mixed,4,1,0.25,4.0,1024,8192,256,1024,448,7267.324,7334.781,7285.409,0.2681
mixed,4,1,0.25,4.0,1024,8192,512,2048,896,7314.975,7372.798,7306.464,-0.1472
mixed,4,1,0.25,4.0,1024,8192,1024,4096,1792,7364.442,7466.814,7370.21,0.0563
mixed,4,1,0.25,4.0,1024,8192,2048,8192,3584,7478.273,7693.02,7432.701,-0.2122
mixed,4,1,0.25,4.0,1024,8192,4096,16384,7168,7648.603,8094.462,7624.604,-0.0538
mixed,4,1,0.25,4.0,2048,0,128,512,224,2340.365,2368.425,2342.538,0.0774
mixed,4,1,0.25,4.0,2048,0,256,1024,448,2349.61,2399.468,2365.835,0.3254
mixed,4,1,0.25,4.0,2048,0,512,2048,896,2382.283,2452.266,2377.099,-0.0741
mixed,4,1,0.25,4.0,2048,0,1024,4096,1792,2442.443,2555.594,2432.553,-0.0874
mixed,4,1,0.25,4.0,2048,0,2048,8192,3584,2530.857,2761.192,2517.161,-0.0595
mixed,4,1,0.25,4.0,2048,0,4096,16384,7168,2707.464,3172.901,2700.553,-0.0148
mixed,4,1,0.25,4.0,2048,512,128,512,224,3208.836,3212.516,3209.989,0.3133
mixed,4,1,0.25,4.0,2048,512,256,1024,448,3211.46,3250.469,3215.653,0.1075
mixed,4,1,0.25,4.0,2048,512,512,2048,896,3236.741,3312.419,3234.563,-0.0288
mixed,4,1,0.25,4.0,2048,512,1024,4096,1792,3302.822,3423.811,3291.074,-0.0971
mixed,4,1,0.25,4.0,2048,512,2048,8192,3584,3392.451,3618.301,3386.627,-0.0258
mixed,4,1,0.25,4.0,2048,512,4096,16384,7168,3571.425,4029.662,3544.736,-0.0582
mixed,4,1,0.25,4.0,2048,1024,128,512,224,4039.036,4059.485,4041.053,0.0986
mixed,4,1,0.25,4.0,2048,1024,256,1024,448,4045.885,4084.446,4051.197,0.1378
mixed,4,1,0.25,4.0,2048,1024,512,2048,896,4076.029,4139.195,4063.484,-0.1986
mixed,4,1,0.25,4.0,2048,1024,1024,4096,1792,4132.318,4247.067,4120.06,-0.1068
mixed,4,1,0.25,4.0,2048,1024,2048,8192,3584,4224.828,4450.426,4209.406,-0.0684
mixed,4,1,0.25,4.0,2048,1024,4096,16384,7168,4399.962,4855.22,4386.394,-0.0298
mixed,4,1,0.25,4.0,2048,2048,128,512,224,5681.327,5724.079,5688.815,0.1751
mixed,4,1,0.25,4.0,2048,2048,256,1024,448,5681.94,5729.038,5710.064,0.5971
mixed,4,1,0.25,4.0,2048,2048,512,2048,896,5719.44,5793.357,5712.497,-0.0939
mixed,4,1,0.25,4.0,2048,2048,1024,4096,1792,5765.582,5907.374,5766.574,0.007
mixed,4,1,0.25,4.0,2048,2048,2048,8192,3584,5864.719,6108.524,5855.468,-0.0379
mixed,4,1,0.25,4.0,2048,2048,4096,16384,7168,6045.452,6509.83,6022.347,-0.0498
mixed,4,1,0.25,4.0,2048,4096,128,512,224,8928.785,8952.115,8886.995,-1.7913
mixed,4,1,0.25,4.0,2048,4096,256,1024,448,8926.707,8951.095,8907.923,-0.7702
mixed,4,1,0.25,4.0,2048,4096,512,2048,896,8921.65,9027.662,8964.664,0.4057
mixed,4,1,0.25,4.0,2048,4096,1024,4096,1792,9002.963,9126.706,8978.038,-0.2014
mixed,4,1,0.25,4.0,2048,4096,2048,8192,3584,9087.344,9313.551,9101.331,0.0618
mixed,4,1,0.25,4.0,2048,4096,4096,16384,7168,9287.601,9744.426,9252.688,-0.0764
mixed,4,1,0.25,4.0,2048,8192,128,512,224,15169.884,15223.099,15179.833,0.187
mixed,4,1,0.25,4.0,2048,8192,256,1024,448,15211.516,15226.273,15211.999,0.0327
mixed,4,1,0.25,4.0,2048,8192,512,2048,896,15245.605,15298.841,15211.582,-0.6391
mixed,4,1,0.25,4.0,2048,8192,1024,4096,1792,15295.326,15400.384,15285.441,-0.0941
mixed,4,1,0.25,4.0,2048,8192,2048,8192,3584,15385.052,15602.619,15359.55,-0.1172
mixed,4,1,0.25,4.0,2048,8192,4096,16384,7168,15548.218,15982.042,15568.38,0.0465
pure,4,2,0.5,4.0,0,0,128,512,320,70.622,90.205,69.312,-0.0669
pure,4,2,0.5,4.0,0,0,256,1024,640,91.744,111.646,95.038,0.1655
pure,4,2,0.5,4.0,0,0,512,2048,1280,127.199,167.071,118.048,-0.2295
pure,4,2,0.5,4.0,0,0,1024,4096,2560,193.439,271.263,184.865,-0.1102
pure,4,2,0.5,4.0,0,0,2048,8192,5120,321.182,475.741,314.908,-0.0406
pure,4,2,0.5,4.0,0,0,4096,16384,10240,582.232,886.138,575.003,-0.0238
mixed,4,2,0.5,4.0,16,0,128,512,320,93.149,112.831,92.512,-0.0324
mixed,4,2,0.5,4.0,16,0,256,1024,640,113.757,133.695,116.734,0.1493
mixed,4,2,0.5,4.0,16,0,512,2048,1280,147.84,189.79,139.902,-0.1892
mixed,4,2,0.5,4.0,16,0,1024,4096,2560,215.038,293.95,206.335,-0.1103
mixed,4,2,0.5,4.0,16,0,2048,8192,5120,343.773,499.512,337.724,-0.0388
mixed,4,2,0.5,4.0,16,0,4096,16384,10240,601.914,906.84,592.379,-0.0313
mixed,4,2,0.5,4.0,16,512,128,512,320,133.372,152.318,132.255,-0.059
mixed,4,2,0.5,4.0,16,512,256,1024,640,155.391,177.725,157.663,0.1017
mixed,4,2,0.5,4.0,16,512,512,2048,1280,191.711,231.712,183.423,-0.2072
mixed,4,2,0.5,4.0,16,512,1024,4096,2560,257.824,336.925,250.845,-0.0882
mixed,4,2,0.5,4.0,16,512,2048,8192,5120,387.294,544.028,380.605,-0.0427
mixed,4,2,0.5,4.0,16,512,4096,16384,10240,643.512,947.352,637.659,-0.0193
mixed,4,2,0.5,4.0,16,1024,128,512,320,136.928,156.606,136.225,-0.0357
mixed,4,2,0.5,4.0,16,1024,256,1024,640,158.848,180.541,161.309,0.1134
mixed,4,2,0.5,4.0,16,1024,512,2048,1280,192.895,235.39,187.233,-0.1332
mixed,4,2,0.5,4.0,16,1024,1024,4096,2560,264.154,341.181,252.254,-0.1545
mixed,4,2,0.5,4.0,16,1024,2048,8192,5120,392.956,547.164,385.468,-0.0486
mixed,4,2,0.5,4.0,16,1024,4096,16384,10240,651.069,954.746,643.292,-0.0256
mixed,4,2,0.5,4.0,16,2048,128,512,320,144.959,161.983,144.351,-0.0357
mixed,4,2,0.5,4.0,16,2048,256,1024,640,166.527,190.433,167.296,0.0322
mixed,4,2,0.5,4.0,16,2048,512,2048,1280,202.205,244.895,195.167,-0.1649
mixed,4,2,0.5,4.0,16,2048,1024,4096,2560,270.719,351.26,262.876,-0.0974
mixed,4,2,0.5,4.0,16,2048,2048,8192,5120,399.838,558.076,392.572,-0.0459
mixed,4,2,0.5,4.0,16,2048,4096,16384,10240,659.608,962.552,651.128,-0.028
mixed,4,2,0.5,4.0,16,4096,128,512,320,176.127,196.701,175.804,-0.0157
mixed,4,2,0.5,4.0,16,4096,256,1024,640,202.174,220.989,203.519,0.0715
mixed,4,2,0.5,4.0,16,4096,512,2048,1280,236.126,281.824,228.16,-0.1743
mixed,4,2,0.5,4.0,16,4096,1024,4096,2560,307.07,388.222,298.238,-0.1088
mixed,4,2,0.5,4.0,16,4096,2048,8192,5120,436.6,589.722,433.757,-0.0186
mixed,4,2,0.5,4.0,16,4096,4096,16384,10240,692.635,995.671,686.171,-0.0213
mixed,4,2,0.5,4.0,16,8192,128,512,320,231.421,249.982,233.15,0.0932
mixed,4,2,0.5,4.0,16,8192,256,1024,640,253.307,278.24,257.822,0.1811
mixed,4,2,0.5,4.0,16,8192,512,2048,1280,291.294,335.199,284.64,-0.1516
mixed,4,2,0.5,4.0,16,8192,1024,4096,2560,362.076,437.916,354.525,-0.0996
mixed,4,2,0.5,4.0,16,8192,2048,8192,5120,490.461,646.264,482.075,-0.0538
mixed,4,2,0.5,4.0,16,8192,4096,16384,10240,745.081,1048.182,742.618,-0.0081
mixed,4,2,0.5,4.0,32,0,128,512,320,129.149,148.255,127.935,-0.0635
mixed,4,2,0.5,4.0,32,0,256,1024,640,150.465,170.945,152.801,0.1141
mixed,4,2,0.5,4.0,32,0,512,2048,1280,184.35,226.72,176.671,-0.1812
mixed,4,2,0.5,4.0,32,0,1024,4096,2560,251.581,330.527,243.166,-0.1066
mixed,4,2,0.5,4.0,32,0,2048,8192,5120,384.958,536.06,375.134,-0.065
mixed,4,2,0.5,4.0,32,0,4096,16384,10240,637.818,940.952,631.833,-0.0197
mixed,4,2,0.5,4.0,32,512,128,512,320,170.111,189.853,168.67,-0.073
mixed,4,2,0.5,4.0,32,512,256,1024,640,191.488,216.541,195.771,0.171
mixed,4,2,0.5,4.0,32,512,512,2048,1280,228.384,270.847,219.551,-0.208
mixed,4,2,0.5,4.0,32,512,1024,4096,2560,298.556,376.571,287.326,-0.1439
mixed,4,2,0.5,4.0,32,512,2048,8192,5120,427.932,580.475,419.899,-0.0527
mixed,4,2,0.5,4.0,32,512,4096,16384,10240,682.812,986.456,677.885,-0.0162
mixed,4,2,0.5,4.0,32,1024,128,512,320,177.215,194.845,175.935,-0.0726
mixed,4,2,0.5,4.0,32,1024,256,1024,640,196.284,220.545,198.751,0.1017
mixed,4,2,0.5,4.0,32,1024,512,2048,1280,235.84,279.005,230.24,-0.1297
mixed,4,2,0.5,4.0,32,1024,1024,4096,2560,303.9,385.244,298.432,-0.0672
mixed,4,2,0.5,4.0,32,1024,2048,8192,5120,436.51,590.205,431.004,-0.0358
mixed,4,2,0.5,4.0,32,1024,4096,16384,10240,691.769,993.814,683.385,-0.0278
mixed,4,2,0.5,4.0,32,2048,128,512,320,190.685,212.157,191.07,0.0179
mixed,4,2,0.5,4.0,32,2048,256,1024,640,213.182,236.063,213.118,-0.0028
mixed,4,2,0.5,4.0,32,2048,512,2048,1280,251.998,295.937,243.486,-0.1937
mixed,4,2,0.5,4.0,32,2048,1024,4096,2560,320.67,399.898,315.357,-0.0671
mixed,4,2,0.5,4.0,32,2048,2048,8192,5120,452.99,603.897,448.636,-0.0289
mixed,4,2,0.5,4.0,32,2048,4096,16384,10240,709.948,1016.151,702.136,-0.0255
mixed,4,2,0.5,4.0,32,4096,128,512,320,285.215,303.678,284.67,-0.0295
mixed,4,2,0.5,4.0,32,4096,256,1024,640,306.943,329.438,308.604,0.0738
mixed,4,2,0.5,4.0,32,4096,512,2048,1280,347.1,389.694,340.988,-0.1435
mixed,4,2,0.5,4.0,32,4096,1024,4096,2560,413.278,492.476,401.821,-0.1447
mixed,4,2,0.5,4.0,32,4096,2048,8192,5120,539.58,697.372,535.805,-0.0239
mixed,4,2,0.5,4.0,32,4096,4096,16384,10240,797.687,1101.428,786.362,-0.0373
mixed,4,2,0.5,4.0,32,8192,128,512,320,396.924,411.484,395.358,-0.1076
mixed,4,2,0.5,4.0,32,8192,256,1024,640,414.684,437.082,416.858,0.0971
mixed,4,2,0.5,4.0,32,8192,512,2048,1280,454.557,494.425,444.124,-0.2617
mixed,4,2,0.5,4.0,32,8192,1024,4096,2560,519.417,597.5,510.718,-0.1114
mixed,4,2,0.5,4.0,32,8192,2048,8192,5120,644.187,801.69,640.985,-0.0203
mixed,4,2,0.5,4.0,32,8192,4096,16384,10240,902.969,1204.406,896.25,-0.0223
mixed,4,2,0.5,4.0,64,0,128,512,320,130.527,150.235,130.143,-0.0195
mixed,4,2,0.5,4.0,64,0,256,1024,640,153.181,174.845,154.974,0.0828
mixed,4,2,0.5,4.0,64,0,512,2048,1280,187.809,229.855,179.072,-0.2078
mixed,4,2,0.5,4.0,64,0,1024,4096,2560,254.944,335.966,246.396,-0.1055
mixed,4,2,0.5,4.0,64,0,2048,8192,5120,386.139,543.769,380.188,-0.0378
mixed,4,2,0.5,4.0,64,0,4096,16384,10240,644.092,945.334,633.786,-0.0342
mixed,4,2,0.5,4.0,64,512,128,512,320,183.873,202.876,182.751,-0.059
mixed,4,2,0.5,4.0,64,512,256,1024,640,205.023,229.181,206.399,0.057
mixed,4,2,0.5,4.0,64,512,512,2048,1280,246.236,289.532,238.144,-0.1869
mixed,4,2,0.5,4.0,64,512,1024,4096,2560,314.588,392.861,306.013,-0.1096
mixed,4,2,0.5,4.0,64,512,2048,8192,5120,444.35,598.204,439.613,-0.0308
mixed,4,2,0.5,4.0,64,512,4096,16384,10240,697.465,1005.462,693.211,-0.0138
mixed,4,2,0.5,4.0,64,1024,128,512,320,241.948,262.909,240.958,-0.0472
mixed,4,2,0.5,4.0,64,1024,256,1024,640,265.181,287.006,266.845,0.0762
mixed,4,2,0.5,4.0,64,1024,512,2048,1280,302.621,347.453,296.158,-0.1442
mixed,4,2,0.5,4.0,64,1024,1024,4096,2560,373.438,448.924,365.724,-0.1022
mixed,4,2,0.5,4.0,64,1024,2048,8192,5120,503.416,656.606,496.762,-0.0434
mixed,4,2,0.5,4.0,64,1024,4096,16384,10240,758.936,1060.695,754.49,-0.0147
mixed,4,2,0.5,4.0,64,2048,128,512,320,284.125,300.093,283.644,-0.0301
mixed,4,2,0.5,4.0,64,2048,256,1024,640,303.998,329.727,305.245,0.0485
mixed,4,2,0.5,4.0,64,2048,512,2048,1280,343.549,384.896,334.525,-0.2183
mixed,4,2,0.5,4.0,64,2048,1024,4096,2560,413.023,489.787,403.164,-0.1284
mixed,4,2,0.5,4.0,64,2048,2048,8192,5120,539.61,696.378,531.163,-0.0539
mixed,4,2,0.5,4.0,64,2048,4096,16384,10240,797.531,1104.631,789.273,-0.0269
mixed,4,2,0.5,4.0,64,4096,128,512,320,387.835,405.115,387.869,0.002
mixed,4,2,0.5,4.0,64,4096,256,1024,640,406.11,430.397,407.583,0.0606
mixed,4,2,0.5,4.0,64,4096,512,2048,1280,446.812,487.483,438.107,-0.214
mixed,4,2,0.5,4.0,64,4096,1024,4096,2560,512.253,590.909,506.65,-0.0712
mixed,4,2,0.5,4.0,64,4096,2048,8192,5120,638.875,792.951,633.273,-0.0364
mixed,4,2,0.5,4.0,64,4096,4096,16384,10240,898.871,1202.456,890.425,-0.0278
mixed,4,2,0.5,4.0,64,8192,128,512,320,595.612,612.541,593.34,-0.1342
mixed,4,2,0.5,4.0,64,8192,256,1024,640,615.612,638.714,616.636,0.0443
mixed,4,2,0.5,4.0,64,8192,512,2048,1280,655.962,695.611,645.468,-0.2647
mixed,4,2,0.5,4.0,64,8192,1024,4096,2560,717.369,797.816,710.682,-0.0831
mixed,4,2,0.5,4.0,64,8192,2048,8192,5120,843.737,997.914,840.508,-0.0209
mixed,4,2,0.5,4.0,64,8192,4096,16384,10240,1100.599,1403.924,1095.766,-0.0159
mixed,4,2,0.5,4.0,128,0,128,512,320,151.613,172.188,151.167,-0.0217
mixed,4,2,0.5,4.0,128,0,256,1024,640,173.312,198.747,176.606,0.1295
mixed,4,2,0.5,4.0,128,0,512,2048,1280,210.876,253.951,205.919,-0.1151
mixed,4,2,0.5,4.0,128,0,1024,4096,2560,280.031,360.639,274.908,-0.0636
mixed,4,2,0.5,4.0,128,0,2048,8192,5120,410.815,567.674,403.451,-0.0469
mixed,4,2,0.5,4.0,128,0,4096,16384,10240,668.316,972.728,660.983,-0.0241
mixed,4,2,0.5,4.0,128,512,128,512,320,284.445,303.42,282.654,-0.0944
mixed,4,2,0.5,4.0,128,512,256,1024,640,304.094,330.589,306.844,0.1038
mixed,4,2,0.5,4.0,128,512,512,2048,1280,345.724,387.772,335.968,-0.232
mixed,4,2,0.5,4.0,128,512,1024,4096,2560,414.173,493.787,407.613,-0.0824
mixed,4,2,0.5,4.0,128,512,2048,8192,5120,542.012,699.226,537.305,-0.0299
mixed,4,2,0.5,4.0,128,512,4096,16384,10240,800.856,1103.641,795.357,-0.0182
mixed,4,2,0.5,4.0,128,1024,128,512,320,352.031,371.74,351.869,-0.0082
mixed,4,2,0.5,4.0,128,1024,256,1024,640,373.022,397.629,375.261,0.091
mixed,4,2,0.5,4.0,128,1024,512,2048,1280,412.413,454.558,405.627,-0.161
mixed,4,2,0.5,4.0,128,1024,1024,4096,2560,478.877,556.443,472.189,-0.0862
mixed,4,2,0.5,4.0,128,1024,2048,8192,5120,609.211,766.235,604.922,-0.0273
mixed,4,2,0.5,4.0,128,1024,4096,16384,10240,865.174,1164.023,858.394,-0.0227
mixed,4,2,0.5,4.0,128,2048,128,512,320,453.277,470.044,451.549,-0.1031
mixed,4,2,0.5,4.0,128,2048,256,1024,640,472.123,494.746,473.852,0.0764
mixed,4,2,0.5,4.0,128,2048,512,2048,1280,512.252,553.115,506.555,-0.1394
mixed,4,2,0.5,4.0,128,2048,1024,4096,2560,578.076,657.084,568.955,-0.1154
mixed,4,2,0.5,4.0,128,2048,2048,8192,5120,705.881,860.57,695.449,-0.0674
mixed,4,2,0.5,4.0,128,2048,4096,16384,10240,955.515,1263.765,952.312,-0.0104
mixed,4,2,0.5,4.0,128,4096,128,512,320,652.25,670.3,653.562,0.0727
mixed,4,2,0.5,4.0,128,4096,256,1024,640,674.301,698.395,674.49,0.0078
mixed,4,2,0.5,4.0,128,4096,512,2048,1280,712.699,753.21,705.05,-0.1888
mixed,4,2,0.5,4.0,128,4096,1024,4096,2560,779.769,856.824,767.929,-0.1537
mixed,4,2,0.5,4.0,128,4096,2048,8192,5120,907.385,1058.04,899.352,-0.0533
mixed,4,2,0.5,4.0,128,4096,4096,16384,10240,1160.373,1468.884,1152.761,-0.0247
mixed,4,2,0.5,4.0,128,8192,128,512,320,1048.662,1067.224,1048.696,0.0018
mixed,4,2,0.5,4.0,128,8192,256,1024,640,1070.229,1095.16,1068.504,-0.0692
mixed,4,2,0.5,4.0,128,8192,512,2048,1280,1108.343,1151.798,1101.337,-0.1612
mixed,4,2,0.5,4.0,128,8192,1024,4096,2560,1175.126,1251.127,1165.14,-0.1314
mixed,4,2,0.5,4.0,128,8192,2048,8192,5120,1299.286,1453.427,1295.639,-0.0237
mixed,4,2,0.5,4.0,128,8192,4096,16384,10240,1556.051,1859.089,1550.804,-0.0173
mixed,4,2,0.5,4.0,256,0,128,512,320,272.221,292.895,271.165,-0.0511
mixed,4,2,0.5,4.0,256,0,256,1024,640,295.452,318.622,297.405,0.0843
mixed,4,2,0.5,4.0,256,0,512,2048,1280,335.036,375.36,326.398,-0.2142
mixed,4,2,0.5,4.0,256,0,1024,4096,2560,401.214,478.942,394.908,-0.0811
mixed,4,2,0.5,4.0,256,0,2048,8192,5120,531.804,683.099,523.548,-0.0546
mixed,4,2,0.5,4.0,256,0,4096,16384,10240,788.857,1092.374,782.455,-0.0211
mixed,4,2,0.5,4.0,256,512,128,512,320,404.797,421.82,405.787,0.0582
mixed,4,2,0.5,4.0,256,512,256,1024,640,426.462,448.892,426.588,0.0056
mixed,4,2,0.5,4.0,256,512,512,2048,1280,464.7,505.053,456.671,-0.199
mixed,4,2,0.5,4.0,256,512,1024,4096,2560,533.177,606.747,522.779,-0.1413
mixed,4,2,0.5,4.0,256,512,2048,8192,5120,658.395,812.89,652.987,-0.035
mixed,4,2,0.5,4.0,256,512,4096,16384,10240,914.456,1214.293,911.512,-0.0098
mixed,4,2,0.5,4.0,256,1024,128,512,320,504.7,521.372,501.693,-0.1804
mixed,4,2,0.5,4.0,256,1024,256,1024,640,521.691,544.922,524.059,0.1019
mixed,4,2,0.5,4.0,256,1024,512,2048,1280,563.293,603.485,555.326,-0.1982
mixed,4,2,0.5,4.0,256,1024,1024,4096,2560,629.146,705.404,620.186,-0.1175
mixed,4,2,0.5,4.0,256,1024,2048,8192,5120,754.84,910.074,749.37,-0.0352
mixed,4,2,0.5,4.0,256,1024,4096,16384,10240,1005.271,1316.406,1003.575,-0.0055
mixed,4,2,0.5,4.0,256,2048,128,512,320,699.544,718.234,698.907,-0.0341
mixed,4,2,0.5,4.0,256,2048,256,1024,640,719.801,742.523,722.234,0.1071
mixed,4,2,0.5,4.0,256,2048,512,2048,1280,758.489,801.37,751.544,-0.162
mixed,4,2,0.5,4.0,256,2048,1024,4096,2560,826.393,901.626,816.602,-0.1301
mixed,4,2,0.5,4.0,256,2048,2048,8192,5120,951.032,1106.167,941.85,-0.0592
mixed,4,2,0.5,4.0,256,2048,4096,16384,10240,1203.829,1509.364,1198.614,-0.0171
mixed,4,2,0.5,4.0,256,4096,128,512,320,1098.714,1117.17,1097.814,-0.0488
mixed,4,2,0.5,4.0,256,4096,256,1024,640,1120.021,1141.943,1119.671,-0.016
mixed,4,2,0.5,4.0,256,4096,512,2048,1280,1157.942,1198.23,1147.735,-0.2534
mixed,4,2,0.5,4.0,256,4096,1024,4096,2560,1223.157,1301.462,1217.367,-0.0739
mixed,4,2,0.5,4.0,256,4096,2048,8192,5120,1350.324,1502.066,1340.531,-0.0645
mixed,4,2,0.5,4.0,256,4096,4096,16384,10240,1606.769,1908.718,1601.203,-0.0184
mixed,4,2,0.5,4.0,256,8192,128,512,320,1889.743,1904.846,1883.763,-0.3959
mixed,4,2,0.5,4.0,256,8192,256,1024,640,1906.833,1932.686,1905.36,-0.057
mixed,4,2,0.5,4.0,256,8192,512,2048,1280,1943.598,1988.879,1939.537,-0.0897
mixed,4,2,0.5,4.0,256,8192,1024,4096,2560,2014.574,2089.266,2003.663,-0.1461
mixed,4,2,0.5,4.0,256,8192,2048,8192,5120,2136.43,2291.629,2132.11,-0.0278
mixed,4,2,0.5,4.0,256,8192,4096,16384,10240,2393.229,2700.845,2389.486,-0.0122
mixed,4,2,0.5,4.0,512,0,128,512,320,547.226,562.845,544.508,-0.174
mixed,4,2,0.5,4.0,512,0,256,1024,640,566.556,591.612,567.804,0.0498
mixed,4,2,0.5,4.0,512,0,512,2048,1280,607.258,649.019,596.412,-0.2597
mixed,4,2,0.5,4.0,512,0,1024,4096,2560,671.321,746.906,662.908,-0.1113
mixed,4,2,0.5,4.0,512,0,2048,8192,5120,798.518,953.783,790.585,-0.0511
mixed,4,2,0.5,4.0,512,0,4096,16384,10240,1047.191,1355.155,1044.566,-0.0085
mixed,4,2,0.5,4.0,512,512,128,512,320,765.882,784.378,765.178,-0.0381
mixed,4,2,0.5,4.0,512,512,256,1024,640,785.688,810.138,787.29,0.0655
mixed,4,2,0.5,4.0,512,512,512,2048,1280,821.978,864.024,816.919,-0.1203
mixed,4,2,0.5,4.0,512,512,1024,4096,2560,890.904,966.52,882.648,-0.1092
mixed,4,2,0.5,4.0,512,512,2048,8192,5120,1014.486,1170.137,1010.136,-0.0279
mixed,4,2,0.5,4.0,512,512,4096,16384,10240,1268.95,1572.755,1267.413,-0.0051
mixed,4,2,0.5,4.0,512,1024,128,512,320,964.44,981.786,962.618,-0.105
mixed,4,2,0.5,4.0,512,1024,256,1024,640,982.392,1005.494,981.305,-0.0471
mixed,4,2,0.5,4.0,512,1024,512,2048,1280,1019.61,1062.456,1014.743,-0.1136
mixed,4,2,0.5,4.0,512,1024,1024,4096,2560,1087.574,1165.016,1077.273,-0.133
mixed,4,2,0.5,4.0,512,1024,2048,8192,5120,1214.008,1365.336,1207.128,-0.0455
mixed,4,2,0.5,4.0,512,1024,4096,16384,10240,1468.15,1767.504,1460.243,-0.0264
mixed,4,2,0.5,4.0,512,2048,128,512,320,1357.078,1372.885,1357.652,0.0363
mixed,4,2,0.5,4.0,512,2048,256,1024,640,1378.198,1398.644,1377.27,-0.0454
mixed,4,2,0.5,4.0,512,2048,512,2048,1280,1414.419,1455.03,1406.071,-0.2056
mixed,4,2,0.5,4.0,512,2048,1024,4096,2560,1477.906,1555.89,1469.716,-0.105
mixed,4,2,0.5,4.0,512,2048,2048,8192,5120,1607.156,1761.171,1600.181,-0.0453
mixed,4,2,0.5,4.0,512,2048,4096,16384,10240,1861.553,2163.184,1850.384,-0.037
mixed,4,2,0.5,4.0,512,4096,128,512,320,2141.772,2158.923,2140.622,-0.0671
mixed,4,2,0.5,4.0,512,4096,256,1024,640,2164.494,2185.072,2164.591,0.0047
mixed,4,2,0.5,4.0,512,4096,512,2048,1280,2203.599,2241.392,2197.582,-0.1592
mixed,4,2,0.5,4.0,512,4096,1024,4096,2560,2271.726,2345.294,2262.285,-0.1283
mixed,4,2,0.5,4.0,512,4096,2048,8192,5120,2393.706,2547.659,2385.838,-0.0511
mixed,4,2,0.5,4.0,512,4096,4096,16384,10240,2647.852,2954.6,2640.939,-0.0225
mixed,4,2,0.5,4.0,512,8192,128,512,320,3724.865,3738.146,3725.28,0.0312
mixed,4,2,0.5,4.0,512,8192,256,1024,640,3748.644,3761.668,3741.473,-0.5506
mixed,4,2,0.5,4.0,512,8192,512,2048,1280,3780.96,3820.286,3776.837,-0.1048
mixed,4,2,0.5,4.0,512,8192,1024,4096,2560,3853.315,3925.729,3841.471,-0.1636
mixed,4,2,0.5,4.0,512,8192,2048,8192,5120,3970.686,4127.394,3969.885,-0.0051
mixed,4,2,0.5,4.0,512,8192,4096,16384,10240,4224.575,4524.891,4223.581,-0.0033
mixed,4,2,0.5,4.0,1024,0,128,512,320,872.122,890.392,871.771,-0.0192
mixed,4,2,0.5,4.0,1024,0,256,1024,640,893.242,915.512,895.447,0.099
mixed,4,2,0.5,4.0,1024,0,512,2048,1280,931.703,972.088,923.546,-0.202
mixed,4,2,0.5,4.0,1024,0,1024,4096,2560,999.577,1076.859,993.689,-0.0762
mixed,4,2,0.5,4.0,1024,0,2048,8192,5120,1128.983,1283.351,1125.561,-0.0222
mixed,4,2,0.5,4.0,1024,0,4096,16384,10240,1380.374,1686.61,1379.571,-0.0026
mixed,4,2,0.5,4.0,1024,512,128,512,320,1340.244,1359.764,1342.006,0.0903
mixed,4,2,0.5,4.0,1024,512,256,1024,640,1364.022,1386.1,1366.037,0.0913
mixed,4,2,0.5,4.0,1024,512,512,2048,1280,1400.342,1444.532,1395.382,-0.1122
mixed,4,2,0.5,4.0,1024,512,1024,4096,2560,1474.451,1550.836,1462.004,-0.163
mixed,4,2,0.5,4.0,1024,512,2048,8192,5120,1599.41,1754.514,1593.236,-0.0398
mixed,4,2,0.5,4.0,1024,512,4096,16384,10240,1855.634,2157.262,1847.378,-0.0274
mixed,4,2,0.5,4.0,1024,1024,128,512,320,1733.013,1750.9,1735.122,0.1179
mixed,4,2,0.5,4.0,1024,1024,256,1024,640,1754.29,1778.385,1755.156,0.0359
mixed,4,2,0.5,4.0,1024,1024,512,2048,1280,1794.482,1834.128,1788.563,-0.1493
mixed,4,2,0.5,4.0,1024,1024,1024,4096,2560,1857.748,1937.457,1853.461,-0.0538
mixed,4,2,0.5,4.0,1024,1024,2048,8192,5120,1993.326,2146.224,1984.109,-0.0603
mixed,4,2,0.5,4.0,1024,1024,4096,16384,10240,2244.845,2548.458,2237.04,-0.0257
mixed,4,2,0.5,4.0,1024,2048,128,512,320,2515.307,2534.095,2516.588,0.0682
mixed,4,2,0.5,4.0,1024,2048,256,1024,640,2538.605,2557.935,2537.292,-0.0679
mixed,4,2,0.5,4.0,1024,2048,512,2048,1280,2578.541,2618.189,2566.542,-0.3026
mixed,4,2,0.5,4.0,1024,2048,1024,4096,2560,2645.963,2721.802,2637.132,-0.1164
mixed,4,2,0.5,4.0,1024,2048,2048,8192,5120,2770.538,2924.713,2763.565,-0.0452
mixed,4,2,0.5,4.0,1024,2048,4096,16384,10240,3023.242,3326.824,3023.211,-0.0001
mixed,4,2,0.5,4.0,1024,4096,128,512,320,4126.496,4144.672,4127.777,0.0705
mixed,4,2,0.5,4.0,1024,4096,256,1024,640,4150.556,4184.895,4148.448,-0.0614
mixed,4,2,0.5,4.0,1024,4096,512,2048,1280,4188.451,4240.577,4164.802,-0.4537
mixed,4,2,0.5,4.0,1024,4096,1024,4096,2560,4267.651,4338.079,4248.926,-0.2659
mixed,4,2,0.5,4.0,1024,4096,2048,8192,5120,4387.356,4525.083,4381.792,-0.0404
mixed,4,2,0.5,4.0,1024,4096,4096,16384,10240,4645.343,4951.866,4636.573,-0.0286
mixed,4,2,0.5,4.0,1024,8192,128,512,320,7278.087,7298.57,7264.678,-0.6546
mixed,4,2,0.5,4.0,1024,8192,256,1024,640,7299.947,7330.704,7299.594,-0.0115
mixed,4,2,0.5,4.0,1024,8192,512,2048,1280,7340.39,7386.792,7335.499,-0.1054
mixed,4,2,0.5,4.0,1024,8192,1024,4096,2560,7406.819,7477.766,7400.616,-0.0874
mixed,4,2,0.5,4.0,1024,8192,2048,8192,5120,7537.609,7696.963,7545.219,0.0478
mixed,4,2,0.5,4.0,1024,8192,4096,16384,10240,7806.441,8103.966,7797.794,-0.0291
mixed,4,2,0.5,4.0,2048,0,128,512,320,2342.191,2366.286,2350.799,0.3573
mixed,4,2,0.5,4.0,2048,0,256,1024,640,2369.806,2393.166,2376.814,0.3
mixed,4,2,0.5,4.0,2048,0,512,2048,1280,2418.703,2459.534,2406.541,-0.2979
mixed,4,2,0.5,4.0,2048,0,1024,4096,2560,2474.735,2557.358,2475.117,0.0046
mixed,4,2,0.5,4.0,2048,0,2048,8192,5120,2617.194,2765.771,2602.156,-0.1012
mixed,4,2,0.5,4.0,2048,0,4096,16384,10240,2859.82,3168.486,2861.771,0.0063
mixed,4,2,0.5,4.0,2048,512,128,512,320,3204.549,3229.799,3206.92,0.0939
mixed,4,2,0.5,4.0,2048,512,256,1024,640,3226.184,3253.8,3224.103,-0.0754
mixed,4,2,0.5,4.0,2048,512,512,2048,1280,3272.679,3306.886,3246.981,-0.7512
mixed,4,2,0.5,4.0,2048,512,1024,4096,2560,3335.525,3418.92,3331.429,-0.0491
mixed,4,2,0.5,4.0,2048,512,2048,8192,5120,3463.621,3618.149,3462.406,-0.0079
mixed,4,2,0.5,4.0,2048,512,4096,16384,10240,3724.385,4026.53,3726.948,0.0085
mixed,4,2,0.5,4.0,2048,1024,128,512,320,4041.695,4061.923,4041.984,0.0143
mixed,4,2,0.5,4.0,2048,1024,256,1024,640,4062.978,4087.998,4064.705,0.069
mixed,4,2,0.5,4.0,2048,1024,512,2048,1280,4101.218,4141.283,4091.105,-0.2524
mixed,4,2,0.5,4.0,2048,1024,1024,4096,2560,4169.152,4247.361,4162.913,-0.0798
mixed,4,2,0.5,4.0,2048,1024,2048,8192,5120,4299.776,4456.64,4288.676,-0.0708
mixed,4,2,0.5,4.0,2048,1024,4096,16384,10240,4549.086,4856.349,4553.117,0.0131
mixed,4,2,0.5,4.0,2048,2048,128,512,320,5695.764,5715.027,5682.234,-0.7024
mixed,4,2,0.5,4.0,2048,2048,256,1024,640,5701.074,5737.304,5706.197,0.1414
mixed,4,2,0.5,4.0,2048,2048,512,2048,1280,5748.92,5803.22,5737.367,-0.2128
mixed,4,2,0.5,4.0,2048,2048,1024,4096,2560,5818.675,5885.075,5795.828,-0.3441
mixed,4,2,0.5,4.0,2048,2048,2048,8192,5120,5933.171,6092.85,5943.956,0.0675
mixed,4,2,0.5,4.0,2048,2048,4096,16384,10240,6201.873,6495.822,6201.718,-0.0005
mixed,4,2,0.5,4.0,2048,4096,128,512,320,8930.817,8951.803,8907.745,-1.0994
mixed,4,2,0.5,4.0,2048,4096,256,1024,640,8924.099,8982.784,8943.905,0.3375
mixed,4,2,0.5,4.0,2048,4096,512,2048,1280,8980.319,9016.096,8975.039,-0.1476
mixed,4,2,0.5,4.0,2048,4096,1024,4096,2560,9029.309,9140.285,9030.656,0.0121
mixed,4,2,0.5,4.0,2048,4096,2048,8192,5120,9162.239,9339.134,9181.177,0.1071
mixed,4,2,0.5,4.0,2048,4096,4096,16384,10240,9427.101,9721.496,9433.693,0.0224
mixed,4,2,0.5,4.0,2048,8192,128,512,320,15203.665,15191.93,15211.221,
mixed,4,2,0.5,4.0,2048,8192,256,1024,640,15221.233,15220.267,15226.892,
mixed,4,2,0.5,4.0,2048,8192,512,2048,1280,15250.963,15310.381,15240.914,-0.1691
mixed,4,2,0.5,4.0,2048,8192,1024,4096,2560,15312.748,15404.818,15316.174,0.0372
mixed,4,2,0.5,4.0,2048,8192,2048,8192,5120,15434.929,15615.502,15448.558,0.0755
mixed,4,2,0.5,4.0,2048,8192,4096,16384,10240,15667.505,16013.002,15665.425,-0.006
pure,4,3,0.75,4.0,0,0,128,512,416,73.632,90.816,72.256,-0.0801
pure,4,3,0.75,4.0,0,0,256,1024,832,98.464,111.582,98.046,-0.0319
pure,4,3,0.75,4.0,0,0,512,2048,1664,141.344,166.558,144.35,0.1192
pure,4,3,0.75,4.0,0,0,1024,4096,3328,235.134,273.308,223.295,-0.3101
pure,4,3,0.75,4.0,0,0,2048,8192,6656,403.164,476.667,391.198,-0.1628
pure,4,3,0.75,4.0,0,0,4096,16384,13312,733.146,882.616,724.186,-0.0599
mixed,4,3,0.75,4.0,16,0,128,512,416,94.399,113.088,93.919,-0.0257
mixed,4,3,0.75,4.0,16,0,256,1024,832,121.152,133.342,121.151,-0.0001
mixed,4,3,0.75,4.0,16,0,512,2048,1664,162.335,189.44,165.918,0.1322
mixed,4,3,0.75,4.0,16,0,1024,4096,3328,252.831,295.292,247.166,-0.1334
mixed,4,3,0.75,4.0,16,0,2048,8192,6656,422.715,499.674,416.894,-0.0756
mixed,4,3,0.75,4.0,16,0,4096,16384,13312,750.618,906.682,745.79,-0.0309
mixed,4,3,0.75,4.0,16,512,128,512,416,134.845,152.447,134.173,-0.0382
mixed,4,3,0.75,4.0,16,512,256,1024,832,161.278,175.329,160.891,-0.0275
mixed,4,3,0.75,4.0,16,512,512,2048,1664,205.952,231.423,208.607,0.1042
mixed,4,3,0.75,4.0,16,512,1024,4096,3328,296.35,338.717,288.254,-0.1911
mixed,4,3,0.75,4.0,16,512,2048,8192,6656,467.036,546.748,459.677,-0.0923
mixed,4,3,0.75,4.0,16,512,4096,16384,13312,794.363,949.947,789.627,-0.0304
mixed,4,3,0.75,4.0,16,1024,128,512,416,138.526,157.052,137.725,-0.0432
mixed,4,3,0.75,4.0,16,1024,256,1024,832,166.075,180.799,164.928,-0.0779
mixed,4,3,0.75,4.0,16,1024,512,2048,1664,209.664,235.423,214.687,0.195
mixed,4,3,0.75,4.0,16,1024,1024,4096,3328,301.247,342.462,294.528,-0.163
mixed,4,3,0.75,4.0,16,1024,2048,8192,6656,473.246,547.356,467.93,-0.0717
mixed,4,3,0.75,4.0,16,1024,4096,16384,13312,801.113,954.393,801.082,-0.0002
mixed,4,3,0.75,4.0,16,2048,128,512,416,146.241,163.936,146.268,0.0015
mixed,4,3,0.75,4.0,16,2048,256,1024,832,173.662,187.231,173.472,-0.014
mixed,4,3,0.75,4.0,16,2048,512,2048,1664,218.079,245.599,222.462,0.1593
mixed,4,3,0.75,4.0,16,2048,1024,4096,3328,309.278,353.629,303.679,-0.1262
mixed,4,3,0.75,4.0,16,2048,2048,8192,6656,479.293,558.3,470.363,-0.113
mixed,4,3,0.75,4.0,16,2048,4096,16384,13312,809.754,966.36,804.085,-0.0362
mixed,4,3,0.75,4.0,16,4096,128,512,416,177.632,196.124,177.376,-0.0138
mixed,4,3,0.75,4.0,16,4096,256,1024,832,207.839,223.136,207.103,-0.0481
mixed,4,3,0.75,4.0,16,4096,512,2048,1664,252.477,281.407,258.591,0.2113
mixed,4,3,0.75,4.0,16,4096,1024,4096,3328,345.472,385.948,340.671,-0.1186
mixed,4,3,0.75,4.0,16,4096,2048,8192,6656,514.812,591.547,510.301,-0.0588
mixed,4,3,0.75,4.0,16,4096,4096,16384,13312,843.576,996.151,838.041,-0.0363
mixed,4,3,0.75,4.0,16,8192,128,512,416,233.279,251.838,234.399,0.0603
mixed,4,3,0.75,4.0,16,8192,256,1024,832,261.121,277.086,263.069,0.122
mixed,4,3,0.75,4.0,16,8192,512,2048,1664,310.685,334.171,314.077,0.1444
mixed,4,3,0.75,4.0,16,8192,1024,4096,3328,401.214,438.717,393.981,-0.1929
mixed,4,3,0.75,4.0,16,8192,2048,8192,6656,565.406,645.433,559.835,-0.0696
mixed,4,3,0.75,4.0,16,8192,4096,16384,13312,900.218,1050.582,888.984,-0.0747
mixed,4,3,0.75,4.0,32,0,128,512,416,130.111,149.344,129.664,-0.0232
mixed,4,3,0.75,4.0,32,0,256,1024,832,155.904,170.781,156.608,0.0473
mixed,4,3,0.75,4.0,32,0,512,2048,1664,200.191,225.244,201.697,0.0601
mixed,4,3,0.75,4.0,32,0,1024,4096,3328,292.285,328.957,281.82,-0.2854
mixed,4,3,0.75,4.0,32,0,2048,8192,6656,460.414,538.332,450.589,-0.1261
mixed,4,3,0.75,4.0,32,0,4096,16384,13312,793.815,940.152,784.347,-0.0647
mixed,4,3,0.75,4.0,32,512,128,512,416,170.783,190.431,170.911,0.0065
mixed,4,3,0.75,4.0,32,512,256,1024,832,198.815,213.216,199.133,0.0221
mixed,4,3,0.75,4.0,32,512,512,2048,1664,243.612,271.164,246.431,0.1023
mixed,4,3,0.75,4.0,32,512,1024,4096,3328,335.967,374.556,328.157,-0.2024
mixed,4,3,0.75,4.0,32,512,2048,8192,6656,502.236,578.395,497.789,-0.0584
mixed,4,3,0.75,4.0,32,512,4096,16384,13312,832.57,986.938,827.228,-0.0346
mixed,4,3,0.75,4.0,32,1024,128,512,416,177.503,194.303,177.215,-0.0171
mixed,4,3,0.75,4.0,32,1024,256,1024,832,205.983,222.303,204.958,-0.0628
mixed,4,3,0.75,4.0,32,1024,512,2048,1664,254.016,280.319,256.449,0.0925
mixed,4,3,0.75,4.0,32,1024,1024,4096,3328,343.038,381.531,336.35,-0.1737
mixed,4,3,0.75,4.0,32,1024,2048,8192,6656,512.921,591.545,503.933,-0.1143
mixed,4,3,0.75,4.0,32,1024,4096,16384,13312,842.904,996.537,836.185,-0.0437
mixed,4,3,0.75,4.0,32,2048,128,512,416,191.037,210.751,193.535,0.1267
mixed,4,3,0.75,4.0,32,2048,256,1024,832,219.423,235.037,220.382,0.0614
mixed,4,3,0.75,4.0,32,2048,512,2048,1664,268.607,294.242,271.998,0.1323
mixed,4,3,0.75,4.0,32,2048,1024,4096,3328,361.276,397.98,356.637,-0.1264
mixed,4,3,0.75,4.0,32,2048,2048,8192,6656,528.733,607.164,522.394,-0.0808
mixed,4,3,0.75,4.0,32,2048,4096,16384,13312,856.09,1011.672,852.951,-0.0202
mixed,4,3,0.75,4.0,32,4096,128,512,416,290.588,303.905,287.007,-0.2689
mixed,4,3,0.75,4.0,32,4096,256,1024,832,315.775,331.263,317.565,0.1156
mixed,4,3,0.75,4.0,32,4096,512,2048,1664,360.095,389.338,364.927,0.1652
mixed,4,3,0.75,4.0,32,4096,1024,4096,3328,452.348,489.374,444.571,-0.21
mixed,4,3,0.75,4.0,32,4096,2048,8192,6656,623.578,694.94,614.109,-0.1327
mixed,4,3,0.75,4.0,32,4096,4096,16384,13312,951.864,1104.857,946.135,-0.0374
mixed,4,3,0.75,4.0,32,8192,128,512,416,396.189,412.481,397.502,0.0806
mixed,4,3,0.75,4.0,32,8192,256,1024,832,422.652,439.133,421.404,-0.0757
mixed,4,3,0.75,4.0,32,8192,512,2048,1664,466.587,497.468,472.317,0.1856
mixed,4,3,0.75,4.0,32,8192,1024,4096,3328,561.499,597.596,554.845,-0.1843
mixed,4,3,0.75,4.0,32,8192,2048,8192,6656,722.332,805.594,718.716,-0.0434
mixed,4,3,0.75,4.0,32,8192,4096,16384,13312,1056.729,1205.497,1051.703,-0.0338
mixed,4,3,0.75,4.0,64,0,128,512,416,132.255,151.903,132.094,-0.0082
mixed,4,3,0.75,4.0,64,0,256,1024,832,160.319,174.335,159.423,-0.0639
mixed,4,3,0.75,4.0,64,0,512,2048,1664,203.616,228.64,207.166,0.1419
mixed,4,3,0.75,4.0,64,0,1024,4096,3328,296.414,333.405,287.775,-0.2335
mixed,4,3,0.75,4.0,64,0,2048,8192,6656,462.524,542.264,453.758,-0.1099
mixed,4,3,0.75,4.0,64,0,4096,16384,13312,792.442,945.977,786.683,-0.0375
mixed,4,3,0.75,4.0,64,512,128,512,416,185.857,203.07,186.237,0.0221
mixed,4,3,0.75,4.0,64,512,256,1024,832,213.756,230.593,214.556,0.0475
mixed,4,3,0.75,4.0,64,512,512,2048,1664,261.502,287.2,266.751,0.2043
mixed,4,3,0.75,4.0,64,512,1024,4096,3328,353.18,392.956,344.671,-0.2139
mixed,4,3,0.75,4.0,64,512,2048,8192,6656,523.486,597.756,511.773,-0.1577
mixed,4,3,0.75,4.0,64,512,4096,16384,13312,853.018,1002.201,845.433,-0.0508
mixed,4,3,0.75,4.0,64,1024,128,512,416,244.958,263.005,244.637,-0.0178
mixed,4,3,0.75,4.0,64,1024,256,1024,832,273.405,288.319,273.245,-0.0107
mixed,4,3,0.75,4.0,64,1024,512,2048,1664,320.602,344.7,324.767,0.1728
mixed,4,3,0.75,4.0,64,1024,1024,4096,3328,414.492,453.501,406.971,-0.1928
mixed,4,3,0.75,4.0,64,1024,2048,8192,6656,579.227,656.637,572.315,-0.0893
mixed,4,3,0.75,4.0,64,1024,4096,16384,13312,911.16,1061.112,905.243,-0.0395
mixed,4,3,0.75,4.0,64,2048,128,512,416,286.876,300.89,286.525,-0.025
mixed,4,3,0.75,4.0,64,2048,256,1024,832,314.657,328.765,312.187,-0.1751
mixed,4,3,0.75,4.0,64,2048,512,2048,1664,358.143,386.749,360.67,0.0883
mixed,4,3,0.75,4.0,64,2048,1024,4096,3328,453.533,489.659,440.414,-0.3631
mixed,4,3,0.75,4.0,64,2048,2048,8192,6656,615.77,693.531,609.147,-0.0852
mixed,4,3,0.75,4.0,64,2048,4096,16384,13312,952.6,1099.769,946.202,-0.0435
mixed,4,3,0.75,4.0,64,4096,128,512,416,390.076,402.685,389.47,-0.0481
mixed,4,3,0.75,4.0,64,4096,256,1024,832,414.14,430.429,414.812,0.0413
mixed,4,3,0.75,4.0,64,4096,512,2048,1664,461.245,488.347,463.229,0.0732
mixed,4,3,0.75,4.0,64,4096,1024,4096,3328,551.868,587.197,542.811,-0.2564
mixed,4,3,0.75,4.0,64,4096,2048,8192,6656,716.761,793.722,705.848,-0.1418
mixed,4,3,0.75,4.0,64,4096,4096,16384,13312,1046.52,1197.75,1040.472,-0.04
mixed,4,3,0.75,4.0,64,8192,128,512,416,598.3,610.235,600.123,0.1527
mixed,4,3,0.75,4.0,64,8192,256,1024,832,623.004,637.084,624.09,0.0771
mixed,4,3,0.75,4.0,64,8192,512,2048,1664,667.866,693.116,673.629,0.2282
mixed,4,3,0.75,4.0,64,8192,1024,4096,3328,759.16,793.753,749.916,-0.2672
mixed,4,3,0.75,4.0,64,8192,2048,8192,6656,921.848,1002.039,918.234,-0.0451
mixed,4,3,0.75,4.0,64,8192,4096,16384,13312,1254.261,1406.519,1245.049,-0.0605
mixed,4,3,0.75,4.0,128,0,128,512,416,152.126,172.064,152.573,0.0224
mixed,4,3,0.75,4.0,128,0,256,1024,832,180.51,197.213,180.319,-0.0114
mixed,4,3,0.75,4.0,128,0,512,2048,1664,228.543,254.592,232.127,0.1376
mixed,4,3,0.75,4.0,128,0,1024,4096,3328,319.679,359.454,314.045,-0.1416
mixed,4,3,0.75,4.0,128,0,2048,8192,6656,486.749,567.099,479.453,-0.0908
mixed,4,3,0.75,4.0,128,0,4096,16384,13312,818.939,966.967,815.833,-0.021
mixed,4,3,0.75,4.0,128,512,128,512,416,286.045,301.789,285.598,-0.0284
mixed,4,3,0.75,4.0,128,512,256,1024,832,314.687,328.317,315.678,0.0727
mixed,4,3,0.75,4.0,128,512,512,2048,1664,359.548,387.552,364.348,0.1714
mixed,4,3,0.75,4.0,128,512,1024,4096,3328,454.013,494.14,446.111,-0.1969
mixed,4,3,0.75,4.0,128,512,2048,8192,6656,619.035,697.916,615.388,-0.0462
mixed,4,3,0.75,4.0,128,512,4096,16384,13312,948.186,1100.282,943.513,-0.0307
mixed,4,3,0.75,4.0,128,1024,128,512,416,355.197,370.302,354.623,-0.038
mixed,4,3,0.75,4.0,128,1024,256,1024,832,380.252,396.99,381.279,0.0614
mixed,4,3,0.75,4.0,128,1024,512,2048,1664,426.078,455.711,432.125,0.2041
mixed,4,3,0.75,4.0,128,1024,1024,4096,3328,518.557,556.539,511.549,-0.1845
mixed,4,3,0.75,4.0,128,1024,2048,8192,6656,686.299,761.914,678.424,-0.1041
mixed,4,3,0.75,4.0,128,1024,4096,16384,13312,1020.597,1162.521,1010.17,-0.0735
mixed,4,3,0.75,4.0,128,2048,128,512,416,453.182,469.692,454.938,0.1064
mixed,4,3,0.75,4.0,128,2048,256,1024,832,480.028,495.068,480.766,0.0491
mixed,4,3,0.75,4.0,128,2048,512,2048,1664,526.682,552.892,530.299,0.138
mixed,4,3,0.75,4.0,128,2048,1024,4096,3328,619.068,655.224,609.691,-0.2593
mixed,4,3,0.75,4.0,128,2048,2048,8192,6656,781.148,861.049,777.69,-0.0433
mixed,4,3,0.75,4.0,128,2048,4096,16384,13312,1115.481,1262.296,1109.302,-0.0421
mixed,4,3,0.75,4.0,128,4096,128,512,416,654.3,671.42,655.002,0.041
mixed,4,3,0.75,4.0,128,4096,256,1024,832,683.419,697.277,682.491,-0.067
mixed,4,3,0.75,4.0,128,4096,512,2048,1664,726.14,752.572,730.681,0.1718
mixed,4,3,0.75,4.0,128,4096,1024,4096,3328,817.338,855.386,809.528,-0.2053
mixed,4,3,0.75,4.0,128,4096,2048,8192,6656,981.69,1058.329,972.28,-0.1228
mixed,4,3,0.75,4.0,128,4096,4096,16384,13312,1312.694,1465.814,1303.992,-0.0568
mixed,4,3,0.75,4.0,128,8192,128,512,416,1050.393,1066.808,1051.418,0.0624
mixed,4,3,0.75,4.0,128,8192,256,1024,832,1078.36,1093.429,1077.721,-0.0424
mixed,4,3,0.75,4.0,128,8192,512,2048,1664,1123.096,1150.297,1127.607,0.1658
mixed,4,3,0.75,4.0,128,8192,1024,4096,3328,1212.472,1250.743,1201.305,-0.2918
mixed,4,3,0.75,4.0,128,8192,2048,8192,6656,1377.556,1454.931,1368.533,-0.1166
mixed,4,3,0.75,4.0,128,8192,4096,16384,13312,1708.722,1856.302,1701.011,-0.0522
mixed,4,3,0.75,4.0,256,0,128,512,416,274.303,291.869,275.005,0.04
mixed,4,3,0.75,4.0,256,0,256,1024,832,302.943,317.761,302.106,-0.0565
mixed,4,3,0.75,4.0,256,0,512,2048,1664,350.049,375.068,355.516,0.2185
mixed,4,3,0.75,4.0,256,0,1024,4096,3328,441.247,481.341,433.913,-0.1829
mixed,4,3,0.75,4.0,256,0,2048,8192,6656,609.981,686.812,602.492,-0.0975
mixed,4,3,0.75,4.0,256,0,4096,16384,13312,941.017,1089.113,935.577,-0.0367
mixed,4,3,0.75,4.0,256,512,128,512,416,407.612,422.908,407.837,0.0147
mixed,4,3,0.75,4.0,256,512,256,1024,832,433.917,449.884,436.638,0.1704
mixed,4,3,0.75,4.0,256,512,512,2048,1664,479.644,505.246,484.092,0.1737
mixed,4,3,0.75,4.0,256,512,1024,4096,3328,569.884,609.884,562.878,-0.1751
mixed,4,3,0.75,4.0,256,512,2048,8192,6656,739.866,815.483,730.27,-0.1269
mixed,4,3,0.75,4.0,256,512,4096,16384,13312,1061.976,1221.461,1060.887,-0.0068
mixed,4,3,0.75,4.0,256,1024,128,512,416,506.142,520.762,504.188,-0.1337
mixed,4,3,0.75,4.0,256,1024,256,1024,832,532.316,545.598,532.669,0.0266
mixed,4,3,0.75,4.0,256,1024,512,2048,1664,577.339,605.529,583.163,0.2066
mixed,4,3,0.75,4.0,256,1024,1024,4096,3328,668.189,703.932,660.99,-0.2014
mixed,4,3,0.75,4.0,256,1024,2048,8192,6656,832.283,908.954,825.562,-0.0877
mixed,4,3,0.75,4.0,256,1024,4096,16384,13312,1159.961,1310.873,1154.394,-0.0369
mixed,4,3,0.75,4.0,256,2048,128,512,416,702.394,717.947,701.532,-0.0554
mixed,4,3,0.75,4.0,256,2048,256,1024,832,725.529,743.546,726.586,0.0587
mixed,4,3,0.75,4.0,256,2048,512,2048,1664,773.37,798.395,777.37,0.1598
mixed,4,3,0.75,4.0,256,2048,1024,4096,3328,862.651,901.179,855.898,-0.1753
mixed,4,3,0.75,4.0,256,2048,2048,8192,6656,1026.808,1104.825,1022.554,-0.0545
mixed,4,3,0.75,4.0,256,2048,4096,16384,13312,1357.365,1512.596,1353.908,-0.0223
mixed,4,3,0.75,4.0,256,4096,128,512,416,1099.576,1113.497,1102.968,0.2437
mixed,4,3,0.75,4.0,256,4096,256,1024,832,1129.176,1141.176,1130.134,0.0798
mixed,4,3,0.75,4.0,256,4096,512,2048,1664,1175.161,1201.594,1173.751,-0.0533
mixed,4,3,0.75,4.0,256,4096,1024,4096,3328,1264.503,1301.527,1254.488,-0.2705
mixed,4,3,0.75,4.0,256,4096,2048,8192,6656,1422.871,1502.262,1421.782,-0.0137
mixed,4,3,0.75,4.0,256,4096,4096,16384,13312,1757.078,1906.195,1750.581,-0.0436
mixed,4,3,0.75,4.0,256,8192,128,512,416,1891.121,1904.623,1888.497,-0.1943
mixed,4,3,0.75,4.0,256,8192,256,1024,832,1916.115,1933.361,1916.145,0.0017
mixed,4,3,0.75,4.0,256,8192,512,2048,1664,1959.408,1989.332,1964.113,0.1572
mixed,4,3,0.75,4.0,256,8192,1024,4096,3328,2049.135,2087.984,2042.449,-0.1721
mixed,4,3,0.75,4.0,256,8192,2048,8192,6656,2213.712,2293.358,2205.104,-0.1081
mixed,4,3,0.75,4.0,256,8192,4096,16384,13312,2545.167,2695.246,2536.909,-0.055
mixed,4,3,0.75,4.0,512,0,128,512,416,549.275,563.74,546.908,-0.1636
mixed,4,3,0.75,4.0,512,0,256,1024,832,573.181,589.341,576.827,0.2256
mixed,4,3,0.75,4.0,512,0,512,2048,1664,621.53,645.816,624.733,0.1319
mixed,4,3,0.75,4.0,512,0,1024,4096,3328,710.299,749.851,702.043,-0.2087
mixed,4,3,0.75,4.0,512,0,2048,8192,6656,874.267,952.056,870.043,-0.0543
mixed,4,3,0.75,4.0,512,0,4096,16384,13312,1202.776,1352.662,1191.48,-0.0754
mixed,4,3,0.75,4.0,512,512,128,512,416,766.939,781.882,766.779,-0.0107
mixed,4,3,0.75,4.0,512,512,256,1024,832,797.306,807.228,793.594,-0.3741
mixed,4,3,0.75,4.0,512,512,512,2048,1664,837.145,865.211,840.282,0.1118
mixed,4,3,0.75,4.0,512,512,1024,4096,3328,932.282,966.294,923.129,-0.2691
mixed,4,3,0.75,4.0,512,512,2048,8192,6656,1093.718,1168.407,1087.574,-0.0823
mixed,4,3,0.75,4.0,512,512,4096,16384,13312,1424.854,1572.599,1414.711,-0.0687
mixed,4,3,0.75,4.0,512,1024,128,512,416,965.851,981.658,964.474,-0.0871
mixed,4,3,0.75,4.0,512,1024,256,1024,832,991.193,1004.632,991.93,0.0548
mixed,4,3,0.75,4.0,512,1024,512,2048,1664,1034.299,1062.138,1039.128,0.1735
mixed,4,3,0.75,4.0,512,1024,1024,4096,3328,1125.335,1165.785,1112.76,-0.3109
mixed,4,3,0.75,4.0,512,1024,2048,8192,6656,1293.782,1367.799,1282.553,-0.1517
mixed,4,3,0.75,4.0,512,1024,4096,16384,13312,1618.614,1769.396,1611.893,-0.0446
mixed,4,3,0.75,4.0,512,2048,128,512,416,1358.709,1373.335,1357.91,-0.0546
mixed,4,3,0.75,4.0,512,2048,256,1024,832,1384.694,1398.199,1383.7,-0.0736
mixed,4,3,0.75,4.0,512,2048,512,2048,1664,1428.245,1453.559,1430.262,0.0797
mixed,4,3,0.75,4.0,512,2048,1024,4096,3328,1519.861,1553.3,1507.541,-0.3684
mixed,4,3,0.75,4.0,512,2048,2048,8192,6656,1685.011,1760.019,1676.917,-0.1079
mixed,4,3,0.75,4.0,512,2048,4096,16384,13312,2011.152,2159.342,2003.856,-0.0492
mixed,4,3,0.75,4.0,512,4096,128,512,416,2144.559,2160.53,2144.142,-0.0261
mixed,4,3,0.75,4.0,512,4096,256,1024,832,2171.919,2188.66,2175.185,0.1951
mixed,4,3,0.75,4.0,512,4096,512,2048,1664,2217.838,2245.807,2223.279,0.1945
mixed,4,3,0.75,4.0,512,4096,1024,4096,3328,2308.175,2343.343,2297.614,-0.3003
mixed,4,3,0.75,4.0,512,4096,2048,8192,6656,2469.713,2544.463,2464.462,-0.0702
mixed,4,3,0.75,4.0,512,4096,4096,16384,13312,2806.124,2952.042,2794.443,-0.0801
mixed,4,3,0.75,4.0,512,8192,128,512,416,3725.893,3742.788,3723.177,-0.1608
mixed,4,3,0.75,4.0,512,8192,256,1024,832,3754.626,3764.199,3751.492,-0.3274
mixed,4,3,0.75,4.0,512,8192,512,2048,1664,3796.422,3819.815,3800.578,0.1777
mixed,4,3,0.75,4.0,512,8192,1024,4096,3328,3885.124,3925.763,3878.151,-0.1716
mixed,4,3,0.75,4.0,512,8192,2048,8192,6656,4056.257,4123.589,4048.995,-0.1079
mixed,4,3,0.75,4.0,512,8192,4096,16384,13312,4379.551,4524.706,4379.906,0.0024
mixed,4,3,0.75,4.0,1024,0,128,512,416,875.992,891.385,874.68,-0.0852
mixed,4,3,0.75,4.0,1024,0,256,1024,832,900.123,915.642,900.603,0.0309
mixed,4,3,0.75,4.0,1024,0,512,2048,1664,946.967,973.529,952.634,0.2133
mixed,4,3,0.75,4.0,1024,0,1024,4096,3328,1038.423,1076.983,1028.856,-0.2481
mixed,4,3,0.75,4.0,1024,0,2048,8192,6656,1204.952,1286.873,1198.84,-0.0746
mixed,4,3,0.75,4.0,1024,0,4096,16384,13312,1536.276,1689.621,1527.061,-0.0601
mixed,4,3,0.75,4.0,1024,512,128,512,416,1346.039,1359.734,1345.111,-0.0678
mixed,4,3,0.75,4.0,1024,512,256,1024,832,1370.842,1388.216,1373.911,0.1766
mixed,4,3,0.75,4.0,1024,512,512,2048,1664,1416.5,1446.102,1423.125,0.2238
mixed,4,3,0.75,4.0,1024,512,1024,4096,3328,1508.914,1546.007,1497.975,-0.2949
mixed,4,3,0.75,4.0,1024,512,2048,8192,6656,1674.963,1755.7,1668.821,-0.0761
mixed,4,3,0.75,4.0,1024,512,4096,16384,13312,2005.811,2154.449,1997.778,-0.054
mixed,4,3,0.75,4.0,1024,1024,128,512,416,1736.31,1751.444,1736.34,0.002
mixed,4,3,0.75,4.0,1024,1024,256,1024,832,1762.001,1778.386,1763.254,0.0765
mixed,4,3,0.75,4.0,1024,1024,512,2048,1664,1811.094,1833.171,1813.14,0.0927
mixed,4,3,0.75,4.0,1024,1024,1024,4096,3328,1901.33,1938.451,1893.939,-0.1991
mixed,4,3,0.75,4.0,1024,1024,2048,8192,6656,2064.689,2141.392,2058.064,-0.0864
mixed,4,3,0.75,4.0,1024,1024,4096,16384,13312,2397.488,2548.462,2386.704,-0.0714
mixed,4,3,0.75,4.0,1024,2048,128,512,416,2517.294,2535.439,2518.029,0.0405
mixed,4,3,0.75,4.0,1024,2048,256,1024,832,2545.068,2558.576,2546.474,0.1041
mixed,4,3,0.75,4.0,1024,2048,512,2048,1664,2590.703,2614.382,2598.736,0.3392
mixed,4,3,0.75,4.0,1024,2048,1024,4096,3328,2684.974,2719.725,2676.238,-0.2514
mixed,4,3,0.75,4.0,1024,2048,2048,8192,6656,2849.133,2925.195,2843.307,-0.0766
mixed,4,3,0.75,4.0,1024,2048,4096,16384,13312,3179.788,3328.073,3176.492,-0.0222
mixed,4,3,0.75,4.0,1024,4096,128,512,416,4131.654,4146.885,4132.901,0.0819
mixed,4,3,0.75,4.0,1024,4096,256,1024,832,4157.573,4155.842,4154.818,
mixed,4,3,0.75,4.0,1024,4096,512,2048,1664,4204.743,4229.538,4187.843,-0.6816
mixed,4,3,0.75,4.0,1024,4096,1024,4096,3328,4291.203,4328.607,4280.738,-0.2798
mixed,4,3,0.75,4.0,1024,4096,2048,8192,6656,4438.02,4534.945,4455.49,0.1802
mixed,4,3,0.75,4.0,1024,4096,4096,16384,13312,4773.149,4906.43,4786.846,0.1028
mixed,4,3,0.75,4.0,1024,8192,128,512,416,7285.455,7298.634,7282.128,-0.2524
mixed,4,3,0.75,4.0,1024,8192,256,1024,832,7301.644,7330.669,7318.286,0.5734
mixed,4,3,0.75,4.0,1024,8192,512,2048,1664,7352.27,7376.078,7363.882,0.4877
mixed,4,3,0.75,4.0,1024,8192,1024,4096,3328,7441.77,7472.682,7433.323,-0.2733
mixed,4,3,0.75,4.0,1024,8192,2048,8192,6656,7610.793,7682.316,7609.896,-0.0125
mixed,4,3,0.75,4.0,1024,8192,4096,16384,13312,7946.601,8097.93,7941.959,-0.0307
mixed,4,3,0.75,4.0,2048,0,128,512,416,2358.481,2366.288,2349.167,-1.193
mixed,4,3,0.75,4.0,2048,0,256,1024,832,2376.721,2396.686,2376.945,0.0112
mixed,4,3,0.75,4.0,2048,0,512,2048,1664,2427.664,2449.521,2425.81,-0.0848
mixed,4,3,0.75,4.0,2048,0,1024,4096,3328,2515.409,2554.546,2510.671,-0.1211
mixed,4,3,0.75,4.0,2048,0,2048,8192,6656,2687.503,2763.341,2667.824,-0.2595
mixed,4,3,0.75,4.0,2048,0,4096,16384,13312,3011.083,3158.154,3007.05,-0.0274
mixed,4,3,0.75,4.0,2048,512,128,512,416,3202.633,3223.595,3203.243,0.0291
mixed,4,3,0.75,4.0,2048,512,256,1024,832,3240.074,3248.618,3233.995,-0.7115
mixed,4,3,0.75,4.0,2048,512,512,2048,1664,3278.185,3314.055,3282.953,0.1329
mixed,4,3,0.75,4.0,2048,512,1024,4096,3328,3369.093,3418.09,3361.741,-0.1501
mixed,4,3,0.75,4.0,2048,512,2048,8192,6656,3537.673,3610.953,3521.992,-0.214
mixed,4,3,0.75,4.0,2048,512,4096,16384,13312,3867.62,4019.078,3867.943,0.0021
mixed,4,3,0.75,4.0,2048,1024,128,512,416,4041.158,4059.748,4041.572,0.0223
mixed,4,3,0.75,4.0,2048,1024,256,1024,832,4069.476,4083.237,4068.581,-0.065
mixed,4,3,0.75,4.0,2048,1024,512,2048,1664,4111.012,4144.805,4117.957,0.2055
mixed,4,3,0.75,4.0,2048,1024,1024,4096,3328,4209.794,4245.538,4199.458,-0.2892
mixed,4,3,0.75,4.0,2048,1024,2048,8192,6656,4370.017,4448.259,4373.091,0.0393
mixed,4,3,0.75,4.0,2048,1024,4096,16384,13312,4710.336,4855.328,4692.32,-0.1243
mixed,4,3,0.75,4.0,2048,2048,128,512,416,5695.193,5707.29,5689.309,-0.4864
mixed,4,3,0.75,4.0,2048,2048,256,1024,832,5729.721,5729.493,5712.57,
mixed,4,3,0.75,4.0,2048,2048,512,2048,1664,5761.818,5796.57,5779.321,0.5037
mixed,4,3,0.75,4.0,2048,2048,1024,4096,3328,5854.233,5895.608,5862.298,0.1949
mixed,4,3,0.75,4.0,2048,2048,2048,8192,6656,6010.199,6108.919,6006.585,-0.0366
mixed,4,3,0.75,4.0,2048,2048,4096,16384,13312,6347.252,6509.558,6346.036,-0.0075
mixed,4,3,0.75,4.0,2048,4096,128,512,416,8897.352,8932.87,8899.402,0.0577
mixed,4,3,0.75,4.0,2048,4096,256,1024,832,8925.162,8951.426,8934.438,0.3532
mixed,4,3,0.75,4.0,2048,4096,512,2048,1664,8966.531,8994.404,8987.429,0.7498
mixed,4,3,0.75,4.0,2048,4096,1024,4096,3328,9098.727,9131.27,9082.979,-0.4839
mixed,4,3,0.75,4.0,2048,4096,2048,8192,6656,9232.866,9317.666,9225.767,-0.0837
mixed,4,3,0.75,4.0,2048,4096,4096,16384,13312,9550.789,9710.817,9601.349,0.3159
mixed,4,3,0.75,4.0,2048,8192,128,512,416,15181.626,15237.436,15188.989,0.1319
mixed,4,3,0.75,4.0,2048,8192,256,1024,832,15251.001,15221.113,15215.831,
mixed,4,3,0.75,4.0,2048,8192,512,2048,1664,15316.252,15269.435,15305.985,
mixed,4,3,0.75,4.0,2048,8192,1024,4096,3328,15363.45,15389.208,15358.559,-0.1899
mixed,4,3,0.75,4.0,2048,8192,2048,8192,6656,15557.273,15607.027,15516.381,-0.8219
mixed,4,3,0.75,4.0,2048,8192,4096,16384,13312,15836.827,16001.424,15823.512,-0.0809
pure,8,1,0.125,4.0,0,0,128,512,176,72.703,113.471,88.19,0.3799
pure,8,1,0.125,4.0,0,0,256,1024,352,95.808,167.999,97.215,0.0195
pure,8,1,0.125,4.0,0,0,512,2048,704,129.726,272.896,129.632,-0.0007
pure,8,1,0.125,4.0,0,0,1024,4096,1408,207.326,480.22,196.701,-0.0389
pure,8,1,0.125,4.0,0,0,2048,8192,2816,349.149,883.93,339.197,-0.0186
pure,8,1,0.125,4.0,0,0,4096,16384,5632,631.896,1695.446,611.515,-0.0192
mixed,8,1,0.125,4.0,16,0,128,512,176,94.558,134.496,112.256,0.4431
mixed,8,1,0.125,4.0,16,0,256,1024,352,118.592,190.012,117.12,-0.0206
mixed,8,1,0.125,4.0,16,0,512,2048,704,151.518,294.846,153.569,0.0143
mixed,8,1,0.125,4.0,16,0,1024,4096,1408,229.469,500.125,220.384,-0.0336
mixed,8,1,0.125,4.0,16,0,2048,8192,2816,372.957,907.161,361.534,-0.0214
mixed,8,1,0.125,4.0,16,0,4096,16384,5632,655.516,1711.732,633.053,-0.0213
mixed,8,1,0.125,4.0,16,512,128,512,176,134.432,177.471,150.941,0.3836
mixed,8,1,0.125,4.0,16,512,256,1024,352,158.973,230.239,159.806,0.0117
mixed,8,1,0.125,4.0,16,512,512,2048,704,193.055,337.887,195.102,0.0141
mixed,8,1,0.125,4.0,16,512,1024,4096,1408,271.294,543.006,261.628,-0.0356
mixed,8,1,0.125,4.0,16,512,2048,8192,2816,413.756,948.027,406.363,-0.0138
mixed,8,1,0.125,4.0,16,512,4096,16384,5632,699.29,1759.987,675.195,-0.0227
mixed,8,1,0.125,4.0,16,1024,128,512,176,138.818,183.555,156.223,0.3891
mixed,8,1,0.125,4.0,16,1024,256,1024,352,162.27,238.814,162.53,0.0034
mixed,8,1,0.125,4.0,16,1024,512,2048,704,199.422,344.86,199.712,0.002
mixed,8,1,0.125,4.0,16,1024,1024,4096,1408,277.054,546.714,266.301,-0.0399
mixed,8,1,0.125,4.0,16,1024,2048,8192,2816,422.494,952.701,410.237,-0.0231
mixed,8,1,0.125,4.0,16,1024,4096,16384,5632,703.548,1761.556,680.063,-0.0222
mixed,8,1,0.125,4.0,16,2048,128,512,176,146.691,189.759,162.433,0.3655
mixed,8,1,0.125,4.0,16,2048,256,1024,352,169.344,245.117,169.565,0.0029
mixed,8,1,0.125,4.0,16,2048,512,2048,704,206.431,353.281,207.552,0.0076
mixed,8,1,0.125,4.0,16,2048,1024,4096,1408,283.486,556.092,275.17,-0.0305
mixed,8,1,0.125,4.0,16,2048,2048,8192,2816,429.407,962.072,418.972,-0.0196
mixed,8,1,0.125,4.0,16,2048,4096,16384,5632,707.773,1771.318,692.026,-0.0148
mixed,8,1,0.125,4.0,16,4096,128,512,176,179.872,225.118,194.109,0.3147
mixed,8,1,0.125,4.0,16,4096,256,1024,352,203.264,280.48,202.494,-0.01
mixed,8,1,0.125,4.0,16,4096,512,2048,704,243.871,385.566,246.078,0.0156
mixed,8,1,0.125,4.0,16,4096,1024,4096,1408,321.375,593.564,312.124,-0.034
mixed,8,1,0.125,4.0,16,4096,2048,8192,2816,462.621,997.209,453.469,-0.0171
mixed,8,1,0.125,4.0,16,4096,4096,16384,5632,744.861,1803.187,724.445,-0.0193
mixed,8,1,0.125,4.0,16,8192,128,512,176,234.591,277.504,250.688,0.3751
mixed,8,1,0.125,4.0,16,8192,256,1024,352,257.214,336.83,259.743,0.0318
mixed,8,1,0.125,4.0,16,8192,512,2048,704,296.67,439.037,300.158,0.0245
mixed,8,1,0.125,4.0,16,8192,1024,4096,1408,376.092,648.637,366.301,-0.0359
mixed,8,1,0.125,4.0,16,8192,2048,8192,2816,515.808,1052.505,508.092,-0.0144
mixed,8,1,0.125,4.0,16,8192,4096,16384,5632,798.298,1853.459,778.683,-0.0186
mixed,8,1,0.125,4.0,32,0,128,512,176,130.303,171.36,147.261,0.413
mixed,8,1,0.125,4.0,32,0,256,1024,352,153.182,226.56,154.014,0.0113
mixed,8,1,0.125,4.0,32,0,512,2048,704,189.119,330.014,189.76,0.0045
mixed,8,1,0.125,4.0,32,0,1024,4096,1408,266.842,536.795,255.935,-0.0404
mixed,8,1,0.125,4.0,32,0,2048,8192,2816,409.022,946.01,399.841,-0.0171
mixed,8,1,0.125,4.0,32,0,4096,16384,5632,692.092,1748.275,666.076,-0.0246
mixed,8,1,0.125,4.0,32,512,128,512,176,171.552,217.568,187.487,0.3463
mixed,8,1,0.125,4.0,32,512,256,1024,352,192.926,271.609,195.519,0.033
mixed,8,1,0.125,4.0,32,512,512,2048,704,233.374,377.342,233.597,0.0015
mixed,8,1,0.125,4.0,32,512,1024,4096,1408,310.621,582.524,303.614,-0.0258
mixed,8,1,0.125,4.0,32,512,2048,8192,2816,456.732,986.585,444.477,-0.0231
mixed,8,1,0.125,4.0,32,512,4096,16384,5632,732.154,1796.501,715.352,-0.0158
mixed,8,1,0.125,4.0,32,1024,128,512,176,179.134,224.254,194.079,0.3312
mixed,8,1,0.125,4.0,32,1024,256,1024,352,202.558,281.375,201.886,-0.0085
mixed,8,1,0.125,4.0,32,1024,512,2048,704,241.371,384.35,244.191,0.0197
mixed,8,1,0.125,4.0,32,1024,1024,4096,1408,320.318,591.899,310.493,-0.0362
mixed,8,1,0.125,4.0,32,1024,2048,8192,2816,459.614,990.104,455.039,-0.0086
mixed,8,1,0.125,4.0,32,1024,4096,16384,5632,747.354,1803.988,724.028,-0.0221
mixed,8,1,0.125,4.0,32,2048,128,512,176,191.071,237.95,207.262,0.3454
mixed,8,1,0.125,4.0,32,2048,256,1024,352,215.58,298.14,216.669,0.0132
mixed,8,1,0.125,4.0,32,2048,512,2048,704,257.245,398.017,259.678,0.0173
mixed,8,1,0.125,4.0,32,2048,1024,4096,1408,335.163,607.322,324.351,-0.0397
mixed,8,1,0.125,4.0,32,2048,2048,8192,2816,477.629,1008.282,470.941,-0.0126
mixed,8,1,0.125,4.0,32,2048,4096,16384,5632,755.899,1817.714,739.452,-0.0155
mixed,8,1,0.125,4.0,32,4096,128,512,176,287.07,331.805,299.968,0.2883
mixed,8,1,0.125,4.0,32,4096,256,1024,352,308.448,387.612,309.502,0.0133
mixed,8,1,0.125,4.0,32,4096,512,2048,704,349.151,488.284,348.926,-0.0016
mixed,8,1,0.125,4.0,32,4096,1024,4096,1408,423.646,693.436,417.661,-0.0222
mixed,8,1,0.125,4.0,32,4096,2048,8192,2816,569.307,1099.704,555.069,-0.0268
mixed,8,1,0.125,4.0,32,4096,4096,16384,5632,848.983,1903.667,832.731,-0.0154
mixed,8,1,0.125,4.0,32,8192,128,512,176,394.592,440.348,407.006,0.2713
mixed,8,1,0.125,4.0,32,8192,256,1024,352,414.846,494.556,415.741,0.0112
mixed,8,1,0.125,4.0,32,8192,512,2048,704,454.041,596.283,456.317,0.016
mixed,8,1,0.125,4.0,32,8192,1024,4096,1408,536.218,801.592,523.261,-0.0488
mixed,8,1,0.125,4.0,32,8192,2048,8192,2816,674.905,1204.055,664.541,-0.0196
mixed,8,1,0.125,4.0,32,8192,4096,16384,5632,953.66,2015.892,934.297,-0.0182
mixed,8,1,0.125,4.0,64,0,128,512,176,137.567,181.117,154.112,0.3799
mixed,8,1,0.125,4.0,64,0,256,1024,352,160.734,235.744,161.151,0.0056
mixed,8,1,0.125,4.0,64,0,512,2048,704,196.99,339.71,196.574,-0.0029
mixed,8,1,0.125,4.0,64,0,1024,4096,1408,274.815,546.749,262.523,-0.0452
mixed,8,1,0.125,4.0,64,0,2048,8192,2816,418.173,948.665,405.659,-0.0236
mixed,8,1,0.125,4.0,64,0,4096,16384,5632,697.531,1758.996,678.299,-0.0181
mixed,8,1,0.125,4.0,64,512,128,512,176,191.421,239.326,206.205,0.3086
mixed,8,1,0.125,4.0,64,512,256,1024,352,213.659,291.422,213.698,0.0005
mixed,8,1,0.125,4.0,64,512,512,2048,704,255.133,396.542,257.439,0.0163
mixed,8,1,0.125,4.0,64,512,1024,4096,1408,335.104,604.859,323.58,-0.0427
mixed,8,1,0.125,4.0,64,512,2048,8192,2816,478.94,1007.416,465.275,-0.0259
mixed,8,1,0.125,4.0,64,512,4096,16384,5632,754.844,1812.115,734.684,-0.0191
mixed,8,1,0.125,4.0,64,1024,128,512,176,249.951,296.864,265.981,0.3417
mixed,8,1,0.125,4.0,64,1024,256,1024,352,275.422,353.824,274.621,-0.0102
mixed,8,1,0.125,4.0,64,1024,512,2048,704,314.076,457.916,318.077,0.0278
mixed,8,1,0.125,4.0,64,1024,1024,4096,1408,396.124,664.827,385.691,-0.0388
mixed,8,1,0.125,4.0,64,1024,2048,8192,2816,537.565,1066.745,526.779,-0.0204
mixed,8,1,0.125,4.0,64,1024,4096,16384,5632,813.624,1882.709,797.34,-0.0152
mixed,8,1,0.125,4.0,64,2048,128,512,176,291.361,338.013,304.607,0.2839
mixed,8,1,0.125,4.0,64,2048,256,1024,352,313.565,391.485,312.285,-0.0164
mixed,8,1,0.125,4.0,64,2048,512,2048,704,352.127,492.317,355.772,0.026
mixed,8,1,0.125,4.0,64,2048,1024,4096,1408,430.367,700.669,421.374,-0.0333
mixed,8,1,0.125,4.0,64,2048,2048,8192,2816,574.684,1102.712,561.625,-0.0247
mixed,8,1,0.125,4.0,64,2048,4096,16384,5632,851.291,1904.532,830.268,-0.02
mixed,8,1,0.125,4.0,64,4096,128,512,176,395.071,437.085,409.662,0.3473
mixed,8,1,0.125,4.0,64,4096,256,1024,352,417.149,494.108,414.814,-0.0303
mixed,8,1,0.125,4.0,64,4096,512,2048,704,454.398,597.821,457.116,0.019
mixed,8,1,0.125,4.0,64,4096,1024,4096,1408,531.421,800.571,524.476,-0.0258
mixed,8,1,0.125,4.0,64,4096,2048,8192,2816,675.806,1201.273,666.204,-0.0183
mixed,8,1,0.125,4.0,64,4096,4096,16384,5632,956.314,2009.331,933.339,-0.0218
mixed,8,1,0.125,4.0,64,8192,128,512,176,601.277,645.339,615.196,0.3159
mixed,8,1,0.125,4.0,64,8192,256,1024,352,621.338,701.531,622.908,0.0196
mixed,8,1,0.125,4.0,64,8192,512,2048,704,661.72,802.488,664.891,0.0225
mixed,8,1,0.125,4.0,64,8192,1024,4096,1408,736.284,1002.01,728.733,-0.0284
mixed,8,1,0.125,4.0,64,8192,2048,8192,2816,879.29,1411.638,868.922,-0.0195
mixed,8,1,0.125,4.0,64,8192,4096,16384,5632,1159.288,2217.716,1139.29,-0.0189
mixed,8,1,0.125,4.0,128,0,128,512,176,153.536,200.576,171.039,0.3721
mixed,8,1,0.125,4.0,128,0,256,1024,352,178.207,257.341,178.304,0.0012
mixed,8,1,0.125,4.0,128,0,512,2048,704,216.955,361.022,218.016,0.0074
mixed,8,1,0.125,4.0,128,0,1024,4096,1408,296.544,566.844,287.68,-0.0328
mixed,8,1,0.125,4.0,128,0,2048,8192,2816,438.523,971.708,427.357,-0.0209
mixed,8,1,0.125,4.0,128,0,4096,16384,5632,721.403,1778.997,697.721,-0.0224
mixed,8,1,0.125,4.0,128,512,128,512,176,286.241,332.605,302.268,0.3457
mixed,8,1,0.125,4.0,128,512,256,1024,352,308.862,387.294,309.183,0.0041
mixed,8,1,0.125,4.0,128,512,512,2048,704,349.215,492.505,351.645,0.017
mixed,8,1,0.125,4.0,128,512,1024,4096,1408,428.764,697.594,417.662,-0.0413
mixed,8,1,0.125,4.0,128,512,2048,8192,2816,570.588,1102.006,560.7,-0.0186
mixed,8,1,0.125,4.0,128,512,4096,16384,5632,850.041,1908.053,828.57,-0.0203
mixed,8,1,0.125,4.0,128,1024,128,512,176,355.166,398.493,369.82,0.3382
mixed,8,1,0.125,4.0,128,1024,256,1024,352,375.839,452.701,376.255,0.0054
mixed,8,1,0.125,4.0,128,1024,512,2048,704,415.9,560.124,418.718,0.0195
mixed,8,1,0.125,4.0,128,1024,1024,4096,1408,491.227,761.083,482.844,-0.0311
mixed,8,1,0.125,4.0,128,1024,2048,8192,2816,634.907,1169.078,627.514,-0.0138
mixed,8,1,0.125,4.0,128,1024,4096,16384,5632,912.921,1975.154,894.651,-0.0172
mixed,8,1,0.125,4.0,128,2048,128,512,176,453.116,498.523,469.148,0.3531
mixed,8,1,0.125,4.0,128,2048,256,1024,352,476.346,552.669,475.263,-0.0142
mixed,8,1,0.125,4.0,128,2048,512,2048,704,515.356,656.956,515.774,0.003
mixed,8,1,0.125,4.0,128,2048,1024,4096,1408,594.044,853.979,583.097,-0.0421
mixed,8,1,0.125,4.0,128,2048,2048,8192,2816,735.13,1259.607,723.033,-0.0231
mixed,8,1,0.125,4.0,128,2048,4096,16384,5632,1011.931,2074.384,993.562,-0.0173
mixed,8,1,0.125,4.0,128,4096,128,512,176,654.075,699.098,667.676,0.3021
mixed,8,1,0.125,4.0,128,4096,256,1024,352,675.386,755.612,676.478,0.0136
mixed,8,1,0.125,4.0,128,4096,512,2048,704,717.626,855.128,717.373,-0.0018
mixed,8,1,0.125,4.0,128,4096,1024,4096,1408,794.01,1061.052,784.604,-0.0352
mixed,8,1,0.125,4.0,128,4096,2048,8192,2816,932.827,1462.103,920.988,-0.0224
mixed,8,1,0.125,4.0,128,4096,4096,16384,5632,1212.279,2273.202,1192.121,-0.019
mixed,8,1,0.125,4.0,128,8192,128,512,176,1051.448,1097.369,1065.434,0.3046
mixed,8,1,0.125,4.0,128,8192,256,1024,352,1073.369,1151.609,1074.137,0.0098
mixed,8,1,0.125,4.0,128,8192,512,2048,704,1113.241,1251.671,1116.12,0.0208
mixed,8,1,0.125,4.0,128,8192,1024,4096,1408,1190.488,1454.965,1182.201,-0.0313
mixed,8,1,0.125,4.0,128,8192,2048,8192,2816,1329.688,1863.093,1317.815,-0.0223
mixed,8,1,0.125,4.0,128,8192,4096,16384,5632,1607.832,2665.678,1586.835,-0.0198
mixed,8,1,0.125,4.0,256,0,128,512,176,274.877,320.634,289.598,0.3217
mixed,8,1,0.125,4.0,256,0,256,1024,352,298.718,377.021,299.103,0.0049
mixed,8,1,0.125,4.0,256,0,512,2048,704,338.526,482.396,341.023,0.0174
mixed,8,1,0.125,4.0,256,0,1024,4096,1408,416.507,686.396,407.963,-0.0317
mixed,8,1,0.125,4.0,256,0,2048,8192,2816,562.203,1093.66,548.539,-0.0257
mixed,8,1,0.125,4.0,256,0,4096,16384,5632,839.13,1903.699,816.312,-0.0214
mixed,8,1,0.125,4.0,256,512,128,512,176,410.172,452.732,421.884,0.2752
mixed,8,1,0.125,4.0,256,512,256,1024,352,430.684,506.555,430.557,-0.0017
mixed,8,1,0.125,4.0,256,512,512,2048,704,470.463,608.54,469.404,-0.0077
mixed,8,1,0.125,4.0,256,512,1024,4096,1408,547.548,812.827,536.988,-0.0398
mixed,8,1,0.125,4.0,256,512,2048,8192,2816,685.468,1217.371,675.387,-0.019
mixed,8,1,0.125,4.0,256,512,4096,16384,5632,963.741,2022.833,949.177,-0.0138
mixed,8,1,0.125,4.0,256,1024,128,512,176,504.476,549.054,520.733,0.3647
mixed,8,1,0.125,4.0,256,1024,256,1024,352,527.135,605.948,526.267,-0.011
mixed,8,1,0.125,4.0,256,1024,512,2048,704,567.837,707.931,569.466,0.0116
mixed,8,1,0.125,4.0,256,1024,1024,4096,1408,644.059,910.108,636.188,-0.0296
mixed,8,1,0.125,4.0,256,1024,2048,8192,2816,780.762,1313.784,773.98,-0.0127
mixed,8,1,0.125,4.0,256,1024,4096,16384,5632,1062.296,2117.971,1042.97,-0.0183
mixed,8,1,0.125,4.0,256,2048,128,512,176,705.37,747.868,719.897,0.3418
mixed,8,1,0.125,4.0,256,2048,256,1024,352,724.955,799.899,722.429,-0.0337
mixed,8,1,0.125,4.0,256,2048,512,2048,704,762.844,903.354,765.787,0.0209
mixed,8,1,0.125,4.0,256,2048,1024,4096,1408,841.081,1106.457,828.123,-0.0488
mixed,8,1,0.125,4.0,256,2048,2048,8192,2816,981.883,1506.547,970.619,-0.0215
mixed,8,1,0.125,4.0,256,2048,4096,16384,5632,1257.656,2321.075,1235.226,-0.0211
mixed,8,1,0.125,4.0,256,4096,128,512,176,1099.897,1146.711,1115.066,0.324
mixed,8,1,0.125,4.0,256,4096,256,1024,352,1121.018,1201.69,1125.915,0.0607
mixed,8,1,0.125,4.0,256,4096,512,2048,704,1160.506,1303.799,1161.08,0.004
mixed,8,1,0.125,4.0,256,4096,1024,4096,1408,1237.686,1501.718,1227.735,-0.0377
mixed,8,1,0.125,4.0,256,4096,2048,8192,2816,1377.014,1910.1,1367.671,-0.0175
mixed,8,1,0.125,4.0,256,4096,4096,16384,5632,1651.988,2708.942,1638.997,-0.0123
mixed,8,1,0.125,4.0,256,8192,128,512,176,1892.627,1934.771,1903.795,0.265
mixed,8,1,0.125,4.0,256,8192,256,1024,352,1911.446,1987.25,1911.09,-0.0047
mixed,8,1,0.125,4.0,256,8192,512,2048,704,1951.633,2087.473,1952.02,0.0028
mixed,8,1,0.125,4.0,256,8192,1024,4096,1408,2027.732,2291.024,2017.301,-0.0396
mixed,8,1,0.125,4.0,256,8192,2048,8192,2816,2170.161,2693.419,2153.553,-0.0317
mixed,8,1,0.125,4.0,256,8192,4096,16384,5632,2445.809,3503.276,2424.464,-0.0202
mixed,8,1,0.125,4.0,512,0,128,512,176,548.957,594.303,563.197,0.314
mixed,8,1,0.125,4.0,512,0,256,1024,352,572.123,648.541,569.213,-0.0381
mixed,8,1,0.125,4.0,512,0,512,2048,704,610.427,747.386,612.475,0.015
mixed,8,1,0.125,4.0,512,0,1024,4096,1408,684.763,950.554,673.338,-0.043
mixed,8,1,0.125,4.0,512,0,2048,8192,2816,823.547,1355.415,816.089,-0.014
mixed,8,1,0.125,4.0,512,0,4096,16384,5632,1101.913,2167.313,1085.691,-0.0152
mixed,8,1,0.125,4.0,512,512,128,512,176,767.9,813.464,780.924,0.2858
mixed,8,1,0.125,4.0,512,512,256,1024,352,791.098,863.674,790.235,-0.0119
mixed,8,1,0.125,4.0,512,512,512,2048,704,830.907,965.399,828.827,-0.0155
mixed,8,1,0.125,4.0,512,512,1024,4096,1408,906.873,1170.04,894.491,-0.047
mixed,8,1,0.125,4.0,512,512,2048,8192,2816,1046.872,1573.749,1038.107,-0.0166
mixed,8,1,0.125,4.0,512,512,4096,16384,5632,1318.553,2387.985,1303.671,-0.0139
mixed,8,1,0.125,4.0,512,1024,128,512,176,968.251,1007.385,976.796,0.2184
mixed,8,1,0.125,4.0,512,1024,256,1024,352,986.361,1064.663,988.183,0.0233
mixed,8,1,0.125,4.0,512,1024,512,2048,704,1028.312,1164.093,1025.976,-0.0172
mixed,8,1,0.125,4.0,512,1024,1024,4096,1408,1104.279,1367.384,1091.35,-0.0491
mixed,8,1,0.125,4.0,512,1024,2048,8192,2816,1239.446,1765.268,1235.607,-0.0073
mixed,8,1,0.125,4.0,512,1024,4096,16384,5632,1517.782,2575.47,1500.279,-0.0165
mixed,8,1,0.125,4.0,512,2048,128,512,176,1356.632,1401.367,1371.03,0.3219
mixed,8,1,0.125,4.0,512,2048,256,1024,352,1377.91,1458.005,1380.182,0.0284
mixed,8,1,0.125,4.0,512,2048,512,2048,704,1416.792,1561.942,1419.351,0.0176
mixed,8,1,0.125,4.0,512,2048,1024,4096,1408,1495.544,1761.843,1489.046,-0.0244
mixed,8,1,0.125,4.0,512,2048,2048,8192,2816,1633.557,2162.16,1625.235,-0.0157
mixed,8,1,0.125,4.0,512,2048,4096,16384,5632,1912.308,2975.823,1894.004,-0.0172
mixed,8,1,0.125,4.0,512,4096,128,512,176,2147.599,2191.409,2157.81,0.2331
mixed,8,1,0.125,4.0,512,4096,256,1024,352,2166.29,2247.381,2166.769,0.0059
mixed,8,1,0.125,4.0,512,4096,512,2048,704,2207.986,2347.538,2209.714,0.0124
mixed,8,1,0.125,4.0,512,4096,1024,4096,1408,2283.984,2541.968,2271.988,-0.0465
mixed,8,1,0.125,4.0,512,4096,2048,8192,2816,2422.924,2952.622,2410.512,-0.0234
mixed,8,1,0.125,4.0,512,4096,4096,16384,5632,2702.738,3765.865,2682.926,-0.0186
mixed,8,1,0.125,4.0,512,8192,128,512,176,3727.461,3766.822,3738.373,0.2772
mixed,8,1,0.125,4.0,512,8192,256,1024,352,3746.953,3831.879,3742.539,-0.052
mixed,8,1,0.125,4.0,512,8192,512,2048,704,3783.875,3927.499,3787.973,0.0285
mixed,8,1,0.125,4.0,512,8192,1024,4096,1408,3862.115,4127.237,3848.423,-0.0516
mixed,8,1,0.125,4.0,512,8192,2048,8192,2816,3999.238,4530.116,3993.448,-0.0109
mixed,8,1,0.125,4.0,512,8192,4096,16384,5632,4287.393,5332.891,4258.853,-0.0273
mixed,8,1,0.125,4.0,1024,0,128,512,176,876.026,922.009,889.593,0.295
mixed,8,1,0.125,4.0,1024,0,256,1024,352,900.54,973.882,897.82,-0.0371
mixed,8,1,0.125,4.0,1024,0,512,2048,704,937.658,1078.618,940.154,0.0177
mixed,8,1,0.125,4.0,1024,0,1024,4096,1408,1015.417,1282.743,1004.954,-0.0391
mixed,8,1,0.125,4.0,1024,0,2048,8192,2816,1159.225,1689.397,1149.849,-0.0177
mixed,8,1,0.125,4.0,1024,0,4096,16384,5632,1436.506,2498.578,1416.151,-0.0192
mixed,8,1,0.125,4.0,1024,512,128,512,176,1346.518,1390.039,1362.55,0.3684
mixed,8,1,0.125,4.0,1024,512,256,1024,352,1371.222,1444.856,1367.67,-0.0482
mixed,8,1,0.125,4.0,1024,512,512,2048,704,1407.797,1552.693,1410.454,0.0183
mixed,8,1,0.125,4.0,1024,512,1024,4096,1408,1484.31,1752.051,1476.468,-0.0293
mixed,8,1,0.125,4.0,1024,512,2048,8192,2816,1627.669,2156.594,1617.684,-0.0189
mixed,8,1,0.125,4.0,1024,512,4096,16384,5632,1906.548,2972.59,1887.477,-0.0179
mixed,8,1,0.125,4.0,1024,1024,128,512,176,1738.548,1785.362,1750.195,0.2488
mixed,8,1,0.125,4.0,1024,1024,256,1024,352,1759.507,1836.338,1760.276,0.01
mixed,8,1,0.125,4.0,1024,1024,512,2048,704,1798.932,1940.083,1801.716,0.0197
mixed,8,1,0.125,4.0,1024,1024,1024,4096,1408,1876.467,2147.441,1867.668,-0.0325
mixed,8,1,0.125,4.0,1024,1024,2048,8192,2816,2018.993,2552.143,2010.353,-0.0162
mixed,8,1,0.125,4.0,1024,1024,4096,16384,5632,2302.032,3360.844,2279.761,-0.021
mixed,8,1,0.125,4.0,1024,2048,128,512,176,2522.193,2569.583,2533.68,0.2424
mixed,8,1,0.125,4.0,1024,2048,256,1024,352,2542.003,2617.553,2541.711,-0.0039
mixed,8,1,0.125,4.0,1024,2048,512,2048,704,2580.463,2723.055,2582.16,0.0119
mixed,8,1,0.125,4.0,1024,2048,1024,4096,1408,2656.174,2929.26,2650.991,-0.019
mixed,8,1,0.125,4.0,1024,2048,2048,8192,2816,2800.493,3331.659,2793.261,-0.0136
mixed,8,1,0.125,4.0,1024,2048,4096,16384,5632,3084.17,4146.278,3060.587,-0.0222
mixed,8,1,0.125,4.0,1024,4096,128,512,176,4141.411,4179.523,4148.517,0.1865
mixed,8,1,0.125,4.0,1024,4096,256,1024,352,4154.757,4224.614,4152.293,-0.0353
mixed,8,1,0.125,4.0,1024,4096,512,2048,704,4188.197,4329.254,4192.549,0.0309
mixed,8,1,0.125,4.0,1024,4096,1024,4096,1408,4255.462,4539.81,4239.175,-0.0573
mixed,8,1,0.125,4.0,1024,4096,2048,8192,2816,4407.712,4926.974,4378.564,-0.0561
mixed,8,1,0.125,4.0,1024,4096,4096,16384,5632,4685.055,5747.162,4667.074,-0.0169
mixed,8,1,0.125,4.0,1024,8192,128,512,176,7281.267,7324.496,7297.075,0.3657
mixed,8,1,0.125,4.0,1024,8192,256,1024,352,7302.069,7383.156,7303.503,0.0177
mixed,8,1,0.125,4.0,1024,8192,512,2048,704,7359.731,7467.468,7340.46,-0.1789
mixed,8,1,0.125,4.0,1024,8192,1024,4096,1408,7395.568,7682.477,7405.776,0.0356
mixed,8,1,0.125,4.0,1024,8192,2048,8192,2816,7559.375,8086.894,7532.754,-0.0505
mixed,8,1,0.125,4.0,1024,8192,4096,16384,5632,7851.151,8892.555,7822.0,-0.028
mixed,8,1,0.125,4.0,2048,0,128,512,176,2349.905,2400.114,2368.179,0.364
mixed,8,1,0.125,4.0,2048,0,256,1024,352,2371.794,2449.294,2372.081,0.0037
mixed,8,1,0.125,4.0,2048,0,512,2048,704,2412.848,2556.079,2415.887,0.0212
mixed,8,1,0.125,4.0,2048,0,1024,4096,1408,2489.104,2762.671,2484.206,-0.0179
mixed,8,1,0.125,4.0,2048,0,2048,8192,2816,2637.297,3159.114,2630.445,-0.0131
mixed,8,1,0.125,4.0,2048,0,4096,16384,5632,2909.389,3969.897,2893.169,-0.0153
mixed,8,1,0.125,4.0,2048,512,128,512,176,3195.724,3242.026,3209.835,0.3048
mixed,8,1,0.125,4.0,2048,512,256,1024,352,3219.212,3303.79,3230.349,0.1317
mixed,8,1,0.125,4.0,2048,512,512,2048,704,3263.852,3403.69,3265.965,0.0151
mixed,8,1,0.125,4.0,2048,512,1024,4096,1408,3339.53,3606.952,3333.901,-0.021
mixed,8,1,0.125,4.0,2048,512,2048,8192,2816,3487.051,4016.199,3472.204,-0.0281
mixed,8,1,0.125,4.0,2048,512,4096,16384,5632,3758.282,4823.393,3742.824,-0.0145
mixed,8,1,0.125,4.0,2048,1024,128,512,176,4043.941,4080.55,4053.67,0.2658
mixed,8,1,0.125,4.0,2048,1024,256,1024,352,4067.4,4139.559,4055.016,-0.1716
mixed,8,1,0.125,4.0,2048,1024,512,2048,704,4100.616,4245.795,4110.599,0.0688
mixed,8,1,0.125,4.0,2048,1024,1024,4096,1408,4183.879,4453.061,4173.064,-0.0402
mixed,8,1,0.125,4.0,2048,1024,2048,8192,2816,4314.276,4854.626,4314.277,0.0
mixed,8,1,0.125,4.0,2048,1024,4096,16384,5632,4600.804,5665.178,4576.101,-0.0232
mixed,8,1,0.125,4.0,2048,2048,128,512,176,5705.246,5745.913,5711.132,0.1447
mixed,8,1,0.125,4.0,2048,2048,256,1024,352,5722.076,5803.964,5703.198,-0.2305
mixed,8,1,0.125,4.0,2048,2048,512,2048,704,5763.58,5894.556,5765.5,0.0147
mixed,8,1,0.125,4.0,2048,2048,1024,4096,1408,5821.854,6099.482,5808.028,-0.0498
mixed,8,1,0.125,4.0,2048,2048,2048,8192,2816,5979.483,6533.176,5968.982,-0.019
mixed,8,1,0.125,4.0,2048,2048,4096,16384,5632,6268.983,7309.491,6234.298,-0.0333
mixed,8,1,0.125,4.0,2048,4096,128,512,176,8891.24,8936.839,8906.411,0.3327
mixed,8,1,0.125,4.0,2048,4096,256,1024,352,8926.955,8980.712,8925.898,-0.0197
mixed,8,1,0.125,4.0,2048,4096,512,2048,704,8964.202,9111.78,8955.655,-0.0579
mixed,8,1,0.125,4.0,2048,4096,1024,4096,1408,9050.919,9318.597,9026.695,-0.0905
mixed,8,1,0.125,4.0,2048,4096,2048,8192,2816,9178.31,9712.037,9190.793,0.0234
mixed,8,1,0.125,4.0,2048,4096,4096,16384,5632,9476.034,10520.064,9437.667,-0.0367
mixed,8,1,0.125,4.0,2048,8192,128,512,176,15175.94,15216.486,15206.116,0.7442
mixed,8,1,0.125,4.0,2048,8192,256,1024,352,15193.734,15261.029,15188.768,-0.0738
mixed,8,1,0.125,4.0,2048,8192,512,2048,704,15226.528,15360.03,15255.712,0.2186
mixed,8,1,0.125,4.0,2048,8192,1024,4096,1408,15327.07,15606.782,15308.74,-0.0655
mixed,8,1,0.125,4.0,2048,8192,2048,8192,2816,15459.522,15990.103,15461.054,0.0029
mixed,8,1,0.125,4.0,2048,8192,4096,16384,5632,15736.858,16814.23,15754.618,0.0165
pure,8,2,0.25,4.0,0,0,128,512,224,74.047,113.471,91.583,0.4448
pure,8,2,0.25,4.0,0,0,256,1024,448,101.438,170.719,108.928,0.1081
pure,8,2,0.25,4.0,0,0,512,2048,896,156.321,271.071,161.248,0.0429
pure,8,2,0.25,4.0,0,0,1024,4096,1792,245.759,477.629,261.087,0.0661
pure,8,2,0.25,4.0,0,0,2048,8192,3584,424.99,884.89,463.613,0.084
pure,8,2,0.25,4.0,0,0,4096,16384,7168,782.555,1696.278,867.771,0.0933
mixed,8,2,0.25,4.0,16,0,128,512,224,95.103,135.423,113.183,0.4484
mixed,8,2,0.25,4.0,16,0,256,1024,448,122.141,190.399,130.974,0.1294
mixed,8,2,0.25,4.0,16,0,512,2048,896,177.534,295.707,182.271,0.0401
mixed,8,2,0.25,4.0,16,0,1024,4096,1792,269.599,501.467,283.71,0.0609
mixed,8,2,0.25,4.0,16,0,2048,8192,3584,445.022,909.88,486.109,0.0884
mixed,8,2,0.25,4.0,16,0,4096,16384,7168,803.513,1715.287,883.067,0.0873
mixed,8,2,0.25,4.0,16,512,128,512,224,135.071,177.216,152.385,0.4108
mixed,8,2,0.25,4.0,16,512,256,1024,448,163.998,232.929,171.807,0.1133
mixed,8,2,0.25,4.0,16,512,512,2048,896,218.592,337.278,224.125,0.0466
mixed,8,2,0.25,4.0,16,512,1024,4096,1792,309.182,543.099,324.99,0.0676
mixed,8,2,0.25,4.0,16,512,2048,8192,3584,491.546,949.149,530.654,0.0855
mixed,8,2,0.25,4.0,16,512,4096,16384,7168,850.043,1761.526,925.851,0.0832
mixed,8,2,0.25,4.0,16,1024,128,512,224,140.255,183.038,159.041,0.4391
mixed,8,2,0.25,4.0,16,1024,256,1024,448,168.257,239.131,178.014,0.1377
mixed,8,2,0.25,4.0,16,1024,512,2048,896,225.056,343.646,230.109,0.0426
mixed,8,2,0.25,4.0,16,1024,1024,4096,1792,315.903,549.787,330.494,0.0624
mixed,8,2,0.25,4.0,16,1024,2048,8192,3584,498.491,955.674,531.355,0.0719
mixed,8,2,0.25,4.0,16,1024,4096,16384,7168,852.186,1760.628,927.74,0.0832
mixed,8,2,0.25,4.0,16,2048,128,512,224,146.91,189.182,164.512,0.4164
mixed,8,2,0.25,4.0,16,2048,256,1024,448,177.024,246.882,183.645,0.0948
mixed,8,2,0.25,4.0,16,2048,512,2048,896,233.727,348.925,238.206,0.0389
mixed,8,2,0.25,4.0,16,2048,1024,4096,1792,323.259,556.923,337.502,0.061
mixed,8,2,0.25,4.0,16,2048,2048,8192,3584,508.028,958.937,537.183,0.0647
mixed,8,2,0.25,4.0,16,2048,4096,16384,7168,860.634,1767.539,935.003,0.082
mixed,8,2,0.25,4.0,16,4096,128,512,224,182.816,224.254,198.013,0.3667
mixed,8,2,0.25,4.0,16,4096,256,1024,448,210.559,284.093,219.904,0.1271
mixed,8,2,0.25,4.0,16,4096,512,2048,896,267.744,387.839,272.513,0.0397
mixed,8,2,0.25,4.0,16,4096,1024,4096,1792,360.156,591.452,370.779,0.0459
mixed,8,2,0.25,4.0,16,4096,2048,8192,3584,543.259,1000.409,573.947,0.0671
mixed,8,2,0.25,4.0,16,4096,4096,16384,7168,898.938,1804.276,971.831,0.0805
mixed,8,2,0.25,4.0,16,8192,128,512,224,234.817,279.423,251.295,0.3694
mixed,8,2,0.25,4.0,16,8192,256,1024,448,266.75,336.315,272.51,0.0828
mixed,8,2,0.25,4.0,16,8192,512,2048,896,321.533,438.237,328.063,0.056
mixed,8,2,0.25,4.0,16,8192,1024,4096,1792,414.588,652.441,429.213,0.0615
mixed,8,2,0.25,4.0,16,8192,2048,8192,3584,591.229,1052.346,630.587,0.0854
mixed,8,2,0.25,4.0,16,8192,4096,16384,7168,958.426,1867.349,1027.898,0.0764
mixed,8,2,0.25,4.0,32,0,128,512,224,130.72,171.262,149.887,0.4728
mixed,8,2,0.25,4.0,32,0,256,1024,448,158.239,226.335,166.752,0.125
mixed,8,2,0.25,4.0,32,0,512,2048,896,213.087,330.621,218.845,0.049
mixed,8,2,0.25,4.0,32,0,1024,4096,1792,308.126,536.478,319.005,0.0476
mixed,8,2,0.25,4.0,32,0,2048,8192,3584,485.471,942.234,523.23,0.0827
mixed,8,2,0.25,4.0,32,0,4096,16384,7168,843.227,1748.853,924.89,0.0902
mixed,8,2,0.25,4.0,32,512,128,512,224,173.183,216.157,189.597,0.382
mixed,8,2,0.25,4.0,32,512,256,1024,448,203.616,272.96,209.789,0.089
mixed,8,2,0.25,4.0,32,512,512,2048,896,257.342,377.468,262.848,0.0458
mixed,8,2,0.25,4.0,32,512,1024,4096,1792,349.537,581.019,361.696,0.0525
mixed,8,2,0.25,4.0,32,512,2048,8192,3584,532.253,990.135,565.276,0.0721
mixed,8,2,0.25,4.0,32,512,4096,16384,7168,887.74,1791.954,967.415,0.0881
mixed,8,2,0.25,4.0,32,1024,128,512,224,179.777,226.017,195.518,0.3404
mixed,8,2,0.25,4.0,32,1024,256,1024,448,209.15,280.832,217.952,0.1228
mixed,8,2,0.25,4.0,32,1024,512,2048,896,267.388,387.582,270.591,0.0266
mixed,8,2,0.25,4.0,32,1024,1024,4096,1792,359.55,588.83,370.396,0.0473
mixed,8,2,0.25,4.0,32,1024,2048,8192,3584,538.969,992.027,571.068,0.0708
mixed,8,2,0.25,4.0,32,1024,4096,16384,7168,893.817,1812.021,974.395,0.0878
mixed,8,2,0.25,4.0,32,2048,128,512,224,192.383,236.827,211.838,0.4377
mixed,8,2,0.25,4.0,32,2048,256,1024,448,223.167,296.222,229.246,0.0832
mixed,8,2,0.25,4.0,32,2048,512,2048,896,281.346,402.844,285.02,0.0302
mixed,8,2,0.25,4.0,32,2048,1024,4096,1792,375.103,607.103,384.83,0.0419
mixed,8,2,0.25,4.0,32,2048,2048,8192,3584,553.408,1010.873,586.141,0.0716
mixed,8,2,0.25,4.0,32,2048,4096,16384,7168,906.46,1818.834,986.587,0.0878
mixed,8,2,0.25,4.0,32,4096,128,512,224,289.694,331.326,302.111,0.2983
mixed,8,2,0.25,4.0,32,4096,256,1024,448,318.847,388.352,326.525,0.1105
mixed,8,2,0.25,4.0,32,4096,512,2048,896,375.741,489.628,375.293,-0.0039
mixed,8,2,0.25,4.0,32,4096,1024,4096,1792,464.285,695.292,475.839,0.05
mixed,8,2,0.25,4.0,32,4096,2048,8192,3584,641.851,1100.026,675.196,0.0728
mixed,8,2,0.25,4.0,32,4096,4096,16384,7168,999.035,1911.218,1072.41,0.0804
mixed,8,2,0.25,4.0,32,8192,128,512,224,395.708,440.701,406.369,0.2369
mixed,8,2,0.25,4.0,32,8192,256,1024,448,423.549,492.51,434.237,0.155
mixed,8,2,0.25,4.0,32,8192,512,2048,896,483.228,596.604,485.821,0.0229
mixed,8,2,0.25,4.0,32,8192,1024,4096,1792,569.915,802.332,585.15,0.0656
mixed,8,2,0.25,4.0,32,8192,2048,8192,3584,747.962,1206.425,782.042,0.0743
mixed,8,2,0.25,4.0,32,8192,4096,16384,7168,1106.457,2015.573,1177.624,0.0783
mixed,8,2,0.25,4.0,64,0,128,512,224,138.142,181.662,155.585,0.4008
mixed,8,2,0.25,4.0,64,0,256,1024,448,166.235,234.912,174.621,0.1221
mixed,8,2,0.25,4.0,64,0,512,2048,896,220.704,340.381,225.311,0.0385
mixed,8,2,0.25,4.0,64,0,1024,4096,1792,315.613,546.109,327.868,0.0532
mixed,8,2,0.25,4.0,64,0,2048,8192,3584,492.348,950.424,531.261,0.0849
mixed,8,2,0.25,4.0,64,0,4096,16384,7168,850.617,1759.955,926.042,0.0829
mixed,8,2,0.25,4.0,64,512,128,512,224,192.383,237.153,210.271,0.3996
mixed,8,2,0.25,4.0,64,512,256,1024,448,222.655,293.405,229.213,0.0927
mixed,8,2,0.25,4.0,64,512,512,2048,896,279.965,398.59,281.599,0.0138
mixed,8,2,0.25,4.0,64,512,1024,4096,1792,373.373,604.506,382.368,0.0389
mixed,8,2,0.25,4.0,64,512,2048,8192,3584,553.66,1011.703,586.94,0.0727
mixed,8,2,0.25,4.0,64,512,4096,16384,7168,909.82,1821.114,980.888,0.078
mixed,8,2,0.25,4.0,64,1024,128,512,224,251.42,297.757,270.559,0.413
mixed,8,2,0.25,4.0,64,1024,256,1024,448,282.048,354.844,289.758,0.1059
mixed,8,2,0.25,4.0,64,1024,512,2048,896,342.685,458.141,343.361,0.0059
mixed,8,2,0.25,4.0,64,1024,1024,4096,1792,434.4,664.381,443.101,0.0378
mixed,8,2,0.25,4.0,64,1024,2048,8192,3584,611.995,1069.048,646.044,0.0745
mixed,8,2,0.25,4.0,64,1024,4096,16384,7168,966.044,1879.122,1039.801,0.0808
mixed,8,2,0.25,4.0,64,2048,128,512,224,293.982,336.254,306.912,0.3059
mixed,8,2,0.25,4.0,64,2048,256,1024,448,321.791,390.846,330.078,0.12
mixed,8,2,0.25,4.0,64,2048,512,2048,896,379.582,494.367,379.964,0.0033
mixed,8,2,0.25,4.0,64,2048,1024,4096,1792,472.672,702.299,483.386,0.0467
mixed,8,2,0.25,4.0,64,2048,2048,8192,3584,648.154,1103.032,680.859,0.0719
mixed,8,2,0.25,4.0,64,2048,4096,16384,7168,1005.656,1918.421,1083.418,0.0852
mixed,8,2,0.25,4.0,64,4096,128,512,224,399.712,440.061,410.011,0.2552
mixed,8,2,0.25,4.0,64,4096,256,1024,448,422.843,493.82,433.117,0.1448
mixed,8,2,0.25,4.0,64,4096,512,2048,896,480.927,594.558,483.866,0.0259
mixed,8,2,0.25,4.0,64,4096,1024,4096,1792,572.989,800.891,584.509,0.0505
mixed,8,2,0.25,4.0,64,4096,2048,8192,3584,750.076,1206.236,787.29,0.0816
mixed,8,2,0.25,4.0,64,4096,4096,16384,7168,1106.297,2024.949,1179.321,0.0795
mixed,8,2,0.25,4.0,64,8192,128,512,224,603.518,645.214,614.558,0.2648
mixed,8,2,0.25,4.0,64,8192,256,1024,448,629.628,697.948,641.116,0.1681
mixed,8,2,0.25,4.0,64,8192,512,2048,896,687.742,799.643,691.708,0.0354
mixed,8,2,0.25,4.0,64,8192,1024,4096,1792,775.325,1004.73,790.458,0.066
mixed,8,2,0.25,4.0,64,8192,2048,8192,3584,951.481,1410.264,988.792,0.0813
mixed,8,2,0.25,4.0,64,8192,4096,16384,7168,1306.618,2220.528,1387.543,0.0885
mixed,8,2,0.25,4.0,128,0,128,512,224,154.303,199.711,172.606,0.4031
mixed,8,2,0.25,4.0,128,0,256,1024,448,186.014,258.398,192.446,0.0889
mixed,8,2,0.25,4.0,128,0,512,2048,896,242.237,362.62,244.797,0.0213
mixed,8,2,0.25,4.0,128,0,1024,4096,1792,334.718,567.133,349.087,0.0618
mixed,8,2,0.25,4.0,128,0,2048,8192,3584,515.612,975.481,551.676,0.0784
mixed,8,2,0.25,4.0,128,0,4096,16384,7168,869.883,1774.163,948.729,0.0872
mixed,8,2,0.25,4.0,128,512,128,512,224,288.381,332.384,304.956,0.3767
mixed,8,2,0.25,4.0,128,512,256,1024,448,318.687,387.425,325.245,0.0954
mixed,8,2,0.25,4.0,128,512,512,2048,896,374.752,491.545,378.109,0.0287
mixed,8,2,0.25,4.0,128,512,1024,4096,1792,465.371,695.131,480.255,0.0648
mixed,8,2,0.25,4.0,128,512,2048,8192,3584,648.861,1101.212,678.302,0.0651
mixed,8,2,0.25,4.0,128,512,4096,16384,7168,1002.748,1913.621,1081.845,0.0868
mixed,8,2,0.25,4.0,128,1024,128,512,224,356.157,399.551,369.343,0.3039
mixed,8,2,0.25,4.0,128,1024,256,1024,448,384.477,453.695,392.155,0.1109
mixed,8,2,0.25,4.0,128,1024,512,2048,896,441.598,556.217,444.833,0.0282
mixed,8,2,0.25,4.0,128,1024,1024,4096,1792,532.988,763.516,546.331,0.0579
mixed,8,2,0.25,4.0,128,1024,2048,8192,3584,711.29,1171.798,742.619,0.068
mixed,8,2,0.25,4.0,128,1024,4096,16384,7168,1066.585,1973.395,1141.978,0.0831
mixed,8,2,0.25,4.0,128,2048,128,512,224,456.478,497.949,468.766,0.2963
mixed,8,2,0.25,4.0,128,2048,256,1024,448,483.963,553.244,495.293,0.1635
mixed,8,2,0.25,4.0,128,2048,512,2048,896,540.318,653.148,545.084,0.0422
mixed,8,2,0.25,4.0,128,2048,1024,4096,1792,628.859,858.716,644.476,0.0679
mixed,8,2,0.25,4.0,128,2048,2048,8192,3584,806.97,1264.47,842.458,0.0776
mixed,8,2,0.25,4.0,128,2048,4096,16384,7168,1163.224,2080.529,1238.648,0.0822
mixed,8,2,0.25,4.0,128,4096,128,512,224,658.493,701.339,668.091,0.224
mixed,8,2,0.25,4.0,128,4096,256,1024,448,684.888,755.226,691.386,0.0924
mixed,8,2,0.25,4.0,128,4096,512,2048,896,742.302,857.114,747.195,0.0426
mixed,8,2,0.25,4.0,128,4096,1024,4096,1792,831.166,1059.286,846.138,0.0656
mixed,8,2,0.25,4.0,128,4096,2048,8192,3584,1006.201,1459.255,1045.146,0.086
mixed,8,2,0.25,4.0,128,4096,4096,16384,7168,1365.464,2268.37,1437.078,0.0793
mixed,8,2,0.25,4.0,128,8192,128,512,224,1055.353,1096.603,1065.625,0.249
mixed,8,2,0.25,4.0,128,8192,256,1024,448,1082.426,1151.896,1090.488,0.1161
mixed,8,2,0.25,4.0,128,8192,512,2048,896,1137.945,1250.201,1143.865,0.0527
mixed,8,2,0.25,4.0,128,8192,1024,4096,1792,1226.647,1452.471,1241.336,0.065
mixed,8,2,0.25,4.0,128,8192,2048,8192,3584,1404.92,1858.195,1439.415,0.0761
mixed,8,2,0.25,4.0,128,8192,4096,16384,7168,1758.102,2671.824,1835.635,0.0849
mixed,8,2,0.25,4.0,256,0,128,512,224,277.31,322.495,292.671,0.34
mixed,8,2,0.25,4.0,256,0,256,1024,448,308.799,374.717,314.56,0.0874
mixed,8,2,0.25,4.0,256,0,512,2048,896,366.429,482.076,368.51,0.018
mixed,8,2,0.25,4.0,256,0,1024,4096,1792,456.641,686.62,470.462,0.0601
mixed,8,2,0.25,4.0,256,0,2048,8192,3584,636.605,1090.169,668.189,0.0696
mixed,8,2,0.25,4.0,256,0,4096,16384,7168,990.427,1906.257,1068.923,0.0857
mixed,8,2,0.25,4.0,256,512,128,512,224,409.694,454.781,421.95,0.2718
mixed,8,2,0.25,4.0,256,512,256,1024,448,438.461,508.029,445.436,0.1003
mixed,8,2,0.25,4.0,256,512,512,2048,896,493.916,609.564,499.74,0.0504
mixed,8,2,0.25,4.0,256,512,1024,4096,1792,583.291,815.579,599.13,0.0682
mixed,8,2,0.25,4.0,256,512,2048,8192,3584,767.324,1217.975,796.925,0.0657
mixed,8,2,0.25,4.0,256,512,4096,16384,7168,1118.486,2027.478,1194.904,0.0841
mixed,8,2,0.25,4.0,256,1024,128,512,224,509.724,550.622,519.932,0.2496
mixed,8,2,0.25,4.0,256,1024,256,1024,448,537.212,605.277,545.467,0.1213
mixed,8,2,0.25,4.0,256,1024,512,2048,896,594.239,709.918,597.755,0.0304
mixed,8,2,0.25,4.0,256,1024,1024,4096,1792,683.771,911.738,696.411,0.0554
mixed,8,2,0.25,4.0,256,1024,2048,8192,3584,857.658,1315.097,895.068,0.0818
mixed,8,2,0.25,4.0,256,1024,4096,16384,7168,1218.168,2127.668,1288.759,0.0776
mixed,8,2,0.25,4.0,256,2048,128,512,224,703.068,745.691,715.706,0.2965
mixed,8,2,0.25,4.0,256,2048,256,1024,448,733.947,800.026,740.155,0.0939
mixed,8,2,0.25,4.0,256,2048,512,2048,896,788.828,899.454,793.915,0.046
mixed,8,2,0.25,4.0,256,2048,1024,4096,1792,880.986,1109.527,893.082,0.0529
mixed,8,2,0.25,4.0,256,2048,2048,8192,3584,1055.608,1512.951,1090.264,0.0758
mixed,8,2,0.25,4.0,256,2048,4096,16384,7168,1407.161,2318.222,1486.969,0.0876
mixed,8,2,0.25,4.0,256,4096,128,512,224,1102.905,1141.783,1114.265,0.2922
mixed,8,2,0.25,4.0,256,4096,256,1024,448,1130.46,1198.772,1137.625,0.1049
mixed,8,2,0.25,4.0,256,4096,512,2048,896,1189.176,1302.105,1193.624,0.0394
mixed,8,2,0.25,4.0,256,4096,1024,4096,1792,1277.081,1505.592,1291.126,0.0615
mixed,8,2,0.25,4.0,256,4096,2048,8192,3584,1458.616,1909.94,1486.167,0.061
mixed,8,2,0.25,4.0,256,4096,4096,16384,7168,1806.068,2709.581,1886.867,0.0894
mixed,8,2,0.25,4.0,256,8192,128,512,224,1892.084,1935.412,1905.749,0.3154
mixed,8,2,0.25,4.0,256,8192,256,1024,448,1918.131,1989.554,1928.916,0.151
mixed,8,2,0.25,4.0,256,8192,512,2048,896,1974.196,2086.742,1981.236,0.0626
mixed,8,2,0.25,4.0,256,8192,1024,4096,1792,2063.988,2294.929,2082.066,0.0783
mixed,8,2,0.25,4.0,256,8192,2048,8192,3584,2242.705,2695.952,2280.081,0.0825
mixed,8,2,0.25,4.0,256,8192,4096,16384,7168,2591.694,3513.161,2675.119,0.0905
mixed,8,2,0.25,4.0,512,0,128,512,224,550.556,594.78,564.156,0.3075
mixed,8,2,0.25,4.0,512,0,256,1024,448,579.837,650.461,589.566,0.1378
mixed,8,2,0.25,4.0,512,0,512,2048,896,635.708,752.189,637.147,0.0124
mixed,8,2,0.25,4.0,512,0,1024,4096,1792,724.123,952.091,738.268,0.062
mixed,8,2,0.25,4.0,512,0,2048,8192,3584,899.931,1355.095,935.193,0.0775
mixed,8,2,0.25,4.0,512,0,4096,16384,7168,1253.976,2162.098,1333.178,0.0872
mixed,8,2,0.25,4.0,512,512,128,512,224,770.94,813.084,783.835,0.306
mixed,8,2,0.25,4.0,512,512,256,1024,448,799.484,866.747,807.067,0.1127
mixed,8,2,0.25,4.0,512,512,512,2048,896,853.308,968.186,860.987,0.0668
mixed,8,2,0.25,4.0,512,512,1024,4096,1792,943.77,1170.938,958.138,0.0632
mixed,8,2,0.25,4.0,512,512,2048,8192,3584,1117.208,1570.006,1155.576,0.0847
mixed,8,2,0.25,4.0,512,512,4096,16384,7168,1477.074,2381.297,1550.36,0.081
mixed,8,2,0.25,4.0,512,1024,128,512,224,967.929,1009.817,980.186,0.2926
mixed,8,2,0.25,4.0,512,1024,256,1024,448,997.337,1064.504,1002.234,0.0729
mixed,8,2,0.25,4.0,512,1024,512,2048,896,1049.656,1166.33,1057.018,0.0631
mixed,8,2,0.25,4.0,512,1024,1024,4096,1792,1142.169,1373.367,1155.93,0.0595
mixed,8,2,0.25,4.0,512,1024,2048,8192,3584,1316.664,1769.749,1350.773,0.0753
mixed,8,2,0.25,4.0,512,1024,4096,16384,7168,1671.255,2579.92,1744.31,0.0804
mixed,8,2,0.25,4.0,512,2048,128,512,224,1361.269,1400.408,1375.734,0.3696
mixed,8,2,0.25,4.0,512,2048,256,1024,448,1389.591,1457.047,1394.741,0.0763
mixed,8,2,0.25,4.0,512,2048,512,2048,896,1443.477,1559.67,1449.653,0.0532
mixed,8,2,0.25,4.0,512,2048,1024,4096,1792,1531.797,1762.997,1550.486,0.0808
mixed,8,2,0.25,4.0,512,2048,2048,8192,3584,1710.197,2167.217,1747.606,0.0819
mixed,8,2,0.25,4.0,512,2048,4096,16384,7168,2063.252,2975.949,2143.987,0.0885
mixed,8,2,0.25,4.0,512,4096,128,512,224,2148.562,2194.002,2162.611,0.3092
mixed,8,2,0.25,4.0,512,4096,256,1024,448,2179.12,2245.907,2187.347,0.1232
mixed,8,2,0.25,4.0,512,4096,512,2048,896,2233.999,2349.743,2239.345,0.0462
mixed,8,2,0.25,4.0,512,4096,1024,4096,1792,2325.201,2543.184,2336.562,0.0521
mixed,8,2,0.25,4.0,512,4096,2048,8192,3584,2499.89,2949.678,2533.776,0.0753
mixed,8,2,0.25,4.0,512,4096,4096,16384,7168,2857.966,3761.74,2929.934,0.0796
mixed,8,2,0.25,4.0,512,8192,128,512,224,3733.674,3777.928,3744.712,0.2494
mixed,8,2,0.25,4.0,512,8192,256,1024,448,3760.009,3819.912,3768.201,0.1368
mixed,8,2,0.25,4.0,512,8192,512,2048,896,3810.759,3927.494,3824.262,0.1157
mixed,8,2,0.25,4.0,512,8192,1024,4096,1792,3905.353,4135.945,3914.283,0.0387
mixed,8,2,0.25,4.0,512,8192,2048,8192,3584,4072.965,4541.857,4110.793,0.0807
mixed,8,2,0.25,4.0,512,8192,4096,16384,7168,4430.116,5342.719,4512.931,0.0907
mixed,8,2,0.25,4.0,1024,0,128,512,224,877.756,922.171,892.89,0.3407
mixed,8,2,0.25,4.0,1024,0,256,1024,448,907.002,974.812,914.428,0.1095
mixed,8,2,0.25,4.0,1024,0,512,2048,896,960.218,1080.664,966.104,0.0489
mixed,8,2,0.25,4.0,1024,0,1024,4096,1792,1053.304,1280.28,1066.841,0.0596
mixed,8,2,0.25,4.0,1024,0,2048,8192,3584,1233.272,1691.575,1267.193,0.074
mixed,8,2,0.25,4.0,1024,0,4096,16384,7168,1587.127,2501.364,1665.173,0.0854
mixed,8,2,0.25,4.0,1024,512,128,512,224,1349.527,1392.438,1361.465,0.2782
mixed,8,2,0.25,4.0,1024,512,256,1024,448,1376.407,1446.102,1383.864,0.107
mixed,8,2,0.25,4.0,1024,512,512,2048,896,1432.119,1548.566,1436.119,0.0344
mixed,8,2,0.25,4.0,1024,512,1024,4096,1792,1525.336,1757.173,1534.231,0.0384
mixed,8,2,0.25,4.0,1024,512,2048,8192,3584,1704.244,2163.122,1738.454,0.0746
mixed,8,2,0.25,4.0,1024,512,4096,16384,7168,2060.468,2970.03,2139.251,0.0866
mixed,8,2,0.25,4.0,1024,1024,128,512,224,1740.02,1783.829,1752.245,0.2791
mixed,8,2,0.25,4.0,1024,1024,256,1024,448,1767.094,1838.422,1775.733,0.1211
mixed,8,2,0.25,4.0,1024,1024,512,2048,896,1825.941,1940.598,1829.842,0.034
mixed,8,2,0.25,4.0,1024,1024,1024,4096,1792,1915.957,2144.21,1927.446,0.0503
mixed,8,2,0.25,4.0,1024,1024,2048,8192,3584,2097.237,2553.454,2130.196,0.0722
mixed,8,2,0.25,4.0,1024,1024,4096,16384,7168,2452.336,3357.324,2524.784,0.0801
mixed,8,2,0.25,4.0,1024,2048,128,512,224,2518.384,2564.464,2532.272,0.3014
mixed,8,2,0.25,4.0,1024,2048,256,1024,448,2550.638,2615.886,2560.175,0.1462
mixed,8,2,0.25,4.0,1024,2048,512,2048,896,2604.69,2720.141,2608.399,0.0321
mixed,8,2,0.25,4.0,1024,2048,1024,4096,1792,2697.584,2928.209,2710.159,0.0545
mixed,8,2,0.25,4.0,1024,2048,2048,8192,3584,2876.398,3332.169,2913.999,0.0825
mixed,8,2,0.25,4.0,1024,2048,4096,16384,7168,3234.508,4141.639,3308.909,0.082
mixed,8,2,0.25,4.0,1024,4096,128,512,224,4111.945,4179.944,4130.819,0.2776
mixed,8,2,0.25,4.0,1024,4096,256,1024,448,4168.676,4237.48,4172.616,0.0573
mixed,8,2,0.25,4.0,1024,4096,512,2048,896,4215.524,4332.356,4211.97,-0.0304
mixed,8,2,0.25,4.0,1024,4096,1024,4096,1792,4309.541,4533.729,4291.014,-0.0826
mixed,8,2,0.25,4.0,1024,4096,2048,8192,3584,4492.938,4944.93,4530.146,0.0823
mixed,8,2,0.25,4.0,1024,4096,4096,16384,7168,4839.236,5755.101,4918.495,0.0865
mixed,8,2,0.25,4.0,1024,8192,128,512,224,7286.739,7311.572,7296.917,0.4099
mixed,8,2,0.25,4.0,1024,8192,256,1024,448,7318.486,7385.937,7325.202,0.0996
mixed,8,2,0.25,4.0,1024,8192,512,2048,896,7363.412,7492.271,7366.675,0.0253
mixed,8,2,0.25,4.0,1024,8192,1024,4096,1792,7458.93,7683.95,7463.313,0.0195
mixed,8,2,0.25,4.0,1024,8192,2048,8192,3584,7615.281,8107.247,7663.344,0.0977
mixed,8,2,0.25,4.0,1024,8192,4096,16384,7168,7998.862,8885.482,8043.316,0.0501
mixed,8,2,0.25,4.0,2048,0,128,512,224,2352.879,2399.185,2367.986,0.3262
mixed,8,2,0.25,4.0,2048,0,256,1024,448,2392.401,2445.875,2395.12,0.0508
mixed,8,2,0.25,4.0,2048,0,512,2048,896,2438.735,2555.216,2445.202,0.0555
mixed,8,2,0.25,4.0,2048,0,1024,4096,1792,2530.672,2763.663,2548.112,0.0749
mixed,8,2,0.25,4.0,2048,0,2048,8192,3584,2706.928,3171.501,2744.977,0.0819
mixed,8,2,0.25,4.0,2048,0,4096,16384,7168,3066.349,3970.73,3137.998,0.0792
mixed,8,2,0.25,4.0,2048,512,128,512,224,3199.469,3245.835,3224.43,0.5383
mixed,8,2,0.25,4.0,2048,512,256,1024,448,3227.596,3302.474,3239.695,0.1616
mixed,8,2,0.25,4.0,2048,512,512,2048,896,3294.154,3414.572,3292.045,-0.0175
mixed,8,2,0.25,4.0,2048,512,1024,4096,1792,3380.556,3607.817,3387.79,0.0318
mixed,8,2,0.25,4.0,2048,512,2048,8192,3584,3554.283,4014.507,3589.097,0.0756
mixed,8,2,0.25,4.0,2048,512,4096,16384,7168,3917.738,4825.345,3993.866,0.0839
mixed,8,2,0.25,4.0,2048,1024,128,512,224,4042.728,4091.881,4055.466,0.2592
mixed,8,2,0.25,4.0,2048,1024,256,1024,448,4070.858,4139.079,4082.728,0.174
mixed,8,2,0.25,4.0,2048,1024,512,2048,896,4130.12,4244.582,4128.87,-0.0109
mixed,8,2,0.25,4.0,2048,1024,1024,4096,1792,4219.88,4445.577,4233.0,0.0581
mixed,8,2,0.25,4.0,2048,1024,2048,8192,3584,4402.597,4856.033,4430.628,0.0618
mixed,8,2,0.25,4.0,2048,1024,4096,16384,7168,4758.691,5661.692,4835.878,0.0855
mixed,8,2,0.25,4.0,2048,2048,128,512,224,5692.83,6136.125,5718.687,0.0583
mixed,8,2,0.25,4.0,2048,2048,256,1024,448,5741.566,5792.159,5726.688,-0.2941
mixed,8,2,0.25,4.0,2048,2048,512,2048,896,5779.676,5909.82,5787.357,0.059
mixed,8,2,0.25,4.0,2048,2048,1024,4096,1792,5878.304,6115.705,5875.836,-0.0104
mixed,8,2,0.25,4.0,2048,2048,2048,8192,3584,6045.341,6517.53,6074.46,0.0617
mixed,8,2,0.25,4.0,2048,2048,4096,16384,7168,6400.603,7338.769,6487.863,0.093
mixed,8,2,0.25,4.0,2048,4096,128,512,224,8934.826,8955.821,8928.778,-0.2881
mixed,8,2,0.25,4.0,2048,4096,256,1024,448,8933.228,8976.012,8935.243,0.0471
mixed,8,2,0.25,4.0,2048,4096,512,2048,896,8997.934,9115.05,9016.363,0.1574
mixed,8,2,0.25,4.0,2048,4096,1024,4096,1792,9076.39,9309.256,9093.51,0.0735
mixed,8,2,0.25,4.0,2048,4096,2048,8192,3584,9285.895,9722.568,9289.191,0.0075
mixed,8,2,0.25,4.0,2048,4096,4096,16384,7168,9638.826,10561.024,9686.791,0.052
mixed,8,2,0.25,4.0,2048,8192,128,512,224,15160.609,15237.093,15229.222,0.8971
mixed,8,2,0.25,4.0,2048,8192,256,1024,448,15221.096,15297.35,15213.03,-0.1058
mixed,8,2,0.25,4.0,2048,8192,512,2048,896,15307.559,15373.574,15280.799,-0.4054
mixed,8,2,0.25,4.0,2048,8192,1024,4096,1792,15349.159,15598.016,15382.466,0.1338
mixed,8,2,0.25,4.0,2048,8192,2048,8192,3584,15566.816,16031.102,15631.364,0.139
mixed,8,2,0.25,4.0,2048,8192,4096,16384,7168,15931.81,16787.78,15959.365,0.0322
pure,8,3,0.375,4.0,0,0,128,512,272,92.317,114.014,94.271,0.0901
pure,8,3,0.375,4.0,0,0,256,1024,544,113.79,167.967,114.558,0.0142
pure,8,3,0.375,4.0,0,0,512,2048,1088,169.375,271.645,171.359,0.0194
pure,8,3,0.375,4.0,0,0,1024,4096,2176,284.734,481.116,276.926,-0.0398
pure,8,3,0.375,4.0,0,0,2048,8192,4352,504.863,884.729,484.542,-0.0535
pure,8,3,0.375,4.0,0,0,4096,16384,8704,935.482,1697.078,894.234,-0.0542
mixed,8,3,0.375,4.0,16,0,128,512,272,113.409,134.974,115.425,0.0935
mixed,8,3,0.375,4.0,16,0,256,1024,544,136.542,189.311,137.857,0.0249
mixed,8,3,0.375,4.0,16,0,512,2048,1088,192.638,296.64,191.487,-0.0111
mixed,8,3,0.375,4.0,16,0,1024,4096,2176,307.454,499.997,299.196,-0.0429
mixed,8,3,0.375,4.0,16,0,2048,8192,4352,524.765,908.634,505.567,-0.05
mixed,8,3,0.375,4.0,16,0,4096,16384,8704,952.953,1709.941,915.674,-0.0492
mixed,8,3,0.375,4.0,16,512,128,512,272,154.145,178.492,155.392,0.0512
mixed,8,3,0.375,4.0,16,512,256,1024,544,179.966,231.519,179.455,-0.0099
mixed,8,3,0.375,4.0,16,512,512,2048,1088,234.335,337.467,235.936,0.0155
mixed,8,3,0.375,4.0,16,512,1024,4096,2176,349.532,543.741,339.583,-0.0512
mixed,8,3,0.375,4.0,16,512,2048,8192,4352,568.573,950.043,547.294,-0.0558
mixed,8,3,0.375,4.0,16,512,4096,16384,8704,999.224,1754.391,958.587,-0.0538
mixed,8,3,0.375,4.0,16,1024,128,512,272,158.91,183.709,160.191,0.0517
mixed,8,3,0.375,4.0,16,1024,256,1024,544,185.34,240.252,184.991,-0.0064
mixed,8,3,0.375,4.0,16,1024,512,2048,1088,237.532,343.805,240.832,0.0311
mixed,8,3,0.375,4.0,16,1024,1024,4096,2176,356.446,545.596,345.532,-0.0577
mixed,8,3,0.375,4.0,16,1024,2048,8192,4352,575.514,950.808,550.62,-0.0663
mixed,8,3,0.375,4.0,16,1024,4096,16384,8704,1003.578,1759.125,968.154,-0.0469
mixed,8,3,0.375,4.0,16,2048,128,512,272,165.666,190.784,167.743,0.0827
mixed,8,3,0.375,4.0,16,2048,256,1024,544,192.349,247.199,192.669,0.0058
mixed,8,3,0.375,4.0,16,2048,512,2048,1088,246.11,350.977,249.467,0.032
mixed,8,3,0.375,4.0,16,2048,1024,4096,2176,363.486,554.462,351.934,-0.0605
mixed,8,3,0.375,4.0,16,2048,2048,8192,4352,582.169,955.673,558.297,-0.0639
mixed,8,3,0.375,4.0,16,2048,4096,16384,8704,1009.593,1771.152,966.11,-0.0571
mixed,8,3,0.375,4.0,16,4096,128,512,272,199.519,224.894,200.35,0.0327
mixed,8,3,0.375,4.0,16,4096,256,1024,544,225.951,282.88,227.517,0.0275
mixed,8,3,0.375,4.0,16,4096,512,2048,1088,285.95,386.332,286.336,0.0038
mixed,8,3,0.375,4.0,16,4096,1024,4096,2176,396.065,592.765,390.207,-0.0298
mixed,8,3,0.375,4.0,16,4096,2048,8192,4352,616.347,999.449,599.581,-0.0438
mixed,8,3,0.375,4.0,16,4096,4096,16384,8704,1051.001,1800.532,1002.616,-0.0646
mixed,8,3,0.375,4.0,16,8192,128,512,272,253.118,280.125,253.116,-0.0001
mixed,8,3,0.375,4.0,16,8192,256,1024,544,280.699,335.326,279.199,-0.0275
mixed,8,3,0.375,4.0,16,8192,512,2048,1088,338.079,440.442,339.614,0.015
mixed,8,3,0.375,4.0,16,8192,1024,4096,2176,454.877,641.5,440.703,-0.0759
mixed,8,3,0.375,4.0,16,8192,2048,8192,4352,669.627,1046.967,651.675,-0.0476
mixed,8,3,0.375,4.0,16,8192,4096,16384,8704,1102.712,1858.48,1059.449,-0.0572
mixed,8,3,0.375,4.0,32,0,128,512,272,149.98,170.912,151.936,0.0934
mixed,8,3,0.375,4.0,32,0,256,1024,544,173.279,227.774,174.046,0.0141
mixed,8,3,0.375,4.0,32,0,512,2048,1088,227.167,330.782,228.543,0.0133
mixed,8,3,0.375,4.0,32,0,1024,4096,2176,342.302,535.772,332.925,-0.0485
mixed,8,3,0.375,4.0,32,0,2048,8192,4352,560.891,944.219,539.869,-0.0548
mixed,8,3,0.375,4.0,32,0,4096,16384,8704,991.418,1753.878,953.625,-0.0496
mixed,8,3,0.375,4.0,32,512,128,512,272,190.879,216.573,192.863,0.0772
mixed,8,3,0.375,4.0,32,512,256,1024,544,220.128,271.999,217.279,-0.0549
mixed,8,3,0.375,4.0,32,512,512,2048,1088,272.093,376.701,275.453,0.0321
mixed,8,3,0.375,4.0,32,512,1024,4096,2176,389.727,578.301,380.031,-0.0514
mixed,8,3,0.375,4.0,32,512,2048,8192,4352,607.101,984.057,590.526,-0.044
mixed,8,3,0.375,4.0,32,512,4096,16384,8704,1035.801,1796.881,995.067,-0.0535
mixed,8,3,0.375,4.0,32,1024,128,512,272,197.982,225.565,198.558,0.0209
mixed,8,3,0.375,4.0,32,1024,256,1024,544,227.487,279.421,225.087,-0.0462
mixed,8,3,0.375,4.0,32,1024,512,2048,1088,281.087,384.604,284.735,0.0352
mixed,8,3,0.375,4.0,32,1024,1024,4096,2176,397.634,589.052,387.069,-0.0552
mixed,8,3,0.375,4.0,32,1024,2048,8192,4352,618.107,993.946,594.714,-0.0622
mixed,8,3,0.375,4.0,32,1024,4096,16384,8704,1044.281,1805.014,1010.008,-0.0451
mixed,8,3,0.375,4.0,32,2048,128,512,272,212.287,236.317,213.213,0.0385
mixed,8,3,0.375,4.0,32,2048,256,1024,544,241.694,296.958,239.806,-0.0342
mixed,8,3,0.375,4.0,32,2048,512,2048,1088,296.321,400.479,299.296,0.0286
mixed,8,3,0.375,4.0,32,2048,1024,4096,2176,412.188,608.571,404.508,-0.0391
mixed,8,3,0.375,4.0,32,2048,2048,8192,4352,630.302,1008.377,612.251,-0.0477
mixed,8,3,0.375,4.0,32,2048,4096,16384,8704,1064.761,1815.571,1016.988,-0.0636
mixed,8,3,0.375,4.0,32,4096,128,512,272,302.143,330.271,304.413,0.0807
mixed,8,3,0.375,4.0,32,4096,256,1024,544,331.614,386.301,332.158,0.0099
mixed,8,3,0.375,4.0,32,4096,512,2048,1088,388.861,488.477,387.293,-0.0157
mixed,8,3,0.375,4.0,32,4096,1024,4096,2176,506.589,694.782,491.421,-0.0806
mixed,8,3,0.375,4.0,32,4096,2048,8192,4352,718.942,1097.433,702.202,-0.0442
mixed,8,3,0.375,4.0,32,4096,4096,16384,8704,1149.464,1917.332,1110.456,-0.0508
mixed,8,3,0.375,4.0,32,8192,128,512,272,413.631,439.645,410.462,-0.1218
mixed,8,3,0.375,4.0,32,8192,256,1024,544,443.102,491.773,438.525,-0.094
mixed,8,3,0.375,4.0,32,8192,512,2048,1088,493.374,598.011,495.26,0.018
mixed,8,3,0.375,4.0,32,8192,1024,4096,2176,610.076,795.899,597.787,-0.0661
mixed,8,3,0.375,4.0,32,8192,2048,8192,4352,829.884,1203.48,806.266,-0.0632
mixed,8,3,0.375,4.0,32,8192,4096,16384,8704,1255.128,2015.06,1216.504,-0.0508
mixed,8,3,0.375,4.0,64,0,128,512,272,156.574,182.398,157.599,0.0397
mixed,8,3,0.375,4.0,64,0,256,1024,544,181.279,235.678,181.438,0.0029
mixed,8,3,0.375,4.0,64,0,512,2048,1088,236.702,341.15,238.272,0.015
mixed,8,3,0.375,4.0,64,0,1024,4096,2176,351.773,549.116,342.812,-0.0454
mixed,8,3,0.375,4.0,64,0,2048,8192,4352,570.077,955.453,554.525,-0.0404
mixed,8,3,0.375,4.0,64,0,4096,16384,8704,1001.399,1759.509,959.962,-0.0547
mixed,8,3,0.375,4.0,64,512,128,512,272,210.11,237.249,210.782,0.0248
mixed,8,3,0.375,4.0,64,512,256,1024,544,239.003,294.527,238.558,-0.008
mixed,8,3,0.375,4.0,64,512,512,2048,1088,296.927,397.596,297.309,0.0038
mixed,8,3,0.375,4.0,64,512,1024,4096,2176,413.406,605.789,400.19,-0.0687
mixed,8,3,0.375,4.0,64,512,2048,8192,4352,628.509,1013.24,607.388,-0.0549
mixed,8,3,0.375,4.0,64,512,4096,16384,8704,1058.973,1821.813,1014.999,-0.0576
mixed,8,3,0.375,4.0,64,1024,128,512,272,271.678,297.184,271.072,-0.0238
mixed,8,3,0.375,4.0,64,1024,256,1024,544,300.031,355.55,298.62,-0.0254
mixed,8,3,0.375,4.0,64,1024,512,2048,1088,358.398,456.702,360.604,0.0224
mixed,8,3,0.375,4.0,64,1024,1024,4096,2176,472.158,662.428,465.498,-0.035
mixed,8,3,0.375,4.0,64,1024,2048,8192,4352,688.54,1076.217,668.539,-0.0516
mixed,8,3,0.375,4.0,64,1024,4096,16384,8704,1124.343,1883.762,1081.625,-0.0563
mixed,8,3,0.375,4.0,64,2048,128,512,272,307.264,335.644,310.62,0.1183
mixed,8,3,0.375,4.0,64,2048,256,1024,544,339.804,393.854,337.34,-0.0456
mixed,8,3,0.375,4.0,64,2048,512,2048,1088,391.901,496.86,394.3,0.0229
mixed,8,3,0.375,4.0,64,2048,1024,4096,2176,506.941,700.443,499.101,-0.0405
mixed,8,3,0.375,4.0,64,2048,2048,8192,4352,727.967,1108.761,705.757,-0.0583
mixed,8,3,0.375,4.0,64,2048,4096,16384,8704,1153.815,1913.559,1120.122,-0.0443
mixed,8,3,0.375,4.0,64,4096,128,512,272,412.094,438.142,412.766,0.0258
mixed,8,3,0.375,4.0,64,4096,256,1024,544,440.031,492.798,440.67,0.0121
mixed,8,3,0.375,4.0,64,4096,512,2048,1088,496.32,597.5,496.285,-0.0003
mixed,8,3,0.375,4.0,64,4096,1024,4096,2176,612.349,800.698,601.852,-0.0557
mixed,8,3,0.375,4.0,64,4096,2048,8192,4352,827.421,1200.281,803.643,-0.0638
mixed,8,3,0.375,4.0,64,4096,4096,16384,8704,1256.634,2012.599,1214.392,-0.0559
mixed,8,3,0.375,4.0,64,8192,128,512,272,618.237,646.875,619.742,0.0526
mixed,8,3,0.375,4.0,64,8192,256,1024,544,645.627,698.427,643.549,-0.0394
mixed,8,3,0.375,4.0,64,8192,512,2048,1088,701.15,803.128,700.859,-0.0029
mixed,8,3,0.375,4.0,64,8192,1024,4096,2176,811.901,1004.155,805.657,-0.0325
mixed,8,3,0.375,4.0,64,8192,2048,8192,4352,1032.443,1407.416,1010.586,-0.0583
mixed,8,3,0.375,4.0,64,8192,4096,16384,8704,1457.175,2219.09,1416.602,-0.0533
mixed,8,3,0.375,4.0,128,0,128,512,272,174.657,201.057,176.416,0.0666
mixed,8,3,0.375,4.0,128,0,256,1024,544,201.377,256.606,200.639,-0.0134
mixed,8,3,0.375,4.0,128,0,512,2048,1088,256.638,358.718,259.676,0.0298
mixed,8,3,0.375,4.0,128,0,1024,4096,2176,370.493,566.235,365.246,-0.0268
mixed,8,3,0.375,4.0,128,0,2048,8192,4352,592.666,970.97,571.358,-0.0563
mixed,8,3,0.375,4.0,128,0,4096,16384,8704,1025.371,1777.876,983.29,-0.0559
mixed,8,3,0.375,4.0,128,512,128,512,272,305.344,332.862,307.102,0.0639
mixed,8,3,0.375,4.0,128,512,256,1024,544,333.374,387.742,331.677,-0.0312
mixed,8,3,0.375,4.0,128,512,512,2048,1088,390.59,492.636,391.422,0.0082
mixed,8,3,0.375,4.0,128,512,1024,4096,2176,504.671,698.56,498.749,-0.0305
mixed,8,3,0.375,4.0,128,512,2048,8192,4352,721.691,1101.784,705.566,-0.0424
mixed,8,3,0.375,4.0,128,512,4096,16384,8704,1152.09,1913.493,1115.13,-0.0485
mixed,8,3,0.375,4.0,128,1024,128,512,272,371.772,399.997,371.581,-0.0068
mixed,8,3,0.375,4.0,128,1024,256,1024,544,403.773,453.599,400.225,-0.0712
mixed,8,3,0.375,4.0,128,1024,512,2048,1088,455.324,555.712,456.831,0.015
mixed,8,3,0.375,4.0,128,1024,1024,4096,2176,571.55,764.475,561.277,-0.0532
mixed,8,3,0.375,4.0,128,1024,2048,8192,4352,787.229,1164.634,771.578,-0.0415
mixed,8,3,0.375,4.0,128,1024,4096,16384,8704,1220.598,1973.238,1174.169,-0.0617
mixed,8,3,0.375,4.0,128,2048,128,512,272,472.316,497.821,471.167,-0.045
mixed,8,3,0.375,4.0,128,2048,256,1024,544,498.463,554.715,500.699,0.0397
mixed,8,3,0.375,4.0,128,2048,512,2048,1088,553.145,654.077,555.42,0.0225
mixed,8,3,0.375,4.0,128,2048,1024,4096,2176,669.628,857.403,658.042,-0.0617
mixed,8,3,0.375,4.0,128,2048,2048,8192,4352,882.554,1261.432,864.538,-0.0476
mixed,8,3,0.375,4.0,128,2048,4096,16384,8704,1312.696,2070.388,1274.232,-0.0508
mixed,8,3,0.375,4.0,128,4096,128,512,272,672.157,698.044,672.542,0.0149
mixed,8,3,0.375,4.0,128,4096,256,1024,544,701.725,755.324,700.38,-0.0251
mixed,8,3,0.375,4.0,128,4096,512,2048,1088,754.588,856.125,756.252,0.0164
mixed,8,3,0.375,4.0,128,4096,1024,4096,2176,869.659,1062.364,859.833,-0.051
mixed,8,3,0.375,4.0,128,4096,2048,8192,4352,1083.993,1464.246,1065.751,-0.048
mixed,8,3,0.375,4.0,128,4096,4096,16384,8704,1510.871,2272.433,1470.136,-0.0535
mixed,8,3,0.375,4.0,128,8192,128,512,272,1067.289,1096.504,1066.62,-0.0229
mixed,8,3,0.375,4.0,128,8192,256,1024,544,1095.801,1150.168,1096.313,0.0094
mixed,8,3,0.375,4.0,128,8192,512,2048,1088,1153.465,1250.838,1154.522,0.0109
mixed,8,3,0.375,4.0,128,8192,1024,4096,2176,1268.055,1452.536,1254.585,-0.073
mixed,8,3,0.375,4.0,128,8192,2048,8192,4352,1483.703,1856.309,1459.929,-0.0638
mixed,8,3,0.375,4.0,128,8192,4096,16384,8704,1907.957,2668.399,1868.501,-0.0519
mixed,8,3,0.375,4.0,256,0,128,512,272,296.159,318.624,295.169,-0.0441
mixed,8,3,0.375,4.0,256,0,256,1024,544,322.046,374.396,322.492,0.0085
mixed,8,3,0.375,4.0,256,0,512,2048,1088,377.02,480.7,381.116,0.0395
mixed,8,3,0.375,4.0,256,0,1024,4096,2176,494.748,684.222,488.575,-0.0326
mixed,8,3,0.375,4.0,256,0,2048,8192,4352,711.964,1092.761,694.972,-0.0446
mixed,8,3,0.375,4.0,256,0,4096,16384,8704,1144.118,1903.735,1103.257,-0.0538
mixed,8,3,0.375,4.0,256,512,128,512,272,425.215,453.469,426.078,0.0305
mixed,8,3,0.375,4.0,256,512,256,1024,544,454.302,504.89,454.365,0.0012
mixed,8,3,0.375,4.0,256,512,512,2048,1088,507.932,608.477,511.292,0.0334
mixed,8,3,0.375,4.0,256,512,1024,4096,2176,620.702,817.691,614.651,-0.0307
mixed,8,3,0.375,4.0,256,512,2048,8192,4352,837.179,1223.801,824.441,-0.0329
mixed,8,3,0.375,4.0,256,512,4096,16384,8704,1267.35,2030.484,1228.281,-0.0512
mixed,8,3,0.375,4.0,256,1024,128,512,272,522.909,549.147,523.579,0.0255
mixed,8,3,0.375,4.0,256,1024,256,1024,544,552.25,604.444,551.837,-0.0079
mixed,8,3,0.375,4.0,256,1024,512,2048,1088,605.277,707.965,608.701,0.0333
mixed,8,3,0.375,4.0,256,1024,1024,4096,2176,719.805,907.962,713.564,-0.0332
mixed,8,3,0.375,4.0,256,1024,2048,8192,4352,937.37,1314.009,917.37,-0.0531
mixed,8,3,0.375,4.0,256,1024,4096,16384,8704,1367.798,2124.244,1323.83,-0.0581
mixed,8,3,0.375,4.0,256,2048,128,512,272,720.475,747.036,718.715,-0.0663
mixed,8,3,0.375,4.0,256,2048,256,1024,544,749.689,800.729,749.179,-0.01
mixed,8,3,0.375,4.0,256,2048,512,2048,1088,805.275,902.008,804.25,-0.0106
mixed,8,3,0.375,4.0,256,2048,1024,4096,2176,917.306,1105.722,909.978,-0.0389
mixed,8,3,0.375,4.0,256,2048,2048,8192,4352,1133.722,1507.031,1109.305,-0.0654
mixed,8,3,0.375,4.0,256,2048,4096,16384,8704,1558.966,2323.154,1521.782,-0.0487
mixed,8,3,0.375,4.0,256,4096,128,512,272,1115.771,1146.106,1117.782,0.0663
mixed,8,3,0.375,4.0,256,4096,256,1024,544,1149.465,1200.152,1146.071,-0.067
mixed,8,3,0.375,4.0,256,4096,512,2048,1088,1200.824,1303.093,1204.955,0.0404
mixed,8,3,0.375,4.0,256,4096,1024,4096,2176,1313.655,1500.983,1306.71,-0.0371
mixed,8,3,0.375,4.0,256,4096,2048,8192,4352,1527.768,1907.574,1510.167,-0.0463
mixed,8,3,0.375,4.0,256,4096,4096,16384,8704,1954.837,2717.744,1915.863,-0.0511
mixed,8,3,0.375,4.0,256,8192,128,512,272,1906.677,1933.907,1905.843,-0.0306
mixed,8,3,0.375,4.0,256,8192,256,1024,544,1937.139,1987.219,1936.787,-0.007
mixed,8,3,0.375,4.0,256,8192,512,2048,1088,1984.277,2091.473,1992.05,0.0725
mixed,8,3,0.375,4.0,256,8192,1024,4096,2176,2102.034,2294.644,2093.783,-0.0428
mixed,8,3,0.375,4.0,256,8192,2048,8192,4352,2318.515,2696.624,2298.897,-0.0519
mixed,8,3,0.375,4.0,256,8192,4096,16384,8704,2747.377,3508.172,2707.217,-0.0528
mixed,8,3,0.375,4.0,512,0,128,512,272,565.981,594.971,564.765,-0.0419
mixed,8,3,0.375,4.0,512,0,256,1024,544,593.308,648.475,596.478,0.0575
mixed,8,3,0.375,4.0,512,0,512,2048,1088,648.605,748.379,650.205,0.016
mixed,8,3,0.375,4.0,512,0,1024,4096,2176,761.372,949.818,754.553,-0.0362
mixed,8,3,0.375,4.0,512,0,2048,8192,4352,977.625,1352.856,958.489,-0.051
mixed,8,3,0.375,4.0,512,0,4096,16384,8704,1403.546,2158.578,1367.161,-0.0482
mixed,8,3,0.375,4.0,512,512,128,512,272,787.384,812.092,785.05,-0.0945
mixed,8,3,0.375,4.0,512,512,256,1024,544,815.451,863.833,811.162,-0.0886
mixed,8,3,0.375,4.0,512,512,512,2048,1088,865.181,967.226,870.811,0.0552
mixed,8,3,0.375,4.0,512,512,1024,4096,2176,980.7,1171.481,970.52,-0.0534
mixed,8,3,0.375,4.0,512,512,2048,8192,4352,1197.081,1571.992,1173.785,-0.0621
mixed,8,3,0.375,4.0,512,512,4096,16384,8704,1623.956,2382.32,1586.1,-0.0499
mixed,8,3,0.375,4.0,512,1024,128,512,272,983.417,1007.802,983.704,0.0118
mixed,8,3,0.375,4.0,512,1024,256,1024,544,1011.737,1063.482,1008.952,-0.0538
mixed,8,3,0.375,4.0,512,1024,512,2048,1088,1062.938,1167.609,1064.89,0.0186
mixed,8,3,0.375,4.0,512,1024,1024,4096,2176,1180.536,1367.096,1168.921,-0.0623
mixed,8,3,0.375,4.0,512,1024,2048,8192,4352,1393.272,1771.03,1375.381,-0.0474
mixed,8,3,0.375,4.0,512,1024,4096,16384,8704,1816.82,2580.207,1784.31,-0.0426
mixed,8,3,0.375,4.0,512,2048,128,512,272,1375.48,1404.053,1374.52,-0.0336
mixed,8,3,0.375,4.0,512,2048,256,1024,544,1405.653,1454.489,1401.557,-0.0839
mixed,8,3,0.375,4.0,512,2048,512,2048,1088,1457.526,1560.312,1463.671,0.0598
mixed,8,3,0.375,4.0,512,2048,1024,4096,2176,1569.624,1759.701,1562.549,-0.0372
mixed,8,3,0.375,4.0,512,2048,2048,8192,4352,1780.534,2158.835,1765.586,-0.0395
mixed,8,3,0.375,4.0,512,2048,4096,16384,8704,2211.41,2976.207,2173.971,-0.049
mixed,8,3,0.375,4.0,512,4096,128,512,272,2161.745,2188.723,2164.435,0.0997
mixed,8,3,0.375,4.0,512,4096,256,1024,544,2192.434,2243.858,2192.849,0.0081
mixed,8,3,0.375,4.0,512,4096,512,2048,1088,2244.723,2349.903,2251.06,0.0602
mixed,8,3,0.375,4.0,512,4096,1024,4096,2176,2361.971,2548.467,2347.694,-0.0766
mixed,8,3,0.375,4.0,512,4096,2048,8192,4352,2569.616,2949.807,2553.491,-0.0424
mixed,8,3,0.375,4.0,512,4096,4096,16384,8704,3001.437,3762.683,2966.077,-0.0465
mixed,8,3,0.375,4.0,512,8192,128,512,272,3736.986,3770.839,3745.017,0.2372
mixed,8,3,0.375,4.0,512,8192,256,1024,544,3773.464,3823.896,3770.332,-0.0621
mixed,8,3,0.375,4.0,512,8192,512,2048,1088,3827.323,3918.839,3825.751,-0.0172
mixed,8,3,0.375,4.0,512,8192,1024,4096,2176,3938.877,4129.463,3928.728,-0.0533
mixed,8,3,0.375,4.0,512,8192,2048,8192,4352,4152.345,4529.686,4136.219,-0.0427
mixed,8,3,0.375,4.0,512,8192,4096,16384,8704,4578.424,5331.191,4548.73,-0.0394
mixed,8,3,0.375,4.0,1024,0,128,512,272,895.966,920.031,893.632,-0.097
mixed,8,3,0.375,4.0,1024,0,256,1024,544,921.599,975.71,922.813,0.0224
mixed,8,3,0.375,4.0,1024,0,512,2048,1088,976.734,1080.287,977.534,0.0077
mixed,8,3,0.375,4.0,1024,0,1024,4096,2176,1091.711,1283.901,1084.893,-0.0355
mixed,8,3,0.375,4.0,1024,0,2048,8192,4352,1314.206,1688.315,1293.021,-0.0566
mixed,8,3,0.375,4.0,1024,0,4096,16384,8704,1743.837,2492.7,1702.493,-0.0552
mixed,8,3,0.375,4.0,1024,512,128,512,272,1362.622,1391.58,1365.213,0.0895
mixed,8,3,0.375,4.0,1024,512,256,1024,544,1391.165,1447.005,1391.197,0.0006
mixed,8,3,0.375,4.0,1024,512,512,2048,1088,1445.885,1548.381,1447.579,0.0165
mixed,8,3,0.375,4.0,1024,512,1024,4096,2176,1565.373,1753.02,1554.429,-0.0583
mixed,8,3,0.375,4.0,1024,512,2048,8192,4352,1779.965,2156.922,1759.932,-0.0531
mixed,8,3,0.375,4.0,1024,512,4096,16384,8704,2208.255,2962.969,2165.692,-0.0564
mixed,8,3,0.375,4.0,1024,1024,128,512,272,1754.237,1781.021,1755.004,0.0286
mixed,8,3,0.375,4.0,1024,1024,256,1024,544,1786.049,1835.454,1784.477,-0.0318
mixed,8,3,0.375,4.0,1024,1024,512,2048,1088,1839.644,1941.214,1840.925,0.0126
mixed,8,3,0.375,4.0,1024,1024,1024,4096,2176,1956.286,2147.452,1946.81,-0.0496
mixed,8,3,0.375,4.0,1024,1024,2048,8192,4352,2172.382,2547.899,2154.813,-0.0468
mixed,8,3,0.375,4.0,1024,1024,4096,16384,8704,2604.027,3358.167,2563.035,-0.0544
mixed,8,3,0.375,4.0,1024,2048,128,512,272,2533.914,2563.866,2535.262,0.045
mixed,8,3,0.375,4.0,1024,2048,256,1024,544,2566.238,2618.782,2564.187,-0.039
mixed,8,3,0.375,4.0,1024,2048,512,2048,1088,2619.708,2725.978,2624.73,0.0473
mixed,8,3,0.375,4.0,1024,2048,1024,4096,2176,2733.946,2928.827,2724.09,-0.0506
mixed,8,3,0.375,4.0,1024,2048,2048,8192,4352,2956.444,3330.97,2933.435,-0.0614
mixed,8,3,0.375,4.0,1024,2048,4096,16384,8704,3379.898,4135.706,3342.3,-0.0497
mixed,8,3,0.375,4.0,1024,4096,128,512,272,4129.788,4175.511,4147.802,0.394
mixed,8,3,0.375,4.0,1024,4096,256,1024,544,4173.078,4212.024,4175.322,0.0576
mixed,8,3,0.375,4.0,1024,4096,512,2048,1088,4214.842,4332.563,4209.464,-0.0457
mixed,8,3,0.375,4.0,1024,4096,1024,4096,2176,4347.993,4530.872,4339.417,-0.0469
mixed,8,3,0.375,4.0,1024,4096,2048,8192,4352,4536.987,4942.199,4546.805,0.0242
mixed,8,3,0.375,4.0,1024,4096,4096,16384,8704,4998.136,5749.175,4954.742,-0.0578
mixed,8,3,0.375,4.0,1024,8192,128,512,272,7299.031,7321.425,7309.105,0.4499
mixed,8,3,0.375,4.0,1024,8192,256,1024,544,7337.556,7383.796,7335.409,-0.0464
mixed,8,3,0.375,4.0,1024,8192,512,2048,1088,7377.364,7484.657,7383.857,0.0605
mixed,8,3,0.375,4.0,1024,8192,1024,4096,2176,7491.474,7679.507,7489.495,-0.0105
mixed,8,3,0.375,4.0,1024,8192,2048,8192,4352,7728.467,8088.883,7695.152,-0.0924
mixed,8,3,0.375,4.0,1024,8192,4096,16384,8704,8168.979,8923.599,8118.318,-0.0671
mixed,8,3,0.375,4.0,2048,0,128,512,272,2374.076,2397.307,2375.551,0.0635
mixed,8,3,0.375,4.0,2048,0,256,1024,544,2400.41,2450.204,2397.147,-0.0655
mixed,8,3,0.375,4.0,2048,0,512,2048,1088,2452.83,2557.496,2459.291,0.0617
mixed,8,3,0.375,4.0,2048,0,1024,4096,2176,2570.556,2756.508,2566.778,-0.0203
mixed,8,3,0.375,4.0,2048,0,2048,8192,4352,2790.781,3174.813,2768.254,-0.0587
mixed,8,3,0.375,4.0,2048,0,4096,16384,8704,3219.516,3981.209,3177.019,-0.0558
mixed,8,3,0.375,4.0,2048,512,128,512,272,3218.393,3246.361,3218.138,-0.0091
mixed,8,3,0.375,4.0,2048,512,256,1024,544,3252.666,3304.955,3250.426,-0.0428
mixed,8,3,0.375,4.0,2048,512,512,2048,1088,3304.312,3409.69,3298.495,-0.0552
mixed,8,3,0.375,4.0,2048,512,1024,4096,2176,3413.688,3613.881,3408.41,-0.0264
mixed,8,3,0.375,4.0,2048,512,2048,8192,4352,3639.003,4016.57,3620.41,-0.0492
mixed,8,3,0.375,4.0,2048,512,4096,16384,8704,4065.751,4817.432,4033.049,-0.0435
mixed,8,3,0.375,4.0,2048,1024,128,512,272,4058.875,4091.224,4062.969,0.1266
mixed,8,3,0.375,4.0,2048,1024,256,1024,544,4077.015,4130.33,4086.844,0.1844
mixed,8,3,0.375,4.0,2048,1024,512,2048,1088,4144.314,4249.687,4142.811,-0.0143
mixed,8,3,0.375,4.0,2048,1024,1024,4096,2176,4257.53,4452.057,4251.482,-0.0311
mixed,8,3,0.375,4.0,2048,1024,2048,8192,4352,4476.504,4860.888,4457.72,-0.0489
mixed,8,3,0.375,4.0,2048,1024,4096,16384,8704,4911.513,5672.501,4870.454,-0.054
mixed,8,3,0.375,4.0,2048,2048,128,512,272,5725.173,5752.375,5700.883,-0.8929
mixed,8,3,0.375,4.0,2048,2048,256,1024,544,5750.962,5786.675,5762.327,0.3182
mixed,8,3,0.375,4.0,2048,2048,512,2048,1088,5794.387,5900.532,5783.095,-0.1064
mixed,8,3,0.375,4.0,2048,2048,1024,4096,2176,5908.755,6097.301,5896.661,-0.0641
mixed,8,3,0.375,4.0,2048,2048,2048,8192,4352,6120.821,6514.931,6109.905,-0.0277
mixed,8,3,0.375,4.0,2048,2048,4096,16384,8704,6547.222,7311.796,6505.041,-0.0552
mixed,8,3,0.375,4.0,2048,4096,128,512,272,8933.713,8966.38,8915.12,-0.5692
mixed,8,3,0.375,4.0,2048,4096,256,1024,544,8983.025,9028.914,8932.269,-1.1061
mixed,8,3,0.375,4.0,2048,4096,512,2048,1088,8995.723,9093.425,9012.147,0.1681
mixed,8,3,0.375,4.0,2048,4096,1024,4096,2176,9098.478,9316.238,9109.679,0.0514
mixed,8,3,0.375,4.0,2048,4096,2048,8192,4352,9324.43,9724.875,9318.768,-0.0141
mixed,8,3,0.375,4.0,2048,4096,4096,16384,8704,9770.702,10519.761,9747.406,-0.0311
mixed,8,3,0.375,4.0,2048,8192,128,512,272,15217.349,15213.953,15195.529,
mixed,8,3,0.375,4.0,2048,8192,256,1024,544,15242.696,15272.677,15235.203,-0.2499
mixed,8,3,0.375,4.0,2048,8192,512,2048,1088,15293.283,15395.424,15291.656,-0.0159
mixed,8,3,0.375,4.0,2048,8192,1024,4096,2176,15378.015,15593.919,15386.656,0.04
mixed,8,3,0.375,4.0,2048,8192,2048,8192,4352,15601.059,16013.606,15592.678,-0.0203
mixed,8,3,0.375,4.0,2048,8192,4096,16384,8704,16040.033,16821.507,16002.015,-0.0486
pure,8,4,0.5,4.0,0,0,128,512,320,93.632,113.791,95.454,0.0904
pure,8,4,0.5,4.0,0,0,256,1024,640,127.68,168.864,125.472,-0.0536
pure,8,4,0.5,4.0,0,0,512,2048,1280,192.767,272.097,190.559,-0.0278
pure,8,4,0.5,4.0,0,0,1024,4096,2560,325.406,479.999,333.216,0.0505
pure,8,4,0.5,4.0,0,0,2048,8192,5120,582.88,882.11,601.567,0.0625
pure,8,4,0.5,4.0,0,0,4096,16384,10240,1090.812,1696.766,1141.501,0.0837
mixed,8,4,0.5,4.0,16,0,128,512,320,114.847,135.775,117.633,0.1331
mixed,8,4,0.5,4.0,16,0,256,1024,640,149.823,188.096,149.311,-0.0134
mixed,8,4,0.5,4.0,16,0,512,2048,1280,216.223,295.84,218.753,0.0318
mixed,8,4,0.5,4.0,16,0,1024,4096,2560,344.96,502.624,357.983,0.0826
mixed,8,4,0.5,4.0,16,0,2048,8192,5120,603.454,909.054,627.2,0.0777
mixed,8,4,0.5,4.0,16,0,4096,16384,10240,1108.767,1713.274,1168.893,0.0995
mixed,8,4,0.5,4.0,16,512,128,512,320,155.391,177.184,156.416,0.047
mixed,8,4,0.5,4.0,16,512,256,1024,640,192.414,231.775,191.681,-0.0186
mixed,8,4,0.5,4.0,16,512,512,2048,1280,258.751,334.911,259.36,0.008
mixed,8,4,0.5,4.0,16,512,1024,4096,2560,390.721,541.884,398.403,0.0508
mixed,8,4,0.5,4.0,16,512,2048,8192,5120,646.847,952.539,670.75,0.0782
mixed,8,4,0.5,4.0,16,512,4096,16384,10240,1150.716,1758.203,1210.271,0.098
mixed,8,4,0.5,4.0,16,1024,128,512,320,159.937,183.775,161.792,0.0778
mixed,8,4,0.5,4.0,16,1024,256,1024,640,197.57,238.366,199.551,0.0486
mixed,8,4,0.5,4.0,16,1024,512,2048,1280,263.167,343.744,265.184,0.025
mixed,8,4,0.5,4.0,16,1024,1024,4096,2560,396.287,549.118,403.678,0.0484
mixed,8,4,0.5,4.0,16,1024,2048,8192,5120,651.806,954.814,676.124,0.0803
mixed,8,4,0.5,4.0,16,1024,4096,16384,10240,1155.421,1762.908,1216.989,0.1013
mixed,8,4,0.5,4.0,16,2048,128,512,320,167.392,190.241,169.406,0.0881
mixed,8,4,0.5,4.0,16,2048,256,1024,640,204.478,246.467,203.679,-0.019
mixed,8,4,0.5,4.0,16,2048,512,2048,1280,273.566,350.561,273.986,0.0055
mixed,8,4,0.5,4.0,16,2048,1024,4096,2560,400.671,556.99,411.616,0.07
mixed,8,4,0.5,4.0,16,2048,2048,8192,5120,651.935,960.348,680.384,0.0922
mixed,8,4,0.5,4.0,16,2048,4096,16384,10240,1163.868,1773.436,1225.692,0.1014
mixed,8,4,0.5,4.0,16,4096,128,512,320,202.852,225.888,202.622,-0.01
mixed,8,4,0.5,4.0,16,4096,256,1024,640,238.976,286.111,240.478,0.0319
mixed,8,4,0.5,4.0,16,4096,512,2048,1280,309.278,389.055,307.361,-0.024
mixed,8,4,0.5,4.0,16,4096,1024,4096,2560,439.231,593.343,451.806,0.0816
mixed,8,4,0.5,4.0,16,4096,2048,8192,5120,692.127,1000.476,718.974,0.0871
mixed,8,4,0.5,4.0,16,4096,4096,16384,10240,1200.508,1809.435,1259.358,0.0966
mixed,8,4,0.5,4.0,16,8192,128,512,320,256.641,277.948,258.462,0.0855
mixed,8,4,0.5,4.0,16,8192,256,1024,640,295.2,334.784,294.847,-0.0089
mixed,8,4,0.5,4.0,16,8192,512,2048,1280,366.911,441.407,363.966,-0.0395
mixed,8,4,0.5,4.0,16,8192,1024,4096,2560,492.286,647.294,501.662,0.0605
mixed,8,4,0.5,4.0,16,8192,2048,8192,5120,746.368,1052.671,770.302,0.0781
mixed,8,4,0.5,4.0,16,8192,4096,16384,10240,1249.917,1861.243,1315.002,0.1065
mixed,8,4,0.5,4.0,32,0,128,512,320,150.656,172.415,152.608,0.0897
mixed,8,4,0.5,4.0,32,0,256,1024,640,187.775,226.752,188.418,0.0165
mixed,8,4,0.5,4.0,32,0,512,2048,1280,253.535,331.265,253.76,0.0029
mixed,8,4,0.5,4.0,32,0,1024,4096,2560,381.663,535.229,395.137,0.0877
mixed,8,4,0.5,4.0,32,0,2048,8192,5120,640.383,942.591,662.815,0.0742
mixed,8,4,0.5,4.0,32,0,4096,16384,10240,1143.803,1754.908,1205.533,0.101
mixed,8,4,0.5,4.0,32,512,128,512,320,192.321,217.856,194.145,0.0714
mixed,8,4,0.5,4.0,32,512,256,1024,640,231.807,272.095,230.75,-0.0262
mixed,8,4,0.5,4.0,32,512,512,2048,1280,298.303,377.218,297.408,-0.0113
mixed,8,4,0.5,4.0,32,512,1024,4096,2560,425.375,582.815,439.967,0.0927
mixed,8,4,0.5,4.0,32,512,2048,8192,5120,681.118,987.934,709.055,0.0911
mixed,8,4,0.5,4.0,32,512,4096,16384,10240,1187.452,1800.731,1251.996,0.1052
mixed,8,4,0.5,4.0,32,1024,128,512,320,199.457,224.285,200.892,0.0578
mixed,8,4,0.5,4.0,32,1024,256,1024,640,238.494,279.998,239.199,0.017
mixed,8,4,0.5,4.0,32,1024,512,2048,1280,305.954,386.432,306.304,0.0043
mixed,8,4,0.5,4.0,32,1024,1024,4096,2560,436.033,591.552,448.162,0.078
mixed,8,4,0.5,4.0,32,1024,2048,8192,5120,693.056,995.324,716.8,0.0786
mixed,8,4,0.5,4.0,32,1024,4096,16384,10240,1199.357,1807.963,1256.828,0.0944
mixed,8,4,0.5,4.0,32,2048,128,512,320,215.296,237.791,215.04,-0.0114
mixed,8,4,0.5,4.0,32,2048,256,1024,640,252.672,297.12,253.281,0.0137
mixed,8,4,0.5,4.0,32,2048,512,2048,1280,323.327,399.392,321.791,-0.0202
mixed,8,4,0.5,4.0,32,2048,1024,4096,2560,448.61,603.486,459.006,0.0671
mixed,8,4,0.5,4.0,32,2048,2048,8192,5120,704.413,1008.348,731.229,0.0882
mixed,8,4,0.5,4.0,32,2048,4096,16384,10240,1214.045,1818.652,1271.804,0.0955
mixed,8,4,0.5,4.0,32,4096,128,512,320,305.442,332.381,307.807,0.0878
mixed,8,4,0.5,4.0,32,4096,256,1024,640,346.144,385.598,347.326,0.03
mixed,8,4,0.5,4.0,32,4096,512,2048,1280,411.135,491.167,411.55,0.0052
mixed,8,4,0.5,4.0,32,4096,1024,4096,2560,540.541,694.909,554.561,0.0908
mixed,8,4,0.5,4.0,32,4096,2048,8192,5120,794.494,1102.878,823.261,0.0933
mixed,8,4,0.5,4.0,32,4096,4096,16384,10240,1298.75,1917.275,1363.9,0.1053
mixed,8,4,0.5,4.0,32,8192,128,512,320,415.583,436.511,413.373,-0.1056
mixed,8,4,0.5,4.0,32,8192,256,1024,640,453.022,494.208,453.403,0.0093
mixed,8,4,0.5,4.0,32,8192,512,2048,1280,517.085,596.704,517.696,0.0077
mixed,8,4,0.5,4.0,32,8192,1024,4096,2560,646.62,805.823,659.263,0.0794
mixed,8,4,0.5,4.0,32,8192,2048,8192,5120,900.414,1204.255,931.71,0.103
mixed,8,4,0.5,4.0,32,8192,4096,16384,10240,1409.149,2018.432,1468.188,0.0969
mixed,8,4,0.5,4.0,64,0,128,512,320,157.376,181.087,159.359,0.0836
mixed,8,4,0.5,4.0,64,0,256,1024,640,195.391,235.999,197.184,0.0442
mixed,8,4,0.5,4.0,64,0,512,2048,1280,258.943,341.217,262.46,0.0427
mixed,8,4,0.5,4.0,64,0,1024,4096,2560,393.246,545.022,403.231,0.0658
mixed,8,4,0.5,4.0,64,0,2048,8192,5120,647.198,954.461,671.645,0.0796
mixed,8,4,0.5,4.0,64,0,4096,16384,10240,1155.358,1752.252,1210.684,0.0927
mixed,8,4,0.5,4.0,64,512,128,512,320,212.544,237.95,214.144,0.063
mixed,8,4,0.5,4.0,64,512,256,1024,640,252.256,292.637,251.23,-0.0254
mixed,8,4,0.5,4.0,64,512,512,2048,1280,318.303,399.328,320.511,0.0273
mixed,8,4,0.5,4.0,64,512,1024,4096,2560,450.496,604.798,461.887,0.0738
mixed,8,4,0.5,4.0,64,512,2048,8192,5120,704.158,1010.591,730.527,0.0861
mixed,8,4,0.5,4.0,64,512,4096,16384,10240,1212.575,1818.973,1268.415,0.0921
mixed,8,4,0.5,4.0,64,1024,128,512,320,272.063,297.63,272.642,0.0226
mixed,8,4,0.5,4.0,64,1024,256,1024,640,312.191,353.664,310.846,-0.0324
mixed,8,4,0.5,4.0,64,1024,512,2048,1280,379.582,458.079,381.246,0.0212
mixed,8,4,0.5,4.0,64,1024,1024,4096,2560,507.838,659.293,521.148,0.0879
mixed,8,4,0.5,4.0,64,1024,2048,8192,5120,762.045,1069.405,790.525,0.0927
mixed,8,4,0.5,4.0,64,1024,4096,16384,10240,1269.182,1884.86,1331.896,0.1019
mixed,8,4,0.5,4.0,64,2048,128,512,320,312.03,335.328,310.848,-0.0507
mixed,8,4,0.5,4.0,64,2048,256,1024,640,348.352,392.671,353.246,0.1104
mixed,8,4,0.5,4.0,64,2048,512,2048,1280,417.502,495.549,417.822,0.0041
mixed,8,4,0.5,4.0,64,2048,1024,4096,2560,546.369,701.086,558.655,0.0794
mixed,8,4,0.5,4.0,64,2048,2048,8192,5120,802.972,1105.563,825.118,0.0732
mixed,8,4,0.5,4.0,64,2048,4096,16384,10240,1308.51,1916.891,1365.631,0.0939
mixed,8,4,0.5,4.0,64,4096,128,512,320,416.093,438.462,413.15,-0.1316
mixed,8,4,0.5,4.0,64,4096,256,1024,640,455.2,493.183,452.863,-0.0615
mixed,8,4,0.5,4.0,64,4096,512,2048,1280,521.79,594.686,520.063,-0.0237
mixed,8,4,0.5,4.0,64,4096,1024,4096,2560,646.08,802.684,660.192,0.0901
mixed,8,4,0.5,4.0,64,4096,2048,8192,5120,904.511,1204.508,926.812,0.0743
mixed,8,4,0.5,4.0,64,4096,4096,16384,10240,1405.821,2012.282,1465.854,0.099
mixed,8,4,0.5,4.0,64,8192,128,512,320,622.846,644.896,618.077,-0.2163
mixed,8,4,0.5,4.0,64,8192,256,1024,640,658.652,701.53,661.663,0.0702
mixed,8,4,0.5,4.0,64,8192,512,2048,1280,724.319,797.725,728.353,0.055
mixed,8,4,0.5,4.0,64,8192,1024,4096,2560,850.941,1007.07,864.541,0.0871
mixed,8,4,0.5,4.0,64,8192,2048,8192,5120,1102.622,1407.549,1127.389,0.0812
mixed,8,4,0.5,4.0,64,8192,4096,16384,10240,1611.293,2214.777,1669.115,0.0958
mixed,8,4,0.5,4.0,128,0,128,512,320,175.582,200.512,176.541,0.0385
mixed,8,4,0.5,4.0,128,0,256,1024,640,216.32,257.213,213.407,-0.0712
mixed,8,4,0.5,4.0,128,0,512,2048,1280,279.169,362.495,282.334,0.038
mixed,8,4,0.5,4.0,128,0,1024,4096,2560,412.732,567.389,423.294,0.0683
mixed,8,4,0.5,4.0,128,0,2048,8192,5120,666.911,975.39,693.054,0.0847
mixed,8,4,0.5,4.0,128,0,4096,16384,10240,1172.38,1783.802,1230.782,0.0955
mixed,8,4,0.5,4.0,128,512,128,512,320,307.358,331.295,304.708,-0.1107
mixed,8,4,0.5,4.0,128,512,256,1024,640,347.23,387.839,345.76,-0.0362
mixed,8,4,0.5,4.0,128,512,512,2048,1280,414.91,491.228,416.543,0.0214
mixed,8,4,0.5,4.0,128,512,1024,4096,2560,545.438,696.352,555.996,0.07
mixed,8,4,0.5,4.0,128,512,2048,8192,5120,797.979,1106.234,825.407,0.089
mixed,8,4,0.5,4.0,128,512,4096,16384,10240,1301.595,1919.387,1363.676,0.1005
mixed,8,4,0.5,4.0,128,1024,128,512,320,375.742,400.222,376.415,0.0275
mixed,8,4,0.5,4.0,128,1024,256,1024,640,412.895,453.405,414.016,0.0277
mixed,8,4,0.5,4.0,128,1024,512,2048,1280,479.615,554.271,480.412,0.0107
mixed,8,4,0.5,4.0,128,1024,1024,4096,2560,606.942,766.333,619.358,0.0779
mixed,8,4,0.5,4.0,128,1024,2048,8192,5120,862.715,1165.15,888.733,0.086
mixed,8,4,0.5,4.0,128,1024,4096,16384,10240,1371.707,1971.834,1428.253,0.0942
mixed,8,4,0.5,4.0,128,2048,128,512,320,474.144,501.983,473.823,-0.0115
mixed,8,4,0.5,4.0,128,2048,256,1024,640,513.215,554.27,514.174,0.0234
mixed,8,4,0.5,4.0,128,2048,512,2048,1280,580.256,654.144,579.135,-0.0152
mixed,8,4,0.5,4.0,128,2048,1024,4096,2560,708.381,855.134,716.443,0.0549
mixed,8,4,0.5,4.0,128,2048,2048,8192,5120,960.894,1264.221,985.629,0.0815
mixed,8,4,0.5,4.0,128,2048,4096,16384,10240,1468.475,2075.389,1527.32,0.097
mixed,8,4,0.5,4.0,128,4096,128,512,320,674.172,699.743,675.679,0.0589
mixed,8,4,0.5,4.0,128,4096,256,1024,640,716.478,754.079,715.549,-0.0247
mixed,8,4,0.5,4.0,128,4096,512,2048,1280,780.443,853.727,781.95,0.0206
mixed,8,4,0.5,4.0,128,4096,1024,4096,2560,906.782,1058.332,918.78,0.0792
mixed,8,4,0.5,4.0,128,4096,2048,8192,5120,1157.406,1463.45,1180.477,0.0754
mixed,8,4,0.5,4.0,128,4096,4096,16384,10240,1666.684,2266.844,1725.145,0.0974
mixed,8,4,0.5,4.0,128,8192,128,512,320,1070.333,1094.78,1072.19,0.076
mixed,8,4,0.5,4.0,128,8192,256,1024,640,1110.331,1151.741,1110.203,-0.0031
mixed,8,4,0.5,4.0,128,8192,512,2048,1280,1176.54,1252.479,1175.26,-0.0169
mixed,8,4,0.5,4.0,128,8192,1024,4096,2560,1303.932,1454.425,1311.869,0.0527
mixed,8,4,0.5,4.0,128,8192,2048,8192,5120,1553.468,1857.465,1579.355,0.0852
mixed,8,4,0.5,4.0,128,8192,4096,16384,10240,2060.829,2670.234,2123.61,0.103
mixed,8,4,0.5,4.0,256,0,128,512,320,297.76,322.046,295.456,-0.0949
mixed,8,4,0.5,4.0,256,0,256,1024,640,336.447,379.07,334.367,-0.0488
mixed,8,4,0.5,4.0,256,0,512,2048,1280,403.999,480.67,404.222,0.0029
mixed,8,4,0.5,4.0,256,0,1024,4096,2560,534.911,684.191,544.541,0.0645
mixed,8,4,0.5,4.0,256,0,2048,8192,5120,789.022,1092.317,812.061,0.076
mixed,8,4,0.5,4.0,256,0,4096,16384,10240,1292.699,1905.433,1354.909,0.1015
mixed,8,4,0.5,4.0,256,512,128,512,320,427.934,452.83,426.623,-0.0527
mixed,8,4,0.5,4.0,256,512,256,1024,640,466.878,505.052,467.391,0.0134
mixed,8,4,0.5,4.0,256,512,512,2048,1280,533.055,608.384,531.838,-0.0162
mixed,8,4,0.5,4.0,256,512,1024,4096,2560,663.967,814.654,672.223,0.0548
mixed,8,4,0.5,4.0,256,512,2048,8192,5120,912.926,1221.436,935.133,0.072
mixed,8,4,0.5,4.0,256,512,4096,16384,10240,1422.972,2027.642,1478.937,0.0926
mixed,8,4,0.5,4.0,256,1024,128,512,320,526.75,551.422,525.086,-0.0674
mixed,8,4,0.5,4.0,256,1024,256,1024,640,565.119,606.43,562.59,-0.0612
mixed,8,4,0.5,4.0,256,1024,512,2048,1280,631.262,707.9,633.596,0.0305
mixed,8,4,0.5,4.0,256,1024,1024,4096,2560,756.864,906.687,771.453,0.0974
mixed,8,4,0.5,4.0,256,1024,2048,8192,5120,1011.327,1315.132,1031.003,0.0648
mixed,8,4,0.5,4.0,256,1024,4096,16384,10240,1514.748,2127.927,1577.98,0.1031
mixed,8,4,0.5,4.0,256,2048,128,512,320,721.532,745.885,722.046,0.0211
mixed,8,4,0.5,4.0,256,2048,256,1024,640,761.822,803.295,762.493,0.0162
mixed,8,4,0.5,4.0,256,2048,512,2048,1280,826.237,901.054,826.558,0.0043
mixed,8,4,0.5,4.0,256,2048,1024,4096,2560,956.187,1107.326,968.059,0.0786
mixed,8,4,0.5,4.0,256,2048,2048,8192,5120,1207.612,1514.173,1234.044,0.0862
mixed,8,4,0.5,4.0,256,2048,4096,16384,10240,1717.721,2325.85,1770.554,0.0869
mixed,8,4,0.5,4.0,256,4096,128,512,320,1119.102,1145.18,1119.803,0.0269
mixed,8,4,0.5,4.0,256,4096,256,1024,640,1158.108,1199.837,1160.635,0.0606
mixed,8,4,0.5,4.0,256,4096,512,2048,1280,1227.26,1303.163,1223.327,-0.0518
mixed,8,4,0.5,4.0,256,4096,1024,4096,2560,1355.005,1506.49,1362.015,0.0463
mixed,8,4,0.5,4.0,256,4096,2048,8192,5120,1606.301,1908.666,1629.754,0.0776
mixed,8,4,0.5,4.0,256,4096,4096,16384,10240,2104.219,2711.895,2168.955,0.1065
mixed,8,4,0.5,4.0,256,8192,128,512,320,1907.962,1934.329,1909.72,0.0667
mixed,8,4,0.5,4.0,256,8192,256,1024,640,1948.859,1988.76,1948.057,-0.0201
mixed,8,4,0.5,4.0,256,8192,512,2048,1280,2013.178,2090.01,2016.761,0.0466
mixed,8,4,0.5,4.0,256,8192,1024,4096,2560,2140.535,2288.826,2152.476,0.0805
mixed,8,4,0.5,4.0,256,8192,2048,8192,5120,2395.576,2699.704,2418.71,0.0761
mixed,8,4,0.5,4.0,256,8192,4096,16384,10240,2899.671,3511.573,2958.869,0.0967
mixed,8,4,0.5,4.0,512,0,128,512,320,569.566,593.758,570.688,0.0464
mixed,8,4,0.5,4.0,512,0,256,1024,640,607.647,646.558,606.59,-0.0272
mixed,8,4,0.5,4.0,512,0,512,2048,1280,671.645,747.518,677.244,0.0738
mixed,8,4,0.5,4.0,512,0,1024,4096,2560,801.022,954.62,809.566,0.0556
mixed,8,4,0.5,4.0,512,0,2048,8192,5120,1053.629,1356.445,1079.452,0.0853
mixed,8,4,0.5,4.0,512,0,4096,16384,10240,1559.32,2166.172,1621.244,0.102
mixed,8,4,0.5,4.0,512,512,128,512,320,789.115,813.919,786.749,-0.0954
mixed,8,4,0.5,4.0,512,512,256,1024,640,825.341,866.365,828.541,0.078
mixed,8,4,0.5,4.0,512,512,512,2048,1280,892.253,968.956,891.518,-0.0096
mixed,8,4,0.5,4.0,512,512,1024,4096,2560,1020.925,1168.444,1028.382,0.0505
mixed,8,4,0.5,4.0,512,512,2048,8192,5120,1273.277,1573.243,1297.372,0.0803
mixed,8,4,0.5,4.0,512,512,4096,16384,10240,1777.178,2388.218,1837.562,0.0988
mixed,8,4,0.5,4.0,512,1024,128,512,320,985.629,1009.563,985.213,-0.0174
mixed,8,4,0.5,4.0,512,1024,256,1024,640,1025.053,1064.732,1019.485,-0.1403
mixed,8,4,0.5,4.0,512,1024,512,2048,1280,1089.212,1165.308,1089.179,-0.0004
mixed,8,4,0.5,4.0,512,1024,1024,4096,2560,1213.947,1367.194,1227.451,0.0881
mixed,8,4,0.5,4.0,512,1024,2048,8192,5120,1468.762,1776.41,1492.698,0.0778
mixed,8,4,0.5,4.0,512,1024,4096,16384,10240,1981.117,2586.137,2033.179,0.0861
mixed,8,4,0.5,4.0,512,2048,128,512,320,1378.843,1403.322,1377.947,-0.0366
mixed,8,4,0.5,4.0,512,2048,256,1024,640,1417.818,1457.885,1416.956,-0.0215
mixed,8,4,0.5,4.0,512,2048,512,2048,1280,1480.504,1557.178,1480.921,0.0054
mixed,8,4,0.5,4.0,512,2048,1024,4096,2560,1609.243,1760.507,1618.843,0.0635
mixed,8,4,0.5,4.0,512,2048,2048,8192,5120,1864.377,2169.563,1887.002,0.0741
mixed,8,4,0.5,4.0,512,2048,4096,16384,10240,2365.336,2974.135,2427.063,0.1014
mixed,8,4,0.5,4.0,512,4096,128,512,320,2167.478,2193.594,2172.215,0.1814
mixed,8,4,0.5,4.0,512,4096,256,1024,640,2207.194,2247.224,2205.241,-0.0488
mixed,8,4,0.5,4.0,512,4096,512,2048,1280,2270.138,2346.872,2268.732,-0.0183
mixed,8,4,0.5,4.0,512,4096,1024,4096,2560,2396.567,2550.745,2409.751,0.0855
mixed,8,4,0.5,4.0,512,4096,2048,8192,5120,2654.999,2955.832,2679.353,0.081
mixed,8,4,0.5,4.0,512,4096,4096,16384,10240,3155.126,3759.186,3217.781,0.1037
mixed,8,4,0.5,4.0,512,8192,128,512,320,3740.118,3768.182,3751.698,0.4126
mixed,8,4,0.5,4.0,512,8192,256,1024,640,3783.092,3824.498,3784.948,0.0448
mixed,8,4,0.5,4.0,512,8192,512,2048,1280,3852.467,3931.249,3850.514,-0.0248
mixed,8,4,0.5,4.0,512,8192,1024,4096,2560,3983.447,4136.752,3986.069,0.0171
mixed,8,4,0.5,4.0,512,8192,2048,8192,5120,4223.703,4538.833,4249.012,0.0803
mixed,8,4,0.5,4.0,512,8192,4096,16384,10240,4739.892,5344.335,4790.962,0.0845
mixed,8,4,0.5,4.0,1024,0,128,512,320,897.021,922.109,896.412,-0.0243
mixed,8,4,0.5,4.0,1024,0,256,1024,640,932.767,976.861,935.037,0.0515
mixed,8,4,0.5,4.0,1024,0,512,2048,1280,1001.053,1080.767,1002.269,0.0153
mixed,8,4,0.5,4.0,1024,0,1024,4096,2560,1130.493,1283.228,1143.966,0.0882
mixed,8,4,0.5,4.0,1024,0,2048,8192,5120,1382.398,1692.698,1406.94,0.0791
mixed,8,4,0.5,4.0,1024,0,4096,16384,10240,1890.971,2499.287,1951.257,0.0991
mixed,8,4,0.5,4.0,1024,512,128,512,320,1365.785,1389.882,1367.706,0.0797
mixed,8,4,0.5,4.0,1024,512,256,1024,640,1404.507,1445.243,1404.702,0.0048
mixed,8,4,0.5,4.0,1024,512,512,2048,1280,1471.034,1551.033,1471.547,0.0064
mixed,8,4,0.5,4.0,1024,512,1024,4096,2560,1602.075,1756.6,1609.883,0.0505
mixed,8,4,0.5,4.0,1024,512,2048,8192,5120,1855.61,2156.57,1881.048,0.0845
mixed,8,4,0.5,4.0,1024,512,4096,16384,10240,2366.391,2967.896,2419.193,0.0878
mixed,8,4,0.5,4.0,1024,1024,128,512,320,1757.786,1784.86,1761.145,0.1241
mixed,8,4,0.5,4.0,1024,1024,256,1024,640,1795.133,1839.323,1796.508,0.0311
mixed,8,4,0.5,4.0,1024,1024,512,2048,1280,1861.595,1940.602,1861.597,0.0
mixed,8,4,0.5,4.0,1024,1024,1024,4096,2560,1994.394,2149.882,2004.025,0.0619
mixed,8,4,0.5,4.0,1024,1024,2048,8192,5120,2246.808,2553.91,2267.449,0.0672
mixed,8,4,0.5,4.0,1024,1024,4096,16384,10240,2755.704,3359.572,2811.606,0.0926
mixed,8,4,0.5,4.0,1024,2048,128,512,320,2540.951,2563.159,2540.056,-0.0403
mixed,8,4,0.5,4.0,1024,2048,256,1024,640,2576.6,2616.537,2576.729,0.0032
mixed,8,4,0.5,4.0,1024,2048,512,2048,1280,2643.291,2728.47,2644.441,0.0135
mixed,8,4,0.5,4.0,1024,2048,1024,4096,2560,2768.246,2929.143,2783.192,0.0929
mixed,8,4,0.5,4.0,1024,2048,2048,8192,5120,3028.886,3338.039,3055.125,0.0849
mixed,8,4,0.5,4.0,1024,2048,4096,16384,10240,3533.333,4143.283,3596.566,0.1037
mixed,8,4,0.5,4.0,1024,4096,128,512,320,4136.792,4181.968,4143.606,0.1508
mixed,8,4,0.5,4.0,1024,4096,256,1024,640,4156.529,4212.785,4186.197,0.5274
mixed,8,4,0.5,4.0,1024,4096,512,2048,1280,4256.434,4335.121,4255.441,-0.0126
mixed,8,4,0.5,4.0,1024,4096,1024,4096,2560,4386.257,4534.707,4392.305,0.0407
mixed,8,4,0.5,4.0,1024,4096,2048,8192,5120,4640.111,4940.656,4659.729,0.0653
mixed,8,4,0.5,4.0,1024,4096,4096,16384,10240,5135.404,5750.667,5207.537,0.1172
mixed,8,4,0.5,4.0,1024,8192,128,512,320,7302.154,7341.832,7298.216,-0.0992
mixed,8,4,0.5,4.0,1024,8192,256,1024,640,7336.777,7373.287,7348.325,0.3163
mixed,8,4,0.5,4.0,1024,8192,512,2048,1280,7418.537,7485.158,7397.899,-0.3098
mixed,8,4,0.5,4.0,1024,8192,1024,4096,2560,7521.255,7689.127,7553.29,0.1908
mixed,8,4,0.5,4.0,1024,8192,2048,8192,5120,7784.172,8082.632,7819.366,0.1179
mixed,8,4,0.5,4.0,1024,8192,4096,16384,10240,8298.31,8895.778,8364.901,0.1115
mixed,8,4,0.5,4.0,2048,0,128,512,320,2377.367,2401.85,2372.986,-0.1789
mixed,8,4,0.5,4.0,2048,0,256,1024,640,2410.903,2449.403,2412.473,0.0408
mixed,8,4,0.5,4.0,2048,0,512,2048,1280,2478.521,2560.759,2484.058,0.0673
mixed,8,4,0.5,4.0,2048,0,1024,4096,2560,2610.773,2765.273,2614.103,0.0216
mixed,8,4,0.5,4.0,2048,0,2048,8192,5120,2866.967,3172.115,2881.397,0.0473
mixed,8,4,0.5,4.0,2048,0,4096,16384,10240,3358.488,3965.878,3431.126,0.1196
mixed,8,4,0.5,4.0,2048,512,128,512,320,3229.24,3246.581,3238.131,0.5127
mixed,8,4,0.5,4.0,2048,512,256,1024,640,3262.358,3298.169,3253.944,-0.235
mixed,8,4,0.5,4.0,2048,512,512,2048,1280,3335.702,3402.966,3322.582,-0.1951
mixed,8,4,0.5,4.0,2048,512,1024,4096,2560,3461.11,3613.14,3466.515,0.0356
mixed,8,4,0.5,4.0,2048,512,2048,8192,5120,3719.508,4022.739,3733.461,0.046
mixed,8,4,0.5,4.0,2048,512,4096,16384,10240,4227.504,4821.364,4277.075,0.0835
mixed,8,4,0.5,4.0,2048,1024,128,512,320,4056.948,4085.268,4063.634,0.2361
mixed,8,4,0.5,4.0,2048,1024,256,1024,640,4102.963,4140.339,4102.29,-0.018
mixed,8,4,0.5,4.0,2048,1024,512,2048,1280,4169.107,4252.915,4165.906,-0.0382
mixed,8,4,0.5,4.0,2048,1024,1024,4096,2560,4296.787,4450.003,4310.356,0.0886
mixed,8,4,0.5,4.0,2048,1024,2048,8192,5120,4556.946,4857.809,4579.762,0.0758
mixed,8,4,0.5,4.0,2048,1024,4096,16384,10240,5057.486,5660.717,5120.401,0.1043
mixed,8,4,0.5,4.0,2048,2048,128,512,320,5707.886,5725.262,5726.094,1.0479
mixed,8,4,0.5,4.0,2048,2048,256,1024,640,5741.579,5792.335,5766.128,0.4837
mixed,8,4,0.5,4.0,2048,2048,512,2048,1280,5824.331,5896.494,5813.388,-0.1516
mixed,8,4,0.5,4.0,2048,2048,1024,4096,2560,5947.95,6092.846,5961.071,0.0906
mixed,8,4,0.5,4.0,2048,2048,2048,8192,5120,6202.956,6494.987,6227.794,0.0851
mixed,8,4,0.5,4.0,2048,2048,4096,16384,10240,6711.179,7298.762,6774.156,0.1072
mixed,8,4,0.5,4.0,2048,4096,128,512,320,8911.175,8956.613,8922.178,0.2422
mixed,8,4,0.5,4.0,2048,4096,256,1024,640,8966.627,8997.282,8965.8,-0.027
mixed,8,4,0.5,4.0,2048,4096,512,2048,1280,9037.54,9137.186,9045.152,0.0764
mixed,8,4,0.5,4.0,2048,4096,1024,4096,2560,9152.737,9295.973,9190.951,0.2668
mixed,8,4,0.5,4.0,2048,4096,2048,8192,5120,9427.683,9751.392,9463.872,0.1118
mixed,8,4,0.5,4.0,2048,4096,4096,16384,10240,9925.631,10554.27,9987.105,0.0978
mixed,8,4,0.5,4.0,2048,8192,128,512,320,15222.546,15245.229,15231.498,0.3947
mixed,8,4,0.5,4.0,2048,8192,256,1024,640,15231.12,15262.221,15266.796,1.1471
mixed,8,4,0.5,4.0,2048,8192,512,2048,1280,15366.833,15381.207,15291.313,-5.2539
mixed,8,4,0.5,4.0,2048,8192,1024,4096,2560,15458.129,15616.433,15470.767,0.0798
mixed,8,4,0.5,4.0,2048,8192,2048,8192,5120,15716.751,15999.121,15697.58,-0.0679
mixed,8,4,0.5,4.0,2048,8192,4096,16384,10240,16191.241,16811.946,16233.737,0.0685
pure,8,6,0.75,4.0,0,0,128,512,416,101.184,113.887,99.104,-0.1637
pure,8,6,0.75,4.0,0,0,256,1024,832,142.496,168.256,143.712,0.0472
pure,8,6,0.75,4.0,0,0,512,2048,1664,232.928,272.608,225.471,-0.1879
pure,8,6,0.75,4.0,0,0,1024,4096,3328,400.99,483.681,392.001,-0.1087
pure,8,6,0.75,4.0,0,0,2048,8192,6656,731.232,881.213,727.869,-0.0224
pure,8,6,0.75,4.0,0,0,4096,16384,13312,1391.227,1693.338,1374.872,-0.0541
mixed,8,6,0.75,4.0,16,0,128,512,416,123.232,135.102,121.311,-0.1618
mixed,8,6,0.75,4.0,16,0,256,1024,832,164.382,188.67,164.991,0.0251
mixed,8,6,0.75,4.0,16,0,512,2048,1664,256.223,296.575,245.95,-0.2546
mixed,8,6,0.75,4.0,16,0,1024,4096,3328,423.584,499.583,414.334,-0.1217
mixed,8,6,0.75,4.0,16,0,2048,8192,6656,757.371,908.828,747.323,-0.0663
mixed,8,6,0.75,4.0,16,0,4096,16384,13312,1415.995,1708.666,1393.242,-0.0777
mixed,8,6,0.75,4.0,16,512,128,512,416,163.647,177.665,161.184,-0.1757
mixed,8,6,0.75,4.0,16,512,256,1024,832,207.457,233.983,207.872,0.0156
mixed,8,6,0.75,4.0,16,512,512,2048,1664,300.223,337.085,290.238,-0.2709
mixed,8,6,0.75,4.0,16,512,1024,4096,3328,466.912,543.55,459.581,-0.0957
mixed,8,6,0.75,4.0,16,512,2048,8192,6656,795.165,947.486,790.043,-0.0336
mixed,8,6,0.75,4.0,16,512,4096,16384,13312,1452.219,1761.821,1430.428,-0.0704
mixed,8,6,0.75,4.0,16,1024,128,512,416,167.168,182.813,166.496,-0.043
mixed,8,6,0.75,4.0,16,1024,256,1024,832,212.03,237.119,213.216,0.0473
mixed,8,6,0.75,4.0,16,1024,512,2048,1664,306.495,344.258,295.39,-0.2941
mixed,8,6,0.75,4.0,16,1024,1024,4096,3328,472.863,548.831,464.796,-0.1062
mixed,8,6,0.75,4.0,16,1024,2048,8192,6656,803.613,952.635,797.342,-0.0421
mixed,8,6,0.75,4.0,16,1024,4096,16384,13312,1463.869,1773.56,1441.979,-0.0707
mixed,8,6,0.75,4.0,16,2048,128,512,416,173.76,190.307,173.341,-0.0253
mixed,8,6,0.75,4.0,16,2048,256,1024,832,219.454,244.446,221.665,0.0885
mixed,8,6,0.75,4.0,16,2048,512,2048,1664,311.647,352.032,302.655,-0.2227
mixed,8,6,0.75,4.0,16,2048,1024,4096,3328,478.204,554.303,469.437,-0.1152
mixed,8,6,0.75,4.0,16,2048,2048,8192,6656,812.158,960.445,800.925,-0.0758
mixed,8,6,0.75,4.0,16,2048,4096,16384,13312,1469.081,1770.201,1452.89,-0.0538
mixed,8,6,0.75,4.0,16,4096,128,512,416,208.447,226.303,207.007,-0.0806
mixed,8,6,0.75,4.0,16,4096,256,1024,832,256.766,286.655,259.199,0.0814
mixed,8,6,0.75,4.0,16,4096,512,2048,1664,349.792,387.455,338.11,-0.3102
mixed,8,6,0.75,4.0,16,4096,1024,4096,3328,516.19,594.973,507.263,-0.1133
mixed,8,6,0.75,4.0,16,4096,2048,8192,6656,844.027,1000.508,843.964,-0.0004
mixed,8,6,0.75,4.0,16,4096,4096,16384,13312,1511.133,1807.097,1489.369,-0.0735
mixed,8,6,0.75,4.0,16,8192,128,512,416,264.385,280.288,260.322,-0.2555
mixed,8,6,0.75,4.0,16,8192,256,1024,832,310.302,335.105,314.462,0.1677
mixed,8,6,0.75,4.0,16,8192,512,2048,1664,399.198,440.575,395.807,-0.082
mixed,8,6,0.75,4.0,16,8192,1024,4096,3328,568.861,646.428,563.135,-0.0738
mixed,8,6,0.75,4.0,16,8192,2048,8192,6656,904.318,1050.528,893.212,-0.076
mixed,8,6,0.75,4.0,16,8192,4096,16384,13312,1559.099,1857.112,1542.265,-0.0565
mixed,8,6,0.75,4.0,32,0,128,512,416,159.743,171.295,155.936,-0.3296
mixed,8,6,0.75,4.0,32,0,256,1024,832,201.407,226.272,204.352,0.1184
mixed,8,6,0.75,4.0,32,0,512,2048,1664,292.83,331.392,282.654,-0.2639
mixed,8,6,0.75,4.0,32,0,1024,4096,3328,459.741,537.406,449.856,-0.1273
mixed,8,6,0.75,4.0,32,0,2048,8192,6656,791.485,938.557,781.309,-0.0692
mixed,8,6,0.75,4.0,32,0,4096,16384,13312,1445.21,1752.346,1429.625,-0.0507
mixed,8,6,0.75,4.0,32,512,128,512,416,200.318,216.736,198.048,-0.1383
mixed,8,6,0.75,4.0,32,512,256,1024,832,247.071,271.87,248.35,0.0516
mixed,8,6,0.75,4.0,32,512,512,2048,1664,339.647,377.246,327.998,-0.3098
mixed,8,6,0.75,4.0,32,512,1024,4096,3328,506.912,583.678,496.222,-0.1393
mixed,8,6,0.75,4.0,32,512,2048,8192,6656,832.956,984.447,833.949,0.0066
mixed,8,6,0.75,4.0,32,512,4096,16384,13312,1496.249,1796.697,1477.34,-0.0629
mixed,8,6,0.75,4.0,32,1024,128,512,416,208.832,225.31,206.334,-0.1516
mixed,8,6,0.75,4.0,32,1024,256,1024,832,254.529,281.376,258.016,0.1299
mixed,8,6,0.75,4.0,32,1024,512,2048,1664,346.814,384.958,338.047,-0.2298
mixed,8,6,0.75,4.0,32,1024,1024,4096,3328,514.493,591.935,504.414,-0.1301
mixed,8,6,0.75,4.0,32,1024,2048,8192,6656,842.94,995.197,836.444,-0.0427
mixed,8,6,0.75,4.0,32,1024,4096,16384,13312,1500.923,1804.09,1481.498,-0.0641
mixed,8,6,0.75,4.0,32,2048,128,512,416,222.527,239.422,221.433,-0.0648
mixed,8,6,0.75,4.0,32,2048,256,1024,832,269.76,295.328,271.328,0.0613
mixed,8,6,0.75,4.0,32,2048,512,2048,1664,360.351,401.437,351.71,-0.2103
mixed,8,6,0.75,4.0,32,2048,1024,4096,3328,529.599,607.582,519.804,-0.1256
mixed,8,6,0.75,4.0,32,2048,2048,8192,6656,856.348,1007.483,855.228,-0.0074
mixed,8,6,0.75,4.0,32,2048,4096,16384,13312,1513.819,1822.458,1500.378,-0.0435
mixed,8,6,0.75,4.0,32,4096,128,512,416,314.751,331.614,314.688,-0.0037
mixed,8,6,0.75,4.0,32,4096,256,1024,832,363.424,384.733,362.88,-0.0255
mixed,8,6,0.75,4.0,32,4096,512,2048,1664,451.838,487.295,440.317,-0.3249
mixed,8,6,0.75,4.0,32,4096,1024,4096,3328,617.47,691.934,609.695,-0.1044
mixed,8,6,0.75,4.0,32,4096,2048,8192,6656,946.491,1101.564,938.395,-0.0522
mixed,8,6,0.75,4.0,32,4096,4096,16384,13312,1603.995,1907.771,1588.761,-0.0501
mixed,8,6,0.75,4.0,32,8192,128,512,416,419.454,438.747,420.284,0.043
mixed,8,6,0.75,4.0,32,8192,256,1024,832,468.319,493.792,469.405,0.0426
mixed,8,6,0.75,4.0,32,8192,512,2048,1664,559.39,594.878,549.02,-0.2922
mixed,8,6,0.75,4.0,32,8192,1024,4096,3328,727.23,799.389,716.126,-0.1539
mixed,8,6,0.75,4.0,32,8192,2048,8192,6656,1054.43,1204.603,1045.821,-0.0573
mixed,8,6,0.75,4.0,32,8192,4096,16384,13312,1716.826,2013.21,1692.284,-0.0828
mixed,8,6,0.75,4.0,64,0,128,512,416,165.694,181.728,165.887,0.012
mixed,8,6,0.75,4.0,64,0,256,1024,832,209.566,237.695,214.335,0.1695
mixed,8,6,0.75,4.0,64,0,512,2048,1664,300.702,341.6,291.488,-0.2253
mixed,8,6,0.75,4.0,64,0,1024,4096,3328,467.615,544.67,460.412,-0.0935
mixed,8,6,0.75,4.0,64,0,2048,8192,6656,799.58,955.485,794.333,-0.0337
mixed,8,6,0.75,4.0,64,0,4096,16384,13312,1457.374,1757.18,1438.875,-0.0617
mixed,8,6,0.75,4.0,64,512,128,512,416,220.191,238.273,219.55,-0.0354
mixed,8,6,0.75,4.0,64,512,256,1024,832,268.639,293.023,269.632,0.0407
mixed,8,6,0.75,4.0,64,512,512,2048,1664,362.754,401.502,352.321,-0.2693
mixed,8,6,0.75,4.0,64,512,1024,4096,3328,529.756,605.149,519.356,-0.1379
mixed,8,6,0.75,4.0,64,512,2048,8192,6656,856.86,1005.853,851.836,-0.0337
mixed,8,6,0.75,4.0,64,512,4096,16384,13312,1517.337,1816.859,1500.507,-0.0562
mixed,8,6,0.75,4.0,64,1024,128,512,416,281.887,298.719,278.494,-0.2016
mixed,8,6,0.75,4.0,64,1024,256,1024,832,326.303,355.263,329.952,0.126
mixed,8,6,0.75,4.0,64,1024,512,2048,1664,420.031,460.702,410.271,-0.24
mixed,8,6,0.75,4.0,64,1024,1024,4096,3328,586.303,663.167,579.646,-0.0866
mixed,8,6,0.75,4.0,64,1024,2048,8192,6656,921.853,1065.274,915.996,-0.0408
mixed,8,6,0.75,4.0,64,1024,4096,16384,13312,1572.796,1883.191,1556.506,-0.0525
mixed,8,6,0.75,4.0,64,2048,128,512,416,319.36,334.59,319.133,-0.0149
mixed,8,6,0.75,4.0,64,2048,256,1024,832,366.079,390.75,369.788,0.1503
mixed,8,6,0.75,4.0,64,2048,512,2048,1664,457.503,494.238,447.455,-0.2735
mixed,8,6,0.75,4.0,64,2048,1024,4096,3328,620.48,700.479,616.634,-0.0481
mixed,8,6,0.75,4.0,64,2048,2048,8192,6656,955.962,1103.995,942.14,-0.0934
mixed,8,6,0.75,4.0,64,2048,4096,16384,13312,1609.499,1915.128,1593.432,-0.0526
mixed,8,6,0.75,4.0,64,4096,128,512,416,421.757,439.168,421.407,-0.0201
mixed,8,6,0.75,4.0,64,4096,256,1024,832,472.222,491.905,471.167,-0.0536
mixed,8,6,0.75,4.0,64,4096,512,2048,1664,557.631,595.868,552.286,-0.1398
mixed,8,6,0.75,4.0,64,4096,1024,4096,3328,722.109,799.935,716.157,-0.0765
mixed,8,6,0.75,4.0,64,4096,2048,8192,6656,1053.179,1202.907,1046.141,-0.047
mixed,8,6,0.75,4.0,64,4096,4096,16384,13312,1710.042,2018.233,1694.01,-0.052
mixed,8,6,0.75,4.0,64,8192,128,512,416,629.117,645.82,627.453,-0.0996
mixed,8,6,0.75,4.0,64,8192,256,1024,832,675.805,701.949,675.677,-0.0049
mixed,8,6,0.75,4.0,64,8192,512,2048,1664,763.485,803.133,751.868,-0.293
mixed,8,6,0.75,4.0,64,8192,1024,4096,3328,926.204,1005.435,922.173,-0.0509
mixed,8,6,0.75,4.0,64,8192,2048,8192,6656,1260.858,1408.473,1248.699,-0.0824
mixed,8,6,0.75,4.0,64,8192,4096,16384,13312,1913.787,2218.103,1898.743,-0.0494
mixed,8,6,0.75,4.0,128,0,128,512,416,184.321,200.833,182.913,-0.0853
mixed,8,6,0.75,4.0,128,0,256,1024,832,229.504,256.799,232.542,0.1113
mixed,8,6,0.75,4.0,128,0,512,2048,1664,323.583,362.078,312.415,-0.2901
mixed,8,6,0.75,4.0,128,0,1024,4096,3328,489.758,566.526,481.853,-0.103
mixed,8,6,0.75,4.0,128,0,2048,8192,6656,819.163,974.461,811.771,-0.0476
mixed,8,6,0.75,4.0,128,0,4096,16384,13312,1477.436,1777.946,1455.29,-0.0737
mixed,8,6,0.75,4.0,128,512,128,512,416,314.751,333.568,314.367,-0.0204
mixed,8,6,0.75,4.0,128,512,256,1024,832,362.048,389.631,364.095,0.0742
mixed,8,6,0.75,4.0,128,512,512,2048,1664,457.373,492.637,445.598,-0.3339
mixed,8,6,0.75,4.0,128,512,1024,4096,3328,623.006,695.676,613.339,-0.133
mixed,8,6,0.75,4.0,128,512,2048,8192,6656,952.638,1102.203,945.276,-0.0492
mixed,8,6,0.75,4.0,128,512,4096,16384,13312,1609.624,1914.84,1597.147,-0.0409
mixed,8,6,0.75,4.0,128,1024,128,512,416,382.174,399.836,381.566,-0.0344
mixed,8,6,0.75,4.0,128,1024,256,1024,832,430.302,453.535,429.022,-0.0551
mixed,8,6,0.75,4.0,128,1024,512,2048,1664,520.318,556.827,509.983,-0.2831
mixed,8,6,0.75,4.0,128,1024,1024,4096,3328,686.875,760.956,681.917,-0.0669
mixed,8,6,0.75,4.0,128,1024,2048,8192,6656,1012.956,1169.82,1008.189,-0.0304
mixed,8,6,0.75,4.0,128,1024,4096,16384,13312,1676.058,1977.11,1658.554,-0.0581
mixed,8,6,0.75,4.0,128,2048,128,512,416,483.42,498.336,480.221,-0.2145
mixed,8,6,0.75,4.0,128,2048,256,1024,832,527.646,553.309,529.342,0.0661
mixed,8,6,0.75,4.0,128,2048,512,2048,1664,618.491,655.678,607.292,-0.3012
mixed,8,6,0.75,4.0,128,2048,1024,4096,3328,781.053,854.845,775.132,-0.0802
mixed,8,6,0.75,4.0,128,2048,2048,8192,6656,1113.407,1262.172,1100.828,-0.0846
mixed,8,6,0.75,4.0,128,2048,4096,16384,13312,1771.929,2072.503,1750.201,-0.0723
mixed,8,6,0.75,4.0,128,4096,128,512,416,683.389,699.006,680.349,-0.1947
mixed,8,6,0.75,4.0,128,4096,256,1024,832,731.516,755.516,730.781,-0.0306
mixed,8,6,0.75,4.0,128,4096,512,2048,1664,819.099,855.902,809.53,-0.26
mixed,8,6,0.75,4.0,128,4096,1024,4096,3328,983.131,1060.317,973.533,-0.1243
mixed,8,6,0.75,4.0,128,4096,2048,8192,6656,1314.938,1461.974,1304.955,-0.0679
mixed,8,6,0.75,4.0,128,4096,4096,16384,13312,1975.32,2280.375,1954.426,-0.0685
mixed,8,6,0.75,4.0,128,8192,128,512,416,1078.393,1096.251,1076.764,-0.0912
mixed,8,6,0.75,4.0,128,8192,256,1024,832,1126.684,1151.321,1127.45,0.0311
mixed,8,6,0.75,4.0,128,8192,512,2048,1664,1215.899,1249.881,1207.836,-0.2373
mixed,8,6,0.75,4.0,128,8192,1024,4096,3328,1378.33,1458.108,1370.588,-0.097
mixed,8,6,0.75,4.0,128,8192,2048,8192,6656,1708.505,1861.818,1700.346,-0.0532
mixed,8,6,0.75,4.0,128,8192,4096,16384,13312,2364.537,2671.734,2345.303,-0.0626
mixed,8,6,0.75,4.0,256,0,128,512,416,304.956,324.191,302.176,-0.1445
mixed,8,6,0.75,4.0,256,0,256,1024,832,353.47,376.896,353.919,0.0192
mixed,8,6,0.75,4.0,256,0,512,2048,1664,443.966,480.478,432.542,-0.3129
mixed,8,6,0.75,4.0,256,0,1024,4096,3328,610.591,688.96,602.074,-0.1087
mixed,8,6,0.75,4.0,256,0,2048,8192,6656,939.196,1093.053,937.563,-0.0106
mixed,8,6,0.75,4.0,256,0,4096,16384,13312,1596.315,1903.768,1576.505,-0.0644
mixed,8,6,0.75,4.0,256,512,128,512,416,437.022,454.688,435.038,-0.1123
mixed,8,6,0.75,4.0,256,512,256,1024,832,481.085,509.18,482.143,0.0377
mixed,8,6,0.75,4.0,256,512,512,2048,1664,573.44,612.317,566.14,-0.1878
mixed,8,6,0.75,4.0,256,512,1024,4096,3328,743.645,815.005,728.604,-0.2108
mixed,8,6,0.75,4.0,256,512,2048,8192,6656,1062.654,1216.248,1061.146,-0.0098
mixed,8,6,0.75,4.0,256,512,4096,16384,13312,1722.201,2024.984,1708.377,-0.0457
mixed,8,6,0.75,4.0,256,1024,128,512,416,534.848,551.004,534.493,-0.022
mixed,8,6,0.75,4.0,256,1024,256,1024,832,581.47,606.749,583.197,0.0683
mixed,8,6,0.75,4.0,256,1024,512,2048,1664,670.815,706.398,660.35,-0.2941
mixed,8,6,0.75,4.0,256,1024,1024,4096,3328,836.124,905.883,825.085,-0.1582
mixed,8,6,0.75,4.0,256,1024,2048,8192,6656,1162.364,1317.114,1156.093,-0.0405
mixed,8,6,0.75,4.0,256,1024,4096,16384,13312,1817.209,2126.711,1801.303,-0.0514
mixed,8,6,0.75,4.0,256,2048,128,512,416,729.695,744.061,730.333,0.0444
mixed,8,6,0.75,4.0,256,2048,256,1024,832,777.498,802.524,779.743,0.0897
mixed,8,6,0.75,4.0,256,2048,512,2048,1664,865.497,901.212,855.614,-0.2767
mixed,8,6,0.75,4.0,256,2048,1024,4096,3328,1030.717,1109.082,1022.717,-0.1021
mixed,8,6,0.75,4.0,256,2048,2048,8192,6656,1354.553,1509.882,1356.029,0.0095
mixed,8,6,0.75,4.0,256,2048,4096,16384,13312,2021.72,2327.894,2001.144,-0.0672
mixed,8,6,0.75,4.0,256,4096,128,512,416,1129.789,1146.844,1127.738,-0.1203
mixed,8,6,0.75,4.0,256,4096,256,1024,832,1177.114,1201.275,1177.311,0.0082
mixed,8,6,0.75,4.0,256,4096,512,2048,1664,1263.194,1304.696,1254.939,-0.1989
mixed,8,6,0.75,4.0,256,4096,1024,4096,3328,1427.738,1506.777,1419.963,-0.0984
mixed,8,6,0.75,4.0,256,4096,2048,8192,6656,1761.687,1907.864,1752.154,-0.0652
mixed,8,6,0.75,4.0,256,4096,4096,16384,13312,2410.615,2716.628,2394.517,-0.0526
mixed,8,6,0.75,4.0,256,8192,128,512,416,1920.729,1930.583,1914.326,-0.6498
mixed,8,6,0.75,4.0,256,8192,256,1024,832,1965.108,1987.445,1965.879,0.0345
mixed,8,6,0.75,4.0,256,8192,512,2048,1664,2052.918,2088.311,2040.119,-0.3616
mixed,8,6,0.75,4.0,256,8192,1024,4096,3328,2215.35,2297.591,2209.622,-0.0696
mixed,8,6,0.75,4.0,256,8192,2048,8192,6656,2544.216,2695.475,2538.741,-0.0362
mixed,8,6,0.75,4.0,256,8192,4096,16384,13312,3204.34,3508.179,3183.346,-0.0691
mixed,8,6,0.75,4.0,512,0,128,512,416,576.029,593.245,574.398,-0.0947
mixed,8,6,0.75,4.0,512,0,256,1024,832,618.91,650.302,622.491,0.1141
mixed,8,6,0.75,4.0,512,0,512,2048,1664,712.828,746.238,703.677,-0.2739
mixed,8,6,0.75,4.0,512,0,1024,4096,3328,876.796,949.052,867.325,-0.1311
mixed,8,6,0.75,4.0,512,0,2048,8192,6656,1203.099,1353.467,1194.489,-0.0573
mixed,8,6,0.75,4.0,512,0,4096,16384,13312,1867.448,2160.791,1843.834,-0.0805
mixed,8,6,0.75,4.0,512,512,128,512,416,794.268,811.932,795.068,0.0453
mixed,8,6,0.75,4.0,512,512,256,1024,832,841.085,865.022,843.196,0.0882
mixed,8,6,0.75,4.0,512,512,512,2048,1664,928.315,967.741,922.239,-0.1541
mixed,8,6,0.75,4.0,512,512,1024,4096,3328,1093.148,1170.811,1084.954,-0.1055
mixed,8,6,0.75,4.0,512,512,2048,8192,6656,1424.186,1573.21,1418.522,-0.038
mixed,8,6,0.75,4.0,512,512,4096,16384,13312,2083.352,2388.376,2060.631,-0.0745
mixed,8,6,0.75,4.0,512,1024,128,512,416,992.89,1007.164,992.477,-0.0289
mixed,8,6,0.75,4.0,512,1024,256,1024,832,1038.012,1064.219,1041.532,0.1343
mixed,8,6,0.75,4.0,512,1024,512,2048,1664,1127.324,1165.115,1117.66,-0.2557
mixed,8,6,0.75,4.0,512,1024,1024,4096,3328,1291.033,1367.897,1281.914,-0.1186
mixed,8,6,0.75,4.0,512,1024,2048,8192,6656,1617.625,1773.529,1616.602,-0.0066
mixed,8,6,0.75,4.0,512,1024,4096,16384,13312,2284.566,2579.99,2255.352,-0.0989
mixed,8,6,0.75,4.0,512,2048,128,512,416,1384.475,1400.765,1383.931,-0.0334
mixed,8,6,0.75,4.0,512,2048,256,1024,832,1430.202,1459.995,1433.435,0.1085
mixed,8,6,0.75,4.0,512,2048,512,2048,1664,1519.865,1555.513,1511.353,-0.2388
mixed,8,6,0.75,4.0,512,2048,1024,4096,3328,1682.137,1760.856,1676.219,-0.0752
mixed,8,6,0.75,4.0,512,2048,2048,8192,6656,2014.709,2164.026,2005.368,-0.0626
mixed,8,6,0.75,4.0,512,2048,4096,16384,13312,2672.916,2979.572,2652.213,-0.0675
mixed,8,6,0.75,4.0,512,4096,128,512,416,2174.714,2192.248,2174.071,-0.0367
mixed,8,6,0.75,4.0,512,4096,256,1024,832,2221.049,2247.991,2219.289,-0.0653
mixed,8,6,0.75,4.0,512,4096,512,2048,1664,2314.644,2345.974,2298.296,-0.5218
mixed,8,6,0.75,4.0,512,4096,1024,4096,3328,2470.774,2544.981,2463.959,-0.0918
mixed,8,6,0.75,4.0,512,4096,2048,8192,6656,2802.675,2954.033,2795.731,-0.0459
mixed,8,6,0.75,4.0,512,4096,4096,16384,13312,3456.309,3760.341,3438.45,-0.0587
mixed,8,6,0.75,4.0,512,8192,128,512,416,3755.92,3769.327,3755.886,-0.0025
mixed,8,6,0.75,4.0,512,8192,256,1024,832,3804.912,3826.961,3795.888,-0.4093
mixed,8,6,0.75,4.0,512,8192,512,2048,1664,3881.425,3928.88,3883.921,0.0526
mixed,8,6,0.75,4.0,512,8192,1024,4096,3328,4052.462,4124.463,4052.879,0.0058
mixed,8,6,0.75,4.0,512,8192,2048,8192,6656,4378.254,4539.597,4373.966,-0.0266
mixed,8,6,0.75,4.0,512,8192,4096,16384,13312,5030.253,5341.038,5026.254,-0.0129
mixed,8,6,0.75,4.0,1024,0,128,512,416,904.444,921.115,903.387,-0.0634
mixed,8,6,0.75,4.0,1024,0,256,1024,832,952.089,975.036,954.462,0.1034
mixed,8,6,0.75,4.0,1024,0,512,2048,1664,1039.546,1079.93,1033.084,-0.16
mixed,8,6,0.75,4.0,1024,0,1024,4096,3328,1212.38,1283.771,1201.082,-0.1583
mixed,8,6,0.75,4.0,1024,0,2048,8192,6656,1533.787,1687.447,1529.754,-0.0262
mixed,8,6,0.75,4.0,1024,0,4096,16384,13312,2196.631,2500.31,2180.919,-0.0517
mixed,8,6,0.75,4.0,1024,512,128,512,416,1372.026,1390.842,1371.9,-0.0067
mixed,8,6,0.75,4.0,1024,512,256,1024,832,1422.68,1445.466,1419.13,-0.1558
mixed,8,6,0.75,4.0,1024,512,512,2048,1664,1507.802,1548.089,1499.032,-0.2177
mixed,8,6,0.75,4.0,1024,512,1024,4096,3328,1679.897,1757.145,1669.658,-0.1325
mixed,8,6,0.75,4.0,1024,512,2048,8192,6656,2006.04,2162.741,2002.393,-0.0233
mixed,8,6,0.75,4.0,1024,512,4096,16384,13312,2661.429,2967.348,2648.98,-0.0407
mixed,8,6,0.75,4.0,1024,1024,128,512,416,1765.207,1785.048,1763.769,-0.0725
mixed,8,6,0.75,4.0,1024,1024,256,1024,832,1814.712,1837.301,1817.079,0.1048
mixed,8,6,0.75,4.0,1024,1024,512,2048,1664,1902.968,1939.703,1892.184,-0.2936
mixed,8,6,0.75,4.0,1024,1024,1024,4096,3328,2067.0,2147.288,2062.809,-0.0522
mixed,8,6,0.75,4.0,1024,1024,2048,8192,6656,2397.239,2550.677,2399.288,0.0134
mixed,8,6,0.75,4.0,1024,1024,4096,16384,13312,3057.78,3361.969,3039.986,-0.0585
mixed,8,6,0.75,4.0,1024,2048,128,512,416,2546.904,2566.197,2545.719,-0.0614
mixed,8,6,0.75,4.0,1024,2048,256,1024,832,2596.019,2620.63,2594.037,-0.0805
mixed,8,6,0.75,4.0,1024,2048,512,2048,1664,2683.094,2720.437,2672.339,-0.288
mixed,8,6,0.75,4.0,1024,2048,1024,4096,3328,2850.389,2925.846,2843.925,-0.0857
mixed,8,6,0.75,4.0,1024,2048,2048,8192,6656,3182.705,3336.145,3171.252,-0.0746
mixed,8,6,0.75,4.0,1024,2048,4096,16384,13312,3837.52,4140.144,3824.08,-0.0444
mixed,8,6,0.75,4.0,1024,4096,128,512,416,4151.215,4156.786,4149.871,-0.2412
mixed,8,6,0.75,4.0,1024,4096,256,1024,832,4203.661,4195.919,4211.373,
mixed,8,6,0.75,4.0,1024,4096,512,2048,1664,4261.645,4336.588,4290.739,0.3882
mixed,8,6,0.75,4.0,1024,4096,1024,4096,3328,4432.331,4514.574,4456.621,0.2953
mixed,8,6,0.75,4.0,1024,4096,2048,8192,6656,4793.867,4941.259,4788.171,-0.0386
mixed,8,6,0.75,4.0,1024,4096,4096,16384,13312,5444.815,5750.088,5429.899,-0.0489
mixed,8,6,0.75,4.0,1024,8192,128,512,416,7308.416,7330.338,7312.512,0.1868
mixed,8,6,0.75,4.0,1024,8192,256,1024,832,7336.32,7386.371,7367.079,0.6146
mixed,8,6,0.75,4.0,1024,8192,512,2048,1664,7449.026,7492.767,7445.666,-0.0768
mixed,8,6,0.75,4.0,1024,8192,1024,4096,3328,7617.436,7666.69,7603.429,-0.2844
mixed,8,6,0.75,4.0,1024,8192,2048,8192,6656,7947.424,8092.61,7940.415,-0.0483
mixed,8,6,0.75,4.0,1024,8192,4096,16384,13312,8577.597,8909.185,8581.952,0.0131
mixed,8,6,0.75,4.0,2048,0,128,512,416,2384.054,2401.079,2376.248,-0.4585
mixed,8,6,0.75,4.0,2048,0,256,1024,832,2429.463,2449.943,2429.814,0.0171
mixed,8,6,0.75,4.0,2048,0,512,2048,1664,2516.692,2560.82,2511.989,-0.1066
mixed,8,6,0.75,4.0,2048,0,1024,4096,3328,2688.597,2761.495,2680.823,-0.1066
mixed,8,6,0.75,4.0,2048,0,2048,8192,6656,3021.49,3167.157,3006.742,-0.1012
mixed,8,6,0.75,4.0,2048,0,4096,16384,13312,3679.346,3975.795,3651.857,-0.0927
mixed,8,6,0.75,4.0,2048,512,128,512,416,3222.101,3242.195,3234.038,0.5941
mixed,8,6,0.75,4.0,2048,512,256,1024,832,3276.627,3298.356,3279.922,0.1516
mixed,8,6,0.75,4.0,2048,512,512,2048,1664,3367.924,3400.783,3356.787,-0.3389
mixed,8,6,0.75,4.0,2048,512,1024,4096,3328,3535.731,3608.5,3530.035,-0.0783
mixed,8,6,0.75,4.0,2048,512,2048,8192,6656,3870.704,4014.513,3851.6,-0.1328
mixed,8,6,0.75,4.0,2048,512,4096,16384,13312,4522.413,4829.359,4501.358,-0.0686
mixed,8,6,0.75,4.0,2048,1024,128,512,416,4067.952,4088.945,4063.152,-0.2286
mixed,8,6,0.75,4.0,2048,1024,256,1024,832,4119.472,4127.663,4119.25,-0.0271
mixed,8,6,0.75,4.0,2048,1024,512,2048,1664,4203.793,4242.705,4189.516,-0.3669
mixed,8,6,0.75,4.0,2048,1024,1024,4096,3328,4374.414,4446.257,4365.934,-0.118
mixed,8,6,0.75,4.0,2048,1024,2048,8192,6656,4706.254,4858.638,4698.479,-0.051
mixed,8,6,0.75,4.0,2048,1024,4096,16384,13312,5356.395,5671.592,5339.564,-0.0534
mixed,8,6,0.75,4.0,2048,2048,128,512,416,5733.449,5757.899,5725.483,-0.3258
mixed,8,6,0.75,4.0,2048,2048,256,1024,832,5762.632,5790.955,5760.841,-0.0632
mixed,8,6,0.75,4.0,2048,2048,512,2048,1664,5851.53,5919.883,5844.714,-0.0997
mixed,8,6,0.75,4.0,2048,2048,1024,4096,3328,6025.865,6097.993,6018.987,-0.0954
mixed,8,6,0.75,4.0,2048,2048,2048,8192,6656,6363.113,6518.693,6350.855,-0.0788
mixed,8,6,0.75,4.0,2048,2048,4096,16384,13312,7014.377,7330.725,6985.351,-0.0918
mixed,8,6,0.75,4.0,2048,4096,128,512,416,8939.106,8947.712,8936.349,-0.3204
mixed,8,6,0.75,4.0,2048,4096,256,1024,832,8976.127,9015.426,8972.189,-0.1002
mixed,8,6,0.75,4.0,2048,4096,512,2048,1664,9075.899,9086.877,9045.276,-2.7895
mixed,8,6,0.75,4.0,2048,4096,1024,4096,3328,9217.501,9327.774,9241.883,0.2211
mixed,8,6,0.75,4.0,2048,4096,2048,8192,6656,9578.268,9744.566,9556.63,-0.1301
mixed,8,6,0.75,4.0,2048,4096,4096,16384,13312,10234.387,10540.727,10225.241,-0.0299
mixed,8,6,0.75,4.0,2048,8192,128,512,416,15252.517,15238.688,15228.389,
mixed,8,6,0.75,4.0,2048,8192,256,1024,832,15256.167,15300.321,15307.426,1.1609
mixed,8,6,0.75,4.0,2048,8192,512,2048,1664,15368.963,15419.518,15349.891,-0.3773
mixed,8,6,0.75,4.0,2048,8192,1024,4096,3328,15555.393,15631.488,15537.855,-0.2305
mixed,8,6,0.75,4.0,2048,8192,2048,8192,6656,15865.793,16005.532,15854.403,-0.0815
mixed,8,6,0.75,4.0,2048,8192,4096,16384,13312,16510.88,16834.85,16468.288,-0.1315
pure,8,7,0.875,4.0,0,0,128,512,464,101.472,113.92,110.816,0.7506
pure,8,7,0.875,4.0,0,0,256,1024,928,155.486,166.945,165.279,0.8546
pure,8,7,0.875,4.0,0,0,512,2048,1856,250.718,273.693,269.856,0.833
pure,8,7,0.875,4.0,0,0,1024,4096,3712,442.718,479.452,472.509,0.811
pure,8,7,0.875,4.0,0,0,2048,8192,7424,813.149,885.852,877.118,0.8799
pure,8,7,0.875,4.0,0,0,4096,16384,14848,1544.762,1694.167,1675.162,0.8728
mixed,8,7,0.875,4.0,16,0,128,512,464,124.096,136.799,135.198,0.874
mixed,8,7,0.875,4.0,16,0,256,1024,928,176.448,188.861,187.937,0.9256
mixed,8,7,0.875,4.0,16,0,512,2048,1856,272.382,292.832,291.615,0.9405
mixed,8,7,0.875,4.0,16,0,1024,4096,3712,463.103,499.678,493.277,0.825
mixed,8,7,0.875,4.0,16,0,2048,8192,7424,829.307,907.644,895.292,0.8423
mixed,8,7,0.875,4.0,16,0,4096,16384,14848,1562.36,1717.531,1698.711,0.8787
mixed,8,7,0.875,4.0,16,512,128,512,464,164.031,177.183,176.893,0.978
mixed,8,7,0.875,4.0,16,512,256,1024,928,220.318,231.326,226.912,0.599
mixed,8,7,0.875,4.0,16,512,512,2048,1856,312.544,337.471,332.86,0.815
mixed,8,7,0.875,4.0,16,512,1024,4096,3712,503.387,541.566,536.544,0.8685
mixed,8,7,0.875,4.0,16,512,2048,8192,7424,875.293,951.13,937.658,0.8224
mixed,8,7,0.875,4.0,16,512,4096,16384,14848,1599.674,1755.896,1741.945,0.9107
mixed,8,7,0.875,4.0,16,1024,128,512,464,168.989,184.863,180.0,0.6936
mixed,8,7,0.875,4.0,16,1024,256,1024,928,226.784,238.398,233.564,0.5838
mixed,8,7,0.875,4.0,16,1024,512,2048,1856,321.601,345.534,338.173,0.6924
mixed,8,7,0.875,4.0,16,1024,1024,4096,3712,507.422,549.28,539.775,0.7729
mixed,8,7,0.875,4.0,16,1024,2048,8192,7424,884.795,953.722,943.196,0.8473
mixed,8,7,0.875,4.0,16,1024,4096,16384,14848,1617.431,1759.514,1744.697,0.8957
mixed,8,7,0.875,4.0,16,2048,128,512,464,178.048,191.166,185.982,0.6048
mixed,8,7,0.875,4.0,16,2048,256,1024,928,234.688,245.343,241.151,0.6066
mixed,8,7,0.875,4.0,16,2048,512,2048,1856,326.915,350.46,343.423,0.7011
mixed,8,7,0.875,4.0,16,2048,1024,4096,3712,518.875,557.95,544.191,0.6479
mixed,8,7,0.875,4.0,16,2048,2048,8192,7424,888.508,962.175,956.923,0.9287
mixed,8,7,0.875,4.0,16,2048,4096,16384,14848,1626.552,1771.674,1754.007,0.8783
mixed,8,7,0.875,4.0,16,4096,128,512,464,211.743,226.304,221.376,0.6616
mixed,8,7,0.875,4.0,16,4096,256,1024,928,268.508,283.71,277.439,0.5875
mixed,8,7,0.875,4.0,16,4096,512,2048,1856,361.052,388.031,380.96,0.7379
mixed,8,7,0.875,4.0,16,4096,1024,4096,3712,558.623,595.838,587.26,0.7695
mixed,8,7,0.875,4.0,16,4096,2048,8192,7424,924.412,995.805,987.614,0.8853
mixed,8,7,0.875,4.0,16,4096,4096,16384,14848,1654.424,1812.023,1794.009,0.8857
mixed,8,7,0.875,4.0,16,8192,128,512,464,267.007,280.032,274.526,0.5773
mixed,8,7,0.875,4.0,16,8192,256,1024,928,323.329,335.679,333.28,0.8057
mixed,8,7,0.875,4.0,16,8192,512,2048,1856,419.294,441.212,433.984,0.6702
mixed,8,7,0.875,4.0,16,8192,1024,4096,3712,610.044,649.213,637.148,0.692
mixed,8,7,0.875,4.0,16,8192,2048,8192,7424,974.718,1050.489,1039.227,0.8514
mixed,8,7,0.875,4.0,16,8192,4096,16384,14848,1713.53,1858.521,1844.919,0.9062
mixed,8,7,0.875,4.0,32,0,128,512,464,159.388,170.209,168.031,0.7987
mixed,8,7,0.875,4.0,32,0,256,1024,928,214.88,226.816,222.654,0.6513
mixed,8,7,0.875,4.0,32,0,512,2048,1856,307.358,330.974,327.71,0.8618
mixed,8,7,0.875,4.0,32,0,1024,4096,3712,499.964,535.264,532.701,0.9274
mixed,8,7,0.875,4.0,32,0,2048,8192,7424,865.085,947.356,931.29,0.8047
mixed,8,7,0.875,4.0,32,0,4096,16384,14848,1603.162,1752.729,1742.393,0.9309
mixed,8,7,0.875,4.0,32,512,128,512,464,201.889,215.36,213.185,0.8385
mixed,8,7,0.875,4.0,32,512,256,1024,928,258.589,271.484,268.318,0.7545
mixed,8,7,0.875,4.0,32,512,512,2048,1856,352.574,376.06,372.605,0.8529
mixed,8,7,0.875,4.0,32,512,1024,4096,3712,545.757,586.907,577.31,0.7668
mixed,8,7,0.875,4.0,32,512,2048,8192,7424,916.35,986.461,977.404,0.8708
mixed,8,7,0.875,4.0,32,512,4096,16384,14848,1642.486,1799.191,1775.126,0.8464
mixed,8,7,0.875,4.0,32,1024,128,512,464,210.879,225.184,221.661,0.7537
mixed,8,7,0.875,4.0,32,1024,256,1024,928,269.055,279.744,274.175,0.479
mixed,8,7,0.875,4.0,32,1024,512,2048,1856,359.775,382.623,382.045,0.9747
mixed,8,7,0.875,4.0,32,1024,1024,4096,3712,556.123,590.267,580.605,0.717
mixed,8,7,0.875,4.0,32,1024,2048,8192,7424,917.915,999.1,985.786,0.836
mixed,8,7,0.875,4.0,32,1024,4096,16384,14848,1658.233,1806.905,1788.439,0.8758
mixed,8,7,0.875,4.0,32,2048,128,512,464,226.399,237.215,233.054,0.6153
mixed,8,7,0.875,4.0,32,2048,256,1024,928,284.224,297.888,290.753,0.4778
mixed,8,7,0.875,4.0,32,2048,512,2048,1856,378.239,400.383,394.654,0.7413
mixed,8,7,0.875,4.0,32,2048,1024,4096,3712,568.863,606.012,600.287,0.8459
mixed,8,7,0.875,4.0,32,2048,2048,8192,7424,934.843,1009.531,998.429,0.8514
mixed,8,7,0.875,4.0,32,2048,4096,16384,14848,1667.066,1823.83,1805.05,0.8802
mixed,8,7,0.875,4.0,32,4096,128,512,464,319.679,329.276,327.484,0.8133
mixed,8,7,0.875,4.0,32,4096,256,1024,928,377.024,386.59,381.311,0.4481
mixed,8,7,0.875,4.0,32,4096,512,2048,1856,465.884,488.127,483.966,0.8129
mixed,8,7,0.875,4.0,32,4096,1024,4096,3712,657.18,694.94,686.814,0.7848
mixed,8,7,0.875,4.0,32,4096,2048,8192,7424,1029.307,1099.74,1094.268,0.9223
mixed,8,7,0.875,4.0,32,4096,4096,16384,14848,1754.709,1906.902,1888.825,0.8812
mixed,8,7,0.875,4.0,32,8192,128,512,464,427.998,438.527,434.814,0.6474
mixed,8,7,0.875,4.0,32,8192,256,1024,928,481.95,495.358,487.804,0.4366
mixed,8,7,0.875,4.0,32,8192,512,2048,1856,571.999,596.09,589.823,0.7399
mixed,8,7,0.875,4.0,32,8192,1024,4096,3712,762.876,801.307,793.631,0.8003
mixed,8,7,0.875,4.0,32,8192,2048,8192,7424,1136.443,1209.467,1193.98,0.7879
mixed,8,7,0.875,4.0,32,8192,4096,16384,14848,1863.864,2017.626,2000.758,0.8903
mixed,8,7,0.875,4.0,64,0,128,512,464,165.473,180.318,178.145,0.8536
mixed,8,7,0.875,4.0,64,0,256,1024,928,220.8,236.766,233.631,0.8036
mixed,8,7,0.875,4.0,64,0,512,2048,1856,314.367,340.671,333.727,0.736
mixed,8,7,0.875,4.0,64,0,1024,4096,3712,507.421,544.765,539.356,0.8552
mixed,8,7,0.875,4.0,64,0,2048,8192,7424,875.772,949.501,943.132,0.9136
mixed,8,7,0.875,4.0,64,0,4096,16384,14848,1607.738,1768.345,1747.096,0.8677
mixed,8,7,0.875,4.0,64,512,128,512,464,223.966,238.27,234.109,0.7091
mixed,8,7,0.875,4.0,64,512,256,1024,928,284.286,292.671,289.118,0.5763
mixed,8,7,0.875,4.0,64,512,512,2048,1856,375.326,398.812,389.181,0.5899
mixed,8,7,0.875,4.0,64,512,1024,4096,3712,563.292,607.422,595.839,0.7375
mixed,8,7,0.875,4.0,64,512,2048,8192,7424,935.357,1008.413,998.398,0.8629
mixed,8,7,0.875,4.0,64,512,4096,16384,14848,1668.983,1817.337,1792.95,0.8356
mixed,8,7,0.875,4.0,64,1024,128,512,464,283.934,299.072,292.479,0.5645
mixed,8,7,0.875,4.0,64,1024,256,1024,928,342.556,355.007,349.404,0.55
mixed,8,7,0.875,4.0,64,1024,512,2048,1856,432.638,457.887,452.829,0.7997
mixed,8,7,0.875,4.0,64,1024,1024,4096,3712,626.972,662.716,653.341,0.7377
mixed,8,7,0.875,4.0,64,1024,2048,8192,7424,992.797,1071.483,1056.155,0.8052
mixed,8,7,0.875,4.0,64,1024,4096,16384,14848,1728.026,1879.831,1855.704,0.8411
mixed,8,7,0.875,4.0,64,2048,128,512,464,322.302,336.285,333.409,0.7943
mixed,8,7,0.875,4.0,64,2048,256,1024,928,380.735,393.439,387.517,0.5338
mixed,8,7,0.875,4.0,64,2048,512,2048,1856,474.078,494.971,490.142,0.7689
mixed,8,7,0.875,4.0,64,2048,1024,4096,3712,663.673,700.061,692.861,0.8021
mixed,8,7,0.875,4.0,64,2048,2048,8192,7424,1031.324,1102.648,1094.457,0.8852
mixed,8,7,0.875,4.0,64,2048,4096,16384,14848,1762.872,1917.463,1897.075,0.8681
mixed,8,7,0.875,4.0,64,4096,128,512,464,426.46,437.983,434.173,0.6694
mixed,8,7,0.875,4.0,64,4096,256,1024,928,480.192,496.189,489.02,0.5519
mixed,8,7,0.875,4.0,64,4096,512,2048,1856,575.166,593.628,591.356,0.8769
mixed,8,7,0.875,4.0,64,4096,1024,4096,3712,759.806,800.317,790.778,0.7645
mixed,8,7,0.875,4.0,64,4096,2048,8192,7424,1132.25,1203.162,1191.481,0.8353
mixed,8,7,0.875,4.0,64,4096,4096,16384,14848,1854.743,2019.255,1991.958,0.8341
mixed,8,7,0.875,4.0,64,8192,128,512,464,636.957,646.591,640.028,0.3188
mixed,8,7,0.875,4.0,64,8192,256,1024,928,686.909,698.013,694.397,0.6744
mixed,8,7,0.875,4.0,64,8192,512,2048,1856,778.776,804.251,791.932,0.5164
mixed,8,7,0.875,4.0,64,8192,1024,4096,3712,966.589,999.162,998.588,0.9824
mixed,8,7,0.875,4.0,64,8192,2048,8192,7424,1336.794,1405.082,1397.207,0.8847
mixed,8,7,0.875,4.0,64,8192,4096,16384,14848,2070.23,2215.796,2201.366,0.9009
mixed,8,7,0.875,4.0,128,0,128,512,464,187.103,201.984,197.343,0.6881
mixed,8,7,0.875,4.0,128,0,256,1024,928,243.137,258.427,251.87,0.5712
mixed,8,7,0.875,4.0,128,0,512,2048,1856,338.109,361.854,354.204,0.6778
mixed,8,7,0.875,4.0,128,0,1024,4096,3712,529.595,566.784,556.701,0.7289
mixed,8,7,0.875,4.0,128,0,2048,8192,7424,902.878,972.954,960.7,0.8251
mixed,8,7,0.875,4.0,128,0,4096,16384,14848,1627.415,1779.608,1758.553,0.8617
mixed,8,7,0.875,4.0,128,512,128,512,464,318.974,331.805,327.999,0.7034
mixed,8,7,0.875,4.0,128,512,256,1024,928,374.653,389.279,381.533,0.4704
mixed,8,7,0.875,4.0,128,512,512,2048,1856,470.239,490.01,483.58,0.6748
mixed,8,7,0.875,4.0,128,512,1024,4096,3712,659.547,699.069,688.794,0.74
mixed,8,7,0.875,4.0,128,512,2048,8192,7424,1027.898,1101.501,1088.382,0.8218
mixed,8,7,0.875,4.0,128,512,4096,16384,14848,1763.479,1910.104,1891.224,0.8712
mixed,8,7,0.875,4.0,128,1024,128,512,464,385.086,398.782,396.381,0.8247
mixed,8,7,0.875,4.0,128,1024,256,1024,928,441.533,455.07,446.396,0.3592
mixed,8,7,0.875,4.0,128,1024,512,2048,1856,534.492,558.846,549.18,0.6031
mixed,8,7,0.875,4.0,128,1024,1024,4096,3712,725.082,760.287,753.119,0.7964
mixed,8,7,0.875,4.0,128,1024,2048,8192,7424,1092.506,1164.251,1154.746,0.8675
mixed,8,7,0.875,4.0,128,1024,4096,16384,14848,1836.024,1976.341,1957.046,0.8625
mixed,8,7,0.875,4.0,128,2048,128,512,464,484.765,499.198,494.46,0.6717
mixed,8,7,0.875,4.0,128,2048,256,1024,928,540.959,554.239,546.75,0.4361
mixed,8,7,0.875,4.0,128,2048,512,2048,1856,631.131,654.329,651.132,0.8622
mixed,8,7,0.875,4.0,128,2048,1024,4096,3712,821.788,858.045,848.827,0.7458
mixed,8,7,0.875,4.0,128,2048,2048,8192,7424,1191.065,1265.915,1251.165,0.8029
mixed,8,7,0.875,4.0,128,2048,4096,16384,14848,1923.959,2070.615,2052.82,0.8787
mixed,8,7,0.875,4.0,128,4096,128,512,464,685.727,698.365,694.557,0.6987
mixed,8,7,0.875,4.0,128,4096,256,1024,928,741.822,753.211,747.165,0.4691
mixed,8,7,0.875,4.0,128,4096,512,2048,1856,831.485,854.845,850.173,0.8
mixed,8,7,0.875,4.0,128,4096,1024,4096,3712,1023.035,1058.685,1050.938,0.7827
mixed,8,7,0.875,4.0,128,4096,2048,8192,7424,1388.345,1465.402,1448.539,0.7812
mixed,8,7,0.875,4.0,128,4096,4096,16384,14848,2124.916,2272.373,2254.966,0.882
mixed,8,7,0.875,4.0,128,8192,128,512,464,1081.978,1095.546,1092.73,0.7925
mixed,8,7,0.875,4.0,128,8192,256,1024,928,1138.458,1151.513,1145.497,0.5392
mixed,8,7,0.875,4.0,128,8192,512,2048,1856,1227.964,1252.599,1245.051,0.6936
mixed,8,7,0.875,4.0,128,8192,1024,4096,3712,1418.52,1458.14,1443.608,0.6332
mixed,8,7,0.875,4.0,128,8192,2048,8192,7424,1785.815,1857.274,1843.864,0.8123
mixed,8,7,0.875,4.0,128,8192,4096,16384,14848,2515.638,2667.83,2648.946,0.8759
mixed,8,7,0.875,4.0,256,0,128,512,464,307.264,320.51,317.759,0.7923
mixed,8,7,0.875,4.0,256,0,256,1024,928,364.479,376.796,372.06,0.6155
mixed,8,7,0.875,4.0,256,0,512,2048,1856,456.863,479.87,476.188,0.84
mixed,8,7,0.875,4.0,256,0,1024,4096,3712,648.094,685.789,679.678,0.8379
mixed,8,7,0.875,4.0,256,0,2048,8192,7424,1019.676,1090.716,1082.429,0.8833
mixed,8,7,0.875,4.0,256,0,4096,16384,14848,1758.232,1905.751,1880.696,0.8302
mixed,8,7,0.875,4.0,256,512,128,512,464,439.39,453.536,449.28,0.6991
mixed,8,7,0.875,4.0,256,512,256,1024,928,493.917,506.876,503.263,0.7212
mixed,8,7,0.875,4.0,256,512,512,2048,1856,586.878,609.341,598.812,0.5313
mixed,8,7,0.875,4.0,256,512,1024,4096,3712,776.955,815.485,803.582,0.6911
mixed,8,7,0.875,4.0,256,512,2048,8192,7424,1145.053,1220.089,1208.859,0.8503
mixed,8,7,0.875,4.0,256,512,4096,16384,14848,1881.879,2034.551,2009.367,0.835
mixed,8,7,0.875,4.0,256,1024,128,512,464,537.119,549.374,545.372,0.6734
mixed,8,7,0.875,4.0,256,1024,256,1024,928,592.094,606.078,600.603,0.6085
mixed,8,7,0.875,4.0,256,1024,512,2048,1856,685.566,708.509,701.084,0.6764
mixed,8,7,0.875,4.0,256,1024,1024,4096,3712,878.235,910.268,899.997,0.6794
mixed,8,7,0.875,4.0,256,1024,2048,8192,7424,1238.745,1317.498,1305.369,0.846
mixed,8,7,0.875,4.0,256,1024,4096,16384,14848,1975.96,2126.966,2108.154,0.8754
mixed,8,7,0.875,4.0,256,2048,128,512,464,733.5,746.524,741.243,0.5945
mixed,8,7,0.875,4.0,256,2048,256,1024,928,789.821,800.636,795.096,0.4877
mixed,8,7,0.875,4.0,256,2048,512,2048,1856,879.9,905.05,891.709,0.4695
mixed,8,7,0.875,4.0,256,2048,1024,4096,3712,1073.114,1107.259,1101.18,0.822
mixed,8,7,0.875,4.0,256,2048,2048,8192,7424,1433.946,1508.44,1501.753,0.9102
mixed,8,7,0.875,4.0,256,2048,4096,16384,14848,2169.237,2320.248,2297.877,0.8519
mixed,8,7,0.875,4.0,256,4096,128,512,464,1133.275,1147.191,1139.226,0.4276
mixed,8,7,0.875,4.0,256,4096,256,1024,928,1188.825,1199.547,1194.684,0.5464
mixed,8,7,0.875,4.0,256,4096,512,2048,1856,1276.889,1302.939,1295.515,0.715
mixed,8,7,0.875,4.0,256,4096,1024,4096,3712,1463.769,1502.903,1495.32,0.8062
mixed,8,7,0.875,4.0,256,4096,2048,8192,7424,1835.541,1905.528,1895.066,0.8505
mixed,8,7,0.875,4.0,256,4096,4096,16384,14848,2562.033,2720.148,2695.445,0.8438
mixed,8,7,0.875,4.0,256,8192,128,512,464,1921.46,1933.527,1927.767,0.5227
mixed,8,7,0.875,4.0,256,8192,256,1024,928,1975.86,1987.671,1984.345,0.7184
mixed,8,7,0.875,4.0,256,8192,512,2048,1856,2066.297,2088.277,2081.718,0.7016
mixed,8,7,0.875,4.0,256,8192,1024,4096,3712,2254.935,2294.934,2286.778,0.7961
mixed,8,7,0.875,4.0,256,8192,2048,8192,7424,2624.312,2698.805,2687.381,0.8466
mixed,8,7,0.875,4.0,256,8192,4096,16384,14848,3357.809,3509.46,3488.977,0.8649
mixed,8,7,0.875,4.0,512,0,128,512,464,582.269,592.512,591.614,0.9123
mixed,8,7,0.875,4.0,512,0,256,1024,928,635.485,649.18,642.044,0.4789
mixed,8,7,0.875,4.0,512,0,512,2048,1856,726.876,746.077,740.571,0.7132
mixed,8,7,0.875,4.0,512,0,1024,4096,3712,914.43,956.41,943.58,0.6944
mixed,8,7,0.875,4.0,512,0,2048,8192,7424,1280.347,1353.787,1340.859,0.824
mixed,8,7,0.875,4.0,512,0,4096,16384,14848,2008.792,2170.294,2139.765,0.811
mixed,8,7,0.875,4.0,512,512,128,512,464,798.813,814.202,809.276,0.6799
mixed,8,7,0.875,4.0,512,512,256,1024,928,853.471,864.701,861.435,0.7092
mixed,8,7,0.875,4.0,512,512,512,2048,1856,940.89,968.763,961.789,0.7498
mixed,8,7,0.875,4.0,512,512,1024,4096,3712,1135.484,1172.022,1163.898,0.7777
mixed,8,7,0.875,4.0,512,512,2048,8192,7424,1500.57,1575.8,1566.36,0.8745
mixed,8,7,0.875,4.0,512,512,4096,16384,14848,2233.367,2385.269,2359.828,0.8325
mixed,8,7,0.875,4.0,512,1024,128,512,464,999.671,1010.652,1005.595,0.5395
mixed,8,7,0.875,4.0,512,1024,256,1024,928,1049.564,1063.001,1055.709,0.4573
mixed,8,7,0.875,4.0,512,1024,512,2048,1856,1141.658,1166.618,1156.761,0.6051
mixed,8,7,0.875,4.0,512,1024,1024,4096,3712,1329.434,1370.394,1357.56,0.6867
mixed,8,7,0.875,4.0,512,1024,2048,8192,7424,1697.465,1772.666,1759.769,0.8285
mixed,8,7,0.875,4.0,512,1024,4096,16384,14848,2429.688,2579.989,2564.692,0.8982
mixed,8,7,0.875,4.0,512,2048,128,512,464,1390.906,1403.001,1397.881,0.5767
mixed,8,7,0.875,4.0,512,2048,256,1024,928,1445.019,1455.832,1454.553,0.8817
mixed,8,7,0.875,4.0,512,2048,512,2048,1856,1536.152,1562.295,1551.995,0.606
mixed,8,7,0.875,4.0,512,2048,1024,4096,3712,1723.256,1758.679,1751.448,0.7959
mixed,8,7,0.875,4.0,512,2048,2048,8192,7424,2086.036,2166.709,2149.561,0.7874
mixed,8,7,0.875,4.0,512,2048,4096,16384,14848,2819.445,2976.691,2966.066,0.9324
mixed,8,7,0.875,4.0,512,4096,128,512,464,2176.501,2193.942,2187.416,0.6258
mixed,8,7,0.875,4.0,512,4096,256,1024,928,2230.388,2243.094,2240.28,0.7785
mixed,8,7,0.875,4.0,512,4096,512,2048,1856,2321.88,2346.582,2341.588,0.7978
mixed,8,7,0.875,4.0,512,4096,1024,4096,3712,2509.779,2549.879,2538.226,0.7094
mixed,8,7,0.875,4.0,512,4096,2048,8192,7424,2879.184,2956.497,2941.044,0.8001
mixed,8,7,0.875,4.0,512,4096,4096,16384,14848,3619.28,3759.919,3743.534,0.8835
mixed,8,7,0.875,4.0,512,8192,128,512,464,3759.501,3772.877,3766.577,0.529
mixed,8,7,0.875,4.0,512,8192,256,1024,928,3812.656,3826.99,3819.855,0.5022
mixed,8,7,0.875,4.0,512,8192,512,2048,1856,3899.085,3931.18,3922.862,0.7408
mixed,8,7,0.875,4.0,512,8192,1024,4096,3712,4090.736,4137.324,4126.795,0.774
mixed,8,7,0.875,4.0,512,8192,2048,8192,7424,4453.322,4536.615,4519.015,0.7887
mixed,8,7,0.875,4.0,512,8192,4096,16384,14848,5203.145,5335.175,5328.776,0.9515
mixed,8,7,0.875,4.0,1024,0,128,512,464,907.197,919.965,915.546,0.6539
mixed,8,7,0.875,4.0,1024,0,256,1024,928,962.972,977.211,969.402,0.4516
mixed,8,7,0.875,4.0,1024,0,512,2048,1856,1055.034,1083.164,1074.17,0.6803
mixed,8,7,0.875,4.0,1024,0,1024,4096,3712,1245.145,1285.209,1277.565,0.8092
mixed,8,7,0.875,4.0,1024,0,2048,8192,7424,1613.273,1688.473,1680.632,0.8957
mixed,8,7,0.875,4.0,1024,0,4096,16384,14848,2346.228,2497.268,2481.366,0.8947
mixed,8,7,0.875,4.0,1024,512,128,512,464,1377.146,1390.843,1383.513,0.4648
mixed,8,7,0.875,4.0,1024,512,256,1024,928,1434.266,1448.472,1438.139,0.2726
mixed,8,7,0.875,4.0,1024,512,512,2048,1856,1525.786,1550.585,1543.8,0.7264
mixed,8,7,0.875,4.0,1024,512,1024,4096,3712,1716.92,1752.568,1748.215,0.8779
mixed,8,7,0.875,4.0,1024,512,2048,8192,7424,2081.302,2160.791,2149.175,0.8539
mixed,8,7,0.875,4.0,1024,512,4096,16384,14848,2818.612,2976.72,2946.194,0.8069
mixed,8,7,0.875,4.0,1024,1024,128,512,464,1769.784,1782.231,1777.846,0.6477
mixed,8,7,0.875,4.0,1024,1024,256,1024,928,1825.527,1836.248,1831.48,0.5553
mixed,8,7,0.875,4.0,1024,1024,512,2048,1856,1919.892,1940.6,1932.952,0.6307
mixed,8,7,0.875,4.0,1024,1024,1024,4096,3712,2106.902,2144.373,2138.582,0.8455
mixed,8,7,0.875,4.0,1024,1024,2048,8192,7424,2476.117,2553.396,2543.095,0.8667
mixed,8,7,0.875,4.0,1024,1024,4096,16384,14848,3207.857,3361.106,3344.339,0.8906
mixed,8,7,0.875,4.0,1024,2048,128,512,464,2551.635,2565.012,2559.187,0.5646
mixed,8,7,0.875,4.0,1024,2048,256,1024,928,2607.731,2619.508,2610.769,0.258
mixed,8,7,0.875,4.0,1024,2048,512,2048,1856,2698.196,2721.17,2719.095,0.9097
mixed,8,7,0.875,4.0,1024,2048,1024,4096,3712,2893.013,2931.699,2918.613,0.6617
mixed,8,7,0.875,4.0,1024,2048,2048,8192,7424,3259.442,3332.336,3325.714,0.9092
mixed,8,7,0.875,4.0,1024,2048,4096,16384,14848,3994.573,4141.71,4124.014,0.8797
mixed,8,7,0.875,4.0,1024,4096,128,512,464,4164.783,4160.43,4168.397,
mixed,8,7,0.875,4.0,1024,4096,256,1024,928,4222.573,4236.847,4230.765,0.5739
mixed,8,7,0.875,4.0,1024,4096,512,2048,1856,4312.297,4338.476,4332.33,0.7652
mixed,8,7,0.875,4.0,1024,4096,1024,4096,3712,4510.347,4537.992,4539.85,1.0672
mixed,8,7,0.875,4.0,1024,4096,2048,8192,7424,4881.96,4946.921,4939.787,0.8902
mixed,8,7,0.875,4.0,1024,4096,4096,16384,14848,5600.551,5755.783,5740.802,0.9035
mixed,8,7,0.875,4.0,1024,8192,128,512,464,7327.746,7333.442,7337.341,1.6845
mixed,8,7,0.875,4.0,1024,8192,256,1024,928,7374.146,7387.104,7380.508,0.491
mixed,8,7,0.875,4.0,1024,8192,512,2048,1856,7462.303,7473.308,7478.783,1.4975
mixed,8,7,0.875,4.0,1024,8192,1024,4096,3712,7647.641,7693.691,7683.074,0.7694
mixed,8,7,0.875,4.0,1024,8192,2048,8192,7424,8021.53,8090.136,8090.331,1.0028
mixed,8,7,0.875,4.0,1024,8192,4096,16384,14848,8773.401,8904.47,8887.83,0.873
mixed,8,7,0.875,4.0,2048,0,128,512,464,2393.395,2397.302,2395.315,0.4914
mixed,8,7,0.875,4.0,2048,0,256,1024,928,2441.558,2451.154,2451.957,1.0837
mixed,8,7,0.875,4.0,2048,0,512,2048,1856,2538.645,2556.146,2557.203,1.0604
mixed,8,7,0.875,4.0,2048,0,1024,4096,3712,2725.395,2762.867,2746.9,0.5739
mixed,8,7,0.875,4.0,2048,0,2048,8192,7424,3086.196,3173.297,3161.043,0.8593
mixed,8,7,0.875,4.0,2048,0,4096,16384,14848,3826.897,3971.15,3956.751,0.9002
mixed,8,7,0.875,4.0,2048,512,128,512,464,3245.042,3244.212,3236.754,
mixed,8,7,0.875,4.0,2048,512,256,1024,928,3283.183,3299.858,3304.176,1.259
mixed,8,7,0.875,4.0,2048,512,512,2048,1856,3396.881,3406.417,3405.458,0.8994
mixed,8,7,0.875,4.0,2048,512,1024,4096,3712,3567.919,3610.093,3609.134,0.9773
mixed,8,7,0.875,4.0,2048,512,2048,8192,7424,3938.543,4021.166,4010.991,0.8769
mixed,8,7,0.875,4.0,2048,512,4096,16384,14848,4675.884,4826.859,4805.417,0.858
mixed,8,7,0.875,4.0,2048,1024,128,512,464,4068.687,4086.573,4080.398,0.6548
mixed,8,7,0.875,4.0,2048,1024,256,1024,928,4133.102,4141.226,4135.822,0.3348
mixed,8,7,0.875,4.0,2048,1024,512,2048,1856,4217.034,4241.454,4242.06,1.0248
mixed,8,7,0.875,4.0,2048,1024,1024,4096,3712,4416.109,4451.051,4443.916,0.7958
mixed,8,7,0.875,4.0,2048,1024,2048,8192,7424,4783.437,4857.674,4845.159,0.8314
mixed,8,7,0.875,4.0,2048,1024,4096,16384,14848,5516.616,5663.527,5655.559,0.9458
mixed,8,7,0.875,4.0,2048,2048,128,512,464,5713.863,5729.896,5723.684,0.6125
mixed,8,7,0.875,4.0,2048,2048,256,1024,928,5782.152,5783.686,5793.38,7.3194
mixed,8,7,0.875,4.0,2048,2048,512,2048,1856,5863.014,5885.028,5885.896,1.0394
mixed,8,7,0.875,4.0,2048,2048,1024,4096,3712,6074.627,6094.114,6089.955,0.7866
mixed,8,7,0.875,4.0,2048,2048,2048,8192,7424,6434.244,6493.668,6492.9,0.9871
mixed,8,7,0.875,4.0,2048,2048,4096,16384,14848,7170.718,7332.703,7287.394,0.7203
mixed,8,7,0.875,4.0,2048,4096,128,512,464,8949.241,8956.758,8955.126,0.7829
mixed,8,7,0.875,4.0,2048,4096,256,1024,928,9018.105,9040.119,9030.232,0.5509
mixed,8,7,0.875,4.0,2048,4096,512,2048,1856,9075.098,9140.789,9106.454,0.4773
mixed,8,7,0.875,4.0,2048,4096,1024,4096,3712,9278.612,9309.043,9313.782,1.1557
mixed,8,7,0.875,4.0,2048,4096,2048,8192,7424,9674.453,9719.859,9712.177,0.8308
mixed,8,7,0.875,4.0,2048,4096,4096,16384,14848,10389.998,10560.788,10501.591,0.6534
mixed,8,7,0.875,4.0,2048,8192,128,512,464,15229.438,15223.006,15272.15,
mixed,8,7,0.875,4.0,2048,8192,256,1024,928,15283.451,15288.119,15284.769,0.2823
mixed,8,7,0.875,4.0,2048,8192,512,2048,1856,15373.182,15422.625,15402.02,0.5833
mixed,8,7,0.875,4.0,2048,8192,1024,4096,3712,15600.503,15614.398,15581.405,-1.3745
mixed,8,7,0.875,4.0,2048,8192,2048,8192,7424,15947.741,16021.176,15998.686,0.6937
mixed,8,7,0.875,4.0,2048,8192,4096,16384,14848,16680.406,16841.335,16844.119,1.0173
pure,16,1,0.0625,4.0,0,0,128,512,152,97.792,168.704,105.022,0.102
pure,16,1,0.0625,4.0,0,0,256,1024,304,118.912,267.07,157.183,0.2583
pure,16,1,0.0625,4.0,0,0,512,2048,608,185.183,470.172,258.174,0.2561
pure,16,1,0.0625,4.0,0,0,1024,4096,1216,304.765,877.722,457.693,0.2669
pure,16,1,0.0625,4.0,0,0,2048,8192,2432,547.389,1686.07,855.388,0.2705
pure,16,1,0.0625,4.0,0,0,4096,16384,4864,1032.058,3307.024,1636.09,0.2655
mixed,16,1,0.0625,4.0,16,0,128,512,152,120.256,189.313,126.943,0.0968
mixed,16,1,0.0625,4.0,16,0,256,1024,304,141.245,290.397,178.271,0.2482
mixed,16,1,0.0625,4.0,16,0,512,2048,608,205.726,492.317,280.607,0.2613
mixed,16,1,0.0625,4.0,16,0,1024,4096,1216,328.288,897.339,480.444,0.2674
mixed,16,1,0.0625,4.0,16,0,2048,8192,2432,575.225,1708.887,871.389,0.2612
mixed,16,1,0.0625,4.0,16,0,4096,16384,4864,1051.162,3335.89,1662.875,0.2677
mixed,16,1,0.0625,4.0,16,512,128,512,152,159.425,232.992,167.999,0.1165
mixed,16,1,0.0625,4.0,16,512,256,1024,304,183.328,333.341,221.44,0.2541
mixed,16,1,0.0625,4.0,16,512,512,2048,608,249.599,536.286,322.209,0.2533
mixed,16,1,0.0625,4.0,16,512,1024,4096,1216,370.367,940.092,521.854,0.2659
mixed,16,1,0.0625,4.0,16,512,2048,8192,2432,612.959,1750.041,912.604,0.2635
mixed,16,1,0.0625,4.0,16,512,4096,16384,4864,1097.114,3378.738,1701.561,0.2649
mixed,16,1,0.0625,4.0,16,1024,128,512,152,164.129,238.049,171.746,0.103
mixed,16,1,0.0625,4.0,16,1024,256,1024,304,188.637,339.71,223.199,0.2288
mixed,16,1,0.0625,4.0,16,1024,512,2048,608,253.439,539.965,326.43,0.2547
mixed,16,1,0.0625,4.0,16,1024,1024,4096,1216,376.287,949.727,523.038,0.2559
mixed,16,1,0.0625,4.0,16,1024,2048,8192,2432,616.029,1756.535,919.935,0.2665
mixed,16,1,0.0625,4.0,16,1024,4096,16384,4864,1097.852,3376.016,1704.312,0.2662
mixed,16,1,0.0625,4.0,16,2048,128,512,152,171.136,246.941,178.624,0.0988
mixed,16,1,0.0625,4.0,16,2048,256,1024,304,196.417,345.757,232.156,0.2393
mixed,16,1,0.0625,4.0,16,2048,512,2048,608,264.093,548.798,334.494,0.2473
mixed,16,1,0.0625,4.0,16,2048,1024,4096,1216,384.157,952.283,530.91,0.2583
mixed,16,1,0.0625,4.0,16,2048,2048,8192,2432,622.843,1761.05,923.836,0.2644
mixed,16,1,0.0625,4.0,16,2048,4096,16384,4864,1104.123,3393.585,1709.111,0.2642
mixed,16,1,0.0625,4.0,16,4096,128,512,152,206.594,283.487,213.599,0.0911
mixed,16,1,0.0625,4.0,16,4096,256,1024,304,231.902,382.462,263.134,0.2074
mixed,16,1,0.0625,4.0,16,4096,512,2048,608,298.399,587.261,366.239,0.2349
mixed,16,1,0.0625,4.0,16,4096,1024,4096,1216,420.157,989.532,565.215,0.2548
mixed,16,1,0.0625,4.0,16,4096,2048,8192,2432,661.437,1792.633,953.178,0.2579
mixed,16,1,0.0625,4.0,16,4096,4096,16384,4864,1142.813,3429.744,1742.968,0.2624
mixed,16,1,0.0625,4.0,16,8192,128,512,152,262.08,337.918,265.695,0.0477
mixed,16,1,0.0625,4.0,16,8192,256,1024,304,283.744,436.733,318.526,0.2273
mixed,16,1,0.0625,4.0,16,8192,512,2048,608,352.639,636.987,419.903,0.2366
mixed,16,1,0.0625,4.0,16,8192,1024,4096,1216,475.038,1043.837,618.687,0.2525
mixed,16,1,0.0625,4.0,16,8192,2048,8192,2432,712.06,1854.232,1011.903,0.2625
mixed,16,1,0.0625,4.0,16,8192,4096,16384,4864,1199.069,3472.591,1805.751,0.2668
mixed,16,1,0.0625,4.0,32,0,128,512,152,156.126,226.881,161.474,0.0756
mixed,16,1,0.0625,4.0,32,0,256,1024,304,178.657,326.014,214.399,0.2426
mixed,16,1,0.0625,4.0,32,0,512,2048,608,244.448,531.423,313.598,0.241
mixed,16,1,0.0625,4.0,32,0,1024,4096,1216,364.094,936.316,512.127,0.2587
mixed,16,1,0.0625,4.0,32,0,2048,8192,2432,607.869,1750.648,902.779,0.2581
mixed,16,1,0.0625,4.0,32,0,4096,16384,4864,1090.524,3366.803,1692.408,0.2644
mixed,16,1,0.0625,4.0,32,512,128,512,152,197.15,270.879,204.702,0.1024
mixed,16,1,0.0625,4.0,32,512,256,1024,304,221.215,372.99,257.371,0.2382
mixed,16,1,0.0625,4.0,32,512,512,2048,608,289.596,574.174,357.087,0.2372
mixed,16,1,0.0625,4.0,32,512,1024,4096,1216,408.702,979.321,558.238,0.2621
mixed,16,1,0.0625,4.0,32,512,2048,8192,2432,650.077,1790.233,949.211,0.2624
mixed,16,1,0.0625,4.0,32,512,4096,16384,4864,1130.875,3406.481,1739.191,0.2673
mixed,16,1,0.0625,4.0,32,1024,128,512,152,204.702,280.86,211.008,0.0828
mixed,16,1,0.0625,4.0,32,1024,256,1024,304,228.382,383.039,263.583,0.2276
mixed,16,1,0.0625,4.0,32,1024,512,2048,608,298.334,582.718,361.888,0.2235
mixed,16,1,0.0625,4.0,32,1024,1024,4096,1216,419.231,989.181,562.111,0.2507
mixed,16,1,0.0625,4.0,32,1024,2048,8192,2432,659.867,1804.407,954.395,0.2573
mixed,16,1,0.0625,4.0,32,1024,4096,16384,4864,1142.459,3413.491,1749.977,0.2675
mixed,16,1,0.0625,4.0,32,2048,128,512,152,220.224,295.485,225.214,0.0663
mixed,16,1,0.0625,4.0,32,2048,256,1024,304,246.399,401.055,277.151,0.1988
mixed,16,1,0.0625,4.0,32,2048,512,2048,608,314.24,599.23,379.71,0.2297
mixed,16,1,0.0625,4.0,32,2048,1024,4096,1216,435.391,1010.586,578.332,0.2485
mixed,16,1,0.0625,4.0,32,2048,2048,8192,2432,675.997,1817.719,970.811,0.2582
mixed,16,1,0.0625,4.0,32,2048,4096,16384,4864,1156.284,3436.913,1760.282,0.2648
mixed,16,1,0.0625,4.0,32,4096,128,512,152,312.22,388.189,317.343,0.0674
mixed,16,1,0.0625,4.0,32,4096,256,1024,304,337.92,489.438,369.087,0.2057
mixed,16,1,0.0625,4.0,32,4096,512,2048,608,402.813,690.622,466.143,0.22
mixed,16,1,0.0625,4.0,32,4096,1024,4096,1216,525.919,1095.739,667.548,0.2486
mixed,16,1,0.0625,4.0,32,4096,2048,8192,2432,765.405,1897.69,1066.489,0.2659
mixed,16,1,0.0625,4.0,32,4096,4096,16384,4864,1243.452,3529.039,1847.959,0.2645
mixed,16,1,0.0625,4.0,32,8192,128,512,152,418.91,493.66,428.926,0.134
mixed,16,1,0.0625,4.0,32,8192,256,1024,304,443.485,592.285,477.213,0.2267
mixed,16,1,0.0625,4.0,32,8192,512,2048,608,510.11,798.815,574.4,0.2227
mixed,16,1,0.0625,4.0,32,8192,1024,4096,1216,634.907,1201.499,768.701,0.2361
mixed,16,1,0.0625,4.0,32,8192,2048,8192,2432,871.771,2006.743,1167.738,0.2608
mixed,16,1,0.0625,4.0,32,8192,4096,16384,4864,1350.299,3621.168,1953.589,0.2657
mixed,16,1,0.0625,4.0,64,0,128,512,152,164.511,236.48,170.689,0.0858
mixed,16,1,0.0625,4.0,64,0,256,1024,304,186.656,335.201,222.686,0.2426
mixed,16,1,0.0625,4.0,64,0,512,2048,608,252.705,537.63,321.408,0.2411
mixed,16,1,0.0625,4.0,64,0,1024,4096,1216,372.895,943.324,516.381,0.2515
mixed,16,1,0.0625,4.0,64,0,2048,8192,2432,615.036,1758.391,916.795,0.2639
mixed,16,1,0.0625,4.0,64,0,4096,16384,4864,1094.874,3371.277,1701.207,0.2664
mixed,16,1,0.0625,4.0,64,512,128,512,152,216.766,295.23,223.04,0.08
mixed,16,1,0.0625,4.0,64,512,256,1024,304,243.136,395.232,277.727,0.2274
mixed,16,1,0.0625,4.0,64,512,512,2048,608,310.88,596.412,373.691,0.22
mixed,16,1,0.0625,4.0,64,512,1024,4096,1216,431.322,1004.124,572.605,0.2467
mixed,16,1,0.0625,4.0,64,512,2048,8192,2432,670.811,1810.036,967.677,0.2606
mixed,16,1,0.0625,4.0,64,512,4096,16384,4864,1150.713,3429.678,1760.73,0.2677
mixed,16,1,0.0625,4.0,64,1024,128,512,152,276.061,352.191,281.312,0.069
mixed,16,1,0.0625,4.0,64,1024,256,1024,304,300.413,454.493,334.91,0.2239
mixed,16,1,0.0625,4.0,64,1024,512,2048,608,370.076,655.103,435.646,0.23
mixed,16,1,0.0625,4.0,64,1024,1024,4096,1216,491.773,1060.665,632.508,0.2474
mixed,16,1,0.0625,4.0,64,1024,2048,8192,2432,732.125,1869.271,1021.947,0.2549
mixed,16,1,0.0625,4.0,64,1024,4096,16384,4864,1208.603,3492.274,1806.871,0.262
mixed,16,1,0.0625,4.0,64,2048,128,512,152,317.023,393.056,324.638,0.1002
mixed,16,1,0.0625,4.0,64,2048,256,1024,304,342.652,493.947,373.403,0.2033
mixed,16,1,0.0625,4.0,64,2048,512,2048,608,408.798,691.836,474.3,0.2314
mixed,16,1,0.0625,4.0,64,2048,1024,4096,1216,531.582,1099.803,673.054,0.249
mixed,16,1,0.0625,4.0,64,2048,2048,8192,2432,768.702,1912.954,1066.587,0.2603
mixed,16,1,0.0625,4.0,64,2048,4096,16384,4864,1248.409,3522.578,1850.039,0.2645
mixed,16,1,0.0625,4.0,64,4096,128,512,152,421.631,496.734,426.942,0.0707
mixed,16,1,0.0625,4.0,64,4096,256,1024,304,444.093,599.741,475.293,0.2005
mixed,16,1,0.0625,4.0,64,4096,512,2048,608,511.229,797.086,575.967,0.2265
mixed,16,1,0.0625,4.0,64,4096,1024,4096,1216,635.548,1196.859,770.716,0.2408
mixed,16,1,0.0625,4.0,64,4096,2048,8192,2432,870.778,2012.027,1160.188,0.2536
mixed,16,1,0.0625,4.0,64,4096,4096,16384,4864,1352.892,3620.113,1948.919,0.2629
mixed,16,1,0.0625,4.0,64,8192,128,512,152,626.717,704.157,632.156,0.0702
mixed,16,1,0.0625,4.0,64,8192,256,1024,304,650.75,803.453,684.315,0.2198
mixed,16,1,0.0625,4.0,64,8192,512,2048,608,720.251,1003.417,781.755,0.2172
mixed,16,1,0.0625,4.0,64,8192,1024,4096,1216,838.716,1402.552,976.699,0.2447
mixed,16,1,0.0625,4.0,64,8192,2048,8192,2432,1076.221,2216.661,1367.065,0.255
mixed,16,1,0.0625,4.0,64,8192,4096,16384,4864,1553.814,3824.754,2152.182,0.2635
mixed,16,1,0.0625,4.0,128,0,128,512,152,183.87,257.854,190.718,0.0926
mixed,16,1,0.0625,4.0,128,0,256,1024,304,209.662,359.838,243.678,0.2265
mixed,16,1,0.0625,4.0,128,0,512,2048,608,276.733,562.814,340.316,0.2223
mixed,16,1,0.0625,4.0,128,0,1024,4096,1216,394.591,968.923,541.309,0.2555
mixed,16,1,0.0625,4.0,128,0,2048,8192,2432,637.98,1775.446,937.885,0.2637
mixed,16,1,0.0625,4.0,128,0,4096,16384,4864,1119.1,3394.416,1715.093,0.2619
mixed,16,1,0.0625,4.0,128,512,128,512,152,316.766,394.398,322.463,0.0734
mixed,16,1,0.0625,4.0,128,512,256,1024,304,342.302,492.733,374.495,0.214
mixed,16,1,0.0625,4.0,128,512,512,2048,608,409.79,694.107,474.943,0.2292
mixed,16,1,0.0625,4.0,128,512,1024,4096,1216,529.277,1101.369,674.428,0.2537
mixed,16,1,0.0625,4.0,128,512,2048,8192,2432,771.581,1907.16,1060.829,0.2547
mixed,16,1,0.0625,4.0,128,512,4096,16384,4864,1253.083,3529.006,1852.983,0.2636
mixed,16,1,0.0625,4.0,128,1024,128,512,152,383.55,459.999,390.174,0.0866
mixed,16,1,0.0625,4.0,128,1024,256,1024,304,409.792,562.716,440.956,0.2038
mixed,16,1,0.0625,4.0,128,1024,512,2048,608,475.71,760.733,541.374,0.2304
mixed,16,1,0.0625,4.0,128,1024,1024,4096,1216,599.706,1162.906,734.943,0.2401
mixed,16,1,0.0625,4.0,128,1024,2048,8192,2432,838.393,1969.398,1130.778,0.2585
mixed,16,1,0.0625,4.0,128,1024,4096,16384,4864,1313.242,3590.0,1915.957,0.2647
mixed,16,1,0.0625,4.0,128,2048,128,512,152,483.358,558.204,489.565,0.0829
mixed,16,1,0.0625,4.0,128,2048,256,1024,304,509.151,658.173,541.468,0.2169
mixed,16,1,0.0625,4.0,128,2048,512,2048,608,575.357,859.869,636.54,0.215
mixed,16,1,0.0625,4.0,128,2048,1024,4096,1216,695.934,1263.388,834.268,0.2438
mixed,16,1,0.0625,4.0,128,2048,2048,8192,2432,931.964,2068.407,1223.384,0.2564
mixed,16,1,0.0625,4.0,128,2048,4096,16384,4864,1413.914,3694.16,2009.655,0.2613
mixed,16,1,0.0625,4.0,128,4096,128,512,152,685.149,759.996,688.222,0.0411
mixed,16,1,0.0625,4.0,128,4096,256,1024,304,710.813,861.084,740.891,0.2002
mixed,16,1,0.0625,4.0,128,4096,512,2048,608,775.388,1060.73,839.357,0.2242
mixed,16,1,0.0625,4.0,128,4096,1024,4096,1216,896.089,1460.504,1037.08,0.2498
mixed,16,1,0.0625,4.0,128,4096,2048,8192,2432,1136.22,2266.932,1431.959,0.2616
mixed,16,1,0.0625,4.0,128,4096,4096,16384,4864,1615.29,3891.566,2213.238,0.2627
mixed,16,1,0.0625,4.0,128,8192,128,512,152,1079.004,1157.849,1088.025,0.1144
mixed,16,1,0.0625,4.0,128,8192,256,1024,304,1103.994,1255.865,1139.77,0.2356
mixed,16,1,0.0625,4.0,128,8192,512,2048,608,1170.265,1456.537,1237.209,0.2338
mixed,16,1,0.0625,4.0,128,8192,1024,4096,1216,1293.594,1853.781,1430.712,0.2448
mixed,16,1,0.0625,4.0,128,8192,2048,8192,2432,1529.047,2663.09,1820.469,0.257
mixed,16,1,0.0625,4.0,128,8192,4096,16384,4864,2008.884,4277.836,2599.218,0.2602
mixed,16,1,0.0625,4.0,256,0,128,512,152,302.464,378.334,307.997,0.0729
mixed,16,1,0.0625,4.0,256,0,256,1024,304,328.0,479.677,358.24,0.1994
mixed,16,1,0.0625,4.0,256,0,512,2048,608,392.573,678.62,459.997,0.2357
mixed,16,1,0.0625,4.0,256,0,1024,4096,1216,516.314,1079.322,658.525,0.2526
mixed,16,1,0.0625,4.0,256,0,2048,8192,2432,755.484,1898.644,1051.643,0.2591
mixed,16,1,0.0625,4.0,256,0,4096,16384,4864,1236.891,3517.489,1833.974,0.2618
mixed,16,1,0.0625,4.0,256,512,128,512,152,433.436,509.469,440.062,0.0871
mixed,16,1,0.0625,4.0,256,512,256,1024,304,457.824,608.667,489.756,0.2117
mixed,16,1,0.0625,4.0,256,512,512,2048,608,523.167,809.18,586.814,0.2225
mixed,16,1,0.0625,4.0,256,512,1024,4096,1216,645.819,1210.36,789.18,0.2539
mixed,16,1,0.0625,4.0,256,512,2048,8192,2432,882.557,2015.156,1173.336,0.2567
mixed,16,1,0.0625,4.0,256,512,4096,16384,4864,1366.744,3641.36,1958.485,0.2601
mixed,16,1,0.0625,4.0,256,1024,128,512,152,530.172,607.966,537.405,0.093
mixed,16,1,0.0625,4.0,256,1024,256,1024,304,554.014,708.669,587.133,0.2141
mixed,16,1,0.0625,4.0,256,1024,512,2048,608,621.757,905.242,685.212,0.2238
mixed,16,1,0.0625,4.0,256,1024,1024,4096,1216,743.229,1306.427,881.212,0.245
mixed,16,1,0.0625,4.0,256,1024,2048,8192,2432,981.179,2118.808,1275.993,0.2591
mixed,16,1,0.0625,4.0,256,1024,4096,16384,4864,1458.553,3737.873,2058.55,0.2632
mixed,16,1,0.0625,4.0,256,2048,128,512,152,728.029,803.1,731.453,0.0456
mixed,16,1,0.0625,4.0,256,2048,256,1024,304,752.477,904.027,782.782,0.2
mixed,16,1,0.0625,4.0,256,2048,512,2048,608,816.894,1103.738,881.403,0.2249
mixed,16,1,0.0625,4.0,256,2048,1024,4096,1216,938.073,1508.791,1076.282,0.2422
mixed,16,1,0.0625,4.0,256,2048,2048,8192,2432,1174.585,2316.597,1473.818,0.262
mixed,16,1,0.0625,4.0,256,2048,4096,16384,4864,1655.352,3934.829,2250.58,0.2611
mixed,16,1,0.0625,4.0,256,4096,128,512,152,1125.691,1203.483,1131.675,0.0769
mixed,16,1,0.0625,4.0,256,4096,256,1024,304,1151.676,1299.93,1177.69,0.1755
mixed,16,1,0.0625,4.0,256,4096,512,2048,608,1216.57,1499.0,1277.559,0.2159
mixed,16,1,0.0625,4.0,256,4096,1024,4096,1216,1339.836,1903.384,1476.28,0.2421
mixed,16,1,0.0625,4.0,256,4096,2048,8192,2432,1575.098,2712.47,1865.206,0.2551
mixed,16,1,0.0625,4.0,256,4096,4096,16384,4864,2059.476,4330.57,2660.05,0.2644
mixed,16,1,0.0625,4.0,256,8192,128,512,152,1913.94,1988.533,1919.253,0.0712
mixed,16,1,0.0625,4.0,256,8192,256,1024,304,1941.015,2087.831,1970.455,0.2005
mixed,16,1,0.0625,4.0,256,8192,512,2048,608,2001.911,2284.405,2066.773,0.2296
mixed,16,1,0.0625,4.0,256,8192,1024,4096,1216,2125.749,2691.603,2267.156,0.2499
mixed,16,1,0.0625,4.0,256,8192,2048,8192,2432,2365.749,3502.636,2655.607,0.255
mixed,16,1,0.0625,4.0,256,8192,4096,16384,4864,2845.618,5118.82,3436.174,0.2598
mixed,16,1,0.0625,4.0,512,0,128,512,152,576.159,652.285,580.639,0.0588
mixed,16,1,0.0625,4.0,512,0,256,1024,304,598.656,753.594,633.564,0.2253
mixed,16,1,0.0625,4.0,512,0,512,2048,608,662.877,948.956,727.932,0.2274
mixed,16,1,0.0625,4.0,512,0,1024,4096,1216,786.239,1350.137,924.734,0.2456
mixed,16,1,0.0625,4.0,512,0,2048,8192,2432,1024.219,2160.693,1315.194,0.256
mixed,16,1,0.0625,4.0,512,0,4096,16384,4864,1502.393,3777.361,2103.444,0.2642
mixed,16,1,0.0625,4.0,512,512,128,512,152,795.644,869.149,799.229,0.0488
mixed,16,1,0.0625,4.0,512,512,256,1024,304,815.9,967.451,849.241,0.22
mixed,16,1,0.0625,4.0,512,512,512,2048,608,883.198,1167.386,946.235,0.2218
mixed,16,1,0.0625,4.0,512,512,1024,4096,1216,1005.978,1570.17,1143.482,0.2437
mixed,16,1,0.0625,4.0,512,512,2048,8192,2432,1244.252,2374.771,1533.752,0.2561
mixed,16,1,0.0625,4.0,512,512,4096,16384,4864,1721.176,3999.694,2328.884,0.2667
mixed,16,1,0.0625,4.0,512,1024,128,512,152,990.714,1065.402,994.775,0.0544
mixed,16,1,0.0625,4.0,512,1024,256,1024,304,1014.874,1165.659,1043.899,0.1925
mixed,16,1,0.0625,4.0,512,1024,512,2048,608,1079.385,1365.787,1144.92,0.2288
mixed,16,1,0.0625,4.0,512,1024,1024,4096,1216,1203.483,1767.511,1337.499,0.2376
mixed,16,1,0.0625,4.0,512,1024,2048,8192,2432,1438.426,2581.973,1731.191,0.256
mixed,16,1,0.0625,4.0,512,1024,4096,16384,4864,1917.27,4188.46,2513.523,0.2625
mixed,16,1,0.0625,4.0,512,2048,128,512,152,1381.08,1458.457,1386.905,0.0753
mixed,16,1,0.0625,4.0,512,2048,256,1024,304,1406.171,1556.25,1435.799,0.1974
mixed,16,1,0.0625,4.0,512,2048,512,2048,608,1471.449,1754.84,1532.441,0.2152
mixed,16,1,0.0625,4.0,512,2048,1024,4096,1216,1595.415,2155.992,1731.803,0.2433
mixed,16,1,0.0625,4.0,512,2048,2048,8192,2432,1831.064,2964.596,2118.774,0.2538
mixed,16,1,0.0625,4.0,512,2048,4096,16384,4864,2312.535,4580.618,2904.816,0.2611
mixed,16,1,0.0625,4.0,512,4096,128,512,152,2174.9,2246.584,2178.935,0.0563
mixed,16,1,0.0625,4.0,512,4096,256,1024,304,2196.278,2347.22,2229.172,0.2179
mixed,16,1,0.0625,4.0,512,4096,512,2048,608,2259.7,2545.553,2327.124,0.2359
mixed,16,1,0.0625,4.0,512,4096,1024,4096,1216,2385.237,2948.718,2520.497,0.24
mixed,16,1,0.0625,4.0,512,4096,2048,8192,2432,2622.58,3763.053,2903.22,0.2461
mixed,16,1,0.0625,4.0,512,4096,4096,16384,4864,3095.506,5378.57,3698.442,0.2641
mixed,16,1,0.0625,4.0,512,8192,128,512,152,3751.725,3831.438,3755.597,0.0486
mixed,16,1,0.0625,4.0,512,8192,256,1024,304,3781.103,3932.715,3811.178,0.1984
mixed,16,1,0.0625,4.0,512,8192,512,2048,608,3847.022,4124.393,3902.284,0.1992
mixed,16,1,0.0625,4.0,512,8192,1024,4096,1216,3971.532,4523.433,4095.977,0.2255
mixed,16,1,0.0625,4.0,512,8192,2048,8192,2432,4201.867,5330.853,4498.986,0.2632
mixed,16,1,0.0625,4.0,512,8192,4096,16384,4864,4678.571,6952.542,5272.513,0.2612
mixed,16,1,0.0625,4.0,1024,0,128,512,152,899.132,978.618,907.162,0.101
mixed,16,1,0.0625,4.0,1024,0,256,1024,304,925.501,1079.77,959.097,0.2178
mixed,16,1,0.0625,4.0,1024,0,512,2048,608,993.147,1274.874,1057.659,0.229
mixed,16,1,0.0625,4.0,1024,0,1024,4096,1216,1114.971,1685.849,1254.139,0.2438
mixed,16,1,0.0625,4.0,1024,0,2048,8192,2432,1356.827,2488.276,1650.551,0.2596
mixed,16,1,0.0625,4.0,1024,0,4096,16384,4864,1835.098,4108.876,2441.142,0.2665
mixed,16,1,0.0625,4.0,1024,512,128,512,152,1370.969,1448.247,1375.545,0.0592
mixed,16,1,0.0625,4.0,1024,512,256,1024,304,1395.864,1545.048,1427.322,0.2109
mixed,16,1,0.0625,4.0,1024,512,512,2048,608,1462.938,1747.96,1525.498,0.2195
mixed,16,1,0.0625,4.0,1024,512,1024,4096,1216,1582.166,2153.815,1725.624,0.251
mixed,16,1,0.0625,4.0,1024,512,2048,8192,2432,1826.04,2960.113,2118.932,0.2583
mixed,16,1,0.0625,4.0,1024,512,4096,16384,4864,2302.642,4593.324,2905.427,0.2631
mixed,16,1,0.0625,4.0,1024,1024,128,512,152,1764.151,1838.613,1772.504,0.1122
mixed,16,1,0.0625,4.0,1024,1024,256,1024,304,1790.423,1940.79,1822.583,0.2139
mixed,16,1,0.0625,4.0,1024,1024,512,2048,608,1853.173,2140.406,1920.886,0.2357
mixed,16,1,0.0625,4.0,1024,1024,1024,4096,1216,1976.823,2545.876,2115.318,0.2434
mixed,16,1,0.0625,4.0,1024,1024,2048,8192,2432,2216.821,3357.198,2507.413,0.2548
mixed,16,1,0.0625,4.0,1024,1024,4096,16384,4864,2693.203,4975.368,3296.848,0.2645
mixed,16,1,0.0625,4.0,1024,2048,128,512,152,2543.316,2621.555,2551.893,0.1096
mixed,16,1,0.0625,4.0,1024,2048,256,1024,304,2570.837,2719.089,2605.874,0.2363
mixed,16,1,0.0625,4.0,1024,2048,512,2048,608,2636.853,2923.825,2699.92,0.2198
mixed,16,1,0.0625,4.0,1024,2048,1024,4096,1216,2759.345,3325.58,2905.172,0.2575
mixed,16,1,0.0625,4.0,1024,2048,2048,8192,2432,2998.513,4136.652,3287.889,0.2543
mixed,16,1,0.0625,4.0,1024,2048,4096,16384,4864,3474.861,5762.628,4079.184,0.2642
mixed,16,1,0.0625,4.0,1024,4096,128,512,152,4161.837,4230.155,4153.484,-0.1223
mixed,16,1,0.0625,4.0,1024,4096,256,1024,304,4178.923,4315.759,4214.19,0.2577
mixed,16,1,0.0625,4.0,1024,4096,512,2048,608,4246.828,4528.778,4305.515,0.2081
mixed,16,1,0.0625,4.0,1024,4096,1024,4096,1216,4366.187,4936.871,4516.776,0.2639
mixed,16,1,0.0625,4.0,1024,4096,2048,8192,2432,4605.771,5747.749,4906.537,0.2634
mixed,16,1,0.0625,4.0,1024,4096,4096,16384,4864,5089.673,7361.082,5687.559,0.2632
mixed,16,1,0.0625,4.0,1024,8192,128,512,152,7306.686,7386.59,7312.702,0.0753
mixed,16,1,0.0625,4.0,1024,8192,256,1024,304,7334.585,7474.009,7374.175,0.284
mixed,16,1,0.0625,4.0,1024,8192,512,2048,608,7394.751,7676.219,7459.352,0.2295
mixed,16,1,0.0625,4.0,1024,8192,1024,4096,1216,7527.672,8089.084,7654.495,0.2259
mixed,16,1,0.0625,4.0,1024,8192,2048,8192,2432,7766.588,8905.396,8060.472,0.2581
mixed,16,1,0.0625,4.0,1024,8192,4096,16384,4864,8243.797,10515.376,8853.267,0.2683
mixed,16,1,0.0625,4.0,2048,0,128,512,152,2382.355,2448.631,2387.382,0.0758
mixed,16,1,0.0625,4.0,2048,0,256,1024,304,2405.975,2554.771,2439.448,0.225
mixed,16,1,0.0625,4.0,2048,0,512,2048,608,2470.099,2756.146,2533.846,0.2229
mixed,16,1,0.0625,4.0,2048,0,1024,4096,1216,2591.06,3161.267,2737.202,0.2563
mixed,16,1,0.0625,4.0,2048,0,2048,8192,2432,2831.826,3975.467,3124.752,0.2561
mixed,16,1,0.0625,4.0,2048,0,4096,16384,4864,3317.296,5597.925,3905.742,0.258
mixed,16,1,0.0625,4.0,2048,512,128,512,152,3223.216,3305.297,3241.458,0.2222
mixed,16,1,0.0625,4.0,2048,512,256,1024,304,3255.506,3398.319,3284.336,0.2019
mixed,16,1,0.0625,4.0,2048,512,512,2048,608,3324.754,3607.28,3375.311,0.1789
mixed,16,1,0.0625,4.0,2048,512,1024,4096,1216,3447.503,4016.203,3581.201,0.2351
mixed,16,1,0.0625,4.0,2048,512,2048,8192,2432,3678.668,4834.696,3965.297,0.2479
mixed,16,1,0.0625,4.0,2048,512,4096,16384,4864,4171.086,6455.49,4757.93,0.2569
mixed,16,1,0.0625,4.0,2048,1024,128,512,152,4071.051,4147.246,4076.33,0.0693
mixed,16,1,0.0625,4.0,2048,1024,256,1024,304,4084.491,4247.019,4125.898,0.2548
mixed,16,1,0.0625,4.0,2048,1024,512,2048,608,4159.886,4447.018,4221.006,0.2129
mixed,16,1,0.0625,4.0,2048,1024,1024,4096,1216,4270.408,4846.921,4429.483,0.2759
mixed,16,1,0.0625,4.0,2048,1024,2048,8192,2432,4521.003,5657.862,4817.446,0.2608
mixed,16,1,0.0625,4.0,2048,1024,4096,16384,4864,5011.147,7277.759,5608.583,0.2636
mixed,16,1,0.0625,4.0,2048,2048,128,512,152,5715.782,5780.294,5729.893,0.2187
mixed,16,1,0.0625,4.0,2048,2048,256,1024,304,5738.469,5903.395,5767.749,0.1775
mixed,16,1,0.0625,4.0,2048,2048,512,2048,608,5801.476,6092.997,5864.516,0.2162
mixed,16,1,0.0625,4.0,2048,2048,1024,4096,1216,5928.228,6489.315,6079.811,0.2702
mixed,16,1,0.0625,4.0,2048,2048,2048,8192,2432,6198.464,7318.364,6454.05,0.2282
mixed,16,1,0.0625,4.0,2048,2048,4096,16384,4864,6649.217,8921.524,7245.308,0.2623
mixed,16,1,0.0625,4.0,2048,4096,128,512,152,8943.671,9024.728,8945.014,0.0166
mixed,16,1,0.0625,4.0,2048,4096,256,1024,304,8959.417,9116.694,9020.694,0.3896
mixed,16,1,0.0625,4.0,2048,4096,512,2048,608,9042.899,9308.276,9095.543,0.1984
mixed,16,1,0.0625,4.0,2048,4096,1024,4096,1216,9175.057,9696.755,9304.918,0.2489
mixed,16,1,0.0625,4.0,2048,4096,2048,8192,2432,9404.759,10544.046,9685.942,0.2468
mixed,16,1,0.0625,4.0,2048,4096,4096,16384,4864,9853.745,12162.282,10454.287,0.2601
mixed,16,1,0.0625,4.0,2048,8192,128,512,152,15191.033,15286.165,15209.438,0.1935
mixed,16,1,0.0625,4.0,2048,8192,256,1024,304,15257.27,15407.412,15270.357,0.0872
mixed,16,1,0.0625,4.0,2048,8192,512,2048,608,15283.766,15628.375,15385.109,0.2941
mixed,16,1,0.0625,4.0,2048,8192,1024,4096,1216,15422.871,16009.944,15554.902,0.2249
mixed,16,1,0.0625,4.0,2048,8192,2048,8192,2432,15695.906,16836.565,16003.381,0.2696
mixed,16,1,0.0625,4.0,2048,8192,4096,16384,4864,16182.26,18420.454,16752.463,0.2548
pure,16,2,0.125,4.0,0,0,128,512,176,100.03,166.816,106.464,0.0963
pure,16,2,0.125,4.0,0,0,256,1024,352,131.553,268.224,159.902,0.2074
pure,16,2,0.125,4.0,0,0,512,2048,704,206.558,474.046,262.238,0.2082
pure,16,2,0.125,4.0,0,0,1024,4096,1408,344.349,880.156,459.005,0.214
pure,16,2,0.125,4.0,0,0,2048,8192,2816,623.134,1690.103,855.002,0.2173
pure,16,2,0.125,4.0,0,0,4096,16384,5632,1182.009,3308.045,1643.608,0.2171
mixed,16,2,0.125,4.0,16,0,128,512,176,122.527,190.112,129.855,0.1084
mixed,16,2,0.125,4.0,16,0,256,1024,352,154.558,289.759,181.28,0.1976
mixed,16,2,0.125,4.0,16,0,512,2048,704,227.006,493.566,282.044,0.2065
mixed,16,2,0.125,4.0,16,0,1024,4096,1408,365.822,899.132,481.854,0.2176
mixed,16,2,0.125,4.0,16,0,2048,8192,2816,650.591,1715.545,876.155,0.2118
mixed,16,2,0.125,4.0,16,0,4096,16384,5632,1205.338,3328.143,1669.591,0.2187
mixed,16,2,0.125,4.0,16,512,128,512,176,162.302,232.192,169.791,0.1072
mixed,16,2,0.125,4.0,16,512,256,1024,352,196.063,332.509,222.237,0.1918
mixed,16,2,0.125,4.0,16,512,512,2048,704,268.799,537.661,325.341,0.2103
mixed,16,2,0.125,4.0,16,512,1024,4096,1408,408.797,945.565,524.252,0.2151
mixed,16,2,0.125,4.0,16,512,2048,8192,2816,693.887,1751.608,919.992,0.2138
mixed,16,2,0.125,4.0,16,512,4096,16384,5632,1245.434,3369.168,1712.407,0.2199
mixed,16,2,0.125,4.0,16,1024,128,512,176,167.87,238.237,174.015,0.0873
mixed,16,2,0.125,4.0,16,1024,256,1024,352,202.398,338.173,227.072,0.1817
mixed,16,2,0.125,4.0,16,1024,512,2048,704,274.944,539.996,328.442,0.2018
mixed,16,2,0.125,4.0,16,1024,1024,4096,1408,413.119,945.948,528.027,0.2157
mixed,16,2,0.125,4.0,16,1024,2048,8192,2816,695.835,1754.745,925.114,0.2165
mixed,16,2,0.125,4.0,16,1024,4096,16384,5632,1258.937,3384.048,1722.711,0.2182
mixed,16,2,0.125,4.0,16,2048,128,512,176,173.632,247.842,181.694,0.1086
mixed,16,2,0.125,4.0,16,2048,256,1024,352,210.302,346.719,235.068,0.1815
mixed,16,2,0.125,4.0,16,2048,512,2048,704,281.531,549.756,337.661,0.2093
mixed,16,2,0.125,4.0,16,2048,1024,4096,1408,420.35,955.935,536.379,0.2166
mixed,16,2,0.125,4.0,16,2048,2048,8192,2816,698.94,1764.343,929.981,0.2169
mixed,16,2,0.125,4.0,16,2048,4096,16384,5632,1258.905,3390.736,1725.368,0.2188
mixed,16,2,0.125,4.0,16,4096,128,512,176,208.416,283.999,216.223,0.1033
mixed,16,2,0.125,4.0,16,4096,256,1024,352,246.302,384.382,269.471,0.1678
mixed,16,2,0.125,4.0,16,4096,512,2048,704,320.672,585.311,369.919,0.1861
mixed,16,2,0.125,4.0,16,4096,1024,4096,1408,457.088,989.915,572.061,0.2158
mixed,16,2,0.125,4.0,16,4096,2048,8192,2816,741.788,1803.225,963.325,0.2087
mixed,16,2,0.125,4.0,16,4096,4096,16384,5632,1297.564,3415.149,1753.015,0.2151
mixed,16,2,0.125,4.0,16,8192,128,512,176,262.974,336.543,271.135,0.1109
mixed,16,2,0.125,4.0,16,8192,256,1024,352,300.99,437.378,320.638,0.1441
mixed,16,2,0.125,4.0,16,8192,512,2048,704,374.177,641.339,422.684,0.1816
mixed,16,2,0.125,4.0,16,8192,1024,4096,1408,512.67,1042.907,621.469,0.2052
mixed,16,2,0.125,4.0,16,8192,2048,8192,2816,791.645,1850.777,1017.179,0.2129
mixed,16,2,0.125,4.0,16,8192,4096,16384,5632,1344.535,3478.48,1808.119,0.2172
mixed,16,2,0.125,4.0,32,0,128,512,176,156.831,226.747,165.823,0.1286
mixed,16,2,0.125,4.0,32,0,256,1024,352,190.623,328.896,218.046,0.1983
mixed,16,2,0.125,4.0,32,0,512,2048,704,263.487,529.503,318.815,0.208
mixed,16,2,0.125,4.0,32,0,1024,4096,1408,403.838,933.5,516.477,0.2127
mixed,16,2,0.125,4.0,32,0,2048,8192,2816,682.078,1746.071,920.058,0.2237
mixed,16,2,0.125,4.0,32,0,4096,16384,5632,1241.499,3365.968,1699.767,0.2157
mixed,16,2,0.125,4.0,32,512,128,512,176,199.263,272.862,207.583,0.113
mixed,16,2,0.125,4.0,32,512,256,1024,352,235.678,373.697,258.784,0.1674
mixed,16,2,0.125,4.0,32,512,512,2048,704,308.731,573.949,361.568,0.1992
mixed,16,2,0.125,4.0,32,512,1024,4096,1408,447.486,980.605,562.847,0.2164
mixed,16,2,0.125,4.0,32,512,2048,8192,2816,726.107,1790.616,956.316,0.2163
mixed,16,2,0.125,4.0,32,512,4096,16384,5632,1282.743,3409.969,1753.11,0.2211
mixed,16,2,0.125,4.0,32,1024,128,512,176,205.952,282.174,214.4,0.1108
mixed,16,2,0.125,4.0,32,1024,256,1024,352,244.48,380.605,266.625,0.1627
mixed,16,2,0.125,4.0,32,1024,512,2048,704,317.375,581.949,370.814,0.202
mixed,16,2,0.125,4.0,32,1024,1024,4096,1408,459.965,987.42,567.965,0.2048
mixed,16,2,0.125,4.0,32,1024,2048,8192,2816,735.388,1798.353,963.642,0.2147
mixed,16,2,0.125,4.0,32,1024,4096,16384,5632,1296.922,3421.584,1752.79,0.2146
mixed,16,2,0.125,4.0,32,2048,128,512,176,222.143,297.792,229.568,0.0982
mixed,16,2,0.125,4.0,32,2048,256,1024,352,263.71,397.663,282.108,0.1373
mixed,16,2,0.125,4.0,32,2048,512,2048,704,332.607,599.614,383.42,0.1903
mixed,16,2,0.125,4.0,32,2048,1024,4096,1408,471.038,1003.291,584.442,0.2131
mixed,16,2,0.125,4.0,32,2048,2048,8192,2816,754.297,1813.369,978.778,0.212
mixed,16,2,0.125,4.0,32,2048,4096,16384,5632,1308.155,3432.881,1773.814,0.2192
mixed,16,2,0.125,4.0,32,4096,128,512,176,317.087,386.431,320.83,0.054
mixed,16,2,0.125,4.0,32,4096,256,1024,352,351.488,484.954,371.58,0.1505
mixed,16,2,0.125,4.0,32,4096,512,2048,704,427.549,690.237,473.854,0.1763
mixed,16,2,0.125,4.0,32,4096,1024,4096,1408,565.947,1096.795,671.582,0.199
mixed,16,2,0.125,4.0,32,4096,2048,8192,2816,842.235,1906.167,1069.723,0.2138
mixed,16,2,0.125,4.0,32,4096,4096,16384,5632,1403.416,3521.904,1859.573,0.2153
mixed,16,2,0.125,4.0,32,8192,128,512,176,424.829,496.193,427.103,0.0319
mixed,16,2,0.125,4.0,32,8192,256,1024,352,456.669,594.429,479.132,0.1631
mixed,16,2,0.125,4.0,32,8192,512,2048,704,531.834,794.108,574.878,0.1641
mixed,16,2,0.125,4.0,32,8192,1024,4096,1408,671.388,1194.939,780.955,0.2093
mixed,16,2,0.125,4.0,32,8192,2048,8192,2816,951.517,2010.356,1171.77,0.208
mixed,16,2,0.125,4.0,32,8192,4096,16384,5632,1505.464,3631.344,1961.014,0.2143
mixed,16,2,0.125,4.0,64,0,128,512,176,165.566,235.935,173.022,0.106
mixed,16,2,0.125,4.0,64,0,256,1024,352,201.056,335.04,226.303,0.1884
mixed,16,2,0.125,4.0,64,0,512,2048,704,272.286,538.684,327.711,0.2081
mixed,16,2,0.125,4.0,64,0,1024,4096,1408,411.836,945.597,526.687,0.2152
mixed,16,2,0.125,4.0,64,0,2048,8192,2816,692.573,1756.438,924.092,0.2176
mixed,16,2,0.125,4.0,64,0,4096,16384,5632,1248.985,3375.086,1707.672,0.2157
mixed,16,2,0.125,4.0,64,512,128,512,176,219.838,293.533,226.717,0.0933
mixed,16,2,0.125,4.0,64,512,256,1024,352,257.824,395.168,279.581,0.1584
mixed,16,2,0.125,4.0,64,512,512,2048,704,332.767,594.237,380.704,0.1833
mixed,16,2,0.125,4.0,64,512,1024,4096,1408,469.118,996.668,578.399,0.2071
mixed,16,2,0.125,4.0,64,512,2048,8192,2816,750.684,1809.368,975.865,0.2127
mixed,16,2,0.125,4.0,64,512,4096,16384,5632,1310.037,3432.626,1761.145,0.2125
mixed,16,2,0.125,4.0,64,1024,128,512,176,278.526,353.405,285.855,0.0979
mixed,16,2,0.125,4.0,64,1024,256,1024,352,316.095,455.964,338.238,0.1583
mixed,16,2,0.125,4.0,64,1024,512,2048,704,392.767,654.429,438.72,0.1756
mixed,16,2,0.125,4.0,64,1024,1024,4096,1408,528.381,1062.974,638.015,0.2051
mixed,16,2,0.125,4.0,64,1024,2048,8192,2816,808.092,1866.009,1031.577,0.2113
mixed,16,2,0.125,4.0,64,1024,4096,16384,5632,1364.955,3495.249,1820.055,0.2136
mixed,16,2,0.125,4.0,64,2048,128,512,176,320.572,395.933,324.159,0.0476
mixed,16,2,0.125,4.0,64,2048,256,1024,352,358.172,494.206,377.565,0.1426
mixed,16,2,0.125,4.0,64,2048,512,2048,704,432.571,692.317,479.998,0.1826
mixed,16,2,0.125,4.0,64,2048,1024,4096,1408,567.101,1097.978,680.539,0.2137
mixed,16,2,0.125,4.0,64,2048,2048,8192,2816,849.116,1910.967,1075.006,0.2127
mixed,16,2,0.125,4.0,64,2048,4096,16384,5632,1399.928,3528.591,1861.718,0.2169
mixed,16,2,0.125,4.0,64,4096,128,512,176,425.055,498.493,428.383,0.0453
mixed,16,2,0.125,4.0,64,4096,256,1024,352,459.9,595.262,480.252,0.1504
mixed,16,2,0.125,4.0,64,4096,512,2048,704,534.108,794.812,582.143,0.1843
mixed,16,2,0.125,4.0,64,4096,1024,4096,1408,673.532,1197.469,774.494,0.1927
mixed,16,2,0.125,4.0,64,4096,2048,8192,2816,947.163,2007.829,1174.011,0.2139
mixed,16,2,0.125,4.0,64,4096,4096,16384,5632,1501.945,3633.968,1968.693,0.2189
mixed,16,2,0.125,4.0,64,8192,128,512,176,627.231,702.014,635.771,0.1142
mixed,16,2,0.125,4.0,64,8192,256,1024,352,668.349,804.38,688.06,0.1449
mixed,16,2,0.125,4.0,64,8192,512,2048,704,738.269,1002.778,785.628,0.179
mixed,16,2,0.125,4.0,64,8192,1024,4096,1408,877.727,1401.209,983.866,0.2028
mixed,16,2,0.125,4.0,64,8192,2048,8192,2816,1154.745,2212.181,1377.656,0.2108
mixed,16,2,0.125,4.0,64,8192,4096,16384,5632,1707.513,3829.516,2166.582,0.2163
mixed,16,2,0.125,4.0,128,0,128,512,176,187.041,257.759,193.054,0.085
mixed,16,2,0.125,4.0,128,0,256,1024,352,222.463,360.735,244.766,0.1613
mixed,16,2,0.125,4.0,128,0,512,2048,704,297.15,563.294,346.621,0.1859
mixed,16,2,0.125,4.0,128,0,1024,4096,1408,433.469,969.66,545.662,0.2092
mixed,16,2,0.125,4.0,128,0,2048,8192,2816,713.98,1777.494,939.164,0.2117
mixed,16,2,0.125,4.0,128,0,4096,16384,5632,1273.303,3393.231,1728.442,0.2147
mixed,16,2,0.125,4.0,128,512,128,512,176,318.431,392.093,325.406,0.0947
mixed,16,2,0.125,4.0,128,512,256,1024,352,355.612,495.708,377.181,0.154
mixed,16,2,0.125,4.0,128,512,512,2048,704,430.815,692.026,480.637,0.1907
mixed,16,2,0.125,4.0,128,512,1024,4096,1408,568.191,1097.498,675.87,0.2034
mixed,16,2,0.125,4.0,128,512,2048,8192,2816,845.468,1917.782,1071.963,0.2112
mixed,16,2,0.125,4.0,128,512,4096,16384,5632,1403.608,3529.232,1865.398,0.2172
mixed,16,2,0.125,4.0,128,1024,128,512,176,389.054,461.341,395.23,0.0854
mixed,16,2,0.125,4.0,128,1024,256,1024,352,425.47,562.237,443.932,0.135
mixed,16,2,0.125,4.0,128,1024,512,2048,704,499.646,761.693,544.063,0.1695
mixed,16,2,0.125,4.0,128,1024,1024,4096,1408,635.355,1164.732,742.78,0.2029
mixed,16,2,0.125,4.0,128,1024,2048,8192,2816,911.71,1976.407,1136.827,0.2114
mixed,16,2,0.125,4.0,128,1024,4096,16384,5632,1468.728,3592.015,1927.318,0.216
mixed,16,2,0.125,4.0,128,2048,128,512,176,487.709,559.038,492.156,0.0623
mixed,16,2,0.125,4.0,128,2048,256,1024,352,525.598,661.789,543.998,0.1351
mixed,16,2,0.125,4.0,128,2048,512,2048,704,596.319,859.259,640.83,0.1693
mixed,16,2,0.125,4.0,128,2048,1024,4096,1408,735.132,1262.138,839.996,0.199
mixed,16,2,0.125,4.0,128,2048,2048,8192,2816,1012.666,2071.445,1235.097,0.2101
mixed,16,2,0.125,4.0,128,2048,4096,16384,5632,1570.007,3689.294,2027.383,0.2158
mixed,16,2,0.125,4.0,128,4096,128,512,176,686.202,759.323,691.644,0.0744
mixed,16,2,0.125,4.0,128,4096,256,1024,352,725.022,859.707,743.165,0.1347
mixed,16,2,0.125,4.0,128,4096,512,2048,704,798.233,1063.288,841.977,0.165
mixed,16,2,0.125,4.0,128,4096,1024,4096,1408,932.123,1465.082,1038.81,0.2002
mixed,16,2,0.125,4.0,128,4096,2048,8192,2816,1211.93,2270.902,1430.232,0.2061
mixed,16,2,0.125,4.0,128,4096,4096,16384,5632,1768.631,3888.298,2225.43,0.2155
mixed,16,2,0.125,4.0,128,8192,128,512,176,1083.483,1157.69,1086.043,0.0345
mixed,16,2,0.125,4.0,128,8192,256,1024,352,1120.793,1256.602,1137.243,0.1211
mixed,16,2,0.125,4.0,128,8192,512,2048,704,1191.96,1452.728,1240.375,0.1857
mixed,16,2,0.125,4.0,128,8192,1024,4096,1408,1332.377,1857.302,1431.0,0.1879
mixed,16,2,0.125,4.0,128,8192,2048,8192,2816,1604.727,2667.604,1824.792,0.207
mixed,16,2,0.125,4.0,128,8192,4096,16384,5632,2162.902,4287.66,2617.715,0.2141
mixed,16,2,0.125,4.0,256,0,128,512,176,303.358,379.967,312.284,0.1165
mixed,16,2,0.125,4.0,256,0,256,1024,352,343.069,479.581,361.821,0.1374
mixed,16,2,0.125,4.0,256,0,512,2048,704,416.544,681.756,465.629,0.1851
mixed,16,2,0.125,4.0,256,0,1024,4096,1408,553.247,1087.035,662.622,0.2049
mixed,16,2,0.125,4.0,256,0,2048,8192,2816,835.517,1893.752,1057.66,0.2099
mixed,16,2,0.125,4.0,256,0,4096,16384,5632,1394.167,3518.418,1849.463,0.2143
mixed,16,2,0.125,4.0,256,512,128,512,176,435.837,508.03,441.599,0.0798
mixed,16,2,0.125,4.0,256,512,256,1024,352,470.524,607.421,491.613,0.1541
mixed,16,2,0.125,4.0,256,512,512,2048,704,546.075,809.884,588.926,0.1624
mixed,16,2,0.125,4.0,256,512,1024,4096,1408,683.9,1214.459,789.561,0.1992
mixed,16,2,0.125,4.0,256,512,2048,8192,2816,959.322,2023.51,1189.977,0.2167
mixed,16,2,0.125,4.0,256,512,4096,16384,5632,1515.223,3645.133,1971.637,0.2143
mixed,16,2,0.125,4.0,256,1024,128,512,176,534.08,607.357,538.717,0.0633
mixed,16,2,0.125,4.0,256,1024,256,1024,352,571.037,706.013,589.534,0.137
mixed,16,2,0.125,4.0,256,1024,512,2048,704,646.335,905.69,687.996,0.1606
mixed,16,2,0.125,4.0,256,1024,1024,4096,1408,778.906,1311.29,884.829,0.199
mixed,16,2,0.125,4.0,256,1024,2048,8192,2816,1057.562,2127.158,1276.953,0.2051
mixed,16,2,0.125,4.0,256,1024,4096,16384,5632,1614.457,3739.471,2070.007,0.2144
mixed,16,2,0.125,4.0,256,2048,128,512,176,728.189,804.253,735.133,0.0913
mixed,16,2,0.125,4.0,256,2048,256,1024,352,768.029,903.833,787.741,0.1452
mixed,16,2,0.125,4.0,256,2048,512,2048,704,842.107,1101.208,883.229,0.1587
mixed,16,2,0.125,4.0,256,2048,1024,4096,1408,978.555,1502.103,1081.788,0.1972
mixed,16,2,0.125,4.0,256,2048,2048,8192,2816,1251.164,2317.653,1476.919,0.2117
mixed,16,2,0.125,4.0,256,2048,4096,16384,5632,1807.451,3929.068,2265.718,0.216
mixed,16,2,0.125,4.0,256,4096,128,512,176,1129.786,1204.954,1132.92,0.0417
mixed,16,2,0.125,4.0,256,4096,256,1024,352,1166.906,1301.784,1183.034,0.1196
mixed,16,2,0.125,4.0,256,4096,512,2048,704,1240.218,1498.521,1278.488,0.1482
mixed,16,2,0.125,4.0,256,4096,1024,4096,1408,1374.97,1901.848,1477.562,0.1947
mixed,16,2,0.125,4.0,256,4096,2048,8192,2816,1650.23,2710.101,1872.247,0.2095
mixed,16,2,0.125,4.0,256,4096,4096,16384,5632,2211.349,4330.379,2661.554,0.2125
mixed,16,2,0.125,4.0,256,8192,128,512,176,1916.759,1990.292,1921.208,0.0605
mixed,16,2,0.125,4.0,256,8192,256,1024,352,1951.703,2091.669,1971.031,0.1381
mixed,16,2,0.125,4.0,256,8192,512,2048,704,2026.261,2291.0,2073.654,0.179
mixed,16,2,0.125,4.0,256,8192,1024,4096,1408,2164.947,2690.707,2270.291,0.2004
mixed,16,2,0.125,4.0,256,8192,2048,8192,2816,2438.963,3502.187,2659.252,0.2072
mixed,16,2,0.125,4.0,256,8192,4096,16384,5632,2992.561,5131.466,3448.591,0.2132
mixed,16,2,0.125,4.0,512,0,128,512,176,577.497,650.653,585.116,0.1041
mixed,16,2,0.125,4.0,512,0,256,1024,352,613.883,751.546,631.514,0.1281
mixed,16,2,0.125,4.0,512,0,512,2048,704,690.909,948.633,732.382,0.1609
mixed,16,2,0.125,4.0,512,0,1024,4096,1408,826.78,1348.89,932.123,0.2018
mixed,16,2,0.125,4.0,512,0,2048,8192,2816,1101.403,2159.607,1316.73,0.2035
mixed,16,2,0.125,4.0,512,0,4096,16384,5632,1655.926,3776.141,2113.91,0.216
mixed,16,2,0.125,4.0,512,512,128,512,176,796.412,869.181,802.428,0.0827
mixed,16,2,0.125,4.0,512,512,256,1024,352,831.453,970.59,851.069,0.141
mixed,16,2,0.125,4.0,512,512,512,2048,704,905.084,1165.789,949.722,0.1712
mixed,16,2,0.125,4.0,512,512,1024,4096,1408,1043.039,1568.794,1144.602,0.1932
mixed,16,2,0.125,4.0,512,512,2048,8192,2816,1316.699,2376.564,1538.488,0.2093
mixed,16,2,0.125,4.0,512,512,4096,16384,5632,1874.293,3995.944,2327.606,0.2137
mixed,16,2,0.125,4.0,512,1024,128,512,176,991.099,1064.634,996.986,0.0801
mixed,16,2,0.125,4.0,512,1024,256,1024,352,1028.442,1166.364,1048.315,0.1441
mixed,16,2,0.125,4.0,512,1024,512,2048,704,1102.138,1363.865,1145.402,0.1653
mixed,16,2,0.125,4.0,512,1024,1024,4096,1408,1235.354,1765.525,1344.697,0.2062
mixed,16,2,0.125,4.0,512,1024,2048,8192,2816,1517.146,2572.692,1735.64,0.207
mixed,16,2,0.125,4.0,512,1024,4096,16384,5632,2071.158,4189.451,2527.507,0.2154
mixed,16,2,0.125,4.0,512,2048,128,512,176,1385.753,1461.112,1391.066,0.0705
mixed,16,2,0.125,4.0,512,2048,256,1024,352,1421.368,1556.503,1439.865,0.1369
mixed,16,2,0.125,4.0,512,2048,512,2048,704,1496.762,1758.71,1540.379,0.1665
mixed,16,2,0.125,4.0,512,2048,1024,4096,1408,1630.009,2157.779,1734.071,0.1972
mixed,16,2,0.125,4.0,512,2048,2048,8192,2816,1909.014,2968.21,2137.463,0.2157
mixed,16,2,0.125,4.0,512,2048,4096,16384,5632,2459.764,4585.706,2920.116,0.2165
mixed,16,2,0.125,4.0,512,4096,128,512,176,2174.389,2247.026,2181.685,0.1004
mixed,16,2,0.125,4.0,512,4096,256,1024,352,2213.686,2348.981,2229.716,0.1185
mixed,16,2,0.125,4.0,512,4096,512,2048,704,2283.285,2547.763,2325.653,0.1602
mixed,16,2,0.125,4.0,512,4096,1024,4096,1408,2426.582,2944.527,2525.205,0.1904
mixed,16,2,0.125,4.0,512,4096,2048,8192,2816,2695.925,3757.487,2913.971,0.2054
mixed,16,2,0.125,4.0,512,4096,4096,16384,5632,3247.088,5375.271,3713.323,0.2191
mixed,16,2,0.125,4.0,512,8192,128,512,176,3757.097,3833.546,3760.01,0.0381
mixed,16,2,0.125,4.0,512,8192,256,1024,352,3795.664,3930.127,3808.458,0.0951
mixed,16,2,0.125,4.0,512,8192,512,2048,704,3858.283,4125.359,3920.876,0.2344
mixed,16,2,0.125,4.0,512,8192,1024,4096,1408,3998.765,4526.475,4101.901,0.1954
mixed,16,2,0.125,4.0,512,8192,2048,8192,2816,4267.692,5347.432,4495.147,0.2107
mixed,16,2,0.125,4.0,512,8192,4096,16384,5632,4830.313,6962.846,5280.321,0.211
mixed,16,2,0.125,4.0,1024,0,128,512,176,903.068,978.202,913.274,0.1358
mixed,16,2,0.125,4.0,1024,0,256,1024,352,941.147,1079.993,962.298,0.1523
mixed,16,2,0.125,4.0,1024,0,512,2048,704,1018.426,1278.427,1063.74,0.1743
mixed,16,2,0.125,4.0,1024,0,1024,4096,1408,1153.147,1683.194,1260.155,0.2019
mixed,16,2,0.125,4.0,1024,0,2048,8192,2816,1431.319,2493.714,1657.463,0.2129
mixed,16,2,0.125,4.0,1024,0,4096,16384,5632,1988.215,4109.356,2446.898,0.2162
mixed,16,2,0.125,4.0,1024,512,128,512,176,1373.049,1446.072,1380.536,0.1025
mixed,16,2,0.125,4.0,1024,512,256,1024,352,1409.722,1546.263,1431.384,0.1586
mixed,16,2,0.125,4.0,1024,512,512,2048,704,1483.993,1747.575,1531.383,0.1798
mixed,16,2,0.125,4.0,1024,512,1024,4096,1408,1625.27,2150.068,1731.352,0.2021
mixed,16,2,0.125,4.0,1024,512,2048,8192,2816,1897.782,2964.046,2125.494,0.2136
mixed,16,2,0.125,4.0,1024,512,4096,16384,5632,2458.932,4584.619,2912.593,0.2134
mixed,16,2,0.125,4.0,1024,1024,128,512,176,1769.334,1838.869,1772.246,0.0419
mixed,16,2,0.125,4.0,1024,1024,256,1024,352,1803.381,1941.652,1825.272,0.1583
mixed,16,2,0.125,4.0,1024,1024,512,2048,704,1876.119,2140.756,1923.351,0.1785
mixed,16,2,0.125,4.0,1024,1024,1024,4096,1408,2015.7,2546.194,2119.252,0.1952
mixed,16,2,0.125,4.0,1024,1024,2048,8192,2816,2289.845,3353.776,2517.876,0.2143
mixed,16,2,0.125,4.0,1024,1024,4096,16384,5632,2847.921,4974.893,3309.648,0.2171
mixed,16,2,0.125,4.0,1024,2048,128,512,176,2550.806,2620.434,2555.124,0.062
mixed,16,2,0.125,4.0,1024,2048,256,1024,352,2586.58,2719.76,2604.085,0.1314
mixed,16,2,0.125,4.0,1024,2048,512,2048,704,2659.345,2917.363,2707.061,0.1849
mixed,16,2,0.125,4.0,1024,2048,1024,4096,1408,2796.048,3325.841,2903.378,0.2026
mixed,16,2,0.125,4.0,1024,2048,2048,8192,2816,3071.955,4134.667,3298.16,0.2129
mixed,16,2,0.125,4.0,1024,2048,4096,16384,5632,3632.91,5758.786,4082.6,0.2115
mixed,16,2,0.125,4.0,1024,4096,128,512,176,4158.536,4231.789,4165.994,0.1018
mixed,16,2,0.125,4.0,1024,4096,256,1024,352,4186.956,4320.296,4217.066,0.2258
mixed,16,2,0.125,4.0,1024,4096,512,2048,704,4254.984,4536.425,4316.972,0.2203
mixed,16,2,0.125,4.0,1024,4096,1024,4096,1408,4404.55,4937.731,4514.41,0.206
mixed,16,2,0.125,4.0,1024,4096,2048,8192,2816,4673.319,5748.386,4913.864,0.2237
mixed,16,2,0.125,4.0,1024,4096,4096,16384,5632,5246.564,7364.475,5686.211,0.2076
mixed,16,2,0.125,4.0,1024,8192,128,512,176,7324.889,7383.579,7315.161,-0.1658
mixed,16,2,0.125,4.0,1024,8192,256,1024,352,7348.951,7475.865,7360.892,0.0941
mixed,16,2,0.125,4.0,1024,8192,512,2048,704,7408.604,7674.943,7462.103,0.2009
mixed,16,2,0.125,4.0,1024,8192,1024,4096,1408,7564.538,8081.785,7667.864,0.1998
mixed,16,2,0.125,4.0,1024,8192,2048,8192,2816,7833.047,8915.478,8056.282,0.2062
mixed,16,2,0.125,4.0,1024,8192,4096,16384,5632,8398.678,10529.964,8842.132,0.2081
mixed,16,2,0.125,4.0,2048,0,128,512,176,2386.324,2457.621,2388.116,0.0251
mixed,16,2,0.125,4.0,2048,0,256,1024,352,2418.899,2553.3,2432.818,0.1036
mixed,16,2,0.125,4.0,2048,0,512,2048,704,2496.725,2755.888,2536.917,0.1551
mixed,16,2,0.125,4.0,2048,0,1024,4096,1408,2631.443,3164.497,2744.692,0.2125
mixed,16,2,0.125,4.0,2048,0,2048,8192,2816,2904.979,3974.061,3129.873,0.2104
mixed,16,2,0.125,4.0,2048,0,4096,16384,5632,3468.751,5590.726,3927.693,0.2163
mixed,16,2,0.125,4.0,2048,512,128,512,176,3226.705,3309.585,3244.816,0.2185
mixed,16,2,0.125,4.0,2048,512,256,1024,352,3283.793,3419.823,3289.199,0.0397
mixed,16,2,0.125,4.0,2048,512,512,2048,704,3349.231,3615.661,3382.161,0.1236
mixed,16,2,0.125,4.0,2048,512,1024,4096,1408,3486.801,4008.111,3581.166,0.181
mixed,16,2,0.125,4.0,2048,512,2048,8192,2816,3754.669,4837.799,3982.603,0.2104
mixed,16,2,0.125,4.0,2048,512,4096,16384,5632,4315.242,6453.188,4767.947,0.2117
mixed,16,2,0.125,4.0,2048,1024,128,512,176,4067.02,4144.652,4076.11,0.1171
mixed,16,2,0.125,4.0,2048,1024,256,1024,352,4099.756,4244.812,4118.348,0.1282
mixed,16,2,0.125,4.0,2048,1024,512,2048,704,4177.769,4444.265,4223.566,0.1718
mixed,16,2,0.125,4.0,2048,1024,1024,4096,1408,4311.241,4846.793,4426.758,0.2157
mixed,16,2,0.125,4.0,2048,1024,2048,8192,2816,4598.506,5662.727,4811.018,0.1997
mixed,16,2,0.125,4.0,2048,1024,4096,16384,5632,5157.959,7286.109,5623.013,0.2185
mixed,16,2,0.125,4.0,2048,2048,128,512,176,5719.427,5793.029,5737.828,0.25
mixed,16,2,0.125,4.0,2048,2048,256,1024,352,5745.606,5895.553,5770.02,0.1628
mixed,16,2,0.125,4.0,2048,2048,512,2048,704,5842.308,6116.227,5885.058,0.1561
mixed,16,2,0.125,4.0,2048,2048,1024,4096,1408,5961.283,6510.109,6082.274,0.2205
mixed,16,2,0.125,4.0,2048,2048,2048,8192,2816,6239.362,7304.254,6471.453,0.2179
mixed,16,2,0.125,4.0,2048,2048,4096,16384,5632,6813.178,8928.468,7261.917,0.2121
mixed,16,2,0.125,4.0,2048,4096,128,512,176,8963.925,9012.658,8954.068,-0.2023
mixed,16,2,0.125,4.0,2048,4096,256,1024,352,8990.677,9113.493,9007.574,0.1376
mixed,16,2,0.125,4.0,2048,4096,512,2048,704,9462.063,9302.675,9114.866,
mixed,16,2,0.125,4.0,2048,4096,1024,4096,1408,9187.191,9709.361,9283.983,0.1854
mixed,16,2,0.125,4.0,2048,4096,2048,8192,2816,9478.16,10558.542,9663.696,0.1717
mixed,16,2,0.125,4.0,2048,4096,4096,16384,5632,10019.281,12157.283,10468.176,0.21
mixed,16,2,0.125,4.0,2048,8192,128,512,176,15207.444,15276.247,15199.035,-0.1222
mixed,16,2,0.125,4.0,2048,8192,256,1024,352,15268.985,15412.853,15291.736,0.1581
mixed,16,2,0.125,4.0,2048,8192,512,2048,704,15330.906,15622.961,15422.77,0.3145
mixed,16,2,0.125,4.0,2048,8192,1024,4096,1408,15488.305,16021.65,15587.284,0.1856
mixed,16,2,0.125,4.0,2048,8192,2048,8192,2816,15745.873,16835.147,15992.756,0.2266
mixed,16,2,0.125,4.0,2048,8192,4096,16384,5632,16316.399,18466.657,16749.713,0.2015
pure,16,3,0.1875,4.0,0,0,128,512,200,99.742,167.484,108.127,0.1238
pure,16,3,0.1875,4.0,0,0,256,1024,400,144.703,267.167,162.303,0.1437
pure,16,3,0.1875,4.0,0,0,512,2048,800,224.447,470.463,264.382,0.1623
pure,16,3,0.1875,4.0,0,0,1024,4096,1600,380.798,878.747,465.438,0.17
pure,16,3,0.1875,4.0,0,0,2048,8192,3200,701.981,1692.568,860.314,0.1598
pure,16,3,0.1875,4.0,0,0,4096,16384,6400,1332.954,3307.374,1656.183,0.1637
mixed,16,3,0.1875,4.0,16,0,128,512,200,122.08,190.623,130.529,0.1233
mixed,16,3,0.1875,4.0,16,0,256,1024,400,166.721,289.853,182.303,0.1265
mixed,16,3,0.1875,4.0,16,0,512,2048,800,246.817,495.676,285.278,0.1545
mixed,16,3,0.1875,4.0,16,0,1024,4096,1600,403.839,900.859,485.053,0.1634
mixed,16,3,0.1875,4.0,16,0,2048,8192,3200,723.996,1708.406,884.924,0.1635
mixed,16,3,0.1875,4.0,16,0,4096,16384,6400,1358.106,3324.719,1674.04,0.1606
mixed,16,3,0.1875,4.0,16,512,128,512,200,164.799,230.911,172.385,0.1147
mixed,16,3,0.1875,4.0,16,512,256,1024,400,211.071,332.479,223.424,0.1017
mixed,16,3,0.1875,4.0,16,512,512,2048,800,289.693,537.789,327.26,0.1514
mixed,16,3,0.1875,4.0,16,512,1024,4096,1600,445.472,942.362,526.59,0.1633
mixed,16,3,0.1875,4.0,16,512,2048,8192,3200,762.493,1750.836,923.164,0.1626
mixed,16,3,0.1875,4.0,16,512,4096,16384,6400,1396.28,3368.524,1713.428,0.1608
mixed,16,3,0.1875,4.0,16,1024,128,512,200,168.925,237.185,175.999,0.1036
mixed,16,3,0.1875,4.0,16,1024,256,1024,400,212.735,340.093,229.405,0.1309
mixed,16,3,0.1875,4.0,16,1024,512,2048,800,294.237,538.142,331.711,0.1536
mixed,16,3,0.1875,4.0,16,1024,1024,4096,1600,451.838,948.028,531.294,0.1601
mixed,16,3,0.1875,4.0,16,1024,2048,8192,3200,771.706,1761.942,930.492,0.1604
mixed,16,3,0.1875,4.0,16,1024,4096,16384,6400,1404.41,3378.542,1718.65,0.1592
mixed,16,3,0.1875,4.0,16,2048,128,512,200,175.998,245.15,182.947,0.1005
mixed,16,3,0.1875,4.0,16,2048,256,1024,400,221.214,346.624,236.319,0.1204
mixed,16,3,0.1875,4.0,16,2048,512,2048,800,300.638,550.684,339.519,0.1555
mixed,16,3,0.1875,4.0,16,2048,1024,4096,1600,460.028,950.266,536.892,0.1568
mixed,16,3,0.1875,4.0,16,2048,2048,8192,3200,778.427,1757.014,937.022,0.1621
mixed,16,3,0.1875,4.0,16,2048,4096,16384,6400,1413.271,3391.154,1727.864,0.1591
mixed,16,3,0.1875,4.0,16,4096,128,512,200,210.623,283.103,218.495,0.1086
mixed,16,3,0.1875,4.0,16,4096,256,1024,400,258.879,382.942,270.333,0.0923
mixed,16,3,0.1875,4.0,16,4096,512,2048,800,337.821,583.455,372.635,0.1417
mixed,16,3,0.1875,4.0,16,4096,1024,4096,1600,495.262,987.996,572.574,0.1569
mixed,16,3,0.1875,4.0,16,4096,2048,8192,3200,810.876,1807.288,967.736,0.1574
mixed,16,3,0.1875,4.0,16,4096,4096,16384,6400,1454.104,3414.989,1763.191,0.1576
mixed,16,3,0.1875,4.0,16,8192,128,512,200,265.501,336.383,271.423,0.0835
mixed,16,3,0.1875,4.0,16,8192,256,1024,400,311.996,434.971,323.932,0.0971
mixed,16,3,0.1875,4.0,16,8192,512,2048,800,390.687,636.89,422.525,0.1293
mixed,16,3,0.1875,4.0,16,8192,1024,4096,1600,549.819,1042.267,626.396,0.1555
mixed,16,3,0.1875,4.0,16,8192,2048,8192,3200,869.979,1854.616,1022.073,0.1545
mixed,16,3,0.1875,4.0,16,8192,4096,16384,6400,1498.585,3475.633,1817.365,0.1612
mixed,16,3,0.1875,4.0,32,0,128,512,200,158.048,225.792,166.749,0.1284
mixed,16,3,0.1875,4.0,32,0,256,1024,400,204.543,328.509,219.199,0.1182
mixed,16,3,0.1875,4.0,32,0,512,2048,800,281.183,527.518,319.931,0.1573
mixed,16,3,0.1875,4.0,32,0,1024,4096,1600,437.181,932.316,520.159,0.1676
mixed,16,3,0.1875,4.0,32,0,2048,8192,3200,756.091,1745.942,915.388,0.1609
mixed,16,3,0.1875,4.0,32,0,4096,16384,6400,1387.674,3360.368,1705.112,0.1609
mixed,16,3,0.1875,4.0,32,512,128,512,200,203.037,273.344,208.894,0.0833
mixed,16,3,0.1875,4.0,32,512,256,1024,400,249.122,371.615,261.888,0.1042
mixed,16,3,0.1875,4.0,32,512,512,2048,800,327.966,572.253,364.287,0.1487
mixed,16,3,0.1875,4.0,32,512,1024,4096,1600,484.83,981.659,563.263,0.1579
mixed,16,3,0.1875,4.0,32,512,2048,8192,3200,805.147,1788.114,960.505,0.1581
mixed,16,3,0.1875,4.0,32,512,4096,16384,6400,1436.918,3420.367,1754.903,0.1603
mixed,16,3,0.1875,4.0,32,1024,128,512,200,210.11,281.182,215.901,0.0815
mixed,16,3,0.1875,4.0,32,1024,256,1024,400,258.24,381.342,267.744,0.0772
mixed,16,3,0.1875,4.0,32,1024,512,2048,800,335.295,580.506,372.604,0.1522
mixed,16,3,0.1875,4.0,32,1024,1024,4096,1600,494.428,989.66,569.791,0.1522
mixed,16,3,0.1875,4.0,32,1024,2048,8192,3200,810.045,1799.54,965.948,0.1576
mixed,16,3,0.1875,4.0,32,1024,4096,16384,6400,1446.327,3411.633,1758.489,0.1588
mixed,16,3,0.1875,4.0,32,2048,128,512,200,225.023,296.829,230.015,0.0695
mixed,16,3,0.1875,4.0,32,2048,256,1024,400,275.453,399.934,285.28,0.0789
mixed,16,3,0.1875,4.0,32,2048,512,2048,800,352.509,600.474,386.27,0.1362
mixed,16,3,0.1875,4.0,32,2048,1024,4096,1600,512.383,1007.644,585.534,0.1477
mixed,16,3,0.1875,4.0,32,2048,2048,8192,3200,831.099,1816.63,983.963,0.1551
mixed,16,3,0.1875,4.0,32,2048,4096,16384,6400,1462.136,3436.24,1780.983,0.1615
mixed,16,3,0.1875,4.0,32,4096,128,512,200,319.968,387.934,323.292,0.0489
mixed,16,3,0.1875,4.0,32,4096,256,1024,400,365.63,491.198,376.155,0.0838
mixed,16,3,0.1875,4.0,32,4096,512,2048,800,445.372,685.755,477.28,0.1327
mixed,16,3,0.1875,4.0,32,4096,1024,4096,1600,602.298,1092.283,678.299,0.1551
mixed,16,3,0.1875,4.0,32,4096,2048,8192,3200,919.1,1899.765,1073.467,0.1574
mixed,16,3,0.1875,4.0,32,4096,4096,16384,6400,1549.883,3523.278,1860.056,0.1572
mixed,16,3,0.1875,4.0,32,8192,128,512,200,424.03,498.175,428.699,0.063
mixed,16,3,0.1875,4.0,32,8192,256,1024,400,470.816,598.27,481.63,0.0848
mixed,16,3,0.1875,4.0,32,8192,512,2048,800,551.453,798.139,583.067,0.1282
mixed,16,3,0.1875,4.0,32,8192,1024,4096,1600,706.426,1195.224,784.027,0.1588
mixed,16,3,0.1875,4.0,32,8192,2048,8192,3200,1022.012,2012.981,1179.867,0.1593
mixed,16,3,0.1875,4.0,32,8192,4096,16384,6400,1652.949,3627.855,1969.271,0.1602
mixed,16,3,0.1875,4.0,64,0,128,512,200,168.13,236.224,174.848,0.0987
mixed,16,3,0.1875,4.0,64,0,256,1024,400,214.976,334.782,227.135,0.1015
mixed,16,3,0.1875,4.0,64,0,512,2048,800,289.948,538.688,329.661,0.1597
mixed,16,3,0.1875,4.0,64,0,1024,4096,1600,449.728,945.883,531.26,0.1643
mixed,16,3,0.1875,4.0,64,0,2048,8192,3200,768.763,1755.543,924.154,0.1575
mixed,16,3,0.1875,4.0,64,0,4096,16384,6400,1400.89,3376.912,1719.0,0.161
mixed,16,3,0.1875,4.0,64,512,128,512,200,223.199,295.453,228.256,0.07
mixed,16,3,0.1875,4.0,64,512,256,1024,400,269.728,395.039,279.999,0.082
mixed,16,3,0.1875,4.0,64,512,512,2048,800,348.507,595.517,383.296,0.1408
mixed,16,3,0.1875,4.0,64,512,1024,4096,1600,510.619,1005.594,581.534,0.1433
mixed,16,3,0.1875,4.0,64,512,2048,8192,3200,827.131,1817.141,980.664,0.1551
mixed,16,3,0.1875,4.0,64,512,4096,16384,6400,1455.896,3434.0,1772.31,0.16
mixed,16,3,0.1875,4.0,64,1024,128,512,200,281.087,353.599,286.555,0.0754
mixed,16,3,0.1875,4.0,64,1024,256,1024,400,331.488,454.59,341.118,0.0782
mixed,16,3,0.1875,4.0,64,1024,512,2048,800,409.95,653.692,441.051,0.1276
mixed,16,3,0.1875,4.0,64,1024,1024,4096,1600,565.693,1063.515,637.946,0.1451
mixed,16,3,0.1875,4.0,64,1024,2048,8192,3200,881.723,1870.003,1038.234,0.1584
mixed,16,3,0.1875,4.0,64,1024,4096,16384,6400,1515.641,3491.377,1830.966,0.1596
mixed,16,3,0.1875,4.0,64,2048,128,512,200,324.859,394.589,327.901,0.0436
mixed,16,3,0.1875,4.0,64,2048,256,1024,400,371.454,494.717,381.502,0.0815
mixed,16,3,0.1875,4.0,64,2048,512,2048,800,448.19,695.293,479.772,0.1278
mixed,16,3,0.1875,4.0,64,2048,1024,4096,1600,603.579,1100.313,680.189,0.1542
mixed,16,3,0.1875,4.0,64,2048,2048,8192,3200,923.641,1908.47,1079.194,0.1579
mixed,16,3,0.1875,4.0,64,2048,4096,16384,6400,1554.552,3530.767,1872.215,0.1607
mixed,16,3,0.1875,4.0,64,4096,128,512,200,427.485,497.246,432.635,0.0738
mixed,16,3,0.1875,4.0,64,4096,256,1024,400,471.772,599.741,482.236,0.0818
mixed,16,3,0.1875,4.0,64,4096,512,2048,800,549.115,794.652,583.836,0.1414
mixed,16,3,0.1875,4.0,64,4096,1024,4096,1600,706.203,1197.656,782.937,0.1561
mixed,16,3,0.1875,4.0,64,4096,2048,8192,3200,1023.002,2009.175,1174.743,0.1539
mixed,16,3,0.1875,4.0,64,4096,4096,16384,6400,1660.539,3629.806,1975.511,0.1599
mixed,16,3,0.1875,4.0,64,8192,128,512,200,633.47,705.405,637.245,0.0525
mixed,16,3,0.1875,4.0,64,8192,256,1024,400,677.115,801.948,691.035,0.1115
mixed,16,3,0.1875,4.0,64,8192,512,2048,800,757.243,1000.186,787.326,0.1238
mixed,16,3,0.1875,4.0,64,8192,1024,4096,1600,913.211,1402.488,985.532,0.1478
mixed,16,3,0.1875,4.0,64,8192,2048,8192,3200,1226.908,2211.99,1379.962,0.1554
mixed,16,3,0.1875,4.0,64,8192,4096,16384,6400,1856.918,3834.636,2172.885,0.1598
mixed,16,3,0.1875,4.0,128,0,128,512,200,189.952,257.79,194.848,0.0722
mixed,16,3,0.1875,4.0,128,0,256,1024,400,235.775,360.575,246.942,0.0895
mixed,16,3,0.1875,4.0,128,0,512,2048,800,316.542,562.015,351.582,0.1427
mixed,16,3,0.1875,4.0,128,0,1024,4096,1600,470.558,968.539,550.941,0.1614
mixed,16,3,0.1875,4.0,128,0,2048,8192,3200,790.651,1777.561,947.708,0.1591
mixed,16,3,0.1875,4.0,128,0,4096,16384,6400,1420.985,3398.766,1738.586,0.1606
mixed,16,3,0.1875,4.0,128,512,128,512,200,322.236,394.781,324.737,0.0345
mixed,16,3,0.1875,4.0,128,512,256,1024,400,371.359,495.069,379.837,0.0685
mixed,16,3,0.1875,4.0,128,512,512,2048,800,448.255,696.478,483.165,0.1406
mixed,16,3,0.1875,4.0,128,512,1024,4096,1600,607.39,1100.38,678.429,0.1441
mixed,16,3,0.1875,4.0,128,512,2048,8192,3200,922.653,1914.134,1079.672,0.1584
mixed,16,3,0.1875,4.0,128,512,4096,16384,6400,1556.725,3527.694,1871.672,0.1598
mixed,16,3,0.1875,4.0,128,1024,128,512,200,390.462,459.519,396.093,0.0815
mixed,16,3,0.1875,4.0,128,1024,256,1024,400,436.382,561.053,448.798,0.0996
mixed,16,3,0.1875,4.0,128,1024,512,2048,800,515.069,759.642,547.677,0.1333
mixed,16,3,0.1875,4.0,128,1024,1024,4096,1600,670.749,1163.64,747.132,0.155
mixed,16,3,0.1875,4.0,128,1024,2048,8192,3200,989.145,1974.805,1143.161,0.1563
mixed,16,3,0.1875,4.0,128,1024,4096,16384,6400,1619.002,3595.983,1934.711,0.1597
mixed,16,3,0.1875,4.0,128,2048,128,512,200,489.981,559.231,494.112,0.0597
mixed,16,3,0.1875,4.0,128,2048,256,1024,400,536.254,660.955,544.894,0.0693
mixed,16,3,0.1875,4.0,128,2048,512,2048,800,610.91,861.372,645.661,0.1387
mixed,16,3,0.1875,4.0,128,2048,1024,4096,1600,770.974,1258.614,843.098,0.1479
mixed,16,3,0.1875,4.0,128,2048,2048,8192,3200,1084.379,2075.926,1240.987,0.1579
mixed,16,3,0.1875,4.0,128,2048,4096,16384,6400,1715.0,3694.895,2035.158,0.1617
mixed,16,3,0.1875,4.0,128,4096,128,512,200,691.421,764.028,695.357,0.0542
mixed,16,3,0.1875,4.0,128,4096,256,1024,400,736.477,858.97,747.836,0.0927
mixed,16,3,0.1875,4.0,128,4096,512,2048,800,811.294,1058.204,843.069,0.1287
mixed,16,3,0.1875,4.0,128,4096,1024,4096,1600,973.661,1462.007,1040.76,0.1374
mixed,16,3,0.1875,4.0,128,4096,2048,8192,3200,1285.497,2271.925,1434.041,0.1506
mixed,16,3,0.1875,4.0,128,4096,4096,16384,6400,1915.64,3889.516,2228.629,0.1586
mixed,16,3,0.1875,4.0,128,8192,128,512,200,1086.332,1156.377,1089.467,0.0448
mixed,16,3,0.1875,4.0,128,8192,256,1024,400,1132.028,1257.049,1141.881,0.0788
mixed,16,3,0.1875,4.0,128,8192,512,2048,800,1207.674,1453.336,1240.059,0.1318
mixed,16,3,0.1875,4.0,128,8192,1024,4096,1600,1369.752,1857.24,1442.201,0.1486
mixed,16,3,0.1875,4.0,128,8192,2048,8192,3200,1680.118,2666.673,1834.104,0.1561
mixed,16,3,0.1875,4.0,128,8192,4096,16384,6400,2307.029,4291.98,2622.067,0.1587
mixed,16,3,0.1875,4.0,256,0,128,512,200,310.046,377.822,313.183,0.0463
mixed,16,3,0.1875,4.0,256,0,256,1024,400,355.135,481.948,364.895,0.077
mixed,16,3,0.1875,4.0,256,0,512,2048,800,434.621,681.118,468.222,0.1363
mixed,16,3,0.1875,4.0,256,0,1024,4096,1600,590.11,1082.075,667.836,0.158
mixed,16,3,0.1875,4.0,256,0,2048,8192,3200,910.49,1895.162,1065.212,0.1571
mixed,16,3,0.1875,4.0,256,0,4096,16384,6400,1541.046,3520.687,1856.023,0.1591
mixed,16,3,0.1875,4.0,256,512,128,512,200,439.102,509.758,443.102,0.0566
mixed,16,3,0.1875,4.0,256,512,256,1024,400,487.934,611.038,495.356,0.0603
mixed,16,3,0.1875,4.0,256,512,512,2048,800,560.573,809.406,594.044,0.1345
mixed,16,3,0.1875,4.0,256,512,1024,4096,1600,718.718,1208.218,796.411,0.1587
mixed,16,3,0.1875,4.0,256,512,2048,8192,3200,1034.971,2022.872,1191.868,0.1588
mixed,16,3,0.1875,4.0,256,512,4096,16384,6400,1664.984,3636.396,1982.009,0.1608
mixed,16,3,0.1875,4.0,256,1024,128,512,200,536.609,604.221,541.631,0.0743
mixed,16,3,0.1875,4.0,256,1024,256,1024,400,584.221,707.196,591.546,0.0596
mixed,16,3,0.1875,4.0,256,1024,512,2048,800,660.925,910.041,691.549,0.1229
mixed,16,3,0.1875,4.0,256,1024,1024,4096,1600,817.435,1306.714,892.476,0.1534
mixed,16,3,0.1875,4.0,256,1024,2048,8192,3200,1134.427,2123.095,1278.651,0.1459
mixed,16,3,0.1875,4.0,256,1024,4096,16384,6400,1763.893,3733.646,2077.909,0.1594
mixed,16,3,0.1875,4.0,256,2048,128,512,200,731.902,804.892,737.466,0.0762
mixed,16,3,0.1875,4.0,256,2048,256,1024,400,777.117,901.851,786.588,0.0759
mixed,16,3,0.1875,4.0,256,2048,512,2048,800,853.53,1098.617,887.771,0.1397
mixed,16,3,0.1875,4.0,256,2048,1024,4096,1600,1013.562,1502.935,1085.979,0.148
mixed,16,3,0.1875,4.0,256,2048,2048,8192,3200,1325.37,2316.15,1477.977,0.154
mixed,16,3,0.1875,4.0,256,2048,4096,16384,6400,1964.629,3926.797,2270.9,0.1561
mixed,16,3,0.1875,4.0,256,4096,128,512,200,1131.068,1201.945,1135.579,0.0636
mixed,16,3,0.1875,4.0,256,4096,256,1024,400,1178.651,1302.906,1186.459,0.0628
mixed,16,3,0.1875,4.0,256,4096,512,2048,800,1250.522,1497.813,1283.768,0.1344
mixed,16,3,0.1875,4.0,256,4096,1024,4096,1600,1415.129,1902.613,1482.49,0.1382
mixed,16,3,0.1875,4.0,256,4096,2048,8192,3200,1724.632,2711.697,1882.87,0.1603
mixed,16,3,0.1875,4.0,256,4096,4096,16384,6400,2360.116,4338.282,2673.875,0.1586
mixed,16,3,0.1875,4.0,256,8192,128,512,200,1920.726,1994.133,1924.405,0.0501
mixed,16,3,0.1875,4.0,256,8192,256,1024,400,1967.126,2091.701,1979.191,0.0968
mixed,16,3,0.1875,4.0,256,8192,512,2048,800,2040.47,2287.635,2073.494,0.1336
mixed,16,3,0.1875,4.0,256,8192,1024,4096,1600,2200.405,2690.835,2275.157,0.1524
mixed,16,3,0.1875,4.0,256,8192,2048,8192,3200,2513.842,3505.199,2664.53,0.152
mixed,16,3,0.1875,4.0,256,8192,4096,16384,6400,3141.615,5117.928,3456.752,0.1595
mixed,16,3,0.1875,4.0,512,0,128,512,200,579.935,650.813,585.533,0.079
mixed,16,3,0.1875,4.0,512,0,256,1024,400,624.221,750.363,636.541,0.0977
mixed,16,3,0.1875,4.0,512,0,512,2048,800,701.373,949.273,734.013,0.1317
mixed,16,3,0.1875,4.0,512,0,1024,4096,1600,862.072,1351.545,930.681,0.1402
mixed,16,3,0.1875,4.0,512,0,2048,8192,3200,1173.113,2159.253,1324.218,0.1532
mixed,16,3,0.1875,4.0,512,0,4096,16384,6400,1808.215,3778.382,2119.124,0.1578
mixed,16,3,0.1875,4.0,512,512,128,512,200,802.012,870.205,805.726,0.0545
mixed,16,3,0.1875,4.0,512,512,256,1024,400,841.144,968.985,854.33,0.1031
mixed,16,3,0.1875,4.0,512,512,512,2048,800,920.347,1168.442,954.652,0.1383
mixed,16,3,0.1875,4.0,512,512,1024,4096,1600,1080.92,1571.545,1153.337,0.1476
mixed,16,3,0.1875,4.0,512,512,2048,8192,3200,1395.672,2380.692,1547.414,0.154
mixed,16,3,0.1875,4.0,512,512,4096,16384,6400,2025.238,3997.548,2339.539,0.1594
mixed,16,3,0.1875,4.0,512,1024,128,512,200,996.766,1065.531,1001.529,0.0693
mixed,16,3,0.1875,4.0,512,1024,256,1024,400,1040.764,1165.562,1050.875,0.081
mixed,16,3,0.1875,4.0,512,1024,512,2048,800,1117.721,1365.626,1149.533,0.1283
mixed,16,3,0.1875,4.0,512,1024,1024,4096,1600,1276.057,1767.062,1347.578,0.1457
mixed,16,3,0.1875,4.0,512,1024,2048,8192,3200,1587.736,2579.414,1742.741,0.1563
mixed,16,3,0.1875,4.0,512,1024,4096,16384,6400,2225.907,4194.989,2538.163,0.1586
mixed,16,3,0.1875,4.0,512,2048,128,512,200,1388.534,1461.464,1394.201,0.0777
mixed,16,3,0.1875,4.0,512,2048,256,1024,400,1432.313,1557.334,1444.568,0.098
mixed,16,3,0.1875,4.0,512,2048,512,2048,800,1511.638,1757.626,1540.506,0.1174
mixed,16,3,0.1875,4.0,512,2048,1024,4096,1600,1670.839,2155.414,1738.615,0.1399
mixed,16,3,0.1875,4.0,512,2048,2048,8192,3200,1982.519,2974.577,2131.894,0.1506
mixed,16,3,0.1875,4.0,512,2048,4096,16384,6400,2618.097,4595.911,2924.208,0.1548
mixed,16,3,0.1875,4.0,512,4096,128,512,200,2181.558,2246.709,2185.14,0.055
mixed,16,3,0.1875,4.0,512,4096,256,1024,400,2222.899,2347.924,2232.436,0.0763
mixed,16,3,0.1875,4.0,512,4096,512,2048,800,2299.123,2548.563,2334.195,0.1406
mixed,16,3,0.1875,4.0,512,4096,1024,4096,1600,2460.118,2945.646,2530.259,0.1445
mixed,16,3,0.1875,4.0,512,4096,2048,8192,3200,2776.882,3762.731,2925.233,0.1505
mixed,16,3,0.1875,4.0,512,4096,4096,16384,6400,3407.984,5378.601,3713.548,0.1551
mixed,16,3,0.1875,4.0,512,8192,128,512,200,3766.159,3819.565,3764.458,-0.0319
mixed,16,3,0.1875,4.0,512,8192,256,1024,400,3798.479,3926.762,3810.791,0.096
mixed,16,3,0.1875,4.0,512,8192,512,2048,800,3878.121,4125.292,3910.03,0.1291
mixed,16,3,0.1875,4.0,512,8192,1024,4096,1600,4036.906,4532.935,4108.493,0.1443
mixed,16,3,0.1875,4.0,512,8192,2048,8192,3200,4353.42,5330.946,4504.425,0.1545
mixed,16,3,0.1875,4.0,512,8192,4096,16384,6400,4985.064,6958.078,5296.837,0.158
mixed,16,3,0.1875,4.0,1024,0,128,512,200,905.209,977.597,914.299,0.1256
mixed,16,3,0.1875,4.0,1024,0,256,1024,400,952.155,1077.85,964.508,0.0983
mixed,16,3,0.1875,4.0,1024,0,512,2048,800,1033.981,1278.232,1064.826,0.1263
mixed,16,3,0.1875,4.0,1024,0,1024,4096,1600,1191.928,1687.767,1261.37,0.14
mixed,16,3,0.1875,4.0,1024,0,2048,8192,3200,1512.698,2491.795,1657.048,0.1474
mixed,16,3,0.1875,4.0,1024,0,4096,16384,6400,2137.368,4116.394,2456.019,0.161
mixed,16,3,0.1875,4.0,1024,512,128,512,200,1378.363,1448.952,1384.472,0.0865
mixed,16,3,0.1875,4.0,1024,512,256,1024,400,1421.913,1546.87,1436.248,0.1147
mixed,16,3,0.1875,4.0,1024,512,512,2048,800,1499.993,1746.935,1534.038,0.1379
mixed,16,3,0.1875,4.0,1024,512,1024,4096,1600,1661.08,2158.964,1735.031,0.1485
mixed,16,3,0.1875,4.0,1024,512,2048,8192,3200,1975.509,2965.425,2133.045,0.1591
mixed,16,3,0.1875,4.0,1024,512,4096,16384,6400,2610.1,4581.867,2923.154,0.1588
mixed,16,3,0.1875,4.0,1024,1024,128,512,200,1766.583,1839.255,1774.295,0.1061
mixed,16,3,0.1875,4.0,1024,1024,256,1024,400,1815.479,1939.031,1824.758,0.0751
mixed,16,3,0.1875,4.0,1024,1024,512,2048,800,1894.678,2139.705,1929.108,0.1405
mixed,16,3,0.1875,4.0,1024,1024,1024,4096,1600,2049.527,2546.737,2128.15,0.1581
mixed,16,3,0.1875,4.0,1024,1024,2048,8192,3200,2368.882,3356.847,2523.604,0.1566
mixed,16,3,0.1875,4.0,1024,1024,4096,16384,6400,3002.673,4970.662,3314.542,0.1585
mixed,16,3,0.1875,4.0,1024,2048,128,512,200,2550.736,2620.114,2556.051,0.0766
mixed,16,3,0.1875,4.0,1024,2048,256,1024,400,2601.842,2719.089,2607.123,0.045
mixed,16,3,0.1875,4.0,1024,2048,512,2048,800,2675.666,2925.072,2708.113,0.1301
mixed,16,3,0.1875,4.0,1024,2048,1024,4096,1600,2835.377,3325.677,2906.16,0.1444
mixed,16,3,0.1875,4.0,1024,2048,2048,8192,3200,3149.103,4139.884,3306.319,0.1587
mixed,16,3,0.1875,4.0,1024,2048,4096,16384,6400,3785.259,5764.837,4104.843,0.1614
mixed,16,3,0.1875,4.0,1024,4096,128,512,200,4170.219,4238.664,4172.041,0.0266
mixed,16,3,0.1875,4.0,1024,4096,256,1024,400,4219.115,4339.914,4216.549,-0.0212
mixed,16,3,0.1875,4.0,1024,4096,512,2048,800,4293.511,4540.584,4323.818,0.1227
mixed,16,3,0.1875,4.0,1024,4096,1024,4096,1600,4439.275,4948.006,4514.858,0.1486
mixed,16,3,0.1875,4.0,1024,4096,2048,8192,3200,4768.199,5748.483,4923.496,0.1584
mixed,16,3,0.1875,4.0,1024,4096,4096,16384,6400,5399.496,7370.744,5714.18,0.1596
mixed,16,3,0.1875,4.0,1024,8192,128,512,200,7326.966,7392.955,7305.691,-0.3224
mixed,16,3,0.1875,4.0,1024,8192,256,1024,400,7367.386,7493.277,7373.404,0.0478
mixed,16,3,0.1875,4.0,1024,8192,512,2048,800,7450.682,7693.209,7479.863,0.1203
mixed,16,3,0.1875,4.0,1024,8192,1024,4096,1600,7589.656,8085.593,7682.263,0.1867
mixed,16,3,0.1875,4.0,1024,8192,2048,8192,3200,7887.416,8912.912,8071.768,0.1798
mixed,16,3,0.1875,4.0,1024,8192,4096,16384,6400,8555.32,10519.339,8882.324,0.1665
mixed,16,3,0.1875,4.0,2048,0,128,512,200,2389.171,2460.179,2391.219,0.0288
mixed,16,3,0.1875,4.0,2048,0,256,1024,400,2433.939,2564.533,2439.507,0.0426
mixed,16,3,0.1875,4.0,2048,0,512,2048,800,2512.817,2757.522,2549.363,0.1493
mixed,16,3,0.1875,4.0,2048,0,1024,4096,1600,2658.516,3173.169,2748.627,0.1751
mixed,16,3,0.1875,4.0,2048,0,2048,8192,3200,2985.904,3975.627,3135.377,0.151
mixed,16,3,0.1875,4.0,2048,0,4096,16384,6400,3617.675,5585.922,3930.957,0.1592
mixed,16,3,0.1875,4.0,2048,512,128,512,200,3244.976,3308.624,3246.862,0.0296
mixed,16,3,0.1875,4.0,2048,512,256,1024,400,3287.182,3418.926,3299.536,0.0938
mixed,16,3,0.1875,4.0,2048,512,512,2048,800,3367.088,3622.351,3404.911,0.1482
mixed,16,3,0.1875,4.0,2048,512,1024,4096,1600,3531.853,4024.204,3592.75,0.1237
mixed,16,3,0.1875,4.0,2048,512,2048,8192,3200,3835.183,4836.038,3982.986,0.1477
mixed,16,3,0.1875,4.0,2048,512,4096,16384,6400,4482.024,6452.416,4780.424,0.1514
mixed,16,3,0.1875,4.0,2048,1024,128,512,200,4072.812,4141.099,4078.347,0.0811
mixed,16,3,0.1875,4.0,2048,1024,256,1024,400,4124.205,4248.109,4126.601,0.0193
mixed,16,3,0.1875,4.0,2048,1024,512,2048,800,4197.642,4445.354,4231.692,0.1375
mixed,16,3,0.1875,4.0,2048,1024,1024,4096,1600,4355.688,4853.803,4438.025,0.1653
mixed,16,3,0.1875,4.0,2048,1024,2048,8192,3200,4673.129,5655.621,4835.368,0.1651
mixed,16,3,0.1875,4.0,2048,1024,4096,16384,6400,5298.695,7275.707,5631.939,0.1686
mixed,16,3,0.1875,4.0,2048,2048,128,512,200,5714.338,5795.94,5720.708,0.0781
mixed,16,3,0.1875,4.0,2048,2048,256,1024,400,5774.436,5905.314,5774.277,-0.0012
mixed,16,3,0.1875,4.0,2048,2048,512,2048,800,5856.225,6096.609,5868.035,0.0491
mixed,16,3,0.1875,4.0,2048,2048,1024,4096,1600,6002.788,6492.383,6068.578,0.1344
mixed,16,3,0.1875,4.0,2048,2048,2048,8192,3200,6316.803,7307.227,6477.791,0.1625
mixed,16,3,0.1875,4.0,2048,2048,4096,16384,6400,6948.413,8946.358,7282.809,0.1674
mixed,16,3,0.1875,4.0,2048,4096,128,512,200,8949.231,9034.356,8961.206,0.1407
mixed,16,3,0.1875,4.0,2048,4096,256,1024,400,9009.526,9116.784,9025.393,0.1479
mixed,16,3,0.1875,4.0,2048,4096,512,2048,800,9066.898,9320.112,9095.413,0.1126
mixed,16,3,0.1875,4.0,2048,4096,1024,4096,1600,9261.362,9750.988,9306.259,0.0917
mixed,16,3,0.1875,4.0,2048,4096,2048,8192,3200,9550.03,10537.549,9718.388,0.1705
mixed,16,3,0.1875,4.0,2048,4096,4096,16384,6400,10153.964,12144.35,10504.106,0.1759
mixed,16,3,0.1875,4.0,2048,8192,128,512,200,15229.551,15328.789,15220.792,-0.0883
mixed,16,3,0.1875,4.0,2048,8192,256,1024,400,15230.13,15401.909,15304.565,0.4333
mixed,16,3,0.1875,4.0,2048,8192,512,2048,800,15396.014,15595.187,15418.291,0.1118
mixed,16,3,0.1875,4.0,2048,8192,1024,4096,1600,15553.654,16040.976,15586.448,0.0673
mixed,16,3,0.1875,4.0,2048,8192,2048,8192,3200,15797.711,16820.555,15958.255,0.157
mixed,16,3,0.1875,4.0,2048,8192,4096,16384,6400,16439.791,18432.037,16761.837,0.1616
pure,16,4,0.25,4.0,0,0,128,512,224,104.32,168.062,112.258,0.1245
pure,16,4,0.25,4.0,0,0,256,1024,448,155.458,268.415,164.798,0.0827
pure,16,4,0.25,4.0,0,0,512,2048,896,242.174,470.942,266.687,0.1072
pure,16,4,0.25,4.0,0,0,1024,4096,1792,419.39,879.386,474.685,0.1202
pure,16,4,0.25,4.0,0,0,2048,8192,3584,776.315,1695.383,872.347,0.1045
pure,16,4,0.25,4.0,0,0,4096,16384,7168,1485.241,3311.217,1675.382,0.1041
mixed,16,4,0.25,4.0,16,0,128,512,224,125.632,188.607,133.949,0.1321
mixed,16,4,0.25,4.0,16,0,256,1024,448,176.193,289.534,187.041,0.0957
mixed,16,4,0.25,4.0,16,0,512,2048,896,263.933,493.244,290.46,0.1157
mixed,16,4,0.25,4.0,16,0,1024,4096,1792,442.653,902.588,496.155,0.1163
mixed,16,4,0.25,4.0,16,0,2048,8192,3584,798.461,1717.879,893.148,0.103
mixed,16,4,0.25,4.0,16,0,4096,16384,7168,1509.463,3325.073,1694.362,0.1018
mixed,16,4,0.25,4.0,16,512,128,512,224,168.512,231.903,175.646,0.1125
mixed,16,4,0.25,4.0,16,512,256,1024,448,218.269,332.128,228.764,0.0922
mixed,16,4,0.25,4.0,16,512,512,2048,896,307.677,537.373,334.108,0.1151
mixed,16,4,0.25,4.0,16,512,1024,4096,1792,485.371,943.709,535.996,0.1105
mixed,16,4,0.25,4.0,16,512,2048,8192,3584,840.573,1758.551,937.117,0.1052
mixed,16,4,0.25,4.0,16,512,4096,16384,7168,1549.497,3375.312,1742.007,0.1054
mixed,16,4,0.25,4.0,16,1024,128,512,224,171.745,238.623,180.32,0.1282
mixed,16,4,0.25,4.0,16,1024,256,1024,448,225.057,339.487,232.828,0.0679
mixed,16,4,0.25,4.0,16,1024,512,2048,896,313.118,541.375,337.312,0.106
mixed,16,4,0.25,4.0,16,1024,1024,4096,1792,490.206,949.98,540.763,0.11
mixed,16,4,0.25,4.0,16,1024,2048,8192,3584,847.738,1758.679,940.957,0.1023
mixed,16,4,0.25,4.0,16,1024,4096,16384,7168,1555.353,3379.697,1748.023,0.1056
mixed,16,4,0.25,4.0,16,2048,128,512,224,179.838,247.359,186.399,0.0972
mixed,16,4,0.25,4.0,16,2048,256,1024,448,232.225,347.868,242.974,0.0929
mixed,16,4,0.25,4.0,16,2048,512,2048,896,321.024,548.061,346.623,0.1128
mixed,16,4,0.25,4.0,16,2048,1024,4096,1792,496.605,956.025,548.507,0.113
mixed,16,4,0.25,4.0,16,2048,2048,8192,3584,854.013,1763.956,950.55,0.1061
mixed,16,4,0.25,4.0,16,2048,4096,16384,7168,1557.626,3382.64,1759.959,0.1109
mixed,16,4,0.25,4.0,16,4096,128,512,224,214.718,281.92,220.67,0.0886
mixed,16,4,0.25,4.0,16,4096,256,1024,448,268.703,384.636,278.048,0.0806
mixed,16,4,0.25,4.0,16,4096,512,2048,896,358.268,587.869,380.351,0.0962
mixed,16,4,0.25,4.0,16,4096,1024,4096,1792,533.533,995.579,582.877,0.1068
mixed,16,4,0.25,4.0,16,4096,2048,8192,3584,888.701,1799.447,984.089,0.1047
mixed,16,4,0.25,4.0,16,4096,4096,16384,7168,1599.287,3419.982,1785.432,0.1022
mixed,16,4,0.25,4.0,16,8192,128,512,224,266.751,336.767,274.526,0.111
mixed,16,4,0.25,4.0,16,8192,256,1024,448,322.975,440.06,332.254,0.0793
mixed,16,4,0.25,4.0,16,8192,512,2048,896,411.103,638.303,435.296,0.1065
mixed,16,4,0.25,4.0,16,8192,1024,4096,1792,587.291,1047.896,637.884,0.1098
mixed,16,4,0.25,4.0,16,8192,2048,8192,3584,946.043,1853.754,1037.755,0.101
mixed,16,4,0.25,4.0,16,8192,4096,16384,7168,1654.839,3477.456,1841.59,0.1025
mixed,16,4,0.25,4.0,32,0,128,512,224,161.215,227.837,169.408,0.123
mixed,16,4,0.25,4.0,32,0,256,1024,448,212.669,327.486,223.869,0.0975
mixed,16,4,0.25,4.0,32,0,512,2048,896,300.351,529.181,324.542,0.1057
mixed,16,4,0.25,4.0,32,0,1024,4096,1792,479.646,935.803,528.734,0.1076
mixed,16,4,0.25,4.0,32,0,2048,8192,3584,835.101,1747.447,932.221,0.1065
mixed,16,4,0.25,4.0,32,0,4096,16384,7168,1541.686,3368.908,1733.24,0.1048
mixed,16,4,0.25,4.0,32,512,128,512,224,205.409,271.165,212.798,0.1124
mixed,16,4,0.25,4.0,32,512,256,1024,448,258.621,370.302,266.175,0.0676
mixed,16,4,0.25,4.0,32,512,512,2048,896,345.883,572.508,370.559,0.1089
mixed,16,4,0.25,4.0,32,512,1024,4096,1792,522.463,979.261,573.788,0.1124
mixed,16,4,0.25,4.0,32,512,2048,8192,3584,882.362,1795.765,977.212,0.1038
mixed,16,4,0.25,4.0,32,512,4096,16384,7168,1585.753,3413.746,1780.084,0.1063
mixed,16,4,0.25,4.0,32,1024,128,512,224,212.065,279.455,219.84,0.1154
mixed,16,4,0.25,4.0,32,1024,256,1024,448,268.094,380.99,273.884,0.0513
mixed,16,4,0.25,4.0,32,1024,512,2048,896,353.727,581.754,378.972,0.1107
mixed,16,4,0.25,4.0,32,1024,1024,4096,1792,534.779,988.285,580.06,0.0998
mixed,16,4,0.25,4.0,32,1024,2048,8192,3584,888.442,1804.728,981.948,0.102
mixed,16,4,0.25,4.0,32,1024,4096,16384,7168,1597.494,3414.253,1782.264,0.1017
mixed,16,4,0.25,4.0,32,2048,128,512,224,227.487,295.68,234.431,0.1018
mixed,16,4,0.25,4.0,32,2048,256,1024,448,286.653,398.397,291.806,0.0461
mixed,16,4,0.25,4.0,32,2048,512,2048,896,374.847,596.862,393.728,0.085
mixed,16,4,0.25,4.0,32,2048,1024,4096,1792,546.269,1004.218,596.862,0.1105
mixed,16,4,0.25,4.0,32,2048,2048,8192,3584,907.292,1815.575,997.21,0.099
mixed,16,4,0.25,4.0,32,2048,4096,16384,7168,1617.048,3437.583,1800.47,0.1008
mixed,16,4,0.25,4.0,32,4096,128,512,224,321.691,388.893,326.619,0.0733
mixed,16,4,0.25,4.0,32,4096,256,1024,448,375.196,486.846,381.726,0.0585
mixed,16,4,0.25,4.0,32,4096,512,2048,896,462.301,687.487,482.78,0.0909
mixed,16,4,0.25,4.0,32,4096,1024,4096,1792,641.086,1091.385,683.356,0.0939
mixed,16,4,0.25,4.0,32,4096,2048,8192,3584,995.866,1909.204,1090.844,0.104
mixed,16,4,0.25,4.0,32,4096,4096,16384,7168,1701.465,3529.807,1895.608,0.1062
mixed,16,4,0.25,4.0,32,8192,128,512,224,429.243,496.446,431.934,0.04
mixed,16,4,0.25,4.0,32,8192,256,1024,448,485.215,596.446,488.381,0.0285
mixed,16,4,0.25,4.0,32,8192,512,2048,896,569.851,794.682,591.036,0.0942
mixed,16,4,0.25,4.0,32,8192,1024,4096,1792,745.595,1197.596,794.077,0.1073
mixed,16,4,0.25,4.0,32,8192,2048,8192,3584,1093.595,2015.768,1195.067,0.11
mixed,16,4,0.25,4.0,32,8192,4096,16384,7168,1810.676,3631.114,1999.092,0.1035
mixed,16,4,0.25,4.0,64,0,128,512,224,170.399,236.829,178.657,0.1243
mixed,16,4,0.25,4.0,64,0,256,1024,448,222.621,335.743,232.896,0.0908
mixed,16,4,0.25,4.0,64,0,512,2048,896,309.566,540.061,334.144,0.1066
mixed,16,4,0.25,4.0,64,0,1024,4096,1792,487.741,948.829,539.644,0.1126
mixed,16,4,0.25,4.0,64,0,2048,8192,3584,849.918,1754.999,942.237,0.102
mixed,16,4,0.25,4.0,64,0,4096,16384,7168,1549.529,3374.031,1742.293,0.1057
mixed,16,4,0.25,4.0,64,512,128,512,224,225.376,295.164,234.113,0.1252
mixed,16,4,0.25,4.0,64,512,256,1024,448,280.253,393.469,287.837,0.067
mixed,16,4,0.25,4.0,64,512,512,2048,896,369.245,597.212,391.583,0.098
mixed,16,4,0.25,4.0,64,512,1024,4096,1792,547.002,1005.305,593.63,0.1017
mixed,16,4,0.25,4.0,64,512,2048,8192,3584,899.035,1816.311,997.979,0.1079
mixed,16,4,0.25,4.0,64,512,4096,16384,7168,1611.159,3436.561,1795.668,0.1011
mixed,16,4,0.25,4.0,64,1024,128,512,224,284.959,352.734,291.101,0.0906
mixed,16,4,0.25,4.0,64,1024,256,1024,448,339.423,454.941,348.19,0.0759
mixed,16,4,0.25,4.0,64,1024,512,2048,896,428.026,655.357,450.013,0.0967
mixed,16,4,0.25,4.0,64,1024,1024,4096,1792,601.918,1059.706,652.157,0.1097
mixed,16,4,0.25,4.0,64,1024,2048,8192,3584,958.618,1870.681,1053.788,0.1043
mixed,16,4,0.25,4.0,64,1024,4096,16384,7168,1664.916,3483.246,1853.847,0.1039
mixed,16,4,0.25,4.0,64,2048,128,512,224,329.021,394.173,334.623,0.086
mixed,16,4,0.25,4.0,64,2048,256,1024,448,380.415,494.108,387.102,0.0588
mixed,16,4,0.25,4.0,64,2048,512,2048,896,469.024,694.172,485.404,0.0728
mixed,16,4,0.25,4.0,64,2048,1024,4096,1792,643.547,1098.458,689.052,0.1
mixed,16,4,0.25,4.0,64,2048,2048,8192,3584,998.042,1910.038,1090.713,0.1016
mixed,16,4,0.25,4.0,64,2048,4096,16384,7168,1708.949,3526.829,1899.641,0.1049
mixed,16,4,0.25,4.0,64,4096,128,512,224,431.708,496.19,434.749,0.0472
mixed,16,4,0.25,4.0,64,4096,256,1024,448,483.165,596.157,490.497,0.0649
mixed,16,4,0.25,4.0,64,4096,512,2048,896,572.316,798.364,587.709,0.0681
mixed,16,4,0.25,4.0,64,4096,1024,4096,1792,747.515,1202.46,789.565,0.0924
mixed,16,4,0.25,4.0,64,4096,2048,8192,3584,1103.739,2007.124,1190.49,0.096
mixed,16,4,0.25,4.0,64,4096,4096,16384,7168,1805.047,3638.221,1998.809,0.1057
mixed,16,4,0.25,4.0,64,8192,128,512,224,639.134,705.628,642.43,0.0496
mixed,16,4,0.25,4.0,64,8192,256,1024,448,692.669,803.835,693.786,0.01
mixed,16,4,0.25,4.0,64,8192,512,2048,896,777.372,1003.257,793.115,0.0697
mixed,16,4,0.25,4.0,64,8192,1024,4096,1792,951.452,1403.289,994.939,0.0962
mixed,16,4,0.25,4.0,64,8192,2048,8192,3584,1302.84,2210.931,1392.407,0.0986
mixed,16,4,0.25,4.0,64,8192,4096,16384,7168,2013.142,3836.461,2194.613,0.0995
mixed,16,4,0.25,4.0,128,0,128,512,224,193.469,257.79,197.888,0.0687
mixed,16,4,0.25,4.0,128,0,256,1024,448,244.67,360.99,252.321,0.0658
mixed,16,4,0.25,4.0,128,0,512,2048,896,335.105,564.155,356.127,0.0918
mixed,16,4,0.25,4.0,128,0,1024,4096,1792,508.862,967.673,561.597,0.1149
mixed,16,4,0.25,4.0,128,0,2048,8192,3584,864.155,1775.927,961.051,0.1063
mixed,16,4,0.25,4.0,128,0,4096,16384,7168,1576.757,3406.542,1769.174,0.1052
mixed,16,4,0.25,4.0,128,512,128,512,224,325.151,394.176,331.038,0.0853
mixed,16,4,0.25,4.0,128,512,256,1024,448,380.669,494.843,388.351,0.0673
mixed,16,4,0.25,4.0,128,512,512,2048,896,466.908,694.525,488.895,0.0966
mixed,16,4,0.25,4.0,128,512,1024,4096,1792,642.811,1099.387,689.017,0.1012
mixed,16,4,0.25,4.0,128,512,2048,8192,3584,1000.667,1915.157,1093.018,0.101
mixed,16,4,0.25,4.0,128,512,4096,16384,7168,1706.809,3528.877,1892.761,0.1021
mixed,16,4,0.25,4.0,128,1024,128,512,224,392.511,458.815,400.703,0.1236
mixed,16,4,0.25,4.0,128,1024,256,1024,448,449.053,559.038,453.663,0.0419
mixed,16,4,0.25,4.0,128,1024,512,2048,896,533.532,760.764,554.428,0.092
mixed,16,4,0.25,4.0,128,1024,1024,4096,1792,709.978,1166.327,756.349,0.1016
mixed,16,4,0.25,4.0,128,1024,2048,8192,3584,1064.569,1973.94,1159.577,0.1045
mixed,16,4,0.25,4.0,128,1024,4096,16384,7168,1776.601,3598.286,1956.564,0.0988
mixed,16,4,0.25,4.0,128,2048,128,512,224,492.639,559.771,496.639,0.0596
mixed,16,4,0.25,4.0,128,2048,256,1024,448,548.19,657.657,553.275,0.0465
mixed,16,4,0.25,4.0,128,2048,512,2048,896,638.524,860.029,652.541,0.0633
mixed,16,4,0.25,4.0,128,2048,1024,4096,1792,810.62,1259.898,856.22,0.1015
mixed,16,4,0.25,4.0,128,2048,2048,8192,3584,1161.787,2073.014,1252.921,0.1
mixed,16,4,0.25,4.0,128,2048,4096,16384,7168,1865.398,3690.545,2060.215,0.1067
mixed,16,4,0.25,4.0,128,4096,128,512,224,692.828,761.02,698.396,0.0817
mixed,16,4,0.25,4.0,128,4096,256,1024,448,748.954,859.132,750.942,0.018
mixed,16,4,0.25,4.0,128,4096,512,2048,896,834.78,1061.528,851.901,0.0755
mixed,16,4,0.25,4.0,128,4096,1024,4096,1792,1008.857,1462.297,1051.386,0.0938
mixed,16,4,0.25,4.0,128,4096,2048,8192,3584,1358.52,2269.015,1453.944,0.1048
mixed,16,4,0.25,4.0,128,4096,4096,16384,7168,2071.67,3889.199,2257.684,0.1023
mixed,16,4,0.25,4.0,128,8192,128,512,224,1088.666,1157.274,1095.546,0.1003
mixed,16,4,0.25,4.0,128,8192,256,1024,448,1144.347,1256.953,1147.418,0.0273
mixed,16,4,0.25,4.0,128,8192,512,2048,896,1233.402,1455.544,1249.24,0.0713
mixed,16,4,0.25,4.0,128,8192,1024,4096,1792,1405.526,1857.206,1444.79,0.0869
mixed,16,4,0.25,4.0,128,8192,2048,8192,3584,1755.51,2667.347,1848.471,0.1019
mixed,16,4,0.25,4.0,128,8192,4096,16384,7168,2464.53,4293.483,2653.236,0.1032
mixed,16,4,0.25,4.0,256,0,128,512,224,311.038,378.494,317.341,0.0934
mixed,16,4,0.25,4.0,256,0,256,1024,448,365.471,480.891,373.98,0.0737
mixed,16,4,0.25,4.0,256,0,512,2048,896,454.717,680.028,473.088,0.0815
mixed,16,4,0.25,4.0,256,0,1024,4096,1792,629.149,1083.899,676.765,0.1047
mixed,16,4,0.25,4.0,256,0,2048,8192,3584,986.269,1893.176,1076.891,0.0999
mixed,16,4,0.25,4.0,256,0,4096,16384,7168,1691.542,3509.614,1874.038,0.1004
mixed,16,4,0.25,4.0,256,512,128,512,224,441.885,509.308,448.575,0.0992
mixed,16,4,0.25,4.0,256,512,256,1024,448,496.96,610.203,500.957,0.0353
mixed,16,4,0.25,4.0,256,512,512,2048,896,581.503,807.705,599.995,0.0817
mixed,16,4,0.25,4.0,256,512,1024,4096,1792,758.525,1208.666,804.285,0.1017
mixed,16,4,0.25,4.0,256,512,2048,8192,3584,1111.703,2020.95,1204.25,0.1018
mixed,16,4,0.25,4.0,256,512,4096,16384,7168,1818.262,3638.862,2005.812,0.103
mixed,16,4,0.25,4.0,256,1024,128,512,224,539.132,606.843,544.83,0.0842
mixed,16,4,0.25,4.0,256,1024,256,1024,448,592.862,708.636,599.007,0.0531
mixed,16,4,0.25,4.0,256,1024,512,2048,896,680.509,904.765,702.205,0.0967
mixed,16,4,0.25,4.0,256,1024,1024,4096,1792,856.571,1309.976,901.882,0.0999
mixed,16,4,0.25,4.0,256,1024,2048,8192,3584,1204.505,2115.603,1294.938,0.0993
mixed,16,4,0.25,4.0,256,1024,4096,16384,7168,1917.749,3736.3,2105.077,0.103
mixed,16,4,0.25,4.0,256,2048,128,512,224,735.643,800.956,741.019,0.0823
mixed,16,4,0.25,4.0,256,2048,256,1024,448,789.149,902.681,793.98,0.0426
mixed,16,4,0.25,4.0,256,2048,512,2048,896,877.34,1103.513,895.323,0.0795
mixed,16,4,0.25,4.0,256,2048,1024,4096,1792,1051.866,1500.697,1096.572,0.0996
mixed,16,4,0.25,4.0,256,2048,2048,8192,3584,1402.777,2312.436,1493.499,0.0997
mixed,16,4,0.25,4.0,256,2048,4096,16384,7168,2109.844,3935.404,2293.589,0.1007
mixed,16,4,0.25,4.0,256,4096,128,512,224,1134.488,1199.898,1139.034,0.0695
mixed,16,4,0.25,4.0,256,4096,256,1024,448,1189.787,1300.602,1193.561,0.0341
mixed,16,4,0.25,4.0,256,4096,512,2048,896,1278.3,1499.733,1294.299,0.0723
mixed,16,4,0.25,4.0,256,4096,1024,4096,1792,1450.458,1902.036,1494.229,0.0969
mixed,16,4,0.25,4.0,256,4096,2048,8192,3584,1802.805,2717.681,1892.664,0.0982
mixed,16,4,0.25,4.0,256,4096,4096,16384,7168,2511.955,4336.459,2699.505,0.1028
mixed,16,4,0.25,4.0,256,8192,128,512,224,1922.646,1988.661,1926.61,0.06
mixed,16,4,0.25,4.0,256,8192,256,1024,448,1976.596,2086.42,1979.989,0.0309
mixed,16,4,0.25,4.0,256,8192,512,2048,896,2062.646,2290.422,2079.699,0.0749
mixed,16,4,0.25,4.0,256,8192,1024,4096,1792,2238.773,2689.329,2279.572,0.0906
mixed,16,4,0.25,4.0,256,8192,2048,8192,3584,2587.189,3497.293,2681.46,0.1036
mixed,16,4,0.25,4.0,256,8192,4096,16384,7168,3297.395,5114.506,3485.996,0.1038
mixed,16,4,0.25,4.0,512,0,128,512,224,582.587,649.758,589.213,0.0986
mixed,16,4,0.25,4.0,512,0,256,1024,448,636.156,753.083,639.902,0.032
mixed,16,4,0.25,4.0,512,0,512,2048,896,726.685,951.097,740.957,0.0636
mixed,16,4,0.25,4.0,512,0,1024,4096,1792,897.373,1347.478,939.707,0.0941
mixed,16,4,0.25,4.0,512,0,2048,8192,3584,1248.506,2163.83,1337.528,0.0973
mixed,16,4,0.25,4.0,512,0,4096,16384,7168,1953.3,3779.277,2148.212,0.1067
mixed,16,4,0.25,4.0,512,512,128,512,224,802.843,868.217,810.299,0.1141
mixed,16,4,0.25,4.0,512,512,256,1024,448,855.035,968.378,859.034,0.0353
mixed,16,4,0.25,4.0,512,512,512,2048,896,943.739,1168.025,959.26,0.0692
mixed,16,4,0.25,4.0,512,512,1024,4096,1792,1119.098,1566.744,1160.281,0.092
mixed,16,4,0.25,4.0,512,512,2048,8192,3584,1468.793,2377.043,1564.536,0.1054
mixed,16,4,0.25,4.0,512,512,4096,16384,7168,2173.332,3992.587,2356.082,0.1005
mixed,16,4,0.25,4.0,512,1024,128,512,224,999.353,1067.13,1004.667,0.0784
mixed,16,4,0.25,4.0,512,1024,256,1024,448,1052.602,1166.489,1056.89,0.0377
mixed,16,4,0.25,4.0,512,1024,512,2048,896,1141.627,1364.06,1153.02,0.0512
mixed,16,4,0.25,4.0,512,1024,1024,4096,1792,1314.04,1769.303,1355.034,0.09
mixed,16,4,0.25,4.0,512,1024,2048,8192,3584,1667.096,2591.122,1760.535,0.1011
mixed,16,4,0.25,4.0,512,1024,4096,16384,7168,2368.212,4191.211,2556.692,0.1034
mixed,16,4,0.25,4.0,512,2048,128,512,224,1390.264,1458.808,1397.752,0.1092
mixed,16,4,0.25,4.0,512,2048,256,1024,448,1447.64,1561.049,1451.225,0.0316
mixed,16,4,0.25,4.0,512,2048,512,2048,896,1528.856,1757.496,1550.424,0.0943
mixed,16,4,0.25,4.0,512,2048,1024,4096,1792,1709.079,2154.966,1749.493,0.0906
mixed,16,4,0.25,4.0,512,2048,2048,8192,3584,2059.061,2968.851,2151.507,0.1016
mixed,16,4,0.25,4.0,512,2048,4096,16384,7168,2766.8,4586.571,2958.352,0.1053
mixed,16,4,0.25,4.0,512,4096,128,512,224,2180.855,2247.637,2187.218,0.0953
mixed,16,4,0.25,4.0,512,4096,256,1024,448,2236.818,2345.522,2241.298,0.0412
mixed,16,4,0.25,4.0,512,4096,512,2048,896,2322.705,2546.511,2336.143,0.06
mixed,16,4,0.25,4.0,512,4096,1024,4096,1792,2497.713,2947.312,2537.552,0.0886
mixed,16,4,0.25,4.0,512,4096,2048,8192,3584,2846.829,3760.329,2939.981,0.102
mixed,16,4,0.25,4.0,512,4096,4096,16384,7168,3555.721,5382.911,3745.963,0.1041
mixed,16,4,0.25,4.0,512,8192,128,512,224,3764.71,3830.793,3761.097,-0.0547
mixed,16,4,0.25,4.0,512,8192,256,1024,448,3814.884,3930.692,3817.703,0.0243
mixed,16,4,0.25,4.0,512,8192,512,2048,896,3896.325,4123.883,3922.183,0.1136
mixed,16,4,0.25,4.0,512,8192,1024,4096,1792,4082.953,4528.455,4125.349,0.0952
mixed,16,4,0.25,4.0,512,8192,2048,8192,3584,4426.886,5345.852,4519.813,0.1011
mixed,16,4,0.25,4.0,512,8192,4096,16384,7168,5132.829,6958.936,5317.538,0.1011
mixed,16,4,0.25,4.0,1024,0,128,512,224,909.401,978.202,915.77,0.0926
mixed,16,4,0.25,4.0,1024,0,256,1024,448,965.531,1079.035,968.664,0.0276
mixed,16,4,0.25,4.0,1024,0,512,2048,896,1053.113,1275.897,1072.409,0.0866
mixed,16,4,0.25,4.0,1024,0,1024,4096,1792,1225.944,1682.615,1272.79,0.1026
mixed,16,4,0.25,4.0,1024,0,2048,8192,3584,1583.894,2493.618,1675.861,0.1011
mixed,16,4,0.25,4.0,1024,0,4096,16384,7168,2288.724,4120.195,2474.289,0.1013
mixed,16,4,0.25,4.0,1024,512,128,512,224,1378.549,1448.245,1387.574,0.1295
mixed,16,4,0.25,4.0,1024,512,256,1024,448,1436.375,1546.709,1440.536,0.0377
mixed,16,4,0.25,4.0,1024,512,512,2048,896,1521.844,1747.83,1541.334,0.0862
mixed,16,4,0.25,4.0,1024,512,1024,4096,1792,1695.189,2150.867,1747.282,0.1143
mixed,16,4,0.25,4.0,1024,512,2048,8192,3584,2055.252,2967.085,2147.058,0.1007
mixed,16,4,0.25,4.0,1024,512,4096,16384,7168,2761.23,4588.036,2952.591,0.1048
mixed,16,4,0.25,4.0,1024,1024,128,512,224,1772.886,1838.069,1777.748,0.0746
mixed,16,4,0.25,4.0,1024,1024,256,1024,448,1828.66,1941.871,1834.484,0.0514
mixed,16,4,0.25,4.0,1024,1024,512,2048,896,1912.852,2141.939,1933.558,0.0904
mixed,16,4,0.25,4.0,1024,1024,1024,4096,1792,2089.621,2545.937,2139.219,0.1087
mixed,16,4,0.25,4.0,1024,1024,2048,8192,3584,2442.128,3356.171,2537.649,0.1045
mixed,16,4,0.25,4.0,1024,1024,4096,16384,7168,3158.51,4976.033,3342.539,0.1013
mixed,16,4,0.25,4.0,1024,2048,128,512,224,2553.714,2621.873,2572.178,0.2709
mixed,16,4,0.25,4.0,1024,2048,256,1024,448,2606.479,2720.142,2616.37,0.087
mixed,16,4,0.25,4.0,1024,2048,512,2048,896,2697.679,2924.016,2717.36,0.087
mixed,16,4,0.25,4.0,1024,2048,1024,4096,1792,2872.458,3323.341,2921.87,0.1096
mixed,16,4,0.25,4.0,1024,2048,2048,8192,3584,3222.892,4139.142,3322.923,0.1092
mixed,16,4,0.25,4.0,1024,2048,4096,16384,7168,3941.704,5756.955,4127.624,0.1024
mixed,16,4,0.25,4.0,1024,4096,128,512,224,4165.894,4232.456,4168.774,0.0433
mixed,16,4,0.25,4.0,1024,4096,256,1024,448,4205.959,4333.127,4584.326,2.9753
mixed,16,4,0.25,4.0,1024,4096,512,2048,896,4311.623,4516.262,4334.151,0.1101
mixed,16,4,0.25,4.0,1024,4096,1024,4096,1792,4483.042,4938.85,4529.958,0.1029
mixed,16,4,0.25,4.0,1024,4096,2048,8192,3584,4831.519,5758.43,4938.853,0.1158
mixed,16,4,0.25,4.0,1024,4096,4096,16384,7168,5529.404,7372.82,5731.005,0.1094
mixed,16,4,0.25,4.0,1024,8192,128,512,224,7313.808,7386.067,7329.396,0.2157
mixed,16,4,0.25,4.0,1024,8192,256,1024,448,7380.656,7488.495,7388.308,0.071
mixed,16,4,0.25,4.0,1024,8192,512,2048,896,7469.774,7666.099,7462.386,-0.0376
mixed,16,4,0.25,4.0,1024,8192,1024,4096,1792,7636.752,8086.157,7693.456,0.1262
mixed,16,4,0.25,4.0,1024,8192,2048,8192,3584,7991.406,8910.827,8091.146,0.1085
mixed,16,4,0.25,4.0,1024,8192,4096,16384,7168,8696.972,10522.883,8899.847,0.1111
mixed,16,4,0.25,4.0,2048,0,128,512,224,2392.082,2457.073,2401.395,0.1433
mixed,16,4,0.25,4.0,2048,0,256,1024,448,2446.899,2563.121,2451.182,0.0369
mixed,16,4,0.25,4.0,2048,0,512,2048,896,2528.049,2761.168,2552.754,0.106
mixed,16,4,0.25,4.0,2048,0,1024,4096,1792,2709.105,3170.573,2761.104,0.1127
mixed,16,4,0.25,4.0,2048,0,2048,8192,3584,3065.005,3976.518,3155.372,0.0991
mixed,16,4,0.25,4.0,2048,0,4096,16384,7168,3766.923,5596.799,3951.594,0.1009
mixed,16,4,0.25,4.0,2048,512,128,512,224,3253.707,3313.132,3249.516,-0.0705
mixed,16,4,0.25,4.0,2048,512,256,1024,448,3301.198,3409.707,3307.566,0.0587
mixed,16,4,0.25,4.0,2048,512,512,2048,896,3378.671,3607.275,3409.87,0.1365
mixed,16,4,0.25,4.0,2048,512,1024,4096,1792,3561.194,4020.551,3604.393,0.094
mixed,16,4,0.25,4.0,2048,512,2048,8192,3584,3925.93,4837.027,4009.288,0.0915
mixed,16,4,0.25,4.0,2048,512,4096,16384,7168,4631.425,6455.705,4810.434,0.0981
mixed,16,4,0.25,4.0,2048,1024,128,512,224,4079.557,4142.473,4088.136,0.1364
mixed,16,4,0.25,4.0,2048,1024,256,1024,448,4126.44,4242.341,4135.399,0.0773
mixed,16,4,0.25,4.0,2048,1024,512,2048,896,4223.269,4440.584,4235.464,0.0561
mixed,16,4,0.25,4.0,2048,1024,1024,4096,1792,4394.663,4852.743,4441.192,0.1016
mixed,16,4,0.25,4.0,2048,1024,2048,8192,3584,4747.684,5658.946,4840.263,0.1016
mixed,16,4,0.25,4.0,2048,1024,4096,16384,7168,5465.505,7282.326,5646.658,0.0997
mixed,16,4,0.25,4.0,2048,2048,128,512,224,5713.859,5793.725,5724.861,0.1378
mixed,16,4,0.25,4.0,2048,2048,256,1024,448,5772.572,5886.398,5778.303,0.0503
mixed,16,4,0.25,4.0,2048,2048,512,2048,896,5865.852,6085.756,5882.684,0.0765
mixed,16,4,0.25,4.0,2048,2048,1024,4096,1792,6049.688,6516.184,6076.701,0.0579
mixed,16,4,0.25,4.0,2048,2048,2048,8192,3584,6399.899,7307.993,6504.319,0.115
mixed,16,4,0.25,4.0,2048,2048,4096,16384,7168,7097.526,8938.091,7294.036,0.1068
mixed,16,4,0.25,4.0,2048,4096,128,512,224,8956.845,9050.951,8948.272,-0.0911
mixed,16,4,0.25,4.0,2048,4096,256,1024,448,9027.564,9113.868,9018.731,-0.1023
mixed,16,4,0.25,4.0,2048,4096,512,2048,896,9090.027,9330.856,9133.16,0.1791
mixed,16,4,0.25,4.0,2048,4096,1024,4096,1792,9272.333,9736.391,9289.545,0.0371
mixed,16,4,0.25,4.0,2048,4096,2048,8192,3584,9622.057,10561.344,9743.912,0.1297
mixed,16,4,0.25,4.0,2048,4096,4096,16384,7168,10365.476,12140.83,10518.436,0.0862
mixed,16,4,0.25,4.0,2048,8192,128,512,224,15241.965,15274.759,15242.408,0.0135
mixed,16,4,0.25,4.0,2048,8192,256,1024,448,15311.047,15425.477,15317.639,0.0576
mixed,16,4,0.25,4.0,2048,8192,512,2048,896,15394.694,15629.452,15385.534,-0.039
mixed,16,4,0.25,4.0,2048,8192,1024,4096,1792,15565.288,15986.18,15607.622,0.1006
mixed,16,4,0.25,4.0,2048,8192,2048,8192,3584,15923.237,16819.93,15998.469,0.0839
mixed,16,4,0.25,4.0,2048,8192,4096,16384,7168,16604.128,18428.758,16808.481,0.112
pure,16,8,0.5,4.0,0,0,128,512,320,127.966,167.775,129.92,0.0491
pure,16,8,0.5,4.0,0,0,256,1024,640,191.615,267.293,195.262,0.0482
pure,16,8,0.5,4.0,0,0,512,2048,1280,316.992,471.614,337.628,0.1335
pure,16,8,0.5,4.0,0,0,1024,4096,2560,575.453,876.766,610.172,0.1152
pure,16,8,0.5,4.0,0,0,2048,8192,5120,1084.121,1693.973,1150.585,0.109
pure,16,8,0.5,4.0,0,0,4096,16384,10240,2094.645,3320.716,2225.266,0.1065
mixed,16,8,0.5,4.0,16,0,128,512,320,150.88,189.119,151.457,0.0151
mixed,16,8,0.5,4.0,16,0,256,1024,640,213.537,290.878,217.821,0.0554
mixed,16,8,0.5,4.0,16,0,512,2048,1280,339.517,492.508,360.35,0.1362
mixed,16,8,0.5,4.0,16,0,1024,4096,2560,595.678,900.187,634.204,0.1265
mixed,16,8,0.5,4.0,16,0,2048,8192,5120,1105.434,1710.741,1173.306,0.1121
mixed,16,8,0.5,4.0,16,0,4096,16384,10240,2117.043,3339.754,2243.793,0.1037
mixed,16,8,0.5,4.0,16,512,128,512,320,194.781,233.725,194.848,0.0017
mixed,16,8,0.5,4.0,16,512,256,1024,640,256.797,331.774,260.575,0.0504
mixed,16,8,0.5,4.0,16,512,512,2048,1280,381.73,535.452,403.549,0.1419
mixed,16,8,0.5,4.0,16,512,1024,4096,2560,642.109,939.61,669.533,0.0922
mixed,16,8,0.5,4.0,16,512,2048,8192,5120,1144.696,1749.014,1215.512,0.1172
mixed,16,8,0.5,4.0,16,512,4096,16384,10240,2150.961,3364.269,2283.218,0.109
mixed,16,8,0.5,4.0,16,1024,128,512,320,199.52,238.398,198.654,-0.0223
mixed,16,8,0.5,4.0,16,1024,256,1024,640,261.696,339.964,262.781,0.0139
mixed,16,8,0.5,4.0,16,1024,512,2048,1280,388.03,541.663,407.582,0.1273
mixed,16,8,0.5,4.0,16,1024,1024,4096,2560,639.419,946.716,676.124,0.1194
mixed,16,8,0.5,4.0,16,1024,2048,8192,5120,1148.794,1764.119,1222.713,0.1201
mixed,16,8,0.5,4.0,16,1024,4096,16384,10240,2163.058,3384.012,2295.766,0.1087
mixed,16,8,0.5,4.0,16,2048,128,512,320,207.486,246.208,206.942,-0.014
mixed,16,8,0.5,4.0,16,2048,256,1024,640,269.854,347.229,273.693,0.0496
mixed,16,8,0.5,4.0,16,2048,512,2048,1280,396.222,548.255,412.733,0.1086
mixed,16,8,0.5,4.0,16,2048,1024,4096,2560,651.293,958.524,684.445,0.1079
mixed,16,8,0.5,4.0,16,2048,2048,8192,5120,1160.347,1765.269,1223.133,0.1038
mixed,16,8,0.5,4.0,16,2048,4096,16384,10240,2177.106,3383.114,2298.611,0.1007
mixed,16,8,0.5,4.0,16,4096,128,512,320,244.479,282.943,242.911,-0.0408
mixed,16,8,0.5,4.0,16,4096,256,1024,640,307.517,381.533,312.188,0.0631
mixed,16,8,0.5,4.0,16,4096,512,2048,1280,431.517,588.157,449.276,0.1134
mixed,16,8,0.5,4.0,16,4096,1024,4096,2560,685.95,994.169,721.37,0.1149
mixed,16,8,0.5,4.0,16,4096,2048,8192,5120,1197.272,1801.525,1268.122,0.1173
mixed,16,8,0.5,4.0,16,4096,4096,16384,10240,2206.962,3423.564,2338.737,0.1083
mixed,16,8,0.5,4.0,16,8192,128,512,320,297.15,338.016,296.0,-0.0281
mixed,16,8,0.5,4.0,16,8192,256,1024,640,362.49,439.387,365.822,0.0433
mixed,16,8,0.5,4.0,16,8192,512,2048,1280,484.287,638.587,505.916,0.1402
mixed,16,8,0.5,4.0,16,8192,1024,4096,2560,741.85,1044.791,779.452,0.1241
mixed,16,8,0.5,4.0,16,8192,2048,8192,5120,1249.976,1852.408,1316.088,0.1097
mixed,16,8,0.5,4.0,16,8192,4096,16384,10240,2257.201,3473.1,2390.004,0.1092
mixed,16,8,0.5,4.0,32,0,128,512,320,187.104,226.942,187.003,-0.0025
mixed,16,8,0.5,4.0,32,0,256,1024,640,251.101,325.438,255.742,0.0624
mixed,16,8,0.5,4.0,32,0,512,2048,1280,376.509,529.182,395.103,0.1218
mixed,16,8,0.5,4.0,32,0,1024,4096,2560,634.939,931.931,664.765,0.1004
mixed,16,8,0.5,4.0,32,0,2048,8192,5120,1139.13,1752.15,1206.901,0.1106
mixed,16,8,0.5,4.0,32,0,4096,16384,10240,2148.274,3366.925,2281.846,0.1096
mixed,16,8,0.5,4.0,32,512,128,512,320,231.681,273.471,234.14,0.0588
mixed,16,8,0.5,4.0,32,512,256,1024,640,293.791,372.35,301.885,0.103
mixed,16,8,0.5,4.0,32,512,512,2048,1280,422.078,571.486,440.57,0.1238
mixed,16,8,0.5,4.0,32,512,1024,4096,2560,676.607,978.97,709.054,0.1073
mixed,16,8,0.5,4.0,32,512,2048,8192,5120,1182.94,1794.551,1252.25,0.1133
mixed,16,8,0.5,4.0,32,512,4096,16384,10240,2198.611,3414.251,2322.961,0.1023
mixed,16,8,0.5,4.0,32,1024,128,512,320,239.55,279.615,240.511,0.024
mixed,16,8,0.5,4.0,32,1024,256,1024,640,304.189,379.614,309.76,0.0739
mixed,16,8,0.5,4.0,32,1024,512,2048,1280,428.704,581.436,449.501,0.1362
mixed,16,8,0.5,4.0,32,1024,1024,4096,2560,684.7,989.881,719.259,0.1132
mixed,16,8,0.5,4.0,32,1024,2048,8192,5120,1193.051,1798.293,1260.665,0.1117
mixed,16,8,0.5,4.0,32,1024,4096,16384,10240,2208.724,3421.359,2334.033,0.1033
mixed,16,8,0.5,4.0,32,2048,128,512,320,258.335,295.646,258.464,0.0035
mixed,16,8,0.5,4.0,32,2048,256,1024,640,321.436,396.54,324.831,0.0452
mixed,16,8,0.5,4.0,32,2048,512,2048,1280,445.374,599.356,462.814,0.1133
mixed,16,8,0.5,4.0,32,2048,1024,4096,2560,706.94,1007.163,735.453,0.095
mixed,16,8,0.5,4.0,32,2048,2048,8192,5120,1212.697,1816.342,1276.793,0.1062
mixed,16,8,0.5,4.0,32,2048,4096,16384,10240,2219.25,3432.075,2357.042,0.1136
mixed,16,8,0.5,4.0,32,4096,128,512,320,350.333,385.31,348.32,-0.0576
mixed,16,8,0.5,4.0,32,4096,256,1024,640,412.701,488.092,414.526,0.0242
mixed,16,8,0.5,4.0,32,4096,512,2048,1280,537.918,688.538,553.563,0.1039
mixed,16,8,0.5,4.0,32,4096,1024,4096,2560,790.363,1096.218,824.988,0.1132
mixed,16,8,0.5,4.0,32,4096,2048,8192,5120,1296.058,1903.091,1366.297,0.1157
mixed,16,8,0.5,4.0,32,4096,4096,16384,10240,2305.684,3526.057,2438.036,0.1085
mixed,16,8,0.5,4.0,32,8192,128,512,320,459.197,496.604,456.926,-0.0607
mixed,16,8,0.5,4.0,32,8192,256,1024,640,521.499,596.38,519.452,-0.0273
mixed,16,8,0.5,4.0,32,8192,512,2048,1280,644.504,796.057,663.834,0.1275
mixed,16,8,0.5,4.0,32,8192,1024,4096,2560,897.594,1199.131,928.378,0.1021
mixed,16,8,0.5,4.0,32,8192,2048,8192,5120,1407.481,2020.37,1463.702,0.0917
mixed,16,8,0.5,4.0,32,8192,4096,16384,10240,2416.497,3634.762,2550.801,0.1102
mixed,16,8,0.5,4.0,64,0,128,512,320,196.031,237.406,196.99,0.0232
mixed,16,8,0.5,4.0,64,0,256,1024,640,260.095,336.672,262.784,0.0351
mixed,16,8,0.5,4.0,64,0,512,2048,1280,385.277,537.179,403.039,0.1169
mixed,16,8,0.5,4.0,64,0,1024,4096,2560,639.516,945.787,672.634,0.1081
mixed,16,8,0.5,4.0,64,0,2048,8192,5120,1144.826,1755.093,1212.409,0.1107
mixed,16,8,0.5,4.0,64,0,4096,16384,10240,2164.404,3378.926,2292.018,0.1051
mixed,16,8,0.5,4.0,64,512,128,512,320,253.247,295.037,253.31,0.0015
mixed,16,8,0.5,4.0,64,512,256,1024,640,320.35,394.142,322.203,0.0251
mixed,16,8,0.5,4.0,64,512,512,2048,1280,444.604,594.588,462.876,0.1218
mixed,16,8,0.5,4.0,64,512,1024,4096,2560,699.131,999.61,731.226,0.1068
mixed,16,8,0.5,4.0,64,512,2048,8192,5120,1208.25,1810.87,1273.753,0.1087
mixed,16,8,0.5,4.0,64,512,4096,16384,10240,2216.305,3435.372,2342.928,0.1039
mixed,16,8,0.5,4.0,64,1024,128,512,320,312.511,352.478,313.183,0.0168
mixed,16,8,0.5,4.0,64,1024,256,1024,640,375.965,453.345,381.022,0.0654
mixed,16,8,0.5,4.0,64,1024,512,2048,1280,501.82,655.994,520.061,0.1183
mixed,16,8,0.5,4.0,64,1024,1024,4096,2560,755.068,1063.098,790.716,0.1157
mixed,16,8,0.5,4.0,64,1024,2048,8192,5120,1264.537,1873.427,1333.653,0.1135
mixed,16,8,0.5,4.0,64,1024,4096,16384,10240,2278.93,3500.43,2404.435,0.1027
mixed,16,8,0.5,4.0,64,2048,128,512,320,355.775,393.884,353.341,-0.0639
mixed,16,8,0.5,4.0,64,2048,256,1024,640,417.312,495.355,419.837,0.0324
mixed,16,8,0.5,4.0,64,2048,512,2048,1280,543.036,693.468,558.109,0.1002
mixed,16,8,0.5,4.0,64,2048,1024,4096,2560,796.763,1102.811,829.404,0.1067
mixed,16,8,0.5,4.0,64,2048,2048,8192,5120,1303.385,1914.899,1374.808,0.1168
mixed,16,8,0.5,4.0,64,2048,4096,16384,10240,2317.874,3528.461,2439.954,0.1008
mixed,16,8,0.5,4.0,64,4096,128,512,320,457.502,496.317,457.886,0.0099
mixed,16,8,0.5,4.0,64,4096,256,1024,640,520.699,599.323,523.294,0.033
mixed,16,8,0.5,4.0,64,4096,512,2048,1280,646.268,794.651,661.433,0.1022
mixed,16,8,0.5,4.0,64,4096,1024,4096,2560,898.872,1200.409,929.336,0.101
mixed,16,8,0.5,4.0,64,4096,2048,8192,5120,1398.903,2006.42,1477.111,0.1287
mixed,16,8,0.5,4.0,64,4096,4096,16384,10240,2410.578,3629.674,2539.728,0.1059
mixed,16,8,0.5,4.0,64,8192,128,512,320,662.716,703.003,664.349,0.0405
mixed,16,8,0.5,4.0,64,8192,256,1024,640,726.172,806.874,728.732,0.0317
mixed,16,8,0.5,4.0,64,8192,512,2048,1280,853.884,1003.963,864.665,0.0718
mixed,16,8,0.5,4.0,64,8192,1024,4096,2560,1104.698,1401.72,1130.745,0.0877
mixed,16,8,0.5,4.0,64,8192,2048,8192,5120,1603.958,2214.356,1673.845,0.1145
mixed,16,8,0.5,4.0,64,8192,4096,16384,10240,2613.681,3835.306,2756.207,0.1167
mixed,16,8,0.5,4.0,128,0,128,512,320,219.645,258.397,219.264,-0.0098
mixed,16,8,0.5,4.0,128,0,256,1024,640,283.295,360.545,286.975,0.0476
mixed,16,8,0.5,4.0,128,0,512,2048,1280,410.751,563.645,426.623,0.1038
mixed,16,8,0.5,4.0,128,0,1024,4096,2560,662.907,973.145,695.005,0.1035
mixed,16,8,0.5,4.0,128,0,2048,8192,5120,1170.073,1784.438,1240.439,0.1145
mixed,16,8,0.5,4.0,128,0,4096,16384,10240,2187.09,3402.99,2315.857,0.1059
mixed,16,8,0.5,4.0,128,512,128,512,320,354.398,394.878,350.334,-0.1004
mixed,16,8,0.5,4.0,128,512,256,1024,640,417.791,493.117,421.887,0.0544
mixed,16,8,0.5,4.0,128,512,512,2048,1280,542.429,692.763,558.778,0.1088
mixed,16,8,0.5,4.0,128,512,1024,4096,2560,796.828,1103.353,832.73,0.1171
mixed,16,8,0.5,4.0,128,512,2048,8192,5120,1304.057,1913.912,1370.775,0.1094
mixed,16,8,0.5,4.0,128,512,4096,16384,10240,2314.61,3525.003,2441.457,0.1048
mixed,16,8,0.5,4.0,128,1024,128,512,320,423.677,460.989,419.325,-0.1166
mixed,16,8,0.5,4.0,128,1024,256,1024,640,485.373,563.131,490.239,0.0626
mixed,16,8,0.5,4.0,128,1024,512,2048,1280,608.573,758.779,624.73,0.1076
mixed,16,8,0.5,4.0,128,1024,1024,4096,2560,863.576,1165.242,892.891,0.0972
mixed,16,8,0.5,4.0,128,1024,2048,8192,5120,1364.409,1978.101,1436.598,0.1176
mixed,16,8,0.5,4.0,128,1024,4096,16384,10240,2383.983,3597.227,2509.33,0.1033
mixed,16,8,0.5,4.0,128,2048,128,512,320,521.885,561.693,519.068,-0.0708
mixed,16,8,0.5,4.0,128,2048,256,1024,640,584.576,658.875,585.469,0.012
mixed,16,8,0.5,4.0,128,2048,512,2048,1280,710.524,862.779,722.716,0.0801
mixed,16,8,0.5,4.0,128,2048,1024,4096,2560,963.835,1263.0,990.363,0.0887
mixed,16,8,0.5,4.0,128,2048,2048,8192,5120,1467.127,2075.539,1534.551,0.1108
mixed,16,8,0.5,4.0,128,2048,4096,16384,10240,2477.651,3690.283,2601.872,0.1024
mixed,16,8,0.5,4.0,128,4096,128,512,320,720.251,759.74,719.836,-0.0105
mixed,16,8,0.5,4.0,128,4096,256,1024,640,784.252,863.065,782.074,-0.0276
mixed,16,8,0.5,4.0,128,4096,512,2048,1280,913.148,1060.122,924.476,0.0771
mixed,16,8,0.5,4.0,128,4096,1024,4096,2560,1159.418,1460.951,1188.218,0.0955
mixed,16,8,0.5,4.0,128,4096,2048,8192,5120,1666.39,2271.279,1730.773,0.1064
mixed,16,8,0.5,4.0,128,4096,4096,16384,10240,2672.497,3890.09,2806.928,0.1104
mixed,16,8,0.5,4.0,128,8192,128,512,320,1119.128,1157.337,1116.504,-0.0687
mixed,16,8,0.5,4.0,128,8192,256,1024,640,1182.264,1255.16,1181.657,-0.0083
mixed,16,8,0.5,4.0,128,8192,512,2048,1280,1304.376,1452.889,1320.441,0.1082
mixed,16,8,0.5,4.0,128,8192,1024,4096,2560,1556.857,1858.676,1588.791,0.1058
mixed,16,8,0.5,4.0,128,8192,2048,8192,5120,2058.164,2666.257,2126.388,0.1122
mixed,16,8,0.5,4.0,128,8192,4096,16384,10240,3072.174,4288.68,3200.622,0.1056
mixed,16,8,0.5,4.0,256,0,128,512,320,338.524,381.694,337.566,-0.0222
mixed,16,8,0.5,4.0,256,0,256,1024,640,402.846,477.407,407.547,0.063
mixed,16,8,0.5,4.0,256,0,512,2048,1280,528.764,678.621,547.26,0.1234
mixed,16,8,0.5,4.0,256,0,1024,4096,2560,781.661,1090.841,813.691,0.1036
mixed,16,8,0.5,4.0,256,0,2048,8192,5120,1288.472,1893.622,1358.774,0.1162
mixed,16,8,0.5,4.0,256,0,4096,16384,10240,2304.339,3512.909,2430.483,0.1044
mixed,16,8,0.5,4.0,256,512,128,512,320,469.307,510.591,468.189,-0.0271
mixed,16,8,0.5,4.0,256,512,256,1024,640,531.132,609.626,532.797,0.0212
mixed,16,8,0.5,4.0,256,512,512,2048,1280,659.388,806.587,672.924,0.092
mixed,16,8,0.5,4.0,256,512,1024,4096,2560,909.434,1217.237,939.739,0.0985
mixed,16,8,0.5,4.0,256,512,2048,8192,5120,1417.623,2022.741,1483.864,0.1095
mixed,16,8,0.5,4.0,256,512,4096,16384,10240,2425.041,3647.912,2553.296,0.1049
mixed,16,8,0.5,4.0,256,1024,128,512,320,569.342,605.663,566.398,-0.0811
mixed,16,8,0.5,4.0,256,1024,256,1024,640,634.459,707.899,632.603,-0.0253
mixed,16,8,0.5,4.0,256,1024,512,2048,1280,757.051,905.24,767.292,0.0691
mixed,16,8,0.5,4.0,256,1024,1024,4096,2560,1005.91,1306.874,1037.942,0.1064
mixed,16,8,0.5,4.0,256,1024,2048,8192,5120,1511.51,2119.121,1578.613,0.1104
mixed,16,8,0.5,4.0,256,1024,4096,16384,10240,2525.907,3737.002,2655.122,0.1067
mixed,16,8,0.5,4.0,256,2048,128,512,320,765.116,807.195,764.409,-0.0168
mixed,16,8,0.5,4.0,256,2048,256,1024,640,826.908,904.923,826.843,-0.0008
mixed,16,8,0.5,4.0,256,2048,512,2048,1280,951.806,1103.45,968.379,0.1093
mixed,16,8,0.5,4.0,256,2048,1024,4096,2560,1201.72,1504.918,1236.633,0.1151
mixed,16,8,0.5,4.0,256,2048,2048,8192,5120,1704.181,2313.169,1770.326,0.1086
mixed,16,8,0.5,4.0,256,2048,4096,16384,10240,2721.651,3933.991,2851.534,0.1071
mixed,16,8,0.5,4.0,256,4096,128,512,320,1162.842,1201.784,1161.848,-0.0255
mixed,16,8,0.5,4.0,256,4096,256,1024,640,1224.76,1299.64,1229.175,0.059
mixed,16,8,0.5,4.0,256,4096,512,2048,1280,1351.416,1503.64,1363.67,0.0805
mixed,16,8,0.5,4.0,256,4096,1024,4096,2560,1601.08,1902.131,1630.583,0.098
mixed,16,8,0.5,4.0,256,4096,2048,8192,5120,2106.226,2713.55,2172.98,0.1099
mixed,16,8,0.5,4.0,256,4096,4096,16384,10240,3114.891,4345.575,3248.142,0.1083
mixed,16,8,0.5,4.0,256,8192,128,512,320,1949.779,1990.451,1951.734,0.0481
mixed,16,8,0.5,4.0,256,8192,256,1024,640,2016.274,2089.747,2014.836,-0.0196
mixed,16,8,0.5,4.0,256,8192,512,2048,1280,2142.514,2288.147,2150.549,0.0552
mixed,16,8,0.5,4.0,256,8192,1024,4096,2560,2392.848,2692.145,2422.034,0.0975
mixed,16,8,0.5,4.0,256,8192,2048,8192,5120,2894.99,3498.923,2960.496,0.1085
mixed,16,8,0.5,4.0,256,8192,4096,16384,10240,3917.959,5129.825,4038.217,0.0992
mixed,16,8,0.5,4.0,512,0,128,512,320,609.787,651.035,608.73,-0.0256
mixed,16,8,0.5,4.0,512,0,256,1024,640,676.827,749.951,675.802,-0.014
mixed,16,8,0.5,4.0,512,0,512,2048,1280,802.811,947.738,815.13,0.085
mixed,16,8,0.5,4.0,512,0,1024,4096,2560,1054.776,1349.114,1080.571,0.0876
mixed,16,8,0.5,4.0,512,0,2048,8192,5120,1556.441,2164.406,1619.16,0.1032
mixed,16,8,0.5,4.0,512,0,4096,16384,10240,2569.906,3782.061,2695.825,0.1039
mixed,16,8,0.5,4.0,512,512,128,512,320,830.971,869.147,828.091,-0.0754
mixed,16,8,0.5,4.0,512,512,256,1024,640,892.922,969.851,895.1,0.0283
mixed,16,8,0.5,4.0,512,512,512,2048,1280,1017.081,1167.45,1029.912,0.0853
mixed,16,8,0.5,4.0,512,512,1024,4096,2560,1271.002,1571.384,1294.904,0.0796
mixed,16,8,0.5,4.0,512,512,2048,8192,5120,1767.222,2381.139,1842.644,0.1229
mixed,16,8,0.5,4.0,512,512,4096,16384,10240,2786.289,3997.61,2908.721,0.1011
mixed,16,8,0.5,4.0,512,1024,128,512,320,1024.059,1065.818,1027.193,0.075
mixed,16,8,0.5,4.0,512,1024,256,1024,640,1089.463,1165.146,1092.28,0.0372
mixed,16,8,0.5,4.0,512,1024,512,2048,1280,1214.008,1364.761,1228.378,0.0953
mixed,16,8,0.5,4.0,512,1024,1024,4096,2560,1461.976,1773.013,1495.285,0.1071
mixed,16,8,0.5,4.0,512,1024,2048,8192,5120,1972.023,2580.083,2033.841,0.1017
mixed,16,8,0.5,4.0,512,1024,4096,16384,10240,2987.406,4193.605,3110.574,0.1021
mixed,16,8,0.5,4.0,512,2048,128,512,320,1419.322,1459.736,1421.016,0.0419
mixed,16,8,0.5,4.0,512,2048,256,1024,640,1484.376,1557.783,1482.996,-0.0188
mixed,16,8,0.5,4.0,512,2048,512,2048,1280,1608.374,1759.573,1622.39,0.0927
mixed,16,8,0.5,4.0,512,2048,1024,4096,2560,1861.112,2158.132,1887.605,0.0892
mixed,16,8,0.5,4.0,512,2048,2048,8192,5120,2361.297,2971.218,2426.577,0.107
mixed,16,8,0.5,4.0,512,2048,4096,16384,10240,3372.525,4582.149,3507.594,0.1117
mixed,16,8,0.5,4.0,512,4096,128,512,320,2210.167,2248.66,2207.251,-0.0758
mixed,16,8,0.5,4.0,512,4096,256,1024,640,2273.298,2347.761,2271.825,-0.0198
mixed,16,8,0.5,4.0,512,4096,512,2048,1280,2397.652,2545.458,2412.782,0.1024
mixed,16,8,0.5,4.0,512,4096,1024,4096,2560,2649.456,2945.549,2678.575,0.0983
mixed,16,8,0.5,4.0,512,4096,2048,8192,5120,3150.317,3760.168,3212.431,0.1019
mixed,16,8,0.5,4.0,512,4096,4096,16384,10240,4158.664,5378.273,4301.098,0.1168
mixed,16,8,0.5,4.0,512,8192,128,512,320,3792.649,3829.772,3791.371,-0.0344
mixed,16,8,0.5,4.0,512,8192,256,1024,640,3855.627,3922.888,3851.178,-0.0661
mixed,16,8,0.5,4.0,512,8192,512,2048,1280,3982.437,4131.653,3988.075,0.0378
mixed,16,8,0.5,4.0,512,8192,1024,4096,2560,4222.632,4536.13,4252.903,0.0966
mixed,16,8,0.5,4.0,512,8192,2048,8192,5120,4731.305,5347.556,4795.238,0.1037
mixed,16,8,0.5,4.0,512,8192,4096,16384,10240,5753.791,6959.832,5871.935,0.098
mixed,16,8,0.5,4.0,1024,0,128,512,320,937.562,977.913,937.148,-0.0103
mixed,16,8,0.5,4.0,1024,0,256,1024,640,1001.755,1077.4,1003.834,0.0275
mixed,16,8,0.5,4.0,1024,0,512,2048,1280,1131.065,1276.697,1147.576,0.1134
mixed,16,8,0.5,4.0,1024,0,1024,4096,2560,1380.183,1684.823,1415.48,0.1159
mixed,16,8,0.5,4.0,1024,0,2048,8192,5120,1888.757,2492.82,1952.308,0.1052
mixed,16,8,0.5,4.0,1024,0,4096,16384,10240,2903.249,4112.103,3027.375,0.1027
mixed,16,8,0.5,4.0,1024,512,128,512,320,1410.614,1450.873,1406.04,-0.1136
mixed,16,8,0.5,4.0,1024,512,256,1024,640,1473.144,1546.422,1476.377,0.0441
mixed,16,8,0.5,4.0,1024,512,512,2048,1280,1595.922,1747.284,1613.207,0.1142
mixed,16,8,0.5,4.0,1024,512,1024,4096,2560,1850.711,2151.827,1884.181,0.1112
mixed,16,8,0.5,4.0,1024,512,2048,8192,5120,2357.941,2969.423,2425.299,0.1102
mixed,16,8,0.5,4.0,1024,512,4096,16384,10240,3378.446,4576.71,3501.834,0.103
mixed,16,8,0.5,4.0,1024,1024,128,512,320,1799.157,1837.749,1800.34,0.0307
mixed,16,8,0.5,4.0,1024,1024,256,1024,640,1866.038,1937.973,1867.733,0.0236
mixed,16,8,0.5,4.0,1024,1024,512,2048,1280,1989.681,2139.604,2004.854,0.1012
mixed,16,8,0.5,4.0,1024,1024,1024,4096,2560,2239.922,2544.177,2272.82,0.1081
mixed,16,8,0.5,4.0,1024,1024,2048,8192,5120,2749.392,3353.362,2815.598,0.1096
mixed,16,8,0.5,4.0,1024,1024,4096,16384,10240,3758.218,4970.244,3888.296,0.1073
mixed,16,8,0.5,4.0,1024,2048,128,512,320,2583.985,2622.353,2582.321,-0.0434
mixed,16,8,0.5,4.0,1024,2048,256,1024,640,2642.577,2723.537,2649.873,0.0901
mixed,16,8,0.5,4.0,1024,2048,512,2048,1280,2770.065,2919.662,2788.175,0.1211
mixed,16,8,0.5,4.0,1024,2048,1024,4096,2560,3023.057,3330.06,3056.589,0.1092
mixed,16,8,0.5,4.0,1024,2048,2048,8192,5120,3534.154,4138.344,3597.419,0.1047
mixed,16,8,0.5,4.0,1024,2048,4096,16384,10240,4546.44,5755.739,4667.012,0.0997
mixed,16,8,0.5,4.0,1024,4096,128,512,320,4199.114,4231.72,4201.192,0.0637
mixed,16,8,0.5,4.0,1024,4096,256,1024,640,4265.355,4313.064,4265.477,0.0026
mixed,16,8,0.5,4.0,1024,4096,512,2048,1280,4382.792,4515.525,4381.285,-0.0114
mixed,16,8,0.5,4.0,1024,4096,1024,4096,2560,4640.803,4939.938,4663.239,0.075
mixed,16,8,0.5,4.0,1024,4096,2048,8192,5120,5122.755,5750.782,5212.036,0.1422
mixed,16,8,0.5,4.0,1024,4096,4096,16384,10240,6164.446,7377.369,6281.373,0.0964
mixed,16,8,0.5,4.0,1024,8192,128,512,320,7351.668,7380.311,7342.231,-0.3295
mixed,16,8,0.5,4.0,1024,8192,256,1024,640,7397.781,7488.276,7419.414,0.2391
mixed,16,8,0.5,4.0,1024,8192,512,2048,1280,7540.019,7692.788,7563.636,0.1546
mixed,16,8,0.5,4.0,1024,8192,1024,4096,2560,7763.059,8104.207,7825.047,0.1817
mixed,16,8,0.5,4.0,1024,8192,2048,8192,5120,8321.295,8897.069,8367.76,0.0807
mixed,16,8,0.5,4.0,1024,8192,4096,16384,10240,9317.966,10529.124,9452.46,0.111
mixed,16,8,0.5,4.0,2048,0,128,512,320,2417.813,2455.603,2415.923,-0.05
mixed,16,8,0.5,4.0,2048,0,256,1024,640,2478.385,2556.978,2485.492,0.0904
mixed,16,8,0.5,4.0,2048,0,512,2048,1280,2612.85,2754.001,2627.827,0.1061
mixed,16,8,0.5,4.0,2048,0,1024,4096,2560,2856.561,3165.519,2893.743,0.1203
mixed,16,8,0.5,4.0,2048,0,2048,8192,5120,3372.398,3979.435,3431.465,0.0973
mixed,16,8,0.5,4.0,2048,0,4096,16384,10240,4380.294,5599.902,4515.397,0.1108
mixed,16,8,0.5,4.0,2048,512,128,512,320,3277.805,3323.854,3280.012,0.0479
mixed,16,8,0.5,4.0,2048,512,256,1024,640,3343.247,3408.721,3334.83,-0.1286
mixed,16,8,0.5,4.0,2048,512,512,2048,1280,3453.132,3608.874,3481.87,0.1845
mixed,16,8,0.5,4.0,2048,512,1024,4096,2560,3706.986,4013.485,3738.157,0.1017
mixed,16,8,0.5,4.0,2048,512,2048,8192,5120,4218.92,4828.548,4285.673,0.1095
mixed,16,8,0.5,4.0,2048,512,4096,16384,10240,5232.997,6451.547,5359.714,0.104
mixed,16,8,0.5,4.0,2048,1024,128,512,320,4106.31,4149.097,4106.41,0.0023
mixed,16,8,0.5,4.0,2048,1024,256,1024,640,4161.61,4248.457,4179.017,0.2004
mixed,16,8,0.5,4.0,2048,1024,512,2048,1280,4292.999,4451.782,4309.384,0.1032
mixed,16,8,0.5,4.0,2048,1024,1024,4096,2560,4545.64,4846.725,4584.519,0.1291
mixed,16,8,0.5,4.0,2048,1024,2048,8192,5120,5057.509,5665.055,5128.416,0.1167
mixed,16,8,0.5,4.0,2048,1024,4096,16384,10240,6071.007,7285.303,6194.365,0.1016
mixed,16,8,0.5,4.0,2048,2048,128,512,320,5760.604,5788.509,5748.287,-0.4414
mixed,16,8,0.5,4.0,2048,2048,256,1024,640,5811.327,5882.143,5814.368,0.0429
mixed,16,8,0.5,4.0,2048,2048,512,2048,1280,5935.999,6095.583,5958.558,0.1414
mixed,16,8,0.5,4.0,2048,2048,1024,4096,2560,6186.746,6501.66,6220.768,0.108
mixed,16,8,0.5,4.0,2048,2048,2048,8192,5120,6691.766,7300.344,6762.908,0.1169
mixed,16,8,0.5,4.0,2048,2048,4096,16384,10240,7711.67,8944.075,7839.189,0.1035
mixed,16,8,0.5,4.0,2048,4096,128,512,320,8982.574,9024.813,9001.804,0.4553
mixed,16,8,0.5,4.0,2048,4096,256,1024,640,9045.611,9128.14,9044.33,-0.0155
mixed,16,8,0.5,4.0,2048,4096,512,2048,1280,9158.606,9317.965,9205.007,0.2912
mixed,16,8,0.5,4.0,2048,4096,1024,4096,2560,9423.946,9714.475,9462.508,0.1327
mixed,16,8,0.5,4.0,2048,4096,2048,8192,5120,9913.128,10548.838,10015.754,0.1614
mixed,16,8,0.5,4.0,2048,4096,4096,16384,10240,10943.423,12180.607,11075.076,0.1064
mixed,16,8,0.5,4.0,2048,8192,128,512,320,15334.256,15321.676,15301.738,
mixed,16,8,0.5,4.0,2048,8192,256,1024,640,15386.858,15410.22,15349.584,-1.5955
mixed,16,8,0.5,4.0,2048,8192,512,2048,1280,15471.886,15632.458,15487.497,0.0972
mixed,16,8,0.5,4.0,2048,8192,1024,4096,2560,15749.955,16016.87,15723.179,-0.1003
mixed,16,8,0.5,4.0,2048,8192,2048,8192,5120,16233.024,16817.059,16291.142,0.0995
mixed,16,8,0.5,4.0,2048,8192,4096,16384,10240,17263.935,18450.681,17363.587,0.084
pure,16,12,0.75,4.0,0,0,128,512,416,144.222,166.784,160.895,0.739
pure,16,12,0.75,4.0,0,0,256,1024,832,231.552,267.2,260.031,0.7989
pure,16,12,0.75,4.0,0,0,512,2048,1664,394.269,471.582,462.334,0.8804
pure,16,12,0.75,4.0,0,0,1024,4096,3328,728.445,878.394,859.74,0.8756
pure,16,12,0.75,4.0,0,0,2048,8192,6656,1390.744,1690.453,1662.519,0.9068
pure,16,12,0.75,4.0,0,0,4096,16384,13312,2701.584,3306.892,3268.717,0.9369
mixed,16,12,0.75,4.0,16,0,128,512,416,167.999,190.24,186.876,0.8487
mixed,16,12,0.75,4.0,16,0,256,1024,832,251.453,288.926,290.814,1.0504
mixed,16,12,0.75,4.0,16,0,512,2048,1664,417.95,494.653,494.908,1.0033
mixed,16,12,0.75,4.0,16,0,1024,4096,3328,750.524,903.835,895.901,0.9482
mixed,16,12,0.75,4.0,16,0,2048,8192,6656,1402.521,1705.559,1702.232,0.989
mixed,16,12,0.75,4.0,16,0,4096,16384,13312,2724.465,3339.438,3302.733,0.9403
mixed,16,12,0.75,4.0,16,512,128,512,416,209.663,233.118,229.664,0.8527
mixed,16,12,0.75,4.0,16,512,256,1024,832,294.59,333.214,333.215,1.0
mixed,16,12,0.75,4.0,16,512,512,2048,1664,463.103,536.317,536.446,1.0018
mixed,16,12,0.75,4.0,16,512,1024,4096,3328,791.002,944.219,931.291,0.9156
mixed,16,12,0.75,4.0,16,512,2048,8192,6656,1453.53,1755.988,1738.678,0.9428
mixed,16,12,0.75,4.0,16,512,4096,16384,13312,2765.2,3369.612,3332.909,0.9393
mixed,16,12,0.75,4.0,16,1024,128,512,416,215.712,237.532,237.149,0.9824
mixed,16,12,0.75,4.0,16,1024,256,1024,832,300.16,337.852,340.152,1.061
mixed,16,12,0.75,4.0,16,1024,512,2048,1664,465.213,541.277,543.745,1.0324
mixed,16,12,0.75,4.0,16,1024,1024,4096,3328,797.468,946.65,943.386,0.9781
mixed,16,12,0.75,4.0,16,1024,2048,8192,6656,1457.815,1755.253,1743.895,0.9618
mixed,16,12,0.75,4.0,16,1024,4096,16384,13312,2770.61,3380.014,3352.397,0.9547
mixed,16,12,0.75,4.0,16,2048,128,512,416,222.045,246.271,242.398,0.8401
mixed,16,12,0.75,4.0,16,2048,256,1024,832,308.704,346.59,344.958,0.9569
mixed,16,12,0.75,4.0,16,2048,512,2048,1664,473.085,549.567,549.534,0.9996
mixed,16,12,0.75,4.0,16,2048,1024,4096,3328,802.299,957.854,947.641,0.9343
mixed,16,12,0.75,4.0,16,2048,2048,8192,6656,1462.678,1763.028,1752.566,0.9652
mixed,16,12,0.75,4.0,16,2048,4096,16384,13312,2774.704,3384.94,3358.349,0.9564
mixed,16,12,0.75,4.0,16,4096,128,512,416,259.869,283.454,277.216,0.7355
mixed,16,12,0.75,4.0,16,4096,256,1024,832,344.894,385.596,380.574,0.8766
mixed,16,12,0.75,4.0,16,4096,512,2048,1664,513.117,585.629,585.754,1.0017
mixed,16,12,0.75,4.0,16,4096,1024,4096,3328,841.948,991.641,987.64,0.9733
mixed,16,12,0.75,4.0,16,4096,2048,8192,6656,1502.006,1803.638,1786.516,0.9432
mixed,16,12,0.75,4.0,16,4096,4096,16384,13312,2824.816,3421.643,3390.735,0.9482
mixed,16,12,0.75,4.0,16,8192,128,512,416,315.678,335.839,331.07,0.7635
mixed,16,12,0.75,4.0,16,8192,256,1024,832,399.679,435.261,433.596,0.9532
mixed,16,12,0.75,4.0,16,8192,512,2048,1664,563.996,638.654,634.555,0.9451
mixed,16,12,0.75,4.0,16,8192,1024,4096,3328,899.099,1044.378,1042.587,0.9877
mixed,16,12,0.75,4.0,16,8192,2048,8192,6656,1555.703,1859.571,1844.274,0.9497
mixed,16,12,0.75,4.0,16,8192,4096,16384,13312,2874.354,3485.774,3444.204,0.932
mixed,16,12,0.75,4.0,32,0,128,512,416,203.616,224.542,223.871,0.9679
mixed,16,12,0.75,4.0,32,0,256,1024,832,287.552,326.175,327.323,1.0297
mixed,16,12,0.75,4.0,32,0,512,2048,1664,451.835,529.598,526.047,0.9543
mixed,16,12,0.75,4.0,32,0,1024,4096,3328,783.418,936.57,932.348,0.9724
mixed,16,12,0.75,4.0,32,0,2048,8192,6656,1447.353,1747.478,1730.583,0.9437
mixed,16,12,0.75,4.0,32,0,4096,16384,13312,2765.552,3367.758,3337.582,0.9499
mixed,16,12,0.75,4.0,32,512,128,512,416,248.125,274.334,265.442,0.6607
mixed,16,12,0.75,4.0,32,512,256,1024,832,334.045,371.295,371.228,0.9982
mixed,16,12,0.75,4.0,32,512,512,2048,1664,496.508,574.142,572.857,0.9834
mixed,16,12,0.75,4.0,32,512,1024,4096,3328,832.504,986.619,972.954,0.9113
mixed,16,12,0.75,4.0,32,512,2048,8192,6656,1492.118,1792.5,1783.222,0.9691
mixed,16,12,0.75,4.0,32,512,4096,16384,13312,2799.728,3416.972,3376.238,0.934
mixed,16,12,0.75,4.0,32,1024,128,512,416,259.775,279.805,274.813,0.7508
mixed,16,12,0.75,4.0,32,1024,256,1024,832,344.448,380.316,377.82,0.9304
mixed,16,12,0.75,4.0,32,1024,512,2048,1664,507.549,582.492,580.512,0.9736
mixed,16,12,0.75,4.0,32,1024,1024,4096,3328,837.243,988.314,981.304,0.9536
mixed,16,12,0.75,4.0,32,1024,2048,8192,6656,1496.181,1795.088,1790.613,0.985
mixed,16,12,0.75,4.0,32,1024,4096,16384,13312,2810.322,3414.063,3393.194,0.9654
mixed,16,12,0.75,4.0,32,2048,128,512,416,273.631,297.182,290.463,0.7147
mixed,16,12,0.75,4.0,32,2048,256,1024,832,359.902,396.414,393.63,0.9238
mixed,16,12,0.75,4.0,32,2048,512,2048,1664,527.292,600.797,595.964,0.9342
mixed,16,12,0.75,4.0,32,2048,1024,4096,3328,855.643,1007.13,997.019,0.9333
mixed,16,12,0.75,4.0,32,2048,2048,8192,6656,1511.641,1810.614,1799.353,0.9623
mixed,16,12,0.75,4.0,32,2048,4096,16384,13312,2832.111,3438.635,3395.021,0.9281
mixed,16,12,0.75,4.0,32,4096,128,512,416,365.568,387.9,382.335,0.7508
mixed,16,12,0.75,4.0,32,4096,256,1024,832,451.071,488.318,485.756,0.9312
mixed,16,12,0.75,4.0,32,4096,512,2048,1664,614.877,687.419,688.478,1.0146
mixed,16,12,0.75,4.0,32,4096,1024,4096,3328,943.61,1094.073,1083.929,0.9326
mixed,16,12,0.75,4.0,32,4096,2048,8192,6656,1606.005,1910.932,1888.919,0.9278
mixed,16,12,0.75,4.0,32,4096,4096,16384,13312,2926.093,3532.619,3494.445,0.9371
mixed,16,12,0.75,4.0,32,8192,128,512,416,473.02,493.37,487.615,0.7172
mixed,16,12,0.75,4.0,32,8192,256,1024,832,555.995,594.235,589.629,0.8796
mixed,16,12,0.75,4.0,32,8192,512,2048,1664,720.701,794.17,793.116,0.9857
mixed,16,12,0.75,4.0,32,8192,1024,4096,3328,1046.809,1198.107,1188.44,0.9361
mixed,16,12,0.75,4.0,32,8192,2048,8192,6656,1706.325,2017.011,1988.216,0.9073
mixed,16,12,0.75,4.0,32,8192,4096,16384,13312,3020.239,3638.027,3598.028,0.9353
mixed,16,12,0.75,4.0,64,0,128,512,416,211.101,236.062,233.662,0.9039
mixed,16,12,0.75,4.0,64,0,256,1024,832,297.758,336.86,336.128,0.9813
mixed,16,12,0.75,4.0,64,0,512,2048,1664,463.229,539.008,540.061,1.0139
mixed,16,12,0.75,4.0,64,0,1024,4096,3328,795.225,943.867,943.259,0.9959
mixed,16,12,0.75,4.0,64,0,2048,8192,6656,1454.521,1760.087,1739.19,0.9316
mixed,16,12,0.75,4.0,64,0,4096,16384,13312,2773.265,3374.67,3344.457,0.9498
mixed,16,12,0.75,4.0,64,512,128,512,416,273.917,294.718,288.316,0.6922
mixed,16,12,0.75,4.0,64,512,256,1024,832,354.367,393.984,391.518,0.9378
mixed,16,12,0.75,4.0,64,512,512,2048,1664,521.278,598.139,591.163,0.9092
mixed,16,12,0.75,4.0,64,512,1024,4096,3328,853.372,1002.904,996.282,0.9557
mixed,16,12,0.75,4.0,64,512,2048,8192,6656,1509.115,1818.389,1796.149,0.9281
mixed,16,12,0.75,4.0,64,512,4096,16384,13312,2823.217,3426.574,3401.391,0.9583
mixed,16,12,0.75,4.0,64,1024,128,512,416,328.989,353.696,345.856,0.6827
mixed,16,12,0.75,4.0,64,1024,256,1024,832,416.347,454.686,448.732,0.8447
mixed,16,12,0.75,4.0,64,1024,512,2048,1664,578.653,655.324,650.333,0.9349
mixed,16,12,0.75,4.0,64,1024,1024,4096,3328,910.619,1064.283,1052.219,0.9215
mixed,16,12,0.75,4.0,64,1024,2048,8192,6656,1571.191,1873.142,1852.438,0.9314
mixed,16,12,0.75,4.0,64,1024,4096,16384,13312,2882.545,3501.708,3441.836,0.9033
mixed,16,12,0.75,4.0,64,2048,128,512,416,371.454,393.627,388.255,0.7577
mixed,16,12,0.75,4.0,64,2048,256,1024,832,457.246,492.605,489.821,0.9213
mixed,16,12,0.75,4.0,64,2048,512,2048,1664,618.877,695.227,693.947,0.9832
mixed,16,12,0.75,4.0,64,2048,1024,4096,3328,948.794,1102.522,1088.759,0.9105
mixed,16,12,0.75,4.0,64,2048,2048,8192,6656,1607.478,1910.231,1894.451,0.9479
mixed,16,12,0.75,4.0,64,2048,4096,16384,13312,2924.879,3528.011,3496.268,0.9474
mixed,16,12,0.75,4.0,64,4096,128,512,416,474.108,497.852,490.049,0.6714
mixed,16,12,0.75,4.0,64,4096,256,1024,832,561.469,597.404,589.15,0.7703
mixed,16,12,0.75,4.0,64,4096,512,2048,1664,721.115,796.795,788.254,0.8871
mixed,16,12,0.75,4.0,64,4096,1024,4096,3328,1049.595,1200.792,1195.066,0.9621
mixed,16,12,0.75,4.0,64,4096,2048,8192,6656,1709.238,2018.866,1992.468,0.9147
mixed,16,12,0.75,4.0,64,4096,4096,16384,13312,3021.903,3632.556,3600.845,0.9481
mixed,16,12,0.75,4.0,64,8192,128,512,416,679.708,702.236,698.14,0.8182
mixed,16,12,0.75,4.0,64,8192,256,1024,832,764.06,802.139,795.388,0.8227
mixed,16,12,0.75,4.0,64,8192,512,2048,1664,929.789,1000.794,996.601,0.9409
mixed,16,12,0.75,4.0,64,8192,1024,4096,3328,1251.032,1402.68,1394.841,0.9483
mixed,16,12,0.75,4.0,64,8192,2048,8192,6656,1914.612,2215.219,2199.283,0.947
mixed,16,12,0.75,4.0,64,8192,4096,16384,13312,3229.389,3845.514,3804.618,0.9336
mixed,16,12,0.75,4.0,128,0,128,512,416,236.925,258.59,254.364,0.8049
mixed,16,12,0.75,4.0,128,0,256,1024,832,319.711,360.478,355.007,0.8658
mixed,16,12,0.75,4.0,128,0,512,2048,1664,487.291,559.517,555.196,0.9402
mixed,16,12,0.75,4.0,128,0,1024,4096,3328,817.82,967.324,960.633,0.9552
mixed,16,12,0.75,4.0,128,0,2048,8192,6656,1479.192,1782.871,1761.303,0.929
mixed,16,12,0.75,4.0,128,0,4096,16384,13312,2788.656,3404.205,3373.553,0.9502
mixed,16,12,0.75,4.0,128,512,128,512,416,369.053,393.629,385.757,0.6797
mixed,16,12,0.75,4.0,128,512,256,1024,832,455.099,492.507,486.302,0.8341
mixed,16,12,0.75,4.0,128,512,512,2048,1664,618.654,693.979,690.525,0.9541
mixed,16,12,0.75,4.0,128,512,1024,4096,3328,951.482,1103.259,1092.221,0.9273
mixed,16,12,0.75,4.0,128,512,2048,8192,6656,1609.719,1916.373,1893.654,0.9259
mixed,16,12,0.75,4.0,128,512,4096,16384,13312,2925.231,3533.423,3495.054,0.9369
mixed,16,12,0.75,4.0,128,1024,128,512,416,435.677,459.677,452.574,0.704
mixed,16,12,0.75,4.0,128,1024,256,1024,832,523.485,560.734,555.518,0.86
mixed,16,12,0.75,4.0,128,1024,512,2048,1664,685.082,760.891,756.283,0.9392
mixed,16,12,0.75,4.0,128,1024,1024,4096,3328,1012.541,1163.675,1156.25,0.9509
mixed,16,12,0.75,4.0,128,1024,2048,8192,6656,1675.316,1983.987,1957.618,0.9146
mixed,16,12,0.75,4.0,128,1024,4096,16384,13312,2993.458,3604.333,3561.294,0.9295
mixed,16,12,0.75,4.0,128,2048,128,512,416,534.175,561.149,550.75,0.6145
mixed,16,12,0.75,4.0,128,2048,256,1024,832,625.978,660.54,654.813,0.8343
mixed,16,12,0.75,4.0,128,2048,512,2048,1664,786.653,858.813,850.842,0.8895
mixed,16,12,0.75,4.0,128,2048,1024,4096,3328,1111.227,1260.827,1252.888,0.9469
mixed,16,12,0.75,4.0,128,2048,2048,8192,6656,1772.408,2075.028,2052.534,0.9257
mixed,16,12,0.75,4.0,128,2048,4096,16384,13312,3086.606,3696.141,3663.082,0.9458
mixed,16,12,0.75,4.0,128,4096,128,512,416,736.414,758.138,755.324,0.8705
mixed,16,12,0.75,4.0,128,4096,256,1024,832,821.434,860.443,855.42,0.8712
mixed,16,12,0.75,4.0,128,4096,512,2048,1664,985.816,1059.642,1051.131,0.8847
mixed,16,12,0.75,4.0,128,4096,1024,4096,3328,1311.897,1465.016,1452.342,0.9172
mixed,16,12,0.75,4.0,128,4096,2048,8192,6656,1969.299,2273.203,2259.606,0.9553
mixed,16,12,0.75,4.0,128,4096,4096,16384,13312,3286.732,3891.883,3857.641,0.9434
mixed,16,12,0.75,4.0,128,8192,128,512,416,1134.267,1156.983,1150.073,0.6958
mixed,16,12,0.75,4.0,128,8192,256,1024,832,1220.92,1256.347,1248.474,0.7778
mixed,16,12,0.75,4.0,128,8192,512,2048,1664,1379.703,1454.485,1444.887,0.8717
mixed,16,12,0.75,4.0,128,8192,1024,4096,3328,1705.719,1854.933,1847.607,0.9509
mixed,16,12,0.75,4.0,128,8192,2048,8192,6656,2364.337,2669.457,2648.209,0.9304
mixed,16,12,0.75,4.0,128,8192,4096,16384,13312,3676.714,4287.656,4256.551,0.9491
mixed,16,12,0.75,4.0,256,0,128,512,416,353.915,381.213,370.078,0.5921
mixed,16,12,0.75,4.0,256,0,256,1024,832,442.301,478.399,470.88,0.7917
mixed,16,12,0.75,4.0,256,0,512,2048,1664,606.461,681.693,677.662,0.9464
mixed,16,12,0.75,4.0,256,0,1024,4096,3328,937.786,1086.746,1080.986,0.9613
mixed,16,12,0.75,4.0,256,0,2048,8192,6656,1594.386,1894.454,1875.288,0.9361
mixed,16,12,0.75,4.0,256,0,4096,16384,13312,2905.807,3515.499,3478.922,0.94
mixed,16,12,0.75,4.0,256,512,128,512,416,485.503,506.748,500.958,0.7275
mixed,16,12,0.75,4.0,256,512,256,1024,832,572.091,609.083,602.047,0.8098
mixed,16,12,0.75,4.0,256,512,512,2048,1664,732.635,810.429,803.484,0.9107
mixed,16,12,0.75,4.0,256,512,1024,4096,3328,1061.305,1211.128,1205.849,0.9648
mixed,16,12,0.75,4.0,256,512,2048,8192,6656,1726.163,2022.357,2001.779,0.9305
mixed,16,12,0.75,4.0,256,512,4096,16384,13312,3044.945,3648.01,3618.315,0.9508
mixed,16,12,0.75,4.0,256,1024,128,512,416,582.268,609.372,600.603,0.6765
mixed,16,12,0.75,4.0,256,1024,256,1024,832,668.381,706.971,697.69,0.7595
mixed,16,12,0.75,4.0,256,1024,512,2048,1664,834.589,906.555,898.364,0.8862
mixed,16,12,0.75,4.0,256,1024,1024,4096,3328,1157.465,1313.144,1299.736,0.9139
mixed,16,12,0.75,4.0,256,1024,2048,8192,6656,1818.838,2123.03,2101.076,0.9278
mixed,16,12,0.75,4.0,256,1024,4096,16384,13312,3133.516,3736.076,3712.428,0.9608
mixed,16,12,0.75,4.0,256,2048,128,512,416,779.259,802.972,794.14,0.6275
mixed,16,12,0.75,4.0,256,2048,256,1024,832,866.91,904.507,894.396,0.7311
mixed,16,12,0.75,4.0,256,2048,512,2048,1664,1031.257,1101.753,1094.938,0.9033
mixed,16,12,0.75,4.0,256,2048,1024,4096,3328,1351.192,1505.942,1486.199,0.8724
mixed,16,12,0.75,4.0,256,2048,2048,8192,6656,2012.31,2312.694,2298.962,0.9543
mixed,16,12,0.75,4.0,256,2048,4096,16384,13312,3326.605,3948.2,3906.665,0.9332
mixed,16,12,0.75,4.0,256,4096,128,512,416,1177.721,1199.771,1190.455,0.5775
mixed,16,12,0.75,4.0,256,4096,256,1024,832,1266.649,1301.335,1292.602,0.7482
mixed,16,12,0.75,4.0,256,4096,512,2048,1664,1426.775,1500.088,1491.672,0.8852
mixed,16,12,0.75,4.0,256,4096,1024,4096,3328,1753.845,1908.949,1894.87,0.9092
mixed,16,12,0.75,4.0,256,4096,2048,8192,6656,2410.005,2714.738,2688.945,0.9154
mixed,16,12,0.75,4.0,256,4096,4096,16384,13312,3730.827,4339.05,4292.168,0.9229
mixed,16,12,0.75,4.0,256,8192,128,512,416,1966.135,1989.268,1982.677,0.7151
mixed,16,12,0.75,4.0,256,8192,256,1024,832,2053.205,2090.739,2080.247,0.7205
mixed,16,12,0.75,4.0,256,8192,512,2048,1664,2215.538,2286.966,2279.536,0.896
mixed,16,12,0.75,4.0,256,8192,1024,4096,3328,2539.409,2691.825,2679.057,0.9162
mixed,16,12,0.75,4.0,256,8192,2048,8192,6656,3194.575,3504.235,3481.007,0.925
mixed,16,12,0.75,4.0,256,8192,4096,16384,13312,4523.846,5119.685,5075.746,0.9263
mixed,16,12,0.75,4.0,512,0,128,512,416,626.236,650.686,642.653,0.6715
mixed,16,12,0.75,4.0,512,0,256,1024,832,714.429,750.622,743.226,0.7957
mixed,16,12,0.75,4.0,512,0,512,2048,1664,873.05,951.644,936.986,0.8135
mixed,16,12,0.75,4.0,512,0,1024,4096,3328,1197.816,1350.968,1346.584,0.9714
mixed,16,12,0.75,4.0,512,0,2048,8192,6656,1862.584,2157.204,2136.148,0.9285
mixed,16,12,0.75,4.0,512,0,4096,16384,13312,3177.742,3789.453,3752.684,0.9399
mixed,16,12,0.75,4.0,512,512,128,512,416,844.348,870.907,862.427,0.6807
mixed,16,12,0.75,4.0,512,512,256,1024,832,935.004,969.431,961.881,0.7807
mixed,16,12,0.75,4.0,512,512,512,2048,1664,1099.418,1166.906,1162.203,0.9303
mixed,16,12,0.75,4.0,512,512,1024,4096,3328,1417.751,1567.541,1559.896,0.949
mixed,16,12,0.75,4.0,512,512,2048,8192,6656,2075.796,2380.177,2363.12,0.944
mixed,16,12,0.75,4.0,512,512,4096,16384,13312,3391.694,4004.074,3964.491,0.9354
mixed,16,12,0.75,4.0,512,1024,128,512,416,1038.779,1065.689,1055.45,0.6195
mixed,16,12,0.75,4.0,512,1024,256,1024,832,1131.226,1167.065,1157.849,0.7428
mixed,16,12,0.75,4.0,512,1024,512,2048,1664,1287.866,1362.808,1358.426,0.9415
mixed,16,12,0.75,4.0,512,1024,1024,4096,3328,1612.983,1766.87,1761.08,0.9624
mixed,16,12,0.75,4.0,512,1024,2048,8192,6656,2278.643,2578.255,2560.016,0.9391
mixed,16,12,0.75,4.0,512,1024,4096,16384,13312,3592.172,4193.289,4164.232,0.9517
mixed,16,12,0.75,4.0,512,2048,128,512,416,1433.466,1460.567,1450.167,0.6163
mixed,16,12,0.75,4.0,512,2048,256,1024,832,1521.591,1559.446,1552.376,0.8132
mixed,16,12,0.75,4.0,512,2048,512,2048,1664,1683.639,1759.831,1748.278,0.8484
mixed,16,12,0.75,4.0,512,2048,1024,4096,3328,2008.693,2156.785,2146.675,0.9317
mixed,16,12,0.75,4.0,512,2048,2048,8192,6656,2668.658,2967.215,2947.693,0.9346
mixed,16,12,0.75,4.0,512,2048,4096,16384,13312,3981.065,4594.119,4551.655,0.9307
mixed,16,12,0.75,4.0,512,4096,128,512,416,2222.898,2248.821,2238.325,0.5951
mixed,16,12,0.75,4.0,512,4096,256,1024,832,2311.73,2346.131,2336.148,0.7098
mixed,16,12,0.75,4.0,512,4096,512,2048,1664,2474.961,2544.628,2537.618,0.8994
mixed,16,12,0.75,4.0,512,4096,1024,4096,3328,2796.017,2947.409,2938.671,0.9423
mixed,16,12,0.75,4.0,512,4096,2048,8192,6656,3457.1,3750.667,3740.138,0.9641
mixed,16,12,0.75,4.0,512,4096,4096,16384,13312,4777.159,5385.377,5345.278,0.9341
mixed,16,12,0.75,4.0,512,8192,128,512,416,3800.234,3825.992,3819.788,0.7591
mixed,16,12,0.75,4.0,512,8192,256,1024,832,3886.057,3927.753,3918.825,0.7859
mixed,16,12,0.75,4.0,512,8192,512,2048,1664,4053.162,4126.152,4121.93,0.9422
mixed,16,12,0.75,4.0,512,8192,1024,4096,3328,4378.187,4519.975,4515.173,0.9661
mixed,16,12,0.75,4.0,512,8192,2048,8192,6656,5038.212,5344.159,5330.913,0.9567
mixed,16,12,0.75,4.0,512,8192,4096,16384,13312,6356.091,6954.301,6916.184,0.9363
mixed,16,12,0.75,4.0,1024,0,128,512,416,957.116,978.044,969.947,0.6131
mixed,16,12,0.75,4.0,1024,0,256,1024,832,1046.62,1078.524,1075.031,0.8905
mixed,16,12,0.75,4.0,1024,0,512,2048,1664,1204.375,1278.361,1275.193,0.9572
mixed,16,12,0.75,4.0,1024,0,1024,4096,3328,1534.488,1685.142,1675.353,0.935
mixed,16,12,0.75,4.0,1024,0,2048,8192,6656,2194.42,2491.442,2484.917,0.978
mixed,16,12,0.75,4.0,1024,0,4096,16384,13312,3503.308,4112.648,4078.25,0.9435
mixed,16,12,0.75,4.0,1024,512,128,512,416,1423.672,1445.716,1441.721,0.8188
mixed,16,12,0.75,4.0,1024,512,256,1024,832,1511.351,1549.049,1542.422,0.8242
mixed,16,12,0.75,4.0,1024,512,512,2048,1664,1674.006,1747.193,1745.493,0.9768
mixed,16,12,0.75,4.0,1024,512,1024,4096,3328,2002.772,2153.62,2146.962,0.9559
mixed,16,12,0.75,4.0,1024,512,2048,8192,6656,2657.81,2966.702,2946.033,0.9331
mixed,16,12,0.75,4.0,1024,512,4096,16384,13312,3977.418,4587.238,4549.318,0.9378
mixed,16,12,0.75,4.0,1024,1024,128,512,416,1814.678,1839.286,1832.662,0.7308
mixed,16,12,0.75,4.0,1024,1024,256,1024,832,1902.996,1939.51,1933.784,0.8432
mixed,16,12,0.75,4.0,1024,1024,512,2048,1664,2064.532,2141.268,2135.156,0.9204
mixed,16,12,0.75,4.0,1024,1024,1024,4096,3328,2400.595,2542.899,2535.409,0.9474
mixed,16,12,0.75,4.0,1024,1024,2048,8192,6656,3051.498,3355.949,3333.101,0.925
mixed,16,12,0.75,4.0,1024,1024,4096,16384,13312,4369.385,4979.621,4940.549,0.936
mixed,16,12,0.75,4.0,1024,2048,128,512,416,2599.441,2620.529,2616.405,0.8044
mixed,16,12,0.75,4.0,1024,2048,256,1024,832,2687.249,2720.912,2715.185,0.8299
mixed,16,12,0.75,4.0,1024,2048,512,2048,1664,2849.328,2930.414,2918.031,0.8473
mixed,16,12,0.75,4.0,1024,2048,1024,4096,3328,3187.534,3337.132,3319.919,0.8849
mixed,16,12,0.75,4.0,1024,2048,2048,8192,6656,3833.227,4143.819,4117.832,0.9163
mixed,16,12,0.75,4.0,1024,2048,4096,16384,13312,5151.466,5751.936,5722.786,0.9515
mixed,16,12,0.75,4.0,1024,4096,128,512,416,4213.223,4226.793,4229.898,1.2288
mixed,16,12,0.75,4.0,1024,4096,256,1024,832,4307.524,4341.223,4330.953,0.6952
mixed,16,12,0.75,4.0,1024,4096,512,2048,1664,4458.918,4546.822,4539.913,0.9214
mixed,16,12,0.75,4.0,1024,4096,1024,4096,3328,4795.527,4943.714,4931.747,0.9192
mixed,16,12,0.75,4.0,1024,4096,2048,8192,6656,5453.506,5757.925,5734.844,0.9242
mixed,16,12,0.75,4.0,1024,4096,4096,16384,13312,6770.233,7373.845,7344.757,0.9518
mixed,16,12,0.75,4.0,1024,8192,128,512,416,7355.739,7388.6,7381.492,0.7837
mixed,16,12,0.75,4.0,1024,8192,256,1024,832,7432.216,7483.829,7491.219,1.1432
mixed,16,12,0.75,4.0,1024,8192,512,2048,1664,7615.156,7693.392,7666.196,0.6524
mixed,16,12,0.75,4.0,1024,8192,1024,4096,3328,7942.765,8105.295,8090.961,0.9118
mixed,16,12,0.75,4.0,1024,8192,2048,8192,6656,8609.36,8910.736,8889.642,0.93
mixed,16,12,0.75,4.0,1024,8192,4096,16384,13312,9926.794,10514.118,10491.463,0.9614
mixed,16,12,0.75,4.0,2048,0,128,512,416,2440.851,2451.57,2451.252,0.9703
mixed,16,12,0.75,4.0,2048,0,256,1024,832,2528.273,2550.003,2558.93,1.4108
mixed,16,12,0.75,4.0,2048,0,512,2048,1664,2685.234,2758.768,2758.065,0.9904
mixed,16,12,0.75,4.0,2048,0,1024,4096,3328,3012.719,3169.391,3162.99,0.9591
mixed,16,12,0.75,4.0,2048,0,2048,8192,6656,3662.955,3984.813,3961.324,0.927
mixed,16,12,0.75,4.0,2048,0,4096,16384,13312,4991.523,5595.775,5576.58,0.9682
mixed,16,12,0.75,4.0,2048,512,128,512,416,3297.101,3314.827,3297.387,0.0161
mixed,16,12,0.75,4.0,2048,512,256,1024,832,3373.326,3415.021,3408.528,0.8443
mixed,16,12,0.75,4.0,2048,512,512,2048,1664,3532.878,3613.61,3605.291,0.897
mixed,16,12,0.75,4.0,2048,512,1024,4096,3328,3871.657,4006.378,4015.756,1.0696
mixed,16,12,0.75,4.0,2048,512,2048,8192,6656,4520.775,4821.573,4812.325,0.9693
mixed,16,12,0.75,4.0,2048,512,4096,16384,13312,5841.919,6447.969,6407.387,0.933
mixed,16,12,0.75,4.0,2048,1024,128,512,416,4112.522,4149.129,4143.85,0.8558
mixed,16,12,0.75,4.0,2048,1024,256,1024,832,4213.035,4249.418,4244.614,0.868
mixed,16,12,0.75,4.0,2048,1024,512,2048,1664,4370.536,4445.544,4446.666,1.015
mixed,16,12,0.75,4.0,2048,1024,1024,4096,3328,4696.87,4856.005,4849.032,0.9562
mixed,16,12,0.75,4.0,2048,1024,2048,8192,6656,5363.908,5664.194,5637.601,0.9114
mixed,16,12,0.75,4.0,2048,1024,4096,16384,13312,6669.595,7281.303,7247.516,0.9448
mixed,16,12,0.75,4.0,2048,2048,128,512,416,5762.145,5786.751,5793.089,1.2576
mixed,16,12,0.75,4.0,2048,2048,256,1024,832,5846.821,5890.239,5895.903,1.1305
mixed,16,12,0.75,4.0,2048,2048,512,2048,1664,6024.029,6086.495,6098.593,1.1937
mixed,16,12,0.75,4.0,2048,2048,1024,4096,3328,6351.389,6498.494,6498.972,1.0032
mixed,16,12,0.75,4.0,2048,2048,2048,8192,6656,7025.851,7307.385,7297.05,0.9633
mixed,16,12,0.75,4.0,2048,2048,4096,16384,13312,8321.782,8949.619,8902.673,0.9252
mixed,16,12,0.75,4.0,2048,4096,128,512,416,9018.253,9042.61,9015.794,-0.101
mixed,16,12,0.75,4.0,2048,4096,256,1024,832,9100.076,9128.239,9133.387,1.1828
mixed,16,12,0.75,4.0,2048,4096,512,2048,1664,9256.944,9333.999,9318.571,0.7998
mixed,16,12,0.75,4.0,2048,4096,1024,4096,3328,9573.547,9740.84,9741.164,1.0019
mixed,16,12,0.75,4.0,2048,4096,2048,8192,6656,10240.516,10539.429,10540.744,1.0044
mixed,16,12,0.75,4.0,2048,4096,4096,16384,13312,11557.566,12168.925,12133.121,0.9414
mixed,16,12,0.75,4.0,2048,8192,128,512,416,15300.3,15339.25,15290.414,-0.2538
mixed,16,12,0.75,4.0,2048,8192,256,1024,832,15375.344,15428.076,15426.377,0.9678
mixed,16,12,0.75,4.0,2048,8192,512,2048,1664,15562.511,15590.193,15632.657,2.534
mixed,16,12,0.75,4.0,2048,8192,1024,4096,3328,15896.524,16005.636,16009.03,1.0311
mixed,16,12,0.75,4.0,2048,8192,2048,8192,6656,16541.609,16845.225,16788.005,0.8115
mixed,16,12,0.75,4.0,2048,8192,4096,16384,13312,17893.44,18467.926,18416.16,0.9099
pure,16,14,0.875,4.0,0,0,128,512,464,159.455,168.094,165.182,0.6629
pure,16,14,0.875,4.0,0,0,256,1024,928,251.262,267.165,263.966,0.7988
pure,16,14,0.875,4.0,0,0,512,2048,1856,432.541,471.517,466.43,0.8695
pure,16,14,0.875,4.0,0,0,1024,4096,3712,806.428,880.953,871.707,0.8759
pure,16,14,0.875,4.0,0,0,2048,8192,7424,1537.045,1689.495,1671.001,0.8787
pure,16,14,0.875,4.0,0,0,4096,16384,14848,3005.422,3302.414,3293.037,0.9684
mixed,16,14,0.875,4.0,16,0,128,512,464,181.951,189.632,192.128,1.325
mixed,16,14,0.875,4.0,16,0,256,1024,928,272.031,288.924,296.701,1.4604
mixed,16,14,0.875,4.0,16,0,512,2048,1856,455.263,490.91,499.677,1.2459
mixed,16,14,0.875,4.0,16,0,1024,4096,3712,824.282,900.507,903.162,1.0348
mixed,16,14,0.875,4.0,16,0,2048,8192,7424,1558.103,1711.797,1707.447,0.9717
mixed,16,14,0.875,4.0,16,0,4096,16384,14848,3024.847,3326.029,3324.496,0.9949
mixed,16,14,0.875,4.0,16,512,128,512,464,222.622,232.446,233.568,1.1142
mixed,16,14,0.875,4.0,16,512,256,1024,928,315.871,332.83,337.055,1.2491
mixed,16,14,0.875,4.0,16,512,512,2048,1856,497.598,537.116,542.175,1.128
mixed,16,14,0.875,4.0,16,512,1024,4096,3712,867.579,946.174,945.531,0.9918
mixed,16,14,0.875,4.0,16,512,2048,8192,7424,1601.205,1753.143,1753.814,1.0044
mixed,16,14,0.875,4.0,16,512,4096,16384,14848,3074.16,3375.565,3366.027,0.9684
mixed,16,14,0.875,4.0,16,1024,128,512,464,228.414,238.495,239.2,1.0699
mixed,16,14,0.875,4.0,16,1024,256,1024,928,319.68,338.56,344.125,1.2948
mixed,16,14,0.875,4.0,16,1024,512,2048,1856,501.66,541.787,544.03,1.0559
mixed,16,14,0.875,4.0,16,1024,1024,4096,3712,875.932,949.18,954.684,1.0751
mixed,16,14,0.875,4.0,16,1024,2048,8192,7424,1610.903,1760.981,1758.359,0.9825
mixed,16,14,0.875,4.0,16,1024,4096,16384,14848,3076.717,3384.365,3371.499,0.9582
mixed,16,14,0.875,4.0,16,2048,128,512,464,236.031,245.886,247.584,1.1723
mixed,16,14,0.875,4.0,16,2048,256,1024,928,329.5,346.719,350.842,1.2394
mixed,16,14,0.875,4.0,16,2048,512,2048,1856,512.316,547.265,554.781,1.2151
mixed,16,14,0.875,4.0,16,2048,1024,4096,3712,880.318,954.811,957.912,1.0416
mixed,16,14,0.875,4.0,16,2048,2048,8192,7424,1613.718,1769.012,1762.455,0.9578
mixed,16,14,0.875,4.0,16,2048,4096,16384,14848,3083.694,3387.245,3376.652,0.9651
mixed,16,14,0.875,4.0,16,4096,128,512,464,271.389,284.574,282.015,0.8059
mixed,16,14,0.875,4.0,16,4096,256,1024,928,364.222,382.078,386.622,1.2545
mixed,16,14,0.875,4.0,16,4096,512,2048,1856,547.805,587.485,591.1,1.0911
mixed,16,14,0.875,4.0,16,4096,1024,4096,3712,915.226,987.354,989.406,1.0284
mixed,16,14,0.875,4.0,16,4096,2048,8192,7424,1653.653,1801.016,1795.831,0.9648
mixed,16,14,0.875,4.0,16,4096,4096,16384,14848,3124.109,3426.957,3407.568,0.936
mixed,16,14,0.875,4.0,16,8192,128,512,464,325.375,339.489,335.998,0.7527
mixed,16,14,0.875,4.0,16,8192,256,1024,928,417.79,437.503,439.07,1.0795
mixed,16,14,0.875,4.0,16,8192,512,2048,1856,602.687,639.167,639.708,1.0148
mixed,16,14,0.875,4.0,16,8192,1024,4096,3712,970.523,1044.507,1048.888,1.0592
mixed,16,14,0.875,4.0,16,8192,2048,8192,7424,1702.422,1856.436,1852.149,0.9722
mixed,16,14,0.875,4.0,16,8192,4096,16384,14848,3179.852,3474.031,3457.837,0.945
mixed,16,14,0.875,4.0,32,0,128,512,464,216.575,226.302,228.192,1.1943
mixed,16,14,0.875,4.0,32,0,256,1024,928,311.325,326.524,330.72,1.2761
mixed,16,14,0.875,4.0,32,0,512,2048,1856,489.213,526.043,534.014,1.2164
mixed,16,14,0.875,4.0,32,0,1024,4096,3712,854.233,934.138,938.201,1.0508
mixed,16,14,0.875,4.0,32,0,2048,8192,7424,1593.27,1745.717,1744.153,0.9897
mixed,16,14,0.875,4.0,32,0,4096,16384,14848,3061.52,3365.9,3352.268,0.9552
mixed,16,14,0.875,4.0,32,512,128,512,464,262.112,273.627,272.607,0.9114
mixed,16,14,0.875,4.0,32,512,256,1024,928,353.823,373.018,376.861,1.2002
mixed,16,14,0.875,4.0,32,512,512,2048,1856,536.412,573.34,577.375,1.1093
mixed,16,14,0.875,4.0,32,512,1024,4096,3712,904.282,981.116,984.568,1.0449
mixed,16,14,0.875,4.0,32,512,2048,8192,7424,1638.294,1794.295,1788.823,0.9649
mixed,16,14,0.875,4.0,32,512,4096,16384,14848,3106.033,3402.189,3385.681,0.9443
mixed,16,14,0.875,4.0,32,1024,128,512,464,270.908,279.679,278.655,0.8833
mixed,16,14,0.875,4.0,32,1024,256,1024,928,362.559,382.397,383.84,1.0727
mixed,16,14,0.875,4.0,32,1024,512,2048,1856,544.027,581.725,584.475,1.0729
mixed,16,14,0.875,4.0,32,1024,1024,4096,3712,916.956,994.33,988.119,0.9197
mixed,16,14,0.875,4.0,32,1024,2048,8192,7424,1650.9,1799.158,1797.786,0.9907
mixed,16,14,0.875,4.0,32,1024,4096,16384,14848,3123.183,3410.732,3409.038,0.9941
mixed,16,14,0.875,4.0,32,2048,128,512,464,287.937,297.31,296.544,0.9183
mixed,16,14,0.875,4.0,32,2048,256,1024,928,379.295,397.311,401.63,1.2397
mixed,16,14,0.875,4.0,32,2048,512,2048,1856,560.574,601.339,604.797,1.0848
mixed,16,14,0.875,4.0,32,2048,1024,4096,3712,926.714,1003.706,1006.203,1.0324
mixed,16,14,0.875,4.0,32,2048,2048,8192,7424,1666.679,1812.568,1815.253,1.0184
mixed,16,14,0.875,4.0,32,2048,4096,16384,14848,3132.144,3428.015,3426.575,0.9951
mixed,16,14,0.875,4.0,32,4096,128,512,464,379.484,388.767,388.602,0.9822
mixed,16,14,0.875,4.0,32,4096,256,1024,928,467.709,489.596,491.833,1.1022
mixed,16,14,0.875,4.0,32,4096,512,2048,1856,650.877,685.694,694.104,1.2415
mixed,16,14,0.875,4.0,32,4096,1024,4096,3712,1017.72,1097.692,1099.578,1.0236
mixed,16,14,0.875,4.0,32,4096,2048,8192,7424,1755.573,1907.928,1900.501,0.9513
mixed,16,14,0.875,4.0,32,4096,4096,16384,14848,3221.361,3527.469,3515.888,0.9622
mixed,16,14,0.875,4.0,32,8192,128,512,464,486.08,497.982,491.262,0.4354
mixed,16,14,0.875,4.0,32,8192,256,1024,928,574.556,593.754,597.595,1.2001
mixed,16,14,0.875,4.0,32,8192,512,2048,1856,758.398,794.842,798.623,1.1037
mixed,16,14,0.875,4.0,32,8192,1024,4096,3712,1127.356,1199.994,1201.883,1.026
mixed,16,14,0.875,4.0,32,8192,2048,8192,7424,1865.752,2004.182,2010.549,1.046
mixed,16,14,0.875,4.0,32,8192,4096,16384,14848,3331.436,3629.802,3620.042,0.9673
mixed,16,14,0.875,4.0,64,0,128,512,464,224.766,235.645,236.383,1.0678
mixed,16,14,0.875,4.0,64,0,256,1024,928,317.279,335.677,340.064,1.2384
mixed,16,14,0.875,4.0,64,0,512,2048,1856,499.42,539.422,546.685,1.1816
mixed,16,14,0.875,4.0,64,0,1024,4096,3712,871.195,941.721,947.386,1.0803
mixed,16,14,0.875,4.0,64,0,2048,8192,7424,1604.664,1757.879,1753.716,0.9728
mixed,16,14,0.875,4.0,64,0,4096,16384,14848,3063.057,3377.585,3356.077,0.9316
mixed,16,14,0.875,4.0,64,512,128,512,464,283.007,293.022,293.184,1.0162
mixed,16,14,0.875,4.0,64,512,256,1024,928,374.652,394.907,396.542,1.0807
mixed,16,14,0.875,4.0,64,512,512,2048,1856,556.54,593.725,600.284,1.1764
mixed,16,14,0.875,4.0,64,512,1024,4096,3712,924.22,1003.196,1004.761,1.0198
mixed,16,14,0.875,4.0,64,512,2048,8192,7424,1659.927,1807.734,1806.518,0.9918
mixed,16,14,0.875,4.0,64,512,4096,16384,14848,3132.303,3431.245,3412.717,0.938
mixed,16,14,0.875,4.0,64,1024,128,512,464,342.173,353.404,352.415,0.9119
mixed,16,14,0.875,4.0,64,1024,256,1024,928,434.236,454.619,455.297,1.0333
mixed,16,14,0.875,4.0,64,1024,512,2048,1856,617.211,656.925,657.693,1.0193
mixed,16,14,0.875,4.0,64,1024,1024,4096,3712,984.41,1064.826,1063.353,0.9817
mixed,16,14,0.875,4.0,64,1024,2048,8192,7424,1717.907,1873.174,1864.854,0.9464
mixed,16,14,0.875,4.0,64,1024,4096,16384,14848,3181.744,3487.338,3477.772,0.9687
mixed,16,14,0.875,4.0,64,2048,128,512,464,381.984,393.725,391.389,0.801
mixed,16,14,0.875,4.0,64,2048,256,1024,928,475.389,495.837,496.99,1.0564
mixed,16,14,0.875,4.0,64,2048,512,2048,1856,654.782,694.01,701.02,1.1787
mixed,16,14,0.875,4.0,64,2048,1024,4096,3712,1023.671,1103.608,1101.147,0.9692
mixed,16,14,0.875,4.0,64,2048,2048,8192,7424,1757.109,1914.839,1906.451,0.9468
mixed,16,14,0.875,4.0,64,2048,4096,16384,14848,3226.095,3525.324,3513.039,0.9589
mixed,16,14,0.875,4.0,64,4096,128,512,464,486.237,494.589,492.732,0.7777
mixed,16,14,0.875,4.0,64,4096,256,1024,928,577.502,598.236,598.653,1.0201
mixed,16,14,0.875,4.0,64,4096,512,2048,1856,760.444,794.717,801.343,1.1933
mixed,16,14,0.875,4.0,64,4096,1024,4096,3712,1127.098,1200.921,1203.449,1.0342
mixed,16,14,0.875,4.0,64,4096,2048,8192,7424,1858.104,2007.252,1998.167,0.9391
mixed,16,14,0.875,4.0,64,4096,4096,16384,14848,3328.367,3632.045,3618.83,0.9565
mixed,16,14,0.875,4.0,64,8192,128,512,464,691.836,701.597,701.401,0.9799
mixed,16,14,0.875,4.0,64,8192,256,1024,928,783.547,800.891,801.275,1.0221
mixed,16,14,0.875,4.0,64,8192,512,2048,1856,962.585,1001.241,1001.594,1.0091
mixed,16,14,0.875,4.0,64,8192,1024,4096,3712,1330.617,1401.591,1403.509,1.027
mixed,16,14,0.875,4.0,64,8192,2048,8192,7424,2060.21,2214.644,2212.181,0.9841
mixed,16,14,0.875,4.0,64,8192,4096,16384,14848,3533.321,3846.956,3814.602,0.8968
mixed,16,14,0.875,4.0,128,0,128,512,464,248.193,257.855,259.197,1.1389
mixed,16,14,0.875,4.0,128,0,256,1024,928,343.104,359.804,362.365,1.1534
mixed,16,14,0.875,4.0,128,0,512,2048,1856,520.317,561.886,566.555,1.1123
mixed,16,14,0.875,4.0,128,0,1024,4096,3712,890.077,965.786,969.784,1.0528
mixed,16,14,0.875,4.0,128,0,2048,8192,7424,1625.78,1782.649,1771.958,0.9318
mixed,16,14,0.875,4.0,128,0,4096,16384,14848,3090.447,3401.997,3382.799,0.9384
mixed,16,14,0.875,4.0,128,512,128,512,464,383.325,394.911,391.613,0.7153
mixed,16,14,0.875,4.0,128,512,256,1024,928,475.134,491.134,495.776,1.2901
mixed,16,14,0.875,4.0,128,512,512,2048,1856,655.293,696.67,697.497,1.02
mixed,16,14,0.875,4.0,128,512,1024,4096,3712,1022.201,1099.002,1103.323,1.0563
mixed,16,14,0.875,4.0,128,512,2048,8192,7424,1753.943,1907.254,1906.228,0.9933
mixed,16,14,0.875,4.0,128,512,4096,16384,14848,3223.405,3530.731,3513.613,0.9443
mixed,16,14,0.875,4.0,128,1024,128,512,464,449.884,459.647,456.383,0.6657
mixed,16,14,0.875,4.0,128,1024,256,1024,928,540.412,559.006,561.533,1.1359
mixed,16,14,0.875,4.0,128,1024,512,2048,1856,726.684,759.932,764.444,1.1357
mixed,16,14,0.875,4.0,128,1024,1024,4096,3712,1093.817,1164.699,1163.612,0.9847
mixed,16,14,0.875,4.0,128,1024,2048,8192,7424,1823.35,1979.575,1973.396,0.9604
mixed,16,14,0.875,4.0,128,1024,4096,16384,14848,3302.252,3590.542,3583.374,0.9751
mixed,16,14,0.875,4.0,128,2048,128,512,464,546.878,559.387,555.901,0.7213
mixed,16,14,0.875,4.0,128,2048,256,1024,928,639.23,659.165,657.404,0.9117
mixed,16,14,0.875,4.0,128,2048,512,2048,1856,822.33,858.843,860.571,1.0473
mixed,16,14,0.875,4.0,128,2048,1024,4096,3712,1186.3,1258.424,1262.62,1.0582
mixed,16,14,0.875,4.0,128,2048,2048,8192,7424,1920.95,2068.853,2064.373,0.9697
mixed,16,14,0.875,4.0,128,2048,4096,16384,14848,3393.449,3693.58,3682.03,0.9615
mixed,16,14,0.875,4.0,128,4096,128,512,464,746.651,761.692,756.22,0.6362
mixed,16,14,0.875,4.0,128,4096,256,1024,928,839.323,859.039,859.515,1.0241
mixed,16,14,0.875,4.0,128,4096,512,2048,1856,1023.643,1059.385,1062.171,1.0779
mixed,16,14,0.875,4.0,128,4096,1024,4096,3712,1384.859,1459.514,1463.128,1.0484
mixed,16,14,0.875,4.0,128,4096,2048,8192,7424,2125.332,2273.204,2273.075,0.9991
mixed,16,14,0.875,4.0,128,4096,4096,16384,14848,3583.115,3891.147,3876.074,0.9511
mixed,16,14,0.875,4.0,128,8192,128,512,464,1145.083,1158.584,1151.835,0.5001
mixed,16,14,0.875,4.0,128,8192,256,1024,928,1234.234,1255.033,1252.443,0.8755
mixed,16,14,0.875,4.0,128,8192,512,2048,1856,1418.742,1453.273,1452.983,0.9916
mixed,16,14,0.875,4.0,128,8192,1024,4096,3712,1780.118,1857.235,1855.735,0.9805
mixed,16,14,0.875,4.0,128,8192,2048,8192,7424,2515.889,2669.232,2662.034,0.9531
mixed,16,14,0.875,4.0,128,8192,4096,16384,14848,3986.252,4280.137,4277.928,0.9925
mixed,16,14,0.875,4.0,256,0,128,512,464,367.71,379.646,378.941,0.9409
mixed,16,14,0.875,4.0,256,0,256,1024,928,458.879,479.967,482.622,1.1259
mixed,16,14,0.875,4.0,256,0,512,2048,1856,645.624,677.467,685.468,1.2513
mixed,16,14,0.875,4.0,256,0,1024,4096,3712,1012.155,1087.484,1085.947,0.9796
mixed,16,14,0.875,4.0,256,0,2048,8192,7424,1745.749,1895.862,1892.532,0.9778
mixed,16,14,0.875,4.0,256,0,4096,16384,14848,3213.201,3512.716,3499.47,0.9558
mixed,16,14,0.875,4.0,256,512,128,512,464,496.637,508.481,503.164,0.5511
mixed,16,14,0.875,4.0,256,512,256,1024,928,589.503,609.727,609.15,0.9715
mixed,16,14,0.875,4.0,256,512,512,2048,1856,772.445,808.571,808.154,0.9885
mixed,16,14,0.875,4.0,256,512,1024,4096,3712,1136.092,1215.415,1214.234,0.9851
mixed,16,14,0.875,4.0,256,512,2048,8192,7424,1870.74,2022.518,2019.352,0.9791
mixed,16,14,0.875,4.0,256,512,4096,16384,14848,3344.749,3641.323,3627.436,0.9532
mixed,16,14,0.875,4.0,256,1024,128,512,464,595.227,607.483,602.684,0.6084
mixed,16,14,0.875,4.0,256,1024,256,1024,928,684.314,705.468,709.211,1.1769
mixed,16,14,0.875,4.0,256,1024,512,2048,1856,871.065,904.539,909.915,1.1606
mixed,16,14,0.875,4.0,256,1024,1024,4096,3712,1240.729,1309.752,1310.457,1.0102
mixed,16,14,0.875,4.0,256,1024,2048,8192,7424,1965.687,2120.439,2112.82,0.9508
mixed,16,14,0.875,4.0,256,1024,4096,16384,14848,3439.856,3737.1,3729.068,0.973
mixed,16,14,0.875,4.0,256,2048,128,512,464,792.924,805.533,799.675,0.5354
mixed,16,14,0.875,4.0,256,2048,256,1024,928,881.145,900.764,902.778,1.1027
mixed,16,14,0.875,4.0,256,2048,512,2048,1856,1063.354,1102.681,1100.955,0.9561
mixed,16,14,0.875,4.0,256,2048,1024,4096,3712,1433.048,1508.086,1502.489,0.9254
mixed,16,14,0.875,4.0,256,2048,2048,8192,7424,2161.108,2312.691,2313.811,1.0074
mixed,16,14,0.875,4.0,256,2048,4096,16384,14848,3636.493,3936.778,3914.796,0.9268
mixed,16,14,0.875,4.0,256,4096,128,512,464,1188.952,1203.129,1200.152,0.79
mixed,16,14,0.875,4.0,256,4096,256,1024,928,1276.696,1298.297,1301.112,1.1303
mixed,16,14,0.875,4.0,256,4096,512,2048,1856,1463.574,1500.216,1500.406,1.0052
mixed,16,14,0.875,4.0,256,4096,1024,4096,3712,1827.316,1901.652,1906.774,1.0689
mixed,16,14,0.875,4.0,256,4096,2048,8192,7424,2562.898,2717.583,2710.13,0.9518
mixed,16,14,0.875,4.0,256,4096,4096,16384,14848,4032.616,4331.146,4323.369,0.9739
mixed,16,14,0.875,4.0,256,8192,128,512,464,1981.139,1990.292,1986.646,0.6017
mixed,16,14,0.875,4.0,256,8192,256,1024,928,2069.204,2091.7,2088.115,0.8406
mixed,16,14,0.875,4.0,256,8192,512,2048,1856,2254.357,2286.705,2288.981,1.0704
mixed,16,14,0.875,4.0,256,8192,1024,4096,3712,2617.615,2692.178,2692.751,1.0077
mixed,16,14,0.875,4.0,256,8192,2048,8192,7424,3348.623,3502.318,3500.461,0.9879
mixed,16,14,0.875,4.0,256,8192,4096,16384,14848,4817.637,5113.539,5115.458,1.0065
mixed,16,14,0.875,4.0,512,0,128,512,464,637.598,650.461,647.166,0.7438
mixed,16,14,0.875,4.0,512,0,256,1024,928,728.924,750.811,748.922,0.9137
mixed,16,14,0.875,4.0,512,0,512,2048,1856,911.547,950.522,950.043,0.9877
mixed,16,14,0.875,4.0,512,0,1024,4096,3712,1277.498,1350.583,1352.343,1.0241
mixed,16,14,0.875,4.0,512,0,2048,8192,7424,2013.046,2162.133,2160.56,0.9894
mixed,16,14,0.875,4.0,512,0,4096,16384,14848,3486.061,3786.985,3770.76,0.9461
mixed,16,14,0.875,4.0,512,512,128,512,464,857.307,866.811,866.844,1.0035
mixed,16,14,0.875,4.0,512,512,256,1024,928,946.554,969.469,967.1,0.8966
mixed,16,14,0.875,4.0,512,512,512,2048,1856,1131.865,1164.858,1169.21,1.1319
mixed,16,14,0.875,4.0,512,512,1024,4096,3712,1500.504,1572.536,1568.602,0.9454
mixed,16,14,0.875,4.0,512,512,2048,8192,7424,2228.5,2381.777,2371.859,0.9353
mixed,16,14,0.875,4.0,512,512,4096,16384,14848,3697.71,4000.906,3983.883,0.9439
mixed,16,14,0.875,4.0,512,1024,128,512,464,1055.162,1064.826,1060.345,0.5363
mixed,16,14,0.875,4.0,512,1024,256,1024,928,1147.161,1165.115,1163.128,0.8893
mixed,16,14,0.875,4.0,512,1024,512,2048,1856,1326.039,1362.774,1366.263,1.095
mixed,16,14,0.875,4.0,512,1024,1024,4096,3712,1689.337,1765.876,1765.749,0.9983
mixed,16,14,0.875,4.0,512,1024,2048,8192,7424,2422.388,2578.482,2573.332,0.967
mixed,16,14,0.875,4.0,512,1024,4096,16384,14848,3895.338,4191.368,4181.163,0.9655
mixed,16,14,0.875,4.0,512,2048,128,512,464,1448.248,1457.078,1454.17,0.6707
mixed,16,14,0.875,4.0,512,2048,256,1024,928,1538.102,1557.304,1557.206,0.9949
mixed,16,14,0.875,4.0,512,2048,512,2048,1856,1720.341,1755.319,1761.109,1.1655
mixed,16,14,0.875,4.0,512,2048,1024,4096,3712,2082.837,2161.334,2162.453,1.0143
mixed,16,14,0.875,4.0,512,2048,2048,8192,7424,2819.123,2969.264,2968.688,0.9962
mixed,16,14,0.875,4.0,512,2048,4096,16384,14848,4287.013,4585.193,4571.27,0.9533
mixed,16,14,0.875,4.0,512,4096,128,512,464,2237.91,2249.331,2245.524,0.6667
mixed,16,14,0.875,4.0,512,4096,256,1024,928,2326.58,2349.809,2346.004,0.8362
mixed,16,14,0.875,4.0,512,4096,512,2048,1856,2506.001,2549.042,2546.129,0.9323
mixed,16,14,0.875,4.0,512,4096,1024,4096,3712,2875.41,2951.438,2946.928,0.9407
mixed,16,14,0.875,4.0,512,4096,2048,8192,7424,3607.149,3757.775,3757.993,1.0014
mixed,16,14,0.875,4.0,512,4096,4096,16384,14848,5079.077,5375.748,5368.833,0.9767
mixed,16,14,0.875,4.0,512,8192,128,512,464,3813.544,3830.794,3819.34,0.336
mixed,16,14,0.875,4.0,512,8192,256,1024,928,3901.484,3927.368,3923.369,0.8455
mixed,16,14,0.875,4.0,512,8192,512,2048,1856,4103.627,4129.291,4125.835,0.8653
mixed,16,14,0.875,4.0,512,8192,1024,4096,3712,4445.223,4520.773,4525.927,1.0682
mixed,16,14,0.875,4.0,512,8192,2048,8192,7424,5184.61,5342.434,5333.186,0.9414
mixed,16,14,0.875,4.0,512,8192,4096,16384,14848,6644.952,6953.915,6941.851,0.961
mixed,16,14,0.875,4.0,1024,0,128,512,464,965.689,978.905,975.225,0.7215
mixed,16,14,0.875,4.0,1024,0,256,1024,928,1058.363,1077.115,1077.85,1.0392
mixed,16,14,0.875,4.0,1024,0,512,2048,1856,1243.612,1275.673,1280.951,1.1646
mixed,16,14,0.875,4.0,1024,0,1024,4096,3712,1608.6,1684.824,1683.287,0.9798
mixed,16,14,0.875,4.0,1024,0,2048,8192,7424,2341.65,2494.356,2494.579,1.0015
mixed,16,14,0.875,4.0,1024,0,4096,16384,14848,3812.333,4115.209,4104.841,0.9658
mixed,16,14,0.875,4.0,1024,512,128,512,464,1435.577,1448.471,1442.456,0.5335
mixed,16,14,0.875,4.0,1024,512,256,1024,928,1528.473,1545.91,1549.559,1.2093
mixed,16,14,0.875,4.0,1024,512,512,2048,1856,1711.927,1750.614,1752.759,1.0554
mixed,16,14,0.875,4.0,1024,512,1024,4096,3712,2077.717,2155.924,2152.596,0.9574
mixed,16,14,0.875,4.0,1024,512,2048,8192,7424,2811.313,2962.544,2965.902,1.0222
mixed,16,14,0.875,4.0,1024,512,4096,16384,14848,4282.858,4595.273,4565.77,0.9056
mixed,16,14,0.875,4.0,1024,1024,128,512,464,1827.959,1838.837,1836.308,0.7675
mixed,16,14,0.875,4.0,1024,1024,256,1024,928,1917.588,1940.663,1939.83,0.9639
mixed,16,14,0.875,4.0,1024,1024,512,2048,1856,2102.516,2138.549,2146.643,1.2246
mixed,16,14,0.875,4.0,1024,1024,1024,4096,3712,2472.594,2547.634,2542.321,0.9292
mixed,16,14,0.875,4.0,1024,1024,2048,8192,7424,3209.451,3356.237,3356.525,1.002
mixed,16,14,0.875,4.0,1024,1024,4096,16384,14848,4674.665,4979.813,4966.338,0.9558
mixed,16,14,0.875,4.0,1024,2048,128,512,464,2613.328,2625.906,2620.176,0.5444
mixed,16,14,0.875,4.0,1024,2048,256,1024,928,2700.272,2725.269,2718.386,0.7246
mixed,16,14,0.875,4.0,1024,2048,512,2048,1856,2884.625,2920.718,2923.697,1.0825
mixed,16,14,0.875,4.0,1024,2048,1024,4096,3712,3249.199,3326.668,3332.463,1.0748
mixed,16,14,0.875,4.0,1024,2048,2048,8192,7424,3981.897,4138.375,4138.985,1.0039
mixed,16,14,0.875,4.0,1024,2048,4096,16384,14848,5458.116,5769.537,5739.523,0.9036
mixed,16,14,0.875,4.0,1024,4096,128,512,464,4222.088,4230.474,4231.878,1.1674
mixed,16,14,0.875,4.0,1024,4096,256,1024,928,4313.799,4329.034,4332.743,1.2435
mixed,16,14,0.875,4.0,1024,4096,512,2048,1856,4497.513,4538.182,4540.905,1.067
mixed,16,14,0.875,4.0,1024,4096,1024,4096,3712,4851.939,4939.749,4942.694,1.0335
mixed,16,14,0.875,4.0,1024,4096,2048,8192,7424,5597.597,5750.242,5744.638,0.9633
mixed,16,14,0.875,4.0,1024,4096,4096,16384,14848,7066.459,7369.148,7368.379,0.9975
mixed,16,14,0.875,4.0,1024,8192,128,512,464,7385.077,7385.465,7391.126,15.5902
mixed,16,14,0.875,4.0,1024,8192,256,1024,928,7482.227,7505.015,7493.973,0.5154
mixed,16,14,0.875,4.0,1024,8192,512,2048,1856,7655.702,7642.87,7684.884,
mixed,16,14,0.875,4.0,1024,8192,1024,4096,3712,8030.836,8091.03,8095.35,1.0718
mixed,16,14,0.875,4.0,1024,8192,2048,8192,7424,8756.111,8913.587,8888.977,0.8437
mixed,16,14,0.875,4.0,1024,8192,4096,16384,14848,10219.146,10526.567,10498.148,0.9076
mixed,16,14,0.875,4.0,2048,0,128,512,464,2445.459,2453.875,2452.628,0.8518
mixed,16,14,0.875,4.0,2048,0,256,1024,928,2533.779,2560.498,2558.831,0.9376
mixed,16,14,0.875,4.0,2048,0,512,2048,1856,2725.074,2755.125,2761.841,1.2235
mixed,16,14,0.875,4.0,2048,0,1024,4096,3712,3095.184,3159.662,3168.977,1.1445
mixed,16,14,0.875,4.0,2048,0,2048,8192,7424,3824.49,3981.096,3964.877,0.8964
mixed,16,14,0.875,4.0,2048,0,4096,16384,14848,5289.927,5592.322,5578.017,0.9527
mixed,16,14,0.875,4.0,2048,512,128,512,464,3305.422,3308.526,3316.398,3.5361
mixed,16,14,0.875,4.0,2048,512,256,1024,928,3389.839,3409.166,3405.71,0.8212
mixed,16,14,0.875,4.0,2048,512,512,2048,1856,3563.886,3609.966,3613.902,1.0854
mixed,16,14,0.875,4.0,2048,512,1024,4096,3712,3947.372,4017.227,4016.78,0.9936
mixed,16,14,0.875,4.0,2048,512,2048,8192,7424,4669.733,4819.622,4815.877,0.975
mixed,16,14,0.875,4.0,2048,512,4096,16384,14848,6145.25,6453.98,6431.612,0.9275
mixed,16,14,0.875,4.0,2048,1024,128,512,464,4138.252,4142.759,4146.793,1.8951
mixed,16,14,0.875,4.0,2048,1024,256,1024,928,4229.001,4250.186,4250.312,1.0059
mixed,16,14,0.875,4.0,2048,1024,512,2048,1856,4411.209,4448.393,4454.599,1.1669
mixed,16,14,0.875,4.0,2048,1024,1024,4096,3712,4782.372,4851.237,4856.804,1.0808
mixed,16,14,0.875,4.0,2048,1024,2048,8192,7424,5510.205,5658.497,5658.146,0.9976
mixed,16,14,0.875,4.0,2048,1024,4096,16384,14848,6968.156,7280.889,7253.978,0.9139
mixed,16,14,0.875,4.0,2048,2048,128,512,464,5786.978,5785.185,5797.6,
mixed,16,14,0.875,4.0,2048,2048,256,1024,928,5868.192,5887.743,5910.498,2.1639
mixed,16,14,0.875,4.0,2048,2048,512,2048,1856,6050.72,6090.305,6086.912,0.9143
mixed,16,14,0.875,4.0,2048,2048,1024,4096,3712,6427.485,6509.182,6491.324,0.7814
mixed,16,14,0.875,4.0,2048,2048,2048,8192,7424,7153.273,7304.793,7295.898,0.9413
mixed,16,14,0.875,4.0,2048,2048,4096,16384,14848,8621.523,8937.807,8912.176,0.919
mixed,16,14,0.875,4.0,2048,4096,128,512,464,9026.158,9031.472,9040.177,2.6381
mixed,16,14,0.875,4.0,2048,4096,256,1024,928,9124.302,9129.102,9128.655,0.9069
mixed,16,14,0.875,4.0,2048,4096,512,2048,1856,9285.008,9322.606,9323.242,1.0169
mixed,16,14,0.875,4.0,2048,4096,1024,4096,3712,9671.945,9739.947,9750.988,1.1624
mixed,16,14,0.875,4.0,2048,4096,2048,8192,7424,10403.528,10557.669,10531.975,0.8333
mixed,16,14,0.875,4.0,2048,4096,4096,16384,14848,11874.4,12168.288,12169.411,1.0038
mixed,16,14,0.875,4.0,2048,8192,128,512,464,15336.812,15312.175,15301.646,
mixed,16,14,0.875,4.0,2048,8192,256,1024,928,15392.468,15390.733,15409.678,
mixed,16,14,0.875,4.0,2048,8192,512,2048,1856,15579.883,15609.137,15644.11,2.1955
mixed,16,14,0.875,4.0,2048,8192,1024,4096,3712,15954.861,16017.806,15980.592,0.4088
mixed,16,14,0.875,4.0,2048,8192,2048,8192,7424,16622.821,16788.708,16841.92,1.3208
mixed,16,14,0.875,4.0,2048,8192,4096,16384,14848,18107.966,18461.121,18408.418,0.8508
pure,32,1,0.0312,4.0,0,0,128,512,140,105.344,262.623,127.136,0.1386
pure,32,1,0.0312,4.0,0,0,256,1024,280,159.36,467.422,192.673,0.1081
pure,32,1,0.0312,4.0,0,0,512,2048,560,276.958,872.605,326.558,0.0833
pure,32,1,0.0312,4.0,0,0,1024,4096,1120,507.262,1679.736,591.709,0.072
pure,32,1,0.0312,4.0,0,0,2048,8192,2240,951.162,3308.142,1114.139,0.0691
pure,32,1,0.0312,4.0,0,0,4096,16384,4480,1844.887,6548.572,2171.41,0.0694
mixed,32,1,0.0312,4.0,16,0,128,512,140,126.814,284.191,151.422,0.1564
mixed,32,1,0.0312,4.0,16,0,256,1024,280,180.862,489.854,213.215,0.1047
mixed,32,1,0.0312,4.0,16,0,512,2048,560,297.664,897.821,348.765,0.0851
mixed,32,1,0.0312,4.0,16,0,1024,4096,1120,526.718,1707.094,605.468,0.0667
mixed,32,1,0.0312,4.0,16,0,2048,8192,2240,976.379,3325.165,1137.049,0.0684
mixed,32,1,0.0312,4.0,16,0,4096,16384,4480,1863.031,6568.702,2185.11,0.0684
mixed,32,1,0.0312,4.0,16,512,128,512,140,169.568,326.398,194.241,0.1573
mixed,32,1,0.0312,4.0,16,512,256,1024,280,222.495,532.091,257.118,0.1118
mixed,32,1,0.0312,4.0,16,512,512,2048,560,341.056,939.64,393.597,0.0878
mixed,32,1,0.0312,4.0,16,512,1024,4096,1120,571.869,1751.349,651.037,0.0671
mixed,32,1,0.0312,4.0,16,512,2048,8192,2240,1014.428,3370.478,1180.091,0.0703
mixed,32,1,0.0312,4.0,16,512,4096,16384,4480,1901.781,6612.704,2231.861,0.0701
mixed,32,1,0.0312,4.0,16,1024,128,512,140,174.943,335.101,197.664,0.1419
mixed,32,1,0.0312,4.0,16,1024,256,1024,280,230.816,538.655,262.144,0.1018
mixed,32,1,0.0312,4.0,16,1024,512,2048,560,346.206,941.049,399.775,0.0901
mixed,32,1,0.0312,4.0,16,1024,1024,4096,1120,576.925,1754.71,659.097,0.0698
mixed,32,1,0.0312,4.0,16,1024,2048,8192,2240,1018.234,3369.807,1185.241,0.071
mixed,32,1,0.0312,4.0,16,1024,4096,16384,4480,1906.837,6616.925,2236.307,0.0699
mixed,32,1,0.0312,4.0,16,2048,128,512,140,182.528,341.694,206.428,0.1502
mixed,32,1,0.0312,4.0,16,2048,256,1024,280,238.301,545.339,271.582,0.1084
mixed,32,1,0.0312,4.0,16,2048,512,2048,560,354.653,952.794,404.77,0.0838
mixed,32,1,0.0312,4.0,16,2048,1024,4096,1120,583.325,1771.157,665.629,0.0693
mixed,32,1,0.0312,4.0,16,2048,2048,8192,2240,1029.051,3391.119,1198.618,0.0718
mixed,32,1,0.0312,4.0,16,2048,4096,16384,4480,1916.565,6628.283,2238.006,0.0682
mixed,32,1,0.0312,4.0,16,4096,128,512,140,216.125,377.726,245.375,0.181
mixed,32,1,0.0312,4.0,16,4096,256,1024,280,272.64,579.997,306.27,0.1094
mixed,32,1,0.0312,4.0,16,4096,512,2048,560,389.663,986.138,448.829,0.0992
mixed,32,1,0.0312,4.0,16,4096,1024,4096,1120,621.118,1795.767,705.054,0.0715
mixed,32,1,0.0312,4.0,16,4096,2048,8192,2240,1062.393,3415.406,1232.444,0.0723
mixed,32,1,0.0312,4.0,16,4096,4096,16384,4480,1952.918,6658.812,2285.523,0.0707
mixed,32,1,0.0312,4.0,16,8192,128,512,140,271.294,431.003,296.255,0.1563
mixed,32,1,0.0312,4.0,16,8192,256,1024,280,326.46,640.094,362.59,0.1152
mixed,32,1,0.0312,4.0,16,8192,512,2048,560,444.799,1039.961,499.678,0.0922
mixed,32,1,0.0312,4.0,16,8192,1024,4096,1120,676.606,1856.597,757.566,0.0686
mixed,32,1,0.0312,4.0,16,8192,2048,8192,2240,1118.584,3472.908,1287.834,0.0719
mixed,32,1,0.0312,4.0,16,8192,4096,16384,4480,2006.033,6714.045,2333.779,0.0696
mixed,32,1,0.0312,4.0,32,0,128,512,140,165.408,324.959,189.472,0.1508
mixed,32,1,0.0312,4.0,32,0,256,1024,280,219.71,529.532,253.374,0.1087
mixed,32,1,0.0312,4.0,32,0,512,2048,560,337.692,937.435,389.531,0.0864
mixed,32,1,0.0312,4.0,32,0,1024,4096,1120,567.613,1747.573,647.485,0.0677
mixed,32,1,0.0312,4.0,32,0,2048,8192,2240,1010.649,3369.199,1177.306,0.0707
mixed,32,1,0.0312,4.0,32,0,4096,16384,4480,1898.807,6603.577,2228.595,0.0701
mixed,32,1,0.0312,4.0,32,512,128,512,140,207.072,365.311,231.518,0.1545
mixed,32,1,0.0312,4.0,32,512,256,1024,280,262.876,571.711,295.969,0.1072
mixed,32,1,0.0312,4.0,32,512,512,2048,560,378.107,974.777,433.823,0.0934
mixed,32,1,0.0312,4.0,32,512,1024,4096,1120,611.931,1786.231,690.653,0.067
mixed,32,1,0.0312,4.0,32,512,2048,8192,2240,1054.682,3402.286,1222.906,0.0717
mixed,32,1,0.0312,4.0,32,512,4096,16384,4480,1943.73,6654.877,2272.755,0.0698
mixed,32,1,0.0312,4.0,32,1024,128,512,140,215.519,374.176,238.944,0.1476
mixed,32,1,0.0312,4.0,32,1024,256,1024,280,270.909,580.026,304.223,0.1078
mixed,32,1,0.0312,4.0,32,1024,512,2048,560,386.27,986.394,441.279,0.0917
mixed,32,1,0.0312,4.0,32,1024,1024,4096,1120,615.709,1798.423,700.763,0.0719
mixed,32,1,0.0312,4.0,32,1024,2048,8192,2240,1062.107,3422.061,1232.215,0.0721
mixed,32,1,0.0312,4.0,32,1024,4096,16384,4480,1950.9,6660.798,2281.428,0.0702
mixed,32,1,0.0312,4.0,32,2048,128,512,140,230.303,392.797,256.641,0.1621
mixed,32,1,0.0312,4.0,32,2048,256,1024,280,286.716,594.909,321.791,0.1138
mixed,32,1,0.0312,4.0,32,2048,512,2048,560,404.545,998.684,461.597,0.096
mixed,32,1,0.0312,4.0,32,2048,1024,4096,1120,637.596,1815.316,715.517,0.0662
mixed,32,1,0.0312,4.0,32,2048,2048,8192,2240,1079.258,3432.366,1249.594,0.0724
mixed,32,1,0.0312,4.0,32,2048,4096,16384,4480,1973.174,6671.647,2301.302,0.0698
mixed,32,1,0.0312,4.0,32,4096,128,512,140,321.856,482.172,348.733,0.1677
mixed,32,1,0.0312,4.0,32,4096,256,1024,280,372.957,683.486,412.508,0.1274
mixed,32,1,0.0312,4.0,32,4096,512,2048,560,492.057,1086.839,545.182,0.0893
mixed,32,1,0.0312,4.0,32,4096,1024,4096,1120,720.508,1903.83,808.221,0.0741
mixed,32,1,0.0312,4.0,32,4096,2048,8192,2240,1166.233,3515.628,1336.153,0.0723
mixed,32,1,0.0312,4.0,32,4096,4096,16384,4480,2054.388,6763.837,2388.915,0.071
mixed,32,1,0.0312,4.0,32,8192,128,512,140,431.135,584.348,458.464,0.1784
mixed,32,1,0.0312,4.0,32,8192,256,1024,280,485.245,789.019,523.484,0.1259
mixed,32,1,0.0312,4.0,32,8192,512,2048,560,598.396,1193.721,657.181,0.0987
mixed,32,1,0.0312,4.0,32,8192,1024,4096,1120,828.732,2008.983,916.346,0.0742
mixed,32,1,0.0312,4.0,32,8192,2048,8192,2240,1279.288,3630.285,1450.615,0.0729
mixed,32,1,0.0312,4.0,32,8192,4096,16384,4480,2159.635,6863.487,2496.31,0.0716
mixed,32,1,0.0312,4.0,64,0,128,512,140,172.542,331.774,197.439,0.1564
mixed,32,1,0.0312,4.0,64,0,256,1024,280,227.327,537.054,260.479,0.107
mixed,32,1,0.0312,4.0,64,0,512,2048,560,344.574,945.85,394.493,0.083
mixed,32,1,0.0312,4.0,64,0,1024,4096,1120,575.644,1747.542,654.141,0.067
mixed,32,1,0.0312,4.0,64,0,2048,8192,2240,1017.593,3364.975,1183.579,0.0707
mixed,32,1,0.0312,4.0,64,0,4096,16384,4480,1900.728,6609.851,2234.484,0.0709
mixed,32,1,0.0312,4.0,64,512,128,512,140,227.009,387.423,252.479,0.1588
mixed,32,1,0.0312,4.0,64,512,256,1024,280,282.657,591.39,318.525,0.1162
mixed,32,1,0.0312,4.0,64,512,512,2048,560,401.374,998.938,455.934,0.0913
mixed,32,1,0.0312,4.0,64,512,1024,4096,1120,632.413,1811.541,711.228,0.0668
mixed,32,1,0.0312,4.0,64,512,2048,8192,2240,1072.541,3431.311,1246.011,0.0735
mixed,32,1,0.0312,4.0,64,512,4096,16384,4480,1963.732,6658.173,2293.587,0.0703
mixed,32,1,0.0312,4.0,64,1024,128,512,140,287.199,446.621,313.246,0.1634
mixed,32,1,0.0312,4.0,64,1024,256,1024,280,344.062,651.929,375.647,0.1026
mixed,32,1,0.0312,4.0,64,1024,512,2048,560,459.196,1058.808,513.499,0.0906
mixed,32,1,0.0312,4.0,64,1024,1024,4096,1120,691.165,1872.627,775.995,0.0718
mixed,32,1,0.0312,4.0,64,1024,2048,8192,2240,1130.968,3488.078,1307.801,0.075
mixed,32,1,0.0312,4.0,64,1024,4096,16384,4480,2018.582,6732.668,2348.815,0.0701
mixed,32,1,0.0312,4.0,64,2048,128,512,140,327.615,487.231,351.261,0.1481
mixed,32,1,0.0312,4.0,64,2048,256,1024,280,383.357,688.924,416.892,0.1097
mixed,32,1,0.0312,4.0,64,2048,512,2048,560,499.326,1093.692,555.101,0.0938
mixed,32,1,0.0312,4.0,64,2048,1024,4096,1120,727.739,1905.3,818.396,0.077
mixed,32,1,0.0312,4.0,64,2048,2048,8192,2240,1174.49,3525.071,1350.134,0.0747
mixed,32,1,0.0312,4.0,64,2048,4096,16384,4480,2055.189,6774.874,2391.411,0.0712
mixed,32,1,0.0312,4.0,64,4096,128,512,140,430.942,590.493,458.554,0.1731
mixed,32,1,0.0312,4.0,64,4096,256,1024,280,482.909,791.74,521.948,0.1264
mixed,32,1,0.0312,4.0,64,4096,512,2048,560,601.342,1195.608,660.987,0.1004
mixed,32,1,0.0312,4.0,64,4096,1024,4096,1120,829.245,2010.806,917.659,0.0748
mixed,32,1,0.0312,4.0,64,4096,2048,8192,2240,1270.938,3622.574,1450.07,0.0762
mixed,32,1,0.0312,4.0,64,4096,4096,16384,4480,2153.333,6872.699,2497.587,0.0729
mixed,32,1,0.0312,4.0,64,8192,128,512,140,634.941,793.949,663.195,0.1777
mixed,32,1,0.0312,4.0,64,8192,256,1024,280,689.373,990.363,728.474,0.1299
mixed,32,1,0.0312,4.0,64,8192,512,2048,560,803.805,1397.656,865.5,0.1039
mixed,32,1,0.0312,4.0,64,8192,1024,4096,1120,1032.06,2212.723,1128.054,0.0813
mixed,32,1,0.0312,4.0,64,8192,2048,8192,2240,1474.169,3833.868,1655.798,0.077
mixed,32,1,0.0312,4.0,64,8192,4096,16384,4480,2365.556,7075.451,2702.835,0.0716
mixed,32,1,0.0312,4.0,128,0,128,512,140,194.687,356.8,219.197,0.1512
mixed,32,1,0.0312,4.0,128,0,256,1024,280,251.742,558.812,286.876,0.1144
mixed,32,1,0.0312,4.0,128,0,512,2048,560,368.383,965.852,421.888,0.0896
mixed,32,1,0.0312,4.0,128,0,1024,4096,1120,599.1,1780.308,682.108,0.0703
mixed,32,1,0.0312,4.0,128,0,2048,8192,2240,1039.769,3393.132,1205.434,0.0704
mixed,32,1,0.0312,4.0,128,0,4096,16384,4480,1930.163,6629.017,2262.677,0.0708
mixed,32,1,0.0312,4.0,128,512,128,512,140,328.284,489.791,353.216,0.1544
mixed,32,1,0.0312,4.0,128,512,256,1024,280,383.552,688.318,416.221,0.1072
mixed,32,1,0.0312,4.0,128,512,512,2048,560,498.911,1097.304,554.462,0.0928
mixed,32,1,0.0312,4.0,128,512,1024,4096,1120,730.845,1900.503,815.098,0.072
mixed,32,1,0.0312,4.0,128,512,2048,8192,2240,1170.906,3533.677,1350.423,0.076
mixed,32,1,0.0312,4.0,128,512,4096,16384,4480,2058.803,6772.382,2394.642,0.0712
mixed,32,1,0.0312,4.0,128,1024,128,512,140,393.98,552.093,422.43,0.1799
mixed,32,1,0.0312,4.0,128,1024,256,1024,280,450.398,759.74,485.692,0.1141
mixed,32,1,0.0312,4.0,128,1024,512,2048,560,568.127,1160.951,623.483,0.0934
mixed,32,1,0.0312,4.0,128,1024,1024,4096,1120,797.081,1974.388,883.45,0.0734
mixed,32,1,0.0312,4.0,128,1024,2048,8192,2240,1237.433,3590.699,1410.968,0.0737
mixed,32,1,0.0312,4.0,128,1024,4096,16384,4480,2119.699,6829.371,2460.661,0.0724
mixed,32,1,0.0312,4.0,128,2048,128,512,140,497.855,650.973,518.556,0.1352
mixed,32,1,0.0312,4.0,128,2048,256,1024,280,548.477,852.67,583.356,0.1147
mixed,32,1,0.0312,4.0,128,2048,512,2048,560,661.117,1262.393,722.074,0.1014
mixed,32,1,0.0312,4.0,128,2048,1024,4096,1120,890.01,2066.901,986.875,0.0823
mixed,32,1,0.0312,4.0,128,2048,2048,8192,2240,1332.857,3684.138,1512.536,0.0764
mixed,32,1,0.0312,4.0,128,2048,4096,16384,4480,2218.996,6924.189,2560.978,0.0727
mixed,32,1,0.0312,4.0,128,4096,128,512,140,693.66,849.309,723.26,0.1902
mixed,32,1,0.0312,4.0,128,4096,256,1024,280,747.484,1051.866,784.51,0.1216
mixed,32,1,0.0312,4.0,128,4096,512,2048,560,861.339,1459.414,924.217,0.1051
mixed,32,1,0.0312,4.0,128,4096,1024,4096,1120,1089.85,2272.116,1182.329,0.0782
mixed,32,1,0.0312,4.0,128,4096,2048,8192,2240,1531.864,3893.644,1708.821,0.0749
mixed,32,1,0.0312,4.0,128,4096,4096,16384,4480,2425.651,7123.387,2759.505,0.0711
mixed,32,1,0.0312,4.0,128,8192,128,512,140,1087.674,1245.272,1119.836,0.2041
mixed,32,1,0.0312,4.0,128,8192,256,1024,280,1144.888,1445.335,1182.902,0.1265
mixed,32,1,0.0312,4.0,128,8192,512,2048,560,1256.665,1847.926,1317.145,0.1023
mixed,32,1,0.0312,4.0,128,8192,1024,4096,1120,1485.432,2667.121,1579.253,0.0794
mixed,32,1,0.0312,4.0,128,8192,2048,8192,2240,1934.551,4281.611,2106.581,0.0733
mixed,32,1,0.0312,4.0,128,8192,4096,16384,4480,2815.44,7525.208,3155.758,0.0723
mixed,32,1,0.0312,4.0,256,0,128,512,140,318.11,475.966,341.662,0.1492
mixed,32,1,0.0312,4.0,256,0,256,1024,280,371.326,682.458,408.764,0.1203
mixed,32,1,0.0312,4.0,256,0,512,2048,560,491.901,1085.559,542.332,0.0849
mixed,32,1,0.0312,4.0,256,0,1024,4096,1120,718.268,1888.085,801.883,0.0715
mixed,32,1,0.0312,4.0,256,0,2048,8192,2240,1160.154,3521.838,1335.705,0.0743
mixed,32,1,0.0312,4.0,256,0,4096,16384,4480,2044.183,6766.622,2388.916,0.073
mixed,32,1,0.0312,4.0,256,512,128,512,140,448.222,603.933,473.985,0.1655
mixed,32,1,0.0312,4.0,256,512,256,1024,280,499.964,804.859,535.678,0.1171
mixed,32,1,0.0312,4.0,256,512,512,2048,560,618.076,1215.834,679.741,0.1032
mixed,32,1,0.0312,4.0,256,512,1024,4096,1120,843.771,2017.174,935.514,0.0782
mixed,32,1,0.0312,4.0,256,512,2048,8192,2240,1289.976,3649.036,1460.697,0.0724
mixed,32,1,0.0312,4.0,256,512,4096,16384,4480,2172.47,6878.364,2513.458,0.0725
mixed,32,1,0.0312,4.0,256,1024,128,512,140,546.043,698.619,572.091,0.1707
mixed,32,1,0.0312,4.0,256,1024,256,1024,280,598.268,901.785,637.372,0.1288
mixed,32,1,0.0312,4.0,256,1024,512,2048,560,712.985,1305.112,775.133,0.105
mixed,32,1,0.0312,4.0,256,1024,1024,4096,1120,944.154,2110.743,1031.58,0.0749
mixed,32,1,0.0312,4.0,256,1024,2048,8192,2240,1380.601,3736.846,1562.519,0.0772
mixed,32,1,0.0312,4.0,256,1024,4096,16384,4480,2271.442,6970.968,2613.039,0.0727
mixed,32,1,0.0312,4.0,256,2048,128,512,140,741.241,895.163,764.605,0.1518
mixed,32,1,0.0312,4.0,256,2048,256,1024,280,794.044,1100.666,831.096,0.1208
mixed,32,1,0.0312,4.0,256,2048,512,2048,560,907.962,1505.271,966.553,0.0981
mixed,32,1,0.0312,4.0,256,2048,1024,4096,1120,1135.064,2311.379,1231.034,0.0816
mixed,32,1,0.0312,4.0,256,2048,2048,8192,2240,1578.198,3937.807,1758.07,0.0762
mixed,32,1,0.0312,4.0,256,2048,4096,16384,4480,2469.524,7176.539,2802.257,0.0707
mixed,32,1,0.0312,4.0,256,4096,128,512,140,1136.987,1292.249,1167.93,0.1993
mixed,32,1,0.0312,4.0,256,4096,256,1024,280,1193.754,1496.153,1234.04,0.1332
mixed,32,1,0.0312,4.0,256,4096,512,2048,560,1306.842,1905.688,1366.776,0.1001
mixed,32,1,0.0312,4.0,256,4096,1024,4096,1120,1533.24,2709.904,1631.988,0.0839
mixed,32,1,0.0312,4.0,256,4096,2048,8192,2240,1974.709,4338.473,2160.947,0.0788
mixed,32,1,0.0312,4.0,256,4096,4096,16384,4480,2861.04,7564.697,3197.456,0.0715
mixed,32,1,0.0312,4.0,256,8192,128,512,140,1926.485,2082.931,1954.422,0.1786
mixed,32,1,0.0312,4.0,256,8192,256,1024,280,1981.044,2283.86,2019.125,0.1258
mixed,32,1,0.0312,4.0,256,8192,512,2048,560,2091.764,2686.898,2157.045,0.1097
mixed,32,1,0.0312,4.0,256,8192,1024,4096,1120,2325.586,3499.884,2415.091,0.0762
mixed,32,1,0.0312,4.0,256,8192,2048,8192,2240,2761.521,5122.052,2941.551,0.0763
mixed,32,1,0.0312,4.0,256,8192,4096,16384,4480,3651.915,8369.59,3997.163,0.0732
mixed,32,1,0.0312,4.0,512,0,128,512,140,584.861,742.748,611.804,0.1706
mixed,32,1,0.0312,4.0,512,0,256,1024,280,639.165,942.107,675.262,0.1192
mixed,32,1,0.0312,4.0,512,0,512,2048,560,753.659,1344.056,814.779,0.1035
mixed,32,1,0.0312,4.0,512,0,1024,4096,1120,979.611,2156.98,1072.826,0.0792
mixed,32,1,0.0312,4.0,512,0,2048,8192,2240,1422.136,3773.9,1599.029,0.0752
mixed,32,1,0.0312,4.0,512,0,4096,16384,4480,2311.699,7011.736,2661.491,0.0744
mixed,32,1,0.0312,4.0,512,512,128,512,140,801.819,959.418,831.197,0.1864
mixed,32,1,0.0312,4.0,512,512,256,1024,280,855.611,1159.931,893.276,0.1238
mixed,32,1,0.0312,4.0,512,512,512,2048,560,970.81,1568.951,1035.482,0.1081
mixed,32,1,0.0312,4.0,512,512,1024,4096,1120,1198.458,2378.259,1291.832,0.0791
mixed,32,1,0.0312,4.0,512,512,2048,8192,2240,1635.705,3996.876,1815.061,0.076
mixed,32,1,0.0312,4.0,512,512,4096,16384,4480,2525.33,7224.409,2868.08,0.0729
mixed,32,1,0.0312,4.0,512,1024,128,512,140,999.1,1156.28,1027.161,0.1785
mixed,32,1,0.0312,4.0,512,1024,256,1024,280,1055.517,1360.282,1092.955,0.1228
mixed,32,1,0.0312,4.0,512,1024,512,2048,560,1166.778,1760.248,1232.762,0.1112
mixed,32,1,0.0312,4.0,512,1024,1024,4096,1120,1395.641,2574.739,1488.666,0.0789
mixed,32,1,0.0312,4.0,512,1024,2048,8192,2240,1833.654,4182.699,2017.269,0.0782
mixed,32,1,0.0312,4.0,512,1024,4096,16384,4480,2721.65,7422.648,3062.317,0.0725
mixed,32,1,0.0312,4.0,512,2048,128,512,140,1393.209,1549.623,1419.957,0.171
mixed,32,1,0.0312,4.0,512,2048,256,1024,280,1445.528,1748.984,1483.095,0.1238
mixed,32,1,0.0312,4.0,512,2048,512,2048,560,1560.409,2154.548,1622.23,0.1041
mixed,32,1,0.0312,4.0,512,2048,1024,4096,1120,1784.119,2965.2,1879.99,0.0812
mixed,32,1,0.0312,4.0,512,2048,2048,8192,2240,2231.571,4580.427,2410.29,0.0761
mixed,32,1,0.0312,4.0,512,2048,4096,16384,4480,3114.608,7827.574,3467.661,0.0749
mixed,32,1,0.0312,4.0,512,4096,128,512,140,2180.276,2335.218,2212.468,0.2078
mixed,32,1,0.0312,4.0,512,4096,256,1024,280,2235.123,2538.163,2273.172,0.1256
mixed,32,1,0.0312,4.0,512,4096,512,2048,560,2347.122,2944.238,2410.964,0.1069
mixed,32,1,0.0312,4.0,512,4096,1024,4096,1120,2575.827,3754.86,2668.147,0.0783
mixed,32,1,0.0312,4.0,512,4096,2048,8192,2240,3022.864,5367.65,3198.704,0.075
mixed,32,1,0.0312,4.0,512,4096,4096,16384,4480,3901.739,8602.897,4249.195,0.0739
mixed,32,1,0.0312,4.0,512,8192,128,512,140,3756.366,3909.803,3789.131,0.2135
mixed,32,1,0.0312,4.0,512,8192,256,1024,280,3813.321,4119.466,3854.183,0.1335
mixed,32,1,0.0312,4.0,512,8192,512,2048,560,3928.171,4519.751,3989.995,0.1045
mixed,32,1,0.0312,4.0,512,8192,1024,4096,1120,4151.946,5341.188,4250.665,0.083
mixed,32,1,0.0312,4.0,512,8192,2048,8192,2240,4601.798,6961.692,4777.764,0.0746
mixed,32,1,0.0312,4.0,512,8192,4096,16384,4480,5474.115,10181.514,5830.237,0.0757
mixed,32,1,0.0312,4.0,1024,0,128,512,140,914.523,1075.675,941.275,0.166
mixed,32,1,0.0312,4.0,1024,0,256,1024,280,970.266,1275.641,1006.235,0.1178
mixed,32,1,0.0312,4.0,1024,0,512,2048,560,1086.138,1678.998,1142.713,0.0954
mixed,32,1,0.0312,4.0,1024,0,1024,4096,1120,1314.969,2491.442,1402.07,0.074
mixed,32,1,0.0312,4.0,1024,0,2048,8192,2240,1755.735,4103.53,1932.019,0.0751
mixed,32,1,0.0312,4.0,1024,0,4096,16384,4480,2642.642,7337.402,2980.401,0.0719
mixed,32,1,0.0312,4.0,1024,512,128,512,140,1384.377,1546.169,1413.27,0.1786
mixed,32,1,0.0312,4.0,1024,512,256,1024,280,1440.632,1746.712,1474.234,0.1098
mixed,32,1,0.0312,4.0,1024,512,512,2048,560,1554.039,2151.477,1614.135,0.1006
mixed,32,1,0.0312,4.0,1024,512,1024,4096,1120,1783.701,2960.463,1870.519,0.0738
mixed,32,1,0.0312,4.0,1024,512,2048,8192,2240,2226.259,4575.401,2402.193,0.0749
mixed,32,1,0.0312,4.0,1024,512,4096,16384,4480,3115.44,7809.782,3450.51,0.0714
mixed,32,1,0.0312,4.0,1024,1024,128,512,140,1776.918,1934.452,1799.191,0.1414
mixed,32,1,0.0312,4.0,1024,1024,256,1024,280,1832.183,2141.172,1868.499,0.1175
mixed,32,1,0.0312,4.0,1024,1024,512,2048,560,1946.934,2540.624,2000.341,0.09
mixed,32,1,0.0312,4.0,1024,1024,1024,4096,1120,2178.389,3361.1,2263.667,0.0721
mixed,32,1,0.0312,4.0,1024,1024,2048,8192,2240,2615.923,4981.413,2792.304,0.0746
mixed,32,1,0.0312,4.0,1024,1024,4096,16384,4480,3504.974,8209.717,3845.77,0.0724
mixed,32,1,0.0312,4.0,1024,2048,128,512,140,2559.794,2717.938,2584.66,0.1572
mixed,32,1,0.0312,4.0,1024,2048,256,1024,280,2610.897,2918.638,2647.633,0.1194
mixed,32,1,0.0312,4.0,1024,2048,512,2048,560,2725.041,3327.151,2782.227,0.095
mixed,32,1,0.0312,4.0,1024,2048,1024,4096,1120,2960.175,4144.298,3043.921,0.0707
mixed,32,1,0.0312,4.0,1024,2048,2048,8192,2240,3402.51,5754.593,3575.563,0.0736
mixed,32,1,0.0312,4.0,1024,2048,4096,16384,4480,4285.643,8985.647,4623.911,0.072
mixed,32,1,0.0312,4.0,1024,4096,128,512,140,4171.884,4335.656,4194.311,0.1369
mixed,32,1,0.0312,4.0,1024,4096,256,1024,280,4232.744,4536.68,4259.72,0.0888
mixed,32,1,0.0312,4.0,1024,4096,512,2048,560,4343.111,4938.694,4407.34,0.1078
mixed,32,1,0.0312,4.0,1024,4096,1024,4096,1120,4578.982,5759.489,4654.857,0.0643
mixed,32,1,0.0312,4.0,1024,4096,2048,8192,2240,5015.94,7376.057,5182.019,0.0704
mixed,32,1,0.0312,4.0,1024,4096,4096,16384,4480,5898.565,10582.89,6232.925,0.0714
mixed,32,1,0.0312,4.0,1024,8192,128,512,140,7324.475,7484.949,7356.058,0.1968
mixed,32,1,0.0312,4.0,1024,8192,256,1024,280,7367.734,7662.998,7402.139,0.1165
mixed,32,1,0.0312,4.0,1024,8192,512,2048,560,7488.473,8069.329,7557.717,0.1192
mixed,32,1,0.0312,4.0,1024,8192,1024,4096,1120,7718.265,8899.121,7812.663,0.0799
mixed,32,1,0.0312,4.0,1024,8192,2048,8192,2240,8159.696,10535.303,8334.101,0.0734
mixed,32,1,0.0312,4.0,1024,8192,4096,16384,4480,9055.63,13752.024,9388.459,0.0709
mixed,32,1,0.0312,4.0,2048,0,128,512,140,2393.746,2548.401,2422.418,0.1854
mixed,32,1,0.0312,4.0,2048,0,256,1024,280,2449.203,2758.226,2482.929,0.1091
mixed,32,1,0.0312,4.0,2048,0,512,2048,560,2559.665,3158.639,2625.553,0.11
mixed,32,1,0.0312,4.0,2048,0,1024,4096,1120,2794.802,3970.825,2876.305,0.0693
mixed,32,1,0.0312,4.0,2048,0,2048,8192,2240,3245.55,5586.562,3398.796,0.0655
mixed,32,1,0.0312,4.0,2048,0,4096,16384,4480,4127.147,8823.411,4462.28,0.0714
mixed,32,1,0.0312,4.0,2048,512,128,512,140,3243.405,3398.254,3273.071,0.1916
mixed,32,1,0.0312,4.0,2048,512,256,1024,280,3304.333,3615.083,3343.406,0.1257
mixed,32,1,0.0312,4.0,2048,512,512,2048,560,3422.477,4015.498,3471.278,0.0823
mixed,32,1,0.0312,4.0,2048,512,1024,4096,1120,3649.291,4821.35,3730.442,0.0692
mixed,32,1,0.0312,4.0,2048,512,2048,8192,2240,4096.874,6451.198,4256.747,0.0679
mixed,32,1,0.0312,4.0,2048,512,4096,16384,4480,4973.508,9690.636,5300.388,0.0693
mixed,32,1,0.0312,4.0,2048,1024,128,512,140,4077.994,4238.378,4104.139,0.163
mixed,32,1,0.0312,4.0,2048,1024,256,1024,280,4139.274,4443.051,4175.878,0.1205
mixed,32,1,0.0312,4.0,2048,1024,512,2048,560,4248.617,4847.653,4309.511,0.1017
mixed,32,1,0.0312,4.0,2048,1024,1024,4096,1120,4481.672,5659.97,4561.384,0.0677
mixed,32,1,0.0312,4.0,2048,1024,2048,8192,2240,4927.332,7284.41,5095.812,0.0715
mixed,32,1,0.0312,4.0,2048,1024,4096,16384,4480,5816.127,10518.7,6150.655,0.0711
mixed,32,1,0.0312,4.0,2048,2048,128,512,140,5740.096,5899.07,5760.29,0.127
mixed,32,1,0.0312,4.0,2048,2048,256,1024,280,5795.267,6087.201,5810.02,0.0505
mixed,32,1,0.0312,4.0,2048,2048,512,2048,560,5894.56,6489.887,5945.469,0.0855
mixed,32,1,0.0312,4.0,2048,2048,1024,4096,1120,6135.134,7297.242,6224.064,0.0765
mixed,32,1,0.0312,4.0,2048,2048,2048,8192,2240,6575.998,8924.017,6739.869,0.0698
mixed,32,1,0.0312,4.0,2048,2048,4096,16384,4480,7455.417,12164.354,7789.017,0.0708
mixed,32,1,0.0312,4.0,2048,4096,128,512,140,8956.685,9124.366,9009.616,0.3157
mixed,32,1,0.0312,4.0,2048,4096,256,1024,280,9023.634,9322.864,9057.807,0.1142
mixed,32,1,0.0312,4.0,2048,4096,512,2048,560,9128.111,9729.387,9194.062,0.1097
mixed,32,1,0.0312,4.0,2048,4096,1024,4096,1120,9348.528,10523.37,9446.668,0.0835
mixed,32,1,0.0312,4.0,2048,4096,2048,8192,2240,9781.385,12154.304,9982.287,0.0847
mixed,32,1,0.0312,4.0,2048,4096,4096,16384,4480,10669.639,15359.956,11020.708,0.0748
mixed,32,1,0.0312,4.0,2048,8192,128,512,140,15226.67,15390.191,15250.125,0.1434
mixed,32,1,0.0312,4.0,2048,8192,256,1024,280,15268.529,15605.615,15300.075,0.0936
mixed,32,1,0.0312,4.0,2048,8192,512,2048,560,15404.885,15980.688,15447.884,0.0747
mixed,32,1,0.0312,4.0,2048,8192,1024,4096,1120,15633.772,16805.263,15703.601,0.0596
mixed,32,1,0.0312,4.0,2048,8192,2048,8192,2240,16077.707,18423.455,16245.131,0.0714
mixed,32,1,0.0312,4.0,2048,8192,4096,16384,4480,16949.576,21646.864,17277.644,0.0698
pure,32,2,0.0625,4.0,0,0,128,512,152,104.481,261.121,165.087,0.3869
pure,32,2,0.0625,4.0,0,0,256,1024,304,171.135,466.749,264.032,0.3143
pure,32,2,0.0625,4.0,0,0,512,2048,608,299.741,872.506,461.693,0.2828
pure,32,2,0.0625,4.0,0,0,1024,4096,1216,545.564,1687.607,853.212,0.2694
pure,32,2,0.0625,4.0,0,0,2048,8192,2432,1027.034,3301.136,1641.59,0.2702
pure,32,2,0.0625,4.0,0,0,4096,16384,4864,1988.565,6542.845,3203.632,0.2668
mixed,32,2,0.0625,4.0,16,0,128,512,152,127.264,284.192,187.041,0.3809
mixed,32,2,0.0625,4.0,16,0,256,1024,304,194.336,489.084,284.896,0.3072
mixed,32,2,0.0625,4.0,16,0,512,2048,608,324.447,896.249,482.108,0.2757
mixed,32,2,0.0625,4.0,16,0,1024,4096,1216,566.206,1702.038,870.619,0.268
mixed,32,2,0.0625,4.0,16,0,2048,8192,2432,1048.602,3323.47,1657.144,0.2675
mixed,32,2,0.0625,4.0,16,0,4096,16384,4864,2006.583,6559.357,3223.503,0.2673
mixed,32,2,0.0625,4.0,16,512,128,512,152,169.248,326.527,229.694,0.3843
mixed,32,2,0.0625,4.0,16,512,256,1024,304,236.544,528.798,327.838,0.3124
mixed,32,2,0.0625,4.0,16,512,512,2048,608,365.306,939.29,523.898,0.2763
mixed,32,2,0.0625,4.0,16,512,1024,4096,1216,607.677,1745.975,917.692,0.2723
mixed,32,2,0.0625,4.0,16,512,2048,8192,2432,1089.21,3367.278,1700.054,0.2681
mixed,32,2,0.0625,4.0,16,512,4096,16384,4864,2058.131,6602.623,3285.615,0.2701
mixed,32,2,0.0625,4.0,16,1024,128,512,152,174.304,332.64,234.496,0.3802
mixed,32,2,0.0625,4.0,16,1024,256,1024,304,240.863,535.005,333.566,0.3152
mixed,32,2,0.0625,4.0,16,1024,512,2048,608,371.037,942.811,532.222,0.2819
mixed,32,2,0.0625,4.0,16,1024,1024,4096,1216,614.558,1753.592,925.787,0.2732
mixed,32,2,0.0625,4.0,16,1024,2048,8192,2432,1091.898,3372.269,1705.177,0.2689
mixed,32,2,0.0625,4.0,16,1024,4096,16384,4864,2052.917,6617.152,3282.0,0.2693
mixed,32,2,0.0625,4.0,16,2048,128,512,152,183.583,338.752,242.815,0.3817
mixed,32,2,0.0625,4.0,16,2048,256,1024,304,249.823,542.975,342.301,0.3155
mixed,32,2,0.0625,4.0,16,2048,512,2048,608,378.624,948.188,541.275,0.2856
mixed,32,2,0.0625,4.0,16,2048,1024,4096,1216,621.084,1766.487,932.376,0.2718
mixed,32,2,0.0625,4.0,16,2048,2048,8192,2432,1103.352,3384.812,1712.054,0.2668
mixed,32,2,0.0625,4.0,16,2048,4096,16384,4864,2066.421,6623.999,3292.878,0.2691
mixed,32,2,0.0625,4.0,16,4096,128,512,152,216.319,374.685,280.926,0.408
mixed,32,2,0.0625,4.0,16,4096,256,1024,304,286.626,583.006,379.326,0.3128
mixed,32,2,0.0625,4.0,16,4096,512,2048,608,414.398,989.722,573.631,0.2768
mixed,32,2,0.0625,4.0,16,4096,1024,4096,1216,655.39,1797.334,972.318,0.2775
mixed,32,2,0.0625,4.0,16,4096,2048,8192,2432,1143.0,3414.86,1759.831,0.2715
mixed,32,2,0.0625,4.0,16,4096,4096,16384,4864,2107.252,6655.326,3328.782,0.2686
mixed,32,2,0.0625,4.0,16,8192,128,512,152,272.767,431.678,334.302,0.3872
mixed,32,2,0.0625,4.0,16,8192,256,1024,304,342.08,635.804,434.462,0.3145
mixed,32,2,0.0625,4.0,16,8192,512,2048,608,469.279,1039.672,636.352,0.2929
mixed,32,2,0.0625,4.0,16,8192,1024,4096,1216,711.293,1851.767,1019.415,0.2702
mixed,32,2,0.0625,4.0,16,8192,2048,8192,2432,1198.553,3467.277,1816.568,0.2724
mixed,32,2,0.0625,4.0,16,8192,4096,16384,4864,2153.043,6712.322,3379.725,0.2691
mixed,32,2,0.0625,4.0,32,0,128,512,152,165.76,326.4,223.902,0.3619
mixed,32,2,0.0625,4.0,32,0,256,1024,304,233.439,531.356,324.061,0.3042
mixed,32,2,0.0625,4.0,32,0,512,2048,608,363.547,935.8,522.941,0.2785
mixed,32,2,0.0625,4.0,32,0,1024,4096,1216,606.556,1751.576,912.954,0.2676
mixed,32,2,0.0625,4.0,32,0,2048,8192,2432,1095.132,3365.644,1695.862,0.2646
mixed,32,2,0.0625,4.0,32,0,4096,16384,4864,2046.838,6610.174,3269.454,0.2679
mixed,32,2,0.0625,4.0,32,512,128,512,152,207.071,366.654,269.087,0.3886
mixed,32,2,0.0625,4.0,32,512,256,1024,304,276.157,571.68,368.029,0.3109
mixed,32,2,0.0625,4.0,32,512,512,2048,608,404.475,976.251,565.181,0.2811
mixed,32,2,0.0625,4.0,32,512,1024,4096,1216,643.326,1783.798,959.226,0.277
mixed,32,2,0.0625,4.0,32,512,2048,8192,2432,1129.592,3407.472,1741.591,0.2687
mixed,32,2,0.0625,4.0,32,512,4096,16384,4864,2093.876,6657.918,3308.56,0.2661
mixed,32,2,0.0625,4.0,32,1024,128,512,152,215.039,374.495,276.767,0.3871
mixed,32,2,0.0625,4.0,32,1024,256,1024,304,283.455,579.388,379.583,0.3248
mixed,32,2,0.0625,4.0,32,1024,512,2048,608,412.286,980.698,574.559,0.2855
mixed,32,2,0.0625,4.0,32,1024,1024,4096,1216,654.525,1794.933,969.335,0.2761
mixed,32,2,0.0625,4.0,32,1024,2048,8192,2432,1144.026,3407.728,1750.038,0.2677
mixed,32,2,0.0625,4.0,32,1024,4096,16384,4864,2098.132,6645.918,3321.585,0.269
mixed,32,2,0.0625,4.0,32,2048,128,512,152,232.607,392.159,296.317,0.3993
mixed,32,2,0.0625,4.0,32,2048,256,1024,304,298.718,594.365,397.984,0.3358
mixed,32,2,0.0625,4.0,32,2048,512,2048,608,427.803,999.772,590.012,0.2836
mixed,32,2,0.0625,4.0,32,2048,1024,4096,1216,673.564,1814.614,987.035,0.2747
mixed,32,2,0.0625,4.0,32,2048,2048,8192,2432,1156.378,3430.062,1766.742,0.2684
mixed,32,2,0.0625,4.0,32,2048,4096,16384,4864,2115.029,6659.419,3339.117,0.2694
mixed,32,2,0.0625,4.0,32,4096,128,512,152,319.293,480.252,383.297,0.3976
mixed,32,2,0.0625,4.0,32,4096,256,1024,304,389.247,683.483,484.479,0.3237
mixed,32,2,0.0625,4.0,32,4096,512,2048,608,517.436,1086.685,677.531,0.2812
mixed,32,2,0.0625,4.0,32,4096,1024,4096,1216,761.243,1894.836,1074.874,0.2767
mixed,32,2,0.0625,4.0,32,4096,2048,8192,2432,1240.956,3513.42,1856.024,0.2707
mixed,32,2,0.0625,4.0,32,4096,4096,16384,4864,2200.053,6742.62,3427.789,0.2703
mixed,32,2,0.0625,4.0,32,8192,128,512,152,430.973,587.484,493.309,0.3983
mixed,32,2,0.0625,4.0,32,8192,256,1024,304,496.252,787.546,593.247,0.333
mixed,32,2,0.0625,4.0,32,8192,512,2048,608,626.91,1197.049,794.65,0.2942
mixed,32,2,0.0625,4.0,32,8192,1024,4096,1216,870.683,2010.967,1180.856,0.272
mixed,32,2,0.0625,4.0,32,8192,2048,8192,2432,1352.634,3622.414,1968.629,0.2714
mixed,32,2,0.0625,4.0,32,8192,4096,16384,4864,2313.108,6865.946,3526.86,0.2666
mixed,32,2,0.0625,4.0,64,0,128,512,152,171.231,330.303,230.975,0.3756
mixed,32,2,0.0625,4.0,64,0,256,1024,304,237.791,536.83,330.271,0.3093
mixed,32,2,0.0625,4.0,64,0,512,2048,608,366.427,944.825,525.948,0.2758
mixed,32,2,0.0625,4.0,64,0,1024,4096,1216,613.308,1754.007,918.62,0.2677
mixed,32,2,0.0625,4.0,64,0,2048,8192,2432,1092.281,3365.23,1705.686,0.2699
mixed,32,2,0.0625,4.0,64,0,4096,16384,4864,2051.479,6606.844,3265.23,0.2664
mixed,32,2,0.0625,4.0,64,512,128,512,152,227.839,389.374,291.294,0.3928
mixed,32,2,0.0625,4.0,64,512,256,1024,304,296.318,590.843,391.646,0.3237
mixed,32,2,0.0625,4.0,64,512,512,2048,608,426.176,994.906,583.996,0.2775
mixed,32,2,0.0625,4.0,64,512,1024,4096,1216,670.239,1808.888,977.975,0.2703
mixed,32,2,0.0625,4.0,64,512,2048,8192,2432,1146.778,3424.109,1762.966,0.2706
mixed,32,2,0.0625,4.0,64,512,4096,16384,4864,2109.333,6671.903,3324.399,0.2663
mixed,32,2,0.0625,4.0,64,1024,128,512,152,286.365,446.909,347.998,0.3839
mixed,32,2,0.0625,4.0,64,1024,256,1024,304,353.979,649.47,455.1,0.3422
mixed,32,2,0.0625,4.0,64,1024,512,2048,608,485.727,1055.543,647.934,0.2847
mixed,32,2,0.0625,4.0,64,1024,1024,4096,1216,727.26,1863.351,1041.849,0.2769
mixed,32,2,0.0625,4.0,64,1024,2048,8192,2432,1207.74,3492.078,1825.717,0.2705
mixed,32,2,0.0625,4.0,64,1024,4096,16384,4864,2171.284,6723.005,3391.567,0.2681
mixed,32,2,0.0625,4.0,64,2048,128,512,152,327.933,486.365,390.399,0.3943
mixed,32,2,0.0625,4.0,64,2048,256,1024,304,393.022,688.604,487.006,0.318
mixed,32,2,0.0625,4.0,64,2048,512,2048,608,524.507,1100.185,688.634,0.2851
mixed,32,2,0.0625,4.0,64,2048,1024,4096,1216,768.413,1902.741,1080.058,0.2747
mixed,32,2,0.0625,4.0,64,2048,2048,8192,2432,1245.208,3532.365,1863.348,0.2703
mixed,32,2,0.0625,4.0,64,2048,4096,16384,4864,2212.243,6765.951,3431.152,0.2677
mixed,32,2,0.0625,4.0,64,4096,128,512,152,429.885,586.559,492.54,0.3999
mixed,32,2,0.0625,4.0,64,4096,256,1024,304,497.792,788.857,590.685,0.3191
mixed,32,2,0.0625,4.0,64,4096,512,2048,608,623.485,1192.794,785.244,0.2841
mixed,32,2,0.0625,4.0,64,4096,1024,4096,1216,868.507,1993.91,1186.043,0.2822
mixed,32,2,0.0625,4.0,64,4096,2048,8192,2432,1356.249,3622.798,1961.303,0.2669
mixed,32,2,0.0625,4.0,64,4096,4096,16384,4864,2306.677,6868.636,3537.484,0.2698
mixed,32,2,0.0625,4.0,64,8192,128,512,152,638.523,794.302,697.308,0.3774
mixed,32,2,0.0625,4.0,64,8192,256,1024,304,701.05,995.003,802.105,0.3438
mixed,32,2,0.0625,4.0,64,8192,512,2048,608,831.578,1393.944,996.636,0.2935
mixed,32,2,0.0625,4.0,64,8192,1024,4096,1216,1069.754,2208.02,1389.814,0.2812
mixed,32,2,0.0625,4.0,64,8192,2048,8192,2432,1550.518,3830.797,2167.635,0.2706
mixed,32,2,0.0625,4.0,64,8192,4096,16384,4864,2511.475,7068.057,3739.403,0.2695
mixed,32,2,0.0625,4.0,128,0,128,512,152,196.958,354.813,256.798,0.3791
mixed,32,2,0.0625,4.0,128,0,256,1024,304,264.287,559.1,358.363,0.3191
mixed,32,2,0.0625,4.0,128,0,512,2048,608,392.509,963.355,556.539,0.2873
mixed,32,2,0.0625,4.0,128,0,1024,4096,1216,637.852,1770.518,946.36,0.2724
mixed,32,2,0.0625,4.0,128,0,2048,8192,2432,1120.955,3398.798,1727.48,0.2663
mixed,32,2,0.0625,4.0,128,0,4096,16384,4864,2078.357,6642.11,3298.478,0.2674
mixed,32,2,0.0625,4.0,128,512,128,512,152,328.349,487.23,386.91,0.3686
mixed,32,2,0.0625,4.0,128,512,256,1024,304,394.655,688.316,491.551,0.33
mixed,32,2,0.0625,4.0,128,512,512,2048,608,526.044,1093.402,693.309,0.2948
mixed,32,2,0.0625,4.0,128,512,1024,4096,1216,765.819,1903.378,1077.016,0.2736
mixed,32,2,0.0625,4.0,128,512,2048,8192,2432,1244.088,3524.431,1862.518,0.2712
mixed,32,2,0.0625,4.0,128,512,4096,16384,4864,2212.757,6756.703,3441.356,0.2704
mixed,32,2,0.0625,4.0,128,1024,128,512,152,396.19,553.756,457.053,0.3863
mixed,32,2,0.0625,4.0,128,1024,256,1024,304,459.741,753.694,558.973,0.3376
mixed,32,2,0.0625,4.0,128,1024,512,2048,608,588.987,1164.921,755.997,0.29
mixed,32,2,0.0625,4.0,128,1024,1024,4096,1216,833.884,1977.459,1146.778,0.2736
mixed,32,2,0.0625,4.0,128,1024,2048,8192,2432,1313.912,3592.592,1934.199,0.2722
mixed,32,2,0.0625,4.0,128,1024,4096,16384,4864,2271.059,6834.558,3497.869,0.2688
mixed,32,2,0.0625,4.0,128,2048,128,512,152,494.334,649.375,561.535,0.4334
mixed,32,2,0.0625,4.0,128,2048,256,1024,304,558.398,853.21,657.85,0.3373
mixed,32,2,0.0625,4.0,128,2048,512,2048,608,688.06,1255.128,856.796,0.2976
mixed,32,2,0.0625,4.0,128,2048,1024,4096,1216,929.819,2062.196,1250.94,0.2836
mixed,32,2,0.0625,4.0,128,2048,2048,8192,2432,1410.007,3681.869,2027.124,0.2716
mixed,32,2,0.0625,4.0,128,2048,4096,16384,4864,2374.482,6947.325,3600.493,0.2681
mixed,32,2,0.0625,4.0,128,4096,128,512,152,694.587,849.373,758.845,0.4151
mixed,32,2,0.0625,4.0,128,4096,256,1024,304,758.426,1052.666,857.69,0.3374
mixed,32,2,0.0625,4.0,128,4096,512,2048,608,885.788,1460.152,1057.403,0.2988
mixed,32,2,0.0625,4.0,128,4096,1024,4096,1216,1127.737,2267.446,1447.799,0.2808
mixed,32,2,0.0625,4.0,128,4096,2048,8192,2432,1605.753,3883.307,2231.668,0.2748
mixed,32,2,0.0625,4.0,128,4096,4096,16384,4864,2564.532,7133.824,3796.492,0.2696
mixed,32,2,0.0625,4.0,128,8192,128,512,152,1090.396,1244.443,1153.497,0.4096
mixed,32,2,0.0625,4.0,128,8192,256,1024,304,1154.713,1446.49,1251.094,0.3303
mixed,32,2,0.0625,4.0,128,8192,512,2048,608,1285.627,1852.627,1451.674,0.2929
mixed,32,2,0.0625,4.0,128,8192,1024,4096,1216,1527.863,2664.625,1842.488,0.2768
mixed,32,2,0.0625,4.0,128,8192,2048,8192,2432,2000.211,4281.8,2629.202,0.2757
mixed,32,2,0.0625,4.0,128,8192,4096,16384,4864,2963.407,7514.358,4199.016,0.2715
mixed,32,2,0.0625,4.0,256,0,128,512,152,317.149,476.571,380.287,0.396
mixed,32,2,0.0625,4.0,256,0,256,1024,304,385.376,676.382,481.851,0.3315
mixed,32,2,0.0625,4.0,256,0,512,2048,608,514.559,1085.915,680.734,0.2908
mixed,32,2,0.0625,4.0,256,0,1024,4096,1216,760.093,1893.042,1070.616,0.2741
mixed,32,2,0.0625,4.0,256,0,2048,8192,2432,1235.96,3523.66,1852.118,0.2693
mixed,32,2,0.0625,4.0,256,0,4096,16384,4864,2202.678,6744.732,3419.95,0.268
mixed,32,2,0.0625,4.0,256,512,128,512,152,448.734,601.183,511.422,0.4112
mixed,32,2,0.0625,4.0,256,512,256,1024,304,514.589,804.57,608.029,0.3222
mixed,32,2,0.0625,4.0,256,512,512,2048,608,641.662,1209.977,807.579,0.2919
mixed,32,2,0.0625,4.0,256,512,1024,4096,1216,882.296,2023.701,1199.799,0.2782
mixed,32,2,0.0625,4.0,256,512,2048,8192,2432,1364.085,3646.86,1981.974,0.2707
mixed,32,2,0.0625,4.0,256,512,4096,16384,4864,2333.554,6889.882,3550.285,0.267
mixed,32,2,0.0625,4.0,256,1024,128,512,152,545.629,701.276,609.115,0.4079
mixed,32,2,0.0625,4.0,256,1024,256,1024,304,610.365,901.498,707.645,0.3341
mixed,32,2,0.0625,4.0,256,1024,512,2048,608,737.211,1303.929,913.275,0.3107
mixed,32,2,0.0625,4.0,256,1024,1024,4096,1216,977.562,2115.83,1293.785,0.2778
mixed,32,2,0.0625,4.0,256,1024,2048,8192,2432,1459.673,3744.492,2076.725,0.2701
mixed,32,2,0.0625,4.0,256,1024,4096,16384,4864,2424.946,6976.957,3645.996,0.2682
mixed,32,2,0.0625,4.0,256,2048,128,512,152,743.389,896.987,803.996,0.3946
mixed,32,2,0.0625,4.0,256,2048,256,1024,304,805.914,1096.988,902.364,0.3314
mixed,32,2,0.0625,4.0,256,2048,512,2048,608,932.315,1500.28,1096.922,0.2898
mixed,32,2,0.0625,4.0,256,2048,1024,4096,1216,1174.842,2312.82,1492.057,0.2788
mixed,32,2,0.0625,4.0,256,2048,2048,8192,2432,1651.288,3932.11,2281.045,0.2761
mixed,32,2,0.0625,4.0,256,2048,4096,16384,4864,2612.532,7153.691,3840.331,0.2704
mixed,32,2,0.0625,4.0,256,4096,128,512,152,1140.471,1295.16,1200.472,0.3879
mixed,32,2,0.0625,4.0,256,4096,256,1024,304,1203.898,1490.55,1302.869,0.3453
mixed,32,2,0.0625,4.0,256,4096,512,2048,608,1330.332,1901.174,1500.983,0.2989
mixed,32,2,0.0625,4.0,256,4096,1024,4096,1216,1576.534,2706.833,1890.743,0.278
mixed,32,2,0.0625,4.0,256,4096,2048,8192,2432,2053.394,4327.943,2673.906,0.2728
mixed,32,2,0.0625,4.0,256,4096,4096,16384,4864,3012.015,7568.123,4242.824,0.2701
mixed,32,2,0.0625,4.0,256,8192,128,512,152,1928.567,2079.636,1991.511,0.4167
mixed,32,2,0.0625,4.0,256,8192,256,1024,304,1995.479,2281.908,2091.828,0.3364
mixed,32,2,0.0625,4.0,256,8192,512,2048,608,2119.19,2689.713,2290.038,0.2995
mixed,32,2,0.0625,4.0,256,8192,1024,4096,1216,2361.491,3496.779,2677.007,0.2779
mixed,32,2,0.0625,4.0,256,8192,2048,8192,2432,2837.904,5106.147,3465.075,0.2765
mixed,32,2,0.0625,4.0,256,8192,4096,16384,4864,3798.062,8363.766,5027.685,0.2693
mixed,32,2,0.0625,4.0,512,0,128,512,152,585.82,742.65,645.279,0.3791
mixed,32,2,0.0625,4.0,512,0,256,1024,304,651.258,940.028,746.491,0.3298
mixed,32,2,0.0625,4.0,512,0,512,2048,608,777.371,1343.415,944.378,0.295
mixed,32,2,0.0625,4.0,512,0,1024,4096,1216,1017.018,2155.7,1338.233,0.2821
mixed,32,2,0.0625,4.0,512,0,2048,8192,2432,1494.107,3776.779,2123.668,0.2758
mixed,32,2,0.0625,4.0,512,0,4096,16384,4864,2452.466,7005.084,3684.266,0.2706
mixed,32,2,0.0625,4.0,512,512,128,512,152,804.537,959.612,865.341,0.3921
mixed,32,2,0.0625,4.0,512,512,256,1024,304,866.203,1158.555,966.748,0.3439
mixed,32,2,0.0625,4.0,512,512,512,2048,608,998.491,1564.12,1165.53,0.2953
mixed,32,2,0.0625,4.0,512,512,1024,4096,1216,1233.753,2372.884,1554.903,0.2819
mixed,32,2,0.0625,4.0,512,512,2048,8192,2432,1717.718,3989.227,2341.714,0.2747
mixed,32,2,0.0625,4.0,512,512,4096,16384,4864,2677.586,7235.322,3907.02,0.2697
mixed,32,2,0.0625,4.0,512,1024,128,512,152,1002.301,1155.002,1065.499,0.4139
mixed,32,2,0.0625,4.0,512,1024,256,1024,304,1065.752,1355.098,1163.962,0.3394
mixed,32,2,0.0625,4.0,512,1024,512,2048,608,1190.905,1760.566,1361.847,0.3001
mixed,32,2,0.0625,4.0,512,1024,1024,4096,1216,1429.977,2572.53,1751.094,0.2811
mixed,32,2,0.0625,4.0,512,1024,2048,8192,2432,1911.481,4192.617,2542.419,0.2766
mixed,32,2,0.0625,4.0,512,1024,4096,16384,4864,2874.641,7426.139,4108.776,0.2711
mixed,32,2,0.0625,4.0,512,2048,128,512,152,1394.808,1548.377,1456.282,0.4003
mixed,32,2,0.0625,4.0,512,2048,256,1024,304,1457.401,1744.085,1554.81,0.3398
mixed,32,2,0.0625,4.0,512,2048,512,2048,608,1582.713,2153.141,1752.503,0.2977
mixed,32,2,0.0625,4.0,512,2048,1024,4096,1216,1826.966,2968.687,2143.987,0.2777
mixed,32,2,0.0625,4.0,512,2048,2048,8192,2432,2303.543,4573.448,2933.938,0.2777
mixed,32,2,0.0625,4.0,512,2048,4096,16384,4864,3263.502,7819.095,4493.639,0.27
mixed,32,2,0.0625,4.0,512,4096,128,512,152,2178.582,2341.267,2242.899,0.3953
mixed,32,2,0.0625,4.0,512,4096,256,1024,304,2243.573,2537.33,2343.35,0.3397
mixed,32,2,0.0625,4.0,512,4096,512,2048,608,2376.05,2942.416,2542.452,0.2938
mixed,32,2,0.0625,4.0,512,4096,1024,4096,1216,2614.129,3752.366,2935.916,0.2827
mixed,32,2,0.0625,4.0,512,4096,2048,8192,2432,3093.839,5368.071,3714.699,0.273
mixed,32,2,0.0625,4.0,512,4096,4096,16384,4864,4051.21,8610.611,5286.021,0.2708
mixed,32,2,0.0625,4.0,512,8192,128,512,152,3766.348,3912.81,3818.156,0.3537
mixed,32,2,0.0625,4.0,512,8192,256,1024,304,3824.84,4118.762,3928.683,0.3533
mixed,32,2,0.0625,4.0,512,8192,512,2048,608,3957.963,4521.928,4125.671,0.2974
mixed,32,2,0.0625,4.0,512,8192,1024,4096,1216,4192.681,5338.686,4512.037,0.2787
mixed,32,2,0.0625,4.0,512,8192,2048,8192,2432,4674.885,6956.892,5299.335,0.2736
mixed,32,2,0.0625,4.0,512,8192,4096,16384,4864,5634.819,10196.78,6885.95,0.2743
mixed,32,2,0.0625,4.0,1024,0,128,512,152,914.588,1074.874,977.787,0.3943
mixed,32,2,0.0625,4.0,1024,0,256,1024,304,982.938,1278.713,1081.722,0.334
mixed,32,2,0.0625,4.0,1024,0,512,2048,608,1109.274,1679.064,1275.512,0.2918
mixed,32,2,0.0625,4.0,1024,0,1024,4096,1216,1354.553,2493.78,1670.296,0.2772
mixed,32,2,0.0625,4.0,1024,0,2048,8192,2432,1833.366,4103.787,2446.578,0.2701
mixed,32,2,0.0625,4.0,1024,0,4096,16384,4864,2797.617,7347.864,4016.524,0.2679
mixed,32,2,0.0625,4.0,1024,512,128,512,152,1383.833,1543.545,1446.201,0.3905
mixed,32,2,0.0625,4.0,1024,512,256,1024,304,1451.673,1745.781,1546.075,0.321
mixed,32,2,0.0625,4.0,1024,512,512,2048,608,1580.31,2152.242,1742.869,0.2842
mixed,32,2,0.0625,4.0,1024,512,1024,4096,1216,1823.446,2960.624,2138.258,0.2768
mixed,32,2,0.0625,4.0,1024,512,2048,8192,2432,2305.845,4580.552,2927.025,0.2731
mixed,32,2,0.0625,4.0,1024,512,4096,16384,4864,3262.956,7817.943,4485.64,0.2684
mixed,32,2,0.0625,4.0,1024,1024,128,512,152,1776.951,1933.717,1838.135,0.3903
mixed,32,2,0.0625,4.0,1024,1024,256,1024,304,1842.102,2138.547,1937.815,0.3229
mixed,32,2,0.0625,4.0,1024,1024,512,2048,608,1972.66,2542.42,2137.108,0.2886
mixed,32,2,0.0625,4.0,1024,1024,1024,4096,1216,2212.82,3350.157,2525.329,0.2748
mixed,32,2,0.0625,4.0,1024,1024,2048,8192,2432,2696.689,4967.048,3313.07,0.2715
mixed,32,2,0.0625,4.0,1024,1024,4096,16384,4864,3656.973,8198.932,4875.271,0.2682
mixed,32,2,0.0625,4.0,1024,2048,128,512,152,2561.042,2715.666,2623.22,0.4021
mixed,32,2,0.0625,4.0,1024,2048,256,1024,304,2624.626,2920.207,2721.137,0.3265
mixed,32,2,0.0625,4.0,1024,2048,512,2048,608,2756.464,3325.105,2917.873,0.2839
mixed,32,2,0.0625,4.0,1024,2048,1024,4096,1216,2999.469,4144.651,3308.846,0.2702
mixed,32,2,0.0625,4.0,1024,2048,2048,8192,2432,3481.323,5763.009,4097.258,0.2699
mixed,32,2,0.0625,4.0,1024,2048,4096,16384,4864,4445.384,9000.753,5659.843,0.2666
mixed,32,2,0.0625,4.0,1024,4096,128,512,152,4178.345,4324.552,4226.382,0.3286
mixed,32,2,0.0625,4.0,1024,4096,256,1024,304,4239.625,4536.458,4332.746,0.3137
mixed,32,2,0.0625,4.0,1024,4096,512,2048,608,4362.886,4936.456,4533.065,0.2967
mixed,32,2,0.0625,4.0,1024,4096,1024,4096,1216,4612.457,5741.858,4926.341,0.2779
mixed,32,2,0.0625,4.0,1024,4096,2048,8192,2432,5077.189,7376.377,5703.297,0.2723
mixed,32,2,0.0625,4.0,1024,4096,4096,16384,4864,6061.408,10618.667,7274.681,0.2662
mixed,32,2,0.0625,4.0,1024,8192,128,512,152,7308.092,7486.934,7391.063,0.4639
mixed,32,2,0.0625,4.0,1024,8192,256,1024,304,7396.501,7695.42,7490.711,0.3152
mixed,32,2,0.0625,4.0,1024,8192,512,2048,608,7521.366,8103.923,7688.407,0.2867
mixed,32,2,0.0625,4.0,1024,8192,1024,4096,1216,7765.302,8900.562,8073.427,0.2714
mixed,32,2,0.0625,4.0,1024,8192,2048,8192,2432,8248.437,10529.486,8838.576,0.2587
mixed,32,2,0.0625,4.0,1024,8192,4096,16384,4864,9212.565,13749.818,10413.545,0.2647
mixed,32,2,0.0625,4.0,2048,0,128,512,152,2387.667,2558.419,2451.666,0.3748
mixed,32,2,0.0625,4.0,2048,0,256,1024,304,2453.683,2755.088,2551.441,0.3243
mixed,32,2,0.0625,4.0,2048,0,512,2048,608,2587.791,3157.52,2754.479,0.2926
mixed,32,2,0.0625,4.0,2048,0,1024,4096,1216,2829.296,3968.554,3150.033,0.2815
mixed,32,2,0.0625,4.0,2048,0,2048,8192,2432,3308.365,5574.338,3927.018,0.273
mixed,32,2,0.0625,4.0,2048,0,4096,16384,4864,4268.714,8820.022,5486.561,0.2676
mixed,32,2,0.0625,4.0,2048,512,128,512,152,3236.687,3404.779,3302.989,0.3944
mixed,32,2,0.0625,4.0,2048,512,256,1024,304,3312.078,3607.469,3410.35,0.3327
mixed,32,2,0.0625,4.0,2048,512,512,2048,608,3435.149,4006.41,3597.772,0.2847
mixed,32,2,0.0625,4.0,2048,512,1024,4096,1216,3674.155,4808.584,4003.561,0.2904
mixed,32,2,0.0625,4.0,2048,512,2048,8192,2432,4161.385,6425.694,4783.206,0.2746
mixed,32,2,0.0625,4.0,2048,512,4096,16384,4864,5124.805,9678.926,6330.625,0.2648
mixed,32,2,0.0625,4.0,2048,1024,128,512,152,4084.365,4239.627,4139.499,0.3551
mixed,32,2,0.0625,4.0,2048,1024,256,1024,304,4149.962,4441.61,4232.681,0.2836
mixed,32,2,0.0625,4.0,2048,1024,512,2048,608,4277.355,4847.077,4441.481,0.2881
mixed,32,2,0.0625,4.0,2048,1024,1024,4096,1216,4523.143,5656.001,4831.622,0.2723
mixed,32,2,0.0625,4.0,2048,1024,2048,8192,2432,4998.6,7276.73,5611.652,0.2691
mixed,32,2,0.0625,4.0,2048,1024,4096,16384,4864,5964.16,10518.504,7190.648,0.2693
mixed,32,2,0.0625,4.0,2048,2048,128,512,152,5727.938,5880.705,5793.373,0.4283
mixed,32,2,0.0625,4.0,2048,2048,256,1024,304,5798.146,6084.319,5885.186,0.3042
mixed,32,2,0.0625,4.0,2048,2048,512,2048,608,5921.507,6495.585,6080.256,0.2765
mixed,32,2,0.0625,4.0,2048,2048,1024,4096,1216,6159.138,7301.016,6481.181,0.282
mixed,32,2,0.0625,4.0,2048,2048,2048,8192,2432,6639.677,8934.833,7256.344,0.2687
mixed,32,2,0.0625,4.0,2048,2048,4096,16384,4864,7616.599,12175.359,8828.978,0.2659
mixed,32,2,0.0625,4.0,2048,4096,128,512,152,8921.04,9112.018,9004.947,0.4394
mixed,32,2,0.0625,4.0,2048,4096,256,1024,304,9032.623,9330.669,9079.47,0.1572
mixed,32,2,0.0625,4.0,2048,4096,512,2048,608,9141.329,9689.647,9331.565,0.3469
mixed,32,2,0.0625,4.0,2048,4096,1024,4096,1216,9384.908,10545.418,9706.638,0.2772
mixed,32,2,0.0625,4.0,2048,4096,2048,8192,2432,9870.411,12170.242,10481.71,0.2658
mixed,32,2,0.0625,4.0,2048,4096,4096,16384,4864,10818.852,15408.013,12062.783,0.2711
mixed,32,2,0.0625,4.0,2048,8192,128,512,152,15237.902,15390.481,15310.453,0.4755
mixed,32,2,0.0625,4.0,2048,8192,256,1024,304,15321.487,15607.595,15409.846,0.3088
mixed,32,2,0.0625,4.0,2048,8192,512,2048,608,15438.576,16015.34,15571.382,0.2303
mixed,32,2,0.0625,4.0,2048,8192,1024,4096,1216,15706.099,16797.638,15968.238,0.2402
mixed,32,2,0.0625,4.0,2048,8192,2048,8192,2432,16153.672,18425.088,16788.074,0.2793
mixed,32,2,0.0625,4.0,2048,8192,4096,16384,4864,17113.546,21655.791,18323.555,0.2664
pure,32,3,0.0938,4.0,0,0,128,512,164,117.856,263.295,189.279,0.4911
pure,32,3,0.0938,4.0,0,0,256,1024,328,183.007,467.678,331.39,0.5212
pure,32,3,0.0938,4.0,0,0,512,2048,656,316.573,873.308,616.925,0.5395
pure,32,3,0.0938,4.0,0,0,1024,4096,1312,585.117,1687.607,1183.961,0.5432
pure,32,3,0.0938,4.0,0,0,2048,8192,2624,1104.218,3305.742,2317.812,0.5513
pure,32,3,0.0938,4.0,0,0,4096,16384,5248,2141.268,6546.814,4582.602,0.5542
mixed,32,3,0.0938,4.0,16,0,128,512,164,139.198,286.43,210.846,0.4866
mixed,32,3,0.0938,4.0,16,0,256,1024,328,206.242,490.559,355.71,0.5257
mixed,32,3,0.0938,4.0,16,0,512,2048,656,336.478,894.491,640.029,0.544
mixed,32,3,0.0938,4.0,16,0,1024,4096,1312,602.334,1706.295,1205.049,0.546
mixed,32,3,0.0938,4.0,16,0,2048,8192,2624,1120.696,3326.224,2343.921,0.5546
mixed,32,3,0.0938,4.0,16,0,4096,16384,5248,2160.435,6568.412,4617.384,0.5574
mixed,32,3,0.0938,4.0,16,512,128,512,164,182.976,326.368,253.6,0.4925
mixed,32,3,0.0938,4.0,16,512,256,1024,328,249.375,532.637,397.119,0.5216
mixed,32,3,0.0938,4.0,16,512,512,2048,656,376.513,938.206,681.628,0.5432
mixed,32,3,0.0938,4.0,16,512,1024,4096,1312,645.725,1746.904,1249.179,0.548
mixed,32,3,0.0938,4.0,16,512,2048,8192,2624,1173.916,3370.638,2383.252,0.5505
mixed,32,3,0.0938,4.0,16,512,4096,16384,5248,2208.084,6605.789,4655.115,0.5564
mixed,32,3,0.0938,4.0,16,1024,128,512,164,187.199,331.963,258.941,0.4956
mixed,32,3,0.0938,4.0,16,1024,256,1024,328,253.342,537.982,399.936,0.515
mixed,32,3,0.0938,4.0,16,1024,512,2048,656,383.581,942.172,684.253,0.5383
mixed,32,3,0.0938,4.0,16,1024,1024,4096,1312,652.126,1749.336,1252.438,0.5471
mixed,32,3,0.0938,4.0,16,1024,2048,8192,2624,1176.313,3379.791,2394.931,0.553
mixed,32,3,0.0938,4.0,16,1024,4096,16384,5248,2211.414,6615.133,4665.514,0.5573
mixed,32,3,0.0938,4.0,16,2048,128,512,164,195.777,340.157,266.338,0.4887
mixed,32,3,0.0938,4.0,16,2048,256,1024,328,263.519,543.963,411.165,0.5265
mixed,32,3,0.0938,4.0,16,2048,512,2048,656,393.023,949.469,692.124,0.5375
mixed,32,3,0.0938,4.0,16,2048,1024,4096,1312,661.63,1759.476,1262.392,0.5472
mixed,32,3,0.0938,4.0,16,2048,2048,8192,2624,1179.706,3381.006,2394.868,0.552
mixed,32,3,0.0938,4.0,16,2048,4096,16384,5248,2213.907,6632.574,4677.284,0.5575
mixed,32,3,0.0938,4.0,16,4096,128,512,164,232.575,374.845,304.352,0.5045
mixed,32,3,0.0938,4.0,16,4096,256,1024,328,301.311,581.213,451.422,0.5363
mixed,32,3,0.0938,4.0,16,4096,512,2048,656,429.184,993.66,733.4,0.5389
mixed,32,3,0.0938,4.0,16,4096,1024,4096,1312,702.845,1799.479,1300.953,0.5454
mixed,32,3,0.0938,4.0,16,4096,2048,8192,2624,1219.416,3414.093,2442.868,0.5575
mixed,32,3,0.0938,4.0,16,4096,4096,16384,5248,2255.826,6654.397,4710.376,0.558
mixed,32,3,0.0938,4.0,16,8192,128,512,164,286.85,433.406,356.957,0.4784
mixed,32,3,0.0938,4.0,16,8192,256,1024,328,351.741,633.211,504.83,0.5439
mixed,32,3,0.0938,4.0,16,8192,512,2048,656,481.47,1039.324,787.868,0.5492
mixed,32,3,0.0938,4.0,16,8192,1024,4096,1312,750.811,1848.503,1353.241,0.5488
mixed,32,3,0.0938,4.0,16,8192,2048,8192,2624,1268.792,3462.801,2487.604,0.5555
mixed,32,3,0.0938,4.0,16,8192,4096,16384,5248,2308.916,6712.382,4757.866,0.5561
mixed,32,3,0.0938,4.0,32,0,128,512,164,178.654,324.384,250.976,0.4963
mixed,32,3,0.0938,4.0,32,0,256,1024,328,245.822,527.644,393.533,0.5241
mixed,32,3,0.0938,4.0,32,0,512,2048,656,376.894,933.467,680.893,0.5462
mixed,32,3,0.0938,4.0,32,0,1024,4096,1312,642.876,1744.117,1245.914,0.5476
mixed,32,3,0.0938,4.0,32,0,2048,8192,2624,1164.985,3368.526,2383.954,0.5532
mixed,32,3,0.0938,4.0,32,0,4096,16384,5248,2198.805,6611.293,4660.777,0.558
mixed,32,3,0.0938,4.0,32,512,128,512,164,221.599,367.486,290.783,0.4742
mixed,32,3,0.0938,4.0,32,512,256,1024,328,288.064,570.717,437.63,0.5292
mixed,32,3,0.0938,4.0,32,512,512,2048,656,418.588,974.714,721.341,0.5444
mixed,32,3,0.0938,4.0,32,512,1024,4096,1312,685.948,1782.997,1288.699,0.5494
mixed,32,3,0.0938,4.0,32,512,2048,8192,2624,1210.778,3398.479,2424.404,0.5547
mixed,32,3,0.0938,4.0,32,512,4096,16384,5248,2242.421,6636.828,4704.134,0.5602
mixed,32,3,0.0938,4.0,32,1024,128,512,164,229.183,374.974,300.575,0.4897
mixed,32,3,0.0938,4.0,32,1024,256,1024,328,297.055,577.884,444.316,0.5244
mixed,32,3,0.0938,4.0,32,1024,512,2048,656,427.869,981.53,727.611,0.5414
mixed,32,3,0.0938,4.0,32,1024,1024,4096,1312,691.741,1799.863,1299.481,0.5484
mixed,32,3,0.0938,4.0,32,1024,2048,8192,2624,1217.722,3417.614,2429.103,0.5507
mixed,32,3,0.0938,4.0,32,1024,4096,16384,5248,2257.587,6651.966,4713.382,0.5588
mixed,32,3,0.0938,4.0,32,2048,128,512,164,247.901,391.871,315.005,0.4661
mixed,32,3,0.0938,4.0,32,2048,256,1024,328,310.237,592.35,462.686,0.5404
mixed,32,3,0.0938,4.0,32,2048,512,2048,656,439.582,1002.68,747.099,0.5461
mixed,32,3,0.0938,4.0,32,2048,1024,4096,1312,707.422,1805.783,1313.177,0.5515
mixed,32,3,0.0938,4.0,32,2048,2048,8192,2624,1234.837,3430.449,2453.234,0.5549
mixed,32,3,0.0938,4.0,32,2048,4096,16384,5248,2267.474,6661.662,4726.534,0.5596
mixed,32,3,0.0938,4.0,32,4096,128,512,164,335.455,480.029,407.391,0.4976
mixed,32,3,0.0938,4.0,32,4096,256,1024,328,400.032,682.271,551.037,0.535
mixed,32,3,0.0938,4.0,32,4096,512,2048,656,530.269,1088.028,836.571,0.5492
mixed,32,3,0.0938,4.0,32,4096,1024,4096,1312,797.533,1897.684,1403.131,0.5505
mixed,32,3,0.0938,4.0,32,4096,2048,8192,2624,1326.682,3522.702,2537.936,0.5516
mixed,32,3,0.0938,4.0,32,4096,4096,16384,5248,2350.551,6756.799,4815.59,0.5594
mixed,32,3,0.0938,4.0,32,8192,128,512,164,444.957,586.172,517.342,0.5126
mixed,32,3,0.0938,4.0,32,8192,256,1024,328,515.453,789.722,662.876,0.5375
mixed,32,3,0.0938,4.0,32,8192,512,2048,656,638.43,1194.172,944.573,0.5509
mixed,32,3,0.0938,4.0,32,8192,1024,4096,1312,900.41,2011.125,1509.527,0.5484
mixed,32,3,0.0938,4.0,32,8192,2048,8192,2624,1422.328,3624.653,2650.513,0.5577
mixed,32,3,0.0938,4.0,32,8192,4096,16384,5248,2465.746,6858.91,4927.816,0.5604
mixed,32,3,0.0938,4.0,64,0,128,512,164,184.128,332.254,256.191,0.4865
mixed,32,3,0.0938,4.0,64,0,256,1024,328,251.487,538.301,403.295,0.5293
mixed,32,3,0.0938,4.0,64,0,512,2048,656,382.239,938.331,684.701,0.5439
mixed,32,3,0.0938,4.0,64,0,1024,4096,1312,650.494,1751.864,1255.002,0.5489
mixed,32,3,0.0938,4.0,64,0,2048,8192,2624,1170.299,3362.929,2394.802,0.5585
mixed,32,3,0.0938,4.0,64,0,4096,16384,5248,2207.413,6593.537,4669.32,0.5613
mixed,32,3,0.0938,4.0,64,512,128,512,164,242.942,387.357,312.096,0.4789
mixed,32,3,0.0938,4.0,64,512,256,1024,328,307.905,591.038,457.118,0.527
mixed,32,3,0.0938,4.0,64,512,512,2048,656,434.688,995.547,739.547,0.5436
mixed,32,3,0.0938,4.0,64,512,1024,4096,1312,707.42,1809.302,1315.45,0.5518
mixed,32,3,0.0938,4.0,64,512,2048,8192,2624,1220.828,3422.925,2447.667,0.5571
mixed,32,3,0.0938,4.0,64,512,4096,16384,5248,2268.276,6665.535,4726.117,0.5589
mixed,32,3,0.0938,4.0,64,1024,128,512,164,302.91,447.68,372.863,0.4832
mixed,32,3,0.0938,4.0,64,1024,256,1024,328,370.302,649.339,519.999,0.5365
mixed,32,3,0.0938,4.0,64,1024,512,2048,656,498.463,1056.346,802.939,0.5458
mixed,32,3,0.0938,4.0,64,1024,1024,4096,1312,767.356,1869.846,1368.791,0.5455
mixed,32,3,0.0938,4.0,64,1024,2048,8192,2624,1285.911,3486.22,2515.059,0.5586
mixed,32,3,0.0938,4.0,64,1024,4096,16384,5248,2321.875,6730.204,4788.965,0.5596
mixed,32,3,0.0938,4.0,64,2048,128,512,164,344.028,488.796,412.99,0.4764
mixed,32,3,0.0938,4.0,64,2048,256,1024,328,407.166,688.22,556.22,0.5303
mixed,32,3,0.0938,4.0,64,2048,512,2048,656,534.814,1095.388,842.461,0.5488
mixed,32,3,0.0938,4.0,64,2048,1024,4096,1312,802.494,1905.236,1410.456,0.5513
mixed,32,3,0.0938,4.0,64,2048,2048,8192,2624,1325.115,3523.246,2546.352,0.5556
mixed,32,3,0.0938,4.0,64,2048,4096,16384,5248,2363.476,6752.476,4815.463,0.5587
mixed,32,3,0.0938,4.0,64,4096,128,512,164,442.334,587.739,517.404,0.5163
mixed,32,3,0.0938,4.0,64,4096,256,1024,328,507.551,790.015,661.373,0.5446
mixed,32,3,0.0938,4.0,64,4096,512,2048,656,638.783,1193.145,942.268,0.5474
mixed,32,3,0.0938,4.0,64,4096,1024,4096,1312,903.132,2005.109,1511.386,0.552
mixed,32,3,0.0938,4.0,64,4096,2048,8192,2624,1422.297,3628.463,2659.537,0.5608
mixed,32,3,0.0938,4.0,64,4096,4096,16384,5248,2461.618,6862.78,4927.748,0.5603
mixed,32,3,0.0938,4.0,64,8192,128,512,164,652.412,792.058,724.158,0.5138
mixed,32,3,0.0938,4.0,64,8192,256,1024,328,712.253,994.715,866.714,0.5468
mixed,32,3,0.0938,4.0,64,8192,512,2048,656,841.403,1398.167,1151.417,0.5568
mixed,32,3,0.0938,4.0,64,8192,1024,4096,1312,1105.689,2212.5,1718.422,0.5536
mixed,32,3,0.0938,4.0,64,8192,2048,8192,2624,1630.294,3828.905,2861.103,0.5598
mixed,32,3,0.0938,4.0,64,8192,4096,16384,5248,2666.226,7069.401,5130.821,0.5597
mixed,32,3,0.0938,4.0,128,0,128,512,164,209.726,356.831,281.245,0.4862
mixed,32,3,0.0938,4.0,128,0,256,1024,328,275.743,561.628,424.894,0.5217
mixed,32,3,0.0938,4.0,128,0,512,2048,656,403.773,967.1,707.674,0.5395
mixed,32,3,0.0938,4.0,128,0,1024,4096,1312,672.477,1776.663,1279.897,0.5501
mixed,32,3,0.0938,4.0,128,0,2048,8192,2624,1198.969,3406.347,2416.724,0.5517
mixed,32,3,0.0938,4.0,128,0,4096,16384,5248,2231.989,6624.126,4686.372,0.5588
mixed,32,3,0.0938,4.0,128,512,128,512,164,342.3,490.751,414.815,0.4885
mixed,32,3,0.0938,4.0,128,512,256,1024,328,407.454,690.205,557.373,0.5302
mixed,32,3,0.0938,4.0,128,512,512,2048,656,538.815,1095.93,844.954,0.5495
mixed,32,3,0.0938,4.0,128,512,1024,4096,1312,803.774,1905.142,1411.961,0.5522
mixed,32,3,0.0938,4.0,128,512,2048,8192,2624,1323.77,3528.623,2550.291,0.5563
mixed,32,3,0.0938,4.0,128,512,4096,16384,5248,2356.019,6757.787,4833.384,0.5628
mixed,32,3,0.0938,4.0,128,1024,128,512,164,411.647,554.142,481.022,0.4869
mixed,32,3,0.0938,4.0,128,1024,256,1024,328,474.91,753.916,626.172,0.5421
mixed,32,3,0.0938,4.0,128,1024,512,2048,656,601.369,1159.354,910.33,0.5537
mixed,32,3,0.0938,4.0,128,1024,1024,4096,1312,868.668,1964.119,1479.863,0.5579
mixed,32,3,0.0938,4.0,128,1024,2048,8192,2624,1387.351,3585.036,2615.446,0.5588
mixed,32,3,0.0938,4.0,128,1024,4096,16384,5248,2429.557,6817.567,4881.733,0.5588
mixed,32,3,0.0938,4.0,128,2048,128,512,164,510.334,652.253,582.396,0.5078
mixed,32,3,0.0938,4.0,128,2048,256,1024,328,570.46,853.181,727.869,0.5568
mixed,32,3,0.0938,4.0,128,2048,512,2048,656,698.972,1259.0,1010.586,0.5564
mixed,32,3,0.0938,4.0,128,2048,1024,4096,1312,964.826,2065.14,1578.135,0.5574
mixed,32,3,0.0938,4.0,128,2048,2048,8192,2624,1489.24,3687.083,2713.875,0.5572
mixed,32,3,0.0938,4.0,128,2048,4096,16384,5248,2528.084,6939.643,4991.11,0.5583
mixed,32,3,0.0938,4.0,128,4096,128,512,164,709.818,852.026,783.869,0.5207
mixed,32,3,0.0938,4.0,128,4096,256,1024,328,771.259,1052.342,924.314,0.5445
mixed,32,3,0.0938,4.0,128,4096,512,2048,656,900.124,1457.946,1212.09,0.5593
mixed,32,3,0.0938,4.0,128,4096,1024,4096,1312,1166.778,2270.548,1783.159,0.5584
mixed,32,3,0.0938,4.0,128,4096,2048,8192,2624,1690.2,3884.074,2914.513,0.5581
mixed,32,3,0.0938,4.0,128,4096,4096,16384,5248,2725.618,7126.204,5196.967,0.5616
mixed,32,3,0.0938,4.0,128,8192,128,512,164,1107.289,1247.544,1179.162,0.5124
mixed,32,3,0.0938,4.0,128,8192,256,1024,328,1167.162,1445.625,1323.162,0.5602
mixed,32,3,0.0938,4.0,128,8192,512,2048,656,1292.761,1848.119,1606.81,0.5655
mixed,32,3,0.0938,4.0,128,8192,1024,4096,1312,1562.584,2660.755,2173.843,0.5566
mixed,32,3,0.0938,4.0,128,8192,2048,8192,2624,2081.109,4284.523,3311.31,0.5583
mixed,32,3,0.0938,4.0,128,8192,4096,16384,5248,3117.329,7523.995,5589.157,0.5609
mixed,32,3,0.0938,4.0,256,0,128,512,164,332.509,473.92,403.262,0.5003
mixed,32,3,0.0938,4.0,256,0,256,1024,328,396.67,678.683,550.782,0.5465
mixed,32,3,0.0938,4.0,256,0,512,2048,656,528.319,1090.877,831.803,0.5395
mixed,32,3,0.0938,4.0,256,0,1024,4096,1312,795.293,1895.827,1400.44,0.5499
mixed,32,3,0.0938,4.0,256,0,2048,8192,2624,1321.528,3511.79,2539.315,0.556
mixed,32,3,0.0938,4.0,256,0,4096,16384,5248,2351.605,6757.438,4820.425,0.5604
mixed,32,3,0.0938,4.0,256,512,128,512,164,460.858,602.684,534.141,0.5167
mixed,32,3,0.0938,4.0,256,512,256,1024,328,526.686,805.851,676.091,0.5352
mixed,32,3,0.0938,4.0,256,512,512,2048,656,654.044,1212.7,961.593,0.5505
mixed,32,3,0.0938,4.0,256,512,1024,4096,1312,921.243,2025.718,1530.138,0.5513
mixed,32,3,0.0938,4.0,256,512,2048,8192,2624,1441.495,3638.827,2669.456,0.5588
mixed,32,3,0.0938,4.0,256,512,4096,16384,5248,2480.306,6879.097,4936.999,0.5585
mixed,32,3,0.0938,4.0,256,1024,128,512,164,558.171,701.787,634.396,0.5308
mixed,32,3,0.0938,4.0,256,1024,256,1024,328,621.372,904.989,777.852,0.5517
mixed,32,3,0.0938,4.0,256,1024,512,2048,656,750.846,1307.833,1062.14,0.5589
mixed,32,3,0.0938,4.0,256,1024,1024,4096,1312,1015.481,2116.119,1634.838,0.5627
mixed,32,3,0.0938,4.0,256,1024,2048,8192,2624,1533.111,3736.462,2770.64,0.5617
mixed,32,3,0.0938,4.0,256,1024,4096,16384,5248,2567.504,6974.59,5044.036,0.5619
mixed,32,3,0.0938,4.0,256,2048,128,512,164,755.549,897.72,829.466,0.5199
mixed,32,3,0.0938,4.0,256,2048,256,1024,328,820.347,1095.129,970.457,0.5463
mixed,32,3,0.0938,4.0,256,2048,512,2048,656,944.762,1503.863,1257.208,0.5588
mixed,32,3,0.0938,4.0,256,2048,1024,4096,1312,1214.075,2315.316,1829.75,0.5591
mixed,32,3,0.0938,4.0,256,2048,2048,8192,2624,1736.5,3926.283,2965.011,0.561
mixed,32,3,0.0938,4.0,256,2048,4096,16384,5248,2772.562,7169.404,5238.389,0.5608
mixed,32,3,0.0938,4.0,256,4096,128,512,164,1153.5,1294.591,1226.302,0.516
mixed,32,3,0.0938,4.0,256,4096,256,1024,328,1221.212,1499.651,1372.321,0.5427
mixed,32,3,0.0938,4.0,256,4096,512,2048,656,1345.378,1909.07,1652.996,0.5457
mixed,32,3,0.0938,4.0,256,4096,1024,4096,1312,1607.238,2712.322,2223.38,0.5576
mixed,32,3,0.0938,4.0,256,4096,2048,8192,2624,2132.403,4333.45,3360.273,0.5579
mixed,32,3,0.0938,4.0,256,4096,4096,16384,5248,3173.485,7561.495,5627.973,0.5594
mixed,32,3,0.0938,4.0,256,8192,128,512,164,1944.813,2085.522,2015.217,0.5004
mixed,32,3,0.0938,4.0,256,8192,256,1024,328,2005.295,2287.957,2160.562,0.5493
mixed,32,3,0.0938,4.0,256,8192,512,2048,656,2129.297,2690.847,2447.258,0.5662
mixed,32,3,0.0938,4.0,256,8192,1024,4096,1312,2399.736,3502.803,3011.721,0.5548
mixed,32,3,0.0938,4.0,256,8192,2048,8192,2624,2917.445,5114.488,4147.999,0.5601
mixed,32,3,0.0938,4.0,256,8192,4096,16384,5248,3962.909,8351.015,6411.605,0.558
mixed,32,3,0.0938,4.0,512,0,128,512,164,600.558,741.297,669.26,0.4882
mixed,32,3,0.0938,4.0,512,0,256,1024,328,661.808,940.663,817.619,0.5588
mixed,32,3,0.0938,4.0,512,0,512,2048,656,789.428,1344.161,1104.122,0.5673
mixed,32,3,0.0938,4.0,512,0,1024,4096,1312,1056.313,2151.218,1665.67,0.5565
mixed,32,3,0.0938,4.0,512,0,2048,8192,2624,1578.374,3773.528,2805.247,0.5589
mixed,32,3,0.0938,4.0,512,0,4096,16384,5248,2610.844,7019.619,5085.206,0.5612
mixed,32,3,0.0938,4.0,512,512,128,512,164,815.987,956.951,892.5,0.5428
mixed,32,3,0.0938,4.0,512,512,256,1024,328,880.308,1157.594,1033.911,0.554
mixed,32,3,0.0938,4.0,512,512,512,2048,656,1006.871,1561.732,1321.086,0.5663
mixed,32,3,0.0938,4.0,512,512,1024,4096,1312,1271.423,2375.673,1887.532,0.5579
mixed,32,3,0.0938,4.0,512,512,2048,8192,2624,1792.422,3988.446,3022.5,0.5601
mixed,32,3,0.0938,4.0,512,512,4096,16384,5248,2830.111,7242.633,5302.713,0.5604
mixed,32,3,0.0938,4.0,512,1024,128,512,164,1014.775,1153.977,1086.683,0.5166
mixed,32,3,0.0938,4.0,512,1024,256,1024,328,1080.121,1352.895,1232.572,0.5589
mixed,32,3,0.0938,4.0,512,1024,512,2048,656,1202.747,1761.383,1520.579,0.5689
mixed,32,3,0.0938,4.0,512,1024,1024,4096,1312,1468.672,2576.922,2087.373,0.5583
mixed,32,3,0.0938,4.0,512,1024,2048,8192,2624,1991.659,4185.216,3224.457,0.562
mixed,32,3,0.0938,4.0,512,1024,4096,16384,5248,3031.362,7429.578,5493.755,0.5599
mixed,32,3,0.0938,4.0,512,2048,128,512,164,1407.742,1547.684,1480.289,0.5184
mixed,32,3,0.0938,4.0,512,2048,256,1024,328,1470.337,1745.798,1624.005,0.5579
mixed,32,3,0.0938,4.0,512,2048,512,2048,656,1599.396,2151.6,1908.646,0.56
mixed,32,3,0.0938,4.0,512,2048,1024,4096,1312,1863.656,2965.535,2478.39,0.5579
mixed,32,3,0.0938,4.0,512,2048,2048,8192,2624,2385.971,4591.206,3620.304,0.5597
mixed,32,3,0.0938,4.0,512,2048,4096,16384,5248,3417.933,7816.749,5880.19,0.5598
mixed,32,3,0.0938,4.0,512,4096,128,512,164,2198.287,2337.714,2270.964,0.5213
mixed,32,3,0.0938,4.0,512,4096,256,1024,328,2258.928,2536.949,2412.15,0.5511
mixed,32,3,0.0938,4.0,512,4096,512,2048,656,2390.581,2944.45,2698.395,0.5558
mixed,32,3,0.0938,4.0,512,4096,1024,4096,1312,2650.808,3756.497,3263.109,0.5538
mixed,32,3,0.0938,4.0,512,4096,2048,8192,2624,3170.307,5369.652,4401.311,0.5597
mixed,32,3,0.0938,4.0,512,4096,4096,16384,5248,4209.081,8624.542,6678.766,0.5593
mixed,32,3,0.0938,4.0,512,8192,128,512,164,3781.422,3911.86,3850.069,0.5263
mixed,32,3,0.0938,4.0,512,8192,256,1024,328,3834.998,4112.602,3989.91,0.558
mixed,32,3,0.0938,4.0,512,8192,512,2048,656,3958.547,4514.689,4275.803,0.5705
mixed,32,3,0.0938,4.0,512,8192,1024,4096,1312,4228.761,5325.01,4848.106,0.565
mixed,32,3,0.0938,4.0,512,8192,2048,8192,2624,4755.914,6948.18,5979.744,0.5582
mixed,32,3,0.0938,4.0,512,8192,4096,16384,5248,5791.035,10166.873,8257.996,0.5638
mixed,32,3,0.0938,4.0,1024,0,128,512,164,931.153,1074.807,1002.647,0.4977
mixed,32,3,0.0938,4.0,1024,0,256,1024,328,996.085,1275.932,1146.489,0.5375
mixed,32,3,0.0938,4.0,1024,0,512,2048,656,1125.079,1684.901,1430.207,0.545
mixed,32,3,0.0938,4.0,1024,0,1024,4096,1312,1389.405,2493.077,1997.962,0.5514
mixed,32,3,0.0938,4.0,1024,0,2048,8192,2624,1913.128,4109.24,3130.721,0.5544
mixed,32,3,0.0938,4.0,1024,0,4096,16384,5248,2941.694,7347.1,5405.26,0.5592
mixed,32,3,0.0938,4.0,1024,512,128,512,164,1401.31,1541.569,1471.167,0.4981
mixed,32,3,0.0938,4.0,1024,512,256,1024,328,1465.821,1749.348,1617.601,0.5353
mixed,32,3,0.0938,4.0,1024,512,512,2048,656,1594.689,2155.693,1902.853,0.5493
mixed,32,3,0.0938,4.0,1024,512,1024,4096,1312,1862.276,2962.621,2470.195,0.5525
mixed,32,3,0.0938,4.0,1024,512,2048,8192,2624,2382.32,4576.32,3605.194,0.5574
mixed,32,3,0.0938,4.0,1024,512,4096,16384,5248,3418.279,7816.39,5878.101,0.5593
mixed,32,3,0.0938,4.0,1024,1024,128,512,164,1793.413,1934.152,1862.151,0.4884
mixed,32,3,0.0938,4.0,1024,1024,256,1024,328,1857.316,2138.924,2008.553,0.537
mixed,32,3,0.0938,4.0,1024,1024,512,2048,656,1983.975,2545.812,2292.429,0.549
mixed,32,3,0.0938,4.0,1024,1024,1024,4096,1312,2254.863,3348.384,2860.088,0.5535
mixed,32,3,0.0938,4.0,1024,1024,2048,8192,2624,2774.935,4976.165,4002.512,0.5577
mixed,32,3,0.0938,4.0,1024,1024,4096,16384,5248,3811.951,8210.92,6279.55,0.5609
mixed,32,3,0.0938,4.0,1024,2048,128,512,164,2573.459,2715.671,2644.375,0.4987
mixed,32,3,0.0938,4.0,1024,2048,256,1024,328,2641.142,2922.01,2787.863,0.5224
mixed,32,3,0.0938,4.0,1024,2048,512,2048,656,2766.359,3322.242,3076.255,0.5575
mixed,32,3,0.0938,4.0,1024,2048,1024,4096,1312,3035.292,4146.575,3642.6,0.5465
mixed,32,3,0.0938,4.0,1024,2048,2048,8192,2624,3553.96,5758.323,4775.999,0.5544
mixed,32,3,0.0938,4.0,1024,2048,4096,16384,5248,4599.097,8987.351,7051.756,0.5589
mixed,32,3,0.0938,4.0,1024,4096,128,512,164,4185.264,4325.075,4263.123,0.5569
mixed,32,3,0.0938,4.0,1024,4096,256,1024,328,4258.545,4537.945,4407.255,0.5322
mixed,32,3,0.0938,4.0,1024,4096,512,2048,656,4357.203,4937.918,4683.513,0.5619
mixed,32,3,0.0938,4.0,1024,4096,1024,4096,1312,4646.718,5746.899,5242.537,0.5416
mixed,32,3,0.0938,4.0,1024,4096,2048,8192,2624,5168.615,7341.745,6378.811,0.5569
mixed,32,3,0.0938,4.0,1024,4096,4096,16384,5248,6187.993,10564.815,8666.378,0.5663
mixed,32,3,0.0938,4.0,1024,8192,128,512,164,7330.861,7474.87,7398.096,0.4669
mixed,32,3,0.0938,4.0,1024,8192,256,1024,328,7401.103,7675.539,7564.692,0.5961
mixed,32,3,0.0938,4.0,1024,8192,512,2048,656,7535.314,8087.55,7852.438,0.5743
mixed,32,3,0.0938,4.0,1024,8192,1024,4096,1312,7795.894,8904.907,8402.594,0.5471
mixed,32,3,0.0938,4.0,1024,8192,2048,8192,2624,8319.299,10522.861,9538.17,0.5531
mixed,32,3,0.0938,4.0,1024,8192,4096,16384,5248,9367.958,13776.806,11819.745,0.5561
mixed,32,3,0.0938,4.0,2048,0,128,512,164,2403.917,2550.705,2474.352,0.4798
mixed,32,3,0.0938,4.0,2048,0,256,1024,328,2476.432,2754.899,2621.203,0.5199
mixed,32,3,0.0938,4.0,2048,0,512,2048,656,2599.411,3148.699,2912.151,0.5694
mixed,32,3,0.0938,4.0,2048,0,1024,4096,1312,2869.945,3964.714,3475.524,0.5532
mixed,32,3,0.0938,4.0,2048,0,2048,8192,2624,3394.623,5585.578,4603.801,0.5519
mixed,32,3,0.0938,4.0,2048,0,4096,16384,5248,4430.193,8818.824,6899.233,0.5626
mixed,32,3,0.0938,4.0,2048,512,128,512,164,3253.501,3396.449,3325.345,0.5026
mixed,32,3,0.0938,4.0,2048,512,256,1024,328,3321.854,3596.962,3481.023,0.5786
mixed,32,3,0.0938,4.0,2048,512,512,2048,656,3451.203,3999.559,3754.887,0.5538
mixed,32,3,0.0938,4.0,2048,512,1024,4096,1312,3723.878,4811.864,4328.145,0.5554
mixed,32,3,0.0938,4.0,2048,512,2048,8192,2624,4233.486,6430.583,5466.695,0.5613
mixed,32,3,0.0938,4.0,2048,512,4096,16384,5248,5269.728,9668.885,7724.466,0.558
mixed,32,3,0.0938,4.0,2048,1024,128,512,164,4092.715,4243.853,4171.63,0.5221
mixed,32,3,0.0938,4.0,2048,1024,256,1024,328,4163.373,4447.218,4305.905,0.5021
mixed,32,3,0.0938,4.0,2048,1024,512,2048,656,4283.213,4849.979,4599.159,0.5575
mixed,32,3,0.0938,4.0,2048,1024,1024,4096,1312,4560.435,5664.552,5158.206,0.5414
mixed,32,3,0.0938,4.0,2048,1024,2048,8192,2624,5074.589,7282.852,6295.86,0.553
mixed,32,3,0.0938,4.0,2048,1024,4096,16384,5248,6118.415,10511.579,8581.402,0.5606
mixed,32,3,0.0938,4.0,2048,2048,128,512,164,5742.794,5890.06,5823.594,0.5487
mixed,32,3,0.0938,4.0,2048,2048,256,1024,328,5830.09,6096.074,5965.098,0.5076
mixed,32,3,0.0938,4.0,2048,2048,512,2048,656,5950.765,6502.197,6239.792,0.5241
mixed,32,3,0.0938,4.0,2048,2048,1024,4096,1312,6219.056,7305.221,6805.273,0.5397
mixed,32,3,0.0938,4.0,2048,2048,2048,8192,2624,6727.064,8921.25,7951.407,0.558
mixed,32,3,0.0938,4.0,2048,2048,4096,16384,5248,7757.996,12171.577,10228.636,0.5598
mixed,32,3,0.0938,4.0,2048,4096,128,512,164,8963.072,9113.734,9024.191,0.4057
mixed,32,3,0.0938,4.0,2048,4096,256,1024,328,9051.68,9319.333,9152.61,0.3771
mixed,32,3,0.0938,4.0,2048,4096,512,2048,656,9166.817,9726.027,9473.99,0.5493
mixed,32,3,0.0938,4.0,2048,4096,1024,4096,1312,9429.513,10551.196,10039.734,0.544
mixed,32,3,0.0938,4.0,2048,4096,2048,8192,2624,9929.556,12159.61,11175.909,0.5589
mixed,32,3,0.0938,4.0,2048,4096,4096,16384,5248,10985.509,15393.777,13472.332,0.5641
mixed,32,3,0.0938,4.0,2048,8192,128,512,164,15271.66,15364.078,15326.216,0.5903
mixed,32,3,0.0938,4.0,2048,8192,256,1024,328,15295.722,15615.501,15460.426,0.5151
mixed,32,3,0.0938,4.0,2048,8192,512,2048,656,15430.701,16018.26,15736.693,0.5208
mixed,32,3,0.0938,4.0,2048,8192,1024,4096,1312,15735.729,16847.264,16265.884,0.477
mixed,32,3,0.0938,4.0,2048,8192,2048,8192,2624,16228.189,18427.618,17506.061,0.581
mixed,32,3,0.0938,4.0,2048,8192,4096,16384,5248,17263.722,21658.494,19734.807,0.5623
pure,32,4,0.125,4.0,0,0,128,512,176,118.53,261.475,190.916,0.5064
pure,32,4,0.125,4.0,0,0,256,1024,352,196.515,467.881,334.918,0.51
pure,32,4,0.125,4.0,0,0,512,2048,704,340.165,876.111,617.45,0.5174
pure,32,4,0.125,4.0,0,0,1024,4096,1408,619.659,1679.165,1184.371,0.533
pure,32,4,0.125,4.0,0,0,2048,8192,2816,1175.7,3304.852,2321.8,0.5383
pure,32,4,0.125,4.0,0,0,4096,16384,5632,2286.215,6540.979,4600.526,0.5439
mixed,32,4,0.125,4.0,16,0,128,512,176,141.22,284.421,212.098,0.495
mixed,32,4,0.125,4.0,16,0,256,1024,352,218.023,487.56,358.149,0.5199
mixed,32,4,0.125,4.0,16,0,512,2048,704,359.655,895.213,648.554,0.5394
mixed,32,4,0.125,4.0,16,0,1024,4096,1408,639.853,1706.14,1216.692,0.541
mixed,32,4,0.125,4.0,16,0,2048,8192,2816,1199.794,3326.263,2371.305,0.5509
mixed,32,4,0.125,4.0,16,0,4096,16384,5632,2316.966,6566.571,4673.837,0.5546
mixed,32,4,0.125,4.0,16,512,128,512,176,184.836,326.63,259.042,0.5233
mixed,32,4,0.125,4.0,16,512,256,1024,352,260.005,533.705,402.053,0.519
mixed,32,4,0.125,4.0,16,512,512,2048,704,404.9,935.888,689.931,0.5368
mixed,32,4,0.125,4.0,16,512,1024,4096,1408,687.113,1753.598,1270.066,0.5466
mixed,32,4,0.125,4.0,16,512,2048,8192,2816,1239.252,3369.332,2410.665,0.5499
mixed,32,4,0.125,4.0,16,512,4096,16384,5632,2359.048,6607.983,4708.842,0.553
mixed,32,4,0.125,4.0,16,1024,128,512,176,187.682,334.343,261.507,0.5034
mixed,32,4,0.125,4.0,16,1024,256,1024,352,265.636,535.784,408.198,0.5277
mixed,32,4,0.125,4.0,16,1024,512,2048,704,410.951,940.815,695.468,0.537
mixed,32,4,0.125,4.0,16,1024,1024,4096,1408,693.867,1756.577,1271.538,0.5436
mixed,32,4,0.125,4.0,16,1024,2048,8192,2816,1248.054,3365.909,2414.538,0.5508
mixed,32,4,0.125,4.0,16,1024,4096,16384,5632,2362.916,6608.14,4717.355,0.5546
mixed,32,4,0.125,4.0,16,2048,128,512,176,197.67,339.015,271.364,0.5214
mixed,32,4,0.125,4.0,16,2048,256,1024,352,274.5,545.738,414.759,0.5171
mixed,32,4,0.125,4.0,16,2048,512,2048,704,417.415,950.639,703.247,0.536
mixed,32,4,0.125,4.0,16,2048,1024,4096,1408,695.694,1762.298,1274.546,0.5427
mixed,32,4,0.125,4.0,16,2048,2048,8192,2816,1259.6,3376.913,2421.605,0.5488
mixed,32,4,0.125,4.0,16,2048,4096,16384,5632,2377.095,6626.349,4721.162,0.5516
mixed,32,4,0.125,4.0,16,4096,128,512,176,235.617,375.814,307.013,0.5093
mixed,32,4,0.125,4.0,16,4096,256,1024,352,310.117,580.201,453.286,0.5301
mixed,32,4,0.125,4.0,16,4096,512,2048,704,459.015,985.646,743.945,0.541
mixed,32,4,0.125,4.0,16,4096,1024,4096,1408,730.572,1796.477,1306.582,0.5404
mixed,32,4,0.125,4.0,16,4096,2048,8192,2816,1292.404,3415.095,2458.407,0.5493
mixed,32,4,0.125,4.0,16,4096,4096,16384,5632,2403.078,6650.6,4749.544,0.5524
mixed,32,4,0.125,4.0,16,8192,128,512,176,287.204,430.534,359.784,0.5064
mixed,32,4,0.125,4.0,16,8192,256,1024,352,365.574,635.593,508.039,0.5276
mixed,32,4,0.125,4.0,16,8192,512,2048,704,507.305,1043.123,795.181,0.5373
mixed,32,4,0.125,4.0,16,8192,1024,4096,1408,791.147,1854.399,1373.749,0.5479
mixed,32,4,0.125,4.0,16,8192,2048,8192,2816,1349.269,3474.422,2510.917,0.5466
mixed,32,4,0.125,4.0,16,8192,4096,16384,5632,2461.636,6707.271,4814.216,0.5541
mixed,32,4,0.125,4.0,32,0,128,512,176,179.938,323.588,252.292,0.5037
mixed,32,4,0.125,4.0,32,0,256,1024,352,256.005,527.878,400.389,0.5311
mixed,32,4,0.125,4.0,32,0,512,2048,704,399.24,933.806,686.22,0.5368
mixed,32,4,0.125,4.0,32,0,1024,4096,1408,682.857,1744.569,1252.531,0.5366
mixed,32,4,0.125,4.0,32,0,2048,8192,2816,1232.885,3360.819,2406.854,0.5517
mixed,32,4,0.125,4.0,32,0,4096,16384,5632,2348.643,6600.611,4698.757,0.5527
mixed,32,4,0.125,4.0,32,512,128,512,176,221.988,368.038,295.94,0.5063
mixed,32,4,0.125,4.0,32,512,256,1024,352,297.507,570.728,441.192,0.5259
mixed,32,4,0.125,4.0,32,512,512,2048,704,443.686,975.916,731.562,0.5409
mixed,32,4,0.125,4.0,32,512,1024,4096,1408,722.185,1786.557,1304.722,0.5473
mixed,32,4,0.125,4.0,32,512,2048,8192,2816,1280.658,3403.861,2453.893,0.5526
mixed,32,4,0.125,4.0,32,512,4096,16384,5632,2393.027,6640.549,4735.207,0.5514
mixed,32,4,0.125,4.0,32,1024,128,512,176,229.829,374.181,303.876,0.513
mixed,32,4,0.125,4.0,32,1024,256,1024,352,308.387,580.425,449.606,0.5191
mixed,32,4,0.125,4.0,32,1024,512,2048,704,448.551,981.294,738.73,0.5447
mixed,32,4,0.125,4.0,32,1024,1024,4096,1408,731.467,1792.12,1312.019,0.5474
mixed,32,4,0.125,4.0,32,1024,2048,8192,2816,1284.978,3410.739,2454.882,0.5503
mixed,32,4,0.125,4.0,32,1024,4096,16384,5632,2400.13,6652.991,4750.656,0.5527
mixed,32,4,0.125,4.0,32,2048,128,512,176,245.538,391.015,321.857,0.5246
mixed,32,4,0.125,4.0,32,2048,256,1024,352,325.284,593.671,469.352,0.5368
mixed,32,4,0.125,4.0,32,2048,512,2048,704,467.013,1001.614,754.185,0.5372
mixed,32,4,0.125,4.0,32,2048,1024,4096,1408,749.192,1806.332,1328.084,0.5476
mixed,32,4,0.125,4.0,32,2048,2048,8192,2816,1300.852,3425.554,2472.644,0.5515
mixed,32,4,0.125,4.0,32,2048,4096,16384,5632,2410.082,6666.269,4770.437,0.5546
mixed,32,4,0.125,4.0,32,4096,128,512,176,335.011,480.521,407.174,0.4959
mixed,32,4,0.125,4.0,32,4096,256,1024,352,415.11,680.106,555.85,0.5311
mixed,32,4,0.125,4.0,32,4096,512,2048,704,555.943,1090.735,842.444,0.5357
mixed,32,4,0.125,4.0,32,4096,1024,4096,1408,832.811,1900.986,1414.641,0.5447
mixed,32,4,0.125,4.0,32,4096,2048,8192,2816,1389.236,3520.079,2565.028,0.5518
mixed,32,4,0.125,4.0,32,4096,4096,16384,5632,2511.042,6743.679,4860.864,0.5552
mixed,32,4,0.125,4.0,32,8192,128,512,176,447.687,588.234,521.51,0.5253
mixed,32,4,0.125,4.0,32,8192,256,1024,352,521.831,786.73,663.307,0.5341
mixed,32,4,0.125,4.0,32,8192,512,2048,704,665.191,1194.865,951.469,0.5405
mixed,32,4,0.125,4.0,32,8192,1024,4096,1408,943.532,2000.282,1519.829,0.5453
mixed,32,4,0.125,4.0,32,8192,2048,8192,2816,1503.508,3620.209,2678.564,0.5551
mixed,32,4,0.125,4.0,32,8192,4096,16384,5632,2608.167,6872.83,4966.054,0.5529
mixed,32,4,0.125,4.0,64,0,128,512,176,186.145,332.773,261.763,0.5157
mixed,32,4,0.125,4.0,64,0,256,1024,352,265.57,534.984,408.613,0.5309
mixed,32,4,0.125,4.0,64,0,512,2048,704,406.759,940.431,690.826,0.5323
mixed,32,4,0.125,4.0,64,0,1024,4096,1408,687.658,1749.079,1262.385,0.5415
mixed,32,4,0.125,4.0,64,0,2048,8192,2816,1244.336,3376.045,2418.463,0.5508
mixed,32,4,0.125,4.0,64,0,4096,16384,5632,2359.071,6607.673,4720.159,0.5557
mixed,32,4,0.125,4.0,64,512,128,512,176,243.361,388.709,317.539,0.5103
mixed,32,4,0.125,4.0,64,512,256,1024,352,319.396,591.336,465.03,0.5355
mixed,32,4,0.125,4.0,64,512,512,2048,704,465.992,996.749,753.099,0.5409
mixed,32,4,0.125,4.0,64,512,1024,4096,1408,744.81,1812.374,1325.778,0.5442
mixed,32,4,0.125,4.0,64,512,2048,8192,2816,1299.762,3426.925,2472.322,0.5512
mixed,32,4,0.125,4.0,64,512,4096,16384,5632,2411.807,6663.035,4760.608,0.5525
mixed,32,4,0.125,4.0,64,1024,128,512,176,301.444,446.983,378.087,0.5266
mixed,32,4,0.125,4.0,64,1024,256,1024,352,381.444,651.561,523.592,0.5262
mixed,32,4,0.125,4.0,64,1024,512,2048,704,523.268,1056.429,810.764,0.5392
mixed,32,4,0.125,4.0,64,1024,1024,4096,1408,801.099,1861.273,1386.451,0.5521
mixed,32,4,0.125,4.0,64,1024,2048,8192,2816,1358.961,3474.031,2530.05,0.5537
mixed,32,4,0.125,4.0,64,1024,4096,16384,5632,2469.888,6719.513,4825.758,0.5544
mixed,32,4,0.125,4.0,64,2048,128,512,176,340.517,487.975,418.406,0.5282
mixed,32,4,0.125,4.0,64,2048,256,1024,352,418.375,689.192,564.615,0.54
mixed,32,4,0.125,4.0,64,2048,512,2048,704,559.527,1093.676,848.523,0.541
mixed,32,4,0.125,4.0,64,2048,1024,4096,1408,845.003,1901.625,1419.856,0.544
mixed,32,4,0.125,4.0,64,2048,2048,8192,2816,1398.037,3519.947,2569.762,0.5522
mixed,32,4,0.125,4.0,64,2048,4096,16384,5632,2509.474,6756.47,4876.254,0.5573
mixed,32,4,0.125,4.0,64,4096,128,512,176,443.238,588.935,521.638,0.5381
mixed,32,4,0.125,4.0,64,4096,256,1024,352,520.358,786.41,661.929,0.5321
mixed,32,4,0.125,4.0,64,4096,512,2048,704,661.352,1192.304,953.387,0.55
mixed,32,4,0.125,4.0,64,4096,1024,4096,1408,943.084,2000.699,1526.228,0.5514
mixed,32,4,0.125,4.0,64,4096,2048,8192,2816,1499.281,3616.876,2674.275,0.5549
mixed,32,4,0.125,4.0,64,4096,4096,16384,5632,2612.004,6853.974,4973.149,0.5566
mixed,32,4,0.125,4.0,64,8192,128,512,176,652.01,792.201,726.218,0.5293
mixed,32,4,0.125,4.0,64,8192,256,1024,352,724.713,993.453,869.067,0.5372
mixed,32,4,0.125,4.0,64,8192,512,2048,704,865.452,1394.642,1158.542,0.5538
mixed,32,4,0.125,4.0,64,8192,1024,4096,1408,1146.733,2211.291,1733.269,0.551
mixed,32,4,0.125,4.0,64,8192,2048,8192,2816,1701.589,3823.153,2878.692,0.5548
mixed,32,4,0.125,4.0,64,8192,4096,16384,5632,2812.802,7054.552,5171.423,0.556
mixed,32,4,0.125,4.0,128,0,128,512,176,209.541,355.108,282.851,0.5036
mixed,32,4,0.125,4.0,128,0,256,1024,352,287.042,560.809,431.716,0.5285
mixed,32,4,0.125,4.0,128,0,512,2048,704,431.909,967.149,717.769,0.5341
mixed,32,4,0.125,4.0,128,0,1024,4096,1408,712.809,1770.068,1293.647,0.5494
mixed,32,4,0.125,4.0,128,0,2048,8192,2816,1266.061,3392.94,2437.214,0.5506
mixed,32,4,0.125,4.0,128,0,4096,16384,5632,2385.406,6639.249,4733.304,0.5519
mixed,32,4,0.125,4.0,128,512,128,512,176,341.221,488.453,418.5,0.5249
mixed,32,4,0.125,4.0,128,512,256,1024,352,420.932,689.03,560.678,0.5212
mixed,32,4,0.125,4.0,128,512,512,2048,704,563.623,1092.684,849.609,0.5406
mixed,32,4,0.125,4.0,128,512,1024,4096,1408,842.985,1903.64,1427.315,0.5509
mixed,32,4,0.125,4.0,128,512,2048,8192,2816,1399.088,3521.482,2569.054,0.5512
mixed,32,4,0.125,4.0,128,512,4096,16384,5632,2506.014,6754.961,4870.588,0.5565
mixed,32,4,0.125,4.0,128,1024,128,512,176,410.117,554.501,484.325,0.514
mixed,32,4,0.125,4.0,128,1024,256,1024,352,486.951,758.314,632.649,0.5369
mixed,32,4,0.125,4.0,128,1024,512,2048,704,629.415,1162.477,916.33,0.5382
mixed,32,4,0.125,4.0,128,1024,1024,4096,1408,908.844,1978.135,1496.049,0.5492
mixed,32,4,0.125,4.0,128,1024,2048,8192,2816,1468.432,3588.586,2641.694,0.5534
mixed,32,4,0.125,4.0,128,1024,4096,16384,5632,2579.934,6828.527,4944.568,0.5566
mixed,32,4,0.125,4.0,128,2048,128,512,176,508.679,650.02,587.496,0.5576
mixed,32,4,0.125,4.0,128,2048,256,1024,352,585.479,853.001,730.922,0.5437
mixed,32,4,0.125,4.0,128,2048,512,2048,704,727.207,1257.711,1017.741,0.5477
mixed,32,4,0.125,4.0,128,2048,1024,4096,1408,1004.43,2073.014,1587.344,0.5455
mixed,32,4,0.125,4.0,128,2048,2048,8192,2816,1562.099,3682.187,2740.672,0.5559
mixed,32,4,0.125,4.0,128,2048,4096,16384,5632,2677.6,6933.745,5030.296,0.5528
mixed,32,4,0.125,4.0,128,4096,128,512,176,707.783,850.922,784.168,0.5336
mixed,32,4,0.125,4.0,128,4096,256,1024,352,785.419,1053.867,930.028,0.5387
mixed,32,4,0.125,4.0,128,4096,512,2048,704,925.928,1453.711,1215.341,0.5484
mixed,32,4,0.125,4.0,128,4096,1024,4096,1408,1205.23,2257.627,1788.085,0.5538
mixed,32,4,0.125,4.0,128,4096,2048,8192,2816,1765.269,3877.101,2941.761,0.5571
mixed,32,4,0.125,4.0,128,4096,4096,16384,5632,2874.561,7130.482,5230.073,0.5535
mixed,32,4,0.125,4.0,128,8192,128,512,176,1103.244,1245.584,1181.709,0.5513
mixed,32,4,0.125,4.0,128,8192,256,1024,352,1180.108,1444.815,1323.598,0.5421
mixed,32,4,0.125,4.0,128,8192,512,2048,704,1318.286,1852.95,1610.833,0.5472
mixed,32,4,0.125,4.0,128,8192,1024,4096,1408,1597.807,2663.357,2187.513,0.5534
mixed,32,4,0.125,4.0,128,8192,2048,8192,2816,2153.655,4279.632,3335.783,0.556
mixed,32,4,0.125,4.0,128,8192,4096,16384,5632,3266.66,7520.662,5626.878,0.5548
mixed,32,4,0.125,4.0,256,0,128,512,176,332.101,479.142,406.756,0.5077
mixed,32,4,0.125,4.0,256,0,256,1024,352,410.278,680.645,549.415,0.5146
mixed,32,4,0.125,4.0,256,0,512,2048,704,552.966,1088.139,842.055,0.5402
mixed,32,4,0.125,4.0,256,0,1024,4096,1408,832.426,1898.835,1415.377,0.5466
mixed,32,4,0.125,4.0,256,0,2048,8192,2816,1385.614,3511.141,2566.265,0.5555
mixed,32,4,0.125,4.0,256,0,4096,16384,5632,2498.202,6753.386,4854.165,0.5537
mixed,32,4,0.125,4.0,256,512,128,512,176,459.845,602.661,535.846,0.5322
mixed,32,4,0.125,4.0,256,512,256,1024,352,537.638,806.922,681.863,0.5356
mixed,32,4,0.125,4.0,256,512,512,2048,704,680.486,1211.211,966.665,0.5392
mixed,32,4,0.125,4.0,256,512,1024,4096,1408,960.681,2026.487,1538.801,0.5424
mixed,32,4,0.125,4.0,256,512,2048,8192,2816,1511.152,3642.15,2697.563,0.5567
mixed,32,4,0.125,4.0,256,512,4096,16384,5632,2629.981,6879.367,4988.758,0.5551
mixed,32,4,0.125,4.0,256,1024,128,512,176,559.879,700.486,635.143,0.5353
mixed,32,4,0.125,4.0,256,1024,256,1024,352,632.934,901.352,782.793,0.5583
mixed,32,4,0.125,4.0,256,1024,512,2048,704,775.879,1303.916,1064.044,0.5457
mixed,32,4,0.125,4.0,256,1024,1024,4096,1408,1054.157,2116.728,1639.826,0.5512
mixed,32,4,0.125,4.0,256,1024,2048,8192,2816,1614.065,3741.895,2791.516,0.5534
mixed,32,4,0.125,4.0,256,1024,4096,16384,5632,2726.941,6975.242,5091.479,0.5566
mixed,32,4,0.125,4.0,256,2048,128,512,176,753.318,897.929,833.481,0.5543
mixed,32,4,0.125,4.0,256,2048,256,1024,352,828.586,1098.218,973.832,0.5387
mixed,32,4,0.125,4.0,256,2048,512,2048,704,968.682,1501.712,1263.596,0.5533
mixed,32,4,0.125,4.0,256,2048,1024,4096,1408,1252.366,2310.424,1841.556,0.5569
mixed,32,4,0.125,4.0,256,2048,2048,8192,2816,1802.034,3935.655,2984.19,0.5541
mixed,32,4,0.125,4.0,256,2048,4096,16384,5632,2915.452,7175.308,5274.84,0.5539
mixed,32,4,0.125,4.0,256,4096,128,512,176,1151.788,1294.7,1229.677,0.545
mixed,32,4,0.125,4.0,256,4096,256,1024,352,1227.887,1493.072,1374.254,0.5519
mixed,32,4,0.125,4.0,256,4096,512,2048,704,1365.551,1901.074,1671.858,0.572
mixed,32,4,0.125,4.0,256,4096,1024,4096,1408,1651.951,2710.811,2234.519,0.5502
mixed,32,4,0.125,4.0,256,4096,2048,8192,2816,2204.213,4332.716,3378.466,0.5517
mixed,32,4,0.125,4.0,256,4096,4096,16384,5632,3313.409,7581.933,5678.168,0.554
mixed,32,4,0.125,4.0,256,8192,128,512,176,1941.396,2080.724,2015.699,0.5333
mixed,32,4,0.125,4.0,256,8192,256,1024,352,2016.308,2286.36,2166.166,0.5549
mixed,32,4,0.125,4.0,256,8192,512,2048,704,2156.724,2687.258,2451.127,0.5549
mixed,32,4,0.125,4.0,256,8192,1024,4096,1408,2436.118,3498.403,3030.016,0.5591
mixed,32,4,0.125,4.0,256,8192,2048,8192,2816,2989.533,5119.568,4172.392,0.5553
mixed,32,4,0.125,4.0,256,8192,4096,16384,5632,4104.773,8350.45,6473.149,0.5578
mixed,32,4,0.125,4.0,512,0,128,512,176,599.303,739.401,674.116,0.534
mixed,32,4,0.125,4.0,512,0,256,1024,352,672.166,940.107,821.957,0.559
mixed,32,4,0.125,4.0,512,0,512,2048,704,812.839,1347.274,1108.362,0.553
mixed,32,4,0.125,4.0,512,0,1024,4096,1408,1093.738,2156.788,1680.972,0.5524
mixed,32,4,0.125,4.0,512,0,2048,8192,2816,1648.754,3775.207,2830.108,0.5556
mixed,32,4,0.125,4.0,512,0,4096,16384,5632,2760.316,7012.737,5123.413,0.5557
mixed,32,4,0.125,4.0,512,512,128,512,176,818.343,957.386,894.825,0.5501
mixed,32,4,0.125,4.0,512,512,256,1024,352,890.795,1158.54,1043.434,0.5701
mixed,32,4,0.125,4.0,512,512,512,2048,704,1029.294,1565.426,1328.493,0.5581
mixed,32,4,0.125,4.0,512,512,1024,4096,1408,1313.836,2373.016,1894.034,0.5478
mixed,32,4,0.125,4.0,512,512,2048,8192,2816,1863.983,3982.599,3045.597,0.5577
mixed,32,4,0.125,4.0,512,512,4096,16384,5632,2980.668,7237.702,5341.331,0.5545
mixed,32,4,0.125,4.0,512,1024,128,512,176,1012.681,1155.692,1093.45,0.5648
mixed,32,4,0.125,4.0,512,1024,256,1024,352,1087.082,1353.932,1236.044,0.5582
mixed,32,4,0.125,4.0,512,1024,512,2048,704,1228.812,1759.634,1525.425,0.5588
mixed,32,4,0.125,4.0,512,1024,1024,4096,1408,1504.112,2572.633,2098.965,0.5567
mixed,32,4,0.125,4.0,512,1024,2048,8192,2816,2064.85,4181.544,3242.782,0.5565
mixed,32,4,0.125,4.0,512,1024,4096,16384,5632,3177.117,7430.82,5553.043,0.5586
mixed,32,4,0.125,4.0,512,2048,128,512,176,1405.807,1548.334,1482.828,0.5404
mixed,32,4,0.125,4.0,512,2048,256,1024,352,1485.358,1749.197,1628.269,0.5417
mixed,32,4,0.125,4.0,512,2048,512,2048,704,1624.367,2153.875,1916.014,0.5508
mixed,32,4,0.125,4.0,512,2048,1024,4096,1408,1902.674,2968.987,2493.526,0.5541
mixed,32,4,0.125,4.0,512,2048,2048,8192,2816,2457.112,4574.153,3633.117,0.5555
mixed,32,4,0.125,4.0,512,2048,4096,16384,5632,3566.623,7812.776,5946.039,0.5604
mixed,32,4,0.125,4.0,512,4096,128,512,176,2194.866,2333.811,2270.678,0.5456
mixed,32,4,0.125,4.0,512,4096,256,1024,352,2269.586,2531.609,2419.769,0.5732
mixed,32,4,0.125,4.0,512,4096,512,2048,704,2410.166,2937.465,2704.566,0.5583
mixed,32,4,0.125,4.0,512,4096,1024,4096,1408,2692.024,3749.858,3276.7,0.5527
mixed,32,4,0.125,4.0,512,4096,2048,8192,2816,3242.044,5364.369,4427.014,0.5583
mixed,32,4,0.125,4.0,512,4096,4096,16384,5632,4363.688,8597.387,6727.455,0.5583
mixed,32,4,0.125,4.0,512,8192,128,512,176,3769.731,3914.848,3860.611,0.6263
mixed,32,4,0.125,4.0,512,8192,256,1024,352,3847.329,4113.567,4007.298,0.6008
mixed,32,4,0.125,4.0,512,8192,512,2048,704,3996.708,4525.383,4287.78,0.5506
mixed,32,4,0.125,4.0,512,8192,1024,4096,1408,4269.67,5332.94,4862.791,0.5578
mixed,32,4,0.125,4.0,512,8192,2048,8192,2816,4814.027,6941.757,6002.166,0.5584
mixed,32,4,0.125,4.0,512,8192,4096,16384,5632,5940.723,10182.971,8310.471,0.5586
mixed,32,4,0.125,4.0,1024,0,128,512,176,930.794,1073.737,1005.064,0.5196
mixed,32,4,0.125,4.0,1024,0,256,1024,352,1008.776,1278.699,1150.698,0.5258
mixed,32,4,0.125,4.0,1024,0,512,2048,704,1145.257,1677.679,1439.885,0.5534
mixed,32,4,0.125,4.0,1024,0,1024,4096,1408,1429.196,2487.317,2011.218,0.5501
mixed,32,4,0.125,4.0,1024,0,2048,8192,2816,1982.45,4106.533,3157.178,0.5531
mixed,32,4,0.125,4.0,1024,0,4096,16384,5632,3096.188,7355.488,5465.614,0.5563
mixed,32,4,0.125,4.0,1024,512,128,512,176,1398.572,1543.628,1473.518,0.5167
mixed,32,4,0.125,4.0,1024,512,256,1024,352,1479.692,1745.997,1617.357,0.5169
mixed,32,4,0.125,4.0,1024,512,512,2048,704,1619.564,2149.713,1910.352,0.5485
mixed,32,4,0.125,4.0,1024,512,1024,4096,1408,1903.183,2959.769,2486.422,0.552
mixed,32,4,0.125,4.0,1024,512,2048,8192,2816,2454.901,4574.152,3633.279,0.556
mixed,32,4,0.125,4.0,1024,512,4096,16384,5632,3568.767,7818.629,5923.09,0.554
mixed,32,4,0.125,4.0,1024,1024,128,512,176,1789.232,1937.135,1867.024,0.526
mixed,32,4,0.125,4.0,1024,1024,256,1024,352,1867.857,2141.266,2010.769,0.5227
mixed,32,4,0.125,4.0,1024,1024,512,2048,704,2011.151,2543.317,2298.964,0.5408
mixed,32,4,0.125,4.0,1024,1024,1024,4096,1408,2291.827,3356.508,2873.945,0.5468
mixed,32,4,0.125,4.0,1024,1024,2048,8192,2816,2846.458,4967.786,4020.355,0.5534
mixed,32,4,0.125,4.0,1024,1024,4096,16384,5632,3963.425,8217.157,6309.429,0.5515
mixed,32,4,0.125,4.0,1024,2048,128,512,176,2571.669,2716.372,2647.062,0.521
mixed,32,4,0.125,4.0,1024,2048,256,1024,352,2652.982,2918.36,2793.56,0.5297
mixed,32,4,0.125,4.0,1024,2048,512,2048,704,2787.896,3326.043,3074.713,0.533
mixed,32,4,0.125,4.0,1024,2048,1024,4096,1408,3075.385,4136.77,3653.727,0.5449
mixed,32,4,0.125,4.0,1024,2048,2048,8192,2816,3629.565,5760.848,4795.271,0.547
mixed,32,4,0.125,4.0,1024,2048,4096,16384,5632,4743.175,9001.196,7103.864,0.5544
mixed,32,4,0.125,4.0,1024,4096,128,512,176,4173.695,4323.204,4261.22,0.5854
mixed,32,4,0.125,4.0,1024,4096,256,1024,352,4262.052,4528.293,4393.697,0.4945
mixed,32,4,0.125,4.0,1024,4096,512,2048,704,4380.354,4929.64,4695.655,0.574
mixed,32,4,0.125,4.0,1024,4096,1024,4096,1408,4655.334,5729.201,5270.247,0.5726
mixed,32,4,0.125,4.0,1024,4096,2048,8192,2816,5218.759,7353.658,6404.148,0.5552
mixed,32,4,0.125,4.0,1024,4096,4096,16384,5632,6333.456,10593.845,8696.9,0.5547
mixed,32,4,0.125,4.0,1024,8192,128,512,176,7338.428,7460.38,7417.533,0.6487
mixed,32,4,0.125,4.0,1024,8192,256,1024,352,7405.434,7668.992,7554.204,0.5645
mixed,32,4,0.125,4.0,1024,8192,512,2048,704,7544.32,8091.134,7847.132,0.5538
mixed,32,4,0.125,4.0,1024,8192,1024,4096,1408,7830.363,8900.518,8422.597,0.5534
mixed,32,4,0.125,4.0,1024,8192,2048,8192,2816,8394.915,10513.268,9578.224,0.5586
mixed,32,4,0.125,4.0,1024,8192,4096,16384,5632,9500.973,13768.205,11856.76,0.5521
mixed,32,4,0.125,4.0,2048,0,128,512,176,2403.986,2548.244,2476.21,0.5007
mixed,32,4,0.125,4.0,2048,0,256,1024,352,2477.077,2743.925,2624.886,0.5539
mixed,32,4,0.125,4.0,2048,0,512,2048,704,2624.916,3153.272,2913.335,0.5459
mixed,32,4,0.125,4.0,2048,0,1024,4096,1408,2907.029,3967.102,3492.027,0.5518
mixed,32,4,0.125,4.0,2048,0,2048,8192,2816,3458.458,5581.517,4631.684,0.5526
mixed,32,4,0.125,4.0,2048,0,4096,16384,5632,4576.964,8822.789,6931.86,0.5546
mixed,32,4,0.125,4.0,2048,512,128,512,176,3254.426,3394.072,3330.169,0.5424
mixed,32,4,0.125,4.0,2048,512,256,1024,352,3332.696,3598.554,3468.059,0.5092
mixed,32,4,0.125,4.0,2048,512,512,2048,704,3471.578,4001.534,3763.612,0.5511
mixed,32,4,0.125,4.0,2048,512,1024,4096,1408,3754.524,4819.622,4328.577,0.539
mixed,32,4,0.125,4.0,2048,512,2048,8192,2816,4316.033,6423.282,5478.889,0.5518
mixed,32,4,0.125,4.0,2048,512,4096,16384,5632,5419.463,9678.413,7785.597,0.5556
mixed,32,4,0.125,4.0,2048,1024,128,512,176,4097.569,4239.071,4166.272,0.4855
mixed,32,4,0.125,4.0,2048,1024,256,1024,352,4165.983,4438.467,4311.168,0.5328
mixed,32,4,0.125,4.0,2048,1024,512,2048,704,4310.497,4844.545,4603.044,0.5478
mixed,32,4,0.125,4.0,2048,1024,1024,4096,1408,4585.888,5660.902,5179.844,0.5525
mixed,32,4,0.125,4.0,2048,1024,2048,8192,2816,5141.957,7280.952,6326.03,0.5536
mixed,32,4,0.125,4.0,2048,1024,4096,16384,5632,6266.864,10523.982,8629.826,0.5551
mixed,32,4,0.125,4.0,2048,2048,128,512,176,5755.978,5904.587,5807.465,0.3465
mixed,32,4,0.125,4.0,2048,2048,256,1024,352,5843.531,6103.468,5980.719,0.5278
mixed,32,4,0.125,4.0,2048,2048,512,2048,704,5978.829,6508.564,6270.028,0.5497
mixed,32,4,0.125,4.0,2048,2048,1024,4096,1408,6256.522,7309.046,6839.38,0.5538
mixed,32,4,0.125,4.0,2048,2048,2048,8192,2816,6795.154,8922.304,7962.711,0.5489
mixed,32,4,0.125,4.0,2048,2048,4096,16384,5632,7908.856,12176.345,10273.802,0.5542
mixed,32,4,0.125,4.0,2048,4096,128,512,176,8950.334,9107.327,9050.402,0.6374
mixed,32,4,0.125,4.0,2048,4096,256,1024,352,9008.83,9307.171,9192.192,0.6146
mixed,32,4,0.125,4.0,2048,4096,512,2048,704,9169.855,9701.416,9460.931,0.5476
mixed,32,4,0.125,4.0,2048,4096,1024,4096,1408,9437.093,10509.26,10045.58,0.5675
mixed,32,4,0.125,4.0,2048,4096,2048,8192,2816,9988.97,12122.712,11173.361,0.5551
mixed,32,4,0.125,4.0,2048,4096,4096,16384,5632,11137.908,15353.517,13502.524,0.5609
mixed,32,4,0.125,4.0,2048,8192,128,512,176,15267.245,15363.976,15319.468,0.5399
mixed,32,4,0.125,4.0,2048,8192,256,1024,352,15315.953,15617.293,15788.304,1.5675
mixed,32,4,0.125,4.0,2048,8192,512,2048,704,15467.376,16019.152,15773.521,0.5548
mixed,32,4,0.125,4.0,2048,8192,1024,4096,1408,15742.581,16788.6,16327.445,0.5591
mixed,32,4,0.125,4.0,2048,8192,2048,8192,2816,16262.321,18424.639,17467.287,0.5573
mixed,32,4,0.125,4.0,2048,8192,4096,16384,5632,17395.998,21683.803,19739.592,0.5466
pure,32,8,0.25,4.0,0,0,128,512,224,143.267,263.428,247.296,0.8657
pure,32,8,0.25,4.0,0,0,256,1024,448,236.642,467.235,444.163,0.8999
pure,32,8,0.25,4.0,0,0,512,2048,896,416.547,872.006,832.965,0.9143
pure,32,8,0.25,4.0,0,0,1024,4096,1792,768.902,1687.433,1617.227,0.9236
pure,32,8,0.25,4.0,0,0,2048,8192,3584,1477.994,3302.23,3194.101,0.9407
pure,32,8,0.25,4.0,0,0,4096,16384,7168,2894.066,6534.316,6319.911,0.9411
mixed,32,8,0.25,4.0,16,0,128,512,224,164.449,286.594,270.306,0.8667
mixed,32,8,0.25,4.0,16,0,256,1024,448,255.616,489.926,466.145,0.8985
mixed,32,8,0.25,4.0,16,0,512,2048,896,435.715,894.374,856.776,0.918
mixed,32,8,0.25,4.0,16,0,1024,4096,1792,796.707,1708.301,1633.866,0.9183
mixed,32,8,0.25,4.0,16,0,2048,8192,3584,1504.746,3315.573,3200.501,0.9365
mixed,32,8,0.25,4.0,16,0,4096,16384,7168,2922.738,6553.612,6340.65,0.9413
mixed,32,8,0.25,4.0,16,512,128,512,224,207.971,325.793,312.322,0.8857
mixed,32,8,0.25,4.0,16,512,256,1024,448,299.555,532.131,507.524,0.8942
mixed,32,8,0.25,4.0,16,512,512,2048,896,482.598,937.22,903.655,0.9262
mixed,32,8,0.25,4.0,16,512,1024,4096,1792,838.948,1745.324,1685.868,0.9344
mixed,32,8,0.25,4.0,16,512,2048,8192,3584,1546.184,3367.349,3261.173,0.9417
mixed,32,8,0.25,4.0,16,512,4096,16384,7168,2963.955,6603.341,6409.194,0.9467
mixed,32,8,0.25,4.0,16,1024,128,512,224,212.449,331.841,316.547,0.8719
mixed,32,8,0.25,4.0,16,1024,256,1024,448,304.93,537.283,515.49,0.9062
mixed,32,8,0.25,4.0,16,1024,512,2048,896,487.109,942.181,909.861,0.929
mixed,32,8,0.25,4.0,16,1024,1024,4096,1792,841.029,1752.556,1694.956,0.9368
mixed,32,8,0.25,4.0,16,1024,2048,8192,3584,1553.928,3370.486,3265.873,0.9424
mixed,32,8,0.25,4.0,16,1024,4096,16384,7168,2962.961,6615.181,6404.396,0.9423
mixed,32,8,0.25,4.0,16,2048,128,512,224,222.69,341.41,323.971,0.8531
mixed,32,8,0.25,4.0,16,2048,256,1024,448,312.259,545.348,521.7,0.8985
mixed,32,8,0.25,4.0,16,2048,512,2048,896,493.377,945.542,912.871,0.9277
mixed,32,8,0.25,4.0,16,2048,1024,4096,1792,850.436,1757.963,1692.392,0.9277
mixed,32,8,0.25,4.0,16,2048,2048,8192,3584,1559.113,3380.502,3271.123,0.9399
mixed,32,8,0.25,4.0,16,2048,4096,16384,7168,2978.579,6616.971,6426.025,0.9475
mixed,32,8,0.25,4.0,16,4096,128,512,224,257.345,377.346,361.283,0.8661
mixed,32,8,0.25,4.0,16,4096,256,1024,448,350.755,579.427,559.268,0.9118
mixed,32,8,0.25,4.0,16,4096,512,2048,896,531.105,986.371,950.503,0.9212
mixed,32,8,0.25,4.0,16,4096,1024,4096,1792,883.111,1796.139,1739.946,0.9385
mixed,32,8,0.25,4.0,16,4096,2048,8192,3584,1593.77,3418.293,3311.441,0.9414
mixed,32,8,0.25,4.0,16,4096,4096,16384,7168,3015.795,6659.56,6459.689,0.9451
mixed,32,8,0.25,4.0,16,8192,128,512,224,310.593,429.955,416.068,0.8837
mixed,32,8,0.25,4.0,16,8192,256,1024,448,405.888,634.051,615.429,0.9184
mixed,32,8,0.25,4.0,16,8192,512,2048,896,582.307,1037.413,1002.565,0.9234
mixed,32,8,0.25,4.0,16,8192,1024,4096,1792,936.741,1842.635,1786.279,0.9378
mixed,32,8,0.25,4.0,16,8192,2048,8192,3584,1649.418,3466.198,3357.399,0.9401
mixed,32,8,0.25,4.0,16,8192,4096,16384,7168,3063.283,6708.647,6491.077,0.9403
mixed,32,8,0.25,4.0,32,0,128,512,224,203.648,324.995,306.852,0.8505
mixed,32,8,0.25,4.0,32,0,256,1024,448,296.736,527.397,504.388,0.9002
mixed,32,8,0.25,4.0,32,0,512,2048,896,478.273,932.198,896.231,0.9208
mixed,32,8,0.25,4.0,32,0,1024,4096,1792,830.854,1747.724,1677.544,0.9235
mixed,32,8,0.25,4.0,32,0,2048,8192,3584,1537.577,3357.266,3247.059,0.9394
mixed,32,8,0.25,4.0,32,0,4096,16384,7168,2958.481,6602.249,6392.965,0.9426
mixed,32,8,0.25,4.0,32,512,128,512,224,247.587,366.049,350.919,0.8723
mixed,32,8,0.25,4.0,32,512,256,1024,448,338.724,569.795,545.285,0.8939
mixed,32,8,0.25,4.0,32,512,512,2048,896,519.554,975.268,937.253,0.9166
mixed,32,8,0.25,4.0,32,512,1024,4096,1792,875.459,1786.699,1727.016,0.9345
mixed,32,8,0.25,4.0,32,512,2048,8192,3584,1579.368,3408.179,3287.861,0.9342
mixed,32,8,0.25,4.0,32,512,4096,16384,7168,2997.939,6637.895,6420.421,0.9403
mixed,32,8,0.25,4.0,32,1024,128,512,224,255.618,374.914,357.764,0.8562
mixed,32,8,0.25,4.0,32,1024,256,1024,448,349.761,575.843,560.933,0.9341
mixed,32,8,0.25,4.0,32,1024,512,2048,896,530.177,982.341,946.213,0.9201
mixed,32,8,0.25,4.0,32,1024,1024,4096,1792,880.006,1788.649,1723.785,0.9286
mixed,32,8,0.25,4.0,32,1024,2048,8192,3584,1594.316,3412.406,3296.048,0.936
mixed,32,8,0.25,4.0,32,1024,4096,16384,7168,3006.131,6642.532,6433.092,0.9424
mixed,32,8,0.25,4.0,32,2048,128,512,224,271.715,388.454,373.987,0.8761
mixed,32,8,0.25,4.0,32,2048,256,1024,448,362.786,591.811,572.002,0.9135
mixed,32,8,0.25,4.0,32,2048,512,2048,896,541.509,1000.421,965.506,0.9239
mixed,32,8,0.25,4.0,32,2048,1024,4096,1792,899.654,1813.322,1741.386,0.9213
mixed,32,8,0.25,4.0,32,2048,2048,8192,3584,1609.706,3422.002,3303.796,0.9348
mixed,32,8,0.25,4.0,32,2048,4096,16384,7168,3024.178,6653.256,6449.599,0.9439
mixed,32,8,0.25,4.0,32,4096,128,512,224,359.744,481.347,463.78,0.8555
mixed,32,8,0.25,4.0,32,4096,256,1024,448,453.57,679.716,660.739,0.9161
mixed,32,8,0.25,4.0,32,4096,512,2048,896,631.778,1088.325,1054.407,0.9257
mixed,32,8,0.25,4.0,32,4096,1024,4096,1792,983.525,1891.31,1832.65,0.9354
mixed,32,8,0.25,4.0,32,4096,2048,8192,3584,1698.763,3511.473,3413.682,0.9461
mixed,32,8,0.25,4.0,32,4096,4096,16384,7168,3109.36,6747.555,6526.5,0.9392
mixed,32,8,0.25,4.0,32,8192,128,512,224,474.658,584.644,573.7,0.9005
mixed,32,8,0.25,4.0,32,8192,256,1024,448,563.267,789.574,771.876,0.9218
mixed,32,8,0.25,4.0,32,8192,512,2048,896,739.142,1193.288,1161.638,0.9303
mixed,32,8,0.25,4.0,32,8192,1024,4096,1792,1094.788,2004.136,1945.353,0.9354
mixed,32,8,0.25,4.0,32,8192,2048,8192,3584,1804.012,3618.706,3504.627,0.9371
mixed,32,8,0.25,4.0,32,8192,4096,16384,7168,3218.546,6863.783,6645.119,0.94
mixed,32,8,0.25,4.0,64,0,128,512,224,211.233,331.3,315.843,0.8713
mixed,32,8,0.25,4.0,64,0,256,1024,448,301.666,535.205,511.778,0.8997
mixed,32,8,0.25,4.0,64,0,512,2048,896,482.179,942.276,902.5,0.9135
mixed,32,8,0.25,4.0,64,0,1024,4096,1792,840.164,1749.898,1687.24,0.9311
mixed,32,8,0.25,4.0,64,0,2048,8192,3584,1548.167,3370.577,3260.176,0.9394
mixed,32,8,0.25,4.0,64,0,4096,16384,7168,2958.029,6606.977,6385.218,0.9392
mixed,32,8,0.25,4.0,64,512,128,512,224,268.097,386.691,370.527,0.8637
mixed,32,8,0.25,4.0,64,512,256,1024,448,360.739,589.732,569.952,0.9136
mixed,32,8,0.25,4.0,64,512,512,2048,896,540.066,992.39,959.43,0.9271
mixed,32,8,0.25,4.0,64,512,1024,4096,1792,894.401,1810.826,1742.76,0.9257
mixed,32,8,0.25,4.0,64,512,2048,8192,3584,1605.608,3422.195,3298.48,0.9319
mixed,32,8,0.25,4.0,64,512,4096,16384,7168,3021.618,6652.578,6428.77,0.9384
mixed,32,8,0.25,4.0,64,1024,128,512,224,327.618,443.424,429.731,0.8818
mixed,32,8,0.25,4.0,64,1024,256,1024,448,419.362,650.754,629.09,0.9064
mixed,32,8,0.25,4.0,64,1024,512,2048,896,598.786,1056.102,1021.796,0.925
mixed,32,8,0.25,4.0,64,1024,1024,4096,1792,959.236,1863.114,1795.88,0.9256
mixed,32,8,0.25,4.0,64,1024,2048,8192,3584,1661.929,3485.555,3371.601,0.9375
mixed,32,8,0.25,4.0,64,1024,4096,16384,7168,3072.047,6716.933,6493.826,0.9388
mixed,32,8,0.25,4.0,64,2048,128,512,224,370.019,486.788,471.299,0.8674
mixed,32,8,0.25,4.0,64,2048,256,1024,448,457.922,688.514,665.571,0.9005
mixed,32,8,0.25,4.0,64,2048,512,2048,896,638.852,1093.477,1055.813,0.9172
mixed,32,8,0.25,4.0,64,2048,1024,4096,1792,988.614,1903.751,1838.953,0.9292
mixed,32,8,0.25,4.0,64,2048,2048,8192,3584,1705.671,3515.151,3404.719,0.939
mixed,32,8,0.25,4.0,64,2048,4096,16384,7168,3113.263,6755.362,6544.45,0.9421
mixed,32,8,0.25,4.0,64,4096,128,512,224,466.336,587.331,573.859,0.8887
mixed,32,8,0.25,4.0,64,4096,256,1024,448,561.411,788.004,768.868,0.9155
mixed,32,8,0.25,4.0,64,4096,512,2048,896,740.225,1193.731,1159.334,0.9242
mixed,32,8,0.25,4.0,64,4096,1024,4096,1792,1091.269,2004.105,1938.218,0.9278
mixed,32,8,0.25,4.0,64,4096,2048,8192,3584,1804.842,3627.986,3510.064,0.9353
mixed,32,8,0.25,4.0,64,4096,4096,16384,7168,3221.999,6860.899,6632.513,0.9372
mixed,32,8,0.25,4.0,64,8192,128,512,224,673.991,794.883,778.341,0.8632
mixed,32,8,0.25,4.0,64,8192,256,1024,448,770.948,993.831,975.396,0.9173
mixed,32,8,0.25,4.0,64,8192,512,2048,896,942.308,1399.013,1369.255,0.9348
mixed,32,8,0.25,4.0,64,8192,1024,4096,1792,1300.453,2203.754,2147.018,0.9372
mixed,32,8,0.25,4.0,64,8192,2048,8192,3584,2005.803,3824.371,3715.602,0.9402
mixed,32,8,0.25,4.0,64,8192,4096,16384,7168,3426.703,7058.272,6836.286,0.9389
mixed,32,8,0.25,4.0,128,0,128,512,224,238.081,354.146,336.449,0.8475
mixed,32,8,0.25,4.0,128,0,256,1024,448,328.385,558.402,538.017,0.9114
mixed,32,8,0.25,4.0,128,0,512,2048,896,508.29,965.476,921.827,0.9045
mixed,32,8,0.25,4.0,128,0,1024,4096,1792,861.571,1767.274,1705.033,0.9313
mixed,32,8,0.25,4.0,128,0,2048,8192,3584,1571.845,3388.336,3267.438,0.9334
mixed,32,8,0.25,4.0,128,0,4096,16384,7168,2982.252,6639.294,6410.076,0.9373
mixed,32,8,0.25,4.0,128,512,128,512,224,366.371,487.842,472.067,0.8701
mixed,32,8,0.25,4.0,128,512,256,1024,448,459.427,689.795,668.514,0.9076
mixed,32,8,0.25,4.0,128,512,512,2048,896,638.532,1096.197,1060.357,0.9217
mixed,32,8,0.25,4.0,128,512,1024,4096,1792,993.669,1905.674,1843.111,0.9314
mixed,32,8,0.25,4.0,128,512,2048,8192,3584,1704.712,3517.488,3403.952,0.9374
mixed,32,8,0.25,4.0,128,512,4096,16384,7168,3119.756,6765.664,6525.661,0.9342
mixed,32,8,0.25,4.0,128,1024,128,512,224,432.961,554.05,536.578,0.8557
mixed,32,8,0.25,4.0,128,1024,256,1024,448,526.37,755.426,735.042,0.911
mixed,32,8,0.25,4.0,128,1024,512,2048,896,703.171,1162.372,1123.174,0.9146
mixed,32,8,0.25,4.0,128,1024,1024,4096,1792,1055.363,1969.513,1905.129,0.9296
mixed,32,8,0.25,4.0,128,1024,2048,8192,3584,1769.383,3594.478,3459.6,0.9261
mixed,32,8,0.25,4.0,128,1024,4096,16384,7168,3190.414,6828.961,6615.934,0.9415
mixed,32,8,0.25,4.0,128,2048,128,512,224,532.802,649.219,637.924,0.903
mixed,32,8,0.25,4.0,128,2048,256,1024,448,623.939,854.244,834.147,0.9127
mixed,32,8,0.25,4.0,128,2048,512,2048,896,800.483,1257.862,1224.837,0.9278
mixed,32,8,0.25,4.0,128,2048,1024,4096,1792,1154.563,2065.385,2006.346,0.9352
mixed,32,8,0.25,4.0,128,2048,2048,8192,3584,1864.55,3688.209,3565.486,0.9327
mixed,32,8,0.25,4.0,128,2048,4096,16384,7168,3281.488,6913.855,6700.637,0.9413
mixed,32,8,0.25,4.0,128,4096,128,512,224,735.138,850.66,841.379,0.9197
mixed,32,8,0.25,4.0,128,4096,256,1024,448,823.682,1052.867,1035.78,0.9254
mixed,32,8,0.25,4.0,128,4096,512,2048,896,999.909,1453.606,1419.748,0.9254
mixed,32,8,0.25,4.0,128,4096,1024,4096,1792,1353.862,2259.4,2202.633,0.9373
mixed,32,8,0.25,4.0,128,4096,2048,8192,3584,2062.025,3886.032,3762.605,0.9323
mixed,32,8,0.25,4.0,128,4096,4096,16384,7168,3480.623,7128.604,6888.958,0.9343
mixed,32,8,0.25,4.0,128,8192,128,512,224,1131.046,1246.885,1234.564,0.8936
mixed,32,8,0.25,4.0,128,8192,256,1024,448,1219.494,1446.341,1431.111,0.9329
mixed,32,8,0.25,4.0,128,8192,512,2048,896,1394.374,1851.049,1816.935,0.9253
mixed,32,8,0.25,4.0,128,8192,1024,4096,1792,1753.607,2664.362,2604.458,0.9342
mixed,32,8,0.25,4.0,128,8192,2048,8192,3584,2458.891,4286.611,4160.691,0.9311
mixed,32,8,0.25,4.0,128,8192,4096,16384,7168,3872.656,7509.023,7306.877,0.9444
mixed,32,8,0.25,4.0,256,0,128,512,224,358.914,476.58,460.227,0.861
mixed,32,8,0.25,4.0,256,0,256,1024,448,449.346,679.136,657.282,0.9049
mixed,32,8,0.25,4.0,256,0,512,2048,896,627.777,1084.804,1049.763,0.9233
mixed,32,8,0.25,4.0,256,0,1024,4096,1792,980.676,1894.12,1829.703,0.9295
mixed,32,8,0.25,4.0,256,0,2048,8192,3584,1694.983,3507.119,3398.381,0.94
mixed,32,8,0.25,4.0,256,0,4096,16384,7168,3105.773,6745.214,6523.164,0.939
mixed,32,8,0.25,4.0,256,512,128,512,224,485.569,604.229,588.035,0.8635
mixed,32,8,0.25,4.0,256,512,256,1024,448,579.266,806.242,786.948,0.915
mixed,32,8,0.25,4.0,256,512,512,2048,896,753.858,1210.405,1174.088,0.9205
mixed,32,8,0.25,4.0,256,512,1024,4096,1792,1108.452,2023.497,1953.897,0.9239
mixed,32,8,0.25,4.0,256,512,2048,8192,3584,1818.952,3644.973,3517.295,0.9301
mixed,32,8,0.25,4.0,256,512,4096,16384,7168,3231.723,6870.013,6646.359,0.9385
mixed,32,8,0.25,4.0,256,1024,128,512,224,584.098,698.916,690.754,0.9289
mixed,32,8,0.25,4.0,256,1024,256,1024,448,676.001,900.997,885.635,0.9317
mixed,32,8,0.25,4.0,256,1024,512,2048,896,852.195,1306.247,1273.897,0.9288
mixed,32,8,0.25,4.0,256,1024,1024,4096,1792,1201.154,2114.47,2048.808,0.9281
mixed,32,8,0.25,4.0,256,1024,2048,8192,3584,1909.192,3726.029,3612.653,0.9376
mixed,32,8,0.25,4.0,256,1024,4096,16384,7168,3326.09,6963.995,6731.035,0.936
mixed,32,8,0.25,4.0,256,2048,128,512,224,779.267,894.85,885.764,0.9214
mixed,32,8,0.25,4.0,256,2048,256,1024,448,870.819,1098.02,1078.083,0.9122
mixed,32,8,0.25,4.0,256,2048,512,2048,896,1046.02,1504.133,1475.75,0.938
mixed,32,8,0.25,4.0,256,2048,1024,4096,1792,1400.932,2307.144,2247.239,0.9339
mixed,32,8,0.25,4.0,256,2048,2048,8192,3584,2110.153,3928.751,3822.67,0.9417
mixed,32,8,0.25,4.0,256,2048,4096,16384,7168,3516.525,7151.39,6945.624,0.9434
mixed,32,8,0.25,4.0,256,4096,128,512,224,1179.62,1295.333,1285.285,0.9132
mixed,32,8,0.25,4.0,256,4096,256,1024,448,1270.406,1492.55,1477.349,0.9316
mixed,32,8,0.25,4.0,256,4096,512,2048,896,1446.086,1902.151,1866.919,0.9227
mixed,32,8,0.25,4.0,256,4096,1024,4096,1792,1796.871,2709.546,2652.651,0.9377
mixed,32,8,0.25,4.0,256,4096,2048,8192,3584,2504.169,4326.415,4216.432,0.9396
mixed,32,8,0.25,4.0,256,4096,4096,16384,7168,3921.521,7556.728,7340.157,0.9404
mixed,32,8,0.25,4.0,256,8192,128,512,224,1968.517,2082.088,2069.862,0.8923
mixed,32,8,0.25,4.0,256,8192,256,1024,448,2055.109,2280.935,2266.567,0.9364
mixed,32,8,0.25,4.0,256,8192,512,2048,896,2231.049,2689.672,2655.978,0.9265
mixed,32,8,0.25,4.0,256,8192,1024,4096,1792,2584.361,3496.397,3443.342,0.9418
mixed,32,8,0.25,4.0,256,8192,2048,8192,3584,3299.147,5120.783,4994.001,0.9304
mixed,32,8,0.25,4.0,256,8192,4096,16384,7168,4704.75,8348.414,8120.253,0.9374
mixed,32,8,0.25,4.0,512,0,128,512,224,624.867,739.009,727.584,0.8999
mixed,32,8,0.25,4.0,512,0,256,1024,448,713.509,939.141,922.435,0.926
mixed,32,8,0.25,4.0,512,0,512,2048,896,891.235,1341.51,1311.811,0.934
mixed,32,8,0.25,4.0,512,0,1024,4096,1792,1239.462,2147.655,2094.953,0.942
mixed,32,8,0.25,4.0,512,0,2048,8192,3584,1952.648,3767.724,3647.918,0.934
mixed,32,8,0.25,4.0,512,0,4096,16384,7168,3367.213,6999.834,6781.781,0.94
mixed,32,8,0.25,4.0,512,512,128,512,224,840.004,955.842,945.475,0.9105
mixed,32,8,0.25,4.0,512,512,256,1024,448,928.964,1163.237,1141.251,0.9062
mixed,32,8,0.25,4.0,512,512,512,2048,896,1107.331,1562.278,1532.934,0.9355
mixed,32,8,0.25,4.0,512,512,1024,4096,1792,1457.541,2371.945,2310.152,0.9324
mixed,32,8,0.25,4.0,512,512,2048,8192,3584,2174.504,3993.901,3881.551,0.9382
mixed,32,8,0.25,4.0,512,512,4096,16384,7168,3586.955,7214.103,7006.072,0.9426
mixed,32,8,0.25,4.0,512,1024,128,512,224,1039.554,1156.197,1144.131,0.8966
mixed,32,8,0.25,4.0,512,1024,256,1024,448,1130.019,1354.629,1336.579,0.9196
mixed,32,8,0.25,4.0,512,1024,512,2048,896,1304.645,1755.204,1726.373,0.936
mixed,32,8,0.25,4.0,512,1024,1024,4096,1792,1660.197,2572.233,2511.433,0.9333
mixed,32,8,0.25,4.0,512,1024,2048,8192,3584,2369.959,4192.845,4068.97,0.932
mixed,32,8,0.25,4.0,512,1024,4096,16384,7168,3784.717,7433.11,7205.429,0.9376
mixed,32,8,0.25,4.0,512,2048,128,512,224,1431.432,1548.453,1538.787,0.9174
mixed,32,8,0.25,4.0,512,2048,256,1024,448,1519.974,1742.919,1731.846,0.9503
mixed,32,8,0.25,4.0,512,2048,512,2048,896,1700.101,2154.629,2121.99,0.9282
mixed,32,8,0.25,4.0,512,2048,1024,4096,1792,2050.92,2961.897,2907.816,0.9406
mixed,32,8,0.25,4.0,512,2048,2048,8192,3584,2759.208,4580.687,4463.469,0.9356
mixed,32,8,0.25,4.0,512,2048,4096,16384,7168,4163.342,7811.897,7603.544,0.9429
mixed,32,8,0.25,4.0,512,4096,128,512,224,2218.056,2336.838,2323.558,0.8882
mixed,32,8,0.25,4.0,512,4096,256,1024,448,2309.862,2533.128,2519.24,0.9378
mixed,32,8,0.25,4.0,512,4096,512,2048,896,2483.465,2941.065,2909.928,0.932
mixed,32,8,0.25,4.0,512,4096,1024,4096,1792,2836.52,3749.355,3688.394,0.9332
mixed,32,8,0.25,4.0,512,4096,2048,8192,3584,3550.571,5362.223,5259.153,0.9431
mixed,32,8,0.25,4.0,512,4096,4096,16384,7168,4958.063,8605.052,8387.256,0.9403
mixed,32,8,0.25,4.0,512,8192,128,512,224,3794.923,3914.57,3901.997,0.8949
mixed,32,8,0.25,4.0,512,8192,256,1024,448,3886.926,4112.812,4094.669,0.9197
mixed,32,8,0.25,4.0,512,8192,512,2048,896,4064.106,4518.64,4484.653,0.9252
mixed,32,8,0.25,4.0,512,8192,1024,4096,1792,4421.868,5321.105,5266.191,0.9389
mixed,32,8,0.25,4.0,512,8192,2048,8192,3584,5123.086,6949.429,6830.037,0.9346
mixed,32,8,0.25,4.0,512,8192,4096,16384,7168,6532.116,10170.749,9981.888,0.9481
mixed,32,8,0.25,4.0,1024,0,128,512,224,954.147,1073.155,1059.65,0.8865
mixed,32,8,0.25,4.0,1024,0,256,1024,448,1045.059,1274.438,1256.226,0.9206
mixed,32,8,0.25,4.0,1024,0,512,2048,896,1225.763,1680.005,1644.996,0.9229
mixed,32,8,0.25,4.0,1024,0,1024,4096,1792,1578.085,2491.176,2426.054,0.9287
mixed,32,8,0.25,4.0,1024,0,2048,8192,3584,2288.328,4107.308,3993.261,0.9373
mixed,32,8,0.25,4.0,1024,0,4096,16384,7168,3694.028,7326.01,7120.947,0.9435
mixed,32,8,0.25,4.0,1024,512,128,512,224,1425.733,1545.252,1526.404,0.8423
mixed,32,8,0.25,4.0,1024,512,256,1024,448,1516.039,1742.466,1729.7,0.9436
mixed,32,8,0.25,4.0,1024,512,512,2048,896,1698.435,2152.934,2117.286,0.9216
mixed,32,8,0.25,4.0,1024,512,1024,4096,1792,2051.335,2962.088,2894.088,0.9253
mixed,32,8,0.25,4.0,1024,512,2048,8192,3584,2761.48,4575.376,4458.764,0.9357
mixed,32,8,0.25,4.0,1024,512,4096,16384,7168,4164.459,7826.774,7610.935,0.9411
mixed,32,8,0.25,4.0,1024,1024,128,512,224,1817.317,1936.934,1921.159,0.8681
mixed,32,8,0.25,4.0,1024,1024,256,1024,448,1907.846,2136.932,2119.044,0.9219
mixed,32,8,0.25,4.0,1024,1024,512,2048,896,2087.621,2539.69,2505.735,0.9249
mixed,32,8,0.25,4.0,1024,1024,1024,4096,1792,2444.39,3348.328,3287.913,0.9332
mixed,32,8,0.25,4.0,1024,1024,2048,8192,3584,3146.537,4958.35,4857.23,0.9442
mixed,32,8,0.25,4.0,1024,1024,4096,16384,7168,4573.644,8202.17,7993.493,0.9425
mixed,32,8,0.25,4.0,1024,2048,128,512,224,2600.646,2716.903,2704.902,0.8968
mixed,32,8,0.25,4.0,1024,2048,256,1024,448,2689.991,2919.656,2900.234,0.9154
mixed,32,8,0.25,4.0,1024,2048,512,2048,896,2869.894,3319.816,3288.841,0.9312
mixed,32,8,0.25,4.0,1024,2048,1024,4096,1792,3223.755,4137.128,4071.724,0.9284
mixed,32,8,0.25,4.0,1024,2048,2048,8192,3584,3924.872,5754.129,5639.601,0.9374
mixed,32,8,0.25,4.0,1024,2048,4096,16384,7168,5355.247,8976.537,8763.769,0.9412
mixed,32,8,0.25,4.0,1024,4096,128,512,224,4175.691,4320.872,4262.825,0.6002
mixed,32,8,0.25,4.0,1024,4096,256,1024,448,4282.602,4495.727,4465.453,0.858
mixed,32,8,0.25,4.0,1024,4096,512,2048,896,4465.005,4933.36,4896.59,0.9215
mixed,32,8,0.25,4.0,1024,4096,1024,4096,1792,4820.235,5736.783,5673.263,0.9307
mixed,32,8,0.25,4.0,1024,4096,2048,8192,3584,5530.478,7349.907,7190.228,0.9122
mixed,32,8,0.25,4.0,1024,4096,4096,16384,7168,6928.498,10569.726,10374.911,0.9465
mixed,32,8,0.25,4.0,1024,8192,128,512,224,7359.477,7470.512,7446.484,0.7836
mixed,32,8,0.25,4.0,1024,8192,256,1024,448,7450.131,7669.968,7658.131,0.9462
mixed,32,8,0.25,4.0,1024,8192,512,2048,896,7641.587,8090.36,8061.142,0.9349
mixed,32,8,0.25,4.0,1024,8192,1024,4096,1792,7980.786,8897.943,8837.111,0.9337
mixed,32,8,0.25,4.0,1024,8192,2048,8192,3584,8693.075,10502.461,10392.893,0.9394
mixed,32,8,0.25,4.0,1024,8192,4096,16384,7168,10112.987,13737.575,13528.964,0.9424
mixed,32,8,0.25,4.0,2048,0,128,512,224,2428.743,2551.91,2531.111,0.8311
mixed,32,8,0.25,4.0,2048,0,256,1024,448,2519.718,2751.85,2726.119,0.8892
mixed,32,8,0.25,4.0,2048,0,512,2048,896,2698.918,3155.847,3122.504,0.927
mixed,32,8,0.25,4.0,2048,0,1024,4096,1792,3053.638,3962.828,3900.651,0.9316
mixed,32,8,0.25,4.0,2048,0,2048,8192,3584,3760.457,5578.928,5462.672,0.9361
mixed,32,8,0.25,4.0,2048,0,4096,16384,7168,5172.11,8820.536,8600.985,0.9398
mixed,32,8,0.25,4.0,2048,512,128,512,224,3276.424,3397.479,3383.113,0.8813
mixed,32,8,0.25,4.0,2048,512,256,1024,448,3365.96,3610.25,3581.927,0.8841
mixed,32,8,0.25,4.0,2048,512,512,2048,896,3546.472,3999.977,3964.906,0.9227
mixed,32,8,0.25,4.0,2048,512,1024,4096,1792,3904.299,4806.218,4755.788,0.9441
mixed,32,8,0.25,4.0,2048,512,2048,8192,3584,4622.732,6418.99,6309.613,0.9391
mixed,32,8,0.25,4.0,2048,512,4096,16384,7168,6017.902,9667.578,9446.041,0.9393
mixed,32,8,0.25,4.0,2048,1024,128,512,224,4121.097,4234.504,4224.81,0.9145
mixed,32,8,0.25,4.0,2048,1024,256,1024,448,4214.891,4439.658,4421.035,0.9171
mixed,32,8,0.25,4.0,2048,1024,512,2048,896,4387.147,4834.987,4808.14,0.9401
mixed,32,8,0.25,4.0,2048,1024,1024,4096,1792,4746.026,5658.221,5595.149,0.9309
mixed,32,8,0.25,4.0,2048,1024,2048,8192,3584,5448.781,7267.506,7154.006,0.9376
mixed,32,8,0.25,4.0,2048,1024,4096,16384,7168,6866.992,10518.554,10295.13,0.9388
mixed,32,8,0.25,4.0,2048,2048,128,512,224,5769.262,5879.532,5869.359,0.9077
mixed,32,8,0.25,4.0,2048,2048,256,1024,448,5879.343,6104.687,6064.683,0.8225
mixed,32,8,0.25,4.0,2048,2048,512,2048,896,6036.111,6503.437,6467.757,0.9237
mixed,32,8,0.25,4.0,2048,2048,1024,4096,1792,6422.644,7319.637,7257.041,0.9302
mixed,32,8,0.25,4.0,2048,2048,2048,8192,3584,7108.881,8927.381,8809.62,0.9352
mixed,32,8,0.25,4.0,2048,2048,4096,16384,7168,8516.47,12158.237,11964.6,0.9468
mixed,32,8,0.25,4.0,2048,4096,128,512,224,8986.898,9077.941,9104.821,1.2952
mixed,32,8,0.25,4.0,2048,4096,256,1024,448,9055.73,9272.148,9262.581,0.9558
mixed,32,8,0.25,4.0,2048,4096,512,2048,896,9229.395,9679.192,9688.055,1.0197
mixed,32,8,0.25,4.0,2048,4096,1024,4096,1792,9595.51,10505.852,10444.723,0.9329
mixed,32,8,0.25,4.0,2048,4096,2048,8192,3584,10281.08,12102.971,12032.507,0.9613
mixed,32,8,0.25,4.0,2048,4096,4096,16384,7168,11735.386,15362.373,15124.77,0.9345
mixed,32,8,0.25,4.0,2048,8192,128,512,224,15274.241,15389.375,15370.626,0.8372
mixed,32,8,0.25,4.0,2048,8192,256,1024,448,15349.345,15599.943,15561.511,0.8466
mixed,32,8,0.25,4.0,2048,8192,512,2048,896,15566.878,16027.143,15962.374,0.8593
mixed,32,8,0.25,4.0,2048,8192,1024,4096,1792,15897.766,16769.29,16762.089,0.9917
mixed,32,8,0.25,4.0,2048,8192,2048,8192,3584,16620.291,18424.262,18308.648,0.9359
mixed,32,8,0.25,4.0,2048,8192,4096,16384,7168,18020.042,21683.376,21453.556,0.9373
pure,32,16,0.5,4.0,0,0,128,512,320,181.633,261.6,255.585,0.9248
pure,32,16,0.5,4.0,0,0,256,1024,640,313.152,464.451,455.328,0.9397
pure,32,16,0.5,4.0,0,0,512,2048,1280,566.595,869.986,852.29,0.9417
pure,32,16,0.5,4.0,0,0,1024,4096,2560,1077.665,1681.763,1646.243,0.9412
pure,32,16,0.5,4.0,0,0,2048,8192,5120,2086.789,3300.391,3237.222,0.9479
pure,32,16,0.5,4.0,0,0,4096,16384,10240,4115.497,6536.015,6423.565,0.9535
mixed,32,16,0.5,4.0,16,0,128,512,320,205.503,284.387,275.137,0.8827
mixed,32,16,0.5,4.0,16,0,256,1024,640,336.288,492.802,479.232,0.9133
mixed,32,16,0.5,4.0,16,0,512,2048,1280,592.481,894.849,874.145,0.9315
mixed,32,16,0.5,4.0,16,0,1024,4096,2560,1100.544,1704.739,1669.859,0.9423
mixed,32,16,0.5,4.0,16,0,2048,8192,5120,2109.284,3325.032,3257.03,0.9441
mixed,32,16,0.5,4.0,16,0,4096,16384,10240,4133.704,6561.453,6452.942,0.9553
mixed,32,16,0.5,4.0,16,512,128,512,320,247.811,327.041,319.325,0.9026
mixed,32,16,0.5,4.0,16,512,256,1024,640,378.018,530.21,520.962,0.9392
mixed,32,16,0.5,4.0,16,512,512,2048,1280,633.505,937.603,915.3,0.9267
mixed,32,16,0.5,4.0,16,512,1024,4096,2560,1141.185,1744.291,1711.811,0.9461
mixed,32,16,0.5,4.0,16,512,2048,8192,5120,2146.407,3365.38,3307.94,0.9529
mixed,32,16,0.5,4.0,16,512,4096,16384,10240,4171.85,6594.508,6519.242,0.9689
mixed,32,16,0.5,4.0,16,1024,128,512,320,252.927,334.689,323.872,0.8677
mixed,32,16,0.5,4.0,16,1024,256,1024,640,382.657,537.121,524.45,0.918
mixed,32,16,0.5,4.0,16,1024,512,2048,1280,643.01,944.577,925.667,0.9373
mixed,32,16,0.5,4.0,16,1024,1024,4096,2560,1143.299,1758.916,1723.268,0.9421
mixed,32,16,0.5,4.0,16,1024,2048,8192,5120,2151.457,3372.326,3324.486,0.9608
mixed,32,16,0.5,4.0,16,1024,4096,16384,10240,4178.628,6612.945,6521.516,0.9624
mixed,32,16,0.5,4.0,16,2048,128,512,320,261.633,340.095,330.497,0.8777
mixed,32,16,0.5,4.0,16,2048,256,1024,640,388.129,543.49,533.41,0.9351
mixed,32,16,0.5,4.0,16,2048,512,2048,1280,648.129,949.633,929.859,0.9344
mixed,32,16,0.5,4.0,16,2048,1024,4096,2560,1158.179,1760.8,1728.835,0.947
mixed,32,16,0.5,4.0,16,2048,2048,8192,5120,2167.011,3388.743,3328.358,0.9506
mixed,32,16,0.5,4.0,16,2048,4096,16384,10240,4190.571,6607.691,6511.918,0.9604
mixed,32,16,0.5,4.0,16,4096,128,512,320,299.038,375.328,365.249,0.8679
mixed,32,16,0.5,4.0,16,4096,256,1024,640,424.704,579.873,573.249,0.9573
mixed,32,16,0.5,4.0,16,4096,512,2048,1280,682.21,986.02,964.643,0.9296
mixed,32,16,0.5,4.0,16,4096,1024,4096,2560,1190.981,1793.028,1759.748,0.9447
mixed,32,16,0.5,4.0,16,4096,2048,8192,5120,2199.907,3416.294,3369.317,0.9614
mixed,32,16,0.5,4.0,16,4096,4096,16384,10240,4224.81,6645.067,6553.612,0.9622
mixed,32,16,0.5,4.0,16,8192,128,512,320,350.944,429.407,418.688,0.8634
mixed,32,16,0.5,4.0,16,8192,256,1024,640,479.811,634.945,618.656,0.895
mixed,32,16,0.5,4.0,16,8192,512,2048,1280,734.239,1040.097,1021.31,0.9386
mixed,32,16,0.5,4.0,16,8192,1024,4096,2560,1243.042,1847.074,1817.122,0.9504
mixed,32,16,0.5,4.0,16,8192,2048,8192,5120,2248.547,3465.797,3412.998,0.9566
mixed,32,16,0.5,4.0,16,8192,4096,16384,10240,4278.409,6704.878,6595.949,0.9551
mixed,32,16,0.5,4.0,32,0,128,512,320,243.328,323.903,316.609,0.9095
mixed,32,16,0.5,4.0,32,0,256,1024,640,375.936,528.195,518.368,0.9355
mixed,32,16,0.5,4.0,32,0,512,2048,1280,635.747,932.48,915.136,0.9416
mixed,32,16,0.5,4.0,32,0,1024,4096,2560,1138.689,1743.812,1708.932,0.9424
mixed,32,16,0.5,4.0,32,0,2048,8192,5120,2145.507,3366.916,3306.116,0.9502
mixed,32,16,0.5,4.0,32,0,4096,16384,10240,4169.576,6608.491,6478.219,0.9466
mixed,32,16,0.5,4.0,32,512,128,512,320,285.665,368.032,356.736,0.8629
mixed,32,16,0.5,4.0,32,512,256,1024,640,417.408,569.727,561.954,0.949
mixed,32,16,0.5,4.0,32,512,512,2048,1280,673.6,977.185,957.953,0.9367
mixed,32,16,0.5,4.0,32,512,1024,4096,2560,1179.745,1788.611,1752.29,0.9403
mixed,32,16,0.5,4.0,32,512,2048,8192,5120,2191.397,3403.718,3361.029,0.9648
mixed,32,16,0.5,4.0,32,512,4096,16384,10240,4219.174,6647.754,6534.154,0.9532
mixed,32,16,0.5,4.0,32,1024,128,512,320,295.84,375.68,364.194,0.8561
mixed,32,16,0.5,4.0,32,1024,256,1024,640,425.601,579.808,567.455,0.9199
mixed,32,16,0.5,4.0,32,1024,512,2048,1280,681.344,981.987,962.177,0.9341
mixed,32,16,0.5,4.0,32,1024,1024,4096,2560,1187.617,1789.571,1763.971,0.9575
mixed,32,16,0.5,4.0,32,1024,2048,8192,5120,2194.274,3414.053,3353.702,0.9505
mixed,32,16,0.5,4.0,32,1024,4096,16384,10240,4216.678,6640.138,6546.762,0.9615
mixed,32,16,0.5,4.0,32,2048,128,512,320,311.36,389.249,379.647,0.8767
mixed,32,16,0.5,4.0,32,2048,256,1024,640,438.786,594.016,579.457,0.9062
mixed,32,16,0.5,4.0,32,2048,512,2048,1280,694.081,996.771,983.521,0.9562
mixed,32,16,0.5,4.0,32,2048,1024,4096,2560,1204.995,1805.408,1776.867,0.9525
mixed,32,16,0.5,4.0,32,2048,2048,8192,5120,2208.036,3428.773,3375.462,0.9563
mixed,32,16,0.5,4.0,32,2048,4096,16384,10240,4238.696,6649.738,6550.025,0.9586
mixed,32,16,0.5,4.0,32,4096,128,512,320,400.927,480.321,471.073,0.8835
mixed,32,16,0.5,4.0,32,4096,256,1024,640,526.913,682.495,667.457,0.9033
mixed,32,16,0.5,4.0,32,4096,512,2048,1280,783.839,1089.473,1069.57,0.9349
mixed,32,16,0.5,4.0,32,4096,1024,4096,2560,1288.515,1898.498,1870.084,0.9534
mixed,32,16,0.5,4.0,32,4096,2048,8192,5120,2304.387,3511.012,3464.965,0.9618
mixed,32,16,0.5,4.0,32,4096,4096,16384,10240,4325.477,6743.179,6642.921,0.9585
mixed,32,16,0.5,4.0,32,8192,128,512,320,509.727,587.936,577.729,0.8695
mixed,32,16,0.5,4.0,32,8192,256,1024,640,635.233,792.161,780.866,0.928
mixed,32,16,0.5,4.0,32,8192,512,2048,1280,891.331,1192.833,1177.282,0.9484
mixed,32,16,0.5,4.0,32,8192,1024,4096,2560,1398.787,2011.393,1976.772,0.9435
mixed,32,16,0.5,4.0,32,8192,2048,8192,5120,2407.586,3626.247,3559.813,0.9455
mixed,32,16,0.5,4.0,32,8192,4096,16384,10240,4417.411,6852.619,6754.761,0.9598
mixed,32,16,0.5,4.0,64,0,128,512,320,250.881,331.456,321.888,0.8813
mixed,32,16,0.5,4.0,64,0,256,1024,640,382.272,535.04,521.441,0.911
mixed,32,16,0.5,4.0,64,0,512,2048,1280,637.345,938.529,922.402,0.9465
mixed,32,16,0.5,4.0,64,0,1024,4096,2560,1143.008,1750.914,1719.584,0.9485
mixed,32,16,0.5,4.0,64,0,2048,8192,5120,2161.731,3360.739,3301.318,0.9504
mixed,32,16,0.5,4.0,64,0,4096,16384,10240,4167.587,6602.089,6479.307,0.9496
mixed,32,16,0.5,4.0,64,512,128,512,320,308.832,385.759,378.786,0.9094
mixed,32,16,0.5,4.0,64,512,256,1024,640,436.191,591.137,580.962,0.9343
mixed,32,16,0.5,4.0,64,512,512,2048,1280,692.96,993.665,975.712,0.9403
mixed,32,16,0.5,4.0,64,512,1024,4096,2560,1198.946,1808.579,1766.05,0.9302
mixed,32,16,0.5,4.0,64,512,2048,8192,5120,2201.922,3424.964,3364.803,0.9508
mixed,32,16,0.5,4.0,64,512,4096,16384,10240,4229.349,6660.072,6543.974,0.9522
mixed,32,16,0.5,4.0,64,1024,128,512,320,366.53,448.545,437.757,0.8685
mixed,32,16,0.5,4.0,64,1024,256,1024,640,496.8,648.031,636.735,0.9253
mixed,32,16,0.5,4.0,64,1024,512,2048,1280,753.952,1055.679,1037.316,0.9391
mixed,32,16,0.5,4.0,64,1024,1024,4096,2560,1255.553,1862.787,1833.155,0.9512
mixed,32,16,0.5,4.0,64,1024,2048,8192,5120,2269.506,3477.223,3428.389,0.9596
mixed,32,16,0.5,4.0,64,1024,4096,16384,10240,4293.029,6708.681,6614.665,0.9611
mixed,32,16,0.5,4.0,64,2048,128,512,320,404.577,487.619,480.353,0.9125
mixed,32,16,0.5,4.0,64,2048,256,1024,640,536.289,687.456,672.446,0.9007
mixed,32,16,0.5,4.0,64,2048,512,2048,1280,787.712,1088.896,1075.776,0.9564
mixed,32,16,0.5,4.0,64,2048,1024,4096,2560,1294.656,1901.183,1875.681,0.958
mixed,32,16,0.5,4.0,64,2048,2048,8192,5120,2302.468,3519.461,3453.222,0.9456
mixed,32,16,0.5,4.0,64,2048,4096,16384,10240,4324.422,6753.289,6632.806,0.9504
mixed,32,16,0.5,4.0,64,4096,128,512,320,508.514,590.56,579.361,0.8635
mixed,32,16,0.5,4.0,64,4096,256,1024,640,637.793,789.026,775.17,0.9084
mixed,32,16,0.5,4.0,64,4096,512,2048,1280,891.169,1195.393,1171.169,0.9204
mixed,32,16,0.5,4.0,64,4096,1024,4096,2560,1402.082,2002.276,1970.05,0.9463
mixed,32,16,0.5,4.0,64,4096,2048,8192,5120,2411.106,3631.139,3571.3,0.951
mixed,32,16,0.5,4.0,64,4096,4096,16384,10240,4427.716,6860.619,6741.834,0.9512
mixed,32,16,0.5,4.0,64,8192,128,512,320,711.745,792.799,782.945,0.8784
mixed,32,16,0.5,4.0,64,8192,256,1024,640,840.095,992.0,982.528,0.9376
mixed,32,16,0.5,4.0,64,8192,512,2048,1280,1094.243,1395.615,1376.96,0.9381
mixed,32,16,0.5,4.0,64,8192,1024,4096,2560,1601.122,2208.354,2181.216,0.9553
mixed,32,16,0.5,4.0,64,8192,2048,8192,5120,2606.562,3823.748,3761.892,0.9492
mixed,32,16,0.5,4.0,64,8192,4096,16384,10240,4635.975,7058.599,6946.345,0.9537
mixed,32,16,0.5,4.0,128,0,128,512,320,276.098,355.52,343.711,0.8513
mixed,32,16,0.5,4.0,128,0,256,1024,640,404.321,557.024,545.216,0.9227
mixed,32,16,0.5,4.0,128,0,512,2048,1280,659.553,964.096,949.344,0.9516
mixed,32,16,0.5,4.0,128,0,1024,4096,2560,1169.73,1772.642,1736.48,0.94
mixed,32,16,0.5,4.0,128,0,2048,8192,5120,2175.841,3390.147,3345.604,0.9633
mixed,32,16,0.5,4.0,128,0,4096,16384,10240,4199.971,6621.285,6520.233,0.9583
mixed,32,16,0.5,4.0,128,512,128,512,320,408.16,487.136,476.514,0.8655
mixed,32,16,0.5,4.0,128,512,256,1024,640,536.481,689.824,676.835,0.9153
mixed,32,16,0.5,4.0,128,512,512,2048,1280,791.583,1096.673,1075.457,0.9305
mixed,32,16,0.5,4.0,128,512,1024,4096,2560,1298.626,1902.529,1881.666,0.9655
mixed,32,16,0.5,4.0,128,512,2048,8192,5120,2309.347,3529.123,3465.22,0.9476
mixed,32,16,0.5,4.0,128,512,4096,16384,10240,4332.325,6760.392,6652.934,0.9557
mixed,32,16,0.5,4.0,128,1024,128,512,320,474.591,553.024,544.481,0.8911
mixed,32,16,0.5,4.0,128,1024,256,1024,640,605.696,756.385,744.513,0.9212
mixed,32,16,0.5,4.0,128,1024,512,2048,1280,856.898,1162.56,1138.944,0.9227
mixed,32,16,0.5,4.0,128,1024,1024,4096,2560,1364.032,1971.17,1941.123,0.9505
mixed,32,16,0.5,4.0,128,1024,2048,8192,5120,2372.739,3597.473,3533.796,0.948
mixed,32,16,0.5,4.0,128,1024,4096,16384,10240,4403.429,6820.903,6715.143,0.9563
mixed,32,16,0.5,4.0,128,2048,128,512,320,572.864,651.648,641.857,0.8757
mixed,32,16,0.5,4.0,128,2048,256,1024,640,701.89,853.472,841.92,0.9238
mixed,32,16,0.5,4.0,128,2048,512,2048,1280,952.129,1254.465,1235.492,0.9372
mixed,32,16,0.5,4.0,128,2048,1024,4096,2560,1462.85,2072.032,2034.466,0.9383
mixed,32,16,0.5,4.0,128,2048,2048,8192,5120,2472.96,3683.588,3613.219,0.9419
mixed,32,16,0.5,4.0,128,2048,4096,16384,10240,4486.404,6922.758,6797.991,0.9488
mixed,32,16,0.5,4.0,128,4096,128,512,320,770.754,852.641,843.235,0.8851
mixed,32,16,0.5,4.0,128,4096,256,1024,640,898.304,1050.208,1038.915,0.9257
mixed,32,16,0.5,4.0,128,4096,512,2048,1280,1153.313,1458.178,1436.675,0.9295
mixed,32,16,0.5,4.0,128,4096,1024,4096,2560,1662.082,2267.137,2233.599,0.9446
mixed,32,16,0.5,4.0,128,4096,2048,8192,5120,2667.714,3887.109,3824.29,0.9485
mixed,32,16,0.5,4.0,128,4096,4096,16384,10240,4702.244,7128.07,7023.37,0.9568
mixed,32,16,0.5,4.0,128,8192,128,512,320,1164.929,1246.753,1237.664,0.8889
mixed,32,16,0.5,4.0,128,8192,256,1024,640,1293.727,1447.97,1435.136,0.9168
mixed,32,16,0.5,4.0,128,8192,512,2048,1280,1544.417,1854.179,1832.481,0.93
mixed,32,16,0.5,4.0,128,8192,1024,4096,2560,2052.451,2660.26,2625.57,0.9429
mixed,32,16,0.5,4.0,128,8192,2048,8192,5120,3065.856,4280.388,4228.192,0.957
mixed,32,16,0.5,4.0,128,8192,4096,16384,10240,5096.579,7508.678,7409.925,0.9591
mixed,32,16,0.5,4.0,256,0,128,512,320,396.513,479.006,465.792,0.8398
mixed,32,16,0.5,4.0,256,0,256,1024,640,527.232,679.552,665.374,0.9069
mixed,32,16,0.5,4.0,256,0,512,2048,1280,780.13,1086.112,1067.458,0.939
mixed,32,16,0.5,4.0,256,0,1024,4096,2560,1289.729,1890.402,1864.035,0.9561
mixed,32,16,0.5,4.0,256,0,2048,8192,5120,2300.705,3510.756,3449.092,0.949
mixed,32,16,0.5,4.0,256,0,4096,16384,10240,4318.752,6748.326,6645.798,0.9578
mixed,32,16,0.5,4.0,256,512,128,512,320,526.335,603.296,594.911,0.891
mixed,32,16,0.5,4.0,256,512,256,1024,640,653.92,805.376,794.369,0.9273
mixed,32,16,0.5,4.0,256,512,512,2048,1280,908.93,1212.129,1188.673,0.9226
mixed,32,16,0.5,4.0,256,512,1024,4096,2560,1417.376,2021.795,1985.569,0.9401
mixed,32,16,0.5,4.0,256,512,2048,8192,5120,2417.025,3634.819,3588.257,0.9618
mixed,32,16,0.5,4.0,256,512,4096,16384,10240,4449.764,6871.875,6766.082,0.9563
mixed,32,16,0.5,4.0,256,1024,128,512,320,621.023,701.665,694.625,0.9127
mixed,32,16,0.5,4.0,256,1024,256,1024,640,750.624,902.882,890.243,0.917
mixed,32,16,0.5,4.0,256,1024,512,2048,1280,1004.225,1308.641,1292.255,0.9462
mixed,32,16,0.5,4.0,256,1024,1024,4096,2560,1512.799,2113.506,2085.759,0.9538
mixed,32,16,0.5,4.0,256,1024,2048,8192,5120,2521.793,3731.459,3683.555,0.9604
mixed,32,16,0.5,4.0,256,1024,4096,16384,10240,4537.636,6981.796,6872.774,0.9554
mixed,32,16,0.5,4.0,256,2048,128,512,320,816.799,894.944,887.647,0.9066
mixed,32,16,0.5,4.0,256,2048,256,1024,640,943.648,1098.079,1089.92,0.9472
mixed,32,16,0.5,4.0,256,2048,512,2048,1280,1199.615,1502.561,1482.275,0.933
mixed,32,16,0.5,4.0,256,2048,1024,4096,2560,1710.88,2312.674,2278.367,0.943
mixed,32,16,0.5,4.0,256,2048,2048,8192,5120,2718.403,3934.853,3861.761,0.9399
mixed,32,16,0.5,4.0,256,2048,4096,16384,10240,4741.541,7151.718,7063.397,0.9634
mixed,32,16,0.5,4.0,256,4096,128,512,320,1216.609,1294.431,1286.753,0.9013
mixed,32,16,0.5,4.0,256,4096,256,1024,640,1346.303,1493.539,1483.968,0.935
mixed,32,16,0.5,4.0,256,4096,512,2048,1280,1595.458,1898.88,1881.058,0.9413
mixed,32,16,0.5,4.0,256,4096,1024,4096,2560,2101.568,2711.362,2683.525,0.9544
mixed,32,16,0.5,4.0,256,4096,2048,8192,5120,3113.412,4332.548,4275.427,0.9531
mixed,32,16,0.5,4.0,256,4096,4096,16384,10240,5145.603,7555.62,7457.38,0.9592
mixed,32,16,0.5,4.0,256,8192,128,512,320,2005.635,2087.009,2074.625,0.8478
mixed,32,16,0.5,4.0,256,8192,256,1024,640,2132.929,2279.265,2271.745,0.9486
mixed,32,16,0.5,4.0,256,8192,512,2048,1280,2383.266,2690.081,2664.482,0.9166
mixed,32,16,0.5,4.0,256,8192,1024,4096,2560,2891.168,3497.984,3470.527,0.9548
mixed,32,16,0.5,4.0,256,8192,2048,8192,5120,3907.2,5112.933,5059.137,0.9554
mixed,32,16,0.5,4.0,256,8192,4096,16384,10240,5928.967,8347.141,8254.149,0.9615
mixed,32,16,0.5,4.0,512,0,128,512,320,660.003,741.152,732.0,0.8872
mixed,32,16,0.5,4.0,512,0,256,1024,640,786.593,939.84,926.687,0.9142
mixed,32,16,0.5,4.0,512,0,512,2048,1280,1042.272,1343.584,1320.29,0.9227
mixed,32,16,0.5,4.0,512,0,1024,4096,2560,1549.154,2153.379,2122.018,0.9481
mixed,32,16,0.5,4.0,512,0,2048,8192,5120,2562.915,3779.267,3716.418,0.9483
mixed,32,16,0.5,4.0,512,0,4096,16384,10240,4582.435,7008.519,6888.933,0.9507
mixed,32,16,0.5,4.0,512,512,128,512,320,878.883,956.736,950.817,0.924
mixed,32,16,0.5,4.0,512,512,256,1024,640,1009.788,1155.52,1146.975,0.9414
mixed,32,16,0.5,4.0,512,512,512,2048,1280,1259.137,1562.783,1544.995,0.9414
mixed,32,16,0.5,4.0,512,512,1024,4096,2560,1767.872,2372.514,2339.363,0.9452
mixed,32,16,0.5,4.0,512,512,2048,8192,5120,2779.585,3990.944,3938.051,0.9563
mixed,32,16,0.5,4.0,512,512,4096,16384,10240,4811.586,7229.125,7119.553,0.9547
mixed,32,16,0.5,4.0,512,1024,128,512,320,1076.096,1152.158,1147.04,0.9327
mixed,32,16,0.5,4.0,512,1024,256,1024,640,1203.682,1350.656,1347.456,0.9782
mixed,32,16,0.5,4.0,512,1024,512,2048,1280,1457.504,1758.433,1743.87,0.9516
mixed,32,16,0.5,4.0,512,1024,1024,4096,2560,1962.21,2573.664,2540.225,0.9453
mixed,32,16,0.5,4.0,512,1024,2048,8192,5120,2974.72,4195.461,4147.138,0.9604
mixed,32,16,0.5,4.0,512,1024,4096,16384,10240,5000.196,7439.748,7326.18,0.9534
mixed,32,16,0.5,4.0,512,2048,128,512,320,1470.144,1545.759,1538.369,0.9023
mixed,32,16,0.5,4.0,512,2048,256,1024,640,1594.881,1750.819,1735.936,0.9046
mixed,32,16,0.5,4.0,512,2048,512,2048,1280,1847.263,2158.307,2131.968,0.9153
mixed,32,16,0.5,4.0,512,2048,1024,4096,2560,2362.722,2966.944,2927.807,0.9352
mixed,32,16,0.5,4.0,512,2048,2048,8192,5120,3370.241,4584.514,4528.387,0.9538
mixed,32,16,0.5,4.0,512,2048,4096,16384,10240,5393.185,7833.828,7722.916,0.9546
mixed,32,16,0.5,4.0,512,4096,128,512,320,2261.439,2336.16,2330.273,0.9212
mixed,32,16,0.5,4.0,512,4096,256,1024,640,2382.146,2540.321,2528.513,0.9253
mixed,32,16,0.5,4.0,512,4096,512,2048,1280,2642.241,2944.256,2924.288,0.9339
mixed,32,16,0.5,4.0,512,4096,1024,4096,2560,3147.937,3752.131,3723.813,0.9531
mixed,32,16,0.5,4.0,512,4096,2048,8192,5120,4157.825,5370.371,5314.114,0.9536
mixed,32,16,0.5,4.0,512,4096,4096,16384,10240,6181.28,8605.412,8481.382,0.9488
mixed,32,16,0.5,4.0,512,8192,128,512,320,3833.026,3921.507,3899.267,0.7486
mixed,32,16,0.5,4.0,512,8192,256,1024,640,3960.415,4115.456,4104.129,0.9269
mixed,32,16,0.5,4.0,512,8192,512,2048,1280,4220.801,4511.551,4500.959,0.9636
mixed,32,16,0.5,4.0,512,8192,1024,4096,2560,4721.568,5326.626,5298.628,0.9537
mixed,32,16,0.5,4.0,512,8192,2048,8192,5120,5740.61,6954.79,6889.696,0.9464
mixed,32,16,0.5,4.0,512,8192,4096,16384,10240,7772.291,10185.281,10068.739,0.9517
mixed,32,16,0.5,4.0,1024,0,128,512,320,993.761,1074.242,1063.809,0.8704
mixed,32,16,0.5,4.0,1024,0,256,1024,640,1123.969,1278.112,1263.583,0.9057
mixed,32,16,0.5,4.0,1024,0,512,2048,1280,1381.727,1680.224,1662.752,0.9415
mixed,32,16,0.5,4.0,1024,0,1024,4096,2560,1886.336,2495.714,2461.25,0.9434
mixed,32,16,0.5,4.0,1024,0,2048,8192,5120,2896.739,4116.355,4050.147,0.9457
mixed,32,16,0.5,4.0,1024,0,4096,16384,10240,4917.602,7346.818,7236.709,0.9547
mixed,32,16,0.5,4.0,1024,512,128,512,320,1465.536,1546.145,1535.522,0.8682
mixed,32,16,0.5,4.0,1024,512,256,1024,640,1596.864,1747.52,1735.744,0.9218
mixed,32,16,0.5,4.0,1024,512,512,2048,1280,1851.168,2145.375,2129.057,0.9445
mixed,32,16,0.5,4.0,1024,512,1024,4096,2560,2356.513,2957.92,2924.543,0.9445
mixed,32,16,0.5,4.0,1024,512,2048,8192,5120,3367.97,4572.385,4525.892,0.9614
mixed,32,16,0.5,4.0,1024,512,4096,16384,10240,5381.952,7818.181,7718.37,0.959
mixed,32,16,0.5,4.0,1024,1024,128,512,320,1855.553,1936.416,1925.952,0.8706
mixed,32,16,0.5,4.0,1024,1024,256,1024,640,1986.88,2138.784,2123.359,0.8985
mixed,32,16,0.5,4.0,1024,1024,512,2048,1280,2240.29,2542.848,2526.209,0.945
mixed,32,16,0.5,4.0,1024,1024,1024,4096,2560,2746.816,3349.569,3321.249,0.953
mixed,32,16,0.5,4.0,1024,1024,2048,8192,5120,3761.793,4967.552,4922.851,0.9629
mixed,32,16,0.5,4.0,1024,1024,4096,16384,10240,5781.152,8208.644,8100.994,0.9557
mixed,32,16,0.5,4.0,1024,2048,128,512,320,2637.86,2715.364,2708.352,0.9095
mixed,32,16,0.5,4.0,1024,2048,256,1024,640,2766.274,2922.272,2908.832,0.9138
mixed,32,16,0.5,4.0,1024,2048,512,2048,1280,3023.68,3327.454,3309.342,0.9404
mixed,32,16,0.5,4.0,1024,2048,1024,4096,2560,3527.076,4128.641,4098.847,0.9505
mixed,32,16,0.5,4.0,1024,2048,2048,8192,5120,4538.945,5754.174,5698.336,0.9541
mixed,32,16,0.5,4.0,1024,2048,4096,16384,10240,6564.259,8990.596,8888.292,0.9578
mixed,32,16,0.5,4.0,1024,4096,128,512,320,4244.991,4333.823,4319.647,0.8404
mixed,32,16,0.5,4.0,1024,4096,256,1024,640,4381.058,4511.358,4513.504,1.0165
mixed,32,16,0.5,4.0,1024,4096,512,2048,1280,4631.937,4923.905,4896.611,0.9065
mixed,32,16,0.5,4.0,1024,4096,1024,4096,2560,5132.735,5737.888,5700.16,0.9377
mixed,32,16,0.5,4.0,1024,4096,2048,8192,5120,6142.304,7348.643,7303.838,0.9629
mixed,32,16,0.5,4.0,1024,4096,4096,16384,10240,8168.868,10597.188,10498.145,0.9592
mixed,32,16,0.5,4.0,1024,8192,128,512,320,7378.108,7479.168,7470.044,0.9097
mixed,32,16,0.5,4.0,1024,8192,256,1024,640,7520.479,7688.288,7688.192,0.9994
mixed,32,16,0.5,4.0,1024,8192,512,2048,1280,7786.338,8088.897,8072.223,0.9449
mixed,32,16,0.5,4.0,1024,8192,1024,4096,2560,8294.272,8898.59,8862.849,0.9409
mixed,32,16,0.5,4.0,1024,8192,2048,8192,5120,9293.122,10519.524,10443.967,0.9384
mixed,32,16,0.5,4.0,1024,8192,4096,16384,10240,11335.459,13763.458,13643.556,0.9506
mixed,32,16,0.5,4.0,2048,0,128,512,320,2472.608,2552.449,2544.926,0.9058
mixed,32,16,0.5,4.0,2048,0,256,1024,640,2597.952,2749.698,2739.648,0.9338
mixed,32,16,0.5,4.0,2048,0,512,2048,1280,2856.77,3154.59,3145.153,0.9683
mixed,32,16,0.5,4.0,2048,0,1024,4096,2560,3368.707,3975.682,3941.793,0.9442
mixed,32,16,0.5,4.0,2048,0,2048,8192,5120,4369.984,5587.68,5528.64,0.9515
mixed,32,16,0.5,4.0,2048,0,4096,16384,10240,6402.914,8837.153,8726.304,0.9545
mixed,32,16,0.5,4.0,2048,512,128,512,320,3322.24,3401.054,3382.529,0.765
mixed,32,16,0.5,4.0,2048,512,256,1024,640,3447.103,3601.406,3586.176,0.9013
mixed,32,16,0.5,4.0,2048,512,512,2048,1280,3699.071,4008.193,4002.688,0.9822
mixed,32,16,0.5,4.0,2048,512,1024,4096,2560,4216.192,4816.832,4778.24,0.9357
mixed,32,16,0.5,4.0,2048,512,2048,8192,5120,5218.817,6433.604,6371.172,0.9486
mixed,32,16,0.5,4.0,2048,512,4096,16384,10240,7236.96,9675.042,9555.841,0.9511
mixed,32,16,0.5,4.0,2048,1024,128,512,320,4163.424,4243.391,4226.88,0.7935
mixed,32,16,0.5,4.0,2048,1024,256,1024,640,4285.566,4439.327,4423.552,0.8974
mixed,32,16,0.5,4.0,2048,1024,512,2048,1280,4545.281,4846.658,4826.463,0.933
mixed,32,16,0.5,4.0,2048,1024,1024,4096,2560,5057.948,5654.048,5635.36,0.9686
mixed,32,16,0.5,4.0,2048,1024,2048,8192,5120,6055.648,7276.129,7215.647,0.9504
mixed,32,16,0.5,4.0,2048,1024,4096,16384,10240,8085.47,10512.163,10406.853,0.9566
mixed,32,16,0.5,4.0,2048,2048,128,512,320,5829.757,5915.452,5879.168,0.5766
mixed,32,16,0.5,4.0,2048,2048,256,1024,640,5923.037,6094.653,6089.824,0.9719
mixed,32,16,0.5,4.0,2048,2048,512,2048,1280,6200.097,6506.496,6471.138,0.8846
mixed,32,16,0.5,4.0,2048,2048,1024,4096,2560,6704.802,7313.759,7296.834,0.9722
mixed,32,16,0.5,4.0,2048,2048,2048,8192,5120,7719.293,8921.891,8871.454,0.9581
mixed,32,16,0.5,4.0,2048,2048,4096,16384,10240,9739.365,12150.242,12062.014,0.9634
mixed,32,16,0.5,4.0,2048,4096,128,512,320,9033.218,9112.605,9085.858,0.6631
mixed,32,16,0.5,4.0,2048,4096,256,1024,640,9163.266,9316.864,9290.528,0.8285
mixed,32,16,0.5,4.0,2048,4096,512,2048,1280,9424.444,9698.403,9683.037,0.9439
mixed,32,16,0.5,4.0,2048,4096,1024,4096,2560,9918.497,10476.861,10482.943,1.0109
mixed,32,16,0.5,4.0,2048,4096,2048,8192,5120,10927.612,12144.063,12098.94,0.9629
mixed,32,16,0.5,4.0,2048,4096,4096,16384,10240,12942.331,15365.89,15252.383,0.9532
mixed,32,16,0.5,4.0,2048,8192,128,512,320,15268.928,15376.454,15370.433,0.944
mixed,32,16,0.5,4.0,2048,8192,256,1024,640,15465.826,15596.832,15555.875,0.6874
mixed,32,16,0.5,4.0,2048,8192,512,2048,1280,15662.504,15974.024,15999.999,1.0834
mixed,32,16,0.5,4.0,2048,8192,1024,4096,2560,16219.326,16801.602,16774.72,0.9538
mixed,32,16,0.5,4.0,2048,8192,2048,8192,5120,17200.9,18415.141,18346.624,0.9436
mixed,32,16,0.5,4.0,2048,8192,4096,16384,10240,19217.377,21670.88,21528.194,0.9418
pure,32,24,0.75,4.0,0,0,128,512,416,223.008,261.537,256.543,0.8704
pure,32,24,0.75,4.0,0,0,256,1024,832,391.744,468.096,461.375,0.912
pure,32,24,0.75,4.0,0,0,512,2048,1664,721.28,873.217,864.417,0.9421
pure,32,24,0.75,4.0,0,0,1024,4096,3328,1382.207,1685.919,1669.727,0.9467
pure,32,24,0.75,4.0,0,0,2048,8192,6656,2696.225,3299.649,3274.369,0.9581
pure,32,24,0.75,4.0,0,0,4096,16384,13312,5332.064,6548.927,6489.471,0.9511
mixed,32,24,0.75,4.0,16,0,128,512,416,244.512,283.584,281.184,0.9386
mixed,32,24,0.75,4.0,16,0,256,1024,832,413.824,491.552,483.681,0.8987
mixed,32,24,0.75,4.0,16,0,512,2048,1664,746.397,893.855,883.133,0.9273
mixed,32,24,0.75,4.0,16,0,1024,4096,3328,1403.872,1700.352,1687.328,0.9561
mixed,32,24,0.75,4.0,16,0,2048,8192,6656,2716.288,3321.025,3289.09,0.9472
mixed,32,24,0.75,4.0,16,0,4096,16384,13312,5339.07,6555.52,6494.818,0.9501
mixed,32,24,0.75,4.0,16,512,128,512,416,285.153,327.199,322.72,0.8935
mixed,32,24,0.75,4.0,16,512,256,1024,832,456.384,534.881,526.466,0.8928
mixed,32,24,0.75,4.0,16,512,512,2048,1664,790.976,937.599,931.01,0.9551
mixed,32,24,0.75,4.0,16,512,1024,4096,3328,1445.824,1743.198,1732.032,0.9625
mixed,32,24,0.75,4.0,16,512,2048,8192,6656,2763.232,3361.632,3334.944,0.9554
mixed,32,24,0.75,4.0,16,512,4096,16384,13312,5392.287,6600.065,6547.488,0.9565
mixed,32,24,0.75,4.0,16,1024,128,512,416,292.641,332.993,326.752,0.8453
mixed,32,24,0.75,4.0,16,1024,256,1024,832,461.696,535.746,533.915,0.9753
mixed,32,24,0.75,4.0,16,1024,512,2048,1664,794.561,942.496,932.0,0.929
mixed,32,24,0.75,4.0,16,1024,1024,4096,3328,1447.967,1756.126,1740.51,0.9493
mixed,32,24,0.75,4.0,16,1024,2048,8192,6656,2764.896,3374.75,3349.76,0.959
mixed,32,24,0.75,4.0,16,1024,4096,16384,13312,5387.263,6604.189,6559.808,0.9635
mixed,32,24,0.75,4.0,16,2048,128,512,416,300.288,339.969,335.649,0.8911
mixed,32,24,0.75,4.0,16,2048,256,1024,832,470.017,545.121,538.016,0.9054
mixed,32,24,0.75,4.0,16,2048,512,2048,1664,796.608,950.432,939.488,0.9289
mixed,32,24,0.75,4.0,16,2048,1024,4096,3328,1461.344,1756.223,1743.678,0.9575
mixed,32,24,0.75,4.0,16,2048,2048,8192,6656,2770.784,3386.432,3344.063,0.9312
mixed,32,24,0.75,4.0,16,2048,4096,16384,13312,5407.232,6617.692,6554.464,0.9478
mixed,32,24,0.75,4.0,16,4096,128,512,416,336.065,373.921,369.44,0.8816
mixed,32,24,0.75,4.0,16,4096,256,1024,832,503.776,582.338,578.303,0.9486
mixed,32,24,0.75,4.0,16,4096,512,2048,1664,835.04,985.856,975.2,0.9293
mixed,32,24,0.75,4.0,16,4096,1024,4096,3328,1494.945,1802.143,1780.992,0.9311
mixed,32,24,0.75,4.0,16,4096,2048,8192,6656,2810.209,3408.066,3382.813,0.9578
mixed,32,24,0.75,4.0,16,4096,4096,16384,13312,5430.69,6650.946,6596.288,0.9552
mixed,32,24,0.75,4.0,16,8192,128,512,416,391.327,432.928,426.783,0.8523
mixed,32,24,0.75,4.0,16,8192,256,1024,832,559.872,635.359,629.407,0.9212
mixed,32,24,0.75,4.0,16,8192,512,2048,1664,892.224,1039.807,1024.384,0.8955
mixed,32,24,0.75,4.0,16,8192,1024,4096,3328,1548.831,1846.528,1838.752,0.9739
mixed,32,24,0.75,4.0,16,8192,2048,8192,6656,2866.209,3469.409,3441.182,0.9532
mixed,32,24,0.75,4.0,16,8192,4096,16384,13312,5495.171,6696.129,6662.882,0.9723
mixed,32,24,0.75,4.0,32,0,128,512,416,283.999,323.392,320.256,0.9204
mixed,32,24,0.75,4.0,32,0,256,1024,832,449.664,530.4,520.958,0.8831
mixed,32,24,0.75,4.0,32,0,512,2048,1664,782.976,933.76,920.767,0.9138
mixed,32,24,0.75,4.0,32,0,1024,4096,3328,1440.768,1740.86,1724.416,0.9452
mixed,32,24,0.75,4.0,32,0,2048,8192,6656,2752.704,3367.456,3331.678,0.9418
mixed,32,24,0.75,4.0,32,0,4096,16384,13312,5389.631,6596.643,6548.128,0.9598
mixed,32,24,0.75,4.0,32,512,128,512,416,326.305,368.991,361.762,0.8306
mixed,32,24,0.75,4.0,32,512,256,1024,832,494.336,567.936,563.808,0.9439
mixed,32,24,0.75,4.0,32,512,512,2048,1664,823.488,975.04,966.654,0.9447
mixed,32,24,0.75,4.0,32,512,1024,4096,3328,1483.969,1784.608,1771.168,0.9553
mixed,32,24,0.75,4.0,32,512,2048,8192,6656,2796.896,3395.776,3369.728,0.9565
mixed,32,24,0.75,4.0,32,512,4096,16384,13312,5425.025,6640.96,6580.865,0.9506
mixed,32,24,0.75,4.0,32,1024,128,512,416,337.056,377.439,370.178,0.8202
mixed,32,24,0.75,4.0,32,1024,256,1024,832,501.922,576.992,569.024,0.8939
mixed,32,24,0.75,4.0,32,1024,512,2048,1664,831.587,982.56,975.841,0.9555
mixed,32,24,0.75,4.0,32,1024,1024,4096,3328,1496.896,1786.624,1777.885,0.9698
mixed,32,24,0.75,4.0,32,1024,2048,8192,6656,2808.096,3422.721,3379.296,0.9293
mixed,32,24,0.75,4.0,32,1024,4096,16384,13312,5439.33,6651.841,6594.944,0.9531
mixed,32,24,0.75,4.0,32,2048,128,512,416,351.199,389.695,384.736,0.8712
mixed,32,24,0.75,4.0,32,2048,256,1024,832,517.247,592.065,588.191,0.9482
mixed,32,24,0.75,4.0,32,2048,512,2048,1664,846.787,996.127,987.104,0.9396
mixed,32,24,0.75,4.0,32,2048,1024,4096,3328,1504.831,1811.392,1790.656,0.9324
mixed,32,24,0.75,4.0,32,2048,2048,8192,6656,2818.847,3423.583,3395.198,0.9531
mixed,32,24,0.75,4.0,32,2048,4096,16384,13312,5442.112,6663.522,6593.922,0.943
mixed,32,24,0.75,4.0,32,4096,128,512,416,438.208,478.146,472.192,0.8509
mixed,32,24,0.75,4.0,32,4096,256,1024,832,606.303,684.64,678.72,0.9244
mixed,32,24,0.75,4.0,32,4096,512,2048,1664,936.159,1088.157,1078.081,0.9337
mixed,32,24,0.75,4.0,32,4096,1024,4096,3328,1596.737,1899.169,1881.344,0.9411
mixed,32,24,0.75,4.0,32,4096,2048,8192,6656,2909.471,3518.848,3486.654,0.9472
mixed,32,24,0.75,4.0,32,4096,4096,16384,13312,5533.151,6761.373,6712.481,0.9602
mixed,32,24,0.75,4.0,32,8192,128,512,416,546.463,589.918,583.136,0.8439
mixed,32,24,0.75,4.0,32,8192,256,1024,832,713.28,789.504,784.737,0.9375
mixed,32,24,0.75,4.0,32,8192,512,2048,1664,1041.632,1193.6,1189.216,0.9712
mixed,32,24,0.75,4.0,32,8192,1024,4096,3328,1701.471,2010.78,1989.153,0.9301
mixed,32,24,0.75,4.0,32,8192,2048,8192,6656,3013.311,3628.862,3592.095,0.9403
mixed,32,24,0.75,4.0,32,8192,4096,16384,13312,5643.458,6848.513,6793.6,0.9544
mixed,32,24,0.75,4.0,64,0,128,512,416,290.913,333.953,328.159,0.8654
mixed,32,24,0.75,4.0,64,0,256,1024,832,457.344,533.506,531.392,0.9722
mixed,32,24,0.75,4.0,64,0,512,2048,1664,790.304,936.8,929.056,0.9471
mixed,32,24,0.75,4.0,64,0,1024,4096,3328,1442.783,1749.376,1735.841,0.9559
mixed,32,24,0.75,4.0,64,0,2048,8192,6656,2763.041,3367.136,3333.631,0.9445
mixed,32,24,0.75,4.0,64,0,4096,16384,13312,5386.528,6612.897,6543.999,0.9438
mixed,32,24,0.75,4.0,64,512,128,512,416,347.935,386.688,382.016,0.8794
mixed,32,24,0.75,4.0,64,512,256,1024,832,517.376,592.832,583.552,0.877
mixed,32,24,0.75,4.0,64,512,512,2048,1664,842.752,996.479,982.176,0.907
mixed,32,24,0.75,4.0,64,512,1024,4096,3328,1505.283,1808.254,1790.432,0.9412
mixed,32,24,0.75,4.0,64,512,2048,8192,6656,2816.447,3426.462,3390.816,0.9416
mixed,32,24,0.75,4.0,64,512,4096,16384,13312,5447.263,6653.981,6581.632,0.94
mixed,32,24,0.75,4.0,64,1024,128,512,416,406.208,445.183,439.68,0.8588
mixed,32,24,0.75,4.0,64,1024,256,1024,832,573.568,651.008,646.432,0.9409
mixed,32,24,0.75,4.0,64,1024,512,2048,1664,902.176,1057.603,1049.089,0.9452
mixed,32,24,0.75,4.0,64,1024,1024,4096,3328,1561.792,1867.04,1845.439,0.9292
mixed,32,24,0.75,4.0,64,1024,2048,8192,6656,2881.055,3477.31,3453.503,0.9601
mixed,32,24,0.75,4.0,64,1024,4096,16384,13312,5507.39,6730.755,6670.043,0.9504
mixed,32,24,0.75,4.0,64,2048,128,512,416,445.056,485.536,479.904,0.8609
mixed,32,24,0.75,4.0,64,2048,256,1024,832,613.023,687.008,684.064,0.9602
mixed,32,24,0.75,4.0,64,2048,512,2048,1664,940.128,1093.408,1079.262,0.9077
mixed,32,24,0.75,4.0,64,2048,1024,4096,3328,1597.6,1900.735,1882.782,0.9408
mixed,32,24,0.75,4.0,64,2048,2048,8192,6656,2920.896,3530.143,3483.264,0.9231
mixed,32,24,0.75,4.0,64,2048,4096,16384,13312,5553.598,6755.871,6703.133,0.9561
mixed,32,24,0.75,4.0,64,4096,128,512,416,549.471,589.792,582.047,0.8079
mixed,32,24,0.75,4.0,64,4096,256,1024,832,714.302,790.176,785.087,0.9329
mixed,32,24,0.75,4.0,64,4096,512,2048,1664,1044.642,1193.215,1185.185,0.946
mixed,32,24,0.75,4.0,64,4096,1024,4096,3328,1703.2,2004.063,1982.912,0.9297
mixed,32,24,0.75,4.0,64,4096,2048,8192,6656,3025.473,3625.95,3590.816,0.9415
mixed,32,24,0.75,4.0,64,4096,4096,16384,13312,5645.118,6868.129,6788.768,0.9351
mixed,32,24,0.75,4.0,64,8192,128,512,416,753.342,795.937,785.694,0.7595
mixed,32,24,0.75,4.0,64,8192,256,1024,832,917.407,994.399,983.746,0.8616
mixed,32,24,0.75,4.0,64,8192,512,2048,1664,1250.177,1398.399,1387.872,0.929
mixed,32,24,0.75,4.0,64,8192,1024,4096,3328,1910.334,2208.832,2192.862,0.9465
mixed,32,24,0.75,4.0,64,8192,2048,8192,6656,3225.312,3822.848,3796.031,0.9551
mixed,32,24,0.75,4.0,64,8192,4096,16384,13312,5842.207,7064.413,6990.72,0.9397
mixed,32,24,0.75,4.0,128,0,128,512,416,314.238,352.415,349.022,0.9111
mixed,32,24,0.75,4.0,128,0,256,1024,832,481.952,557.888,554.847,0.96
mixed,32,24,0.75,4.0,128,0,512,2048,1664,810.527,966.815,954.689,0.9224
mixed,32,24,0.75,4.0,128,0,1024,4096,3328,1472.927,1776.479,1758.592,0.9411
mixed,32,24,0.75,4.0,128,0,2048,8192,6656,2782.401,3383.648,3364.672,0.9684
mixed,32,24,0.75,4.0,128,0,4096,16384,13312,5423.742,6628.864,6568.862,0.9502
mixed,32,24,0.75,4.0,128,512,128,512,416,447.555,488.928,480.96,0.8074
mixed,32,24,0.75,4.0,128,512,256,1024,832,612.672,689.855,683.235,0.9142
mixed,32,24,0.75,4.0,128,512,512,2048,1664,943.871,1095.616,1085.116,0.9308
mixed,32,24,0.75,4.0,128,512,1024,4096,3328,1603.264,1910.176,1893.408,0.9454
mixed,32,24,0.75,4.0,128,512,2048,8192,6656,2925.757,3516.029,3484.544,0.9467
mixed,32,24,0.75,4.0,128,512,4096,16384,13312,5541.661,6759.645,6695.646,0.9475
mixed,32,24,0.75,4.0,128,1024,128,512,416,513.153,553.92,547.776,0.8493
mixed,32,24,0.75,4.0,128,1024,256,1024,832,683.904,758.687,752.129,0.9123
mixed,32,24,0.75,4.0,128,1024,512,2048,1664,1010.848,1160.642,1156.288,0.9709
mixed,32,24,0.75,4.0,128,1024,1024,4096,3328,1674.432,1974.079,1954.464,0.9345
mixed,32,24,0.75,4.0,128,1024,2048,8192,6656,2981.152,3590.174,3557.407,0.9462
mixed,32,24,0.75,4.0,128,1024,4096,16384,13312,5608.607,6827.328,6763.133,0.9473
mixed,32,24,0.75,4.0,128,2048,128,512,416,609.663,649.311,645.344,0.8999
mixed,32,24,0.75,4.0,128,2048,256,1024,832,773.76,853.344,842.941,0.8693
mixed,32,24,0.75,4.0,128,2048,512,2048,1664,1106.177,1256.641,1243.873,0.9151
mixed,32,24,0.75,4.0,128,2048,1024,4096,3328,1761.184,2066.528,2052.064,0.9526
mixed,32,24,0.75,4.0,128,2048,2048,8192,6656,3082.558,3695.55,3657.696,0.9382
mixed,32,24,0.75,4.0,128,2048,4096,16384,13312,5719.52,6934.686,6861.502,0.9398
mixed,32,24,0.75,4.0,128,4096,128,512,416,809.408,852.576,846.337,0.8555
mixed,32,24,0.75,4.0,128,4096,256,1024,832,975.584,1054.496,1045.92,0.8913
mixed,32,24,0.75,4.0,128,4096,512,2048,1664,1306.112,1457.312,1442.594,0.9027
mixed,32,24,0.75,4.0,128,4096,1024,4096,3328,1963.328,2266.721,2245.12,0.9288
mixed,32,24,0.75,4.0,128,4096,2048,8192,6656,3281.567,3887.166,3848.447,0.9361
mixed,32,24,0.75,4.0,128,4096,4096,16384,13312,5915.228,7130.432,7056.892,0.9395
mixed,32,24,0.75,4.0,128,8192,128,512,416,1202.305,1245.92,1238.431,0.8283
mixed,32,24,0.75,4.0,128,8192,256,1024,832,1370.623,1446.816,1441.375,0.9286
mixed,32,24,0.75,4.0,128,8192,512,2048,1664,1698.848,1854.174,1841.376,0.9176
mixed,32,24,0.75,4.0,128,8192,1024,4096,3328,2361.597,2660.287,2643.712,0.9445
mixed,32,24,0.75,4.0,128,8192,2048,8192,6656,3674.654,4282.144,4241.76,0.9335
mixed,32,24,0.75,4.0,128,8192,4096,16384,13312,6301.021,7518.333,7464.572,0.9558
mixed,32,24,0.75,4.0,256,0,128,512,416,436.352,474.368,470.464,0.8973
mixed,32,24,0.75,4.0,256,0,256,1024,832,601.824,682.24,674.08,0.8985
mixed,32,24,0.75,4.0,256,0,512,2048,1664,934.336,1083.647,1075.423,0.9449
mixed,32,24,0.75,4.0,256,0,1024,4096,3328,1588.703,1891.998,1879.361,0.9583
mixed,32,24,0.75,4.0,256,0,2048,8192,6656,2905.661,3514.496,3487.71,0.956
mixed,32,24,0.75,4.0,256,0,4096,16384,13312,5535.421,6751.169,6681.696,0.9429
mixed,32,24,0.75,4.0,256,512,128,512,416,564.543,600.031,596.735,0.9071
mixed,32,24,0.75,4.0,256,512,256,1024,832,728.127,808.798,802.049,0.9163
mixed,32,24,0.75,4.0,256,512,512,2048,1664,1060.735,1209.408,1197.089,0.9171
mixed,32,24,0.75,4.0,256,512,1024,4096,3328,1715.934,2015.487,2000.96,0.9515
mixed,32,24,0.75,4.0,256,512,2048,8192,6656,3030.078,3635.582,3604.348,0.9484
mixed,32,24,0.75,4.0,256,512,4096,16384,13312,5656.604,6875.163,6806.432,0.9436
mixed,32,24,0.75,4.0,256,1024,128,512,416,660.8,697.76,695.743,0.9454
mixed,32,24,0.75,4.0,256,1024,256,1024,832,831.067,900.576,896.161,0.9365
mixed,32,24,0.75,4.0,256,1024,512,2048,1664,1157.762,1308.315,1294.493,0.9082
mixed,32,24,0.75,4.0,256,1024,1024,4096,3328,1818.717,2112.479,2097.919,0.9504
mixed,32,24,0.75,4.0,256,1024,2048,8192,6656,3125.469,3738.975,3701.311,0.9386
mixed,32,24,0.75,4.0,256,1024,4096,16384,13312,5754.718,6974.847,6921.627,0.9564
mixed,32,24,0.75,4.0,256,2048,128,512,416,857.216,897.471,891.872,0.8609
mixed,32,24,0.75,4.0,256,2048,256,1024,832,1019.839,1101.024,1092.095,0.89
mixed,32,24,0.75,4.0,256,2048,512,2048,1664,1349.919,1501.725,1491.583,0.9332
mixed,32,24,0.75,4.0,256,2048,1024,4096,3328,2011.135,2310.239,2292.988,0.9423
mixed,32,24,0.75,4.0,256,2048,2048,8192,6656,3323.485,3921.82,3894.815,0.9549
mixed,32,24,0.75,4.0,256,2048,4096,16384,13312,5953.053,7166.91,7100.029,0.9449
mixed,32,24,0.75,4.0,256,4096,128,512,416,1252.352,1294.24,1289.534,0.8877
mixed,32,24,0.75,4.0,256,4096,256,1024,832,1419.326,1493.882,1485.95,0.8936
mixed,32,24,0.75,4.0,256,4096,512,2048,1664,1748.894,1904.127,1890.401,0.9116
mixed,32,24,0.75,4.0,256,4096,1024,4096,3328,2409.184,2715.871,2686.237,0.9034
mixed,32,24,0.75,4.0,256,4096,2048,8192,6656,3713.247,4319.58,4294.141,0.958
mixed,32,24,0.75,4.0,256,4096,4096,16384,13312,6348.569,7575.453,7509.051,0.9459
mixed,32,24,0.75,4.0,256,8192,128,512,416,2043.968,2083.42,2076.448,0.8233
mixed,32,24,0.75,4.0,256,8192,256,1024,832,2206.399,2279.648,2275.933,0.9493
mixed,32,24,0.75,4.0,256,8192,512,2048,1664,2540.671,2686.496,2677.473,0.9381
mixed,32,24,0.75,4.0,256,8192,1024,4096,3328,3195.362,3499.293,3477.856,0.9295
mixed,32,24,0.75,4.0,256,8192,2048,8192,6656,4507.773,5111.39,5087.263,0.96
mixed,32,24,0.75,4.0,256,8192,4096,16384,13312,7150.46,8346.876,8284.252,0.9477
mixed,32,24,0.75,4.0,512,0,128,512,416,702.879,740.318,734.336,0.8402
mixed,32,24,0.75,4.0,512,0,256,1024,832,863.964,939.519,936.8,0.964
mixed,32,24,0.75,4.0,512,0,512,2048,1664,1193.504,1349.696,1332.672,0.891
mixed,32,24,0.75,4.0,512,0,1024,4096,3328,1853.601,2159.421,2133.183,0.9142
mixed,32,24,0.75,4.0,512,0,2048,8192,6656,3168.8,3767.295,3737.725,0.9506
mixed,32,24,0.75,4.0,512,0,4096,16384,13312,5793.695,7017.629,6944.925,0.9406
mixed,32,24,0.75,4.0,512,512,128,512,416,919.39,956.511,954.814,0.9543
mixed,32,24,0.75,4.0,512,512,256,1024,832,1079.552,1160.256,1150.942,0.8846
mixed,32,24,0.75,4.0,512,512,512,2048,1664,1411.135,1563.424,1550.112,0.9126
mixed,32,24,0.75,4.0,512,512,1024,4096,3328,2068.736,2375.007,2352.321,0.9259
mixed,32,24,0.75,4.0,512,512,2048,8192,6656,3385.69,3997.023,3962.621,0.9437
mixed,32,24,0.75,4.0,512,512,4096,16384,13312,6010.781,7226.236,7159.389,0.945
mixed,32,24,0.75,4.0,512,1024,128,512,416,1116.353,1151.266,1150.561,0.9798
mixed,32,24,0.75,4.0,512,1024,256,1024,832,1277.951,1353.92,1352.862,0.9861
mixed,32,24,0.75,4.0,512,1024,512,2048,1664,1606.593,1758.94,1749.472,0.9379
mixed,32,24,0.75,4.0,512,1024,1024,4096,3328,2270.144,2576.064,2559.296,0.9452
mixed,32,24,0.75,4.0,512,1024,2048,8192,6656,3590.207,4188.123,4157.245,0.9484
mixed,32,24,0.75,4.0,512,1024,4096,16384,13312,6213.085,7434.014,7370.268,0.9478
mixed,32,24,0.75,4.0,512,2048,128,512,416,1507.966,1550.142,1546.943,0.9242
mixed,32,24,0.75,4.0,512,2048,256,1024,832,1671.935,1746.816,1742.559,0.9431
mixed,32,24,0.75,4.0,512,2048,512,2048,1664,2003.328,2151.742,2141.631,0.9319
mixed,32,24,0.75,4.0,512,2048,1024,4096,3328,2661.278,2968.03,2944.22,0.9224
mixed,32,24,0.75,4.0,512,2048,2048,8192,6656,3976.447,4588.062,4547.935,0.9344
mixed,32,24,0.75,4.0,512,2048,4096,16384,13312,6607.293,7823.898,7765.34,0.9519
mixed,32,24,0.75,4.0,512,4096,128,512,416,2295.71,2336.19,2329.375,0.8316
mixed,32,24,0.75,4.0,512,4096,256,1024,832,2460.382,2535.678,2531.488,0.9444
mixed,32,24,0.75,4.0,512,4096,512,2048,1664,2790.143,2938.046,2928.48,0.9353
mixed,32,24,0.75,4.0,512,4096,1024,4096,3328,3451.487,3753.981,3730.781,0.9233
mixed,32,24,0.75,4.0,512,4096,2048,8192,6656,4767.741,5374.971,5344.924,0.9505
mixed,32,24,0.75,4.0,512,4096,4096,16384,13312,7389.148,8599.003,8539.449,0.9508
mixed,32,24,0.75,4.0,512,8192,128,512,416,3877.022,3917.92,3908.608,0.7723
mixed,32,24,0.75,4.0,512,8192,256,1024,832,4040.927,4115.197,4110.047,0.9307
mixed,32,24,0.75,4.0,512,8192,512,2048,1664,4367.835,4522.525,4514.877,0.9506
mixed,32,24,0.75,4.0,512,8192,1024,4096,3328,5025.341,5331.134,5311.423,0.9355
mixed,32,24,0.75,4.0,512,8192,2048,8192,6656,6341.979,6953.274,6912.7,0.9336
mixed,32,24,0.75,4.0,512,8192,4096,16384,13312,8985.5,10188.35,10130.008,0.9515
mixed,32,24,0.75,4.0,1024,0,128,512,416,1036.671,1075.231,1066.689,0.7785
mixed,32,24,0.75,4.0,1024,0,256,1024,832,1200.573,1276.479,1269.854,0.9127
mixed,32,24,0.75,4.0,1024,0,512,2048,1664,1532.543,1681.055,1668.32,0.9142
mixed,32,24,0.75,4.0,1024,0,1024,4096,3328,2187.391,2491.517,2468.799,0.9253
mixed,32,24,0.75,4.0,1024,0,2048,8192,6656,3500.222,4109.564,4074.173,0.9419
mixed,32,24,0.75,4.0,1024,0,4096,16384,13312,6133.243,7347.067,7297.182,0.9589
mixed,32,24,0.75,4.0,1024,512,128,512,416,1501.439,1542.816,1537.375,0.8685
mixed,32,24,0.75,4.0,1024,512,256,1024,832,1670.624,1746.016,1739.743,0.9168
mixed,32,24,0.75,4.0,1024,512,512,2048,1664,2000.351,2153.056,2143.936,0.9403
mixed,32,24,0.75,4.0,1024,512,1024,4096,3328,2659.135,2963.007,2948.96,0.9538
mixed,32,24,0.75,4.0,1024,512,2048,8192,6656,3981.117,4583.165,4551.774,0.9479
mixed,32,24,0.75,4.0,1024,512,4096,16384,13312,6610.362,7826.492,7751.805,0.9386
mixed,32,24,0.75,4.0,1024,1024,128,512,416,1898.301,1936.445,1930.432,0.8424
mixed,32,24,0.75,4.0,1024,1024,256,1024,832,2065.216,2137.567,2131.966,0.9226
mixed,32,24,0.75,4.0,1024,1024,512,2048,1664,2391.775,2544.607,2531.071,0.9114
mixed,32,24,0.75,4.0,1024,1024,1024,4096,3328,3052.509,3346.751,3333.245,0.9541
mixed,32,24,0.75,4.0,1024,1024,2048,8192,6656,4363.23,4967.132,4932.541,0.9427
mixed,32,24,0.75,4.0,1024,1024,4096,16384,13312,6991.005,8199.866,8134.298,0.9458
mixed,32,24,0.75,4.0,1024,2048,128,512,416,2677.566,2717.566,2709.472,0.7977
mixed,32,24,0.75,4.0,1024,2048,256,1024,832,2843.137,2922.781,2912.16,0.8666
mixed,32,24,0.75,4.0,1024,2048,512,2048,1664,3175.774,3325.63,3312.188,0.9103
mixed,32,24,0.75,4.0,1024,2048,1024,4096,3328,3834.173,4127.517,4108.928,0.9366
mixed,32,24,0.75,4.0,1024,2048,2048,8192,6656,5147.068,5757.31,5723.546,0.9447
mixed,32,24,0.75,4.0,1024,2048,4096,16384,13312,7778.91,8987.356,8919.642,0.944
mixed,32,24,0.75,4.0,1024,4096,128,512,416,4281.405,4307.228,4308.702,1.0571
mixed,32,24,0.75,4.0,1024,4096,256,1024,832,4456.956,4496.286,4520.349,1.6118
mixed,32,24,0.75,4.0,1024,4096,512,2048,1664,4766.749,4929.884,4918.11,0.9278
mixed,32,24,0.75,4.0,1024,4096,1024,4096,3328,5442.686,5745.437,5701.562,0.8551
mixed,32,24,0.75,4.0,1024,4096,2048,8192,6656,6724.38,7367.994,7327.355,0.9369
mixed,32,24,0.75,4.0,1024,4096,4096,16384,13312,9379.355,10582.394,10538.139,0.9632
mixed,32,24,0.75,4.0,1024,8192,128,512,416,7434.717,7476.572,7474.685,0.9549
mixed,32,24,0.75,4.0,1024,8192,256,1024,832,7601.117,7675.901,7655.805,0.7313
mixed,32,24,0.75,4.0,1024,8192,512,2048,1664,7933.977,8093.081,8063.927,0.8168
mixed,32,24,0.75,4.0,1024,8192,1024,4096,3328,8586.94,8904.792,8886.334,0.9419
mixed,32,24,0.75,4.0,1024,8192,2048,8192,6656,9915.548,10524.313,10474.555,0.9183
mixed,32,24,0.75,4.0,1024,8192,4096,16384,13312,12549.401,13762.871,13695.545,0.9445
mixed,32,24,0.75,4.0,2048,0,128,512,416,2513.247,2548.381,2546.4,0.9436
mixed,32,24,0.75,4.0,2048,0,256,1024,832,2676.991,2751.968,2746.814,0.9313
mixed,32,24,0.75,4.0,2048,0,512,2048,1664,3008.159,3153.726,3148.446,0.9637
mixed,32,24,0.75,4.0,2048,0,1024,4096,3328,3659.133,3967.1,3952.157,0.9515
mixed,32,24,0.75,4.0,2048,0,2048,8192,6656,4979.742,5585.374,5544.765,0.9329
mixed,32,24,0.75,4.0,2048,0,4096,16384,13312,7599.642,8819.863,8761.437,0.9521
mixed,32,24,0.75,4.0,2048,512,128,512,416,3355.678,3398.238,3389.754,0.8007
mixed,32,24,0.75,4.0,2048,512,256,1024,832,3528.574,3600.094,3591.902,0.8855
mixed,32,24,0.75,4.0,2048,512,512,2048,1664,3854.619,4001.567,3997.725,0.9739
mixed,32,24,0.75,4.0,2048,512,1024,4096,3328,4521.884,4820.444,4813.79,0.9777
mixed,32,24,0.75,4.0,2048,512,2048,8192,6656,5838.239,6441.405,6399.963,0.9313
mixed,32,24,0.75,4.0,2048,512,4096,16384,13312,8477.432,9664.282,9608.411,0.9529
mixed,32,24,0.75,4.0,2048,1024,128,512,416,4198.269,4241.214,4231.008,0.7623
mixed,32,24,0.75,4.0,2048,1024,256,1024,832,4361.085,4445.212,4435.231,0.8814
mixed,32,24,0.75,4.0,2048,1024,512,2048,1664,4691.549,4845.244,4842.972,0.9852
mixed,32,24,0.75,4.0,2048,1024,1024,4096,3328,5351.929,5655.033,5641.019,0.9538
mixed,32,24,0.75,4.0,2048,1024,2048,8192,6656,6663.61,7280.538,7244.795,0.9421
mixed,32,24,0.75,4.0,2048,1024,4096,16384,13312,9302.202,10519.769,10455.897,0.9475
mixed,32,24,0.75,4.0,2048,2048,128,512,416,5856.06,5893.661,5874.46,0.4893
mixed,32,24,0.75,4.0,2048,2048,256,1024,832,6042.492,6082.01,6098.237,1.4106
mixed,32,24,0.75,4.0,2048,2048,512,2048,1664,6347.963,6508.444,6478.492,0.8134
mixed,32,24,0.75,4.0,2048,2048,1024,4096,3328,6996.953,7306.01,7291.226,0.9522
mixed,32,24,0.75,4.0,2048,2048,2048,8192,6656,8313.595,8922.233,8883.61,0.9365
mixed,32,24,0.75,4.0,2048,2048,4096,16384,13312,10953.753,12165.05,12095.382,0.9425
mixed,32,24,0.75,4.0,2048,4096,128,512,416,9081.557,9111.48,9099.96,0.615
mixed,32,24,0.75,4.0,2048,4096,256,1024,832,9238.392,9292.858,9310.718,1.3279
mixed,32,24,0.75,4.0,2048,4096,512,2048,1664,9566.489,9708.185,9719.991,1.0833
mixed,32,24,0.75,4.0,2048,4096,1024,4096,3328,10218.262,10511.13,10531.925,1.071
mixed,32,24,0.75,4.0,2048,4096,2048,8192,6656,11540.729,12138.934,12093.913,0.9247
mixed,32,24,0.75,4.0,2048,4096,4096,16384,13312,14175.382,15392.664,15344.694,0.9606
mixed,32,24,0.75,4.0,2048,8192,128,512,416,15392.149,15361.202,15399.954,
mixed,32,24,0.75,4.0,2048,8192,256,1024,832,15532.628,15607.89,15603.164,0.9372
mixed,32,24,0.75,4.0,2048,8192,512,2048,1664,15865.396,16001.717,16005.529,1.028
mixed,32,24,0.75,4.0,2048,8192,1024,4096,3328,16499.892,16826.454,16806.739,0.9396
mixed,32,24,0.75,4.0,2048,8192,2048,8192,6656,17821.588,18420.946,18413.521,0.9876
mixed,32,24,0.75,4.0,2048,8192,4096,16384,13312,20467.536,21698.194,21592.946,0.9145
pure,32,29,0.9062,4.0,0,0,128,512,476,238.208,261.569,259.072,0.8931
pure,32,29,0.9062,4.0,0,0,256,1024,952,431.806,464.865,463.521,0.9593
pure,32,29,0.9062,4.0,0,0,512,2048,1904,809.213,871.201,866.654,0.9266
pure,32,29,0.9062,4.0,0,0,1024,4096,3808,1567.518,1683.328,1672.287,0.9047
pure,32,29,0.9062,4.0,0,0,2048,8192,7616,3077.566,3311.262,3287.741,0.8994
pure,32,29,0.9062,4.0,0,0,4096,16384,15232,6088.701,6535.612,6500.539,0.9215
mixed,32,29,0.9062,4.0,16,0,128,512,476,259.199,285.247,282.72,0.903
mixed,32,29,0.9062,4.0,16,0,256,1024,952,450.624,489.087,485.313,0.9019
mixed,32,29,0.9062,4.0,16,0,512,2048,1904,829.377,892.446,888.928,0.9442
mixed,32,29,0.9062,4.0,16,0,1024,4096,3808,1591.936,1702.847,1696.542,0.9432
mixed,32,29,0.9062,4.0,16,0,2048,8192,7616,3104.67,3322.268,3309.534,0.9415
mixed,32,29,0.9062,4.0,16,0,4096,16384,15232,6105.275,6566.97,6526.556,0.9125
mixed,32,29,0.9062,4.0,16,512,128,512,476,303.2,326.303,325.474,0.9641
mixed,32,29,0.9062,4.0,16,512,256,1024,952,493.824,534.401,531.039,0.9171
mixed,32,29,0.9062,4.0,16,512,512,2048,1904,874.879,939.839,933.695,0.9054
mixed,32,29,0.9062,4.0,16,512,1024,4096,3808,1633.95,1748.737,1739.709,0.9213
mixed,32,29,0.9062,4.0,16,512,2048,8192,7616,3142.431,3369.308,3355.677,0.9399
mixed,32,29,0.9062,4.0,16,512,4096,16384,15232,6142.46,6599.804,6580.445,0.9577
mixed,32,29,0.9062,4.0,16,1024,128,512,476,307.327,334.686,329.506,0.8107
mixed,32,29,0.9062,4.0,16,1024,256,1024,952,498.975,536.576,535.489,0.9711
mixed,32,29,0.9062,4.0,16,1024,512,2048,1904,882.781,941.152,940.542,0.9895
mixed,32,29,0.9062,4.0,16,1024,1024,4096,3808,1641.214,1747.485,1743.711,0.9645
mixed,32,29,0.9062,4.0,16,1024,2048,8192,7616,3151.582,3370.494,3356.766,0.9373
mixed,32,29,0.9062,4.0,16,1024,4096,16384,15232,6150.359,6607.835,6573.501,0.9249
mixed,32,29,0.9062,4.0,16,2048,128,512,476,315.359,340.544,338.271,0.9097
mixed,32,29,0.9062,4.0,16,2048,256,1024,952,507.647,543.648,542.975,0.9813
mixed,32,29,0.9062,4.0,16,2048,512,2048,1904,890.943,951.966,945.088,0.8873
mixed,32,29,0.9062,4.0,16,2048,1024,4096,3808,1644.928,1759.455,1753.437,0.9475
mixed,32,29,0.9062,4.0,16,2048,2048,8192,7616,3144.802,3378.302,3365.598,0.9456
mixed,32,29,0.9062,4.0,16,2048,4096,16384,15232,6163.003,6620.698,6593.21,0.9399
mixed,32,29,0.9062,4.0,16,4096,128,512,476,349.856,376.319,374.913,0.9469
mixed,32,29,0.9062,4.0,16,4096,256,1024,952,544.288,581.408,579.232,0.9414
mixed,32,29,0.9062,4.0,16,4096,512,2048,1904,924.16,984.768,983.774,0.9836
mixed,32,29,0.9062,4.0,16,4096,1024,4096,3808,1678.945,1790.879,1794.689,1.034
mixed,32,29,0.9062,4.0,16,4096,2048,8192,7616,3186.557,3418.141,3407.709,0.955
mixed,32,29,0.9062,4.0,16,4096,4096,16384,15232,6194.941,6660.858,6619.099,0.9104
mixed,32,29,0.9062,4.0,16,8192,128,512,476,405.757,431.616,428.511,0.8799
mixed,32,29,0.9062,4.0,16,8192,256,1024,952,596.159,633.375,633.183,0.9948
mixed,32,29,0.9062,4.0,16,8192,512,2048,1904,976.257,1044.638,1033.406,0.8357
mixed,32,29,0.9062,4.0,16,8192,1024,4096,3808,1735.742,1846.592,1847.841,1.0113
mixed,32,29,0.9062,4.0,16,8192,2048,8192,7616,3245.405,3472.477,3459.231,0.9417
mixed,32,29,0.9062,4.0,16,8192,4096,16384,15232,6252.155,6701.082,6680.093,0.9532
mixed,32,29,0.9062,4.0,32,0,128,512,476,300.065,323.712,323.678,0.9986
mixed,32,29,0.9062,4.0,32,0,256,1024,952,491.102,528.289,525.343,0.9208
mixed,32,29,0.9062,4.0,32,0,512,2048,1904,874.079,935.167,929.246,0.9031
mixed,32,29,0.9062,4.0,32,0,1024,4096,3808,1636.897,1747.105,1734.781,0.8882
mixed,32,29,0.9062,4.0,32,0,2048,8192,7616,3134.493,3362.333,3349.246,0.9426
mixed,32,29,0.9062,4.0,32,0,4096,16384,15232,6153.273,6604.059,6572.667,0.9304
mixed,32,29,0.9062,4.0,32,512,128,512,476,340.291,365.248,363.873,0.9449
mixed,32,29,0.9062,4.0,32,512,256,1024,952,535.103,569.118,564.767,0.8721
mixed,32,29,0.9062,4.0,32,512,512,2048,1904,913.087,974.717,971.68,0.9507
mixed,32,29,0.9062,4.0,32,512,1024,4096,3808,1670.589,1792.03,1780.126,0.902
mixed,32,29,0.9062,4.0,32,512,2048,8192,7616,3182.816,3398.589,3395.225,0.9844
mixed,32,29,0.9062,4.0,32,512,4096,16384,15232,6201.914,6636.794,6601.02,0.9177
mixed,32,29,0.9062,4.0,32,1024,128,512,476,350.72,375.36,374.304,0.9571
mixed,32,29,0.9062,4.0,32,1024,256,1024,952,540.96,577.855,577.439,0.9887
mixed,32,29,0.9062,4.0,32,1024,512,2048,1904,922.687,983.391,977.055,0.8956
mixed,32,29,0.9062,4.0,32,1024,1024,4096,3808,1681.567,1794.911,1786.588,0.9266
mixed,32,29,0.9062,4.0,32,1024,2048,8192,7616,3190.587,3417.982,3401.084,0.9257
mixed,32,29,0.9062,4.0,32,1024,4096,16384,15232,6201.787,6655.706,6617.852,0.9166
mixed,32,29,0.9062,4.0,32,2048,128,512,476,364.959,393.792,389.953,0.8669
mixed,32,29,0.9062,4.0,32,2048,256,1024,952,555.455,593.631,594.21,1.0152
mixed,32,29,0.9062,4.0,32,2048,512,2048,1904,936.222,1001.598,995.553,0.9075
mixed,32,29,0.9062,4.0,32,2048,1024,4096,3808,1701.885,1808.896,1802.048,0.936
mixed,32,29,0.9062,4.0,32,2048,2048,8192,7616,3201.147,3421.501,3413.631,0.9643
mixed,32,29,0.9062,4.0,32,2048,4096,16384,15232,6206.81,6669.594,6645.081,0.947
mixed,32,29,0.9062,4.0,32,4096,128,512,476,452.99,479.358,479.936,1.0219
mixed,32,29,0.9062,4.0,32,4096,256,1024,952,649.728,683.455,679.776,0.8909
mixed,32,29,0.9062,4.0,32,4096,512,2048,1904,1026.077,1085.696,1082.592,0.9479
mixed,32,29,0.9062,4.0,32,4096,1024,4096,3808,1786.814,1899.741,1891.904,0.9306
mixed,32,29,0.9062,4.0,32,4096,2048,8192,7616,3292.925,3512.062,3505.501,0.9701
mixed,32,29,0.9062,4.0,32,4096,4096,16384,15232,6299.645,6753.913,6719.386,0.924
mixed,32,29,0.9062,4.0,32,8192,128,512,476,561.726,583.967,589.374,1.2431
mixed,32,29,0.9062,4.0,32,8192,256,1024,952,752.861,792.097,788.737,0.9144
mixed,32,29,0.9062,4.0,32,8192,512,2048,1904,1133.278,1196.287,1192.704,0.9431
mixed,32,29,0.9062,4.0,32,8192,1024,4096,3808,1888.319,2006.367,1999.069,0.9382
mixed,32,29,0.9062,4.0,32,8192,2048,8192,7616,3403.068,3625.021,3614.494,0.9526
mixed,32,29,0.9062,4.0,32,8192,4096,16384,15232,6406.938,6879.993,6835.931,0.9069
mixed,32,29,0.9062,4.0,64,0,128,512,476,306.144,331.97,329.761,0.9145
mixed,32,29,0.9062,4.0,64,0,256,1024,952,501.055,536.927,532.319,0.8715
mixed,32,29,0.9062,4.0,64,0,512,2048,1904,879.806,944.159,939.871,0.9334
mixed,32,29,0.9062,4.0,64,0,1024,4096,3808,1638.717,1749.853,1744.095,0.9482
mixed,32,29,0.9062,4.0,64,0,2048,8192,7616,3141.821,3364.925,3345.276,0.9119
mixed,32,29,0.9062,4.0,64,0,4096,16384,15232,6156.506,6613.114,6583.738,0.9357
mixed,32,29,0.9062,4.0,64,512,128,512,476,363.041,388.353,385.632,0.8925
mixed,32,29,0.9062,4.0,64,512,256,1024,952,556.767,591.646,589.281,0.9322
mixed,32,29,0.9062,4.0,64,512,512,2048,1904,936.094,993.984,996.769,1.0481
mixed,32,29,0.9062,4.0,64,512,1024,4096,3808,1700.928,1804.798,1800.03,0.9541
mixed,32,29,0.9062,4.0,64,512,2048,8192,7616,3198.43,3426.237,3406.684,0.9142
mixed,32,29,0.9062,4.0,64,512,4096,16384,15232,6214.013,6663.227,6621.176,0.9064
mixed,32,29,0.9062,4.0,64,1024,128,512,476,421.571,446.749,445.343,0.9442
mixed,32,29,0.9062,4.0,64,1024,256,1024,952,613.056,650.079,644.608,0.8522
mixed,32,29,0.9062,4.0,64,1024,512,2048,1904,996.221,1054.205,1051.904,0.9603
mixed,32,29,0.9062,4.0,64,1024,1024,4096,3808,1749.149,1867.551,1861.692,0.9505
mixed,32,29,0.9062,4.0,64,1024,2048,8192,7616,3261.501,3491.837,3474.971,0.9268
mixed,32,29,0.9062,4.0,64,1024,4096,16384,15232,6266.267,6726.429,6707.768,0.9594
mixed,32,29,0.9062,4.0,64,2048,128,512,476,460.64,483.713,485.6,1.0818
mixed,32,29,0.9062,4.0,64,2048,256,1024,952,652.573,690.656,687.744,0.9235
mixed,32,29,0.9062,4.0,64,2048,512,2048,1904,1036.255,1095.585,1090.752,0.9185
mixed,32,29,0.9062,4.0,64,2048,1024,4096,3808,1794.814,1904.608,1888.349,0.8519
mixed,32,29,0.9062,4.0,64,2048,2048,8192,7616,3292.637,3519.74,3503.997,0.9307
mixed,32,29,0.9062,4.0,64,2048,4096,16384,15232,6302.872,6761.017,6739.45,0.9529
mixed,32,29,0.9062,4.0,64,4096,128,512,476,564.576,586.655,584.864,0.9189
mixed,32,29,0.9062,4.0,64,4096,256,1024,952,753.152,790.655,787.136,0.9062
mixed,32,29,0.9062,4.0,64,4096,512,2048,1904,1129.888,1196.832,1188.96,0.8824
mixed,32,29,0.9062,4.0,64,4096,1024,4096,3808,1887.967,2005.374,1992.094,0.8869
mixed,32,29,0.9062,4.0,64,4096,2048,8192,7616,3398.685,3633.5,3599.548,0.8554
mixed,32,29,0.9062,4.0,64,4096,4096,16384,15232,6389.882,6868.73,6831.064,0.9213
mixed,32,29,0.9062,4.0,64,8192,128,512,476,768.831,795.135,786.174,0.6593
mixed,32,29,0.9062,4.0,64,8192,256,1024,952,959.231,994.751,989.725,0.8585
mixed,32,29,0.9062,4.0,64,8192,512,2048,1904,1335.196,1400.382,1396.765,0.9445
mixed,32,29,0.9062,4.0,64,8192,1024,4096,3808,2095.517,2207.295,2198.334,0.9198
mixed,32,29,0.9062,4.0,64,8192,2048,8192,7616,3600.194,3827.356,3808.923,0.9189
mixed,32,29,0.9062,4.0,64,8192,4096,16384,15232,6607.097,7072.73,7040.919,0.9317
mixed,32,29,0.9062,4.0,128,0,128,512,476,329.44,356.48,351.968,0.8331
mixed,32,29,0.9062,4.0,128,0,256,1024,952,524.094,561.343,561.696,1.0095
mixed,32,29,0.9062,4.0,128,0,512,2048,1904,907.518,966.494,962.399,0.9306
mixed,32,29,0.9062,4.0,128,0,1024,4096,3808,1661.854,1772.446,1767.55,0.9557
mixed,32,29,0.9062,4.0,128,0,2048,8192,7616,3165.116,3391.421,3386.974,0.9803
mixed,32,29,0.9062,4.0,128,0,4096,16384,15232,6178.231,6638.008,6605.656,0.9296
mixed,32,29,0.9062,4.0,128,512,128,512,476,462.815,490.077,485.282,0.8241
mixed,32,29,0.9062,4.0,128,512,256,1024,952,652.895,687.134,687.073,0.9982
mixed,32,29,0.9062,4.0,128,512,512,2048,1904,1033.183,1092.54,1090.912,0.9726
mixed,32,29,0.9062,4.0,128,512,1024,4096,3808,1794.367,1902.782,1899.103,0.9661
mixed,32,29,0.9062,4.0,128,512,2048,8192,7616,3302.749,3527.931,3507.263,0.9082
mixed,32,29,0.9062,4.0,128,512,4096,16384,15232,6308.956,6766.65,6725.755,0.9106
mixed,32,29,0.9062,4.0,128,1024,128,512,476,526.016,555.584,549.695,0.8008
mixed,32,29,0.9062,4.0,128,1024,256,1024,952,721.505,758.079,755.199,0.9213
mixed,32,29,0.9062,4.0,128,1024,512,2048,1904,1101.63,1159.486,1160.895,1.0244
mixed,32,29,0.9062,4.0,128,1024,1024,4096,3808,1859.549,1972.605,1962.43,0.91
mixed,32,29,0.9062,4.0,128,1024,2048,8192,7616,3372.733,3593.466,3579.836,0.9383
mixed,32,29,0.9062,4.0,128,1024,4096,16384,15232,6371.481,6847.545,6819.672,0.9415
mixed,32,29,0.9062,4.0,128,2048,128,512,476,621.566,649.312,649.441,1.0046
mixed,32,29,0.9062,4.0,128,2048,256,1024,952,817.023,856.159,852.255,0.9002
mixed,32,29,0.9062,4.0,128,2048,512,2048,1904,1196.991,1257.12,1257.054,0.9989
mixed,32,29,0.9062,4.0,128,2048,1024,4096,3808,1955.357,2069.376,2058.91,0.9082
mixed,32,29,0.9062,4.0,128,2048,2048,8192,7616,3458.716,3687.357,3671.356,0.93
mixed,32,29,0.9062,4.0,128,2048,4096,16384,15232,6467.099,6931.705,6894.491,0.9199
mixed,32,29,0.9062,4.0,128,4096,128,512,476,824.735,853.632,847.328,0.7818
mixed,32,29,0.9062,4.0,128,4096,256,1024,952,1015.487,1051.264,1052.671,1.0393
mixed,32,29,0.9062,4.0,128,4096,512,2048,1904,1395.84,1456.25,1450.816,0.91
mixed,32,29,0.9062,4.0,128,4096,1024,4096,3808,2155.006,2269.023,2255.518,0.8816
mixed,32,29,0.9062,4.0,128,4096,2048,8192,7616,3652.254,3883.42,3871.13,0.9468
mixed,32,29,0.9062,4.0,128,4096,4096,16384,15232,6665.882,7122.874,7110.905,0.9738
mixed,32,29,0.9062,4.0,128,8192,128,512,476,1220.063,1245.855,1243.391,0.9045
mixed,32,29,0.9062,4.0,128,8192,256,1024,952,1406.366,1446.782,1444.446,0.9422
mixed,32,29,0.9062,4.0,128,8192,512,2048,1904,1787.519,1850.846,1848.062,0.956
mixed,32,29,0.9062,4.0,128,8192,1024,4096,3808,2553.501,2667.68,2653.853,0.8789
mixed,32,29,0.9062,4.0,128,8192,2048,8192,7616,4046.109,4278.554,4263.581,0.9356
mixed,32,29,0.9062,4.0,128,8192,4096,16384,15232,7062.394,7512.503,7477.913,0.9232
mixed,32,29,0.9062,4.0,256,0,128,512,476,451.039,478.591,475.872,0.9013
mixed,32,29,0.9062,4.0,256,0,256,1024,952,643.135,680.8,677.728,0.9184
mixed,32,29,0.9062,4.0,256,0,512,2048,1904,1022.975,1087.2,1080.704,0.8989
mixed,32,29,0.9062,4.0,256,0,1024,4096,3808,1781.854,1897.281,1882.751,0.8741
mixed,32,29,0.9062,4.0,256,0,2048,8192,7616,3285.566,3519.035,3499.772,0.9175
mixed,32,29,0.9062,4.0,256,0,4096,16384,15232,6300.473,6758.874,6725.276,0.9267
mixed,32,29,0.9062,4.0,256,512,128,512,476,578.239,604.511,601.089,0.8697
mixed,32,29,0.9062,4.0,256,512,256,1024,952,769.023,807.681,802.621,0.8691
mixed,32,29,0.9062,4.0,256,512,512,2048,1904,1147.488,1211.999,1206.656,0.9172
mixed,32,29,0.9062,4.0,256,512,1024,4096,3808,1907.393,2018.27,2019.199,1.0084
mixed,32,29,0.9062,4.0,256,512,2048,8192,7616,3418.782,3638.875,3624.187,0.9333
mixed,32,29,0.9062,4.0,256,512,4096,16384,15232,6423.034,6886.745,6858.937,0.94
mixed,32,29,0.9062,4.0,256,1024,128,512,476,673.153,701.343,701.088,0.991
mixed,32,29,0.9062,4.0,256,1024,256,1024,952,864.64,903.807,896.639,0.817
mixed,32,29,0.9062,4.0,256,1024,512,2048,1904,1247.902,1306.974,1300.511,0.8906
mixed,32,29,0.9062,4.0,256,1024,1024,4096,3808,1998.845,2121.245,2109.79,0.9064
mixed,32,29,0.9062,4.0,256,1024,2048,8192,7616,3510.619,3730.269,3713.116,0.9219
mixed,32,29,0.9062,4.0,256,1024,4096,16384,15232,6522.33,6982.393,6938.491,0.9046
mixed,32,29,0.9062,4.0,256,2048,128,512,476,871.841,899.23,894.177,0.8155
mixed,32,29,0.9062,4.0,256,2048,256,1024,952,1062.334,1099.071,1095.647,0.9068
mixed,32,29,0.9062,4.0,256,2048,512,2048,1904,1442.11,1500.256,1498.813,0.9752
mixed,32,29,0.9062,4.0,256,2048,1024,4096,3808,2197.404,2309.789,2307.71,0.9815
mixed,32,29,0.9062,4.0,256,2048,2048,8192,7616,3701.98,3932.543,3907.198,0.8901
mixed,32,29,0.9062,4.0,256,2048,4096,16384,15232,6711.513,7180.855,7144.249,0.922
mixed,32,29,0.9062,4.0,256,4096,128,512,476,1269.983,1295.646,1293.952,0.934
mixed,32,29,0.9062,4.0,256,4096,256,1024,952,1458.557,1493.728,1491.836,0.9462
mixed,32,29,0.9062,4.0,256,4096,512,2048,1904,1836.861,1898.845,1893.406,0.9123
mixed,32,29,0.9062,4.0,256,4096,1024,4096,3808,2596.283,2715.516,2707.39,0.9318
mixed,32,29,0.9062,4.0,256,4096,2048,8192,7616,4102.459,4324.188,4320.189,0.982
mixed,32,29,0.9062,4.0,256,4096,4096,16384,15232,7116.343,7572.634,7528.792,0.9039
mixed,32,29,0.9062,4.0,256,8192,128,512,476,2059.23,2086.015,2080.893,0.8088
mixed,32,29,0.9062,4.0,256,8192,256,1024,952,2245.979,2279.708,2279.037,0.9801
mixed,32,29,0.9062,4.0,256,8192,512,2048,1904,2627.515,2689.47,2684.352,0.9174
mixed,32,29,0.9062,4.0,256,8192,1024,4096,3808,3385.819,3505.405,3487.74,0.8523
mixed,32,29,0.9062,4.0,256,8192,2048,8192,7616,4888.7,5118.04,5108.953,0.9604
mixed,32,29,0.9062,4.0,256,8192,4096,16384,15232,7894.836,8358.65,8311.318,0.898
mixed,32,29,0.9062,4.0,512,0,128,512,476,712.32,740.48,736.606,0.8624
mixed,32,29,0.9062,4.0,512,0,256,1024,952,902.302,941.055,938.368,0.9307
mixed,32,29,0.9062,4.0,512,0,512,2048,1904,1281.503,1342.11,1344.478,1.0391
mixed,32,29,0.9062,4.0,512,0,1024,4096,3808,2038.24,2153.533,2141.407,0.8948
mixed,32,29,0.9062,4.0,512,0,2048,8192,7616,3543.068,3770.842,3763.359,0.9671
mixed,32,29,0.9062,4.0,512,0,4096,16384,15232,6565.563,7018.138,6986.202,0.9294
mixed,32,29,0.9062,4.0,512,512,128,512,476,933.566,958.526,957.087,0.9423
mixed,32,29,0.9062,4.0,512,512,256,1024,952,1119.134,1156.381,1157.023,1.0172
mixed,32,29,0.9062,4.0,512,512,512,2048,1904,1497.277,1557.985,1560.797,1.0463
mixed,32,29,0.9062,4.0,512,512,1024,4096,3808,2259.228,2379.549,2366.236,0.8894
mixed,32,29,0.9062,4.0,512,512,2048,8192,7616,3764.669,3988.925,3970.91,0.9197
mixed,32,29,0.9062,4.0,512,512,4096,16384,15232,6775.8,7227.765,7201.081,0.941
mixed,32,29,0.9062,4.0,512,1024,128,512,476,1126.493,1154.497,1152.096,0.9143
mixed,32,29,0.9062,4.0,512,1024,256,1024,952,1316.573,1357.665,1351.454,0.8489
mixed,32,29,0.9062,4.0,512,1024,512,2048,1904,1694.24,1762.973,1750.88,0.8241
mixed,32,29,0.9062,4.0,512,1024,1024,4096,3808,2457.756,2565.149,2557.984,0.9333
mixed,32,29,0.9062,4.0,512,1024,2048,8192,7616,3958.235,4180.124,4176.221,0.9824
mixed,32,29,0.9062,4.0,512,1024,4096,16384,15232,6967.449,7413.4,7388.727,0.9447
mixed,32,29,0.9062,4.0,512,2048,128,512,476,1520.35,1549.375,1543.358,0.7927
mixed,32,29,0.9062,4.0,512,2048,256,1024,952,1710.782,1745.024,1744.191,0.9757
mixed,32,29,0.9062,4.0,512,2048,512,2048,1904,2093.117,2154.847,2150.078,0.9227
mixed,32,29,0.9062,4.0,512,2048,1024,4096,3808,2848.157,2974.334,2955.165,0.8481
mixed,32,29,0.9062,4.0,512,2048,2048,8192,7616,4352.026,4585.113,4561.051,0.8968
mixed,32,29,0.9062,4.0,512,2048,4096,16384,15232,7357.303,7817.078,7795.479,0.953
mixed,32,29,0.9062,4.0,512,4096,128,512,476,2308.736,2338.076,2332.672,0.8158
mixed,32,29,0.9062,4.0,512,4096,256,1024,952,2499.901,2534.908,2532.124,0.9205
mixed,32,29,0.9062,4.0,512,4096,512,2048,1904,2885.601,2942.138,2934.269,0.8608
mixed,32,29,0.9062,4.0,512,4096,1024,4096,3808,3638.458,3746.912,3743.676,0.9702
mixed,32,29,0.9062,4.0,512,4096,2048,8192,7616,5145.178,5365.179,5357.307,0.9642
mixed,32,29,0.9062,4.0,512,4096,4096,16384,15232,8154.037,8612.44,8579.254,0.9276
mixed,32,29,0.9062,4.0,512,8192,128,512,476,3882.653,3916.731,3918.076,1.0395
mixed,32,29,0.9062,4.0,512,8192,256,1024,952,4074.332,4114.809,4106.813,0.8025
mixed,32,29,0.9062,4.0,512,8192,512,2048,1904,4452.922,4523.871,4512.157,0.8349
mixed,32,29,0.9062,4.0,512,8192,1024,4096,3808,5214.553,5322.649,5317.435,0.9518
mixed,32,29,0.9062,4.0,512,8192,2048,8192,7616,6716.855,6949.754,6935.703,0.9397
mixed,32,29,0.9062,4.0,512,8192,4096,16384,15232,9726.487,10172.148,10152.916,0.9568
mixed,32,29,0.9062,4.0,1024,0,128,512,476,1049.887,1073.184,1071.966,0.9477
mixed,32,29,0.9062,4.0,1024,0,256,1024,952,1240.094,1273.47,1274.589,1.0335
mixed,32,29,0.9062,4.0,1024,0,512,2048,1904,1619.777,1677.372,1671.391,0.8962
mixed,32,29,0.9062,4.0,1024,0,1024,4096,3808,2377.31,2486.013,2480.955,0.9535
mixed,32,29,0.9062,4.0,1024,0,2048,8192,7616,3879.738,4105.18,4089.434,0.9302
mixed,32,29,0.9062,4.0,1024,0,4096,16384,15232,6885.242,7343.383,7307.354,0.9214
mixed,32,29,0.9062,4.0,1024,512,128,512,476,1520.96,1546.429,1542.237,0.8354
mixed,32,29,0.9062,4.0,1024,512,256,1024,952,1707.167,1748.733,1744.861,0.9068
mixed,32,29,0.9062,4.0,1024,512,512,2048,1904,2087.391,2150.272,2144.576,0.9094
mixed,32,29,0.9062,4.0,1024,512,1024,4096,3808,2849.467,2955.966,2954.237,0.9838
mixed,32,29,0.9062,4.0,1024,512,2048,8192,7616,4351.421,4578.492,4557.468,0.9074
mixed,32,29,0.9062,4.0,1024,512,4096,16384,15232,7362.71,7812.31,7786.267,0.9421
mixed,32,29,0.9062,4.0,1024,1024,128,512,476,1910.909,1938.045,1932.894,0.8102
mixed,32,29,0.9062,4.0,1024,1024,256,1024,952,2104.413,2139.743,2134.655,0.856
mixed,32,29,0.9062,4.0,1024,1024,512,2048,1904,2479.293,2544.67,2538.267,0.9021
mixed,32,29,0.9062,4.0,1024,1024,1024,4096,3808,3244.829,3347.035,3343.578,0.9662
mixed,32,29,0.9062,4.0,1024,1024,2048,8192,7616,4744.443,4973.598,4962.714,0.9525
mixed,32,29,0.9062,4.0,1024,1024,4096,16384,15232,7745.368,8206.009,8177.78,0.9387
mixed,32,29,0.9062,4.0,1024,2048,128,512,476,2694.266,2718.204,2714.655,0.8517
mixed,32,29,0.9062,4.0,1024,2048,256,1024,952,2882.973,2921.885,2923.676,1.046
mixed,32,29,0.9062,4.0,1024,2048,512,2048,1904,3262.27,3327.038,3317.084,0.8463
mixed,32,29,0.9062,4.0,1024,2048,1024,4096,3808,4028.221,4133.274,4123.804,0.9099
mixed,32,29,0.9062,4.0,1024,2048,2048,8192,7616,5533.721,5749.431,5740.729,0.9597
mixed,32,29,0.9062,4.0,1024,2048,4096,16384,15232,8527.413,8986.71,8947.829,0.9153
mixed,32,29,0.9062,4.0,1024,4096,128,512,476,4285.789,4322.364,4313.756,0.7646
mixed,32,29,0.9062,4.0,1024,4096,256,1024,952,4483.933,4527.866,4514.044,0.6854
mixed,32,29,0.9062,4.0,1024,4096,512,2048,1904,4849.018,4934.361,4900.279,0.6006
mixed,32,29,0.9062,4.0,1024,4096,1024,4096,3808,5612.283,5737.273,5731.513,0.9539
mixed,32,29,0.9062,4.0,1024,4096,2048,8192,7616,7133.175,7335.223,7335.768,1.0027
mixed,32,29,0.9062,4.0,1024,4096,4096,16384,15232,10126.613,10608.146,10558.806,0.8975
mixed,32,29,0.9062,4.0,1024,8192,128,512,476,7439.096,7479.383,7478.871,0.9873
mixed,32,29,0.9062,4.0,1024,8192,256,1024,952,7646.487,7662.005,7668.821,1.4392
mixed,32,29,0.9062,4.0,1024,8192,512,2048,1904,8034.517,8089.402,8089.845,1.0081
mixed,32,29,0.9062,4.0,1024,8192,1024,4096,3808,8787.639,8875.254,8882.673,1.0847
mixed,32,29,0.9062,4.0,1024,8192,2048,8192,7616,10282.612,10495.508,10491.732,0.9823
mixed,32,29,0.9062,4.0,1024,8192,4096,16384,15232,13304.496,13744.271,13706.51,0.9141
mixed,32,29,0.9062,4.0,2048,0,128,512,476,2522.683,2553.18,2552.061,0.9633
mixed,32,29,0.9062,4.0,2048,0,256,1024,952,2711.483,2753.279,2748.572,0.8874
mixed,32,29,0.9062,4.0,2048,0,512,2048,1904,3100.25,3160.829,3162.429,1.0264
mixed,32,29,0.9062,4.0,2048,0,1024,4096,3808,3841.178,3967.994,3955.802,0.9039
mixed,32,29,0.9062,4.0,2048,0,2048,8192,7616,5363.06,5576.089,5563.032,0.9387
mixed,32,29,0.9062,4.0,2048,0,4096,16384,15232,8373.814,8819.732,8793.396,0.9409
mixed,32,29,0.9062,4.0,2048,512,128,512,476,3370.013,3394.333,3397.852,1.1447
mixed,32,29,0.9062,4.0,2048,512,256,1024,952,3570.268,3599.739,3599.993,1.0086
mixed,32,29,0.9062,4.0,2048,512,512,2048,1904,3956.378,4011.802,4005.372,0.884
mixed,32,29,0.9062,4.0,2048,512,1024,4096,3808,4699.994,4811.645,4798.074,0.8785
mixed,32,29,0.9062,4.0,2048,512,2048,8192,7616,6200.632,6442.201,6413.242,0.8801
mixed,32,29,0.9062,4.0,2048,512,4096,16384,15232,9224.407,9669.845,9652.663,0.9614
mixed,32,29,0.9062,4.0,2048,1024,128,512,476,4215.545,4240.701,4239.549,0.9542
mixed,32,29,0.9062,4.0,2048,1024,256,1024,952,4406.942,4444.184,4442.778,0.9622
mixed,32,29,0.9062,4.0,2048,1024,512,2048,1904,4793.274,4849.882,4841.719,0.8558
mixed,32,29,0.9062,4.0,2048,1024,1024,4096,3808,5537.53,5654.072,5647.579,0.9443
mixed,32,29,0.9062,4.0,2048,1024,2048,8192,7616,7052.728,7264.888,7254.072,0.949
mixed,32,29,0.9062,4.0,2048,1024,4096,16384,15232,10051.636,10496.916,10477.429,0.9562
mixed,32,29,0.9062,4.0,2048,2048,128,512,476,5866.872,5900.505,5895.002,0.8364
mixed,32,29,0.9062,4.0,2048,2048,256,1024,952,6048.217,6093.847,6101.819,1.1747
mixed,32,29,0.9062,4.0,2048,2048,512,2048,1904,6443.546,6508.727,6484.825,0.6333
mixed,32,29,0.9062,4.0,2048,2048,1024,4096,3808,7194.682,7301.72,7306.168,1.0416
mixed,32,29,0.9062,4.0,2048,2048,2048,8192,7616,8703.032,8915.639,8927.761,1.057
mixed,32,29,0.9062,4.0,2048,2048,4096,16384,15232,11708.787,12158.036,12137.265,0.9538
mixed,32,29,0.9062,4.0,2048,4096,128,512,476,9089.332,9086.646,9090.616,
mixed,32,29,0.9062,4.0,2048,4096,256,1024,952,9265.879,9286.996,9309.014,2.0427
mixed,32,29,0.9062,4.0,2048,4096,512,2048,1904,9636.056,9689.493,9690.133,1.012
mixed,32,29,0.9062,4.0,2048,4096,1024,4096,3808,10407.632,10532.306,10495.444,0.7043
mixed,32,29,0.9062,4.0,2048,4096,2048,8192,7616,11928.464,12157.008,12118.961,0.8335
mixed,32,29,0.9062,4.0,2048,4096,4096,16384,15232,14938.381,15368.106,15345.839,0.9482
mixed,32,29,0.9062,4.0,2048,8192,128,512,476,15360.014,15394.248,15325.962,-0.9947
mixed,32,29,0.9062,4.0,2048,8192,256,1024,952,15562.83,15579.44,15592.399,1.7802
mixed,32,29,0.9062,4.0,2048,8192,512,2048,1904,15943.147,15976.692,15985.642,1.2668
mixed,32,29,0.9062,4.0,2048,8192,1024,4096,3808,16686.735,16836.971,16795.342,0.7229
mixed,32,29,0.9062,4.0,2048,8192,2048,8192,7616,18169.993,18438.347,18416.875,0.92
mixed,32,29,0.9062,4.0,2048,8192,4096,16384,15232,21176.838,21665.122,21649.765,0.9685
pure,64,1,0.0156,4.0,0,0,128,512,134,175.487,473.695,252.033,0.2567
pure,64,1,0.0156,4.0,0,0,256,1024,268,277.505,862.941,429.759,0.2601
pure,64,1,0.0156,4.0,0,0,512,2048,536,472.896,1650.013,792.862,0.2718
pure,64,1,0.0156,4.0,0,0,1024,4096,1072,887.263,3213.019,1528.927,0.2759
pure,64,1,0.0156,4.0,0,0,2048,8192,2144,1727.965,6359.672,2991.644,0.2728
pure,64,1,0.0156,4.0,0,0,4096,16384,4288,3359.741,12623.026,5909.208,0.2752
mixed,64,1,0.0156,4.0,16,0,128,512,134,201.856,499.84,277.377,0.2534
mixed,64,1,0.0156,4.0,16,0,256,1024,268,302.592,889.342,480.861,0.3038
mixed,64,1,0.0156,4.0,16,0,512,2048,536,504.063,1670.784,816.224,0.2676
mixed,64,1,0.0156,4.0,16,0,1024,4096,1072,919.166,3244.376,1531.2,0.2632
mixed,64,1,0.0156,4.0,16,0,2048,8192,2144,1746.429,6382.038,3022.781,0.2753
mixed,64,1,0.0156,4.0,16,0,4096,16384,4288,3390.81,12654.547,6361.144,0.3206
mixed,64,1,0.0156,4.0,16,512,128,512,134,244.286,537.088,320.864,0.2615
mixed,64,1,0.0156,4.0,16,512,256,1024,268,344.448,932.06,496.769,0.2592
mixed,64,1,0.0156,4.0,16,512,512,2048,536,545.023,1719.457,910.753,0.3114
mixed,64,1,0.0156,4.0,16,512,1024,4096,1072,957.791,3286.973,1575.005,0.265
mixed,64,1,0.0156,4.0,16,512,2048,8192,2144,1791.869,6420.919,3053.5,0.2725
mixed,64,1,0.0156,4.0,16,512,4096,16384,4288,3427.676,12680.274,5984.794,0.2764
mixed,64,1,0.0156,4.0,16,1024,128,512,134,250.72,543.263,320.575,0.2388
mixed,64,1,0.0156,4.0,16,1024,256,1024,268,349.247,939.519,496.991,0.2503
mixed,64,1,0.0156,4.0,16,1024,512,2048,536,552.095,1724.61,877.47,0.2775
mixed,64,1,0.0156,4.0,16,1024,1024,4096,1072,962.339,3288.0,1605.181,0.2764
mixed,64,1,0.0156,4.0,16,1024,2048,8192,2144,1797.692,6427.576,3079.355,0.2768
mixed,64,1,0.0156,4.0,16,1024,4096,16384,4288,3437.213,12688.369,6810.611,0.3646
mixed,64,1,0.0156,4.0,16,2048,128,512,134,257.121,554.464,327.87,0.2379
mixed,64,1,0.0156,4.0,16,2048,256,1024,268,357.537,944.384,514.528,0.2675
mixed,64,1,0.0156,4.0,16,2048,512,2048,536,557.056,1731.837,874.014,0.2698
mixed,64,1,0.0156,4.0,16,2048,1024,4096,1072,975.168,3295.418,1692.763,0.3093
mixed,64,1,0.0156,4.0,16,2048,2048,8192,2144,1802.334,6430.585,3290.907,0.3216
mixed,64,1,0.0156,4.0,16,2048,4096,16384,4288,3442.267,12699.251,6408.278,0.3204
mixed,64,1,0.0156,4.0,16,4096,128,512,134,291.008,593.407,397.344,0.3516
mixed,64,1,0.0156,4.0,16,4096,256,1024,268,392.094,982.845,553.695,0.2736
mixed,64,1,0.0156,4.0,16,4096,512,2048,536,595.007,1767.325,903.677,0.2633
mixed,64,1,0.0156,4.0,16,4096,1024,4096,1072,1008.029,3334.298,1587.231,0.249
mixed,64,1,0.0156,4.0,16,4096,2048,8192,2144,1844.444,6474.359,3268.092,0.3075
mixed,64,1,0.0156,4.0,16,4096,4096,16384,4288,3480.987,12735.279,6459.064,0.3218
mixed,64,1,0.0156,4.0,16,8192,128,512,134,345.152,647.68,420.031,0.2475
mixed,64,1,0.0156,4.0,16,8192,256,1024,268,448.769,1034.912,601.185,0.26
mixed,64,1,0.0156,4.0,16,8192,512,2048,536,646.304,1816.093,967.103,0.2742
mixed,64,1,0.0156,4.0,16,8192,1024,4096,1072,1063.359,3389.85,1686.046,0.2677
mixed,64,1,0.0156,4.0,16,8192,2048,8192,2144,1899.07,6526.197,3173.692,0.2755
mixed,64,1,0.0156,4.0,16,8192,4096,16384,4288,3535.961,12795.697,6500.438,0.3201
mixed,64,1,0.0156,4.0,32,0,128,512,134,240.446,538.273,307.905,0.2265
mixed,64,1,0.0156,4.0,32,0,256,1024,268,342.432,927.518,495.102,0.2609
mixed,64,1,0.0156,4.0,32,0,512,2048,536,537.728,1710.173,833.597,0.2524
mixed,64,1,0.0156,4.0,32,0,1024,4096,1072,958.398,3286.301,1594.239,0.2731
mixed,64,1,0.0156,4.0,32,0,2048,8192,2144,1791.453,6422.137,3014.716,0.2642
mixed,64,1,0.0156,4.0,32,0,4096,16384,4288,3426.651,12685.168,6801.239,0.3645
mixed,64,1,0.0156,4.0,32,512,128,512,134,284.737,579.293,360.767,0.2581
mixed,64,1,0.0156,4.0,32,512,256,1024,268,388.864,970.336,530.72,0.244
mixed,64,1,0.0156,4.0,32,512,512,2048,536,583.294,1756.573,903.295,0.2727
mixed,64,1,0.0156,4.0,32,512,1024,4096,1072,999.2,3328.124,1640.253,0.2753
mixed,64,1,0.0156,4.0,32,512,2048,8192,2144,1838.27,6461.109,3104.988,0.274
mixed,64,1,0.0156,4.0,32,512,4096,16384,4288,3469.309,12732.815,5947.768,0.2676
mixed,64,1,0.0156,4.0,32,1024,128,512,134,291.359,587.295,369.246,0.2632
mixed,64,1,0.0156,4.0,32,1024,256,1024,268,392.479,980.159,547.264,0.2634
mixed,64,1,0.0156,4.0,32,1024,512,2048,536,593.79,1763.485,899.583,0.2614
mixed,64,1,0.0156,4.0,32,1024,1024,4096,1072,1010.208,3336.155,1648.991,0.2746
mixed,64,1,0.0156,4.0,32,1024,2048,8192,2144,1836.798,6471.03,3106.971,0.2741
mixed,64,1,0.0156,4.0,32,1024,4096,16384,4288,3479.355,12745.198,6454.679,0.3211
mixed,64,1,0.0156,4.0,32,2048,128,512,134,306.528,609.344,395.551,0.294
mixed,64,1,0.0156,4.0,32,2048,256,1024,268,408.928,996.449,561.181,0.2591
mixed,64,1,0.0156,4.0,32,2048,512,2048,536,611.87,1780.956,917.759,0.2616
mixed,64,1,0.0156,4.0,32,2048,1024,4096,1072,1025.983,3355.995,1620.929,0.2553
mixed,64,1,0.0156,4.0,32,2048,2048,8192,2144,1853.916,6481.91,3324.22,0.3177
mixed,64,1,0.0156,4.0,32,2048,4096,16384,4288,3493.661,12752.398,6052.474,0.2764
mixed,64,1,0.0156,4.0,32,4096,128,512,134,397.376,695.936,471.616,0.2487
mixed,64,1,0.0156,4.0,32,4096,256,1024,268,496.607,1087.488,680.319,0.3109
mixed,64,1,0.0156,4.0,32,4096,512,2048,536,697.087,1866.46,1016.094,0.2728
mixed,64,1,0.0156,4.0,32,4096,1024,4096,1072,1113.246,3435.931,1709.98,0.2569
mixed,64,1,0.0156,4.0,32,4096,2048,8192,2144,1943.326,6580.663,3175.644,0.2657
mixed,64,1,0.0156,4.0,32,4096,4096,16384,4288,3590.139,12848.466,6154.841,0.277
mixed,64,1,0.0156,4.0,32,8192,128,512,134,507.457,803.935,578.751,0.2405
mixed,64,1,0.0156,4.0,32,8192,256,1024,268,605.343,1196.095,760.446,0.2626
mixed,64,1,0.0156,4.0,32,8192,512,2048,536,806.721,1980.958,1137.47,0.2817
mixed,64,1,0.0156,4.0,32,8192,1024,4096,1072,1221.951,3544.412,1864.67,0.2767
mixed,64,1,0.0156,4.0,32,8192,2048,8192,2144,2053.181,6692.886,3338.713,0.2771
mixed,64,1,0.0156,4.0,32,8192,4096,16384,4288,3702.331,12954.064,6975.317,0.3538
mixed,64,1,0.0156,4.0,64,0,128,512,134,243.742,540.128,314.848,0.2399
mixed,64,1,0.0156,4.0,64,0,256,1024,268,344.095,934.815,507.392,0.2764
mixed,64,1,0.0156,4.0,64,0,512,2048,536,547.007,1718.719,923.07,0.321
mixed,64,1,0.0156,4.0,64,0,1024,4096,1072,956.352,3284.762,1601.759,0.2772
mixed,64,1,0.0156,4.0,64,0,2048,8192,2144,1790.495,6421.431,3285.052,0.3227
mixed,64,1,0.0156,4.0,64,0,4096,16384,4288,3438.556,12686.924,5896.473,0.2658
mixed,64,1,0.0156,4.0,64,512,128,512,134,300.001,600.191,375.104,0.2502
mixed,64,1,0.0156,4.0,64,512,256,1024,268,404.127,989.055,555.903,0.2595
mixed,64,1,0.0156,4.0,64,512,512,2048,536,600.448,1772.51,913.888,0.2674
mixed,64,1,0.0156,4.0,64,512,1024,4096,1072,1017.728,3343.611,1632.861,0.2645
mixed,64,1,0.0156,4.0,64,512,2048,8192,2144,1851.036,6485.271,3073.275,0.2637
mixed,64,1,0.0156,4.0,64,512,4096,16384,4288,3490.426,12749.583,6062.457,0.2778
mixed,64,1,0.0156,4.0,64,1024,128,512,134,358.849,658.142,436.766,0.2603
mixed,64,1,0.0156,4.0,64,1024,256,1024,268,460.64,1047.901,618.656,0.2691
mixed,64,1,0.0156,4.0,64,1024,512,2048,536,660.798,1831.323,967.742,0.2622
mixed,64,1,0.0156,4.0,64,1024,1024,4096,1072,1081.794,3408.121,1720.607,0.2746
mixed,64,1,0.0156,4.0,64,1024,2048,8192,2144,1902.877,6541.113,3142.557,0.2673
mixed,64,1,0.0156,4.0,64,1024,4096,16384,4288,3549.308,12811.056,6111.831,0.2767
mixed,64,1,0.0156,4.0,64,2048,128,512,134,398.527,694.946,470.495,0.2428
mixed,64,1,0.0156,4.0,64,2048,256,1024,268,497.825,1085.023,660.03,0.2762
mixed,64,1,0.0156,4.0,64,2048,512,2048,536,702.559,1875.868,1015.293,0.2665
mixed,64,1,0.0156,4.0,64,2048,1024,4096,1072,1114.145,3436.667,1751.005,0.2742
mixed,64,1,0.0156,4.0,64,2048,2048,8192,2144,1945.211,6571.478,3222.271,0.276
mixed,64,1,0.0156,4.0,64,2048,4096,16384,4288,3587.546,12845.198,6142.682,0.276
mixed,64,1,0.0156,4.0,64,4096,128,512,134,499.999,798.848,585.568,0.2863
mixed,64,1,0.0156,4.0,64,4096,256,1024,268,603.423,1191.23,756.158,0.2598
mixed,64,1,0.0156,4.0,64,4096,512,2048,536,802.399,1973.916,1131.838,0.2812
mixed,64,1,0.0156,4.0,64,4096,1024,4096,1072,1217.152,3549.243,1861.437,0.2763
mixed,64,1,0.0156,4.0,64,4096,2048,8192,2144,2050.717,6684.148,3324.955,0.275
mixed,64,1,0.0156,4.0,64,4096,4096,16384,4288,3695.323,12954.604,6053.434,0.2547
mixed,64,1,0.0156,4.0,64,8192,128,512,134,707.295,1005.119,779.806,0.2435
mixed,64,1,0.0156,4.0,64,8192,256,1024,268,813.407,1402.141,969.342,0.2649
mixed,64,1,0.0156,4.0,64,8192,512,2048,536,1009.022,2180.154,1337.152,0.2802
mixed,64,1,0.0156,4.0,64,8192,1024,4096,1072,1425.084,3749.979,2145.215,0.3097
mixed,64,1,0.0156,4.0,64,8192,2048,8192,2144,2252.731,6895.83,3476.637,0.2636
mixed,64,1,0.0156,4.0,64,8192,4096,16384,4288,3892.859,13159.404,7277.208,0.3652
mixed,64,1,0.0156,4.0,128,0,128,512,134,268.319,567.008,345.695,0.2591
mixed,64,1,0.0156,4.0,128,0,256,1024,268,368.287,953.983,526.144,0.2695
mixed,64,1,0.0156,4.0,128,0,512,2048,536,568.157,1740.669,883.615,0.269
mixed,64,1,0.0156,4.0,128,0,1024,4096,1072,981.598,3305.146,1631.71,0.2798
mixed,64,1,0.0156,4.0,128,0,2048,8192,2144,1816.061,6445.942,3301.054,0.3207
mixed,64,1,0.0156,4.0,128,0,4096,16384,4288,3463.227,12724.497,6017.462,0.2758
mixed,64,1,0.0156,4.0,128,512,128,512,134,399.103,695.712,476.736,0.2617
mixed,64,1,0.0156,4.0,128,512,256,1024,268,500.64,1089.469,683.232,0.3101
mixed,64,1,0.0156,4.0,128,512,512,2048,536,700.159,1877.245,1020.159,0.2719
mixed,64,1,0.0156,4.0,128,512,1024,4096,1072,1116.959,3442.587,1841.246,0.3114
mixed,64,1,0.0156,4.0,128,512,2048,8192,2144,1947.517,6588.183,3422.842,0.3179
mixed,64,1,0.0156,4.0,128,512,4096,16384,4288,3590.362,12850.704,6562.519,0.321
mixed,64,1,0.0156,4.0,128,1024,128,512,134,467.168,764.445,558.464,0.3071
mixed,64,1,0.0156,4.0,128,1024,256,1024,268,565.567,1154.623,725.631,0.2717
mixed,64,1,0.0156,4.0,128,1024,512,2048,536,765.537,1940.287,1084.606,0.2716
mixed,64,1,0.0156,4.0,128,1024,1024,4096,1072,1182.623,3512.408,1801.247,0.2655
mixed,64,1,0.0156,4.0,128,1024,2048,8192,2144,2013.184,6643.83,3243.003,0.2656
mixed,64,1,0.0156,4.0,128,1024,4096,16384,4288,3660.67,12920.142,6629.241,0.3206
mixed,64,1,0.0156,4.0,128,2048,128,512,134,567.614,863.777,644.957,0.2612
mixed,64,1,0.0156,4.0,128,2048,256,1024,268,669.343,1256.414,826.592,0.2679
mixed,64,1,0.0156,4.0,128,2048,512,2048,536,867.072,2041.789,1182.751,0.2687
mixed,64,1,0.0156,4.0,128,2048,1024,4096,1072,1282.366,3607.389,1905.278,0.2679
mixed,64,1,0.0156,4.0,128,2048,2048,8192,2144,2114.526,6756.119,3334.94,0.2629
mixed,64,1,0.0156,4.0,128,2048,4096,16384,4288,3756.155,13009.612,6224.375,0.2667
mixed,64,1,0.0156,4.0,128,4096,128,512,134,767.104,1066.591,840.865,0.2463
mixed,64,1,0.0156,4.0,128,4096,256,1024,268,867.041,1455.902,1022.367,0.2638
mixed,64,1,0.0156,4.0,128,4096,512,2048,536,1066.941,2237.374,1384.257,0.2711
mixed,64,1,0.0156,4.0,128,4096,1024,4096,1072,1487.967,3803.546,2101.502,0.265
mixed,64,1,0.0156,4.0,128,4096,2048,8192,2144,2309.694,6947.896,3693.819,0.2984
mixed,64,1,0.0156,4.0,128,4096,4096,16384,4288,3960.315,13222.415,6835.799,0.3105
mixed,64,1,0.0156,4.0,128,8192,128,512,134,1163.423,1462.815,1248.862,0.2854
mixed,64,1,0.0156,4.0,128,8192,256,1024,268,1261.727,1856.639,1411.326,0.2515
mixed,64,1,0.0156,4.0,128,8192,512,2048,536,1462.911,2637.307,1788.511,0.2772
mixed,64,1,0.0156,4.0,128,8192,1024,4096,1072,1879.134,4202.554,2494.141,0.2647
mixed,64,1,0.0156,4.0,128,8192,2048,8192,2144,2709.373,7338.773,3895.866,0.2563
mixed,64,1,0.0156,4.0,128,8192,4096,16384,4288,4351.868,13615.822,6917.335,0.2769
mixed,64,1,0.0156,4.0,256,0,128,512,134,389.025,686.496,465.664,0.2576
mixed,64,1,0.0156,4.0,256,0,256,1024,268,491.231,1076.286,643.489,0.2602
mixed,64,1,0.0156,4.0,256,0,512,2048,536,689.438,1866.847,1008.189,0.2707
mixed,64,1,0.0156,4.0,256,0,1024,4096,1072,1103.808,3435.356,1725.342,0.2666
mixed,64,1,0.0156,4.0,256,0,2048,8192,2144,1938.781,6568.729,3422.65,0.3205
mixed,64,1,0.0156,4.0,256,0,4096,16384,4288,3580.508,12838.479,6122.84,0.2746
mixed,64,1,0.0156,4.0,256,512,128,512,134,518.399,817.788,591.906,0.2455
mixed,64,1,0.0156,4.0,256,512,256,1024,268,619.327,1211.007,782.495,0.2758
mixed,64,1,0.0156,4.0,256,512,512,2048,536,821.823,1992.414,1199.198,0.3224
mixed,64,1,0.0156,4.0,256,512,1024,4096,1072,1234.557,3562.907,1806.911,0.2458
mixed,64,1,0.0156,4.0,256,512,2048,8192,2144,2068.959,6698.679,3293.113,0.2644
mixed,64,1,0.0156,4.0,256,512,4096,16384,4288,3708.22,12974.829,6269.142,0.2764
mixed,64,1,0.0156,4.0,256,1024,128,512,134,618.431,915.583,693.793,0.2536
mixed,64,1,0.0156,4.0,256,1024,256,1024,268,715.967,1308.477,905.055,0.3191
mixed,64,1,0.0156,4.0,256,1024,512,2048,536,919.2,2094.527,1239.552,0.2726
mixed,64,1,0.0156,4.0,256,1024,1024,4096,1072,1336.896,3658.331,1904.352,0.2444
mixed,64,1,0.0156,4.0,256,1024,2048,8192,2144,2171.293,6798.838,3389.819,0.2633
mixed,64,1,0.0156,4.0,256,1024,4096,16384,4288,3813.914,13064.846,6774.871,0.3201
mixed,64,1,0.0156,4.0,256,2048,128,512,134,814.878,1114.429,893.213,0.2615
mixed,64,1,0.0156,4.0,256,2048,256,1024,268,914.687,1507.39,1094.43,0.3033
mixed,64,1,0.0156,4.0,256,2048,512,2048,536,1115.04,2291.07,1491.391,0.32
mixed,64,1,0.0156,4.0,256,2048,1024,4096,1072,1530.173,3857.114,2153.373,0.2678
mixed,64,1,0.0156,4.0,256,2048,2048,8192,2144,2362.718,6995.926,3639.836,0.2756
mixed,64,1,0.0156,4.0,256,2048,4096,16384,4288,3999.42,13254.252,6474.967,0.2675
mixed,64,1,0.0156,4.0,256,4096,128,512,134,1211.198,1510.305,1289.502,0.2618
mixed,64,1,0.0156,4.0,256,4096,256,1024,268,1315.292,1903.164,1467.969,0.2597
mixed,64,1,0.0156,4.0,256,4096,512,2048,536,1511.103,2692.541,1816.927,0.2589
mixed,64,1,0.0156,4.0,256,4096,1024,4096,1072,1925.18,4256.155,2523.294,0.2566
mixed,64,1,0.0156,4.0,256,4096,2048,8192,2144,2767.611,7400.245,3986.17,0.263
mixed,64,1,0.0156,4.0,256,4096,4096,16384,4288,4402.427,13656.366,7365.528,0.3202
mixed,64,1,0.0156,4.0,256,8192,128,512,134,2001.724,2301.086,2078.876,0.2577
mixed,64,1,0.0156,4.0,256,8192,256,1024,268,2102.109,2692.665,2257.533,0.2632
mixed,64,1,0.0156,4.0,256,8192,512,2048,536,2299.899,3473.502,2685.983,0.329
mixed,64,1,0.0156,4.0,256,8192,1024,4096,1072,2714.558,5037.593,3332.059,0.2658
mixed,64,1,0.0156,4.0,256,8192,2048,8192,2144,3547.738,8180.984,4727.739,0.2547
mixed,64,1,0.0156,4.0,256,8192,4096,16384,4288,5186.139,14454.475,8163.092,0.3212
mixed,64,1,0.0156,4.0,512,0,128,512,134,659.135,955.999,736.093,0.2592
mixed,64,1,0.0156,4.0,512,0,256,1024,268,760.991,1351.296,948.766,0.3181
mixed,64,1,0.0156,4.0,512,0,512,2048,536,961.087,2135.069,1338.877,0.3218
mixed,64,1,0.0156,4.0,512,0,1024,4096,1072,1377.182,3706.81,2020.382,0.2761
mixed,64,1,0.0156,4.0,512,0,2048,8192,2144,2205.179,6836.344,3433.404,0.2652
mixed,64,1,0.0156,4.0,512,0,4096,16384,4288,3850.235,13113.228,6786.807,0.317
mixed,64,1,0.0156,4.0,512,512,128,512,134,879.166,1175.741,966.528,0.2946
mixed,64,1,0.0156,4.0,512,512,256,1024,268,977.984,1567.295,1139.936,0.2748
mixed,64,1,0.0156,4.0,512,512,512,2048,536,1174.685,2356.893,1535.037,0.3048
mixed,64,1,0.0156,4.0,512,512,1024,4096,1072,1594.847,3918.459,2190.01,0.2561
mixed,64,1,0.0156,4.0,512,512,2048,8192,2144,2427.1,7065.27,3655.516,0.2648
mixed,64,1,0.0156,4.0,512,512,4096,16384,4288,4069.176,13339.854,6951.731,0.3109
mixed,64,1,0.0156,4.0,512,1024,128,512,134,1074.943,1373.76,1152.223,0.2586
mixed,64,1,0.0156,4.0,512,1024,256,1024,268,1176.191,1768.157,1340.383,0.2774
mixed,64,1,0.0156,4.0,512,1024,512,2048,536,1377.055,2552.123,1689.661,0.266
mixed,64,1,0.0156,4.0,512,1024,1024,4096,1072,1790.782,4116.602,2364.701,0.2468
mixed,64,1,0.0156,4.0,512,1024,2048,8192,2144,2623.132,7257.781,3746.682,0.2424
mixed,64,1,0.0156,4.0,512,1024,4096,16384,4288,4263.834,13527.721,6837.687,0.2778
mixed,64,1,0.0156,4.0,512,2048,128,512,134,1466.526,1766.301,1545.087,0.2621
mixed,64,1,0.0156,4.0,512,2048,256,1024,268,1572.286,2159.453,1726.237,0.2622
mixed,64,1,0.0156,4.0,512,2048,512,2048,536,1768.478,2943.9,2089.372,0.273
mixed,64,1,0.0156,4.0,512,2048,1024,4096,1072,2187.87,4508.825,2925.883,0.318
mixed,64,1,0.0156,4.0,512,2048,2048,8192,2144,3016.252,7653.973,4445.624,0.3082
mixed,64,1,0.0156,4.0,512,2048,4096,16384,4288,4659.866,13916.876,7141.201,0.268
mixed,64,1,0.0156,4.0,512,4096,128,512,134,2253.695,2553.47,2334.045,0.268
mixed,64,1,0.0156,4.0,512,4096,256,1024,268,2356.956,2950.139,2535.773,0.3015
mixed,64,1,0.0156,4.0,512,4096,512,2048,536,2557.435,3734.235,2866.361,0.2625
mixed,64,1,0.0156,4.0,512,4096,1024,4096,1072,2976.124,5302.263,3568.473,0.2546
mixed,64,1,0.0156,4.0,512,4096,2048,8192,2144,3808.442,8439.349,5037.626,0.2654
mixed,64,1,0.0156,4.0,512,4096,4096,16384,4288,5450.203,14698.475,7827.125,0.257
mixed,64,1,0.0156,4.0,512,8192,128,512,134,3833.758,4137.115,3910.652,0.2535
mixed,64,1,0.0156,4.0,512,8192,256,1024,268,3939.8,4519.352,4118.49,0.3083
mixed,64,1,0.0156,4.0,512,8192,512,2048,536,4138.263,5313.143,4455.671,0.2702
mixed,64,1,0.0156,4.0,512,8192,1024,4096,1072,4555.258,6876.278,5188.377,0.2728
mixed,64,1,0.0156,4.0,512,8192,2048,8192,2144,5384.345,10026.195,6604.437,0.2628
mixed,64,1,0.0156,4.0,512,8192,4096,16384,4288,7022.678,16286.186,9500.757,0.2675
mixed,64,1,0.0156,4.0,1024,0,128,512,134,988.192,1284.927,1062.046,0.2489
mixed,64,1,0.0156,4.0,1024,0,256,1024,268,1087.038,1678.717,1244.061,0.2654
mixed,64,1,0.0156,4.0,1024,0,512,2048,536,1288.637,2463.741,1667.581,0.3225
mixed,64,1,0.0156,4.0,1024,0,1024,4096,1072,1701.789,4030.202,2340.253,0.2742
mixed,64,1,0.0156,4.0,1024,0,2048,8192,2144,2533.981,7172.564,3802.65,0.2735
mixed,64,1,0.0156,4.0,1024,0,4096,16384,4288,4179.898,13431.371,6735.703,0.2763
mixed,64,1,0.0156,4.0,1024,512,128,512,134,1458.685,1759.038,1531.582,0.2427
mixed,64,1,0.0156,4.0,1024,512,256,1024,268,1557.214,2148.542,1718.303,0.2724
mixed,64,1,0.0156,4.0,1024,512,512,2048,536,1758.909,2928.892,2088.509,0.2817
mixed,64,1,0.0156,4.0,1024,512,1024,4096,1072,2172.797,4503.803,2816.027,0.2759
mixed,64,1,0.0156,4.0,1024,512,2048,8192,2144,3007.29,7637.044,4283.898,0.2757
mixed,64,1,0.0156,4.0,1024,512,4096,16384,4288,4646.776,13912.522,7209.716,0.2766
mixed,64,1,0.0156,4.0,1024,1024,128,512,134,1850.588,2149.469,1924.605,0.2476
mixed,64,1,0.0156,4.0,1024,1024,256,1024,268,1952.446,2537.465,2127.358,0.299
mixed,64,1,0.0156,4.0,1024,1024,512,2048,536,2150.973,3327.1,2483.13,0.2824
mixed,64,1,0.0156,4.0,1024,1024,1024,4096,1072,2565.082,4894.519,3179.963,0.264
mixed,64,1,0.0156,4.0,1024,1024,2048,8192,2144,3397.274,8028.5,4532.854,0.2452
mixed,64,1,0.0156,4.0,1024,1024,4096,16384,4288,5044.888,14295.37,7601.392,0.2764
mixed,64,1,0.0156,4.0,1024,2048,128,512,134,2629.85,2930.75,2718.621,0.295
mixed,64,1,0.0156,4.0,1024,2048,256,1024,268,2731.386,3323.544,2883.899,0.2576
mixed,64,1,0.0156,4.0,1024,2048,512,2048,536,2932.442,4107.193,3250.041,0.2704
mixed,64,1,0.0156,4.0,1024,2048,1024,4096,1072,3345.402,5677.654,3989.88,0.2763
mixed,64,1,0.0156,4.0,1024,2048,2048,8192,2144,4174.969,8804.787,5424.567,0.2699
mixed,64,1,0.0156,4.0,1024,2048,4096,16384,4288,5823.799,15081.607,8788.116,0.3202
mixed,64,1,0.0156,4.0,1024,4096,128,512,134,4221.914,4521.942,4310.619,0.2957
mixed,64,1,0.0156,4.0,1024,4096,256,1024,268,4313.049,4891.0,4486.52,0.3001
mixed,64,1,0.0156,4.0,1024,4096,512,2048,536,4536.6,5712.664,4833.685,0.2526
mixed,64,1,0.0156,4.0,1024,4096,1024,4096,1072,4954.455,7268.786,5777.717,0.3557
mixed,64,1,0.0156,4.0,1024,4096,2048,8192,2144,5785.238,10415.31,7042.676,0.2716
mixed,64,1,0.0156,4.0,1024,4096,4096,16384,4288,7426.067,16676.039,10389.323,0.3204
mixed,64,1,0.0156,4.0,1024,8192,128,512,134,7394.835,7686.741,7465.655,0.2426
mixed,64,1,0.0156,4.0,1024,8192,256,1024,268,7490.518,8083.385,7649.745,0.2686
mixed,64,1,0.0156,4.0,1024,8192,512,2048,536,7688.276,8866.319,8020.147,0.2817
mixed,64,1,0.0156,4.0,1024,8192,1024,4096,1072,8115.311,10426.317,8798.702,0.2957
mixed,64,1,0.0156,4.0,1024,8192,2048,8192,2144,8932.659,13561.322,10212.593,0.2765
mixed,64,1,0.0156,4.0,1024,8192,4096,16384,4288,10576.75,19836.259,13581.483,0.3245
mixed,64,1,0.0156,4.0,2048,0,128,512,134,2466.269,2757.309,2530.714,0.2214
mixed,64,1,0.0156,4.0,2048,0,256,1024,268,2559.293,3146.075,2751.258,0.3271
mixed,64,1,0.0156,4.0,2048,0,512,2048,536,2769.788,3939.259,3093.979,0.2772
mixed,64,1,0.0156,4.0,2048,0,1024,4096,1072,3178.813,5504.537,3801.848,0.2679
mixed,64,1,0.0156,4.0,2048,0,2048,8192,2144,4009.657,8649.427,5280.854,0.274
mixed,64,1,0.0156,4.0,2048,0,4096,16384,4288,5649.816,14907.115,8626.067,0.3215
mixed,64,1,0.0156,4.0,2048,512,128,512,134,3306.874,3605.691,3387.164,0.2687
mixed,64,1,0.0156,4.0,2048,512,256,1024,268,3406.586,3999.863,3564.219,0.2657
mixed,64,1,0.0156,4.0,2048,512,512,2048,536,3610.362,4790.711,3976.538,0.3102
mixed,64,1,0.0156,4.0,2048,512,1024,4096,1072,4024.858,6351.224,4641.402,0.265
mixed,64,1,0.0156,4.0,2048,512,2048,8192,2144,4869.048,9507.952,6137.111,0.2734
mixed,64,1,0.0156,4.0,2048,512,4096,16384,4288,6506.774,15760.681,9070.836,0.2771
mixed,64,1,0.0156,4.0,2048,1024,128,512,134,4147.928,4442.776,4228.026,0.2717
mixed,64,1,0.0156,4.0,2048,1024,256,1024,268,4246.81,4841.786,4415.576,0.2837
mixed,64,1,0.0156,4.0,2048,1024,512,2048,536,4457.018,5621.399,4771.383,0.27
mixed,64,1,0.0156,4.0,2048,1024,1024,4096,1072,4872.504,7189.876,5484.919,0.2643
mixed,64,1,0.0156,4.0,2048,1024,2048,8192,2144,5696.596,10330.415,7177.876,0.3197
mixed,64,1,0.0156,4.0,2048,1024,4096,16384,4288,7338.865,16607.624,10708.944,0.3636
mixed,64,1,0.0156,4.0,2048,2048,128,512,134,5811.735,6088.854,5875.287,0.2293
mixed,64,1,0.0156,4.0,2048,2048,256,1024,268,5901.683,6494.613,6068.631,0.2816
mixed,64,1,0.0156,4.0,2048,2048,512,2048,536,6110.581,7286.966,6418.068,0.2614
mixed,64,1,0.0156,4.0,2048,2048,1024,4096,1072,6504.501,8862.645,7106.964,0.2555
mixed,64,1,0.0156,4.0,2048,2048,2048,8192,2144,7367.189,12003.309,8656.309,0.2781
mixed,64,1,0.0156,4.0,2048,2048,4096,16384,4288,9010.867,18244.481,11551.054,0.2751
mixed,64,1,0.0156,4.0,2048,4096,128,512,134,8992.719,9306.769,9071.827,0.2519
mixed,64,1,0.0156,4.0,2048,4096,256,1024,268,9086.8,9695.825,9258.639,0.2822
mixed,64,1,0.0156,4.0,2048,4096,512,2048,536,9289.937,10476.654,9600.559,0.2617
mixed,64,1,0.0156,4.0,2048,4096,1024,4096,1072,9725.873,12049.13,10372.717,0.2784
mixed,64,1,0.0156,4.0,2048,4096,2048,8192,2144,10557.199,15197.097,11782.606,0.2641
mixed,64,1,0.0156,4.0,2048,4096,4096,16384,4288,12193.644,21436.768,14758.279,0.2775
mixed,64,1,0.0156,4.0,2048,8192,128,512,134,15294.821,15596.165,15369.222,0.2469
mixed,64,1,0.0156,4.0,2048,8192,256,1024,268,15386.628,15954.823,15518.087,0.2314
mixed,64,1,0.0156,4.0,2048,8192,512,2048,536,15595.018,16795.811,15924.933,0.2747
mixed,64,1,0.0156,4.0,2048,8192,1024,4096,1072,15990.533,18356.673,16556.202,0.2391
mixed,64,1,0.0156,4.0,2048,8192,2048,8192,2144,16868.006,21451.423,18307.427,0.314
mixed,64,1,0.0156,4.0,2048,8192,4096,16384,4288,18450.594,27724.879,21820.926,0.3634
pure,64,2,0.0312,4.0,0,0,128,512,140,172.224,463.776,259.648,0.2999
pure,64,2,0.0312,4.0,0,0,256,1024,280,278.624,863.615,443.328,0.2815
pure,64,2,0.0312,4.0,0,0,512,2048,560,496.735,1644.543,828.606,0.2891
pure,64,2,0.0312,4.0,0,0,1024,4096,1120,937.567,3214.586,1601.564,0.2916
pure,64,2,0.0312,4.0,0,0,2048,8192,2240,1795.485,6359.252,3162.138,0.2995
pure,64,2,0.0312,4.0,0,0,4096,16384,4480,3508.953,12624.458,6263.828,0.3022
mixed,64,2,0.0312,4.0,16,0,128,512,140,202.112,499.2,280.446,0.2637
mixed,64,2,0.0312,4.0,16,0,256,1024,280,306.688,889.373,459.712,0.2626
mixed,64,2,0.0312,4.0,16,0,512,2048,560,524.351,1673.535,825.119,0.2617
mixed,64,2,0.0312,4.0,16,0,1024,4096,1120,963.005,3241.306,1503.71,0.2373
mixed,64,2,0.0312,4.0,16,0,2048,8192,2240,1823.421,6381.623,2918.778,0.2403
mixed,64,2,0.0312,4.0,16,0,4096,16384,4480,3543.161,12654.286,5720.405,0.239
mixed,64,2,0.0312,4.0,16,512,128,512,140,244.861,539.936,334.913,0.3052
mixed,64,2,0.0312,4.0,16,512,256,1024,280,344.544,933.376,508.158,0.2779
mixed,64,2,0.0312,4.0,16,512,512,2048,560,566.878,1711.453,866.302,0.2616
mixed,64,2,0.0312,4.0,16,512,1024,4096,1120,1005.597,3284.476,1546.91,0.2375
mixed,64,2,0.0312,4.0,16,512,2048,8192,2240,1865.372,6430.708,3008.443,0.2504
mixed,64,2,0.0312,4.0,16,512,4096,16384,4480,3580.314,12687.245,5867.734,0.2512
mixed,64,2,0.0312,4.0,16,1024,128,512,140,249.888,548.861,337.505,0.2931
mixed,64,2,0.0312,4.0,16,1024,256,1024,280,353.793,936.768,512.318,0.2719
mixed,64,2,0.0312,4.0,16,1024,512,2048,560,569.056,1724.03,934.785,0.3167
mixed,64,2,0.0312,4.0,16,1024,1024,4096,1120,1012.831,3293.595,1572.669,0.2455
mixed,64,2,0.0312,4.0,16,1024,2048,8192,2240,1868.829,6425.877,2994.745,0.2471
mixed,64,2,0.0312,4.0,16,1024,4096,16384,4480,3588.794,12689.707,5876.407,0.2514
mixed,64,2,0.0312,4.0,16,2048,128,512,140,257.216,555.71,345.312,0.2951
mixed,64,2,0.0312,4.0,16,2048,256,1024,280,359.681,946.43,511.423,0.2586
mixed,64,2,0.0312,4.0,16,2048,512,2048,560,577.118,1732.413,940.639,0.3147
mixed,64,2,0.0312,4.0,16,2048,1024,4096,1120,1019.807,3296.444,1557.502,0.2362
mixed,64,2,0.0312,4.0,16,2048,2048,8192,2240,1877.119,6437.717,2974.393,0.2406
mixed,64,2,0.0312,4.0,16,2048,4096,16384,4480,3594.362,12694.571,5779.541,0.2401
mixed,64,2,0.0312,4.0,16,4096,128,512,140,295.873,590.591,384.638,0.3012
mixed,64,2,0.0312,4.0,16,4096,256,1024,280,395.934,983.262,580.16,0.3137
mixed,64,2,0.0312,4.0,16,4096,512,2048,560,618.111,1765.629,928.992,0.2709
mixed,64,2,0.0312,4.0,16,4096,1024,4096,1120,1055.166,3331.131,1624.766,0.2503
mixed,64,2,0.0312,4.0,16,4096,2048,8192,2240,1913.566,6475.864,3002.459,0.2387
mixed,64,2,0.0312,4.0,16,4096,4096,16384,4480,3629.179,12731.496,5815.607,0.2402
mixed,64,2,0.0312,4.0,16,8192,128,512,140,346.752,645.12,426.752,0.2681
mixed,64,2,0.0312,4.0,16,8192,256,1024,280,450.496,1035.517,635.072,0.3155
mixed,64,2,0.0312,4.0,16,8192,512,2048,560,671.327,1825.754,1016.671,0.2991
mixed,64,2,0.0312,4.0,16,8192,1024,4096,1120,1110.654,3389.563,1705.214,0.2609
mixed,64,2,0.0312,4.0,16,8192,2048,8192,2240,1968.445,6522.196,3143.357,0.258
mixed,64,2,0.0312,4.0,16,8192,4096,16384,4480,3682.842,12794.762,5962.902,0.2502
mixed,64,2,0.0312,4.0,32,0,128,512,140,240.32,534.559,330.015,0.3048
mixed,64,2,0.0312,4.0,32,0,256,1024,280,343.968,927.615,501.471,0.2699
mixed,64,2,0.0312,4.0,32,0,512,2048,560,562.941,1714.204,861.567,0.2594
mixed,64,2,0.0312,4.0,32,0,1024,4096,1120,1001.372,3278.62,1662.238,0.2902
mixed,64,2,0.0312,4.0,32,0,2048,8192,2240,1861.404,6420.471,2991.611,0.2479
mixed,64,2,0.0312,4.0,32,0,4096,16384,4480,3578.361,12695.692,5761.174,0.2394
mixed,64,2,0.0312,4.0,32,512,128,512,140,283.264,582.56,358.816,0.2524
mixed,64,2,0.0312,4.0,32,512,256,1024,280,387.392,974.078,546.529,0.2712
mixed,64,2,0.0312,4.0,32,512,512,2048,560,606.657,1758.718,918.974,0.2711
mixed,64,2,0.0312,4.0,32,512,1024,4096,1120,1045.472,3325.659,1603.741,0.2448
mixed,64,2,0.0312,4.0,32,512,2048,8192,2240,1907.356,6465.398,3027.322,0.2457
mixed,64,2,0.0312,4.0,32,512,4096,16384,4480,3624.346,12734.987,5999.605,0.2607
mixed,64,2,0.0312,4.0,32,1024,128,512,140,292.287,589.951,382.878,0.3043
mixed,64,2,0.0312,4.0,32,1024,256,1024,280,396.383,979.326,579.903,0.3148
mixed,64,2,0.0312,4.0,32,1024,512,2048,560,611.262,1768.382,904.606,0.2535
mixed,64,2,0.0312,4.0,32,1024,1024,4096,1120,1053.663,3331.066,1632.798,0.2543
mixed,64,2,0.0312,4.0,32,1024,2048,8192,2240,1914.047,6473.62,3036.09,0.2461
mixed,64,2,0.0312,4.0,32,1024,4096,16384,4480,3626.458,12742.507,5815.509,0.2401
mixed,64,2,0.0312,4.0,32,2048,128,512,140,305.725,608.417,394.401,0.293
mixed,64,2,0.0312,4.0,32,2048,256,1024,280,408.351,997.919,573.182,0.2796
mixed,64,2,0.0312,4.0,32,2048,512,2048,560,629.791,1781.407,993.5,0.3158
mixed,64,2,0.0312,4.0,32,2048,1024,4096,1120,1071.838,3357.019,1608.988,0.2351
mixed,64,2,0.0312,4.0,32,2048,2048,8192,2240,1925.149,6489.141,3012.985,0.2384
mixed,64,2,0.0312,4.0,32,2048,4096,16384,4480,3644.73,12758.863,6021.492,0.2608
mixed,64,2,0.0312,4.0,32,4096,128,512,140,398.272,696.926,476.222,0.261
mixed,64,2,0.0312,4.0,32,4096,256,1024,280,499.006,1082.784,686.814,0.3217
mixed,64,2,0.0312,4.0,32,4096,512,2048,560,716.414,1866.941,1018.974,0.263
mixed,64,2,0.0312,4.0,32,4096,1024,4096,1120,1160.126,3432.893,1959.804,0.3519
mixed,64,2,0.0312,4.0,32,4096,2048,8192,2240,2019.802,6570.903,3094.814,0.2362
mixed,64,2,0.0312,4.0,32,4096,4096,16384,4480,3735.77,12846.315,6010.421,0.2497
mixed,64,2,0.0312,4.0,32,8192,128,512,140,507.264,803.808,596.481,0.3009
mixed,64,2,0.0312,4.0,32,8192,256,1024,280,610.592,1194.941,815.517,0.3507
mixed,64,2,0.0312,4.0,32,8192,512,2048,560,828.798,1981.789,1183.805,0.3079
mixed,64,2,0.0312,4.0,32,8192,1024,4096,1120,1267.868,3547.546,1871.228,0.2647
mixed,64,2,0.0312,4.0,32,8192,2048,8192,2240,2129.407,6682.1,3305.178,0.2583
mixed,64,2,0.0312,4.0,32,8192,4096,16384,4480,3842.493,12953.321,6109.173,0.2488
mixed,64,2,0.0312,4.0,64,0,128,512,140,244.768,542.624,333.694,0.2986
mixed,64,2,0.0312,4.0,64,0,256,1024,280,348.576,932.861,502.655,0.2637
mixed,64,2,0.0312,4.0,64,0,512,2048,560,564.191,1716.031,930.015,0.3176
mixed,64,2,0.0312,4.0,64,0,1024,4096,1120,1004.478,3284.764,1663.168,0.2889
mixed,64,2,0.0312,4.0,64,0,2048,8192,2240,1860.156,6422.772,2947.482,0.2383
mixed,64,2,0.0312,4.0,64,0,4096,16384,4480,3578.679,12699.082,5844.663,0.2485
mixed,64,2,0.0312,4.0,64,512,128,512,140,303.167,597.759,378.526,0.2558
mixed,64,2,0.0312,4.0,64,512,256,1024,280,404.063,991.647,562.814,0.2702
mixed,64,2,0.0312,4.0,64,512,512,2048,560,622.941,1771.421,987.071,0.3171
mixed,64,2,0.0312,4.0,64,512,1024,4096,1120,1066.335,3342.522,1642.302,0.253
mixed,64,2,0.0312,4.0,64,512,2048,8192,2240,1923.326,6481.974,3053.596,0.2479
mixed,64,2,0.0312,4.0,64,512,4096,16384,4480,3638.105,12750.252,5809.432,0.2383
mixed,64,2,0.0312,4.0,64,1024,128,512,140,358.014,656.446,439.008,0.2714
mixed,64,2,0.0312,4.0,64,1024,256,1024,280,464.928,1049.47,625.762,0.2751
mixed,64,2,0.0312,4.0,64,1024,512,2048,560,680.223,1834.683,1033.022,0.3056
mixed,64,2,0.0312,4.0,64,1024,1024,4096,1120,1123.102,3405.118,1705.884,0.2554
mixed,64,2,0.0312,4.0,64,1024,2048,8192,2240,1981.499,6543.443,3065.146,0.2375
mixed,64,2,0.0312,4.0,64,1024,4096,16384,4480,3704.252,12813.77,5881.367,0.239
mixed,64,2,0.0312,4.0,64,2048,128,512,140,400.288,697.759,471.584,0.2397
mixed,64,2,0.0312,4.0,64,2048,256,1024,280,499.934,1089.244,712.319,0.3604
mixed,64,2,0.0312,4.0,64,2048,512,2048,560,722.208,1871.484,1089.821,0.3199
mixed,64,2,0.0312,4.0,64,2048,1024,4096,1120,1163.998,3450.426,1717.436,0.2421
mixed,64,2,0.0312,4.0,64,2048,2048,8192,2240,2018.013,6577.303,3152.507,0.2488
mixed,64,2,0.0312,4.0,64,2048,4096,16384,4480,3734.075,12845.868,5909.784,0.2388
mixed,64,2,0.0312,4.0,64,4096,128,512,140,500.928,799.903,592.061,0.3048
mixed,64,2,0.0312,4.0,64,4096,256,1024,280,605.183,1191.614,764.702,0.272
mixed,64,2,0.0312,4.0,64,4096,512,2048,560,820.608,1977.628,1184.83,0.3148
mixed,64,2,0.0312,4.0,64,4096,1024,4096,1120,1264.605,3544.057,1842.781,0.2536
mixed,64,2,0.0312,4.0,64,4096,2048,8192,2240,2123.58,6681.08,3480.538,0.2977
mixed,64,2,0.0312,4.0,64,4096,4096,16384,4480,3840.539,12944.809,6086.163,0.2467
mixed,64,2,0.0312,4.0,64,8192,128,512,140,708.382,1007.552,788.093,0.2664
mixed,64,2,0.0312,4.0,64,8192,256,1024,280,809.791,1396.092,998.078,0.3211
mixed,64,2,0.0312,4.0,64,8192,512,2048,560,1030.269,2181.949,1338.525,0.2677
mixed,64,2,0.0312,4.0,64,8192,1024,4096,1120,1471.422,3748.63,2044.763,0.2518
mixed,64,2,0.0312,4.0,64,8192,2048,8192,2240,2328.092,6891.959,3490.362,0.2547
mixed,64,2,0.0312,4.0,64,8192,4096,16384,4480,4047.033,13169.737,6310.995,0.2482
mixed,64,2,0.0312,4.0,128,0,128,512,140,267.52,566.752,345.151,0.2594
mixed,64,2,0.0312,4.0,128,0,256,1024,280,367.519,956.83,529.631,0.2751
mixed,64,2,0.0312,4.0,128,0,512,2048,560,591.838,1741.213,907.678,0.2748
mixed,64,2,0.0312,4.0,128,0,1024,4096,1120,1027.678,3306.106,1640.223,0.2688
mixed,64,2,0.0312,4.0,128,0,2048,8192,2240,1893.757,6448.341,3013.819,0.2459
mixed,64,2,0.0312,4.0,128,0,4096,16384,4480,3606.906,12725.707,5880.628,0.2493
mixed,64,2,0.0312,4.0,128,512,128,512,140,399.999,697.503,477.984,0.2621
mixed,64,2,0.0312,4.0,128,512,256,1024,280,500.319,1088.798,665.38,0.2805
mixed,64,2,0.0312,4.0,128,512,512,2048,560,723.391,1873.854,1023.999,0.2613
mixed,64,2,0.0312,4.0,128,512,1024,4096,1120,1160.316,3438.714,1858.621,0.3065
mixed,64,2,0.0312,4.0,128,512,2048,8192,2240,2021.085,6580.246,3116.666,0.2403
mixed,64,2,0.0312,4.0,128,512,4096,16384,4480,3735.898,12846.444,6029.11,0.2517
mixed,64,2,0.0312,4.0,128,1024,128,512,140,465.918,766.721,546.399,0.2676
mixed,64,2,0.0312,4.0,128,1024,256,1024,280,569.31,1157.215,755.839,0.3173
mixed,64,2,0.0312,4.0,128,1024,512,2048,560,789.694,1943.067,1102.749,0.2714
mixed,64,2,0.0312,4.0,128,1024,1024,4096,1120,1230.942,3509.69,1924.059,0.3042
mixed,64,2,0.0312,4.0,128,1024,2048,8192,2240,2085.306,6646.131,3163.514,0.2364
mixed,64,2,0.0312,4.0,128,1024,4096,16384,4480,3799.32,12915.978,6173.398,0.2604
mixed,64,2,0.0312,4.0,128,2048,128,512,140,567.327,867.358,657.824,0.3016
mixed,64,2,0.0312,4.0,128,2048,256,1024,280,668.288,1255.005,828.831,0.2736
mixed,64,2,0.0312,4.0,128,2048,512,2048,560,888.446,2038.461,1198.623,0.2697
mixed,64,2,0.0312,4.0,128,2048,1024,4096,1120,1333.437,3608.987,1887.772,0.2436
mixed,64,2,0.0312,4.0,128,2048,2048,8192,2240,2186.842,6745.335,3600.729,0.3102
mixed,64,2,0.0312,4.0,128,2048,4096,16384,4480,3904.057,13016.939,6252.82,0.2577
mixed,64,2,0.0312,4.0,128,4096,128,512,140,766.272,1065.693,845.343,0.2641
mixed,64,2,0.0312,4.0,128,4096,256,1024,280,865.695,1462.046,1022.27,0.2626
mixed,64,2,0.0312,4.0,128,4096,512,2048,560,1089.629,2241.468,1398.399,0.2681
mixed,64,2,0.0312,4.0,128,4096,1024,4096,1120,1531.294,3808.922,2127.228,0.2616
mixed,64,2,0.0312,4.0,128,4096,2048,8192,2240,2388.443,6951.668,3507.288,0.2452
mixed,64,2,0.0312,4.0,128,4096,4096,16384,4480,4102.681,13212.554,6285.398,0.2396
mixed,64,2,0.0312,4.0,128,8192,128,512,140,1162.813,1462.236,1251.006,0.2945
mixed,64,2,0.0312,4.0,128,8192,256,1024,280,1262.109,1854.139,1425.086,0.2753
mixed,64,2,0.0312,4.0,128,8192,512,2048,560,1484.574,2636.763,1847.838,0.3153
mixed,64,2,0.0312,4.0,128,8192,1024,4096,1120,1923.293,4201.242,2533.693,0.268
mixed,64,2,0.0312,4.0,128,8192,2048,8192,2240,2786.108,7341.267,4193.175,0.3089
mixed,64,2,0.0312,4.0,128,8192,4096,16384,4480,4505.241,13625.227,6841.526,0.2562
mixed,64,2,0.0312,4.0,256,0,128,512,140,391.519,688.415,470.271,0.2653
mixed,64,2,0.0312,4.0,256,0,256,1024,280,493.119,1077.726,700.799,0.3552
mixed,64,2,0.0312,4.0,256,0,512,2048,560,712.929,1865.082,1023.839,0.2699
mixed,64,2,0.0312,4.0,256,0,1024,4096,1120,1152.67,3435.738,1812.187,0.2889
mixed,64,2,0.0312,4.0,256,0,2048,8192,2240,2009.915,6568.083,3098.715,0.2389
mixed,64,2,0.0312,4.0,256,0,4096,16384,4480,3729.37,12835.917,6001.079,0.2495
mixed,64,2,0.0312,4.0,256,512,128,512,140,519.905,816.382,600.893,0.2732
mixed,64,2,0.0312,4.0,256,512,256,1024,280,623.806,1206.658,810.076,0.3196
mixed,64,2,0.0312,4.0,256,512,512,2048,560,841.502,1995.963,1194.846,0.3061
mixed,64,2,0.0312,4.0,256,512,1024,4096,1120,1281.567,3559.032,1958.813,0.2974
mixed,64,2,0.0312,4.0,256,512,2048,8192,2240,2138.302,6701.11,3353.082,0.2662
mixed,64,2,0.0312,4.0,256,512,4096,16384,4480,3850.396,12978.059,6033.781,0.2392
mixed,64,2,0.0312,4.0,256,1024,128,512,140,619.678,918.461,695.231,0.2529
mixed,64,2,0.0312,4.0,256,1024,256,1024,280,719.263,1309.117,880.925,0.2741
mixed,64,2,0.0312,4.0,256,1024,512,2048,560,939.997,2093.948,1349.598,0.355
mixed,64,2,0.0312,4.0,256,1024,1024,4096,1120,1380.062,3665.82,2183.486,0.3515
mixed,64,2,0.0312,4.0,256,1024,2048,8192,2240,2243.58,6803.349,3407.417,0.2552
mixed,64,2,0.0312,4.0,256,1024,4096,16384,4480,3956.122,13069.388,6227.094,0.2492
mixed,64,2,0.0312,4.0,256,2048,128,512,140,816.544,1113.886,902.335,0.2885
mixed,64,2,0.0312,4.0,256,2048,256,1024,280,916.093,1506.972,1100.254,0.3117
mixed,64,2,0.0312,4.0,256,2048,512,2048,560,1136.702,2295.454,1533.791,0.3427
mixed,64,2,0.0312,4.0,256,2048,1024,4096,1120,1578.141,3856.536,2273.18,0.3051
mixed,64,2,0.0312,4.0,256,2048,2048,8192,2240,2437.21,6988.629,3557.561,0.2462
mixed,64,2,0.0312,4.0,256,2048,4096,16384,4480,4153.625,13257.611,6323.093,0.2383
mixed,64,2,0.0312,4.0,256,4096,128,512,140,1213.886,1511.837,1291.774,0.2614
mixed,64,2,0.0312,4.0,256,4096,256,1024,280,1311.61,1901.246,1477.692,0.2817
mixed,64,2,0.0312,4.0,256,4096,512,2048,560,1534.972,2685.787,1888.926,0.3076
mixed,64,2,0.0312,4.0,256,4096,1024,4096,1120,1976.543,4260.344,2668.86,0.3031
mixed,64,2,0.0312,4.0,256,4096,2048,8192,2240,2831.771,7394.386,3983.069,0.2523
mixed,64,2,0.0312,4.0,256,4096,4096,16384,4480,4558.617,13662.505,7299.217,0.301
mixed,64,2,0.0312,4.0,256,8192,128,512,140,2002.014,2299.547,2075.166,0.2459
mixed,64,2,0.0312,4.0,256,8192,256,1024,280,2100.503,2688.825,2286.652,0.3164
mixed,64,2,0.0312,4.0,256,8192,512,2048,560,2321.371,3478.97,2634.236,0.2703
mixed,64,2,0.0312,4.0,256,8192,1024,4096,1120,2762.011,5046.678,3362.041,0.2626
mixed,64,2,0.0312,4.0,256,8192,2048,8192,2240,3617.915,8184.051,4816.217,0.2624
mixed,64,2,0.0312,4.0,256,8192,4096,16384,4480,5341.526,14453.706,7671.151,0.2557
mixed,64,2,0.0312,4.0,512,0,128,512,140,659.616,964.287,738.047,0.2574
mixed,64,2,0.0312,4.0,512,0,256,1024,280,759.327,1354.494,949.724,0.3199
mixed,64,2,0.0312,4.0,512,0,512,2048,560,981.824,2144.668,1291.931,0.2667
mixed,64,2,0.0312,4.0,512,0,1024,4096,1120,1423.932,3704.312,2122.109,0.3062
mixed,64,2,0.0312,4.0,512,0,2048,8192,2240,2282.139,6847.445,3489.656,0.2645
mixed,64,2,0.0312,4.0,512,0,4096,16384,4480,3996.761,13122.383,6366.87,0.2597
mixed,64,2,0.0312,4.0,512,512,128,512,140,879.677,1175.485,959.518,0.2699
mixed,64,2,0.0312,4.0,512,512,256,1024,280,979.806,1569.79,1167.262,0.3177
mixed,64,2,0.0312,4.0,512,512,512,2048,560,1203.931,2351.515,1559.998,0.3103
mixed,64,2,0.0312,4.0,512,512,1024,4096,1120,1639.677,3921.116,2343.099,0.3083
mixed,64,2,0.0312,4.0,512,512,2048,8192,2240,2500.702,7059.635,3711.483,0.2656
mixed,64,2,0.0312,4.0,512,512,4096,16384,4480,4215.738,13331.178,6550.23,0.2561
mixed,64,2,0.0312,4.0,512,1024,128,512,140,1076.67,1375.934,1157.695,0.2707
mixed,64,2,0.0312,4.0,512,1024,256,1024,280,1181.022,1767.771,1338.592,0.2685
mixed,64,2,0.0312,4.0,512,1024,512,2048,560,1398.303,2552.538,1705.466,0.2661
mixed,64,2,0.0312,4.0,512,1024,1024,4096,1120,1836.828,4117.209,2510.301,0.2953
mixed,64,2,0.0312,4.0,512,1024,2048,8192,2240,2701.468,7259.379,4016.793,0.2886
mixed,64,2,0.0312,4.0,512,1024,4096,16384,4480,4422.553,13528.108,6698.514,0.25
mixed,64,2,0.0312,4.0,512,2048,128,512,140,1468.479,1771.005,1572.83,0.3449
mixed,64,2,0.0312,4.0,512,2048,256,1024,280,1574.111,2159.036,1760.381,0.3185
mixed,64,2,0.0312,4.0,512,2048,512,2048,560,1794.17,2947.705,2153.214,0.3113
mixed,64,2,0.0312,4.0,512,2048,1024,4096,1120,2231.932,4512.058,2908.921,0.2969
mixed,64,2,0.0312,4.0,512,2048,2048,8192,2240,3086.81,7648.755,4255.767,0.2562
mixed,64,2,0.0312,4.0,512,2048,4096,16384,4480,4803.735,13934.188,7072.948,0.2485
mixed,64,2,0.0312,4.0,512,4096,128,512,140,2257.915,2560.25,2338.461,0.2664
mixed,64,2,0.0312,4.0,512,4096,256,1024,280,2360.475,2950.207,2549.34,0.3203
mixed,64,2,0.0312,4.0,512,4096,512,2048,560,2580.7,3730.551,2887.385,0.2667
mixed,64,2,0.0312,4.0,512,4096,1024,4096,1120,3024.283,5298.04,3720.087,0.306
mixed,64,2,0.0312,4.0,512,4096,2048,8192,2240,3880.155,8444.469,5089.973,0.2651
mixed,64,2,0.0312,4.0,512,4096,4096,16384,4480,5594.711,14713.289,7859.253,0.2483
mixed,64,2,0.0312,4.0,512,8192,128,512,140,3835.063,4134.519,3921.434,0.2884
mixed,64,2,0.0312,4.0,512,8192,256,1024,280,3942.327,4523.417,4097.785,0.2675
mixed,64,2,0.0312,4.0,512,8192,512,2048,560,4162.202,5312.278,4508.567,0.3012
mixed,64,2,0.0312,4.0,512,8192,1024,4096,1120,4604.663,6876.498,5373.911,0.3386
mixed,64,2,0.0312,4.0,512,8192,2048,8192,2240,5461.942,10016.366,6666.676,0.2645
mixed,64,2,0.0312,4.0,512,8192,4096,16384,4480,7170.581,16297.316,9358.318,0.2397
mixed,64,2,0.0312,4.0,1024,0,128,512,140,988.284,1287.615,1062.686,0.2486
mixed,64,2,0.0312,4.0,1024,0,256,1024,280,1092.189,1675.134,1250.175,0.271
mixed,64,2,0.0312,4.0,1024,0,512,2048,560,1306.973,2458.138,1675.197,0.3199
mixed,64,2,0.0312,4.0,1024,0,1024,4096,1120,1748.285,4029.08,2349.693,0.2637
mixed,64,2,0.0312,4.0,1024,0,2048,8192,2240,2612.121,7169.844,3683.289,0.235
mixed,64,2,0.0312,4.0,1024,0,4096,16384,4480,4328.76,13433.131,6674.098,0.2576
mixed,64,2,0.0312,4.0,1024,512,128,512,140,1460.285,1756.029,1535.164,0.2532
mixed,64,2,0.0312,4.0,1024,512,256,1024,280,1557.596,2147.676,1747.29,0.3215
mixed,64,2,0.0312,4.0,1024,512,512,2048,560,1780.285,2931.549,2133.05,0.3064
mixed,64,2,0.0312,4.0,1024,512,1024,4096,1120,2216.54,4503.512,2781.402,0.247
mixed,64,2,0.0312,4.0,1024,512,2048,8192,2240,3075.547,7639.41,4160.634,0.2378
mixed,64,2,0.0312,4.0,1024,512,4096,16384,4480,4799.093,13913.227,7064.437,0.2486
mixed,64,2,0.0312,4.0,1024,1024,128,512,140,1849.887,2145.723,1928.187,0.2647
mixed,64,2,0.0312,4.0,1024,1024,256,1024,280,1950.781,2536.604,2116.569,0.283
mixed,64,2,0.0312,4.0,1024,1024,512,2048,560,2173.052,3321.883,2479.164,0.2665
mixed,64,2,0.0312,4.0,1024,1024,1024,4096,1120,2613.98,4892.571,3175.995,0.2467
mixed,64,2,0.0312,4.0,1024,1024,2048,8192,2240,3466.779,8036.849,4560.568,0.2393
mixed,64,2,0.0312,4.0,1024,1024,4096,16384,4480,5185.399,14295.148,7465.78,0.2503
mixed,64,2,0.0312,4.0,1024,2048,128,512,140,2631.868,2926.937,2709.98,0.2647
mixed,64,2,0.0312,4.0,1024,2048,256,1024,280,2731.354,3321.53,2896.473,0.2798
mixed,64,2,0.0312,4.0,1024,2048,512,2048,560,2953.819,4107.415,3268.154,0.2725
mixed,64,2,0.0312,4.0,1024,2048,1024,4096,1120,3395.258,5676.375,3973.049,0.2533
mixed,64,2,0.0312,4.0,1024,2048,2048,8192,2240,4249.304,8813.873,5462.967,0.2659
mixed,64,2,0.0312,4.0,1024,2048,4096,16384,4480,5967.192,15078.344,8163.955,0.2411
mixed,64,2,0.0312,4.0,1024,4096,128,512,140,4225.079,4540.055,4330.392,0.3344
mixed,64,2,0.0312,4.0,1024,4096,256,1024,280,4341.692,4924.312,4497.721,0.2678
mixed,64,2,0.0312,4.0,1024,4096,512,2048,560,4562.519,5716.631,4925.88,0.3148
mixed,64,2,0.0312,4.0,1024,4096,1024,4096,1120,5006.102,7283.955,5546.518,0.2372
mixed,64,2,0.0312,4.0,1024,4096,2048,8192,2240,5865.46,10420.205,6989.143,0.2467
mixed,64,2,0.0312,4.0,1024,4096,4096,16384,4480,7584.855,16691.398,9828.369,0.2464
mixed,64,2,0.0312,4.0,1024,8192,128,512,140,7397.108,7692.786,7482.034,0.2872
mixed,64,2,0.0312,4.0,1024,8192,256,1024,280,7509.555,8081.361,7647.249,0.2408
mixed,64,2,0.0312,4.0,1024,8192,512,2048,560,7717.046,8863.503,8029.074,0.2722
mixed,64,2,0.0312,4.0,1024,8192,1024,4096,1120,8165.393,10445.936,8811.151,0.2832
mixed,64,2,0.0312,4.0,1024,8192,2048,8192,2240,9011.599,13572.875,10186.35,0.2575
mixed,64,2,0.0312,4.0,1024,8192,4096,16384,4480,10730.573,19845.377,13025.866,0.2518
mixed,64,2,0.0312,4.0,2048,0,128,512,140,2467.737,2768.412,2540.987,0.2436
mixed,64,2,0.0312,4.0,2048,0,256,1024,280,2569.722,3154.811,2725.21,0.2658
mixed,64,2,0.0312,4.0,2048,0,512,2048,560,2791.419,3944.121,3106.169,0.2731
mixed,64,2,0.0312,4.0,2048,0,1024,4096,1120,3222.49,5503.095,3782.106,0.2454
mixed,64,2,0.0312,4.0,2048,0,2048,8192,2240,4080.632,8650.418,5256.025,0.2572
mixed,64,2,0.0312,4.0,2048,0,4096,16384,4480,5802.485,14917.292,8075.828,0.2494
mixed,64,2,0.0312,4.0,2048,512,128,512,140,3326.457,3622.715,3399.097,0.2452
mixed,64,2,0.0312,4.0,2048,512,256,1024,280,3413.915,4004.056,3571.993,0.2679
mixed,64,2,0.0312,4.0,2048,512,512,2048,560,3638.616,4791.096,3948.507,0.2689
mixed,64,2,0.0312,4.0,2048,512,1024,4096,1120,4079.958,6361.301,4772.728,0.3037
mixed,64,2,0.0312,4.0,2048,512,2048,8192,2240,4931.865,9495.088,6116.789,0.2597
mixed,64,2,0.0312,4.0,2048,512,4096,16384,4480,6661.364,15763.464,8844.274,0.2398
mixed,64,2,0.0312,4.0,2048,1024,128,512,140,4150.617,4450.711,4225.046,0.248
mixed,64,2,0.0312,4.0,2048,1024,256,1024,280,4254.774,4843.48,4419.577,0.2799
mixed,64,2,0.0312,4.0,2048,1024,512,2048,560,4474.456,5622.899,4786.326,0.2716
mixed,64,2,0.0312,4.0,2048,1024,1024,4096,1120,4913.593,7194.226,5585.752,0.2947
mixed,64,2,0.0312,4.0,2048,1024,2048,8192,2240,5780.599,10335.213,6901.237,0.246
mixed,64,2,0.0312,4.0,2048,1024,4096,16384,4480,7486.134,16601.22,9835.118,0.2577
mixed,64,2,0.0312,4.0,2048,2048,128,512,140,5805.687,6105.266,5891.283,0.2857
mixed,64,2,0.0312,4.0,2048,2048,256,1024,280,5894.867,6495.827,6068.565,0.289
mixed,64,2,0.0312,4.0,2048,2048,512,2048,560,6119.573,7267.22,6425.748,0.2668
mixed,64,2,0.0312,4.0,2048,2048,1024,4096,1120,6553.428,8848.849,7126.994,0.2499
mixed,64,2,0.0312,4.0,2048,2048,2048,8192,2240,7420.308,11977.358,8543.475,0.2465
mixed,64,2,0.0312,4.0,2048,2048,4096,16384,4480,9130.513,18244.128,11325.9,0.2409
mixed,64,2,0.0312,4.0,2048,4096,128,512,140,9014.131,9302.127,9107.474,0.3241
mixed,64,2,0.0312,4.0,2048,4096,256,1024,280,9137.2,9712.016,9300.3,0.2837
mixed,64,2,0.0312,4.0,2048,4096,512,2048,560,9322.77,10495.758,9690.096,0.3132
mixed,64,2,0.0312,4.0,2048,4096,1024,4096,1120,9804.174,12065.677,10362.158,0.2467
mixed,64,2,0.0312,4.0,2048,4096,2048,8192,2240,10644.335,15209.446,11734.699,0.2388
mixed,64,2,0.0312,4.0,2048,4096,4096,16384,4480,12363.243,21473.531,14551.751,0.2402
mixed,64,2,0.0312,4.0,2048,8192,128,512,140,15317.9,15592.006,15364.9,0.1715
mixed,64,2,0.0312,4.0,2048,8192,256,1024,280,15362.053,15960.584,15589.894,0.3807
mixed,64,2,0.0312,4.0,2048,8192,512,2048,560,15619.842,16804.228,15924.931,0.2576
mixed,64,2,0.0312,4.0,2048,8192,1024,4096,1120,16071.908,18374.855,16772.646,0.3043
mixed,64,2,0.0312,4.0,2048,8192,2048,8192,2240,16933.055,21534.809,17602.437,0.1455
mixed,64,2,0.0312,4.0,2048,8192,4096,16384,4480,18191.557,28545.104,20558.813,0.2286
pure,64,3,0.0469,4.0,0,0,128,512,146,165.888,444.863,254.944,0.3192
pure,64,3,0.0469,4.0,0,0,256,1024,292,300.511,861.055,469.087,0.3007
pure,64,3,0.0469,4.0,0,0,512,2048,584,518.526,1646.269,825.342,0.2721
pure,64,3,0.0469,4.0,0,0,1024,4096,1168,965.758,3217.656,1606.077,0.2843
pure,64,3,0.0469,4.0,0,0,2048,8192,2336,1872.636,6348.15,3150.01,0.2854
pure,64,3,0.0469,4.0,0,0,4096,16384,4672,3654.619,12622.06,6241.49,0.2885
mixed,64,3,0.0469,4.0,16,0,128,512,146,204.479,498.72,304.608,0.3403
mixed,64,3,0.0469,4.0,16,0,256,1024,292,326.785,889.855,496.988,0.3023
mixed,64,3,0.0469,4.0,16,0,512,2048,584,547.647,1673.981,891.551,0.3053
mixed,64,3,0.0469,4.0,16,0,1024,4096,1168,989.276,3242.938,1626.942,0.2829
mixed,64,3,0.0469,4.0,16,0,2048,8192,2336,1899.325,6376.661,3168.509,0.2835
mixed,64,3,0.0469,4.0,16,0,4096,16384,4672,3688.282,12652.491,6261.846,0.2871
mixed,64,3,0.0469,4.0,16,512,128,512,146,244.638,543.454,335.648,0.3046
mixed,64,3,0.0469,4.0,16,512,256,1024,292,369.088,932.061,558.848,0.3371
mixed,64,3,0.0469,4.0,16,512,512,2048,584,591.936,1716.157,937.694,0.3076
mixed,64,3,0.0469,4.0,16,512,1024,4096,1168,1032.031,3281.433,1661.278,0.2797
mixed,64,3,0.0469,4.0,16,512,2048,8192,2336,1937.595,6415.86,3217.947,0.2859
mixed,64,3,0.0469,4.0,16,512,4096,16384,4672,3722.105,12692.617,6311.604,0.2887
mixed,64,3,0.0469,4.0,16,1024,128,512,146,251.873,546.625,351.038,0.3364
mixed,64,3,0.0469,4.0,16,1024,256,1024,292,372.735,938.907,516.286,0.2535
mixed,64,3,0.0469,4.0,16,1024,512,2048,584,594.974,1719.327,986.909,0.3486
mixed,64,3,0.0469,4.0,16,1024,1024,4096,1168,1038.236,3290.781,1663.198,0.2774
mixed,64,3,0.0469,4.0,16,1024,2048,8192,2336,1943.804,6424.981,3206.654,0.2818
mixed,64,3,0.0469,4.0,16,1024,4096,16384,4672,3727.096,12693.579,6304.659,0.2875
mixed,64,3,0.0469,4.0,16,2048,128,512,146,258.08,552.928,336.544,0.2661
mixed,64,3,0.0469,4.0,16,2048,256,1024,292,379.871,944.479,525.375,0.2577
mixed,64,3,0.0469,4.0,16,2048,512,2048,584,601.216,1726.621,902.045,0.2673
mixed,64,3,0.0469,4.0,16,2048,1024,4096,1168,1044.703,3298.716,1675.197,0.2797
mixed,64,3,0.0469,4.0,16,2048,2048,8192,2336,1950.043,6433.907,3224.827,0.2843
mixed,64,3,0.0469,4.0,16,2048,4096,16384,4672,3739.193,12693.774,6311.255,0.2872
mixed,64,3,0.0469,4.0,16,4096,128,512,146,293.6,594.622,396.96,0.3434
mixed,64,3,0.0469,4.0,16,4096,256,1024,292,421.823,983.645,608.384,0.3321
mixed,64,3,0.0469,4.0,16,4096,512,2048,584,639.934,1767.806,1035.358,0.3506
mixed,64,3,0.0469,4.0,16,4096,1024,4096,1168,1081.409,3335.515,1723.101,0.2847
mixed,64,3,0.0469,4.0,16,4096,2048,8192,2336,1985.724,6472.311,3252.889,0.2824
mixed,64,3,0.0469,4.0,16,4096,4096,16384,4672,3786.168,12729.069,6357.878,0.2876
mixed,64,3,0.0469,4.0,16,8192,128,512,146,347.841,648.127,428.801,0.2696
mixed,64,3,0.0469,4.0,16,8192,256,1024,292,473.472,1040.095,665.247,0.3385
mixed,64,3,0.0469,4.0,16,8192,512,2048,584,697.598,1819.326,1041.567,0.3066
mixed,64,3,0.0469,4.0,16,8192,1024,4096,1168,1135.518,3387.417,1763.996,0.2791
mixed,64,3,0.0469,4.0,16,8192,2048,8192,2336,2037.564,6532.469,3309.306,0.2829
mixed,64,3,0.0469,4.0,16,8192,4096,16384,4672,3836.923,12797.353,6423.636,0.2887
mixed,64,3,0.0469,4.0,32,0,128,512,146,240.992,535.549,331.999,0.309
mixed,64,3,0.0469,4.0,32,0,256,1024,292,364.255,928.959,531.937,0.2969
mixed,64,3,0.0469,4.0,32,0,512,2048,584,583.424,1714.208,897.854,0.2781
mixed,64,3,0.0469,4.0,32,0,1024,4096,1168,1027.198,3280.954,1665.437,0.2832
mixed,64,3,0.0469,4.0,32,0,2048,8192,2336,1932.574,6420.917,3214.266,0.2856
mixed,64,3,0.0469,4.0,32,0,4096,16384,4672,3720.954,12679.882,6287.223,0.2864
mixed,64,3,0.0469,4.0,32,512,128,512,146,284.897,582.846,374.367,0.3003
mixed,64,3,0.0469,4.0,32,512,256,1024,292,408.896,974.589,570.462,0.2856
mixed,64,3,0.0469,4.0,32,512,512,2048,584,630.464,1754.973,1023.07,0.3491
mixed,64,3,0.0469,4.0,32,512,1024,4096,1168,1074.974,3322.586,1695.995,0.2763
mixed,64,3,0.0469,4.0,32,512,2048,8192,2336,1976.829,6454.134,3264.058,0.2875
mixed,64,3,0.0469,4.0,32,512,4096,16384,4672,3765.53,12728.875,6352.436,0.2886
mixed,64,3,0.0469,4.0,32,1024,128,512,146,294.209,587.871,384.288,0.3067
mixed,64,3,0.0469,4.0,32,1024,256,1024,292,416.576,983.199,609.821,0.341
mixed,64,3,0.0469,4.0,32,1024,512,2048,584,638.496,1763.102,1029.63,0.3478
mixed,64,3,0.0469,4.0,32,1024,1024,4096,1168,1078.718,3333.949,1713.055,0.2813
mixed,64,3,0.0469,4.0,32,1024,2048,8192,2336,1990.557,6474.936,3256.474,0.2823
mixed,64,3,0.0469,4.0,32,1024,4096,16384,4672,3777.915,12728.492,6333.876,0.2856
mixed,64,3,0.0469,4.0,32,2048,128,512,146,308.128,609.375,394.561,0.2869
mixed,64,3,0.0469,4.0,32,2048,256,1024,292,431.135,997.63,597.472,0.2936
mixed,64,3,0.0469,4.0,32,2048,512,2048,584,655.517,1780.797,1002.784,0.3086
mixed,64,3,0.0469,4.0,32,2048,1024,4096,1168,1100.029,3350.714,1724.732,0.2776
mixed,64,3,0.0469,4.0,32,2048,2048,8192,2336,2002.333,6497.11,3278.49,0.2839
mixed,64,3,0.0469,4.0,32,2048,4096,16384,4672,3786.907,12761.324,6388.439,0.2899
mixed,64,3,0.0469,4.0,32,4096,128,512,146,397.44,696.511,488.99,0.3061
mixed,64,3,0.0469,4.0,32,4096,256,1024,292,521.054,1087.711,708.738,0.3312
mixed,64,3,0.0469,4.0,32,4096,512,2048,584,743.614,1872.126,1121.182,0.3346
mixed,64,3,0.0469,4.0,32,4096,1024,4096,1168,1183.903,3437.306,1896.572,0.3163
mixed,64,3,0.0469,4.0,32,4096,2048,8192,2336,2089.661,6574.42,3355.323,0.2822
mixed,64,3,0.0469,4.0,32,4096,4096,16384,4672,3884.411,12835.725,6474.228,0.2893
mixed,64,3,0.0469,4.0,32,8192,128,512,146,507.774,802.847,596.033,0.2991
mixed,64,3,0.0469,4.0,32,8192,256,1024,292,630.751,1202.942,815.776,0.3234
mixed,64,3,0.0469,4.0,32,8192,512,2048,584,849.31,1976.637,1151.997,0.2685
mixed,64,3,0.0469,4.0,32,8192,1024,4096,1168,1294.27,3550.074,2017.725,0.3207
mixed,64,3,0.0469,4.0,32,8192,2048,8192,2336,2196.733,6682.804,3476.539,0.2853
mixed,64,3,0.0469,4.0,32,8192,4096,16384,4672,3987.576,12954.089,6555.925,0.2864
mixed,64,3,0.0469,4.0,64,0,128,512,146,244.992,541.984,335.68,0.3054
mixed,64,3,0.0469,4.0,64,0,256,1024,292,366.015,932.703,556.32,0.3358
mixed,64,3,0.0469,4.0,64,0,512,2048,584,588.64,1718.973,939.517,0.3104
mixed,64,3,0.0469,4.0,64,0,1024,4096,1168,1028.254,3282.011,1666.559,0.2832
mixed,64,3,0.0469,4.0,64,0,2048,8192,2336,1937.245,6422.742,3211.227,0.284
mixed,64,3,0.0469,4.0,64,0,4096,16384,4672,3729.531,12692.649,6295.159,0.2862
mixed,64,3,0.0469,4.0,64,512,128,512,146,303.326,599.23,413.568,0.3726
mixed,64,3,0.0469,4.0,64,512,256,1024,292,425.153,991.615,615.935,0.3368
mixed,64,3,0.0469,4.0,64,512,512,2048,584,646.016,1775.997,950.717,0.2697
mixed,64,3,0.0469,4.0,64,512,1024,4096,1168,1092.286,3341.884,1723.742,0.2807
mixed,64,3,0.0469,4.0,64,512,2048,8192,2336,1993.244,6479.957,3269.657,0.2845
mixed,64,3,0.0469,4.0,64,512,4096,16384,4672,3783.036,13260.49,6362.805,0.2722
mixed,64,3,0.0469,4.0,64,1024,128,512,146,360.801,658.208,448.8,0.2959
mixed,64,3,0.0469,4.0,64,1024,256,1024,292,484.351,1047.389,653.183,0.2999
mixed,64,3,0.0469,4.0,64,1024,512,2048,584,705.185,1832.511,1099.646,0.3499
mixed,64,3,0.0469,4.0,64,1024,1024,4096,1168,1153.086,3404.57,1786.431,0.2813
mixed,64,3,0.0469,4.0,64,1024,2048,8192,2336,2056.414,6543.577,3327.196,0.2832
mixed,64,3,0.0469,4.0,64,1024,4096,16384,4672,3842.489,12813.836,6405.108,0.2856
mixed,64,3,0.0469,4.0,64,2048,128,512,146,400.386,696.865,491.357,0.3068
mixed,64,3,0.0469,4.0,64,2048,256,1024,292,522.241,1086.526,664.224,0.2516
mixed,64,3,0.0469,4.0,64,2048,512,2048,584,747.582,1872.957,1048.096,0.267
mixed,64,3,0.0469,4.0,64,2048,1024,4096,1168,1186.048,3443.194,1822.717,0.2821
mixed,64,3,0.0469,4.0,64,2048,2048,8192,2336,2092.478,6584.408,3358.714,0.2819
mixed,64,3,0.0469,4.0,64,2048,4096,16384,4672,3879.322,12847.339,6460.247,0.2878
mixed,64,3,0.0469,4.0,64,4096,128,512,146,502.56,798.848,603.777,0.3416
mixed,64,3,0.0469,4.0,64,4096,256,1024,292,624.671,1193.214,813.406,0.332
mixed,64,3,0.0469,4.0,64,4096,512,2048,584,846.943,1977.309,1188.669,0.3023
mixed,64,3,0.0469,4.0,64,4096,1024,4096,1168,1291.036,3542.458,1921.375,0.28
mixed,64,3,0.0469,4.0,64,4096,2048,8192,2336,2195.837,6691.223,3466.746,0.2827
mixed,64,3,0.0469,4.0,64,4096,4096,16384,4672,3984.313,12958.731,6562.393,0.2873
mixed,64,3,0.0469,4.0,64,8192,128,512,146,709.533,1007.456,797.214,0.2943
mixed,64,3,0.0469,4.0,64,8192,256,1024,292,831.614,1395.712,995.872,0.2912
mixed,64,3,0.0469,4.0,64,8192,512,2048,584,1056.734,2179.005,1405.471,0.3107
mixed,64,3,0.0469,4.0,64,8192,1024,4096,1168,1501.918,3749.69,2131.899,0.2803
mixed,64,3,0.0469,4.0,64,8192,2048,8192,2336,2402.461,6889.045,3826.393,0.3174
mixed,64,3,0.0469,4.0,64,8192,4096,16384,4672,4190.041,13157.899,6771.734,0.2879
mixed,64,3,0.0469,4.0,128,0,128,512,146,267.265,565.439,347.039,0.2675
mixed,64,3,0.0469,4.0,128,0,256,1024,292,393.087,957.791,580.223,0.3314
mixed,64,3,0.0469,4.0,128,0,512,2048,584,612.864,1746.812,921.856,0.2725
mixed,64,3,0.0469,4.0,128,0,1024,4096,1168,1055.039,3306.94,1693.791,0.2837
mixed,64,3,0.0469,4.0,128,0,2048,8192,2336,1962.911,6443.545,3228.986,0.2826
mixed,64,3,0.0469,4.0,128,0,4096,16384,4672,3752.826,12714.54,6334.807,0.2881
mixed,64,3,0.0469,4.0,128,512,128,512,146,401.952,697.026,476.767,0.2535
mixed,64,3,0.0469,4.0,128,512,256,1024,292,528.093,1088.222,716.319,0.336
mixed,64,3,0.0469,4.0,128,512,512,2048,584,745.63,1875.995,1140.349,0.3492
mixed,64,3,0.0469,4.0,128,512,1024,4096,1168,1195.967,3446.01,1825.405,0.2797
mixed,64,3,0.0469,4.0,128,512,2048,8192,2336,2094.907,6580.662,3369.148,0.2841
mixed,64,3,0.0469,4.0,128,512,4096,16384,4672,3887.578,12849.963,6458.519,0.2869
mixed,64,3,0.0469,4.0,128,1024,128,512,146,470.687,765.887,547.679,0.2608
mixed,64,3,0.0469,4.0,128,1024,256,1024,292,592.192,1157.949,781.409,0.3344
mixed,64,3,0.0469,4.0,128,1024,512,2048,584,812.801,1941.372,1216.83,0.358
mixed,64,3,0.0469,4.0,128,1024,1024,4096,1168,1255.871,3509.215,1883.646,0.2786
mixed,64,3,0.0469,4.0,128,1024,2048,8192,2336,2162.75,6641.109,3444.666,0.2862
mixed,64,3,0.0469,4.0,128,1024,4096,16384,4672,3944.825,12919.501,6528.788,0.2879
mixed,64,3,0.0469,4.0,128,2048,128,512,146,567.968,863.263,655.23,0.2955
mixed,64,3,0.0469,4.0,128,2048,256,1024,292,688.734,1256.062,858.847,0.2998
mixed,64,3,0.0469,4.0,128,2048,512,2048,584,908.827,2039.132,1217.343,0.2729
mixed,64,3,0.0469,4.0,128,2048,1024,4096,1168,1359.647,3611.834,2151.708,0.3517
mixed,64,3,0.0469,4.0,128,2048,2048,8192,2336,2256.891,6746.645,3536.411,0.285
mixed,64,3,0.0469,4.0,128,2048,4096,16384,4672,4059.07,13020.328,6622.262,0.286
mixed,64,3,0.0469,4.0,128,4096,128,512,146,766.207,1064.317,857.95,0.3077
mixed,64,3,0.0469,4.0,128,4096,256,1024,292,887.903,1458.783,1055.325,0.2933
mixed,64,3,0.0469,4.0,128,4096,512,2048,584,1114.909,2239.422,1463.804,0.3103
mixed,64,3,0.0469,4.0,128,4096,1024,4096,1168,1556.029,3812.378,2273.597,0.318
mixed,64,3,0.0469,4.0,128,4096,2048,8192,2336,2461.821,6948.725,4050.201,0.354
mixed,64,3,0.0469,4.0,128,4096,4096,16384,4672,4251.544,13215.15,6824.789,0.2871
mixed,64,3,0.0469,4.0,128,8192,128,512,146,1165.631,1457.63,1253.474,0.3008
mixed,64,3,0.0469,4.0,128,8192,256,1024,292,1287.294,1854.461,1472.35,0.3263
mixed,64,3,0.0469,4.0,128,8192,512,2048,584,1508.316,2638.491,1854.395,0.3062
mixed,64,3,0.0469,4.0,128,8192,1024,4096,1168,1953.79,4205.335,2581.34,0.2787
mixed,64,3,0.0469,4.0,128,8192,2048,8192,2336,2855.42,7335.445,4292.665,0.3208
mixed,64,3,0.0469,4.0,128,8192,4096,16384,4672,4647.066,13614.542,7234.678,0.2886
mixed,64,3,0.0469,4.0,256,0,128,512,146,393.058,687.486,479.295,0.2929
mixed,64,3,0.0469,4.0,256,0,256,1024,292,515.072,1077.857,706.303,0.3398
mixed,64,3,0.0469,4.0,256,0,512,2048,584,735.36,1863.485,1083.263,0.3084
mixed,64,3,0.0469,4.0,256,0,1024,4096,1168,1179.935,3434.745,1889.212,0.3146
mixed,64,3,0.0469,4.0,256,0,2048,8192,2336,2084.669,6571.668,3513.437,0.3184
mixed,64,3,0.0469,4.0,256,0,4096,16384,4672,3872.953,12848.555,6455.703,0.2878
mixed,64,3,0.0469,4.0,256,512,128,512,146,523.296,820.703,599.552,0.2564
mixed,64,3,0.0469,4.0,256,512,256,1024,292,644.031,1209.313,810.205,0.294
mixed,64,3,0.0469,4.0,256,512,512,2048,584,865.342,1999.997,1207.774,0.3018
mixed,64,3,0.0469,4.0,256,512,1024,4096,1168,1302.56,3569.852,2014.237,0.3139
mixed,64,3,0.0469,4.0,256,512,2048,8192,2336,2213.148,6699.764,3487.9,0.2841
mixed,64,3,0.0469,4.0,256,512,4096,16384,4672,4003.768,12966.665,6876.374,0.3205
mixed,64,3,0.0469,4.0,256,1024,128,512,146,616.223,910.333,709.054,0.3156
mixed,64,3,0.0469,4.0,256,1024,256,1024,292,739.166,1309.918,882.942,0.2519
mixed,64,3,0.0469,4.0,256,1024,512,2048,584,960.67,2093.692,1308.735,0.3072
mixed,64,3,0.0469,4.0,256,1024,1024,4096,1168,1406.716,3658.105,2201.82,0.3532
mixed,64,3,0.0469,4.0,256,1024,2048,8192,2336,2312.316,6797.971,3572.123,0.2809
mixed,64,3,0.0469,4.0,256,1024,4096,16384,4672,4101.176,13068.298,6681.782,0.2878
mixed,64,3,0.0469,4.0,256,2048,128,512,146,812.959,1110.399,894.113,0.2728
mixed,64,3,0.0469,4.0,256,2048,256,1024,292,934.078,1502.43,1076.797,0.2511
mixed,64,3,0.0469,4.0,256,2048,512,2048,584,1155.839,2284.572,1546.592,0.3462
mixed,64,3,0.0469,4.0,256,2048,1024,4096,1168,1600.732,3858.363,2399.484,0.3538
mixed,64,3,0.0469,4.0,256,2048,2048,8192,2336,2510.041,6998.197,4082.809,0.3504
mixed,64,3,0.0469,4.0,256,2048,4096,16384,4672,4299.961,13267.018,7470.485,0.3536
mixed,64,3,0.0469,4.0,256,4096,128,512,146,1211.294,1506.238,1313.185,0.3455
mixed,64,3,0.0469,4.0,256,4096,256,1024,292,1330.399,1899.868,1525.628,0.3428
mixed,64,3,0.0469,4.0,256,4096,512,2048,584,1553.693,2684.189,1946.972,0.3479
mixed,64,3,0.0469,4.0,256,4096,1024,4096,1168,1996.188,4250.967,2711.134,0.3171
mixed,64,3,0.0469,4.0,256,4096,2048,8192,2336,2905.307,7386.419,4334.682,0.319
mixed,64,3,0.0469,4.0,256,4096,4096,16384,4672,4688.505,13671.278,7579.764,0.3219
mixed,64,3,0.0469,4.0,256,8192,128,512,146,1996.828,2298.652,2074.973,0.2589
mixed,64,3,0.0469,4.0,256,8192,256,1024,292,2120.799,2684.571,2310.333,0.3362
mixed,64,3,0.0469,4.0,256,8192,512,2048,584,2345.467,3471.483,2697.308,0.3125
mixed,64,3,0.0469,4.0,256,8192,1024,4096,1168,2784.348,5052.312,3508.953,0.3195
mixed,64,3,0.0469,4.0,256,8192,2048,8192,2336,3694.745,8186.992,5273.431,0.3514
mixed,64,3,0.0469,4.0,256,8192,4096,16384,4672,5481.559,14452.585,8050.035,0.2863
mixed,64,3,0.0469,4.0,512,0,128,512,146,653.597,954.272,768.544,0.3823
mixed,64,3,0.0469,4.0,512,0,256,1024,292,778.559,1348.895,946.463,0.2944
mixed,64,3,0.0469,4.0,512,0,512,2048,584,1002.013,2128.095,1350.399,0.3094
mixed,64,3,0.0469,4.0,512,0,1024,4096,1168,1445.214,3698.172,2163.676,0.3189
mixed,64,3,0.0469,4.0,512,0,2048,8192,2336,2348.701,6839.478,3788.152,0.3205
mixed,64,3,0.0469,4.0,512,0,4096,16384,4672,4140.983,13113.644,7310.293,0.3532
mixed,64,3,0.0469,4.0,512,512,128,512,146,876.767,1173.628,955.263,0.2644
mixed,64,3,0.0469,4.0,512,512,256,1024,292,997.984,1567.262,1140.22,0.2499
mixed,64,3,0.0469,4.0,512,512,512,2048,584,1218.4,2351.61,1574.336,0.3141
mixed,64,3,0.0469,4.0,512,512,1024,4096,1168,1664.253,3917.914,2456.989,0.3518
mixed,64,3,0.0469,4.0,512,512,2048,8192,2336,2573.434,7060.115,4003.802,0.3188
mixed,64,3,0.0469,4.0,512,512,4096,16384,4672,4360.025,13342.092,6930.77,0.2862
mixed,64,3,0.0469,4.0,512,1024,128,512,146,1075.517,1368.028,1166.781,0.312
mixed,64,3,0.0469,4.0,512,1024,256,1024,292,1191.998,1765.372,1362.367,0.2971
mixed,64,3,0.0469,4.0,512,1024,512,2048,584,1416.831,2546.748,1763.456,0.3068
mixed,64,3,0.0469,4.0,512,1024,1024,4096,1168,1866.844,4116.699,2652.252,0.3491
mixed,64,3,0.0469,4.0,512,1024,2048,8192,2336,2768.507,7254.806,4035.353,0.2824
mixed,64,3,0.0469,4.0,512,1024,4096,16384,4672,4553.947,13537.032,7727.413,0.3533
mixed,64,3,0.0469,4.0,512,2048,128,512,146,1465.788,1764.703,1557.309,0.3062
mixed,64,3,0.0469,4.0,512,2048,256,1024,292,1588.99,2155.421,1779.197,0.3358
mixed,64,3,0.0469,4.0,512,2048,512,2048,584,1811.165,2942.362,2247.612,0.3858
mixed,64,3,0.0469,4.0,512,2048,1024,4096,1168,2259.515,4505.496,2889.403,0.2805
mixed,64,3,0.0469,4.0,512,2048,2048,8192,2336,3159.133,7647.38,4431.961,0.2836
mixed,64,3,0.0469,4.0,512,2048,4096,16384,4672,4947.768,13941.548,7532.565,0.2874
mixed,64,3,0.0469,4.0,512,4096,128,512,146,2247.23,2547.548,2351.803,0.3482
mixed,64,3,0.0469,4.0,512,4096,256,1024,292,2371.836,2943.032,2538.494,0.2918
mixed,64,3,0.0469,4.0,512,4096,512,2048,584,2595.839,3725.978,2984.638,0.344
mixed,64,3,0.0469,4.0,512,4096,1024,4096,1168,3039.579,5292.408,3836.184,0.3536
mixed,64,3,0.0469,4.0,512,4096,2048,8192,2336,3943.771,8432.982,5537.689,0.3551
mixed,64,3,0.0469,4.0,512,4096,4096,16384,4672,5732.023,14700.391,9206.578,0.3874
mixed,64,3,0.0469,4.0,512,8192,128,512,146,3821.786,4112.026,3897.691,0.2615
mixed,64,3,0.0469,4.0,512,8192,256,1024,292,3940.856,4508.666,4085.947,0.2555
mixed,64,3,0.0469,4.0,512,8192,512,2048,584,4161.532,5290.872,4554.555,0.348
mixed,64,3,0.0469,4.0,512,8192,1024,4096,1168,4609.976,6865.493,5319.223,0.3144
mixed,64,3,0.0469,4.0,512,8192,2048,8192,2336,5511.607,10000.112,6790.232,0.2849
mixed,64,3,0.0469,4.0,512,8192,4096,16384,4672,7300.214,16276.84,10186.674,0.3216
mixed,64,3,0.0469,4.0,1024,0,128,512,146,988.574,1284.224,1068.189,0.2693
mixed,64,3,0.0469,4.0,1024,0,256,1024,292,1111.006,1676.03,1325.536,0.3797
mixed,64,3,0.0469,4.0,1024,0,512,2048,584,1332.991,2467.771,1682.622,0.3081
mixed,64,3,0.0469,4.0,1024,0,1024,4096,1168,1774.494,4032.409,2403.772,0.2787
mixed,64,3,0.0469,4.0,1024,0,2048,8192,2336,2681.693,7170.772,4130.586,0.3228
mixed,64,3,0.0469,4.0,1024,0,4096,16384,4672,4475.801,13440.458,7662.552,0.3555
mixed,64,3,0.0469,4.0,1024,512,128,512,146,1460.927,1753.118,1538.301,0.2648
mixed,64,3,0.0469,4.0,1024,512,256,1024,292,1582.174,2145.469,1747.645,0.2938
mixed,64,3,0.0469,4.0,1024,512,512,2048,584,1802.651,2934.938,2110.173,0.2716
mixed,64,3,0.0469,4.0,1024,512,1024,4096,1168,2244.892,4497.242,3036.732,0.3516
mixed,64,3,0.0469,4.0,1024,512,2048,8192,2336,3152.379,7636.564,4723.29,0.3503
mixed,64,3,0.0469,4.0,1024,512,4096,16384,4672,4941.592,13903.752,8137.329,0.3566
mixed,64,3,0.0469,4.0,1024,1024,128,512,146,1850.237,2151.229,1930.973,0.2682
mixed,64,3,0.0469,4.0,1024,1024,256,1024,292,1972.7,2537.597,2138.045,0.2927
mixed,64,3,0.0469,4.0,1024,1024,512,2048,584,2193.726,3325.562,2543.036,0.3086
mixed,64,3,0.0469,4.0,1024,1024,1024,4096,1168,2636.573,4894.2,3282.938,0.2863
mixed,64,3,0.0469,4.0,1024,1024,2048,8192,2336,3547.099,8028.593,5128.57,0.3529
mixed,64,3,0.0469,4.0,1024,1024,4096,16384,4672,5337.463,14306.953,8525.522,0.3554
mixed,64,3,0.0469,4.0,1024,2048,128,512,146,2635.833,2930.011,2715.068,0.2693
mixed,64,3,0.0469,4.0,1024,2048,256,1024,292,2753.34,3323.932,2895.323,0.2488
mixed,64,3,0.0469,4.0,1024,2048,512,2048,584,2976.027,4106.042,3368.668,0.3475
mixed,64,3,0.0469,4.0,1024,2048,1024,4096,1168,3419.259,5674.037,4059.225,0.2838
mixed,64,3,0.0469,4.0,1024,2048,2048,8192,2336,4327.866,8811.986,5743.767,0.3158
mixed,64,3,0.0469,4.0,1024,2048,4096,16384,4672,6112.244,15088.329,9305.263,0.3557
mixed,64,3,0.0469,4.0,1024,4096,128,512,146,4192.632,4484.858,4273.114,0.2754
mixed,64,3,0.0469,4.0,1024,4096,256,1024,292,4315.194,4881.592,4480.697,0.2922
mixed,64,3,0.0469,4.0,1024,4096,512,2048,584,4539.065,5666.232,4925.975,0.3433
mixed,64,3,0.0469,4.0,1024,4096,1024,4096,1168,4981.368,7225.976,5690.871,0.3161
mixed,64,3,0.0469,4.0,1024,4096,2048,8192,2336,5883.034,10379.022,7465.943,0.3521
mixed,64,3,0.0469,4.0,1024,4096,4096,16384,4672,7671.508,16640.74,10578.225,0.3241
mixed,64,3,0.0469,4.0,1024,8192,128,512,146,7309.334,7616.117,7422.355,0.3684
mixed,64,3,0.0469,4.0,1024,8192,256,1024,292,7437.013,8009.042,7603.475,0.291
mixed,64,3,0.0469,4.0,1024,8192,512,2048,584,7657.903,8785.939,7971.762,0.2782
mixed,64,3,0.0469,4.0,1024,8192,1024,4096,1168,8107.765,10363.568,8742.769,0.2815
mixed,64,3,0.0469,4.0,1024,8192,2048,8192,2336,9003.733,13494.282,10301.422,0.289
mixed,64,3,0.0469,4.0,1024,8192,4096,16384,4672,10802.381,19779.425,13668.392,0.3193
mixed,64,3,0.0469,4.0,2048,0,128,512,146,2457.437,2753.597,2536.988,0.2686
mixed,64,3,0.0469,4.0,2048,0,256,1024,292,2581.947,3143.579,2721.725,0.2489
mixed,64,3,0.0469,4.0,2048,0,512,2048,584,2800.957,3931.612,3142.843,0.3024
mixed,64,3,0.0469,4.0,2048,0,1024,4096,1168,3246.171,5499.224,3876.504,0.2798
mixed,64,3,0.0469,4.0,2048,0,2048,8192,2336,4153.722,8629.521,5589.464,0.3208
mixed,64,3,0.0469,4.0,2048,0,4096,16384,4672,5948.759,14914.087,8826.26,0.321
mixed,64,3,0.0469,4.0,2048,512,128,512,146,3310.105,3604.09,3401.435,0.3107
mixed,64,3,0.0469,4.0,2048,512,256,1024,292,3428.73,3998.747,3620.634,0.3367
mixed,64,3,0.0469,4.0,2048,512,512,2048,584,3654.94,4779.322,4008.058,0.3141
mixed,64,3,0.0469,4.0,2048,512,1024,4096,1168,4098.043,6355.734,4734.743,0.282
mixed,64,3,0.0469,4.0,2048,512,2048,8192,2336,5001.178,9490.482,6272.825,0.2833
mixed,64,3,0.0469,4.0,2048,512,4096,16384,4672,6793.463,15765.764,9668.239,0.3204
mixed,64,3,0.0469,4.0,2048,1024,128,512,146,4147.065,4445.817,4226.459,0.2658
mixed,64,3,0.0469,4.0,2048,1024,256,1024,292,4272.347,4839.354,4422.106,0.2641
mixed,64,3,0.0469,4.0,2048,1024,512,2048,584,4489.435,5616.245,4831.129,0.3032
mixed,64,3,0.0469,4.0,2048,1024,1024,4096,1168,4940.696,7184.087,5650.327,0.3163
mixed,64,3,0.0469,4.0,2048,1024,2048,8192,2336,5844.376,10327.309,7275.761,0.3193
mixed,64,3,0.0469,4.0,2048,1024,4096,16384,4672,7637.715,16615.109,10205.774,0.2861
mixed,64,3,0.0469,4.0,2048,2048,128,512,146,5791.317,6090.966,5871.126,0.2663
mixed,64,3,0.0469,4.0,2048,2048,256,1024,292,5914.516,6486.998,6108.021,0.338
mixed,64,3,0.0469,4.0,2048,2048,512,2048,584,6136.469,7264.372,6480.662,0.3052
mixed,64,3,0.0469,4.0,2048,2048,1024,4096,1168,6586.609,8832.976,7216.821,0.2805
mixed,64,3,0.0469,4.0,2048,2048,2048,8192,2336,7484.149,11975.884,8747.602,0.2813
mixed,64,3,0.0469,4.0,2048,2048,4096,16384,4672,9278.19,18258.37,12169.131,0.3219
mixed,64,3,0.0469,4.0,2048,4096,128,512,146,8998.097,9299.658,9094.478,0.3196
mixed,64,3,0.0469,4.0,2048,4096,256,1024,292,9135.634,9702.219,9300.017,0.2901
mixed,64,3,0.0469,4.0,2048,4096,512,2048,584,9344.497,10478.922,9663.76,0.2814
mixed,64,3,0.0469,4.0,2048,4096,1024,4096,1168,9797.484,12048.779,10600.462,0.3567
mixed,64,3,0.0469,4.0,2048,4096,2048,8192,2336,10708.875,15177.96,11983.976,0.2853
mixed,64,3,0.0469,4.0,2048,4096,4096,16384,4672,12481.481,21457.665,15387.877,0.3238
mixed,64,3,0.0469,4.0,2048,8192,128,512,146,15212.486,15501.605,15302.792,0.3123
mixed,64,3,0.0469,4.0,2048,8192,256,1024,292,15313.128,15885.126,15491.909,0.3126
mixed,64,3,0.0469,4.0,2048,8192,512,2048,584,15561.22,16689.126,15892.26,0.2935
mixed,64,3,0.0469,4.0,2048,8192,1024,4096,1168,15991.813,18259.999,16648.164,0.2894
mixed,64,3,0.0469,4.0,2048,8192,2048,8192,2336,16905.895,21383.45,18323.01,0.3165
mixed,64,3,0.0469,4.0,2048,8192,4096,16384,4672,18704.421,27662.604,21568.633,0.3197
pure,64,4,0.0625,4.0,0,0,128,512,152,174.304,469.885,275.967,0.3439
pure,64,4,0.0625,4.0,0,0,256,1024,304,296.576,864.126,508.349,0.3731
pure,64,4,0.0625,4.0,0,0,512,2048,608,542.269,1646.813,872.126,0.2986
pure,64,4,0.0625,4.0,0,0,1024,4096,1216,1007.518,3218.233,1596.478,0.2664
pure,64,4,0.0625,4.0,0,0,2048,8192,2432,1941.213,6358.389,3168.408,0.2778
pure,64,4,0.0625,4.0,0,0,4096,16384,4864,3802.616,12625.353,6260.44,0.2786
mixed,64,4,0.0625,4.0,16,0,128,512,152,203.872,495.167,302.24,0.3377
mixed,64,4,0.0625,4.0,16,0,256,1024,304,324.639,887.646,500.541,0.3124
mixed,64,4,0.0625,4.0,16,0,512,2048,608,570.015,1673.695,945.248,0.34
mixed,64,4,0.0625,4.0,16,0,1024,4096,1216,1038.302,3247.898,1639.486,0.2721
mixed,64,4,0.0625,4.0,16,0,2048,8192,2432,1967.516,6394.036,3199.77,0.2784
mixed,64,4,0.0625,4.0,16,0,4096,16384,4864,3831.993,12645.837,6317.237,0.282
mixed,64,4,0.0625,4.0,16,512,128,512,152,244.192,538.624,333.918,0.3047
mixed,64,4,0.0625,4.0,16,512,256,1024,304,365.119,928.446,536.287,0.3039
mixed,64,4,0.0625,4.0,16,512,512,2048,608,610.976,1714.077,912.796,0.2736
mixed,64,4,0.0625,4.0,16,512,1024,4096,1216,1078.558,3284.378,1689.886,0.2771
mixed,64,4,0.0625,4.0,16,512,2048,8192,2432,2008.542,6421.782,3386.586,0.3123
mixed,64,4,0.0625,4.0,16,512,4096,16384,4864,3872.281,12687.819,6371.831,0.2835
mixed,64,4,0.0625,4.0,16,1024,128,512,152,253.182,544.062,330.56,0.266
mixed,64,4,0.0625,4.0,16,1024,256,1024,304,371.617,935.393,560.735,0.3354
mixed,64,4,0.0625,4.0,16,1024,512,2048,608,615.743,1717.466,954.974,0.3079
mixed,64,4,0.0625,4.0,16,1024,1024,4096,1216,1084.669,3293.082,1687.548,0.273
mixed,64,4,0.0625,4.0,16,1024,2048,8192,2432,2013.439,6422.1,3401.497,0.3148
mixed,64,4,0.0625,4.0,16,1024,4096,16384,4864,3875.832,12694.762,6664.724,0.3162
mixed,64,4,0.0625,4.0,16,2048,128,512,152,255.903,551.101,357.696,0.3448
mixed,64,4,0.0625,4.0,16,2048,256,1024,304,377.918,941.884,569.665,0.34
mixed,64,4,0.0625,4.0,16,2048,512,2048,608,622.335,1723.996,911.837,0.2628
mixed,64,4,0.0625,4.0,16,2048,1024,4096,1216,1097.116,3297.434,1700.895,0.2744
mixed,64,4,0.0625,4.0,16,2048,2048,8192,2432,2020.766,6442.484,3417.274,0.3158
mixed,64,4,0.0625,4.0,16,2048,4096,16384,4864,3887.419,12696.683,6397.974,0.285
mixed,64,4,0.0625,4.0,16,4096,128,512,152,294.688,592.321,383.296,0.2977
mixed,64,4,0.0625,4.0,16,4096,256,1024,304,416.641,982.717,627.774,0.373
mixed,64,4,0.0625,4.0,16,4096,512,2048,608,661.567,1764.35,955.741,0.2668
mixed,64,4,0.0625,4.0,16,4096,1024,4096,1216,1130.271,3333.658,1878.396,0.3395
mixed,64,4,0.0625,4.0,16,4096,2048,8192,2432,2063.162,6478.804,3575.833,0.3426
mixed,64,4,0.0625,4.0,16,4096,4096,16384,4864,3928.346,12735.946,6412.373,0.282
mixed,64,4,0.0625,4.0,16,8192,128,512,152,347.713,644.576,434.111,0.291
mixed,64,4,0.0625,4.0,16,8192,256,1024,304,467.134,1034.429,642.656,0.3094
mixed,64,4,0.0625,4.0,16,8192,512,2048,608,713.695,1816.122,1050.076,0.3051
mixed,64,4,0.0625,4.0,16,8192,1024,4096,1216,1181.79,3388.793,2011.869,0.3761
mixed,64,4,0.0625,4.0,16,8192,2048,8192,2432,2114.619,6525.461,3634.68,0.3446
mixed,64,4,0.0625,4.0,16,8192,4096,16384,4864,3976.789,12791.21,7050.097,0.3487
mixed,64,4,0.0625,4.0,32,0,128,512,152,240.926,536.032,340.543,0.3376
mixed,64,4,0.0625,4.0,32,0,256,1024,304,362.336,928.542,576.735,0.3787
mixed,64,4,0.0625,4.0,32,0,512,2048,608,607.967,1714.013,1020.99,0.3734
mixed,64,4,0.0625,4.0,32,0,1024,4096,1216,1078.43,3279.962,1686.268,0.2761
mixed,64,4,0.0625,4.0,32,0,2048,8192,2432,2008.349,6423.542,3237.466,0.2784
mixed,64,4,0.0625,4.0,32,0,4096,16384,4864,3872.699,12696.651,6658.07,0.3157
mixed,64,4,0.0625,4.0,32,512,128,512,152,283.424,579.006,375.104,0.3102
mixed,64,4,0.0625,4.0,32,512,256,1024,304,404.226,971.775,597.217,0.34
mixed,64,4,0.0625,4.0,32,512,512,2048,608,651.838,1751.803,1025.18,0.3394
mixed,64,4,0.0625,4.0,32,512,1024,4096,1216,1117.247,3325.337,1800.795,0.3096
mixed,64,4,0.0625,4.0,32,512,2048,8192,2432,2053.34,6458.868,3424.57,0.3113
mixed,64,4,0.0625,4.0,32,512,4096,16384,4864,3907.001,12735.31,6991.379,0.3494
mixed,64,4,0.0625,4.0,32,1024,128,512,152,293.119,585.696,372.864,0.2726
mixed,64,4,0.0625,4.0,32,1024,256,1024,304,414.753,977.791,580.638,0.2946
mixed,64,4,0.0625,4.0,32,1024,512,2048,608,659.423,1761.563,1035.421,0.3412
mixed,64,4,0.0625,4.0,32,1024,1024,4096,1216,1129.245,3341.468,1728.7,0.271
mixed,64,4,0.0625,4.0,32,1024,2048,8192,2432,2059.934,6468.628,3282.556,0.2773
mixed,64,4,0.0625,4.0,32,1024,4096,16384,4864,3915.672,12737.963,6973.717,0.3466
mixed,64,4,0.0625,4.0,32,2048,128,512,152,308.096,602.367,387.296,0.2691
mixed,64,4,0.0625,4.0,32,2048,256,1024,304,428.927,995.104,647.2,0.3855
mixed,64,4,0.0625,4.0,32,2048,512,2048,608,674.044,1777.117,965.118,0.2639
mixed,64,4,0.0625,4.0,32,2048,1024,4096,1216,1146.015,3351.579,1828.124,0.3093
mixed,64,4,0.0625,4.0,32,2048,2048,8192,2432,2072.093,6482.678,3457.817,0.3142
mixed,64,4,0.0625,4.0,32,2048,4096,16384,4864,3934.714,12750.567,6987.03,0.3462
mixed,64,4,0.0625,4.0,32,4096,128,512,152,395.294,690.621,485.984,0.3071
mixed,64,4,0.0625,4.0,32,4096,256,1024,304,518.077,1080.316,732.541,0.3814
mixed,64,4,0.0625,4.0,32,4096,512,2048,608,765.665,1867.23,1063.071,0.27
mixed,64,4,0.0625,4.0,32,4096,1024,4096,1216,1230.046,3432.378,1834.204,0.2743
mixed,64,4,0.0625,4.0,32,4096,2048,8192,2432,2162.942,6575.031,3685.372,0.3451
mixed,64,4,0.0625,4.0,32,4096,4096,16384,4864,4025.241,12850.539,6499.607,0.2804
mixed,64,4,0.0625,4.0,32,8192,128,512,152,503.775,803.294,587.712,0.2802
mixed,64,4,0.0625,4.0,32,8192,256,1024,304,625.887,1193.725,823.806,0.3485
mixed,64,4,0.0625,4.0,32,8192,512,2048,608,877.277,1981.054,1248.223,0.3361
mixed,64,4,0.0625,4.0,32,8192,1024,4096,1216,1344.094,3544.858,2016.67,0.3056
mixed,64,4,0.0625,4.0,32,8192,2048,8192,2432,2269.658,6697.174,3788.697,0.3431
mixed,64,4,0.0625,4.0,32,8192,4096,16384,4864,4134.235,12964.686,6894.58,0.3126
mixed,64,4,0.0625,4.0,64,0,128,512,152,243.871,539.134,344.161,0.3397
mixed,64,4,0.0625,4.0,64,0,256,1024,304,367.521,932.512,558.463,0.338
mixed,64,4,0.0625,4.0,64,0,512,2048,608,614.367,1716.029,912.446,0.2706
mixed,64,4,0.0625,4.0,64,0,1024,4096,1216,1079.421,3287.258,1672.027,0.2684
mixed,64,4,0.0625,4.0,64,0,2048,8192,2432,2017.501,6429.142,3245.532,0.2784
mixed,64,4,0.0625,4.0,64,0,4096,16384,4864,3872.439,12692.973,6365.914,0.2827
mixed,64,4,0.0625,4.0,64,512,128,512,152,302.144,594.941,398.4,0.3287
mixed,64,4,0.0625,4.0,64,512,256,1024,304,420.031,988.67,592.866,0.3039
mixed,64,4,0.0625,4.0,64,512,512,2048,608,667.361,1771.581,1000.256,0.3015
mixed,64,4,0.0625,4.0,64,512,1024,4096,1216,1138.718,3342.332,1729.536,0.2681
mixed,64,4,0.0625,4.0,64,512,2048,8192,2432,2069.98,6477.014,3287.068,0.2762
mixed,64,4,0.0625,4.0,64,512,4096,16384,4864,3930.555,12764.205,6709.299,0.3146
mixed,64,4,0.0625,4.0,64,1024,128,512,152,362.116,656.706,439.171,0.2616
mixed,64,4,0.0625,4.0,64,1024,256,1024,304,480.927,1046.205,677.791,0.3483
mixed,64,4,0.0625,4.0,64,1024,512,2048,608,728.543,1834.653,1021.663,0.265
mixed,64,4,0.0625,4.0,64,1024,1024,4096,1216,1195.84,3404.447,1802.589,0.2747
mixed,64,4,0.0625,4.0,64,1024,2048,8192,2432,2126.302,6542.356,3496.952,0.3104
mixed,64,4,0.0625,4.0,64,1024,4096,16384,4864,3989.82,12811.979,6743.669,0.3122
mixed,64,4,0.0625,4.0,64,2048,128,512,152,401.696,691.583,485.471,0.289
mixed,64,4,0.0625,4.0,64,2048,256,1024,304,519.647,1084.574,714.367,0.3447
mixed,64,4,0.0625,4.0,64,2048,512,2048,608,765.309,1867.613,1053.408,0.2614
mixed,64,4,0.0625,4.0,64,2048,1024,4096,1216,1232.386,3437.435,1835.547,0.2735
mixed,64,4,0.0625,4.0,64,2048,2048,8192,2432,2161.947,6579.829,3388.027,0.2775
mixed,64,4,0.0625,4.0,64,2048,4096,16384,4864,4032.635,12842.061,6795.638,0.3136
mixed,64,4,0.0625,4.0,64,4096,128,512,152,500.576,793.12,579.807,0.2708
mixed,64,4,0.0625,4.0,64,4096,256,1024,304,617.341,1183.58,787.391,0.3003
mixed,64,4,0.0625,4.0,64,4096,512,2048,608,870.27,1970.75,1197.341,0.2972
mixed,64,4,0.0625,4.0,64,4096,1024,4096,1216,1334.974,3542.491,2165.757,0.3763
mixed,64,4,0.0625,4.0,64,4096,2048,8192,2432,2264.828,6670.485,3488.859,0.2778
mixed,64,4,0.0625,4.0,64,4096,4096,16384,4864,4123.451,12953.356,7177.748,0.3459
mixed,64,4,0.0625,4.0,64,8192,128,512,152,702.655,999.007,792.48,0.3031
mixed,64,4,0.0625,4.0,64,8192,256,1024,304,822.909,1389.597,1013.312,0.336
mixed,64,4,0.0625,4.0,64,8192,512,2048,608,1070.654,2169.693,1441.758,0.3377
mixed,64,4,0.0625,4.0,64,8192,1024,4096,1216,1540.064,3742.808,2283.58,0.3375
mixed,64,4,0.0625,4.0,64,8192,2048,8192,2432,2472.062,6879.189,3689.565,0.2763
mixed,64,4,0.0625,4.0,64,8192,4096,16384,4864,4340.568,13153.675,7394.131,0.3465
mixed,64,4,0.0625,4.0,128,0,128,512,152,269.119,561.632,347.329,0.2674
mixed,64,4,0.0625,4.0,128,0,256,1024,304,390.688,955.998,538.112,0.2608
mixed,64,4,0.0625,4.0,128,0,512,2048,608,635.294,1744.541,1015.713,0.343
mixed,64,4,0.0625,4.0,128,0,1024,4096,1216,1104.893,3306.203,1706.974,0.2735
mixed,64,4,0.0625,4.0,128,0,2048,8192,2432,2032.861,6446.454,3398.33,0.3094
mixed,64,4,0.0625,4.0,128,0,4096,16384,4864,3897.37,12715.691,6657.974,0.3131
mixed,64,4,0.0625,4.0,128,512,128,512,152,400.573,696.352,501.728,0.342
mixed,64,4,0.0625,4.0,128,512,256,1024,304,522.528,1087.902,710.528,0.3325
mixed,64,4,0.0625,4.0,128,512,512,2048,608,770.047,1869.917,1143.741,0.3398
mixed,64,4,0.0625,4.0,128,512,1024,4096,1216,1235.134,3443.708,1913.789,0.3073
mixed,64,4,0.0625,4.0,128,512,2048,8192,2432,2164.956,6581.779,3385.371,0.2763
mixed,64,4,0.0625,4.0,128,512,4096,16384,4864,4030.139,12845.193,6790.387,0.3131
mixed,64,4,0.0625,4.0,128,1024,128,512,152,466.877,762.367,550.272,0.2822
mixed,64,4,0.0625,4.0,128,1024,256,1024,304,589.47,1153.984,757.311,0.2973
mixed,64,4,0.0625,4.0,128,1024,512,2048,608,834.625,1939.645,1169.5,0.303
mixed,64,4,0.0625,4.0,128,1024,1024,4096,1216,1303.774,3507.002,1981.501,0.3076
mixed,64,4,0.0625,4.0,128,1024,2048,8192,2432,2232.956,6643.221,3593.534,0.3085
mixed,64,4,0.0625,4.0,128,1024,4096,16384,4864,4104.091,12925.643,7178.516,0.3485
mixed,64,4,0.0625,4.0,128,2048,128,512,152,565.056,860.99,680.255,0.3893
mixed,64,4,0.0625,4.0,128,2048,256,1024,304,688.831,1256.351,855.68,0.294
mixed,64,4,0.0625,4.0,128,2048,512,2048,608,933.501,2040.158,1302.109,0.3331
mixed,64,4,0.0625,4.0,128,2048,1024,4096,1216,1405.533,3608.218,1996.541,0.2683
mixed,64,4,0.0625,4.0,128,2048,2048,8192,2432,2331.225,6742.932,3551.655,0.2766
mixed,64,4,0.0625,4.0,128,2048,4096,16384,4864,4194.013,13025.681,6948.782,0.3119
mixed,64,4,0.0625,4.0,128,4096,128,512,152,765.876,1059.983,868.69,0.3496
mixed,64,4,0.0625,4.0,128,4096,256,1024,304,888.273,1455.783,1034.96,0.2585
mixed,64,4,0.0625,4.0,128,4096,512,2048,608,1134.606,2239.645,1467.849,0.3016
mixed,64,4,0.0625,4.0,128,4096,1024,4096,1216,1604.231,3808.77,2363.45,0.3444
mixed,64,4,0.0625,4.0,128,4096,2048,8192,2432,2534.038,6945.361,4062.751,0.3465
mixed,64,4,0.0625,4.0,128,4096,4096,16384,4864,4392.474,13213.583,6859.443,0.2797
mixed,64,4,0.0625,4.0,128,8192,128,512,152,1161.069,1457.609,1276.138,0.388
mixed,64,4,0.0625,4.0,128,8192,256,1024,304,1285.451,1849.539,1478.217,0.3417
mixed,64,4,0.0625,4.0,128,8192,512,2048,608,1529.832,2638.232,1903.554,0.3372
mixed,64,4,0.0625,4.0,128,8192,1024,4096,1216,1995.522,4204.83,2830.613,0.378
mixed,64,4,0.0625,4.0,128,8192,2048,8192,2432,2934.578,7335.789,4294.845,0.3091
mixed,64,4,0.0625,4.0,128,8192,4096,16384,4864,4800.951,13615.179,7561.321,0.3132
mixed,64,4,0.0625,4.0,256,0,128,512,152,389.755,682.613,468.314,0.2682
mixed,64,4,0.0625,4.0,256,0,256,1024,304,510.197,1073.871,706.773,0.3487
mixed,64,4,0.0625,4.0,256,0,512,2048,608,761.172,1863.747,1084.718,0.2934
mixed,64,4,0.0625,4.0,256,0,1024,4096,1216,1224.014,3431.306,1985.121,0.3448
mixed,64,4,0.0625,4.0,256,0,2048,8192,2432,2154.398,6568.793,3529.704,0.3116
mixed,64,4,0.0625,4.0,256,0,4096,16384,4864,4019.075,12832.893,7069.077,0.346
mixed,64,4,0.0625,4.0,256,512,128,512,152,520.441,812.948,606.581,0.2945
mixed,64,4,0.0625,4.0,256,512,256,1024,304,639.864,1209.131,853.938,0.3761
mixed,64,4,0.0625,4.0,256,512,512,2048,608,883.796,1987.106,1221.293,0.3059
mixed,64,4,0.0625,4.0,256,512,1024,4096,1216,1354.572,3559.688,2027.587,0.3052
mixed,64,4,0.0625,4.0,256,512,2048,8192,2432,2285.505,6698.202,3820.679,0.3479
mixed,64,4,0.0625,4.0,256,512,4096,16384,4864,4143.328,12980.186,6619.804,0.2802
mixed,64,4,0.0625,4.0,256,1024,128,512,152,618.518,911.219,719.862,0.3462
mixed,64,4,0.0625,4.0,256,1024,256,1024,304,738.07,1304.236,907.281,0.2989
mixed,64,4,0.0625,4.0,256,1024,512,2048,608,981.777,2089.632,1356.716,0.3384
mixed,64,4,0.0625,4.0,256,1024,1024,4096,1216,1454.249,3660.295,2124.64,0.3039
mixed,64,4,0.0625,4.0,256,1024,2048,8192,2432,2381.468,6797.82,3758.664,0.3118
mixed,64,4,0.0625,4.0,256,1024,4096,16384,4864,4249.023,13078.72,6715.294,0.2793
mixed,64,4,0.0625,4.0,256,2048,128,512,152,814.806,1110.992,904.819,0.3039
mixed,64,4,0.0625,4.0,256,2048,256,1024,304,935.923,1503.211,1126.832,0.3365
mixed,64,4,0.0625,4.0,256,2048,512,2048,608,1180.461,2285.693,1592.489,0.3728
mixed,64,4,0.0625,4.0,256,2048,1024,4096,1216,1649.157,3855.913,2322.782,0.3053
mixed,64,4,0.0625,4.0,256,2048,2048,8192,2432,2580.056,6996.377,4103.46,0.3449
mixed,64,4,0.0625,4.0,256,2048,4096,16384,4864,4452.447,13250.56,7793.905,0.3798
mixed,64,4,0.0625,4.0,256,4096,128,512,152,1212.688,1508.938,1322.766,0.3716
mixed,64,4,0.0625,4.0,256,4096,256,1024,304,1332.077,1900.642,1523.594,0.3368
mixed,64,4,0.0625,4.0,256,4096,512,2048,608,1583.496,2686.166,1949.187,0.3316
mixed,64,4,0.0625,4.0,256,4096,1024,4096,1216,2052.098,4251.172,2793.688,0.3372
mixed,64,4,0.0625,4.0,256,4096,2048,8192,2432,2972.499,7391.35,4196.675,0.277
mixed,64,4,0.0625,4.0,256,4096,4096,16384,4864,4844.696,13662.364,7599.22,0.3124
mixed,64,4,0.0625,4.0,256,8192,128,512,152,1999.971,2295.743,2091.426,0.3092
mixed,64,4,0.0625,4.0,256,8192,256,1024,304,2121.281,2687.353,2315.166,0.3425
mixed,64,4,0.0625,4.0,256,8192,512,2048,608,2366.271,3475.441,2740.73,0.3376
mixed,64,4,0.0625,4.0,256,8192,1024,4096,1216,2833.082,5045.783,3581.805,0.3384
mixed,64,4,0.0625,4.0,256,8192,2048,8192,2432,3764.938,8182.92,4986.711,0.2765
mixed,64,4,0.0625,4.0,256,8192,4096,16384,4864,5628.527,14444.885,8376.265,0.3117
mixed,64,4,0.0625,4.0,512,0,128,512,152,657.976,952.338,737.27,0.2694
mixed,64,4,0.0625,4.0,512,0,256,1024,304,778.613,1345.102,947.7,0.2985
mixed,64,4,0.0625,4.0,512,0,512,2048,608,1024.05,2135.555,1355.277,0.298
mixed,64,4,0.0625,4.0,512,0,1024,4096,1216,1495.054,3699.148,2095.425,0.2724
mixed,64,4,0.0625,4.0,512,0,2048,8192,2432,2422.782,6845.248,3654.22,0.2785
mixed,64,4,0.0625,4.0,512,0,4096,16384,4864,4285.351,13101.259,7332.187,0.3456
mixed,64,4,0.0625,4.0,512,512,128,512,152,876.149,1173.68,958.898,0.2781
mixed,64,4,0.0625,4.0,512,512,256,1024,304,1002.609,1564.457,1142.48,0.2489
mixed,64,4,0.0625,4.0,512,512,512,2048,608,1246.255,2350.912,1565.323,0.2888
mixed,64,4,0.0625,4.0,512,512,1024,4096,1216,1711.784,3923.724,2460.797,0.3386
mixed,64,4,0.0625,4.0,512,512,2048,8192,2432,2642.847,7055.295,4007.979,0.3094
mixed,64,4,0.0625,4.0,512,512,4096,16384,4864,4515.907,13332.907,7550.168,0.3441
mixed,64,4,0.0625,4.0,512,1024,128,512,152,1073.456,1368.109,1155.186,0.2774
mixed,64,4,0.0625,4.0,512,1024,256,1024,304,1195.792,1763.017,1405.581,0.3699
mixed,64,4,0.0625,4.0,512,1024,512,2048,608,1441.838,2549.374,1767.335,0.2939
mixed,64,4,0.0625,4.0,512,1024,1024,4096,1216,1910.854,4110.442,2671.484,0.3458
mixed,64,4,0.0625,4.0,512,1024,2048,8192,2432,2840.507,7255.421,4506.627,0.3774
mixed,64,4,0.0625,4.0,512,1024,4096,16384,4864,4701.76,13521.481,7460.287,0.3128
mixed,64,4,0.0625,4.0,512,2048,128,512,152,1465.614,1764.327,1548.301,0.2768
mixed,64,4,0.0625,4.0,512,2048,256,1024,304,1588.298,2154.339,1754.249,0.2932
mixed,64,4,0.0625,4.0,512,2048,512,2048,608,1832.07,2937.434,2168.324,0.3042
mixed,64,4,0.0625,4.0,512,2048,1024,4096,1216,2303.106,4508.231,2976.313,0.3053
mixed,64,4,0.0625,4.0,512,2048,2048,8192,2432,3234.933,7660.761,4891.871,0.3744
mixed,64,4,0.0625,4.0,512,2048,4096,16384,4864,5099.294,13916.586,7876.44,0.315
mixed,64,4,0.0625,4.0,512,4096,128,512,152,2249.922,2547.682,2331.203,0.273
mixed,64,4,0.0625,4.0,512,4096,256,1024,304,2373.474,2937.723,2542.145,0.2989
mixed,64,4,0.0625,4.0,512,4096,512,2048,608,2620.989,3723.506,2945.851,0.2947
mixed,64,4,0.0625,4.0,512,4096,1024,4096,1216,3086.008,5289.881,3756.942,0.3044
mixed,64,4,0.0625,4.0,512,4096,2048,8192,2432,4018.67,8430.578,5533.527,0.3434
mixed,64,4,0.0625,4.0,512,4096,4096,16384,4864,5883.348,14708.35,8638.673,0.3122
mixed,64,4,0.0625,4.0,512,8192,128,512,152,3820.429,4114.409,3924.108,0.3527
mixed,64,4,0.0625,4.0,512,8192,256,1024,304,3940.045,4506.023,4128.716,0.3334
mixed,64,4,0.0625,4.0,512,8192,512,2048,608,4188.233,5296.189,4558.469,0.3342
mixed,64,4,0.0625,4.0,512,8192,1024,4096,1216,4655.779,6867.785,5473.463,0.3697
mixed,64,4,0.0625,4.0,512,8192,2048,8192,2432,5587.509,10000.286,6951.364,0.3091
mixed,64,4,0.0625,4.0,512,8192,4096,16384,4864,7455.458,16265.776,10496.662,0.3452
mixed,64,4,0.0625,4.0,1024,0,128,512,152,988.692,1287.44,1090.034,0.3392
mixed,64,4,0.0625,4.0,1024,0,256,1024,304,1109.843,1675.048,1302.8,0.3414
mixed,64,4,0.0625,4.0,1024,0,512,2048,608,1354.7,2460.704,1730.441,0.3397
mixed,64,4,0.0625,4.0,1024,0,1024,4096,1216,1826.536,4026.574,2504.544,0.3082
mixed,64,4,0.0625,4.0,1024,0,2048,8192,2432,2755.837,7166.917,4433.479,0.3803
mixed,64,4,0.0625,4.0,1024,0,4096,16384,4864,4617.061,13448.279,7086.436,0.2796
mixed,64,4,0.0625,4.0,1024,512,128,512,152,1461.228,1756.204,1552.523,0.3095
mixed,64,4,0.0625,4.0,1024,512,256,1024,304,1582.572,2145.796,1750.634,0.2984
mixed,64,4,0.0625,4.0,1024,512,512,2048,608,1827.112,2934.044,2198.274,0.3353
mixed,64,4,0.0625,4.0,1024,512,1024,4096,1216,2294.275,4499.11,3044.919,0.3405
mixed,64,4,0.0625,4.0,1024,512,2048,8192,2432,3225.269,7637.919,4449.512,0.2774
mixed,64,4,0.0625,4.0,1024,512,4096,16384,4864,5094.879,13924.916,7846.397,0.3116
mixed,64,4,0.0625,4.0,1024,1024,128,512,152,1852.713,2144.549,1930.695,0.2672
mixed,64,4,0.0625,4.0,1024,1024,256,1024,304,1973.575,2539.584,2142.534,0.2985
mixed,64,4,0.0625,4.0,1024,1024,512,2048,608,2222.084,3320.054,2598.623,0.3429
mixed,64,4,0.0625,4.0,1024,1024,1024,4096,1216,2687.838,4894.37,3521.046,0.3776
mixed,64,4,0.0625,4.0,1024,1024,2048,8192,2432,3617.076,8029.153,4839.619,0.2771
mixed,64,4,0.0625,4.0,1024,1024,4096,16384,4864,5478.364,14297.397,8236.026,0.3127
mixed,64,4,0.0625,4.0,1024,2048,128,512,152,2633.633,2925.95,2736.35,0.3514
mixed,64,4,0.0625,4.0,1024,2048,256,1024,304,2757.63,3319.799,2905.404,0.2629
mixed,64,4,0.0625,4.0,1024,2048,512,2048,608,3002.556,4105.776,3416.984,0.3757
mixed,64,4,0.0625,4.0,1024,2048,1024,4096,1216,3465.814,5678.427,4069.104,0.2727
mixed,64,4,0.0625,4.0,1024,2048,2048,8192,2432,4403.467,8817.367,5905.114,0.3402
mixed,64,4,0.0625,4.0,1024,2048,4096,16384,4864,6264.438,15084.361,8727.636,0.2793
mixed,64,4,0.0625,4.0,1024,4096,128,512,152,4198.0,4487.754,4282.186,0.2905
mixed,64,4,0.0625,4.0,1024,4096,256,1024,304,4313.068,4881.156,4506.152,0.3399
mixed,64,4,0.0625,4.0,1024,4096,512,2048,608,4556.231,5660.123,4893.158,0.3052
mixed,64,4,0.0625,4.0,1024,4096,1024,4096,1216,5026.595,7241.866,5701.31,0.3046
mixed,64,4,0.0625,4.0,1024,4096,2048,8192,2432,5960.408,10372.164,7471.306,0.3425
mixed,64,4,0.0625,4.0,1024,4096,4096,16384,4864,7826.787,16645.085,10282.758,0.2785
mixed,64,4,0.0625,4.0,1024,8192,128,512,152,7318.378,7608.904,7397.673,0.2729
mixed,64,4,0.0625,4.0,1024,8192,256,1024,304,7437.988,8007.804,7609.091,0.3003
mixed,64,4,0.0625,4.0,1024,8192,512,2048,608,7691.527,8789.465,8018.019,0.2974
mixed,64,4,0.0625,4.0,1024,8192,1024,4096,1216,8150.051,10352.776,8828.757,0.3081
mixed,64,4,0.0625,4.0,1024,8192,2048,8192,2432,9076.818,13504.961,10464.426,0.3134
mixed,64,4,0.0625,4.0,1024,8192,4096,16384,4864,10942.684,19782.94,13718.658,0.314
mixed,64,4,0.0625,4.0,2048,0,128,512,152,2458.403,2756.992,2535.716,0.2589
mixed,64,4,0.0625,4.0,2048,0,256,1024,304,2579.522,3142.906,2765.569,0.3302
mixed,64,4,0.0625,4.0,2048,0,512,2048,608,2828.031,3932.66,3118.364,0.2628
mixed,64,4,0.0625,4.0,2048,0,1024,4096,1216,3296.187,5495.294,3972.722,0.3076
mixed,64,4,0.0625,4.0,2048,0,2048,8192,2432,4218.447,8635.773,5609.599,0.3149
mixed,64,4,0.0625,4.0,2048,0,4096,16384,4864,6092.922,14909.174,8542.879,0.2779
mixed,64,4,0.0625,4.0,2048,512,128,512,152,3309.946,3607.927,3401.145,0.3061
mixed,64,4,0.0625,4.0,2048,512,256,1024,304,3431.736,4001.202,3595.032,0.2868
mixed,64,4,0.0625,4.0,2048,512,512,2048,608,3678.103,4786.154,4049.299,0.335
mixed,64,4,0.0625,4.0,2048,512,1024,4096,1216,4144.399,6352.025,4822.12,0.307
mixed,64,4,0.0625,4.0,2048,512,2048,8192,2432,5074.248,9486.645,6319.672,0.2823
mixed,64,4,0.0625,4.0,2048,512,4096,16384,4864,6936.911,15762.379,9705.488,0.3137
mixed,64,4,0.0625,4.0,2048,1024,128,512,152,4154.13,4437.07,4228.882,0.2642
mixed,64,4,0.0625,4.0,2048,1024,256,1024,304,4274.031,4842.763,4468.173,0.3414
mixed,64,4,0.0625,4.0,2048,1024,512,2048,608,4518.51,5615.203,4817.068,0.2722
mixed,64,4,0.0625,4.0,2048,1024,1024,4096,1216,4981.29,7190.192,5583.01,0.2724
mixed,64,4,0.0625,4.0,2048,1024,2048,8192,2432,5909.312,10325.712,7441.774,0.347
mixed,64,4,0.0625,4.0,2048,1024,4096,16384,4864,7795.147,16607.083,10549.836,0.3126
mixed,64,4,0.0625,4.0,2048,2048,128,512,152,5794.431,6088.059,5874.048,0.2711
mixed,64,4,0.0625,4.0,2048,2048,256,1024,304,5921.186,6487.158,6084.284,0.2882
mixed,64,4,0.0625,4.0,2048,2048,512,2048,608,6164.894,7270.863,6537.754,0.3371
mixed,64,4,0.0625,4.0,2048,2048,1024,4096,1216,6634.965,8843.134,7225.553,0.2675
mixed,64,4,0.0625,4.0,2048,2048,2048,8192,2432,7556.205,11976.509,8933.152,0.3115
mixed,64,4,0.0625,4.0,2048,2048,4096,16384,4864,9427.8,18240.567,12773.302,0.3796
mixed,64,4,0.0625,4.0,2048,4096,128,512,152,8996.669,9302.748,9086.263,0.2927
mixed,64,4,0.0625,4.0,2048,4096,256,1024,304,9120.091,9695.895,9272.025,0.2639
mixed,64,4,0.0625,4.0,2048,4096,512,2048,608,9375.035,10481.745,9748.308,0.3373
mixed,64,4,0.0625,4.0,2048,4096,1024,4096,1216,9832.761,12042.976,10514.61,0.3085
mixed,64,4,0.0625,4.0,2048,4096,2048,8192,2432,10766.315,15190.206,12005.087,0.28
mixed,64,4,0.0625,4.0,2048,4096,4096,16384,4864,12636.473,21452.122,15111.103,0.2807
mixed,64,4,0.0625,4.0,2048,8192,128,512,152,15201.696,15507.804,15355.097,0.5011
mixed,64,4,0.0625,4.0,2048,8192,256,1024,304,15346.235,15922.84,15508.987,0.2823
mixed,64,4,0.0625,4.0,2048,8192,512,2048,608,15567.418,16678.292,15853.722,0.2577
mixed,64,4,0.0625,4.0,2048,8192,1024,4096,1216,16055.675,18237.631,16637.394,0.2666
mixed,64,4,0.0625,4.0,2048,8192,2048,8192,2432,16987.18,21396.447,18493.244,0.3416
mixed,64,4,0.0625,4.0,2048,8192,4096,16384,4864,18829.594,27656.159,21578.845,0.3115
pure,64,8,0.125,4.0,0,0,128,512,176,199.103,466.009,280.157,0.3037
pure,64,8,0.125,4.0,0,0,256,1024,352,345.468,862.231,472.475,0.2458
pure,64,8,0.125,4.0,0,0,512,2048,704,615.705,1648.686,892.437,0.2679
pure,64,8,0.125,4.0,0,0,1024,4096,1408,1160.372,3214.592,1674.224,0.2501
pure,64,8,0.125,4.0,0,0,2048,8192,2816,2234.92,6350.332,3540.216,0.3172
pure,64,8,0.125,4.0,0,0,4096,16384,5632,4390.004,12629.151,6679.865,0.2779
mixed,64,8,0.125,4.0,16,0,128,512,176,230.078,498.137,326.206,0.3586
mixed,64,8,0.125,4.0,16,0,256,1024,352,373.915,889.144,550.041,0.3418
mixed,64,8,0.125,4.0,16,0,512,2048,704,642.841,1676.143,920.502,0.2687
mixed,64,8,0.125,4.0,16,0,1024,4096,1408,1185.876,3242.847,1754.544,0.2765
mixed,64,8,0.125,4.0,16,0,2048,8192,2816,2262.986,6379.839,3558.81,0.3148
mixed,64,8,0.125,4.0,16,0,4096,16384,5632,4420.209,12655.228,6762.073,0.2844
mixed,64,8,0.125,4.0,16,512,128,512,176,266.879,536.635,364.476,0.3618
mixed,64,8,0.125,4.0,16,512,256,1024,352,413.021,928.886,573.627,0.3113
mixed,64,8,0.125,4.0,16,512,512,2048,704,681.658,1714.991,970.647,0.2797
mixed,64,8,0.125,4.0,16,512,1024,4096,1408,1224.883,3280.19,1920.236,0.3383
mixed,64,8,0.125,4.0,16,512,2048,8192,2816,2300.517,6420.384,3471.484,0.2842
mixed,64,8,0.125,4.0,16,512,4096,16384,5632,4455.922,12687.552,6806.972,0.2856
mixed,64,8,0.125,4.0,16,1024,128,512,176,276.573,543.738,367.965,0.3421
mixed,64,8,0.125,4.0,16,1024,256,1024,352,419.835,937.718,547.931,0.2473
mixed,64,8,0.125,4.0,16,1024,512,2048,704,687.896,1719.47,996.15,0.2988
mixed,64,8,0.125,4.0,16,1024,1024,4096,1408,1229.62,3289.889,1744.654,0.25
mixed,64,8,0.125,4.0,16,1024,2048,8192,2816,2317.29,6428.387,3319.935,0.2439
mixed,64,8,0.125,4.0,16,1024,4096,16384,5632,4466.578,12687.266,6541.982,0.2525
mixed,64,8,0.125,4.0,16,2048,128,512,176,280.061,549.724,378.331,0.3644
mixed,64,8,0.125,4.0,16,2048,256,1024,352,426.299,942.711,580.218,0.2981
mixed,64,8,0.125,4.0,16,2048,512,2048,704,696.314,1730.188,973.557,0.2682
mixed,64,8,0.125,4.0,16,2048,1024,4096,1408,1235.891,3298.689,1878.096,0.3113
mixed,64,8,0.125,4.0,16,2048,2048,8192,2816,2313.576,6431.17,3798.555,0.3606
mixed,64,8,0.125,4.0,16,2048,4096,16384,5632,4475.603,12691.716,6982.044,0.3051
mixed,64,8,0.125,4.0,16,4096,128,512,176,317.726,590.65,419.389,0.3725
mixed,64,8,0.125,4.0,16,4096,256,1024,352,464.988,978.966,617.563,0.2969
mixed,64,8,0.125,4.0,16,4096,512,2048,704,734.425,1769.166,982.614,0.2399
mixed,64,8,0.125,4.0,16,4096,1024,4096,1408,1278.644,3338.238,1796.017,0.2512
mixed,64,8,0.125,4.0,16,4096,2048,8192,2816,2356.809,6477.729,3730.651,0.3334
mixed,64,8,0.125,4.0,16,4096,4096,16384,5632,4509.588,12732.295,7250.235,0.3333
mixed,64,8,0.125,4.0,16,8192,128,512,176,370.683,643.419,476.091,0.3865
mixed,64,8,0.125,4.0,16,8192,256,1024,352,515.387,1032.661,653.787,0.2676
mixed,64,8,0.125,4.0,16,8192,512,2048,704,788.217,1819.09,1099.058,0.3015
mixed,64,8,0.125,4.0,16,8192,1024,4096,1408,1330.708,3387.265,2074.926,0.3619
mixed,64,8,0.125,4.0,16,8192,2048,8192,2816,2415.307,6522.787,3560.223,0.2787
mixed,64,8,0.125,4.0,16,8192,4096,16384,5632,4557.076,12780.389,7514.134,0.3596
mixed,64,8,0.125,4.0,32,0,128,512,176,265.471,534.331,366.591,0.3761
mixed,64,8,0.125,4.0,32,0,256,1024,352,411.132,927.927,566.009,0.2997
mixed,64,8,0.125,4.0,32,0,512,2048,704,681.019,1712.433,998.646,0.308
mixed,64,8,0.125,4.0,32,0,1024,4096,1408,1222.356,3282.242,1794.448,0.2777
mixed,64,8,0.125,4.0,32,0,2048,8192,2816,2302.89,6416.132,3454.528,0.28
mixed,64,8,0.125,4.0,32,0,4096,16384,5632,4463.829,12697.031,7068.992,0.3164
mixed,64,8,0.125,4.0,32,512,128,512,176,307.295,579.129,411.484,0.3833
mixed,64,8,0.125,4.0,32,512,256,1024,352,453.886,967.512,603.291,0.2909
mixed,64,8,0.125,4.0,32,512,512,2048,704,722.906,1753.776,1027.991,0.2959
mixed,64,8,0.125,4.0,32,512,1024,4096,1408,1263.925,3324.706,1842.123,0.2806
mixed,64,8,0.125,4.0,32,512,2048,8192,2816,2342.281,6464.227,3516.801,0.2849
mixed,64,8,0.125,4.0,32,512,4096,16384,5632,4500.983,12725.996,7048.256,0.3097
mixed,64,8,0.125,4.0,32,1024,128,512,176,315.772,586.009,394.588,0.2917
mixed,64,8,0.125,4.0,32,1024,256,1024,352,460.637,979.353,641.627,0.3489
mixed,64,8,0.125,4.0,32,1024,512,2048,704,730.619,1762.96,1074.486,0.3331
mixed,64,8,0.125,4.0,32,1024,1024,4096,1408,1273.62,3338.5,1850.191,0.2792
mixed,64,8,0.125,4.0,32,1024,2048,8192,2816,2353.576,6471.846,3917.532,0.3798
mixed,64,8,0.125,4.0,32,1024,4096,16384,5632,4507.0,12747.947,7111.388,0.316
mixed,64,8,0.125,4.0,32,2048,128,512,176,331.034,601.499,411.805,0.2986
mixed,64,8,0.125,4.0,32,2048,256,1024,352,477.757,991.702,659.258,0.3532
mixed,64,8,0.125,4.0,32,2048,512,2048,704,748.345,1780.305,1023.129,0.2663
mixed,64,8,0.125,4.0,32,2048,1024,4096,1408,1287.027,3355.683,1807.376,0.2515
mixed,64,8,0.125,4.0,32,2048,2048,8192,2816,2365.676,6496.102,3830.076,0.3545
mixed,64,8,0.125,4.0,32,2048,4096,16384,5632,4527.637,12761.263,7352.093,0.343
mixed,64,8,0.125,4.0,32,4096,128,512,176,421.854,692.858,510.81,0.3282
mixed,64,8,0.125,4.0,32,4096,256,1024,352,566.555,1083.348,720.763,0.2984
mixed,64,8,0.125,4.0,32,4096,512,2048,704,834.391,1866.383,1205.684,0.3598
mixed,64,8,0.125,4.0,32,4096,1024,4096,1408,1376.786,3439.489,2072.301,0.3372
mixed,64,8,0.125,4.0,32,4096,2048,8192,2816,2456.042,6578.981,3717.053,0.3059
mixed,64,8,0.125,4.0,32,4096,4096,16384,5632,4615.607,12843.794,7137.889,0.3065
mixed,64,8,0.125,4.0,32,8192,128,512,176,531.355,800.344,633.338,0.3791
mixed,64,8,0.125,4.0,32,8192,256,1024,352,678.17,1193.111,841.05,0.3163
mixed,64,8,0.125,4.0,32,8192,512,2048,704,945.272,1979.44,1276.115,0.3199
mixed,64,8,0.125,4.0,32,8192,1024,4096,1408,1487.317,3544.416,2162.061,0.328
mixed,64,8,0.125,4.0,32,8192,2048,8192,2816,2567.274,6693.86,3742.911,0.2849
mixed,64,8,0.125,4.0,32,8192,4096,16384,5632,4723.029,12956.878,6852.513,0.2586
mixed,64,8,0.125,4.0,64,0,128,512,176,267.295,539.162,362.813,0.3513
mixed,64,8,0.125,4.0,64,0,256,1024,352,416.541,931.448,588.091,0.3332
mixed,64,8,0.125,4.0,64,0,512,2048,704,685.403,1720.433,1025.367,0.3285
mixed,64,8,0.125,4.0,64,0,1024,4096,1408,1223.767,3282.884,1725.807,0.2438
mixed,64,8,0.125,4.0,64,0,2048,8192,2816,2303.752,6433.192,3523.361,0.2953
mixed,64,8,0.125,4.0,64,0,4096,16384,5632,4460.25,12704.369,6916.034,0.2979
mixed,64,8,0.125,4.0,64,512,128,512,176,322.492,595.453,410.876,0.3238
mixed,64,8,0.125,4.0,64,512,256,1024,352,471.804,985.174,626.327,0.301
mixed,64,8,0.125,4.0,64,512,512,2048,704,742.203,1770.002,1084.471,0.333
mixed,64,8,0.125,4.0,64,512,1024,4096,1408,1282.199,3341.571,1958.224,0.3283
mixed,64,8,0.125,4.0,64,512,2048,8192,2816,2361.996,6475.048,3612.638,0.3041
mixed,64,8,0.125,4.0,64,512,4096,16384,5632,4515.226,12747.698,6810.148,0.2788
mixed,64,8,0.125,4.0,64,1024,128,512,176,384.028,654.52,465.017,0.2994
mixed,64,8,0.125,4.0,64,1024,256,1024,352,534.011,1047.737,655.452,0.2364
mixed,64,8,0.125,4.0,64,1024,512,2048,704,801.433,1833.555,1145.239,0.3331
mixed,64,8,0.125,4.0,64,1024,1024,4096,1408,1339.571,3403.679,2092.942,0.365
mixed,64,8,0.125,4.0,64,1024,2048,8192,2816,2420.007,6543.21,3676.319,0.3047
mixed,64,8,0.125,4.0,64,1024,4096,16384,5632,4575.257,12809.426,7363.713,0.3386
mixed,64,8,0.125,4.0,64,2048,128,512,176,421.693,691.323,512.638,0.3373
mixed,64,8,0.125,4.0,64,2048,256,1024,352,567.39,1084.885,724.535,0.3037
mixed,64,8,0.125,4.0,64,2048,512,2048,704,838.969,1870.991,1158.549,0.3097
mixed,64,8,0.125,4.0,64,2048,1024,4096,1408,1379.059,3435.043,1954.096,0.2797
mixed,64,8,0.125,4.0,64,2048,2048,8192,2816,2467.912,6577.861,3913.886,0.3518
mixed,64,8,0.125,4.0,64,2048,4096,16384,5632,4616.313,12843.763,6986.311,0.2881
mixed,64,8,0.125,4.0,64,4096,128,512,176,522.492,794.936,624.922,0.376
mixed,64,8,0.125,4.0,64,4096,256,1024,352,665.146,1187.189,807.03,0.2718
mixed,64,8,0.125,4.0,64,4096,512,2048,704,939.768,1971.665,1306.003,0.3549
mixed,64,8,0.125,4.0,64,4096,1024,4096,1408,1481.874,3540.963,2121.936,0.3108
mixed,64,8,0.125,4.0,64,4096,2048,8192,2816,2562.347,6670.636,3933.373,0.3337
mixed,64,8,0.125,4.0,64,4096,4096,16384,5632,4719.16,12956.563,7295.362,0.3127
mixed,64,8,0.125,4.0,64,8192,128,512,176,726.523,998.328,825.849,0.3654
mixed,64,8,0.125,4.0,64,8192,256,1024,352,874.007,1392.628,1038.36,0.3169
mixed,64,8,0.125,4.0,64,8192,512,2048,704,1142.807,2175.053,1428.31,0.2766
mixed,64,8,0.125,4.0,64,8192,1024,4096,1408,1684.626,3743.296,2365.547,0.3308
mixed,64,8,0.125,4.0,64,8192,2048,8192,2816,2767.559,6885.768,4054.396,0.3125
mixed,64,8,0.125,4.0,64,8192,4096,16384,5632,4926.487,13149.557,7489.309,0.3117
mixed,64,8,0.125,4.0,128,0,128,512,176,290.815,563.77,369.725,0.2891
mixed,64,8,0.125,4.0,128,0,256,1024,352,438.268,956.342,577.115,0.268
mixed,64,8,0.125,4.0,128,0,512,2048,704,708.379,1740.338,1039.991,0.3213
mixed,64,8,0.125,4.0,128,0,1024,4096,1408,1250.999,3310.15,1828.467,0.2804
mixed,64,8,0.125,4.0,128,0,2048,8192,2816,2326.477,6448.809,3388.997,0.2577
mixed,64,8,0.125,4.0,128,0,4096,16384,5632,4489.597,12725.915,6778.825,0.2779
mixed,64,8,0.125,4.0,128,512,128,512,176,424.092,694.168,519.547,0.3534
mixed,64,8,0.125,4.0,128,512,256,1024,352,571.77,1087.321,694.428,0.2379
mixed,64,8,0.125,4.0,128,512,512,2048,704,841.561,1869.775,1119.608,0.2704
mixed,64,8,0.125,4.0,128,512,1024,4096,1408,1381.874,3440.676,1896.559,0.25
mixed,64,8,0.125,4.0,128,512,2048,8192,2816,2462.986,6578.665,3628.42,0.2832
mixed,64,8,0.125,4.0,128,512,4096,16384,5632,4619.097,12849.626,7812.259,0.388
mixed,64,8,0.125,4.0,128,1024,128,512,176,489.372,762.01,584.345,0.3483
mixed,64,8,0.125,4.0,128,1024,256,1024,352,634.425,1158.902,802.458,0.3204
mixed,64,8,0.125,4.0,128,1024,512,2048,704,906.553,1936.69,1244.404,0.328
mixed,64,8,0.125,4.0,128,1024,1024,4096,1408,1446.357,3511.496,2136.878,0.3344
mixed,64,8,0.125,4.0,128,1024,2048,8192,2816,2522.03,6647.818,3796.961,0.309
mixed,64,8,0.125,4.0,128,1024,4096,16384,5632,4686.201,12926.746,6814.472,0.2583
mixed,64,8,0.125,4.0,128,2048,128,512,176,594.299,862.714,688.792,0.352
mixed,64,8,0.125,4.0,128,2048,256,1024,352,733.243,1250.677,877.241,0.2783
mixed,64,8,0.125,4.0,128,2048,512,2048,704,1008.953,2041.423,1341.719,0.3223
mixed,64,8,0.125,4.0,128,2048,1024,4096,1408,1547.825,3609.475,2221.486,0.3268
mixed,64,8,0.125,4.0,128,2048,2048,8192,2816,2627.882,6751.501,4113.472,0.3603
mixed,64,8,0.125,4.0,128,2048,4096,16384,5632,4793.564,13019.286,7561.476,0.3365
mixed,64,8,0.125,4.0,128,4096,128,512,176,790.52,1065.974,896.314,0.3841
mixed,64,8,0.125,4.0,128,4096,256,1024,352,938.167,1454.357,1119.0,0.3503
mixed,64,8,0.125,4.0,128,4096,512,2048,704,1206.199,2235.757,1597.906,0.3805
mixed,64,8,0.125,4.0,128,4096,1024,4096,1408,1746.451,3806.497,2372.109,0.3037
mixed,64,8,0.125,4.0,128,4096,2048,8192,2816,2829.32,6944.074,4166.527,0.325
mixed,64,8,0.125,4.0,128,4096,4096,16384,5632,4979.415,13229.401,7605.41,0.3183
mixed,64,8,0.125,4.0,128,8192,128,512,176,1188.76,1459.221,1273.429,0.3131
mixed,64,8,0.125,4.0,128,8192,256,1024,352,1330.325,1848.913,1500.82,0.3288
mixed,64,8,0.125,4.0,128,8192,512,2048,704,1600.851,2639.02,1886.448,0.2751
mixed,64,8,0.125,4.0,128,8192,1024,4096,1408,2144.335,4212.544,2888.201,0.3597
mixed,64,8,0.125,4.0,128,8192,2048,8192,2816,3222.346,7344.585,4490.717,0.3077
mixed,64,8,0.125,4.0,128,8192,4096,16384,5632,5381.427,13614.49,8383.199,0.3646
mixed,64,8,0.125,4.0,256,0,128,512,176,414.047,685.276,510.745,0.3565
mixed,64,8,0.125,4.0,256,0,256,1024,352,561.881,1075.448,714.844,0.2978
mixed,64,8,0.125,4.0,256,0,512,2048,704,831.736,1860.496,1111.511,0.272
mixed,64,8,0.125,4.0,256,0,1024,4096,1408,1373.719,3429.19,2053.36,0.3306
mixed,64,8,0.125,4.0,256,0,2048,8192,2816,2448.589,6562.703,3712.451,0.3072
mixed,64,8,0.125,4.0,256,0,4096,16384,5632,4604.474,12841.697,7345.542,0.3328
mixed,64,8,0.125,4.0,256,512,128,512,176,544.83,813.819,633.116,0.3282
mixed,64,8,0.125,4.0,256,512,256,1024,352,687.386,1204.629,844.314,0.3034
mixed,64,8,0.125,4.0,256,512,512,2048,704,958.872,1993.297,1214.55,0.2472
mixed,64,8,0.125,4.0,256,512,1024,4096,1408,1500.083,3561.25,2249.839,0.3638
mixed,64,8,0.125,4.0,256,512,2048,8192,2816,2589.515,6694.252,4079.647,0.363
mixed,64,8,0.125,4.0,256,512,4096,16384,5632,4733.722,12970.813,7466.183,0.3317
mixed,64,8,0.125,4.0,256,1024,128,512,176,641.404,911.802,738.589,0.3594
mixed,64,8,0.125,4.0,256,1024,256,1024,352,787.707,1304.822,950.072,0.314
mixed,64,8,0.125,4.0,256,1024,512,2048,704,1060.857,2087.344,1396.949,0.3274
mixed,64,8,0.125,4.0,256,1024,1024,4096,1408,1595.312,3662.213,2284.235,0.3333
mixed,64,8,0.125,4.0,256,1024,2048,8192,2816,2681.611,6799.627,4248.351,0.3805
mixed,64,8,0.125,4.0,256,1024,4096,16384,5632,4829.436,13060.32,7396.68,0.3119
mixed,64,8,0.125,4.0,256,2048,128,512,176,838.906,1108.409,933.817,0.3522
mixed,64,8,0.125,4.0,256,2048,256,1024,352,983.737,1502.771,1157.815,0.3354
mixed,64,8,0.125,4.0,256,2048,512,2048,704,1256.151,2284.174,1562.484,0.298
mixed,64,8,0.125,4.0,256,2048,1024,4096,1408,1796.944,3853.7,2432.813,0.3092
mixed,64,8,0.125,4.0,256,2048,2048,8192,2816,2870.378,6996.046,4256.481,0.336
mixed,64,8,0.125,4.0,256,2048,4096,16384,5632,5035.354,13266.911,8034.178,0.3643
mixed,64,8,0.125,4.0,256,4096,128,512,176,1238.775,1509.109,1322.102,0.3082
mixed,64,8,0.125,4.0,256,4096,256,1024,352,1381.876,1899.762,1531.795,0.2895
mixed,64,8,0.125,4.0,256,4096,512,2048,704,1652.53,2686.669,2020.945,0.3563
mixed,64,8,0.125,4.0,256,4096,1024,4096,1408,2195.313,4251.523,2924.872,0.3548
mixed,64,8,0.125,4.0,256,4096,2048,8192,2816,3280.423,7393.643,4729.217,0.3522
mixed,64,8,0.125,4.0,256,4096,4096,16384,5632,5435.833,13670.204,8363.939,0.3556
mixed,64,8,0.125,4.0,256,8192,128,512,176,2022.193,2295.693,2102.384,0.2932
mixed,64,8,0.125,4.0,256,8192,256,1024,352,2170.318,2690.858,2321.134,0.2897
mixed,64,8,0.125,4.0,256,8192,512,2048,704,2439.47,3474.438,2754.891,0.3048
mixed,64,8,0.125,4.0,256,8192,1024,4096,1408,2980.267,5042.557,3708.609,0.3532
mixed,64,8,0.125,4.0,256,8192,2048,8192,2816,4060.896,8178.916,5638.485,0.3831
mixed,64,8,0.125,4.0,256,8192,4096,16384,5632,6225.106,14458.872,9217.533,0.3634
mixed,64,8,0.125,4.0,512,0,128,512,176,682.81,955.131,783.13,0.3684
mixed,64,8,0.125,4.0,512,0,256,1024,352,829.784,1347.607,966.519,0.2641
mixed,64,8,0.125,4.0,512,0,512,2048,704,1101.56,2137.776,1408.724,0.2964
mixed,64,8,0.125,4.0,512,0,1024,4096,1408,1641.524,3698.95,2262.161,0.3017
mixed,64,8,0.125,4.0,512,0,2048,8192,2816,2725.9,6846.317,4183.234,0.3537
mixed,64,8,0.125,4.0,512,0,4096,16384,5632,4874.685,13117.315,7621.29,0.3332
mixed,64,8,0.125,4.0,512,512,128,512,176,901.914,1173.209,992.471,0.3338
mixed,64,8,0.125,4.0,512,512,256,1024,352,1044.602,1564.212,1214.262,0.3265
mixed,64,8,0.125,4.0,512,512,512,2048,704,1316.919,2349.326,1563.667,0.239
mixed,64,8,0.125,4.0,512,512,1024,4096,1408,1860.948,3922.149,2545.101,0.3319
mixed,64,8,0.125,4.0,512,512,2048,8192,2816,2939.433,7059.215,4228.259,0.3128
mixed,64,8,0.125,4.0,512,512,4096,16384,5632,5096.764,13322.853,7885.383,0.339
mixed,64,8,0.125,4.0,512,1024,128,512,176,1098.329,1371.862,1203.16,0.3832
mixed,64,8,0.125,4.0,512,1024,256,1024,352,1242.809,1762.322,1395.477,0.2939
mixed,64,8,0.125,4.0,512,1024,512,2048,704,1511.926,2550.19,1862.257,0.3374
mixed,64,8,0.125,4.0,512,1024,1024,4096,1408,2054.45,4114.113,2739.821,0.3328
mixed,64,8,0.125,4.0,512,1024,2048,8192,2816,3131.212,7253.101,4708.928,0.3828
mixed,64,8,0.125,4.0,512,1024,4096,16384,5632,5298.682,13532.07,8127.147,0.3435
mixed,64,8,0.125,4.0,512,2048,128,512,176,1488.021,1763.156,1590.676,0.3731
mixed,64,8,0.125,4.0,512,2048,256,1024,352,1636.851,2154.673,1777.492,0.2716
mixed,64,8,0.125,4.0,512,2048,512,2048,704,1910.546,2944.203,2238.032,0.3168
mixed,64,8,0.125,4.0,512,2048,1024,4096,1408,2452.4,4510.851,3127.658,0.328
mixed,64,8,0.125,4.0,512,2048,2048,8192,2816,3529.863,7646.313,5125.756,0.3877
mixed,64,8,0.125,4.0,512,2048,4096,16384,5632,5684.183,13910.656,8459.205,0.3373
mixed,64,8,0.125,4.0,512,4096,128,512,176,2273.998,2547.788,2378.318,0.381
mixed,64,8,0.125,4.0,512,4096,256,1024,352,2418.032,2937.451,2575.949,0.304
mixed,64,8,0.125,4.0,512,4096,512,2048,704,2693.038,3718.535,2997.45,0.2968
mixed,64,8,0.125,4.0,512,4096,1024,4096,1408,3236.65,5287.23,3917.221,0.3319
mixed,64,8,0.125,4.0,512,4096,2048,8192,2816,4315.171,8428.265,5737.787,0.3459
mixed,64,8,0.125,4.0,512,4096,4096,16384,5632,6472.309,14706.364,9010.625,0.3083
mixed,64,8,0.125,4.0,512,8192,128,512,176,3842.022,4115.682,3931.269,0.3261
mixed,64,8,0.125,4.0,512,8192,256,1024,352,3987.906,4509.345,4154.146,0.3188
mixed,64,8,0.125,4.0,512,8192,512,2048,704,4262.212,5294.14,4542.882,0.272
mixed,64,8,0.125,4.0,512,8192,1024,4096,1408,4800.128,6854.96,5478.778,0.3303
mixed,64,8,0.125,4.0,512,8192,2048,8192,2816,5877.813,10006.556,7147.121,0.3074
mixed,64,8,0.125,4.0,512,8192,4096,16384,5632,8038.893,16275.894,10812.471,0.3367
mixed,64,8,0.125,4.0,1024,0,128,512,176,1013.816,1284.054,1110.712,0.3586
mixed,64,8,0.125,4.0,1024,0,256,1024,352,1160.279,1675.891,1324.789,0.3191
mixed,64,8,0.125,4.0,1024,0,512,2048,704,1431.223,2465.167,1713.813,0.2733
mixed,64,8,0.125,4.0,1024,0,1024,4096,1408,1971.155,4023.811,2591.312,0.3021
mixed,64,8,0.125,4.0,1024,0,2048,8192,2816,3048.717,7171.183,4425.087,0.3339
mixed,64,8,0.125,4.0,1024,0,4096,16384,5632,5207.099,13440.903,7549.868,0.2845
mixed,64,8,0.125,4.0,1024,512,128,512,176,1483.382,1753.683,1573.908,0.3349
mixed,64,8,0.125,4.0,1024,512,256,1024,352,1633.012,2147.443,1799.666,0.324
mixed,64,8,0.125,4.0,1024,512,512,2048,704,1901.49,2930.38,2155.122,0.2465
mixed,64,8,0.125,4.0,1024,512,1024,4096,1408,2441.934,4502.466,3015.755,0.2785
mixed,64,8,0.125,4.0,1024,512,2048,8192,2816,3520.36,7643.595,4808.189,0.3123
mixed,64,8,0.125,4.0,1024,512,4096,16384,5632,5677.692,13910.883,8155.69,0.301
mixed,64,8,0.125,4.0,1024,1024,128,512,176,1875.859,2148.786,1978.513,0.3761
mixed,64,8,0.125,4.0,1024,1024,256,1024,352,2023.313,2539.534,2151.217,0.2478
mixed,64,8,0.125,4.0,1024,1024,512,2048,704,2291.664,3321.451,2630.576,0.3291
mixed,64,8,0.125,4.0,1024,1024,1024,4096,1408,2832.173,4893.791,3406.698,0.2787
mixed,64,8,0.125,4.0,1024,1024,2048,8192,2816,3911.333,8036.652,5317.501,0.3409
mixed,64,8,0.125,4.0,1024,1024,4096,16384,5632,6071.961,14302.369,8856.229,0.3383
mixed,64,8,0.125,4.0,1024,2048,128,512,176,2658.54,2927.724,2748.941,0.3358
mixed,64,8,0.125,4.0,1024,2048,256,1024,352,2802.734,3321.898,2988.333,0.3575
mixed,64,8,0.125,4.0,1024,2048,512,2048,704,3074.348,4108.196,3401.928,0.3169
mixed,64,8,0.125,4.0,1024,2048,1024,4096,1408,3614.087,5680.955,4358.917,0.3604
mixed,64,8,0.125,4.0,1024,2048,2048,8192,2816,4695.618,8809.095,5960.761,0.3076
mixed,64,8,0.125,4.0,1024,2048,4096,16384,5632,6853.138,15080.668,9415.684,0.3115
mixed,64,8,0.125,4.0,1024,4096,128,512,176,4219.11,4490.399,4308.963,0.3312
mixed,64,8,0.125,4.0,1024,4096,256,1024,352,4363.042,4878.114,4526.338,0.317
mixed,64,8,0.125,4.0,1024,4096,512,2048,704,4634.019,5670.94,4951.773,0.3064
mixed,64,8,0.125,4.0,1024,4096,1024,4096,1408,5174.271,7232.818,5748.058,0.2787
mixed,64,8,0.125,4.0,1024,4096,2048,8192,2816,6250.489,10364.542,7289.518,0.2526
mixed,64,8,0.125,4.0,1024,4096,4096,16384,5632,8408.584,16636.824,10964.63,0.3106
mixed,64,8,0.125,4.0,1024,8192,128,512,176,7337.935,7614.192,7435.697,0.3539
mixed,64,8,0.125,4.0,1024,8192,256,1024,352,7487.854,7995.051,7649.584,0.3189
mixed,64,8,0.125,4.0,1024,8192,512,2048,704,7747.726,8777.16,8081.995,0.3247
mixed,64,8,0.125,4.0,1024,8192,1024,4096,1408,8293.382,10351.746,8815.529,0.2537
mixed,64,8,0.125,4.0,1024,8192,2048,8192,2816,9373.73,13490.283,10840.791,0.3564
mixed,64,8,0.125,4.0,1024,8192,4096,16384,5632,11533.492,19774.341,14053.033,0.3057
mixed,64,8,0.125,4.0,2048,0,128,512,176,2479.792,2753.327,2567.953,0.3223
mixed,64,8,0.125,4.0,2048,0,256,1024,352,2631.824,3147.115,2806.732,0.3394
mixed,64,8,0.125,4.0,2048,0,512,2048,704,2898.829,3928.101,3208.299,0.3007
mixed,64,8,0.125,4.0,2048,0,1024,4096,1408,3439.723,5500.54,4020.04,0.2816
mixed,64,8,0.125,4.0,2048,0,2048,8192,2816,4515.717,8644.522,6014.392,0.363
mixed,64,8,0.125,4.0,2048,0,4096,16384,5632,6678.296,14906.884,9230.534,0.3102
mixed,64,8,0.125,4.0,2048,512,128,512,176,3338.443,3605.545,3419.499,0.3035
mixed,64,8,0.125,4.0,2048,512,256,1024,352,3481.803,3997.83,3619.559,0.267
mixed,64,8,0.125,4.0,2048,512,512,2048,704,3751.911,4779.523,4058.502,0.2984
mixed,64,8,0.125,4.0,2048,512,1024,4096,1408,4289.863,6355.799,4979.265,0.3337
mixed,64,8,0.125,4.0,2048,512,2048,8192,2816,5370.526,9484.261,6509.781,0.2769
mixed,64,8,0.125,4.0,2048,512,4096,16384,5632,7530.542,15753.342,10542.721,0.3663
mixed,64,8,0.125,4.0,2048,1024,128,512,176,4172.355,4447.171,4266.791,0.3436
mixed,64,8,0.125,4.0,2048,1024,256,1024,352,4318.946,4835.202,4493.732,0.3386
mixed,64,8,0.125,4.0,2048,1024,512,2048,704,4587.523,5623.58,4904.48,0.3059
mixed,64,8,0.125,4.0,2048,1024,1024,4096,1408,5125.536,7190.099,5775.323,0.3147
mixed,64,8,0.125,4.0,2048,1024,2048,8192,2816,6205.72,10328.031,7361.586,0.2804
mixed,64,8,0.125,4.0,2048,1024,4096,16384,5632,8368.971,16599.738,11094.333,0.3311
mixed,64,8,0.125,4.0,2048,2048,128,512,176,5826.651,6087.097,5892.409,0.2525
mixed,64,8,0.125,4.0,2048,2048,256,1024,352,5962.712,6475.641,6136.54,0.3389
mixed,64,8,0.125,4.0,2048,2048,512,2048,704,6240.089,7272.655,6595.287,0.344
mixed,64,8,0.125,4.0,2048,2048,1024,4096,1408,6787.668,8833.645,7465.62,0.3314
mixed,64,8,0.125,4.0,2048,2048,2048,8192,2816,7856.976,11972.024,9109.669,0.3044
mixed,64,8,0.125,4.0,2048,2048,4096,16384,5632,10022.148,18259.951,12115.185,0.2541
mixed,64,8,0.125,4.0,2048,4096,128,512,176,9036.647,9307.368,9120.966,0.3115
mixed,64,8,0.125,4.0,2048,4096,256,1024,352,9170.569,9688.708,9344.488,0.3357
mixed,64,8,0.125,4.0,2048,4096,512,2048,704,9449.095,10476.83,9774.243,0.3164
mixed,64,8,0.125,4.0,2048,4096,1024,4096,1408,9984.422,12048.666,10515.581,0.2573
mixed,64,8,0.125,4.0,2048,4096,2048,8192,2816,11070.17,15195.972,12475.282,0.3406
mixed,64,8,0.125,4.0,2048,4096,4096,16384,5632,13223.597,21459.714,15744.863,0.3061
mixed,64,8,0.125,4.0,2048,8192,128,512,176,15223.679,15488.864,15336.093,0.4239
mixed,64,8,0.125,4.0,2048,8192,256,1024,352,15389.632,15893.666,15557.985,0.334
mixed,64,8,0.125,4.0,2048,8192,512,2048,704,15638.877,16688.117,15995.162,0.3396
mixed,64,8,0.125,4.0,2048,8192,1024,4096,1408,16188.957,18245.716,16778.457,0.2866
mixed,64,8,0.125,4.0,2048,8192,2048,8192,2816,17258.199,21386.818,18444.078,0.2872
mixed,64,8,0.125,4.0,2048,8192,4096,16384,5632,19406.058,27671.804,22374.237,0.3591
pure,64,16,0.25,4.0,0,0,128,512,224,245.854,469.406,310.175,0.2877
pure,64,16,0.25,4.0,0,0,256,1024,448,420.444,863.612,552.028,0.2969
pure,64,16,0.25,4.0,0,0,512,2048,896,762.522,1647.094,1038.748,0.3123
pure,64,16,0.25,4.0,0,0,1024,4096,1792,1453.303,3215.852,2006.227,0.3137
pure,64,16,0.25,4.0,0,0,2048,8192,3584,2821.646,6356.025,3943.399,0.3174
pure,64,16,0.25,4.0,0,0,4096,16384,7168,5568.64,12627.029,7814.545,0.3182
mixed,64,16,0.25,4.0,16,0,128,512,224,273.822,498.845,337.663,0.2837
mixed,64,16,0.25,4.0,16,0,256,1024,448,449.725,887.769,584.157,0.3069
mixed,64,16,0.25,4.0,16,0,512,2048,896,789.82,1672.309,1065.882,0.3128
mixed,64,16,0.25,4.0,16,0,1024,4096,1792,1475.863,3242.158,2034.869,0.3165
mixed,64,16,0.25,4.0,16,0,2048,8192,3584,2852.111,6385.976,3975.048,0.3178
mixed,64,16,0.25,4.0,16,0,4096,16384,7168,5593.342,12650.198,7851.472,0.32
mixed,64,16,0.25,4.0,16,512,128,512,224,314.942,538.011,378.205,0.2836
mixed,64,16,0.25,4.0,16,512,256,1024,448,487.004,931.131,621.787,0.3035
mixed,64,16,0.25,4.0,16,512,512,2048,896,832.283,1712.917,1108.955,0.3142
mixed,64,16,0.25,4.0,16,512,1024,4096,1792,1518.389,3282.283,2073.171,0.3145
mixed,64,16,0.25,4.0,16,512,2048,8192,3584,2887.471,6416.153,4011.178,0.3184
mixed,64,16,0.25,4.0,16,512,4096,16384,7168,5632.511,12689.018,7911.764,0.323
mixed,64,16,0.25,4.0,16,1024,128,512,224,321.212,542.75,386.303,0.2938
mixed,64,16,0.25,4.0,16,1024,256,1024,448,493.661,934.583,627.165,0.3028
mixed,64,16,0.25,4.0,16,1024,512,2048,896,838.65,1720.024,1112.248,0.3104
mixed,64,16,0.25,4.0,16,1024,1024,4096,1792,1522.359,3285.485,2081.01,0.3169
mixed,64,16,0.25,4.0,16,1024,2048,8192,3584,2896.432,6421.591,4022.057,0.3193
mixed,64,16,0.25,4.0,16,1024,4096,16384,7168,5639.84,12687.476,7907.666,0.3218
mixed,64,16,0.25,4.0,16,2048,128,512,224,328.541,551.71,390.813,0.279
mixed,64,16,0.25,4.0,16,2048,256,1024,448,498.043,941.916,634.557,0.3076
mixed,64,16,0.25,4.0,16,2048,512,2048,896,842.397,1726.934,1126.904,0.3216
mixed,64,16,0.25,4.0,16,2048,1024,4096,1792,1534.904,3300.139,2088.724,0.3137
mixed,64,16,0.25,4.0,16,2048,2048,8192,3584,2905.132,6436.571,4039.239,0.3211
mixed,64,16,0.25,4.0,16,2048,4096,16384,7168,5646.335,12698.136,7922.481,0.3228
mixed,64,16,0.25,4.0,16,4096,128,512,224,365.214,588.028,430.879,0.2947
mixed,64,16,0.25,4.0,16,4096,256,1024,448,538.684,979.578,676.091,0.3117
mixed,64,16,0.25,4.0,16,4096,512,2048,896,881.371,1764.693,1160.315,0.3158
mixed,64,16,0.25,4.0,16,4096,1024,4096,1792,1570.519,3331.916,2134.229,0.32
mixed,64,16,0.25,4.0,16,4096,2048,8192,3584,2945.135,6474.203,4080.33,0.3217
mixed,64,16,0.25,4.0,16,4096,4096,16384,7168,5692.639,12738.552,7937.522,0.3186
mixed,64,16,0.25,4.0,16,8192,128,512,224,417.757,642.235,485.981,0.3039
mixed,64,16,0.25,4.0,16,8192,256,1024,448,592.061,1032.508,729.565,0.3122
mixed,64,16,0.25,4.0,16,8192,512,2048,896,936.027,1819.892,1217.242,0.3182
mixed,64,16,0.25,4.0,16,8192,1024,4096,1792,1623.447,3386.539,2183.122,0.3174
mixed,64,16,0.25,4.0,16,8192,2048,8192,3584,2997.904,6523.033,4127.782,0.3205
mixed,64,16,0.25,4.0,16,8192,4096,16384,7168,5745.729,12784.341,8010.159,0.3217
mixed,64,16,0.25,4.0,32,0,128,512,224,311.933,537.053,381.147,0.3075
mixed,64,16,0.25,4.0,32,0,256,1024,448,484.636,926.012,619.516,0.3056
mixed,64,16,0.25,4.0,32,0,512,2048,896,830.618,1708.599,1105.658,0.3133
mixed,64,16,0.25,4.0,32,0,1024,4096,1792,1516.023,3283.727,2072.18,0.3146
mixed,64,16,0.25,4.0,32,0,2048,8192,3584,2886.674,6414.621,4024.84,0.3226
mixed,64,16,0.25,4.0,32,0,4096,16384,7168,5635.774,12684.538,7869.458,0.3169
mixed,64,16,0.25,4.0,32,512,128,512,224,352.926,580.635,422.205,0.3042
mixed,64,16,0.25,4.0,32,512,256,1024,448,527.007,970.172,664.573,0.3104
mixed,64,16,0.25,4.0,32,512,512,2048,896,871.867,1757.43,1149.722,0.3138
mixed,64,16,0.25,4.0,32,512,1024,4096,1792,1560.536,3323.213,2107.189,0.3101
mixed,64,16,0.25,4.0,32,512,2048,8192,3584,2933.873,6457.243,4052.584,0.3175
mixed,64,16,0.25,4.0,32,512,4096,16384,7168,5675.869,12725.914,7912.21,0.3172
mixed,64,16,0.25,4.0,32,1024,128,512,224,363.9,584.317,427.359,0.2879
mixed,64,16,0.25,4.0,32,1024,256,1024,448,536.989,978.652,673.564,0.3092
mixed,64,16,0.25,4.0,32,1024,512,2048,896,880.379,1764.307,1159.033,0.3152
mixed,64,16,0.25,4.0,32,1024,1024,4096,1792,1567.286,3334.348,2130.291,0.3186
mixed,64,16,0.25,4.0,32,1024,2048,8192,3584,2939.376,6479.198,4076.587,0.3213
mixed,64,16,0.25,4.0,32,1024,4096,16384,7168,5686.24,12737.914,7948.853,0.3209
mixed,64,16,0.25,4.0,32,2048,128,512,224,378.428,602.718,444.158,0.2931
mixed,64,16,0.25,4.0,32,2048,256,1024,448,548.799,996.22,693.34,0.3231
mixed,64,16,0.25,4.0,32,2048,512,2048,896,894.391,1775.769,1173.723,0.3169
mixed,64,16,0.25,4.0,32,2048,1024,4096,1792,1581.111,3345.871,2139.316,0.3163
mixed,64,16,0.25,4.0,32,2048,2048,8192,3584,2959.28,6489.631,4080.105,0.3175
mixed,64,16,0.25,4.0,32,2048,4096,16384,7168,5700.418,12748.888,7950.516,0.3192
mixed,64,16,0.25,4.0,32,4096,128,512,224,468.028,691.067,532.797,0.2904
mixed,64,16,0.25,4.0,32,4096,256,1024,448,638.141,1085.177,775.292,0.3068
mixed,64,16,0.25,4.0,32,4096,512,2048,896,986.715,1869.332,1265.719,0.3161
mixed,64,16,0.25,4.0,32,4096,1024,4096,1792,1676.983,3439.886,2227.987,0.3126
mixed,64,16,0.25,4.0,32,4096,2048,8192,3584,3045.743,6577.915,4157.225,0.3147
mixed,64,16,0.25,4.0,32,4096,4096,16384,7168,5789.313,12849.018,8065.713,0.3224
mixed,64,16,0.25,4.0,32,8192,128,512,224,577.374,798.363,643.741,0.3003
mixed,64,16,0.25,4.0,32,8192,256,1024,448,751.645,1194.62,885.626,0.3025
mixed,64,16,0.25,4.0,32,8192,512,2048,896,1093.338,1976.691,1368.889,0.3119
mixed,64,16,0.25,4.0,32,8192,1024,4096,1792,1778.004,3549.325,2327.57,0.3103
mixed,64,16,0.25,4.0,32,8192,2048,8192,3584,3153.935,6685.659,4276.361,0.3178
mixed,64,16,0.25,4.0,32,8192,4096,16384,7168,5903.422,12957.208,8143.924,0.3176
mixed,64,16,0.25,4.0,64,0,128,512,224,316.191,538.46,381.342,0.2931
mixed,64,16,0.25,4.0,64,0,256,1024,448,490.526,929.979,624.54,0.305
mixed,64,16,0.25,4.0,64,0,512,2048,896,831.738,1717.016,1109.883,0.3142
mixed,64,16,0.25,4.0,64,0,1024,4096,1792,1521.721,3289.1,2078.037,0.3148
mixed,64,16,0.25,4.0,64,0,2048,8192,3584,2892.718,6430.558,4011.627,0.3163
mixed,64,16,0.25,4.0,64,0,4096,16384,7168,5640.254,12695.131,7895.763,0.3197
mixed,64,16,0.25,4.0,64,512,128,512,224,371.902,595.869,436.029,0.2863
mixed,64,16,0.25,4.0,64,512,256,1024,448,544.125,987.355,678.396,0.3029
mixed,64,16,0.25,4.0,64,512,512,2048,896,887.003,1771.67,1167.035,0.3165
mixed,64,16,0.25,4.0,64,512,1024,4096,1792,1572.376,3344.943,2133.332,0.3165
mixed,64,16,0.25,4.0,64,512,2048,8192,3584,2951.024,6482.013,4056.396,0.313
mixed,64,16,0.25,4.0,64,512,4096,16384,7168,5693.953,12761.913,7954.549,0.3198
mixed,64,16,0.25,4.0,64,1024,128,512,224,430.43,655.484,496.062,0.2916
mixed,64,16,0.25,4.0,64,1024,256,1024,448,603.355,1046.614,744.925,0.3194
mixed,64,16,0.25,4.0,64,1024,512,2048,896,948.154,1834.26,1225.817,0.3134
mixed,64,16,0.25,4.0,64,1024,1024,4096,1792,1636.216,3403.053,2196.819,0.3173
mixed,64,16,0.25,4.0,64,1024,2048,8192,3584,3005.265,6542.269,4128.298,0.3175
mixed,64,16,0.25,4.0,64,1024,4096,16384,7168,5754.432,12808.955,8004.471,0.3189
mixed,64,16,0.25,4.0,64,2048,128,512,224,466.495,690.942,534.11,0.3013
mixed,64,16,0.25,4.0,64,2048,256,1024,448,640.988,1085.211,780.507,0.3141
mixed,64,16,0.25,4.0,64,2048,512,2048,896,984.476,1870.328,1262.043,0.3133
mixed,64,16,0.25,4.0,64,2048,1024,4096,1792,1670.454,3435.884,2233.107,0.3187
mixed,64,16,0.25,4.0,64,2048,2048,8192,3584,3054.67,6575.197,4168.81,0.3165
mixed,64,16,0.25,4.0,64,2048,4096,16384,7168,5791.523,12850.237,8047.059,0.3195
mixed,64,16,0.25,4.0,64,4096,128,512,224,569.087,793.017,636.764,0.3022
mixed,64,16,0.25,4.0,64,4096,256,1024,448,741.182,1186.875,877.306,0.3054
mixed,64,16,0.25,4.0,64,4096,512,2048,896,1086.649,1966.132,1362.807,0.314
mixed,64,16,0.25,4.0,64,4096,1024,4096,1792,1776.918,3541.677,2327.059,0.3117
mixed,64,16,0.25,4.0,64,4096,2048,8192,3584,3147.947,6674.589,4262.956,0.3162
mixed,64,16,0.25,4.0,64,4096,4096,16384,7168,5891.713,12942.299,8118.614,0.3158
mixed,64,16,0.25,4.0,64,8192,128,512,224,772.859,998.97,838.748,0.2914
mixed,64,16,0.25,4.0,64,8192,256,1024,448,945.819,1389.113,1082.682,0.3087
mixed,64,16,0.25,4.0,64,8192,512,2048,896,1290.009,2176.468,1565.049,0.3103
mixed,64,16,0.25,4.0,64,8192,1024,4096,1792,1974.678,3746.607,2538.549,0.3182
mixed,64,16,0.25,4.0,64,8192,2048,8192,3584,3351.44,6873.05,4457.927,0.3142
mixed,64,16,0.25,4.0,64,8192,4096,16384,7168,6097.855,13151.675,8345.747,0.3187
mixed,64,16,0.25,4.0,128,0,128,512,224,339.137,564.38,402.46,0.2811
mixed,64,16,0.25,4.0,128,0,256,1024,448,513.502,953.85,645.884,0.3006
mixed,64,16,0.25,4.0,128,0,512,2048,896,855.803,1740.982,1133.433,0.3136
mixed,64,16,0.25,4.0,128,0,1024,4096,1792,1546.713,3308.302,2095.254,0.3114
mixed,64,16,0.25,4.0,128,0,2048,8192,3584,2918.191,6451.327,4036.267,0.3165
mixed,64,16,0.25,4.0,128,0,4096,16384,7168,5662.465,12718.209,7915.318,0.3193
mixed,64,16,0.25,4.0,128,512,128,512,224,471.807,694.556,534.971,0.2836
mixed,64,16,0.25,4.0,128,512,256,1024,448,643.23,1088.378,776.573,0.2995
mixed,64,16,0.25,4.0,128,512,512,2048,896,989.691,1873.239,1263.736,0.3102
mixed,64,16,0.25,4.0,128,512,1024,4096,1792,1677.687,3444.369,2225.621,0.3101
mixed,64,16,0.25,4.0,128,512,2048,8192,3584,3054.417,6575.871,4175.817,0.3184
mixed,64,16,0.25,4.0,128,512,4096,16384,7168,5793.41,12850.079,8031.896,0.3172
mixed,64,16,0.25,4.0,128,1024,128,512,224,536.349,759.677,604.863,0.3068
mixed,64,16,0.25,4.0,128,1024,256,1024,448,709.053,1151.353,843.13,0.3031
mixed,64,16,0.25,4.0,128,1024,512,2048,896,1054.68,1939.448,1330.522,0.3118
mixed,64,16,0.25,4.0,128,1024,1024,4096,1792,1743.19,3506.734,2293.046,0.3118
mixed,64,16,0.25,4.0,128,1024,2048,8192,3584,3116.304,6652.668,4218.793,0.3118
mixed,64,16,0.25,4.0,128,1024,4096,16384,7168,5853.987,12908.987,8123.733,0.3217
mixed,64,16,0.25,4.0,128,2048,128,512,224,637.884,859.102,704.798,0.3025
mixed,64,16,0.25,4.0,128,2048,256,1024,448,810.62,1248.059,943.672,0.3042
mixed,64,16,0.25,4.0,128,2048,512,2048,896,1156.09,2038.451,1433.369,0.3142
mixed,64,16,0.25,4.0,128,2048,1024,4096,1792,1845.271,3608.751,2403.858,0.3168
mixed,64,16,0.25,4.0,128,2048,2048,8192,3584,3215.12,6747.325,4341.963,0.319
mixed,64,16,0.25,4.0,128,2048,4096,16384,7168,5969.92,13019.391,8206.197,0.3172
mixed,64,16,0.25,4.0,128,4096,128,512,224,839.289,1061.242,902.201,0.2834
mixed,64,16,0.25,4.0,128,4096,256,1024,448,1007.098,1458.97,1146.266,0.308
mixed,64,16,0.25,4.0,128,4096,512,2048,896,1355.256,2240.178,1631.221,0.3119
mixed,64,16,0.25,4.0,128,4096,1024,4096,1792,2045.431,3807.307,2593.904,0.3113
mixed,64,16,0.25,4.0,128,4096,2048,8192,3584,3416.271,6947.675,4531.913,0.3159
mixed,64,16,0.25,4.0,128,4096,4096,16384,7168,6159.554,13217.822,8395.16,0.3167
mixed,64,16,0.25,4.0,128,8192,128,512,224,1231.417,1457.495,1297.43,0.292
mixed,64,16,0.25,4.0,128,8192,256,1024,448,1409.848,1848.374,1540.599,0.2982
mixed,64,16,0.25,4.0,128,8192,512,2048,896,1752.279,2639.219,2023.476,0.3058
mixed,64,16,0.25,4.0,128,8192,1024,4096,1792,2437.428,4205.707,2992.751,0.314
mixed,64,16,0.25,4.0,128,8192,2048,8192,3584,3811.726,7343.995,4928.039,0.316
mixed,64,16,0.25,4.0,128,8192,4096,16384,7168,6555.805,13615.547,8812.404,0.3196
mixed,64,16,0.25,4.0,256,0,128,512,224,459.55,686.844,522.718,0.2779
mixed,64,16,0.25,4.0,256,0,256,1024,448,633.95,1076.058,765.982,0.2986
mixed,64,16,0.25,4.0,256,0,512,2048,896,980.154,1861.111,1252.726,0.3094
mixed,64,16,0.25,4.0,256,0,1024,4096,1792,1668.057,3434.414,2216.562,0.3105
mixed,64,16,0.25,4.0,256,0,2048,8192,3584,3034.608,6570.848,4152.972,0.3163
mixed,64,16,0.25,4.0,256,0,4096,16384,7168,5783.236,12847.65,8034.808,0.3187
mixed,64,16,0.25,4.0,256,512,128,512,224,588.221,815.71,653.599,0.2874
mixed,64,16,0.25,4.0,256,512,256,1024,448,760.958,1207.898,895.837,0.3018
mixed,64,16,0.25,4.0,256,512,512,2048,896,1108.891,1990.711,1386.362,0.3147
mixed,64,16,0.25,4.0,256,512,1024,4096,1792,1794.585,3559.599,2352.436,0.3161
mixed,64,16,0.25,4.0,256,512,2048,8192,3584,3169.455,6704.447,4287.244,0.3162
mixed,64,16,0.25,4.0,256,512,4096,16384,7168,5917.539,12978.243,8132.568,0.3137
mixed,64,16,0.25,4.0,256,1024,128,512,224,686.204,911.803,753.404,0.2979
mixed,64,16,0.25,4.0,256,1024,256,1024,448,859.356,1301.817,1004.701,0.3285
mixed,64,16,0.25,4.0,256,1024,512,2048,896,1207.385,2089.974,1485.495,0.3151
mixed,64,16,0.25,4.0,256,1024,1024,4096,1792,1895.636,3661.166,2456.82,0.3179
mixed,64,16,0.25,4.0,256,1024,2048,8192,3584,3264.623,6802.524,4372.488,0.3131
mixed,64,16,0.25,4.0,256,1024,4096,16384,7168,6010.21,13059.135,8261.497,0.3194
mixed,64,16,0.25,4.0,256,2048,128,512,224,883.962,1110.042,948.761,0.2866
mixed,64,16,0.25,4.0,256,2048,256,1024,448,1055.387,1502.904,1190.392,0.3017
mixed,64,16,0.25,4.0,256,2048,512,2048,896,1401.561,2286.546,1682.424,0.3174
mixed,64,16,0.25,4.0,256,2048,1024,4096,1792,2090.229,3863.946,2645.233,0.3129
mixed,64,16,0.25,4.0,256,2048,2048,8192,3584,3467.121,6995.261,4594.791,0.3196
mixed,64,16,0.25,4.0,256,2048,4096,16384,7168,6215.71,13265.856,8476.533,0.3207
mixed,64,16,0.25,4.0,256,4096,128,512,224,1281.948,1507.065,1349.689,0.3009
mixed,64,16,0.25,4.0,256,4096,256,1024,448,1453.816,1896.854,1593.752,0.3159
mixed,64,16,0.25,4.0,256,4096,512,2048,896,1801.782,2684.818,2078.516,0.3134
mixed,64,16,0.25,4.0,256,4096,1024,4096,1792,2484.373,4256.781,3040.499,0.3138
mixed,64,16,0.25,4.0,256,4096,2048,8192,3584,3862.477,7392.89,4976.326,0.3155
mixed,64,16,0.25,4.0,256,4096,4096,16384,7168,6614.495,13661.247,8848.916,0.3171
mixed,64,16,0.25,4.0,256,8192,128,512,224,2072.183,2294.292,2132.823,0.273
mixed,64,16,0.25,4.0,256,8192,256,1024,448,2243.476,2691.698,2364.146,0.2692
mixed,64,16,0.25,4.0,256,8192,512,2048,896,2587.473,3473.391,2870.482,0.3195
mixed,64,16,0.25,4.0,256,8192,1024,4096,1792,3278.319,5046.441,3840.589,0.318
mixed,64,16,0.25,4.0,256,8192,2048,8192,3584,4651.302,8177.754,5762.47,0.3151
mixed,64,16,0.25,4.0,256,8192,4096,16384,7168,7398.622,14468.762,9626.097,0.3151
mixed,64,16,0.25,4.0,512,0,128,512,224,728.795,952.7,794.492,0.2934
mixed,64,16,0.25,4.0,512,0,256,1024,448,900.955,1343.802,1033.209,0.2986
mixed,64,16,0.25,4.0,512,0,512,2048,896,1245.147,2129.237,1522.969,0.3142
mixed,64,16,0.25,4.0,512,0,1024,4096,1792,1936.855,3700.779,2493.33,0.3155
mixed,64,16,0.25,4.0,512,0,2048,8192,3584,3310.575,6834.398,4415.018,0.3134
mixed,64,16,0.25,4.0,512,0,4096,16384,7168,6058.947,13105.154,8289.43,0.3166
mixed,64,16,0.25,4.0,512,512,128,512,224,948.476,1170.811,1014.138,0.2953
mixed,64,16,0.25,4.0,512,512,256,1024,448,1120.506,1563.445,1260.762,0.3166
mixed,64,16,0.25,4.0,512,512,512,2048,896,1466.904,2346.194,1743.671,0.3148
mixed,64,16,0.25,4.0,512,512,1024,4096,1792,2154.709,3921.803,2704.851,0.3113
mixed,64,16,0.25,4.0,512,512,2048,8192,3584,3531.28,7057.886,4651.915,0.3178
mixed,64,16,0.25,4.0,512,512,4096,16384,7168,6271.201,13335.042,8510.005,0.3169
mixed,64,16,0.25,4.0,512,1024,128,512,224,1144.794,1370.649,1209.882,0.2882
mixed,64,16,0.25,4.0,512,1024,256,1024,448,1318.903,1763.544,1456.857,0.3103
mixed,64,16,0.25,4.0,512,1024,512,2048,896,1661.943,2550.165,1887.383,0.2538
mixed,64,16,0.25,4.0,512,1024,1024,4096,1792,2350.038,4115.467,2900.818,0.312
mixed,64,16,0.25,4.0,512,1024,2048,8192,3584,3728.78,7252.316,4827.398,0.3118
mixed,64,16,0.25,4.0,512,1024,4096,16384,7168,6472.481,13532.129,8705.525,0.3163
mixed,64,16,0.25,4.0,512,2048,128,512,224,1537.816,1763.64,1606.135,0.3025
mixed,64,16,0.25,4.0,512,2048,256,1024,448,1709.559,2154.58,1850.039,0.3157
mixed,64,16,0.25,4.0,512,2048,512,2048,896,2056.438,2938.834,2333.334,0.3138
mixed,64,16,0.25,4.0,512,2048,1024,4096,1792,2748.946,4505.037,3292.848,0.3097
mixed,64,16,0.25,4.0,512,2048,2048,8192,3584,4120.268,7658.01,5233.927,0.3148
mixed,64,16,0.25,4.0,512,2048,4096,16384,7168,6864.093,13915.71,9118.42,0.3197
mixed,64,16,0.25,4.0,512,4096,128,512,224,2322.133,2543.701,2386.804,0.2919
mixed,64,16,0.25,4.0,512,4096,256,1024,448,2492.852,2938.417,2627.956,0.3032
mixed,64,16,0.25,4.0,512,4096,512,2048,896,2840.113,3724.527,3113.076,0.3086
mixed,64,16,0.25,4.0,512,4096,1024,4096,1792,3528.783,5292.421,4082.414,0.3139
mixed,64,16,0.25,4.0,512,4096,2048,8192,3584,4900.327,8433.399,6016.614,0.316
mixed,64,16,0.25,4.0,512,4096,4096,16384,7168,7648.06,14706.264,9913.522,0.321
mixed,64,16,0.25,4.0,512,8192,128,512,224,3894.925,4113.677,3955.246,0.2758
mixed,64,16,0.25,4.0,512,8192,256,1024,448,4066.029,4508.423,4204.298,0.3125
mixed,64,16,0.25,4.0,512,8192,512,2048,896,4412.171,5290.823,4682.44,0.3076
mixed,64,16,0.25,4.0,512,8192,1024,4096,1792,5098.954,6857.471,5642.5,0.3091
mixed,64,16,0.25,4.0,512,8192,2048,8192,3584,6472.48,9999.952,7587.258,0.316
mixed,64,16,0.25,4.0,512,8192,4096,16384,7168,9210.387,16272.117,11473.578,0.3205
mixed,64,16,0.25,4.0,1024,0,128,512,224,1062.394,1284.249,1128.795,0.2993
mixed,64,16,0.25,4.0,1024,0,256,1024,448,1232.954,1677.399,1369.305,0.3068
mixed,64,16,0.25,4.0,1024,0,512,2048,896,1582.618,2462.644,1845.398,0.2986
mixed,64,16,0.25,4.0,1024,0,1024,4096,1792,2267.636,4032.523,2817.489,0.3116
mixed,64,16,0.25,4.0,1024,0,2048,8192,3584,3644.909,7172.03,4752.777,0.3141
mixed,64,16,0.25,4.0,1024,0,4096,16384,7168,6387.044,13442.692,8661.976,0.3224
mixed,64,16,0.25,4.0,1024,512,128,512,224,1531.385,1753.751,1594.137,0.2822
mixed,64,16,0.25,4.0,1024,512,256,1024,448,1705.209,2145.397,1840.407,0.3071
mixed,64,16,0.25,4.0,1024,512,512,2048,896,2047.318,2928.242,2320.884,0.3105
mixed,64,16,0.25,4.0,1024,512,1024,4096,1792,2732.339,4503.371,3295.44,0.318
mixed,64,16,0.25,4.0,1024,512,2048,8192,3584,4113.996,7645.755,5228.425,0.3155
mixed,64,16,0.25,4.0,1024,512,4096,16384,7168,6850.529,13911.713,9120.087,0.3214
mixed,64,16,0.25,4.0,1024,1024,128,512,224,1926.583,2149.688,1988.567,0.2778
mixed,64,16,0.25,4.0,1024,1024,256,1024,448,2095.061,2535.602,2234.197,0.3158
mixed,64,16,0.25,4.0,1024,1024,512,2048,896,2437.683,3327.28,2715.795,0.3126
mixed,64,16,0.25,4.0,1024,1024,1024,4096,1792,3126.292,4895.114,3678.606,0.3122
mixed,64,16,0.25,4.0,1024,1024,2048,8192,3584,4501.963,8031.449,5616.772,0.3159
mixed,64,16,0.25,4.0,1024,1024,4096,16384,7168,7253.855,14293.628,9496.532,0.3186
mixed,64,16,0.25,4.0,1024,2048,128,512,224,2703.602,2928.786,2773.14,0.3088
mixed,64,16,0.25,4.0,1024,2048,256,1024,448,2874.129,3320.4,3016.113,0.3182
mixed,64,16,0.25,4.0,1024,2048,512,2048,896,3227.601,4109.165,3498.479,0.3073
mixed,64,16,0.25,4.0,1024,2048,1024,4096,1792,3910.252,5668.741,4470.571,0.3186
mixed,64,16,0.25,4.0,1024,2048,2048,8192,3584,5282.725,8814.52,6395.234,0.315
mixed,64,16,0.25,4.0,1024,2048,4096,16384,7168,8024.537,15103.391,10287.472,0.3197
mixed,64,16,0.25,4.0,1024,4096,128,512,224,4261.356,4489.195,4328.65,0.2954
mixed,64,16,0.25,4.0,1024,4096,256,1024,448,4440.493,4875.272,4576.971,0.3139
mixed,64,16,0.25,4.0,1024,4096,512,2048,896,4783.178,5663.845,5058.409,0.3125
mixed,64,16,0.25,4.0,1024,4096,1024,4096,1792,5468.741,7233.916,6027.01,0.3163
mixed,64,16,0.25,4.0,1024,4096,2048,8192,3584,6844.606,10373.646,7980.698,0.3219
mixed,64,16,0.25,4.0,1024,4096,4096,16384,7168,9588.756,16649.013,11853.128,0.3207
mixed,64,16,0.25,4.0,1024,8192,128,512,224,7389.114,7611.964,7450.395,0.275
mixed,64,16,0.25,4.0,1024,8192,256,1024,448,7561.882,8001.016,7680.666,0.2705
mixed,64,16,0.25,4.0,1024,8192,512,2048,896,7901.212,8796.472,8170.742,0.3011
mixed,64,16,0.25,4.0,1024,8192,1024,4096,1792,8599.545,10355.307,9098.419,0.2841
mixed,64,16,0.25,4.0,1024,8192,2048,8192,3584,9961.939,13491.105,11084.975,0.3182
mixed,64,16,0.25,4.0,1024,8192,4096,16384,7168,12708.964,19774.31,14971.415,0.3202
mixed,64,16,0.25,4.0,2048,0,128,512,224,2532.309,2754.258,2595.604,0.2852
mixed,64,16,0.25,4.0,2048,0,256,1024,448,2702.229,3145.49,2834.193,0.2977
mixed,64,16,0.25,4.0,2048,0,512,2048,896,3046.034,3926.382,3318.863,0.3099
mixed,64,16,0.25,4.0,2048,0,1024,4096,1792,3727.504,5498.951,4290.764,0.318
mixed,64,16,0.25,4.0,2048,0,2048,8192,3584,5110.473,8634.265,6228.291,0.3172
mixed,64,16,0.25,4.0,2048,0,4096,16384,7168,7855.804,14910.172,10108.37,0.3193
mixed,64,16,0.25,4.0,2048,512,128,512,224,3379.024,3608.943,3447.44,0.2976
mixed,64,16,0.25,4.0,2048,512,256,1024,448,3553.453,3998.063,3690.863,0.3091
mixed,64,16,0.25,4.0,2048,512,512,2048,896,3903.023,4783.084,4172.908,0.3067
mixed,64,16,0.25,4.0,2048,512,1024,4096,1792,4586.058,6354.243,5150.986,0.3195
mixed,64,16,0.25,4.0,2048,512,2048,8192,3584,5958.149,9491.637,7092.287,0.321
mixed,64,16,0.25,4.0,2048,512,4096,16384,7168,8706.904,15763.546,10926.444,0.3145
mixed,64,16,0.25,4.0,2048,1024,128,512,224,4217.709,4445.966,4285.804,0.2983
mixed,64,16,0.25,4.0,2048,1024,256,1024,448,4402.315,4835.657,4525.096,0.2833
mixed,64,16,0.25,4.0,2048,1024,512,2048,896,4750.379,5619.974,5026.505,0.3175
mixed,64,16,0.25,4.0,2048,1024,1024,4096,1792,5421.829,7189.089,5974.209,0.3126
mixed,64,16,0.25,4.0,2048,1024,2048,8192,3584,6808.417,10341.362,7920.637,0.3148
mixed,64,16,0.25,4.0,2048,1024,4096,16384,7168,9544.628,16601.014,11807.756,0.3207
mixed,64,16,0.25,4.0,2048,2048,128,512,224,5858.887,6092.453,5923.559,0.2769
mixed,64,16,0.25,4.0,2048,2048,256,1024,448,6042.982,6485.539,6175.745,0.3
mixed,64,16,0.25,4.0,2048,2048,512,2048,896,6380.001,7267.072,6661.345,0.3172
mixed,64,16,0.25,4.0,2048,2048,1024,4096,1792,7069.052,8845.69,7624.575,0.3127
mixed,64,16,0.25,4.0,2048,2048,2048,8192,3584,8446.841,11979.943,9574.356,0.3191
mixed,64,16,0.25,4.0,2048,2048,4096,16384,7168,11189.743,18254.097,13457.669,0.321
mixed,64,16,0.25,4.0,2048,4096,128,512,224,9080.759,9297.814,9136.185,0.2554
mixed,64,16,0.25,4.0,2048,4096,256,1024,448,9247.574,9698.741,9386.264,0.3074
mixed,64,16,0.25,4.0,2048,4096,512,2048,896,9595.829,10482.702,9871.443,0.3108
mixed,64,16,0.25,4.0,2048,4096,1024,4096,1792,10269.903,12040.651,10832.592,0.3178
mixed,64,16,0.25,4.0,2048,4096,2048,8192,3584,11661.1,15194.459,12780.614,0.3168
mixed,64,16,0.25,4.0,2048,4096,4096,16384,7168,14398.018,21446.465,16671.282,0.3225
mixed,64,16,0.25,4.0,2048,8192,128,512,224,15298.554,15508.182,15319.679,0.1008
mixed,64,16,0.25,4.0,2048,8192,256,1024,448,15465.528,15908.885,15598.908,0.3008
mixed,64,16,0.25,4.0,2048,8192,512,2048,896,15796.309,16666.711,16071.894,0.3166
mixed,64,16,0.25,4.0,2048,8192,1024,4096,1792,16505.59,18244.527,17047.12,0.3114
mixed,64,16,0.25,4.0,2048,8192,2048,8192,3584,17852.945,21363.137,18963.564,0.3164
mixed,64,16,0.25,4.0,2048,8192,4096,16384,7168,20610.15,27655.751,22849.143,0.3178
pure,64,32,0.5,4.0,0,0,128,512,320,322.815,468.253,384.158,0.4218
pure,64,32,0.5,4.0,0,0,256,1024,640,566.399,862.269,677.821,0.3766
pure,64,32,0.5,4.0,0,0,512,2048,1280,1056.409,1644.185,1263.482,0.3523
pure,64,32,0.5,4.0,0,0,1024,4096,2560,2037.784,3216.561,2436.181,0.338
pure,64,32,0.5,4.0,0,0,2048,8192,5120,3996.911,6362.693,4772.683,0.3279
pure,64,32,0.5,4.0,0,0,4096,16384,10240,7927.839,12632.104,9486.711,0.3314
mixed,64,32,0.5,4.0,16,0,128,512,320,349.629,497.247,412.03,0.4227
mixed,64,32,0.5,4.0,16,0,256,1024,640,596.508,888.86,706.653,0.3768
mixed,64,32,0.5,4.0,16,0,512,2048,1280,1084.507,1673.913,1289.72,0.3482
mixed,64,32,0.5,4.0,16,0,1024,4096,2560,2070.135,3244.497,2461.522,0.3333
mixed,64,32,0.5,4.0,16,0,2048,8192,5120,4033.548,6384.163,4799.017,0.3256
mixed,64,32,0.5,4.0,16,0,4096,16384,10240,7948.125,12659.59,9477.59,0.3246
mixed,64,32,0.5,4.0,16,512,128,512,320,391.424,536.285,457.019,0.4528
mixed,64,32,0.5,4.0,16,512,256,1024,640,633.661,932.19,743.23,0.367
mixed,64,32,0.5,4.0,16,512,512,2048,1280,1124.188,1718.357,1332.121,0.35
mixed,64,32,0.5,4.0,16,512,1024,4096,2560,2106.167,3281.455,2506.549,0.3407
mixed,64,32,0.5,4.0,16,512,2048,8192,5120,4064.046,6421.156,4834.861,0.327
mixed,64,32,0.5,4.0,16,512,4096,16384,10240,7992.093,12686.407,9560.34,0.3341
mixed,64,32,0.5,4.0,16,1024,128,512,320,394.494,544.158,459.295,0.433
mixed,64,32,0.5,4.0,16,1024,256,1024,640,643.679,936.666,747.771,0.3553
mixed,64,32,0.5,4.0,16,1024,512,2048,1280,1134.52,1719.673,1336.601,0.3453
mixed,64,32,0.5,4.0,16,1024,1024,4096,2560,2113.878,3289.872,2506.933,0.3342
mixed,64,32,0.5,4.0,16,1024,2048,8192,5120,4074.256,6428.063,4840.682,0.3256
mixed,64,32,0.5,4.0,16,1024,4096,16384,10240,7993.056,12695.72,9533.686,0.3276
mixed,64,32,0.5,4.0,16,2048,128,512,320,401.982,550.111,464.763,0.4238
mixed,64,32,0.5,4.0,16,2048,256,1024,640,646.431,942.715,759.871,0.3829
mixed,64,32,0.5,4.0,16,2048,512,2048,1280,1139.964,1727.8,1339.833,0.34
mixed,64,32,0.5,4.0,16,2048,1024,4096,2560,2122.711,3297.326,2513.076,0.3323
mixed,64,32,0.5,4.0,16,2048,2048,8192,5120,4076.491,6427.013,4857.195,0.3321
mixed,64,32,0.5,4.0,16,2048,4096,16384,10240,7998.558,12701.319,9577.623,0.3358
mixed,64,32,0.5,4.0,16,4096,128,512,320,439.774,589.372,506.747,0.4477
mixed,64,32,0.5,4.0,16,4096,256,1024,640,687.065,983.1,798.204,0.3754
mixed,64,32,0.5,4.0,16,4096,512,2048,1280,1177.306,1772.376,1354.106,0.2971
mixed,64,32,0.5,4.0,16,4096,1024,4096,2560,2159.318,3331.988,2563.893,0.345
mixed,64,32,0.5,4.0,16,4096,2048,8192,5120,4122.285,6471.62,4899.819,0.331
mixed,64,32,0.5,4.0,16,4096,4096,16384,10240,8050.718,12729.227,9628.82,0.3373
mixed,64,32,0.5,4.0,16,8192,128,512,320,492.766,642.655,556.701,0.4265
mixed,64,32,0.5,4.0,16,8192,256,1024,640,741.948,1033.468,850.012,0.3707
mixed,64,32,0.5,4.0,16,8192,512,2048,1280,1229.627,1820.12,1436.025,0.3495
mixed,64,32,0.5,4.0,16,8192,1024,4096,2560,2212.63,3389.488,2606.324,0.3345
mixed,64,32,0.5,4.0,16,8192,2048,8192,5120,4168.782,6525.89,4962.922,0.3369
mixed,64,32,0.5,4.0,16,8192,4096,16384,10240,8091.23,12789.385,9673.975,0.3369
mixed,64,32,0.5,4.0,32,0,128,512,320,386.238,535.677,451.934,0.4396
mixed,64,32,0.5,4.0,32,0,256,1024,640,633.31,927.995,749.085,0.3929
mixed,64,32,0.5,4.0,32,0,512,2048,1280,1123.706,1711.672,1335.609,0.3604
mixed,64,32,0.5,4.0,32,0,1024,4096,2560,2106.679,3286.609,2494.259,0.3285
mixed,64,32,0.5,4.0,32,0,2048,8192,5120,4067.438,6418.052,4829.548,0.3242
mixed,64,32,0.5,4.0,32,0,4096,16384,10240,7992.157,12689.833,9582.006,0.3384
mixed,64,32,0.5,4.0,32,512,128,512,320,430.88,578.399,491.165,0.4087
mixed,64,32,0.5,4.0,32,512,256,1024,640,675.645,970.554,788.253,0.3818
mixed,64,32,0.5,4.0,32,512,512,2048,1280,1165.211,1755.478,1372.027,0.3504
mixed,64,32,0.5,4.0,32,512,1024,4096,2560,2151.928,3319.569,2553.3,0.3437
mixed,64,32,0.5,4.0,32,512,2048,8192,5120,4110.734,6456.261,4891.625,0.3329
mixed,64,32,0.5,4.0,32,512,4096,16384,10240,8029.693,12730.407,9589.908,0.3319
mixed,64,32,0.5,4.0,32,1024,128,512,320,437.053,585.531,501.083,0.4312
mixed,64,32,0.5,4.0,32,1024,256,1024,640,685.692,980.889,795.998,0.3737
mixed,64,32,0.5,4.0,32,1024,512,2048,1280,1175.77,1767.352,1378.426,0.3426
mixed,64,32,0.5,4.0,32,1024,1024,4096,2560,2158.134,3331.25,2562.163,0.3444
mixed,64,32,0.5,4.0,32,1024,2048,8192,5120,4128.333,6467.877,4877.707,0.3203
mixed,64,32,0.5,4.0,32,1024,4096,16384,10240,8032.222,12739.337,9611.51,0.3355
mixed,64,32,0.5,4.0,32,2048,128,512,320,450.205,603.198,513.92,0.4165
mixed,64,32,0.5,4.0,32,2048,256,1024,640,699.902,993.371,808.125,0.3688
mixed,64,32,0.5,4.0,32,2048,512,2048,1280,1189.148,1777.144,1397.817,0.3549
mixed,64,32,0.5,4.0,32,2048,1024,4096,2560,2172.44,3350.576,2569.301,0.3369
mixed,64,32,0.5,4.0,32,2048,2048,8192,5120,4131.884,6484.067,4905.579,0.3289
mixed,64,32,0.5,4.0,32,2048,4096,16384,10240,8054.782,12755.883,9578.68,0.3242
mixed,64,32,0.5,4.0,32,4096,128,512,320,540.636,688.799,606.943,0.4475
mixed,64,32,0.5,4.0,32,4096,256,1024,640,787.004,1080.506,900.061,0.3852
mixed,64,32,0.5,4.0,32,4096,512,2048,1280,1278.712,1869.398,1481.335,0.343
mixed,64,32,0.5,4.0,32,4096,1024,4096,2560,2256.692,3433.554,2659.827,0.3426
mixed,64,32,0.5,4.0,32,4096,2048,8192,5120,4220.24,6567.461,5019.913,0.3407
mixed,64,32,0.5,4.0,32,4096,4096,16384,10240,8143.484,12846.154,9691.927,0.3293
mixed,64,32,0.5,4.0,32,8192,128,512,320,645.853,801.248,718.397,0.4668
mixed,64,32,0.5,4.0,32,8192,256,1024,640,897.277,1194.139,1012.412,0.3878
mixed,64,32,0.5,4.0,32,8192,512,2048,1280,1392.219,1980.632,1598.841,0.3512
mixed,64,32,0.5,4.0,32,8192,1024,4096,2560,2373.718,3543.953,2782.548,0.3494
mixed,64,32,0.5,4.0,32,8192,2048,8192,5120,4331.373,6689.187,5100.268,0.3261
mixed,64,32,0.5,4.0,32,8192,4096,16384,10240,8256.54,12952.525,9787.51,0.326
mixed,64,32,0.5,4.0,64,0,128,512,320,389.309,541.276,450.206,0.4007
mixed,64,32,0.5,4.0,64,0,256,1024,640,634.524,931.804,744.507,0.37
mixed,64,32,0.5,4.0,64,0,512,2048,1280,1130.843,1716.855,1334.586,0.3477
mixed,64,32,0.5,4.0,64,0,1024,4096,2560,2107.127,3280.946,2501.876,0.3363
mixed,64,32,0.5,4.0,64,0,2048,8192,5120,4068.909,6423.17,4844.201,0.3293
mixed,64,32,0.5,4.0,64,0,4096,16384,10240,7993.501,12687.243,9553.623,0.3324
mixed,64,32,0.5,4.0,64,512,128,512,320,442.751,596.348,509.47,0.4344
mixed,64,32,0.5,4.0,64,512,256,1024,640,691.419,989.532,802.779,0.3735
mixed,64,32,0.5,4.0,64,512,512,2048,1280,1182.074,1770.903,1391.835,0.3562
mixed,64,32,0.5,4.0,64,512,1024,4096,2560,2167.32,3337.715,2560.855,0.3362
mixed,64,32,0.5,4.0,64,512,2048,8192,5120,4120.431,6479.494,4904.589,0.3324
mixed,64,32,0.5,4.0,64,512,4096,16384,10240,8052.126,12749.961,9563.928,0.3218
mixed,64,32,0.5,4.0,64,1024,128,512,320,502.621,653.821,569.723,0.4438
mixed,64,32,0.5,4.0,64,1024,256,1024,640,752.062,1047.453,865.562,0.3842
mixed,64,32,0.5,4.0,64,1024,512,2048,1280,1243.483,1829.144,1458.267,0.3667
mixed,64,32,0.5,4.0,64,1024,1024,4096,2560,2225.846,3398.062,2622.548,0.3384
mixed,64,32,0.5,4.0,64,1024,2048,8192,5120,4186.095,6535.205,4951.852,0.326
mixed,64,32,0.5,4.0,64,1024,4096,16384,10240,8107.294,12810.536,9642.837,0.3265
mixed,64,32,0.5,4.0,64,2048,128,512,320,538.398,691.229,605.467,0.4388
mixed,64,32,0.5,4.0,64,2048,256,1024,640,787.326,1087.067,904.861,0.3921
mixed,64,32,0.5,4.0,64,2048,512,2048,1280,1278.874,1870.776,1493.239,0.3622
mixed,64,32,0.5,4.0,64,2048,1024,4096,2560,2264.757,3442.579,2660.054,0.3356
mixed,64,32,0.5,4.0,64,2048,2048,8192,5120,4228.236,6577.541,4986.765,0.3229
mixed,64,32,0.5,4.0,64,2048,4096,16384,10240,8166.429,12848.296,9721.078,0.3321
mixed,64,32,0.5,4.0,64,4096,128,512,320,643.549,795.036,708.892,0.4313
mixed,64,32,0.5,4.0,64,4096,256,1024,640,889.34,1187.386,998.46,0.3661
mixed,64,32,0.5,4.0,64,4096,512,2048,1280,1383.962,1969.719,1593.947,0.3585
mixed,64,32,0.5,4.0,64,4096,1024,4096,2560,2364.437,3542.002,2756.788,0.3332
mixed,64,32,0.5,4.0,64,4096,2048,8192,5120,4327.598,6682.177,5106.505,0.3308
mixed,64,32,0.5,4.0,64,4096,4096,16384,10240,8239.901,12944.747,9781.592,0.3277
mixed,64,32,0.5,4.0,64,8192,128,512,320,846.044,998.042,912.254,0.4356
mixed,64,32,0.5,4.0,64,8192,256,1024,640,1096.444,1392.538,1207.228,0.3742
mixed,64,32,0.5,4.0,64,8192,512,2048,1280,1586.97,2173.175,1792.951,0.3514
mixed,64,32,0.5,4.0,64,8192,1024,4096,2560,2566.484,3744.143,2957.46,0.332
mixed,64,32,0.5,4.0,64,8192,2048,8192,5120,4528.942,6878.337,5319.947,0.3367
mixed,64,32,0.5,4.0,64,8192,4096,16384,10240,8456.764,13156.008,9999.958,0.3284
mixed,64,32,0.5,4.0,128,0,128,512,320,415.902,565.372,474.334,0.3909
mixed,64,32,0.5,4.0,128,0,256,1024,640,660.127,955.451,775.036,0.3891
mixed,64,32,0.5,4.0,128,0,512,2048,1280,1151.736,1738.617,1358.905,0.353
mixed,64,32,0.5,4.0,128,0,1024,4096,2560,2135.19,3307.09,2526.357,0.3338
mixed,64,32,0.5,4.0,128,0,2048,8192,5120,4095.31,6454.726,4872.718,0.3295
mixed,64,32,0.5,4.0,128,0,4096,16384,10240,8008.64,12722.891,9553.752,0.3278
mixed,64,32,0.5,4.0,128,512,128,512,320,547.327,696.606,609.503,0.4165
mixed,64,32,0.5,4.0,128,512,256,1024,640,793.563,1089.083,908.443,0.3887
mixed,64,32,0.5,4.0,128,512,512,2048,1280,1287.131,1875.479,1494.842,0.353
mixed,64,32,0.5,4.0,128,512,1024,4096,2560,2261.91,3438.512,2660.116,0.3384
mixed,64,32,0.5,4.0,128,512,2048,8192,5120,4226.924,6581.538,4992.939,0.3253
mixed,64,32,0.5,4.0,128,512,4096,16384,10240,8142.237,12848.779,9710.454,0.3332
mixed,64,32,0.5,4.0,128,1024,128,512,320,610.59,761.535,676.863,0.4391
mixed,64,32,0.5,4.0,128,1024,256,1024,640,857.823,1152.027,975.323,0.3994
mixed,64,32,0.5,4.0,128,1024,512,2048,1280,1349.115,1941.464,1557.912,0.3525
mixed,64,32,0.5,4.0,128,1024,1024,4096,2560,2330.198,3508.465,2718.868,0.3299
mixed,64,32,0.5,4.0,128,1024,2048,8192,5120,4298.223,6647.169,5057.451,0.3232
mixed,64,32,0.5,4.0,128,1024,4096,16384,10240,8214.814,12917.803,9788.6,0.3346
mixed,64,32,0.5,4.0,128,2048,128,512,320,712.731,862.491,767.868,0.3682
mixed,64,32,0.5,4.0,128,2048,256,1024,640,956.412,1250.362,1068.317,0.3807
mixed,64,32,0.5,4.0,128,2048,512,2048,1280,1452.54,2044.312,1650.425,0.3344
mixed,64,32,0.5,4.0,128,2048,1024,4096,2560,2435.861,3611.919,2826.612,0.3323
mixed,64,32,0.5,4.0,128,2048,2048,8192,5120,4387.95,6737.154,5172.874,0.3341
mixed,64,32,0.5,4.0,128,2048,4096,16384,10240,8317.213,13013.448,9866.55,0.3299
mixed,64,32,0.5,4.0,128,4096,128,512,320,911.164,1061.787,971.291,0.3992
mixed,64,32,0.5,4.0,128,4096,256,1024,640,1158.491,1454.521,1268.539,0.3717
mixed,64,32,0.5,4.0,128,4096,512,2048,1280,1651.962,2241.88,1851.225,0.3378
mixed,64,32,0.5,4.0,128,4096,1024,4096,2560,2633.202,3817.038,3025.458,0.3313
mixed,64,32,0.5,4.0,128,4096,2048,8192,5120,4595.436,6947.104,5372.298,0.3303
mixed,64,32,0.5,4.0,128,4096,4096,16384,10240,8518.974,13215.595,10037.174,0.3233
mixed,64,32,0.5,4.0,128,8192,128,512,320,1306.714,1454.586,1369.754,0.4263
mixed,64,32,0.5,4.0,128,8192,256,1024,640,1554.97,1850.551,1666.2,0.3763
mixed,64,32,0.5,4.0,128,8192,512,2048,1280,2045.912,2636.151,2250.518,0.3466
mixed,64,32,0.5,4.0,128,8192,1024,4096,2560,3034.579,4201.517,3413.105,0.3244
mixed,64,32,0.5,4.0,128,8192,2048,8192,5120,4994.122,7336.352,5778.825,0.335
mixed,64,32,0.5,4.0,128,8192,4096,16384,10240,8911.422,13612.229,10475.956,0.3328
mixed,64,32,0.5,4.0,256,0,128,512,320,535.197,684.254,598.398,0.424
mixed,64,32,0.5,4.0,256,0,256,1024,640,780.605,1076.379,895.741,0.3893
mixed,64,32,0.5,4.0,256,0,512,2048,1280,1273.371,1861.881,1479.93,0.351
mixed,64,32,0.5,4.0,256,0,1024,4096,2560,2255.158,3428.527,2638.517,0.3267
mixed,64,32,0.5,4.0,256,0,2048,8192,5120,4218.127,6567.204,4994.092,0.3303
mixed,64,32,0.5,4.0,256,0,4096,16384,10240,8135.967,12837.613,9683.414,0.3291
mixed,64,32,0.5,4.0,256,512,128,512,320,662.684,811.357,728.734,0.4443
mixed,64,32,0.5,4.0,256,512,256,1024,640,910.908,1207.483,1020.795,0.3705
mixed,64,32,0.5,4.0,256,512,512,2048,1280,1401.403,1990.2,1607.097,0.3493
mixed,64,32,0.5,4.0,256,512,1024,4096,2560,2383.895,3561.264,2782.323,0.3384
mixed,64,32,0.5,4.0,256,512,2048,8192,5120,4338.574,6692.261,5122.505,0.3331
mixed,64,32,0.5,4.0,256,512,4096,16384,10240,8265.022,12968.202,9814.902,0.3295
mixed,64,32,0.5,4.0,256,1024,128,512,320,763.483,914.01,819.354,0.3712
mixed,64,32,0.5,4.0,256,1024,256,1024,640,1011.131,1304.252,1118.779,0.3672
mixed,64,32,0.5,4.0,256,1024,512,2048,1280,1498.969,2093.656,1702.073,0.3415
mixed,64,32,0.5,4.0,256,1024,1024,4096,2560,2487.187,3664.398,2877.139,0.3313
mixed,64,32,0.5,4.0,256,1024,2048,8192,5120,4444.784,6799.654,5223.497,0.3307
mixed,64,32,0.5,4.0,256,1024,4096,16384,10240,8361.438,13073.804,9927.829,0.3324
mixed,64,32,0.5,4.0,256,2048,128,512,320,959.291,1107.449,1018.682,0.4009
mixed,64,32,0.5,4.0,256,2048,256,1024,640,1207.033,1499.385,1313.531,0.3643
mixed,64,32,0.5,4.0,256,2048,512,2048,1280,1695.129,2288.471,1903.576,0.3513
mixed,64,32,0.5,4.0,256,2048,1024,4096,2560,2678.677,3858.513,3074.548,0.3355
mixed,64,32,0.5,4.0,256,2048,2048,8192,5120,4643.116,6999.65,5444.646,0.3401
mixed,64,32,0.5,4.0,256,2048,4096,16384,10240,8563.457,13260.394,10122.774,0.332
mixed,64,32,0.5,4.0,256,4096,128,512,320,1359.163,1509.275,1421.657,0.4163
mixed,64,32,0.5,4.0,256,4096,256,1024,640,1605.593,1905.208,1712.377,0.3564
mixed,64,32,0.5,4.0,256,4096,512,2048,1280,2098.551,2686.869,2304.501,0.3501
mixed,64,32,0.5,4.0,256,4096,1024,4096,2560,3071.953,4259.79,3478.196,0.342
mixed,64,32,0.5,4.0,256,4096,2048,8192,5120,5041.865,7390.531,5831.782,0.3363
mixed,64,32,0.5,4.0,256,4096,4096,16384,10240,8960.858,13656.744,10519.415,0.3319
mixed,64,32,0.5,4.0,256,8192,128,512,320,2145.015,2296.437,2207.159,0.4104
mixed,64,32,0.5,4.0,256,8192,256,1024,640,2393.013,2685.909,2502.776,0.3748
mixed,64,32,0.5,4.0,256,8192,512,2048,1280,2885.65,3476.212,3089.3,0.3448
mixed,64,32,0.5,4.0,256,8192,1024,4096,2560,3875.754,5041.931,4262.766,0.3319
mixed,64,32,0.5,4.0,256,8192,2048,8192,5120,5823.462,8188.288,6611.939,0.3334
mixed,64,32,0.5,4.0,256,8192,4096,16384,10240,9743.638,14446.887,11302.799,0.3315
mixed,64,32,0.5,4.0,512,0,128,512,320,802.588,954.237,869.758,0.4429
mixed,64,32,0.5,4.0,512,0,256,1024,640,1051.771,1347.608,1163.1,0.3763
mixed,64,32,0.5,4.0,512,0,512,2048,1280,1542.329,2131.67,1751.222,0.3545
mixed,64,32,0.5,4.0,512,0,1024,4096,2560,2527.032,3706.129,2921.651,0.3347
mixed,64,32,0.5,4.0,512,0,2048,8192,5120,4480.943,6839.075,5270.792,0.3349
mixed,64,32,0.5,4.0,512,0,4096,16384,10240,8406.11,13110.733,9994.712,0.3377
mixed,64,32,0.5,4.0,512,512,128,512,320,1018.907,1172.861,1082.074,0.4103
mixed,64,32,0.5,4.0,512,512,256,1024,640,1270.746,1563.96,1381.884,0.379
mixed,64,32,0.5,4.0,512,512,512,2048,1280,1761.943,2346.807,1971.512,0.3583
mixed,64,32,0.5,4.0,512,512,1024,4096,2560,2748.149,3924.241,3135.829,0.3296
mixed,64,32,0.5,4.0,512,512,2048,8192,5120,4699.916,7060.866,5485.447,0.3327
mixed,64,32,0.5,4.0,512,512,4096,16384,10240,8623.613,13332.234,10188.184,0.3323
mixed,64,32,0.5,4.0,512,1024,128,512,320,1218.459,1371.321,1283.77,0.4273
mixed,64,32,0.5,4.0,512,1024,256,1024,640,1465.851,1763.479,1576.505,0.3718
mixed,64,32,0.5,4.0,512,1024,512,2048,1280,1957.367,2554.423,2165.975,0.3494
mixed,64,32,0.5,4.0,512,1024,1024,4096,2560,2940.755,4121.071,3335.857,0.3347
mixed,64,32,0.5,4.0,512,1024,2048,8192,5120,4900.621,7254.145,5673.832,0.3285
mixed,64,32,0.5,4.0,512,1024,4096,16384,10240,8818.844,13523.593,10395.513,0.3351
mixed,64,32,0.5,4.0,512,2048,128,512,320,1609.498,1765.751,1675.097,0.4198
mixed,64,32,0.5,4.0,512,2048,256,1024,640,1859.292,2154.519,1969.399,0.373
mixed,64,32,0.5,4.0,512,2048,512,2048,1280,2349.302,2945.523,2554.135,0.3436
mixed,64,32,0.5,4.0,512,2048,1024,4096,2560,3332.563,4506.541,3730.451,0.3389
mixed,64,32,0.5,4.0,512,2048,2048,8192,5120,5297.9,7646.493,6086.79,0.3359
mixed,64,32,0.5,4.0,512,2048,4096,16384,10240,9209.307,13912.681,10765.747,0.3309
mixed,64,32,0.5,4.0,512,4096,128,512,320,2392.471,2549.877,2460.821,0.4342
mixed,64,32,0.5,4.0,512,4096,256,1024,640,2639.509,2940.053,2752.116,0.3747
mixed,64,32,0.5,4.0,512,4096,512,2048,1280,3130.835,3726.899,3344.625,0.3587
mixed,64,32,0.5,4.0,512,4096,1024,4096,2560,4117.103,5293.226,4502.959,0.3281
mixed,64,32,0.5,4.0,512,4096,2048,8192,5120,6078.599,8426.206,6874.372,0.339
mixed,64,32,0.5,4.0,512,4096,4096,16384,10240,10009.399,14695.399,11557.775,0.3304
mixed,64,32,0.5,4.0,512,8192,128,512,320,3966.412,4119.083,4026.542,0.3939
mixed,64,32,0.5,4.0,512,8192,256,1024,640,4210.159,4511.628,4322.991,0.3743
mixed,64,32,0.5,4.0,512,8192,512,2048,1280,4710.924,5293.45,4901.834,0.3277
mixed,64,32,0.5,4.0,512,8192,1024,4096,2560,5689.161,6863.553,6078.887,0.3319
mixed,64,32,0.5,4.0,512,8192,2048,8192,5120,7654.047,10002.138,8429.114,0.3301
mixed,64,32,0.5,4.0,512,8192,4096,16384,10240,11570.898,16283.996,13122.608,0.3292
mixed,64,32,0.5,4.0,1024,0,128,512,320,1133.37,1287.23,1195.291,0.4025
mixed,64,32,0.5,4.0,1024,0,256,1024,640,1381.177,1677.112,1492.186,0.3751
mixed,64,32,0.5,4.0,1024,0,512,2048,1280,1873.463,2457.715,2075.801,0.3463
mixed,64,32,0.5,4.0,1024,0,1024,4096,2560,2860.787,4037.133,3248.66,0.3297
mixed,64,32,0.5,4.0,1024,0,2048,8192,5120,4818.189,7167.557,5594.119,0.3303
mixed,64,32,0.5,4.0,1024,0,4096,16384,10240,8741.981,13441.962,10269.239,0.3249
mixed,64,32,0.5,4.0,1024,512,128,512,320,1603.415,1756.313,1669.593,0.4328
mixed,64,32,0.5,4.0,1024,512,256,1024,640,1852.119,2148.183,1963.351,0.3757
mixed,64,32,0.5,4.0,1024,512,512,2048,1280,2342.646,2931.316,2540.15,0.3355
mixed,64,32,0.5,4.0,1024,512,1024,4096,2560,3325.204,4498.285,3731.442,0.3463
mixed,64,32,0.5,4.0,1024,512,2048,8192,5120,5284.426,7649.218,6073.833,0.3338
mixed,64,32,0.5,4.0,1024,512,4096,16384,10240,9212.508,13905.709,10783.187,0.3347
mixed,64,32,0.5,4.0,1024,1024,128,512,320,1996.856,2149.942,2060.887,0.4183
mixed,64,32,0.5,4.0,1024,1024,256,1024,640,2241.654,2541.174,2356.789,0.3844
mixed,64,32,0.5,4.0,1024,1024,512,2048,1280,2734.965,3321.009,2952.914,0.3719
mixed,64,32,0.5,4.0,1024,1024,1024,4096,2560,3716.915,4891.436,4110.865,0.3354
mixed,64,32,0.5,4.0,1024,1024,2048,8192,5120,5681.832,8029.217,6478.087,0.3392
mixed,64,32,0.5,4.0,1024,1024,4096,16384,10240,9618.203,14308.997,11142.291,0.3249
mixed,64,32,0.5,4.0,1024,2048,128,512,320,2777.91,2927.316,2839.765,0.414
mixed,64,32,0.5,4.0,1024,2048,256,1024,640,3024.114,3319.89,3138.195,0.3857
mixed,64,32,0.5,4.0,1024,2048,512,2048,1280,3519.12,4102.414,3717.138,0.3395
mixed,64,32,0.5,4.0,1024,2048,1024,4096,2560,4497.166,5672.137,4892.846,0.3368
mixed,64,32,0.5,4.0,1024,2048,2048,8192,5120,6456.743,8809.916,7236.996,0.3316
mixed,64,32,0.5,4.0,1024,2048,4096,16384,10240,10378.389,15080.131,11938.703,0.3319
mixed,64,32,0.5,4.0,1024,4096,128,512,320,4333.07,4488.813,4395.502,0.4009
mixed,64,32,0.5,4.0,1024,4096,256,1024,640,4591.726,4876.875,4704.171,0.3943
mixed,64,32,0.5,4.0,1024,4096,512,2048,1280,5077.742,5668.649,5282.059,0.3458
mixed,64,32,0.5,4.0,1024,4096,1024,4096,2560,6057.384,7235.749,6450.726,0.3338
mixed,64,32,0.5,4.0,1024,4096,2048,8192,5120,8015.299,10375.189,8807.546,0.3357
mixed,64,32,0.5,4.0,1024,4096,4096,16384,10240,11937.873,16650.433,13508.33,0.3332
mixed,64,32,0.5,4.0,1024,8192,128,512,320,7459.458,7609.121,7521.25,0.4129
mixed,64,32,0.5,4.0,1024,8192,256,1024,640,7710.269,8003.744,7817.985,0.367
mixed,64,32,0.5,4.0,1024,8192,512,2048,1280,8203.933,8776.668,8407.615,0.3556
mixed,64,32,0.5,4.0,1024,8192,1024,4096,2560,9179.834,10348.792,9583.099,0.345
mixed,64,32,0.5,4.0,1024,8192,2048,8192,5120,11132.915,13500.683,11930.285,0.3368
mixed,64,32,0.5,4.0,1024,8192,4096,16384,10240,15071.329,19768.692,16601.631,0.3258
mixed,64,32,0.5,4.0,2048,0,128,512,320,2603.476,2753.588,2664.694,0.4078
mixed,64,32,0.5,4.0,2048,0,256,1024,640,2850.006,3145.622,2964.05,0.3858
mixed,64,32,0.5,4.0,2048,0,512,2048,1280,3341.588,3931.089,3542.772,0.3413
mixed,64,32,0.5,4.0,2048,0,1024,4096,2560,4329.391,5505.099,4710.764,0.3244
mixed,64,32,0.5,4.0,2048,0,2048,8192,5120,6287.814,8636.253,7070.53,0.3333
mixed,64,32,0.5,4.0,2048,0,4096,16384,10240,10214.39,14900.261,11749.84,0.3277
mixed,64,32,0.5,4.0,2048,512,128,512,320,3454.8,3606.577,3514.705,0.3947
mixed,64,32,0.5,4.0,2048,512,256,1024,640,3699.217,3997.137,3815.185,0.3893
mixed,64,32,0.5,4.0,2048,512,512,2048,1280,4192.302,4783.376,4397.807,0.3477
mixed,64,32,0.5,4.0,2048,512,1024,4096,2560,5170.187,6351.303,5574.121,0.342
mixed,64,32,0.5,4.0,2048,512,2048,8192,5120,7135.683,9487.707,7925.25,0.3357
mixed,64,32,0.5,4.0,2048,512,4096,16384,10240,11060.116,15756.354,12617.1,0.3315
mixed,64,32,0.5,4.0,2048,1024,128,512,320,4291.6,4445.167,4361.551,0.4555
mixed,64,32,0.5,4.0,2048,1024,256,1024,640,4538.286,4842.317,4655.695,0.3862
mixed,64,32,0.5,4.0,2048,1024,512,2048,1280,5041.452,5625.099,5249.067,0.3557
mixed,64,32,0.5,4.0,2048,1024,1024,4096,2560,6001.351,7183.299,6418.408,0.3529
mixed,64,32,0.5,4.0,2048,1024,2048,8192,5120,7974.881,10330.489,8751.708,0.3298
mixed,64,32,0.5,4.0,2048,1024,4096,16384,10240,11892.017,16598.879,13428.235,0.3264
mixed,64,32,0.5,4.0,2048,2048,128,512,320,5938.793,6090.759,5998.087,0.3902
mixed,64,32,0.5,4.0,2048,2048,256,1024,640,6183.878,6482.501,6298.727,0.3846
mixed,64,32,0.5,4.0,2048,2048,512,2048,1280,6677.03,7266.658,6892.834,0.366
mixed,64,32,0.5,4.0,2048,2048,1024,4096,2560,7663.937,8847.102,8056.515,0.3318
mixed,64,32,0.5,4.0,2048,2048,2048,8192,5120,9620.698,11982.384,10404.727,0.332
mixed,64,32,0.5,4.0,2048,2048,4096,16384,10240,13543.724,18243.801,15068.805,0.3245
mixed,64,32,0.5,4.0,2048,4096,128,512,320,9146.491,9298.586,9214.296,0.4458
mixed,64,32,0.5,4.0,2048,4096,256,1024,640,9399.964,9699.127,9520.25,0.4021
mixed,64,32,0.5,4.0,2048,4096,512,2048,1280,9892.757,10485.368,10094.902,0.3411
mixed,64,32,0.5,4.0,2048,4096,1024,4096,2560,10891.222,12051.538,11266.132,0.3231
mixed,64,32,0.5,4.0,2048,4096,2048,8192,5120,12831.755,15192.868,13594.665,0.3231
mixed,64,32,0.5,4.0,2048,4096,4096,16384,10240,16755.964,21465.997,18301.945,0.3282
mixed,64,32,0.5,4.0,2048,8192,128,512,320,15372.644,15514.945,15402.659,0.2109
mixed,64,32,0.5,4.0,2048,8192,256,1024,640,15588.447,15899.742,15704.296,0.3722
mixed,64,32,0.5,4.0,2048,8192,512,2048,1280,16098.943,16680.378,16296.924,0.3405
mixed,64,32,0.5,4.0,2048,8192,1024,4096,2560,17072.54,18258.011,17459.996,0.3268
mixed,64,32,0.5,4.0,2048,8192,2048,8192,5120,19037.559,21385.452,19797.745,0.3238
mixed,64,32,0.5,4.0,2048,8192,4096,16384,10240,22955.108,27657.689,24487.456,0.3259
pure,64,48,0.75,4.0,0,0,128,512,416,395.102,467.167,456.766,0.8557
pure,64,48,0.75,4.0,0,0,256,1024,832,713.632,859.484,847.26,0.9162
pure,64,48,0.75,4.0,0,0,512,2048,1664,1351.48,1642.361,1618.903,0.9194
pure,64,48,0.75,4.0,0,0,1024,4096,3328,2628.438,3214.867,3177.427,0.9362
pure,64,48,0.75,4.0,0,0,2048,8192,6656,5182.858,6354.375,6280.425,0.9369
pure,64,48,0.75,4.0,0,0,4096,16384,13312,10276.312,12623.825,12516.112,0.9541
mixed,64,48,0.75,4.0,16,0,128,512,416,423.327,497.021,484.895,0.8355
mixed,64,48,0.75,4.0,16,0,256,1024,832,742.236,889.596,874.654,0.8986
mixed,64,48,0.75,4.0,16,0,512,2048,1664,1380.088,1673.689,1649.049,0.9161
mixed,64,48,0.75,4.0,16,0,1024,4096,3328,2654.165,3244.882,3208.721,0.9388
mixed,64,48,0.75,4.0,16,0,2048,8192,6656,5207.533,6382.6,6319.335,0.9462
mixed,64,48,0.75,4.0,16,0,4096,16384,13312,10306.136,12657.136,12533.073,0.9472
mixed,64,48,0.75,4.0,16,512,128,512,416,462.782,535.486,528.735,0.9071
mixed,64,48,0.75,4.0,16,512,256,1024,832,786.303,932.859,916.475,0.8882
mixed,64,48,0.75,4.0,16,512,512,2048,1664,1421.626,1718.552,1696.09,0.9244
mixed,64,48,0.75,4.0,16,512,1024,4096,3328,2692.405,3283.859,3248.019,0.9394
mixed,64,48,0.75,4.0,16,512,2048,8192,6656,5240.428,6418.212,6363.237,0.9533
mixed,64,48,0.75,4.0,16,512,4096,16384,13312,10335.705,12681.902,12579.022,0.9562
mixed,64,48,0.75,4.0,16,1024,128,512,416,468.287,547.423,533.564,0.8249
mixed,64,48,0.75,4.0,16,1024,256,1024,832,788.412,936.796,921.564,0.8973
mixed,64,48,0.75,4.0,16,1024,512,2048,1664,1423.994,1722.457,1698.012,0.9181
mixed,64,48,0.75,4.0,16,1024,1024,4096,3328,2699.541,3286.291,3249.938,0.938
mixed,64,48,0.75,4.0,16,1024,2048,8192,6656,5263.949,6431.719,6368.231,0.9456
mixed,64,48,0.75,4.0,16,1024,4096,16384,13312,10340.12,12697.168,12610.033,0.963
mixed,64,48,0.75,4.0,16,2048,128,512,416,476.633,552.091,538.461,0.8194
mixed,64,48,0.75,4.0,16,2048,256,1024,832,795.13,943.064,928.41,0.9009
mixed,64,48,0.75,4.0,16,2048,512,2048,1664,1434.931,1727.763,1706.228,0.9265
mixed,64,48,0.75,4.0,16,2048,1024,4096,3328,2710.058,3296.458,3263.59,0.9439
mixed,64,48,0.75,4.0,16,2048,2048,8192,6656,5260.503,6432.972,6365.613,0.9425
mixed,64,48,0.75,4.0,16,2048,4096,16384,13312,10359.377,12696.987,12589.466,0.954
mixed,64,48,0.75,4.0,16,4096,128,512,416,514.618,588.413,574.171,0.807
mixed,64,48,0.75,4.0,16,4096,256,1024,832,834.902,982.905,966.071,0.8863
mixed,64,48,0.75,4.0,16,4096,512,2048,1664,1471.446,1762.93,1747.538,0.9472
mixed,64,48,0.75,4.0,16,4096,1024,4096,3328,2745.737,3336.006,3302.151,0.9426
mixed,64,48,0.75,4.0,16,4096,2048,8192,6656,5297.525,6473.644,6409.807,0.9457
mixed,64,48,0.75,4.0,16,4096,4096,16384,13312,10391.79,12738.428,12645.183,0.9603
mixed,64,48,0.75,4.0,16,8192,128,512,416,566.811,642.235,627.259,0.8014
mixed,64,48,0.75,4.0,16,8192,256,1024,832,889.049,1035.637,1017.976,0.8795
mixed,64,48,0.75,4.0,16,8192,512,2048,1664,1526.769,1821.683,1799.667,0.9253
mixed,64,48,0.75,4.0,16,8192,1024,4096,3328,2803.338,3391.013,3357.127,0.9423
mixed,64,48,0.75,4.0,16,8192,2048,8192,6656,5349.204,6526.991,6467.948,0.9499
mixed,64,48,0.75,4.0,16,8192,4096,16384,13312,10443.631,12802.587,12683.711,0.9496
mixed,64,48,0.75,4.0,32,0,128,512,416,461.15,534.364,523.292,0.8488
mixed,64,48,0.75,4.0,32,0,256,1024,832,780.09,926.292,913.175,0.9103
mixed,64,48,0.75,4.0,32,0,512,2048,1664,1417.427,1712.628,1685.396,0.9078
mixed,64,48,0.75,4.0,32,0,1024,4096,3328,2694.733,3287.75,3238.822,0.9175
mixed,64,48,0.75,4.0,32,0,2048,8192,6656,5241.334,6417.26,6359.825,0.9512
mixed,64,48,0.75,4.0,32,0,4096,16384,13312,10348.054,12692.608,12563.875,0.9451
mixed,64,48,0.75,4.0,32,512,128,512,416,500.762,579.739,565.179,0.8156
mixed,64,48,0.75,4.0,32,512,256,1024,832,824.246,969.913,955.896,0.9038
mixed,64,48,0.75,4.0,32,512,512,2048,1664,1460.246,1753.618,1732.15,0.9268
mixed,64,48,0.75,4.0,32,512,1024,4096,3328,2741.193,3319.142,3287.494,0.9452
mixed,64,48,0.75,4.0,32,512,2048,8192,6656,5287.289,6464.398,6386.192,0.9336
mixed,64,48,0.75,4.0,32,512,4096,16384,13312,10372.498,12735.677,12642.878,0.9607
mixed,64,48,0.75,4.0,32,1024,128,512,416,511.068,586.205,575.836,0.862
mixed,64,48,0.75,4.0,32,1024,256,1024,832,830.744,980.73,964.12,0.8893
mixed,64,48,0.75,4.0,32,1024,512,2048,1664,1471.253,1764.307,1739.38,0.9149
mixed,64,48,0.75,4.0,32,1024,1024,4096,3328,2744.044,3341.638,3294.923,0.9218
mixed,64,48,0.75,4.0,32,1024,2048,8192,6656,5299.64,6470.096,6419.118,0.9564
mixed,64,48,0.75,4.0,32,1024,4096,16384,13312,10394.547,12744.643,12641.507,0.9561
mixed,64,48,0.75,4.0,32,2048,128,512,416,526.012,603.228,587.388,0.7949
mixed,64,48,0.75,4.0,32,2048,256,1024,832,848.506,996.47,975.353,0.8573
mixed,64,48,0.75,4.0,32,2048,512,2048,1664,1484.534,1779.955,1756.692,0.9213
mixed,64,48,0.75,4.0,32,2048,1024,4096,3328,2760.364,3348.643,3315.558,0.9438
mixed,64,48,0.75,4.0,32,2048,2048,8192,6656,5309.625,6484.754,6414.895,0.9406
mixed,64,48,0.75,4.0,32,2048,4096,16384,13312,10407.729,12755.11,12665.89,0.962
mixed,64,48,0.75,4.0,32,4096,128,512,416,612.827,692.027,680.506,0.8545
mixed,64,48,0.75,4.0,32,4096,256,1024,832,932.153,1080.31,1069.142,0.9246
mixed,64,48,0.75,4.0,32,4096,512,2048,1664,1576.948,1866.705,1845.747,0.9277
mixed,64,48,0.75,4.0,32,4096,1024,4096,3328,2848.843,3435.43,3404.105,0.9466
mixed,64,48,0.75,4.0,32,4096,2048,8192,6656,5406.554,6575.858,6503.31,0.938
mixed,64,48,0.75,4.0,32,4096,4096,16384,13312,10505.81,12862.083,12748.448,0.9518
mixed,64,48,0.75,4.0,32,8192,128,512,416,725.083,802.554,786.331,0.7906
mixed,64,48,0.75,4.0,32,8192,256,1024,832,1042.84,1190.488,1176.248,0.9036
mixed,64,48,0.75,4.0,32,8192,512,2048,1664,1682.9,1974.385,1958.225,0.9446
mixed,64,48,0.75,4.0,32,8192,1024,4096,3328,2960.875,3543.43,3514.246,0.9499
mixed,64,48,0.75,4.0,32,8192,2048,8192,6656,5511.351,6683.407,6625.841,0.9509
mixed,64,48,0.75,4.0,32,8192,4096,16384,13312,10600.626,12957.218,12836.288,0.9487
mixed,64,48,0.75,4.0,64,0,128,512,416,463.452,539.004,528.86,0.8657
mixed,64,48,0.75,4.0,64,0,256,1024,832,782.011,929.016,911.257,0.8792
mixed,64,48,0.75,4.0,64,0,512,2048,1664,1422.902,1716.05,1693.012,0.9214
mixed,64,48,0.75,4.0,64,0,1024,4096,3328,2696.176,3281.831,3246.121,0.939
mixed,64,48,0.75,4.0,64,0,2048,8192,6656,5241.689,6426.802,6355.057,0.9395
mixed,64,48,0.75,4.0,64,0,4096,16384,13312,10356.085,12704.357,12575.202,0.945
mixed,64,48,0.75,4.0,64,512,128,512,416,521.66,593.788,581.499,0.8296
mixed,64,48,0.75,4.0,64,512,256,1024,832,837.978,988.57,973.945,0.9029
mixed,64,48,0.75,4.0,64,512,512,2048,1664,1479.348,1769.908,1749.393,0.9294
mixed,64,48,0.75,4.0,64,512,1024,4096,3328,2752.236,3343.431,3299.017,0.9249
mixed,64,48,0.75,4.0,64,512,2048,8192,6656,5299.546,6484.114,6408.686,0.9363
mixed,64,48,0.75,4.0,64,512,4096,16384,13312,10398.199,12747.653,12619.173,0.9453
mixed,64,48,0.75,4.0,64,1024,128,512,416,579.452,656.765,641.657,0.8046
mixed,64,48,0.75,4.0,64,1024,256,1024,832,900.188,1049.815,1031.065,0.8747
mixed,64,48,0.75,4.0,64,1024,512,2048,1664,1538.101,1830.163,1812.467,0.9394
mixed,64,48,0.75,4.0,64,1024,1024,4096,3328,2815.533,3401.286,3360.871,0.931
mixed,64,48,0.75,4.0,64,1024,2048,8192,6656,5364.953,6532.559,6472.495,0.9486
mixed,64,48,0.75,4.0,64,1024,4096,16384,13312,10466.901,12828.616,12719.081,0.9536
mixed,64,48,0.75,4.0,64,2048,128,512,416,618.041,691.387,679.036,0.8316
mixed,64,48,0.75,4.0,64,2048,256,1024,832,936.789,1082.776,1064.985,0.8781
mixed,64,48,0.75,4.0,64,2048,512,2048,1664,1572.82,1867.989,1844.593,0.9207
mixed,64,48,0.75,4.0,64,2048,1024,4096,3328,2857.065,3435.398,3398.598,0.9364
mixed,64,48,0.75,4.0,64,2048,2048,8192,6656,5401.145,6578.673,6508.85,0.9407
mixed,64,48,0.75,4.0,64,2048,4096,16384,13312,10489.784,12849.797,12727.879,0.9483
mixed,64,48,0.75,4.0,64,4096,128,512,416,717.052,791.995,780.252,0.8433
mixed,64,48,0.75,4.0,64,4096,256,1024,832,1037.081,1184.889,1167.895,0.885
mixed,64,48,0.75,4.0,64,4096,512,2048,1664,1676.917,1971.348,1949.042,0.9242
mixed,64,48,0.75,4.0,64,4096,1024,4096,3328,2953.641,3535.815,3505.413,0.9478
mixed,64,48,0.75,4.0,64,4096,2048,8192,6656,5502.394,6674.672,6619.572,0.953
mixed,64,48,0.75,4.0,64,4096,4096,16384,13312,10604.728,12959.973,12846.34,0.9518
mixed,64,48,0.75,4.0,64,8192,128,512,416,920.281,999.385,987.098,0.8447
mixed,64,48,0.75,4.0,64,8192,256,1024,832,1244.119,1388.473,1371.604,0.8831
mixed,64,48,0.75,4.0,64,8192,512,2048,1664,1884.179,2175.693,2151.282,0.9163
mixed,64,48,0.75,4.0,64,8192,1024,4096,3328,3162.377,3747.301,3703.044,0.9243
mixed,64,48,0.75,4.0,64,8192,2048,8192,6656,5701.559,6877.043,6805.808,0.9394
mixed,64,48,0.75,4.0,64,8192,4096,16384,13312,10815.381,13153.67,13048.613,0.9551
mixed,64,48,0.75,4.0,128,0,128,512,416,487.548,565.532,549.597,0.7957
mixed,64,48,0.75,4.0,128,0,256,1024,832,806.618,953.401,938.65,0.8995
mixed,64,48,0.75,4.0,128,0,512,2048,1664,1445.655,1740.594,1715.954,0.9165
mixed,64,48,0.75,4.0,128,0,1024,4096,3328,2723.342,3303.434,3271.912,0.9457
mixed,64,48,0.75,4.0,128,0,2048,8192,6656,5266.908,6444.499,6381.777,0.9467
mixed,64,48,0.75,4.0,128,0,4096,16384,13312,10363.483,12722.474,12603.881,0.9497
mixed,64,48,0.75,4.0,128,512,128,512,416,618.939,692.826,682.46,0.8597
mixed,64,48,0.75,4.0,128,512,256,1024,832,938.906,1090.038,1073.463,0.8903
mixed,64,48,0.75,4.0,128,512,512,2048,1664,1578.516,1874.962,1845.845,0.9018
mixed,64,48,0.75,4.0,128,512,1024,4096,3328,2853.707,3440.23,3407.914,0.9449
mixed,64,48,0.75,4.0,128,512,2048,8192,6656,5402.012,6578.323,6518.1,0.9488
mixed,64,48,0.75,4.0,128,512,4096,16384,13312,10505.143,12849.704,12731.401,0.9495
mixed,64,48,0.75,4.0,128,1024,128,512,416,684.858,761.531,748.026,0.8239
mixed,64,48,0.75,4.0,128,1024,256,1024,832,1007.191,1153.558,1140.024,0.9075
mixed,64,48,0.75,4.0,128,1024,512,2048,1664,1645.589,1936.693,1914.419,0.9235
mixed,64,48,0.75,4.0,128,1024,1024,4096,3328,2918.316,3507.945,3467.689,0.9317
mixed,64,48,0.75,4.0,128,1024,2048,8192,6656,5467.77,6643.189,6585.876,0.9512
mixed,64,48,0.75,4.0,128,1024,4096,16384,13312,10573.308,12909.802,12810.345,0.9574
mixed,64,48,0.75,4.0,128,2048,128,512,416,785.916,861.147,850.427,0.8575
mixed,64,48,0.75,4.0,128,2048,256,1024,832,1104.153,1255.031,1239.447,0.8967
mixed,64,48,0.75,4.0,128,2048,512,2048,1664,1743.349,2037.745,2013.843,0.9188
mixed,64,48,0.75,4.0,128,2048,1024,4096,3328,3029.068,3604.455,3576.264,0.951
mixed,64,48,0.75,4.0,128,2048,2048,8192,6656,5566.329,6752.625,6669.652,0.9301
mixed,64,48,0.75,4.0,128,2048,4096,16384,13312,10669.017,13016.462,12906.282,0.9531
mixed,64,48,0.75,4.0,128,4096,128,512,416,984.954,1060.346,1048.601,0.8442
mixed,64,48,0.75,4.0,128,4096,256,1024,832,1306.838,1452.566,1438.005,0.9001
mixed,64,48,0.75,4.0,128,4096,512,2048,1664,1946.482,2238.672,2215.539,0.9208
mixed,64,48,0.75,4.0,128,4096,1024,4096,3328,3218.858,3807.143,3780.103,0.954
mixed,64,48,0.75,4.0,128,4096,2048,8192,6656,5769.148,6945.106,6883.023,0.9472
mixed,64,48,0.75,4.0,128,4096,4096,16384,13312,10869.213,13219.02,13102.474,0.9504
mixed,64,48,0.75,4.0,128,8192,128,512,416,1381.59,1458.71,1444.789,0.8195
mixed,64,48,0.75,4.0,128,8192,256,1024,832,1702.58,1849.619,1832.885,0.8862
mixed,64,48,0.75,4.0,128,8192,512,2048,1664,2342.927,2638.221,2610.252,0.9053
mixed,64,48,0.75,4.0,128,8192,1024,4096,3328,3617.993,4206.371,4168.292,0.9353
mixed,64,48,0.75,4.0,128,8192,2048,8192,6656,6161.783,7344.655,7269.936,0.9368
mixed,64,48,0.75,4.0,128,8192,4096,16384,13312,11263.991,13614.697,13502.732,0.9524
mixed,64,48,0.75,4.0,256,0,128,512,416,607.835,684.571,669.052,0.7978
mixed,64,48,0.75,4.0,256,0,256,1024,832,928.567,1077.015,1060.376,0.8879
mixed,64,48,0.75,4.0,256,0,512,2048,1664,1563.861,1860.883,1840.594,0.9317
mixed,64,48,0.75,4.0,256,0,1024,4096,3328,2843.438,3426.122,3404.105,0.9622
mixed,64,48,0.75,4.0,256,0,2048,8192,6656,5390.015,6568.981,6499.987,0.9415
mixed,64,48,0.75,4.0,256,0,4096,16384,13312,10491.484,12831.885,12725.931,0.9547
mixed,64,48,0.75,4.0,256,512,128,512,416,739.226,815.418,799.995,0.7976
mixed,64,48,0.75,4.0,256,512,256,1024,832,1057.914,1208.056,1191.481,0.8896
mixed,64,48,0.75,4.0,256,512,512,2048,1664,1699.764,1993.298,1968.084,0.9141
mixed,64,48,0.75,4.0,256,512,1024,4096,3328,2973.388,3559.112,3533.386,0.9561
mixed,64,48,0.75,4.0,256,512,2048,8192,6656,5522.588,6693.428,6632.179,0.9477
mixed,64,48,0.75,4.0,256,512,4096,16384,13312,10619.966,12978.124,12848.845,0.9452
mixed,64,48,0.75,4.0,256,1024,128,512,416,835.576,912.248,901.211,0.856
mixed,64,48,0.75,4.0,256,1024,256,1024,832,1157.784,1302.678,1289.08,0.9062
mixed,64,48,0.75,4.0,256,1024,512,2048,1664,1797.652,2090.067,2068.373,0.9258
mixed,64,48,0.75,4.0,256,1024,1024,4096,3328,3068.62,3658.79,3620.457,0.935
mixed,64,48,0.75,4.0,256,1024,2048,8192,6656,5623.291,6788.308,6735.351,0.9545
mixed,64,48,0.75,4.0,256,1024,4096,16384,13312,10718.716,13081.322,12954.38,0.9463
mixed,64,48,0.75,4.0,256,2048,128,512,416,1030.65,1109.337,1095.065,0.8186
mixed,64,48,0.75,4.0,256,2048,256,1024,832,1354.426,1501.366,1484.469,0.885
mixed,64,48,0.75,4.0,256,2048,512,2048,1664,1996.21,2286.641,2260.271,0.9092
mixed,64,48,0.75,4.0,256,2048,1024,4096,3328,3270.636,3857.063,3814.631,0.9276
mixed,64,48,0.75,4.0,256,2048,2048,8192,6656,5816.349,7001.172,6927.029,0.9374
mixed,64,48,0.75,4.0,256,2048,4096,16384,13312,10915.93,13259.468,13134.382,0.9466
mixed,64,48,0.75,4.0,256,4096,128,512,416,1429.815,1508.661,1495.638,0.8348
mixed,64,48,0.75,4.0,256,4096,256,1024,832,1750.198,1900.405,1884.436,0.8937
mixed,64,48,0.75,4.0,256,4096,512,2048,1664,2387.246,2687.696,2666.416,0.9292
mixed,64,48,0.75,4.0,256,4096,1024,4096,3328,3672.072,4255.748,4216.677,0.9331
mixed,64,48,0.75,4.0,256,4096,2048,8192,6656,6215.863,7390.802,7324.947,0.944
mixed,64,48,0.75,4.0,256,4096,4096,16384,13312,11321.467,13656.205,13566.827,0.9617
mixed,64,48,0.75,4.0,256,8192,128,512,416,2218.612,2294.257,2286.898,0.9027
mixed,64,48,0.75,4.0,256,8192,256,1024,832,2536.749,2689.296,2672.111,0.8873
mixed,64,48,0.75,4.0,256,8192,512,2048,1664,3180.556,3471.21,3445.675,0.9121
mixed,64,48,0.75,4.0,256,8192,1024,4096,3328,4458.113,5043.104,4999.937,0.9262
mixed,64,48,0.75,4.0,256,8192,2048,8192,6656,7004.148,8184.046,8121.101,0.9467
mixed,64,48,0.75,4.0,256,8192,4096,16384,13312,12093.653,14452.167,14336.166,0.9508
mixed,64,48,0.75,4.0,512,0,128,512,416,876.668,954.778,942.426,0.8419
mixed,64,48,0.75,4.0,512,0,256,1024,832,1196.663,1344.535,1329.56,0.8987
mixed,64,48,0.75,4.0,512,0,512,2048,1664,1835.156,2134.706,2107.156,0.908
mixed,64,48,0.75,4.0,512,0,1024,4096,3328,3113.583,3703.688,3659.272,0.9247
mixed,64,48,0.75,4.0,512,0,2048,8192,6656,5658.875,6842.677,6769.077,0.9378
mixed,64,48,0.75,4.0,512,0,4096,16384,13312,10754.91,13101.999,13005.329,0.9588
mixed,64,48,0.75,4.0,512,512,128,512,416,1097.976,1174.582,1156.345,0.7619
mixed,64,48,0.75,4.0,512,512,256,1024,832,1416.024,1562.871,1551.638,0.9235
mixed,64,48,0.75,4.0,512,512,512,2048,1664,2056.627,2351.441,2326.386,0.915
mixed,64,48,0.75,4.0,512,512,1024,4096,3328,3329.805,3916.55,3879.433,0.9367
mixed,64,48,0.75,4.0,512,512,2048,8192,6656,5883.355,7049.811,6982.929,0.9427
mixed,64,48,0.75,4.0,512,512,4096,16384,13312,10968.796,13333.908,13200.208,0.9435
mixed,64,48,0.75,4.0,512,1024,128,512,416,1293.944,1370.838,1360.054,0.8598
mixed,64,48,0.75,4.0,512,1024,256,1024,832,1611.735,1761.491,1747.733,0.9081
mixed,64,48,0.75,4.0,512,1024,512,2048,1664,2259.183,2550.991,2521.133,0.8977
mixed,64,48,0.75,4.0,512,1024,1024,4096,3328,3528.937,4117.094,4074.502,0.9276
mixed,64,48,0.75,4.0,512,1024,2048,8192,6656,6081.883,7255.347,7196.66,0.95
mixed,64,48,0.75,4.0,512,1024,4096,16384,13312,11167.738,13525.489,13414.733,0.953
mixed,64,48,0.75,4.0,512,2048,128,512,416,1686.805,1764.276,1751.219,0.8315
mixed,64,48,0.75,4.0,512,2048,256,1024,832,2005.78,2153.813,2140.211,0.9081
mixed,64,48,0.75,4.0,512,2048,512,2048,1664,2645.872,2949.003,2917.772,0.897
mixed,64,48,0.75,4.0,512,2048,1024,4096,3328,3919.146,4513.475,4469.316,0.9257
mixed,64,48,0.75,4.0,512,2048,2048,8192,6656,6466.392,7656.371,7584.272,0.9394
mixed,64,48,0.75,4.0,512,2048,4096,16384,13312,11566.396,13918.924,13791.342,0.9458
mixed,64,48,0.75,4.0,512,4096,128,512,416,2467.409,2544.946,2532.624,0.8411
mixed,64,48,0.75,4.0,512,4096,256,1024,832,2791.568,2939.79,2924.14,0.8944
mixed,64,48,0.75,4.0,512,4096,512,2048,1664,3434.252,3728.074,3699.721,0.9035
mixed,64,48,0.75,4.0,512,4096,1024,4096,3328,4702.371,5292.509,5253.953,0.9347
mixed,64,48,0.75,4.0,512,4096,2048,8192,6656,7255.349,8431.949,8372.141,0.9492
mixed,64,48,0.75,4.0,512,4096,4096,16384,13312,12355.255,14692.043,14595.59,0.9587
mixed,64,48,0.75,4.0,512,8192,128,512,416,4039.304,4114.661,4101.959,0.8314
mixed,64,48,0.75,4.0,512,8192,256,1024,832,4360.87,4507.462,4493.253,0.9031
mixed,64,48,0.75,4.0,512,8192,512,2048,1664,5002.338,5290.369,5269.315,0.9269
mixed,64,48,0.75,4.0,512,8192,1024,4096,3328,6273.017,6860.665,6826.744,0.9423
mixed,64,48,0.75,4.0,512,8192,2048,8192,6656,8818.829,10001.127,9926.693,0.937
mixed,64,48,0.75,4.0,512,8192,4096,16384,13312,13930.161,16286.656,16132.386,0.9345
mixed,64,48,0.75,4.0,1024,0,128,512,416,1209.689,1284.985,1269.88,0.7994
mixed,64,48,0.75,4.0,1024,0,256,1024,832,1528.663,1681.43,1662.484,0.876
mixed,64,48,0.75,4.0,1024,0,512,2048,1664,2167.185,2464.593,2438.641,0.9127
mixed,64,48,0.75,4.0,1024,0,1024,4096,3328,3442.346,4034.085,3994.185,0.9326
mixed,64,48,0.75,4.0,1024,0,2048,8192,6656,5998.365,7167.895,7107.767,0.9486
mixed,64,48,0.75,4.0,1024,0,4096,16384,13312,11086.496,13448.304,13331.895,0.9507
mixed,64,48,0.75,4.0,1024,512,128,512,416,1679.03,1756.021,1742.326,0.8221
mixed,64,48,0.75,4.0,1024,512,256,1024,832,1997.045,2147.25,2130.611,0.8892
mixed,64,48,0.75,4.0,1024,512,512,2048,1664,2638.322,2930.03,2908.719,0.9269
mixed,64,48,0.75,4.0,1024,512,1024,4096,3328,3918.92,4502.597,4468.421,0.9414
mixed,64,48,0.75,4.0,1024,512,2048,8192,6656,6464.314,7639.443,7586.61,0.955
mixed,64,48,0.75,4.0,1024,512,4096,16384,13312,11556.444,13910.927,13795.15,0.9508
mixed,64,48,0.75,4.0,1024,1024,128,512,416,2071.508,2148.02,2131.123,0.7792
mixed,64,48,0.75,4.0,1024,1024,256,1024,832,2393.298,2538.961,2521.871,0.8827
mixed,64,48,0.75,4.0,1024,1024,512,2048,1664,3031.117,3324.3,3299.726,0.9162
mixed,64,48,0.75,4.0,1024,1024,1024,4096,3328,4299.624,4889.637,4849.413,0.9318
mixed,64,48,0.75,4.0,1024,1024,2048,8192,6656,6850.52,8028.688,7971.859,0.9518
mixed,64,48,0.75,4.0,1024,1024,4096,16384,13312,11945.305,14299.023,14194.22,0.9555
mixed,64,48,0.75,4.0,1024,2048,128,512,416,2849.2,2927.343,2915.438,0.8477
mixed,64,48,0.75,4.0,1024,2048,256,1024,832,3175.629,3319.596,3305.006,0.8987
mixed,64,48,0.75,4.0,1024,2048,512,2048,1664,3806.344,4104.264,4082.087,0.9256
mixed,64,48,0.75,4.0,1024,2048,1024,4096,3328,5084.897,5677.662,5639.614,0.9358
mixed,64,48,0.75,4.0,1024,2048,2048,8192,6656,7635.83,8812.976,8741.997,0.9397
mixed,64,48,0.75,4.0,1024,2048,4096,16384,13312,12734.265,15081.738,14983.016,0.9579
mixed,64,48,0.75,4.0,1024,4096,128,512,416,4413.221,4489.063,4473.987,0.8012
mixed,64,48,0.75,4.0,1024,4096,256,1024,832,4734.436,4878.436,4866.116,0.9144
mixed,64,48,0.75,4.0,1024,4096,512,2048,1664,5372.9,5660.604,5644.705,0.9447
mixed,64,48,0.75,4.0,1024,4096,1024,4096,3328,6645.754,7231.642,7199.445,0.945
mixed,64,48,0.75,4.0,1024,4096,2048,8192,6656,9198.762,10371.395,10320.417,0.9565
mixed,64,48,0.75,4.0,1024,4096,4096,16384,13312,14313.167,16655.203,16547.266,0.9539
mixed,64,48,0.75,4.0,1024,8192,128,512,416,7538.836,7609.299,7593.654,0.778
mixed,64,48,0.75,4.0,1024,8192,256,1024,832,7855.058,7998.164,7985.46,0.9112
mixed,64,48,0.75,4.0,1024,8192,512,2048,1664,8487.758,8784.012,8765.903,0.9389
mixed,64,48,0.75,4.0,1024,8192,1024,4096,3328,9776.105,10348.198,10324.803,0.9591
mixed,64,48,0.75,4.0,1024,8192,2048,8192,6656,12325.368,13490.708,13438.612,0.9553
mixed,64,48,0.75,4.0,1024,8192,4096,16384,13312,17416.99,19783.121,19640.848,0.9399
mixed,64,48,0.75,4.0,2048,0,128,512,416,2678.353,2752.915,2743.343,0.8716
mixed,64,48,0.75,4.0,2048,0,256,1024,832,2993.104,3142.925,3133.583,0.9376
mixed,64,48,0.75,4.0,2048,0,512,2048,1664,3638.347,3928.842,3905.034,0.918
mixed,64,48,0.75,4.0,2048,0,1024,4096,3328,4913.83,5500.736,5464.0,0.9374
mixed,64,48,0.75,4.0,2048,0,2048,8192,6656,7466.385,8633.515,8573.262,0.9484
mixed,64,48,0.75,4.0,2048,0,4096,16384,13312,12551.355,14906.638,14807.95,0.9581
mixed,64,48,0.75,4.0,2048,512,128,512,416,3529.195,3603.567,3596.427,0.904
mixed,64,48,0.75,4.0,2048,512,256,1024,832,3849.356,4000.81,3981.322,0.8713
mixed,64,48,0.75,4.0,2048,512,512,2048,1664,4493.509,4784.549,4761.411,0.9205
mixed,64,48,0.75,4.0,2048,512,1024,4096,3328,5764.639,6354.14,6316.253,0.9357
mixed,64,48,0.75,4.0,2048,512,2048,8192,6656,8313.425,9483.306,9420.522,0.9463
mixed,64,48,0.75,4.0,2048,512,4096,16384,13312,13407.413,15756.554,15644.169,0.9522
mixed,64,48,0.75,4.0,2048,1024,128,512,416,4363.978,4442.504,4432.294,0.87
mixed,64,48,0.75,4.0,2048,1024,256,1024,832,4681.475,4837.219,4825.255,0.9232
mixed,64,48,0.75,4.0,2048,1024,512,2048,1664,5317.923,5620.576,5599.648,0.9309
mixed,64,48,0.75,4.0,2048,1024,1024,4096,3328,6601.403,7189.431,7141.238,0.918
mixed,64,48,0.75,4.0,2048,1024,2048,8192,6656,9157.069,10332.359,10263.875,0.9417
mixed,64,48,0.75,4.0,2048,1024,4096,16384,13312,14263.278,16583.717,16493.508,0.9611
mixed,64,48,0.75,4.0,2048,2048,128,512,416,6011.679,6089.339,6081.758,0.9024
mixed,64,48,0.75,4.0,2048,2048,256,1024,832,6333.406,6484.763,6467.769,0.8877
mixed,64,48,0.75,4.0,2048,2048,512,2048,1664,6970.617,7265.524,7248.279,0.9415
mixed,64,48,0.75,4.0,2048,2048,1024,4096,3328,8246.352,8836.144,8798.415,0.936
mixed,64,48,0.75,4.0,2048,2048,2048,8192,6656,10799.364,11984.194,11914.078,0.9408
mixed,64,48,0.75,4.0,2048,2048,4096,16384,13312,15890.759,18250.813,18145.213,0.9553
mixed,64,48,0.75,4.0,2048,4096,128,512,416,9227.082,9301.452,9294.061,0.9006
mixed,64,48,0.75,4.0,2048,4096,256,1024,832,9547.052,9705.607,9676.329,0.8153
mixed,64,48,0.75,4.0,2048,4096,512,2048,1664,10185.349,10476.933,10450.372,0.9089
mixed,64,48,0.75,4.0,2048,4096,1024,4096,3328,11466.558,12050.398,12004.569,0.9215
mixed,64,48,0.75,4.0,2048,4096,2048,8192,6656,14018.58,15188.62,15109.231,0.9321
mixed,64,48,0.75,4.0,2048,4096,4096,16384,13312,19102.043,21460.205,21335.149,0.947
mixed,64,48,0.75,4.0,2048,8192,128,512,416,15425.03,15524.363,15497.706,0.7316
mixed,64,48,0.75,4.0,2048,8192,256,1024,832,15728.075,15910.123,15867.88,0.768
mixed,64,48,0.75,4.0,2048,8192,512,2048,1664,16376.454,16667.94,16659.457,0.9709
mixed,64,48,0.75,4.0,2048,8192,1024,4096,3328,17651.453,18236.826,18208.284,0.9512
mixed,64,48,0.75,4.0,2048,8192,2048,8192,6656,20220.431,21377.194,21325.322,0.9552
mixed,64,48,0.75,4.0,2048,8192,4096,16384,13312,25323.514,25916.82,25716.98,0.6632
pure,64,58,0.9062,4.0,0,0,128,512,476,422.91,468.893,464.317,0.9005
pure,64,58,0.9062,4.0,0,0,256,1024,952,791.547,860.282,854.523,0.9162
pure,64,58,0.9062,4.0,0,0,512,2048,1904,1525.208,1644.954,1637.686,0.9393
pure,64,58,0.9062,4.0,0,0,1024,4096,3808,2997.615,3214.414,3197.806,0.9234
pure,64,58,0.9062,4.0,0,0,2048,8192,7616,5913.633,6353.474,6320.443,0.9249
pure,64,58,0.9062,4.0,0,0,4096,16384,15232,11743.937,12620.252,12611.262,0.9897
mixed,64,58,0.9062,4.0,16,0,128,512,476,450.302,497.983,491.516,0.8644
mixed,64,58,0.9062,4.0,16,0,256,1024,952,818.268,887.355,881.69,0.918
mixed,64,58,0.9062,4.0,16,0,512,2048,1904,1554.489,1670.966,1664.409,0.9437
mixed,64,58,0.9062,4.0,16,0,1024,4096,3808,3023.665,3244.814,3227.568,0.922
mixed,64,58,0.9062,4.0,16,0,2048,8192,7616,5945.757,6382.239,6354.622,0.9367
mixed,64,58,0.9062,4.0,16,0,4096,16384,15232,11761.568,12668.345,12598.652,0.9231
mixed,64,58,0.9062,4.0,16,512,128,512,476,491.227,536.252,531.547,0.8955
mixed,64,58,0.9062,4.0,16,512,256,1024,952,859.002,931.48,921.309,0.8597
mixed,64,58,0.9062,4.0,16,512,512,2048,1904,1593.846,1714.391,1706.23,0.9323
mixed,64,58,0.9062,4.0,16,512,1024,4096,3808,3063.951,3282.157,3267.181,0.9314
mixed,64,58,0.9062,4.0,16,512,2048,8192,7616,5981.727,6420.382,6390.843,0.9327
mixed,64,58,0.9062,4.0,16,512,4096,16384,15232,11809.599,12681.535,12644.858,0.9579
mixed,64,58,0.9062,4.0,16,1024,128,512,476,497.884,542.558,537.052,0.8768
mixed,64,58,0.9062,4.0,16,1024,256,1024,952,864.41,935.771,930.46,0.9256
mixed,64,58,0.9062,4.0,16,1024,512,2048,1904,1603.384,1718.453,1712.502,0.9483
mixed,64,58,0.9062,4.0,16,1024,1024,4096,3808,3071.021,3292.112,3274.477,0.9202
mixed,64,58,0.9062,4.0,16,1024,2048,8192,7616,5984.702,6428.48,6401.05,0.9382
mixed,64,58,0.9062,4.0,16,1024,4096,16384,15232,11808.225,12695.836,12649.306,0.9476
mixed,64,58,0.9062,4.0,16,2048,128,512,476,506.109,551.612,547.321,0.9057
mixed,64,58,0.9062,4.0,16,2048,256,1024,952,872.253,943.511,939.227,0.9399
mixed,64,58,0.9062,4.0,16,2048,512,2048,1904,1606.326,1730.645,1716.92,0.8896
mixed,64,58,0.9062,4.0,16,2048,1024,4096,3808,3077.296,3291.695,3277.904,0.9357
mixed,64,58,0.9062,4.0,16,2048,2048,8192,7616,5996.098,6441.276,6408.156,0.9256
mixed,64,58,0.9062,4.0,16,2048,4096,16384,15232,11815.455,12695.258,12656.733,0.9562
mixed,64,58,0.9062,4.0,16,4096,128,512,476,541.854,590.236,585.983,0.9121
mixed,64,58,0.9062,4.0,16,4096,256,1024,952,911.674,980.06,975.834,0.9382
mixed,64,58,0.9062,4.0,16,4096,512,2048,1904,1649.816,1766.136,1760.631,0.9527
mixed,64,58,0.9062,4.0,16,4096,1024,4096,3808,3113.583,3335.727,3317.551,0.9182
mixed,64,58,0.9062,4.0,16,4096,2048,8192,7616,6030.592,6465.469,6443.742,0.95
mixed,64,58,0.9062,4.0,16,4096,4096,16384,15232,11855.905,12738.622,12697.887,0.9539
mixed,64,58,0.9062,4.0,16,8192,128,512,476,596.508,643.292,638.717,0.9022
mixed,64,58,0.9062,4.0,16,8192,256,1024,952,961.148,1038.776,1027.483,0.8545
mixed,64,58,0.9062,4.0,16,8192,512,2048,1904,1699.447,1818.902,1810.807,0.9322
mixed,64,58,0.9062,4.0,16,8192,1024,4096,3808,3170.989,3390.544,3375.118,0.9297
mixed,64,58,0.9062,4.0,16,8192,2048,8192,7616,6087.869,6520.189,6502.462,0.959
mixed,64,58,0.9062,4.0,16,8192,4096,16384,15232,11926.879,12783.071,12755.548,0.9679
mixed,64,58,0.9062,4.0,32,0,128,512,476,489.661,537.309,529.116,0.8281
mixed,64,58,0.9062,4.0,32,0,256,1024,952,859.069,928.605,919.26,0.8656
mixed,64,58,0.9062,4.0,32,0,512,2048,1904,1586.775,1713.879,1701.398,0.9018
mixed,64,58,0.9062,4.0,32,0,1024,4096,3808,3057.167,3289.2,3266.862,0.9037
mixed,64,58,0.9062,4.0,32,0,2048,8192,7616,5975.617,6418.012,6392.159,0.9416
mixed,64,58,0.9062,4.0,32,0,4096,16384,15232,11824.129,12682.815,12646.109,0.9573
mixed,64,58,0.9062,4.0,32,512,128,512,476,532.316,579.004,574.235,0.8979
mixed,64,58,0.9062,4.0,32,512,256,1024,952,901.208,969.308,962.973,0.907
mixed,64,58,0.9062,4.0,32,512,512,2048,1904,1634.712,1752.504,1746.356,0.9478
mixed,64,58,0.9062,4.0,32,512,1024,4096,3808,3107.119,3323.247,3309.391,0.9359
mixed,64,58,0.9062,4.0,32,512,2048,8192,7616,6020.608,6462.524,6431.005,0.9287
mixed,64,58,0.9062,4.0,32,512,4096,16384,15232,11854.182,12730.301,12681.981,0.9448
mixed,64,58,0.9062,4.0,32,1024,128,512,476,541.951,587.52,577.948,0.7899
mixed,64,58,0.9062,4.0,32,1024,256,1024,952,908.413,977.656,973.275,0.9367
mixed,64,58,0.9062,4.0,32,1024,512,2048,1904,1641.623,1765.207,1752.853,0.9
mixed,64,58,0.9062,4.0,32,1024,1024,4096,3808,3114.511,3333.648,3317.649,0.927
mixed,64,58,0.9062,4.0,32,1024,2048,8192,7616,6032.001,6463.294,6443.454,0.954
mixed,64,58,0.9062,4.0,32,1024,4096,16384,15232,11862.564,12748.061,12698.94,0.9445
mixed,64,58,0.9062,4.0,32,2048,128,512,476,555.004,600.478,595.581,0.8923
mixed,64,58,0.9062,4.0,32,2048,256,1024,952,922.523,996.984,988.665,0.8883
mixed,64,58,0.9062,4.0,32,2048,512,2048,1904,1656.952,1782.326,1770.806,0.9081
mixed,64,58,0.9062,4.0,32,2048,1024,4096,3808,3127.117,3344.845,3331.31,0.9378
mixed,64,58,0.9062,4.0,32,2048,2048,8192,7616,6039.806,6476.286,6468.768,0.9828
mixed,64,58,0.9062,4.0,32,2048,4096,16384,15232,11876.194,12755.902,12708.704,0.9463
mixed,64,58,0.9062,4.0,32,4096,128,512,476,642.107,693.787,686.237,0.8539
mixed,64,58,0.9062,4.0,32,4096,256,1024,952,1008.922,1081.465,1073.722,0.8933
mixed,64,58,0.9062,4.0,32,4096,512,2048,1904,1748.15,1866.167,1857.751,0.9287
mixed,64,58,0.9062,4.0,32,4096,1024,4096,3808,3213.805,3435.309,3421.71,0.9386
mixed,64,58,0.9062,4.0,32,4096,2048,8192,7616,6134.142,6578.749,6548.801,0.9326
mixed,64,58,0.9062,4.0,32,4096,4096,16384,15232,11973.89,12839.423,12802.589,0.9574
mixed,64,58,0.9062,4.0,32,8192,128,512,476,752.475,799.452,798.876,0.9877
mixed,64,58,0.9062,4.0,32,8192,256,1024,952,1122.778,1194.842,1183.994,0.8495
mixed,64,58,0.9062,4.0,32,8192,512,2048,1904,1864.085,1979.414,1971.22,0.929
mixed,64,58,0.9062,4.0,32,8192,1024,4096,3808,3327.47,3550.638,3530.319,0.909
mixed,64,58,0.9062,4.0,32,8192,2048,8192,7616,6236.575,6682.268,6656.543,0.9423
mixed,64,58,0.9062,4.0,32,8192,4096,16384,15232,12073.409,12957.946,12914.364,0.9507
mixed,64,58,0.9062,4.0,64,0,128,512,476,490.334,539.485,535.613,0.9212
mixed,64,58,0.9062,4.0,64,0,256,1024,952,860.443,930.62,926.587,0.9425
mixed,64,58,0.9062,4.0,64,0,512,2048,1904,1591.704,1723.514,1704.247,0.8538
mixed,64,58,0.9062,4.0,64,0,1024,4096,3808,3062.098,3288.621,3270.959,0.922
mixed,64,58,0.9062,4.0,64,0,2048,8192,7616,5985.729,6422.111,6398.91,0.9468
mixed,64,58,0.9062,4.0,64,0,4096,16384,15232,11823.362,12695.198,12649.406,0.9475
mixed,64,58,0.9062,4.0,64,512,128,512,476,550.048,594.522,587.166,0.8346
mixed,64,58,0.9062,4.0,64,512,256,1024,952,914.456,987.034,979.706,0.899
mixed,64,58,0.9062,4.0,64,512,512,2048,1904,1651.028,1771.19,1759.926,0.9063
mixed,64,58,0.9062,4.0,64,512,1024,4096,3808,3124.752,3339.406,3323.055,0.9238
mixed,64,58,0.9062,4.0,64,512,2048,8192,7616,6041.696,6474.558,6450.464,0.9443
mixed,64,58,0.9062,4.0,64,512,4096,16384,15232,11874.213,12753.187,12696.638,0.9357
mixed,64,58,0.9062,4.0,64,1024,128,512,476,606.427,653.948,648.892,0.8936
mixed,64,58,0.9062,4.0,64,1024,256,1024,952,972.795,1045.179,1040.666,0.9377
mixed,64,58,0.9062,4.0,64,1024,512,2048,1904,1710.839,1832.726,1822.714,0.9179
mixed,64,58,0.9062,4.0,64,1024,1024,4096,3808,3181.39,3406.127,3385.871,0.9099
mixed,64,58,0.9062,4.0,64,1024,2048,8192,7616,6102.718,6545.024,6507.901,0.9161
mixed,64,58,0.9062,4.0,64,1024,4096,16384,15232,11921.83,12816.221,12769.377,0.9476
mixed,64,58,0.9062,4.0,64,2048,128,512,476,645.757,692.829,686.717,0.8702
mixed,64,58,0.9062,4.0,64,2048,256,1024,952,1014.714,1084.409,1076.538,0.8871
mixed,64,58,0.9062,4.0,64,2048,512,2048,1904,1749.014,1869.303,1860.694,0.9284
mixed,64,58,0.9062,4.0,64,2048,1024,4096,3808,3217.005,3436.684,3420.207,0.925
mixed,64,58,0.9062,4.0,64,2048,2048,8192,7616,6137.055,6575.903,6557.405,0.9578
mixed,64,58,0.9062,4.0,64,2048,4096,16384,15232,11972.003,12846.494,12810.656,0.959
mixed,64,58,0.9062,4.0,64,4096,128,512,476,742.842,793.531,791.643,0.9628
mixed,64,58,0.9062,4.0,64,4096,256,1024,952,1113.082,1185.724,1178.809,0.9048
mixed,64,58,0.9062,4.0,64,4096,512,2048,1904,1847.158,1970.391,1960.088,0.9164
mixed,64,58,0.9062,4.0,64,4096,1024,4096,3808,3322.929,3541.647,3526.637,0.9314
mixed,64,58,0.9062,4.0,64,4096,2048,8192,7616,6233.661,6676.448,6651.324,0.9433
mixed,64,58,0.9062,4.0,64,4096,4096,16384,15232,12064.834,12954.494,12903.103,0.9422
mixed,64,58,0.9062,4.0,64,8192,128,512,476,950.617,996.828,991.962,0.8947
mixed,64,58,0.9062,4.0,64,8192,256,1024,952,1317.882,1390.393,1381.592,0.8786
mixed,64,58,0.9062,4.0,64,8192,512,2048,1904,2051.606,2171.828,2160.306,0.9042
mixed,64,58,0.9062,4.0,64,8192,1024,4096,3808,3527.438,3744.303,3725.259,0.9122
mixed,64,58,0.9062,4.0,64,8192,2048,8192,7616,6438.942,6883.935,6858.273,0.9423
mixed,64,58,0.9062,4.0,64,8192,4096,16384,15232,12282.467,13159.71,13103.52,0.9359
mixed,64,58,0.9062,4.0,128,0,128,512,476,517.95,564.541,558.589,0.8723
mixed,64,58,0.9062,4.0,128,0,256,1024,952,880.442,956.538,947.547,0.8818
mixed,64,58,0.9062,4.0,128,0,512,2048,1904,1620.248,1736.116,1729.657,0.9443
mixed,64,58,0.9062,4.0,128,0,1024,4096,3808,3085.743,3308.912,3295.088,0.9381
mixed,64,58,0.9062,4.0,128,0,2048,8192,7616,6007.936,6441.506,6417.601,0.9449
mixed,64,58,0.9062,4.0,128,0,4096,16384,15232,11840.167,12724.099,12659.651,0.9271
mixed,64,58,0.9062,4.0,128,512,128,512,476,647.261,696.219,690.015,0.8733
mixed,64,58,0.9062,4.0,128,512,256,1024,952,1014.138,1088.248,1087.099,0.9845
mixed,64,58,0.9062,4.0,128,512,512,2048,1904,1752.248,1873.206,1860.342,0.8936
mixed,64,58,0.9062,4.0,128,512,1024,4096,3808,3222.286,3438.191,3429.581,0.9601
mixed,64,58,0.9062,4.0,128,512,2048,8192,7616,6144.127,6577.855,6551.646,0.9396
mixed,64,58,0.9062,4.0,128,512,4096,16384,15232,11959.846,12852.672,12813.793,0.9565
mixed,64,58,0.9062,4.0,128,1024,128,512,476,713.789,761.565,754.651,0.8553
mixed,64,58,0.9062,4.0,128,1024,256,1024,952,1080.253,1152.731,1147.226,0.924
mixed,64,58,0.9062,4.0,128,1024,512,2048,1904,1817.048,1937.364,1926.391,0.9088
mixed,64,58,0.9062,4.0,128,1024,1024,4096,3808,3283.888,3509.648,3490.03,0.9131
mixed,64,58,0.9062,4.0,128,1024,2048,8192,7616,6203.584,6646.879,6617.279,0.9332
mixed,64,58,0.9062,4.0,128,1024,4096,16384,15232,12035.076,12923.615,12872.031,0.9419
mixed,64,58,0.9062,4.0,128,2048,128,512,476,813.722,862.588,853.564,0.8153
mixed,64,58,0.9062,4.0,128,2048,256,1024,952,1179.289,1256.698,1246.683,0.8706
mixed,64,58,0.9062,4.0,128,2048,512,2048,1904,1917.782,2038.871,2027.511,0.9062
mixed,64,58,0.9062,4.0,128,2048,1024,4096,3808,3384.752,3608.303,3591.886,0.9266
mixed,64,58,0.9062,4.0,128,2048,2048,8192,7616,6308.674,6749.949,6714.112,0.9188
mixed,64,58,0.9062,4.0,128,2048,4096,16384,15232,12134.405,13017.663,12969.124,0.945
mixed,64,58,0.9062,4.0,128,4096,128,512,476,1013.785,1063.933,1055.034,0.8225
mixed,64,58,0.9062,4.0,128,4096,256,1024,952,1381.401,1454.938,1451.324,0.9509
mixed,64,58,0.9062,4.0,128,4096,512,2048,1904,2120.982,2236.627,2230.036,0.943
mixed,64,58,0.9062,4.0,128,4096,1024,4096,3808,3596.366,3807.244,3789.23,0.9146
mixed,64,58,0.9062,4.0,128,4096,2048,8192,7616,6510.627,6949.278,6915.229,0.9224
mixed,64,58,0.9062,4.0,128,4096,4096,16384,15232,12336.134,13223.422,13774.046,1.6206
mixed,64,58,0.9062,4.0,128,8192,128,512,476,1406.649,1457.273,1454.01,0.9355
mixed,64,58,0.9062,4.0,128,8192,256,1024,952,1776.502,1848.981,1845.302,0.9492
mixed,64,58,0.9062,4.0,128,8192,512,2048,1904,2512.691,2638.545,2624.112,0.8853
mixed,64,58,0.9062,4.0,128,8192,1024,4096,3808,3981.996,4200.779,4187.308,0.9384
mixed,64,58,0.9062,4.0,128,8192,2048,8192,7616,6904.767,7340.733,7308.891,0.927
mixed,64,58,0.9062,4.0,128,8192,4096,16384,15232,12734.211,13609.724,13562.624,0.9462
mixed,64,58,0.9062,4.0,256,0,128,512,476,637.565,687.839,677.374,0.7918
mixed,64,58,0.9062,4.0,256,0,256,1024,952,1005.05,1073.498,1073.24,0.9962
mixed,64,58,0.9062,4.0,256,0,512,2048,1904,1739.255,1862.968,1853.207,0.9211
mixed,64,58,0.9062,4.0,256,0,1024,4096,3808,3208.593,3432.237,3413.999,0.9185
mixed,64,58,0.9062,4.0,256,0,2048,8192,7616,6130.176,6567.484,6537.246,0.9309
mixed,64,58,0.9062,4.0,256,0,4096,16384,15232,11961.222,12837.664,12799.011,0.9559
mixed,64,58,0.9062,4.0,256,512,128,512,476,764.604,811.068,808.187,0.938
mixed,64,58,0.9062,4.0,256,512,256,1024,952,1134.012,1205.946,1200.57,0.9253
mixed,64,58,0.9062,4.0,256,512,512,2048,1904,1873.365,1999.576,1981.591,0.8575
mixed,64,58,0.9062,4.0,256,512,1024,4096,3808,3338.866,3552.722,3546.157,0.9693
mixed,64,58,0.9062,4.0,256,512,2048,8192,7616,6264.737,6696.64,6668.703,0.9353
mixed,64,58,0.9062,4.0,256,512,4096,16384,15232,12097.255,12967.329,12928.895,0.9558
mixed,64,58,0.9062,4.0,256,1024,128,512,476,863.163,914.427,907.902,0.8727
mixed,64,58,0.9062,4.0,256,1024,256,1024,952,1231.995,1306.138,1298.168,0.8925
mixed,64,58,0.9062,4.0,256,1024,512,2048,1904,1965.365,2087.669,2079.381,0.9322
mixed,64,58,0.9062,4.0,256,1024,1024,4096,3808,3438.382,3662.861,3644.463,0.918
mixed,64,58,0.9062,4.0,256,1024,2048,8192,7616,6357.315,6795.68,6767.489,0.9357
mixed,64,58,0.9062,4.0,256,1024,4096,16384,15232,12190.629,13065.826,13030.401,0.9595
mixed,64,58,0.9062,4.0,256,2048,128,512,476,1061.723,1108.698,1100.956,0.8352
mixed,64,58,0.9062,4.0,256,2048,256,1024,952,1432.538,1502.17,1491.896,0.8525
mixed,64,58,0.9062,4.0,256,2048,512,2048,1904,2160.15,2282.996,2279.347,0.9703
mixed,64,58,0.9062,4.0,256,2048,1024,4096,3808,3641.39,3853.9,3842.893,0.9482
mixed,64,58,0.9062,4.0,256,2048,2048,8192,7616,6556.226,6990.14,6975.55,0.9664
mixed,64,58,0.9062,4.0,256,2048,4096,16384,15232,12392.675,13266.049,13211.842,0.9379
mixed,64,58,0.9062,4.0,256,4096,128,512,476,1460.728,1506.936,1502.745,0.9093
mixed,64,58,0.9062,4.0,256,4096,256,1024,952,1829.623,1896.406,1891.031,0.9195
mixed,64,58,0.9062,4.0,256,4096,512,2048,1904,2562.292,2686.676,2675.571,0.9107
mixed,64,58,0.9062,4.0,256,4096,1024,4096,3808,4037.131,4252.105,4233.449,0.9132
mixed,64,58,0.9062,4.0,256,4096,2048,8192,7616,6949.344,7389.658,7368.7,0.9524
mixed,64,58,0.9062,4.0,256,4096,4096,16384,15232,12784.196,13666.303,13618.626,0.946
mixed,64,58,0.9062,4.0,256,8192,128,512,476,2246.067,2298.484,2291.543,0.8676
mixed,64,58,0.9062,4.0,256,8192,256,1024,952,2616.852,2684.913,2678.867,0.9112
mixed,64,58,0.9062,4.0,256,8192,512,2048,1904,3348.528,3471.44,3465.297,0.95
mixed,64,58,0.9062,4.0,256,8192,1024,4096,3808,4817.576,5039.462,5024.518,0.9327
mixed,64,58,0.9062,4.0,256,8192,2048,8192,7616,7733.21,8174.137,8155.063,0.9567
mixed,64,58,0.9062,4.0,256,8192,4096,16384,15232,13569.855,14456.508,14404.507,0.9414
mixed,64,58,0.9062,4.0,512,0,128,512,476,904.86,955.196,945.532,0.808
mixed,64,58,0.9062,4.0,512,0,256,1024,952,1274.682,1345.594,1339.863,0.9192
mixed,64,58,0.9062,4.0,512,0,512,2048,1904,2014.935,2130.326,2117.749,0.891
mixed,64,58,0.9062,4.0,512,0,1024,4096,3808,3478.511,3697.968,3691.79,0.9718
mixed,64,58,0.9062,4.0,512,0,2048,8192,7616,6403.328,6845.985,6809.152,0.9168
mixed,64,58,0.9062,4.0,512,0,4096,16384,15232,12241.701,13120.229,13070.626,0.9435
mixed,64,58,0.9062,4.0,512,512,128,512,476,1124.06,1172.632,1169.02,0.9256
mixed,64,58,0.9062,4.0,512,512,256,1024,952,1494.807,1561.305,1562.584,1.0192
mixed,64,58,0.9062,4.0,512,512,512,2048,1904,2229.495,2350.229,2337.173,0.8919
mixed,64,58,0.9062,4.0,512,512,1024,4096,3808,3699.886,3920.399,3903.726,0.9244
mixed,64,58,0.9062,4.0,512,512,2048,8192,7616,6612.674,7060.414,7023.167,0.9168
mixed,64,58,0.9062,4.0,512,512,4096,16384,15232,12448.899,13330.499,13277.987,0.9404
mixed,64,58,0.9062,4.0,512,1024,128,512,476,1326.138,1367.928,1363.258,0.8883
mixed,64,58,0.9062,4.0,512,1024,256,1024,952,1691.256,1761.494,1759.065,0.9654
mixed,64,58,0.9062,4.0,512,1024,512,2048,1904,2421.524,2553.684,2536.948,0.8734
mixed,64,58,0.9062,4.0,512,1024,1024,4096,3808,3897.776,4112.719,4097.419,0.9288
mixed,64,58,0.9062,4.0,512,1024,2048,8192,7616,6812.32,7263.807,7236.411,0.9393
mixed,64,58,0.9062,4.0,512,1024,4096,16384,15232,12637.542,13520.384,13463.806,0.9359
mixed,64,58,0.9062,4.0,512,2048,128,512,476,1711.385,1766.232,1758.549,0.8599
mixed,64,58,0.9062,4.0,512,2048,256,1024,952,2081.207,2154.293,2147.382,0.9054
mixed,64,58,0.9062,4.0,512,2048,512,2048,1904,2820.69,2942.132,2928.978,0.8917
mixed,64,58,0.9062,4.0,512,2048,1024,4096,3808,4287.693,4506.857,4491.85,0.9315
mixed,64,58,0.9062,4.0,512,2048,2048,8192,7616,7211.359,7644.158,7611.328,0.9241
mixed,64,58,0.9062,4.0,512,2048,4096,16384,15232,13036.902,13926.559,13873.278,0.9401
mixed,64,58,0.9062,4.0,512,4096,128,512,476,2496.563,2545.108,2535.925,0.8108
mixed,64,58,0.9062,4.0,512,4096,256,1024,952,2866.321,2939.763,2935.825,0.9464
mixed,64,58,0.9062,4.0,512,4096,512,2048,1904,3601.68,3723.567,3712.781,0.9115
mixed,64,58,0.9062,4.0,512,4096,1024,4096,3808,5072.392,5292.295,5277.001,0.9305
mixed,64,58,0.9062,4.0,512,4096,2048,8192,7616,7997.564,8427.737,8396.538,0.9275
mixed,64,58,0.9062,4.0,512,4096,4096,16384,15232,13818.076,14706.556,14662.104,0.95
mixed,64,58,0.9062,4.0,512,8192,128,512,476,4069.102,4115.691,4114.448,0.9733
mixed,64,58,0.9062,4.0,512,8192,256,1024,952,4434.41,4509.513,4501.195,0.8892
mixed,64,58,0.9062,4.0,512,8192,512,2048,1904,5171.079,5298.152,5285.509,0.9005
mixed,64,58,0.9062,4.0,512,8192,1024,4096,3808,6644.544,6868.351,6847.71,0.9078
mixed,64,58,0.9062,4.0,512,8192,2048,8192,7616,9557.907,10000.592,9976.143,0.9448
mixed,64,58,0.9062,4.0,512,8192,4096,16384,15232,15396.6,16266.9,16212.146,0.9371
mixed,64,58,0.9062,4.0,1024,0,128,512,476,1238.778,1282.906,1278.937,0.9101
mixed,64,58,0.9062,4.0,1024,0,256,1024,952,1606.135,1677.334,1670.138,0.8989
mixed,64,58,0.9062,4.0,1024,0,512,2048,1904,2338.261,2462.45,2449.75,0.8977
mixed,64,58,0.9062,4.0,1024,0,1024,4096,3808,3812.557,4037.038,4015.053,0.9021
mixed,64,58,0.9062,4.0,1024,0,2048,8192,7616,6732.099,7179.9,7149.278,0.9316
mixed,64,58,0.9062,4.0,1024,0,4096,16384,15232,12568.295,13445.281,13389.827,0.9368
mixed,64,58,0.9062,4.0,1024,512,128,512,476,1709.366,1756.663,1746.744,0.7903
mixed,64,58,0.9062,4.0,1024,512,256,1024,952,2076.309,2153.079,2141.59,0.8503
mixed,64,58,0.9062,4.0,1024,512,512,2048,1904,2814.962,2933.073,2922.674,0.912
mixed,64,58,0.9062,4.0,1024,512,1024,4096,3808,4279.116,4502.248,4493.195,0.9594
mixed,64,58,0.9062,4.0,1024,512,2048,8192,7616,7202.367,7634.716,7607.264,0.9365
mixed,64,58,0.9062,4.0,1024,512,4096,16384,15232,13039.14,13922.943,13861.824,0.9308
mixed,64,58,0.9062,4.0,1024,1024,128,512,476,2102.228,2148.47,2139.795,0.8124
mixed,64,58,0.9062,4.0,1024,1024,256,1024,952,2467.604,2539.892,2533.876,0.9168
mixed,64,58,0.9062,4.0,1024,1024,512,2048,1904,3203.505,3323.215,3316.401,0.9431
mixed,64,58,0.9062,4.0,1024,1024,1024,4096,3808,4669.096,4897.291,4874.218,0.8989
mixed,64,58,0.9062,4.0,1024,1024,2048,8192,7616,7589.754,8031.129,8000.344,0.9303
mixed,64,58,0.9062,4.0,1024,1024,4096,16384,15232,13426.145,14310.016,14261.536,0.9452
mixed,64,58,0.9062,4.0,1024,2048,128,512,476,2883.568,2926.706,2921.49,0.8791
mixed,64,58,0.9062,4.0,1024,2048,256,1024,952,3249.04,3318.896,3315.058,0.9451
mixed,64,58,0.9062,4.0,1024,2048,512,2048,1904,3983.884,4103.149,4094.862,0.9305
mixed,64,58,0.9062,4.0,1024,2048,1024,4096,3808,5449.831,5679.204,5659.077,0.9123
mixed,64,58,0.9062,4.0,1024,2048,2048,8192,7616,8371.642,8820.341,8783.925,0.9188
mixed,64,58,0.9062,4.0,1024,2048,4096,16384,15232,14196.702,15079.483,15034.04,0.9485
mixed,64,58,0.9062,4.0,1024,4096,128,512,476,4444.332,4491.785,4475.533,0.6575
mixed,64,58,0.9062,4.0,1024,4096,256,1024,952,4812.168,4874.058,4874.504,1.0072
mixed,64,58,0.9062,4.0,1024,4096,512,2048,1904,5547.556,5662.501,5649.059,0.8831
mixed,64,58,0.9062,4.0,1024,4096,1024,4096,3808,7423.996,7231.165,7215.871,
mixed,64,58,0.9062,4.0,1024,4096,2048,8192,7616,9935.571,10376.399,10345.487,0.9299
mixed,64,58,0.9062,4.0,1024,4096,4096,16384,15232,15757.846,16649.3,16581.301,0.9237
mixed,64,58,0.9062,4.0,1024,8192,128,512,476,7569.147,7609.115,7610.141,1.0257
mixed,64,58,0.9062,4.0,1024,8192,256,1024,952,7931.293,7998.038,8001.946,1.0586
mixed,64,58,0.9062,4.0,1024,8192,512,2048,1904,8673.02,8792.504,8785.079,0.9379
mixed,64,58,0.9062,4.0,1024,8192,1024,4096,3808,10134.991,10353.072,10340.941,0.9444
mixed,64,58,0.9062,4.0,1024,8192,2048,8192,7616,13043.974,13500.002,13469.954,0.9341
mixed,64,58,0.9062,4.0,1024,8192,4096,16384,15232,18894.952,19776.964,19717.929,0.9331
mixed,64,58,0.9062,4.0,2048,0,128,512,476,2705.138,2754.325,2746.485,0.8406
mixed,64,58,0.9062,4.0,2048,0,256,1024,952,3073.651,3143.411,3138.479,0.9293
mixed,64,58,0.9062,4.0,2048,0,512,2048,1904,3807.055,3927.982,3917.038,0.9095
mixed,64,58,0.9062,4.0,2048,0,1024,4096,3808,5278.442,5497.414,5483.142,0.9348
mixed,64,58,0.9062,4.0,2048,0,2048,8192,7616,8198.168,8638.872,8610.102,0.9347
mixed,64,58,0.9062,4.0,2048,0,4096,16384,15232,14029.184,14909.34,14856.413,0.9399
mixed,64,58,0.9062,4.0,2048,512,128,512,476,3557.585,3605.615,3601.55,0.9154
mixed,64,58,0.9062,4.0,2048,512,256,1024,952,3926.449,3997.262,3995.182,0.9706
mixed,64,58,0.9062,4.0,2048,512,512,2048,1904,4660.203,4781.801,4771.274,0.9134
mixed,64,58,0.9062,4.0,2048,512,1024,4096,3808,6133.155,6349.025,6336.612,0.9425
mixed,64,58,0.9062,4.0,2048,512,2048,8192,7616,9052.055,9490.838,9458.484,0.9263
mixed,64,58,0.9062,4.0,2048,512,4096,16384,15232,14878.046,15759.543,15708.727,0.9424
mixed,64,58,0.9062,4.0,2048,1024,128,512,476,4401.261,4459.339,4442.7,0.7135
mixed,64,58,0.9062,4.0,2048,1024,256,1024,952,4765.734,4839.147,4822.633,0.7751
mixed,64,58,0.9062,4.0,2048,1024,512,2048,1904,5500.166,5620.423,5612.389,0.9332
mixed,64,58,0.9062,4.0,2048,1024,1024,4096,3808,6981.472,7205.662,7163.165,0.8104
mixed,64,58,0.9062,4.0,2048,1024,2048,8192,7616,9896.56,10723.505,10310.798,0.5009
mixed,64,58,0.9062,4.0,2048,1024,4096,16384,15232,15722.904,16613.842,16556.695,0.9359
mixed,64,58,0.9062,4.0,2048,2048,128,512,476,6039.009,6089.316,6080.131,0.8174
mixed,64,58,0.9062,4.0,2048,2048,256,1024,952,6412.034,6484.863,6479.043,0.9201
mixed,64,58,0.9062,4.0,2048,2048,512,2048,1904,7149.378,7273.246,7259.579,0.8897
mixed,64,58,0.9062,4.0,2048,2048,1024,4096,3808,8612.248,8838.36,8819.991,0.9188
mixed,64,58,0.9062,4.0,2048,2048,2048,8192,7616,11536.172,11979.656,11949.22,0.9314
mixed,64,58,0.9062,4.0,2048,2048,4096,16384,15232,17364.275,18241.104,18195.756,0.9483
mixed,64,58,0.9062,4.0,2048,4096,128,512,476,9255.127,9300.757,9295.383,0.8822
mixed,64,58,0.9062,4.0,2048,4096,256,1024,952,9618.836,9696.211,9693.65,0.9669
mixed,64,58,0.9062,4.0,2048,4096,512,2048,1904,10355.147,10482.83,10475.857,0.9454
mixed,64,58,0.9062,4.0,2048,4096,1024,4096,3808,11822.185,12055.594,12035.432,0.9136
mixed,64,58,0.9062,4.0,2048,4096,2048,8192,7616,14748.893,15188.506,15156.857,0.928
mixed,64,58,0.9062,4.0,2048,4096,4096,16384,15232,20570.467,21457.183,21414.18,0.9515
mixed,64,58,0.9062,4.0,2048,8192,128,512,476,15459.765,15508.825,15488.533,0.5864
mixed,64,58,0.9062,4.0,2048,8192,256,1024,952,15831.51,15890.872,15886.102,0.9196
mixed,64,58,0.9062,4.0,2048,8192,512,2048,1904,16553.267,16686.194,16683.06,0.9764
mixed,64,58,0.9062,4.0,2048,8192,1024,4096,3808,18018.635,18240.172,18225.772,0.935
mixed,64,58,0.9062,4.0,2048,8192,2048,8192,7616,20958.05,21381.923,21369.186,0.97
mixed,64,58,0.9062,4.0,2048,8192,4096,16384,15232,26768.204,27659.425,27607.397,0.9416
pure,128,1,0.0078,4.0,0,0,128,512,131,310.432,897.275,355.487,0.0768
pure,128,1,0.0078,4.0,0,0,256,1024,262,509.725,1668.855,613.117,0.0892
pure,128,1,0.0078,4.0,0,0,512,2048,524,897.467,3215.313,1117.564,0.095
pure,128,1,0.0078,4.0,0,0,1024,4096,1048,1678.905,6317.475,2124.759,0.0961
pure,128,1,0.0078,4.0,0,0,2048,8192,2096,3272.628,12531.4,4134.923,0.0931
pure,128,1,0.0078,4.0,0,0,4096,16384,4192,6468.356,24931.505,8172.156,0.0923
mixed,128,1,0.0078,4.0,16,0,128,512,131,337.151,924.349,384.285,0.0803
mixed,128,1,0.0078,4.0,16,0,256,1024,262,536.863,1697.431,643.101,0.0915
mixed,128,1,0.0078,4.0,16,0,512,2048,524,927.516,3244.145,1139.292,0.0914
mixed,128,1,0.0078,4.0,16,0,1024,4096,1048,1709.4,6358.274,2152.408,0.0953
mixed,128,1,0.0078,4.0,16,0,2048,8192,2096,3306.225,12552.106,4163.342,0.0927
mixed,128,1,0.0078,4.0,16,0,4096,16384,4192,6490.404,24969.587,8218.071,0.0935
mixed,128,1,0.0078,4.0,16,512,128,512,131,378.432,961.916,422.463,0.0755
mixed,128,1,0.0078,4.0,16,512,256,1024,262,574.685,1738.456,678.748,0.0894
mixed,128,1,0.0078,4.0,16,512,512,2048,524,966.43,3288.881,1179.994,0.092
mixed,128,1,0.0078,4.0,16,512,1024,4096,1048,1747.769,6395.941,2194.102,0.096
mixed,128,1,0.0078,4.0,16,512,2048,8192,2096,3351.314,12600.17,4209.645,0.0928
mixed,128,1,0.0078,4.0,16,512,4096,16384,4192,6534.978,25007.028,8224.088,0.0914
mixed,128,1,0.0078,4.0,16,1024,128,512,131,386.685,967.292,426.141,0.068
mixed,128,1,0.0078,4.0,16,1024,256,1024,262,580.701,1746.17,686.461,0.0907
mixed,128,1,0.0078,4.0,16,1024,512,2048,524,972.955,3291.089,1190.044,0.0936
mixed,128,1,0.0078,4.0,16,1024,1024,4096,1048,1754.423,6390.661,2197.367,0.0955
mixed,128,1,0.0078,4.0,16,1024,2048,8192,2096,3354.61,12594.442,4209.165,0.0925
mixed,128,1,0.0078,4.0,16,1024,4096,16384,4192,6534.463,24998.609,8248.252,0.0928
mixed,128,1,0.0078,4.0,16,2048,128,512,131,392.095,974.588,433.311,0.0708
mixed,128,1,0.0078,4.0,16,2048,256,1024,262,587.647,1747.672,689.373,0.0877
mixed,128,1,0.0078,4.0,16,2048,512,2048,524,977.499,3300.657,1194.235,0.0933
mixed,128,1,0.0078,4.0,16,2048,1024,4096,1048,1762.424,6411.875,2198.104,0.0937
mixed,128,1,0.0078,4.0,16,2048,2048,8192,2096,3353.074,12607.494,4219.023,0.0936
mixed,128,1,0.0078,4.0,16,2048,4096,16384,4192,6544.673,25440.848,8257.564,0.0906
mixed,128,1,0.0078,4.0,16,4096,128,512,131,430.814,1014.269,474.526,0.0749
mixed,128,1,0.0078,4.0,16,4096,256,1024,262,626.014,1784.92,731.037,0.0906
mixed,128,1,0.0078,4.0,16,4096,512,2048,524,1018.236,3340.306,1233.882,0.0929
mixed,128,1,0.0078,4.0,16,4096,1024,4096,1048,1802.041,6436.868,2237.207,0.0939
mixed,128,1,0.0078,4.0,16,4096,2048,8192,2096,3396.465,12650.375,4267.727,0.0942
mixed,128,1,0.0078,4.0,16,4096,4096,16384,4192,6582.465,25055.41,8282.264,0.092
mixed,128,1,0.0078,4.0,16,8192,128,512,131,481.951,1068.474,525.213,0.0738
mixed,128,1,0.0078,4.0,16,8192,256,1024,262,679.997,1843.32,784.413,0.0898
mixed,128,1,0.0078,4.0,16,8192,512,2048,524,1073.341,3390.64,1288.825,0.093
mixed,128,1,0.0078,4.0,16,8192,1024,4096,1048,1856.185,6487.204,2290.324,0.0937
mixed,128,1,0.0078,4.0,16,8192,2048,8192,2096,3445.36,12709.832,4313.516,0.0937
mixed,128,1,0.0078,4.0,16,8192,4096,16384,4192,6636.29,25103.41,8346.622,0.0926
mixed,128,1,0.0078,4.0,32,0,128,512,131,377.92,962.138,421.343,0.0743
mixed,128,1,0.0078,4.0,32,0,256,1024,262,575.423,1733.21,679.036,0.0895
mixed,128,1,0.0078,4.0,32,0,512,2048,524,965.307,3285.394,1185.305,0.0948
mixed,128,1,0.0078,4.0,32,0,1024,4096,1048,1748.695,6393.154,2190.966,0.0952
mixed,128,1,0.0078,4.0,32,0,2048,8192,2096,3340.561,12594.408,4219.564,0.095
mixed,128,1,0.0078,4.0,32,0,4096,16384,4192,6535.877,25010.994,8247.321,0.0926
mixed,128,1,0.0078,4.0,32,512,128,512,131,417.183,1002.494,458.59,0.0707
mixed,128,1,0.0078,4.0,32,512,256,1024,262,616.796,1775.961,718.845,0.088
mixed,128,1,0.0078,4.0,32,512,512,2048,524,1007.037,3331.569,1224.923,0.0937
mixed,128,1,0.0078,4.0,32,512,1024,4096,1048,1790.81,6430.915,2229.395,0.0945
mixed,128,1,0.0078,4.0,32,512,2048,8192,2096,3383.056,12628.265,4253.518,0.0942
mixed,128,1,0.0078,4.0,32,512,4096,16384,4192,6581.666,25065.809,8275.289,0.0916
mixed,128,1,0.0078,4.0,32,1024,128,512,131,427.295,1011.738,470.398,0.0738
mixed,128,1,0.0078,4.0,32,1024,256,1024,262,625.278,1785.079,726.205,0.087
mixed,128,1,0.0078,4.0,32,1024,512,2048,524,1016.092,3339.762,1229.945,0.092
mixed,128,1,0.0078,4.0,32,1024,1024,4096,1048,1802.903,6436.737,2237.302,0.0937
mixed,128,1,0.0078,4.0,32,1024,2048,8192,2096,3394.354,12654.344,4261.709,0.0937
mixed,128,1,0.0078,4.0,32,1024,4096,16384,4192,6578.849,25052.114,8301.437,0.0932
mixed,128,1,0.0078,4.0,32,2048,128,512,131,441.631,1029.435,483.04,0.0704
mixed,128,1,0.0078,4.0,32,2048,256,1024,262,639.165,1797.304,731.452,0.0797
mixed,128,1,0.0078,4.0,32,2048,512,2048,524,1031.194,3349.49,1245.083,0.0923
mixed,128,1,0.0078,4.0,32,2048,1024,4096,1048,1812.664,6446.595,2253.108,0.095
mixed,128,1,0.0078,4.0,32,2048,2048,8192,2096,3410.897,12660.584,4280.108,0.094
mixed,128,1,0.0078,4.0,32,2048,4096,16384,4192,6607.555,25070.931,8321.593,0.0928
mixed,128,1,0.0078,4.0,32,4096,128,512,131,528.285,1117.019,572.508,0.0751
mixed,128,1,0.0078,4.0,32,4096,256,1024,262,726.459,1887.896,830.589,0.0897
mixed,128,1,0.0078,4.0,32,4096,512,2048,524,1117.052,3440.37,1332.601,0.0928
mixed,128,1,0.0078,4.0,32,4096,1024,4096,1048,1900.569,6540.992,2338.388,0.0943
mixed,128,1,0.0078,4.0,32,4096,2048,8192,2096,3493.583,12751.814,4350.861,0.0926
mixed,128,1,0.0078,4.0,32,4096,4096,16384,4192,6686.849,25159.314,8404.733,0.093
mixed,128,1,0.0078,4.0,32,8192,128,512,131,641.371,1223.867,675.167,0.058
mixed,128,1,0.0078,4.0,32,8192,256,1024,262,834.973,1999.543,940.667,0.0908
mixed,128,1,0.0078,4.0,32,8192,512,2048,524,1229.083,3549.006,1443.64,0.0925
mixed,128,1,0.0078,4.0,32,8192,1024,4096,1048,2011.926,6645.732,2447.252,0.0939
mixed,128,1,0.0078,4.0,32,8192,2048,8192,2096,3604.304,12846.854,4467.596,0.0934
mixed,128,1,0.0078,4.0,32,8192,4096,16384,4192,6793.76,25282.674,8516.537,0.0932
mixed,128,1,0.0078,4.0,64,0,128,512,131,381.31,966.779,423.389,0.0719
mixed,128,1,0.0078,4.0,64,0,256,1024,262,578.27,1740.759,686.591,0.0932
mixed,128,1,0.0078,4.0,64,0,512,2048,524,970.972,3288.881,1190.906,0.0949
mixed,128,1,0.0078,4.0,64,0,1024,4096,1048,1759.897,6395.331,2193.719,0.0936
mixed,128,1,0.0078,4.0,64,0,2048,8192,2096,3356.497,12601.671,4199.789,0.0912
mixed,128,1,0.0078,4.0,64,0,4096,16384,4192,6539.011,25024.979,8253.243,0.0927
mixed,128,1,0.0078,4.0,64,512,128,512,131,433.022,1019.228,478.556,0.0777
mixed,128,1,0.0078,4.0,64,512,256,1024,262,631.933,1790.808,735.325,0.0892
mixed,128,1,0.0078,4.0,64,512,512,2048,524,1022.168,3343.472,1241.948,0.0947
mixed,128,1,0.0078,4.0,64,512,1024,4096,1048,1807.321,6444.774,2247.671,0.095
mixed,128,1,0.0078,4.0,64,512,2048,8192,2096,3401.008,12646.824,4260.78,0.093
mixed,128,1,0.0078,4.0,64,512,4096,16384,4192,6591.876,25076.145,8310.555,0.093
mixed,128,1,0.0078,4.0,64,1024,128,512,131,497.47,1083.902,538.62,0.0702
mixed,128,1,0.0078,4.0,64,1024,256,1024,262,694.622,1853.53,792.636,0.0846
mixed,128,1,0.0078,4.0,64,1024,512,2048,524,1087.291,3415.856,1299.164,0.091
mixed,128,1,0.0078,4.0,64,1024,1024,4096,1048,1869.751,6504.387,2312.085,0.0954
mixed,128,1,0.0078,4.0,64,1024,2048,8192,2096,3467.183,12704.71,4316.333,0.0919
mixed,128,1,0.0078,4.0,64,1024,4096,16384,4192,6652.738,25130.131,8354.042,0.0921
mixed,128,1,0.0078,4.0,64,2048,128,512,131,531.07,1121.436,576.573,0.0771
mixed,128,1,0.0078,4.0,64,2048,256,1024,262,725.949,1892.278,831.164,0.0902
mixed,128,1,0.0078,4.0,64,2048,512,2048,524,1120.091,3437.584,1335.866,0.0931
mixed,128,1,0.0078,4.0,64,2048,1024,4096,1048,1908.248,6548.099,2335.349,0.0921
mixed,128,1,0.0078,4.0,64,2048,2048,8192,2096,3494.769,12740.711,4362.637,0.0939
mixed,128,1,0.0078,4.0,64,2048,4096,16384,4192,6685.764,25166.226,8392.857,0.0924
mixed,128,1,0.0078,4.0,64,4096,128,512,131,632.541,1220.123,676.637,0.075
mixed,128,1,0.0078,4.0,64,4096,256,1024,262,830.686,1993.911,930.618,0.0859
mixed,128,1,0.0078,4.0,64,4096,512,2048,524,1222.684,3542.478,1437.625,0.0927
mixed,128,1,0.0078,4.0,64,4096,1024,4096,1048,2006.455,6650.276,2446.548,0.0948
mixed,128,1,0.0078,4.0,64,4096,2048,8192,2096,3599.217,12843.624,4473.899,0.0946
mixed,128,1,0.0078,4.0,64,4096,4096,16384,4192,6795.747,25253.234,8488.249,0.0917
mixed,128,1,0.0078,4.0,64,8192,128,512,131,837.02,1422.49,878.524,0.0709
mixed,128,1,0.0078,4.0,64,8192,256,1024,262,1033.115,2195.286,1135.069,0.0877
mixed,128,1,0.0078,4.0,64,8192,512,2048,524,1425.466,3747.282,1648.471,0.096
mixed,128,1,0.0078,4.0,64,8192,1024,4096,1048,2209.653,6854.913,2651.924,0.0952
mixed,128,1,0.0078,4.0,64,8192,2048,8192,2096,3807.021,13059.144,4656.299,0.0918
mixed,128,1,0.0078,4.0,64,8192,4096,16384,4192,6993.118,25472.112,8699.449,0.0923
mixed,128,1,0.0078,4.0,128,0,128,512,131,403.519,986.49,443.839,0.0692
mixed,128,1,0.0078,4.0,128,0,256,1024,262,600.349,1763.768,699.996,0.0857
mixed,128,1,0.0078,4.0,128,0,512,2048,524,991.517,3311.026,1213.625,0.0958
mixed,128,1,0.0078,4.0,128,0,1024,4096,1048,1772.792,6423.076,2215.254,0.0951
mixed,128,1,0.0078,4.0,128,0,2048,8192,2096,3369.101,12614.055,4235.342,0.0937
mixed,128,1,0.0078,4.0,128,0,4096,16384,4192,6573.986,25020.084,8284.891,0.0928
mixed,128,1,0.0078,4.0,128,512,128,512,131,535.55,1124.123,578.59,0.0731
mixed,128,1,0.0078,4.0,128,512,256,1024,262,736.028,1894.838,834.654,0.0851
mixed,128,1,0.0078,4.0,128,512,512,2048,524,1125.755,3444.461,1345.212,0.0946
mixed,128,1,0.0078,4.0,128,512,1024,4096,1048,1911.894,6550.081,2345.907,0.0936
mixed,128,1,0.0078,4.0,128,512,2048,8192,2096,3503.123,12758.44,4367.055,0.0933
mixed,128,1,0.0078,4.0,128,512,4096,16384,4192,6685.153,25165.014,8394.238,0.0925
mixed,128,1,0.0078,4.0,128,1024,128,512,131,603.324,1190.33,645.213,0.0714
mixed,128,1,0.0078,4.0,128,1024,256,1024,262,797.277,1959.768,898.269,0.0869
mixed,128,1,0.0078,4.0,128,1024,512,2048,524,1193.69,3509.071,1403.609,0.0907
mixed,128,1,0.0078,4.0,128,1024,1024,4096,1048,1972.887,6625.09,2415.733,0.0952
mixed,128,1,0.0078,4.0,128,1024,2048,8192,2096,3570.767,12820.712,4431.534,0.0931
mixed,128,1,0.0078,4.0,128,1024,4096,16384,4192,6752.706,25231.153,8456.988,0.0922
mixed,128,1,0.0078,4.0,128,2048,128,512,131,702.3,1288.253,743.933,0.0711
mixed,128,1,0.0078,4.0,128,2048,256,1024,262,900.955,2060.631,996.605,0.0825
mixed,128,1,0.0078,4.0,128,2048,512,2048,524,1293.179,3606.959,1507.674,0.0927
mixed,128,1,0.0078,4.0,128,2048,1024,4096,1048,2075.543,6712.992,2508.243,0.0933
mixed,128,1,0.0078,4.0,128,2048,2048,8192,2096,3668.367,12904.742,4535.724,0.0939
mixed,128,1,0.0078,4.0,128,2048,4096,16384,4192,6864.803,25325.264,8560.855,0.0919
mixed,128,1,0.0078,4.0,128,4096,128,512,131,901.535,1489.593,942.813,0.0702
mixed,128,1,0.0078,4.0,128,4096,256,1024,262,1099.195,2260.596,1201.276,0.0879
mixed,128,1,0.0078,4.0,128,4096,512,2048,524,1491.673,3813.647,1711.674,0.0947
mixed,128,1,0.0078,4.0,128,4096,1024,4096,1048,2277.494,6916.256,2712.98,0.0939
mixed,128,1,0.0078,4.0,128,4096,2048,8192,2096,3866.831,13116.426,4711.276,0.0913
mixed,128,1,0.0078,4.0,128,4096,4096,16384,4192,7062.497,25533.04,8753.626,0.0916
mixed,128,1,0.0078,4.0,128,8192,128,512,131,1297.658,1883.543,1340.443,0.073
mixed,128,1,0.0078,4.0,128,8192,256,1024,262,1494.008,2654.517,1595.354,0.0873
mixed,128,1,0.0078,4.0,128,8192,512,2048,524,1884.44,4201.966,2100.694,0.0933
mixed,128,1,0.0078,4.0,128,8192,1024,4096,1048,2670.546,7308.509,3108.499,0.0944
mixed,128,1,0.0078,4.0,128,8192,2048,8192,2096,4273.676,13510.821,5129.996,0.0927
mixed,128,1,0.0078,4.0,128,8192,4096,16384,4192,7450.046,25927.281,9161.845,0.0926
mixed,128,1,0.0078,4.0,256,0,128,512,131,524.189,1110.139,568.38,0.0754
mixed,128,1,0.0078,4.0,256,0,256,1024,262,722.266,1876.596,823.002,0.0873
mixed,128,1,0.0078,4.0,256,0,512,2048,524,1111.067,3429.297,1330.778,0.0948
mixed,128,1,0.0078,4.0,256,0,1024,4096,1048,1893.144,6531.17,2324.662,0.093
mixed,128,1,0.0078,4.0,256,0,2048,8192,2096,3491.185,12736.711,4354.379,0.0934
mixed,128,1,0.0078,4.0,256,0,4096,16384,4192,6682.534,25149.494,8372.316,0.0915
mixed,128,1,0.0078,4.0,256,512,128,512,131,655.197,1241.337,695.677,0.0691
mixed,128,1,0.0078,4.0,256,512,256,1024,262,848.668,2012.376,948.86,0.0861
mixed,128,1,0.0078,4.0,256,512,512,2048,524,1244.123,3565.265,1464.218,0.0948
mixed,128,1,0.0078,4.0,256,512,1024,4096,1048,2025.751,6659.233,2466.131,0.095
mixed,128,1,0.0078,4.0,256,512,2048,8192,2096,3619.218,12877.479,4488.843,0.0939
mixed,128,1,0.0078,4.0,256,512,4096,16384,4192,6809.376,25275.923,8519.708,0.0926
mixed,128,1,0.0078,4.0,256,1024,128,512,131,753.181,1340.216,795.772,0.0726
mixed,128,1,0.0078,4.0,256,1024,256,1024,262,949.246,2112.854,1053.243,0.0894
mixed,128,1,0.0078,4.0,256,1024,512,2048,524,1339.353,3666.223,1556.313,0.0932
mixed,128,1,0.0078,4.0,256,1024,1024,4096,1048,2122.935,6759.331,2568.34,0.0961
mixed,128,1,0.0078,4.0,256,1024,2048,8192,2096,3715.889,12976.04,4582.572,0.0936
mixed,128,1,0.0078,4.0,256,1024,4096,16384,4192,6908.511,25371.094,8607.803,0.092
mixed,128,1,0.0078,4.0,256,2048,128,512,131,947.389,1536.506,989.019,0.0707
mixed,128,1,0.0078,4.0,256,2048,256,1024,262,1147.837,2305.973,1241.208,0.0806
mixed,128,1,0.0078,4.0,256,2048,512,2048,524,1541.593,3856.143,1752.311,0.091
mixed,128,1,0.0078,4.0,256,2048,1024,4096,1048,2320.053,6955.264,2755.348,0.0939
mixed,128,1,0.0078,4.0,256,2048,2048,8192,2096,3911.694,13167.654,4768.809,0.0926
mixed,128,1,0.0078,4.0,256,2048,4096,16384,4192,7107.459,25579.06,8806.654,0.092
mixed,128,1,0.0078,4.0,256,4096,128,512,131,1347.42,1935.703,1390.716,0.0736
mixed,128,1,0.0078,4.0,256,4096,256,1024,262,1545.146,2703.382,1648.056,0.0889
mixed,128,1,0.0078,4.0,256,4096,512,2048,524,1935.192,4256.364,2149.911,0.0925
mixed,128,1,0.0078,4.0,256,4096,1024,4096,1048,2722.39,7368.32,3152.786,0.0926
mixed,128,1,0.0078,4.0,256,4096,2048,8192,2096,4314.157,13562.535,5162.091,0.0917
mixed,128,1,0.0078,4.0,256,4096,4096,16384,4192,7504.286,25976.821,9232.31,0.0935
mixed,128,1,0.0078,4.0,256,8192,128,512,131,2134.711,2723.86,2176.79,0.0714
mixed,128,1,0.0078,4.0,256,8192,256,1024,262,2330.359,3496.37,2431.285,0.0866
mixed,128,1,0.0078,4.0,256,8192,512,2048,524,2726.388,5038.921,2937.269,0.0912
mixed,128,1,0.0078,4.0,256,8192,1024,4096,1048,3512.85,8151.454,3949.455,0.0941
mixed,128,1,0.0078,4.0,256,8192,2048,8192,2096,5110.351,14354.404,5961.955,0.0921
mixed,128,1,0.0078,4.0,256,8192,4096,16384,4192,8291.419,26756.14,10003.538,0.0927
mixed,128,1,0.0078,4.0,512,0,128,512,131,791.678,1378.233,837.948,0.0789
mixed,128,1,0.0078,4.0,512,0,256,1024,262,989.338,2152.597,1091.292,0.0876
mixed,128,1,0.0078,4.0,512,0,512,2048,524,1382.969,3697.809,1596.662,0.0923
mixed,128,1,0.0078,4.0,512,0,1024,4096,1048,2163.191,6802.851,2608.403,0.096
mixed,128,1,0.0078,4.0,512,0,2048,8192,2096,3763.056,13004.999,4625.324,0.0933
mixed,128,1,0.0078,4.0,512,0,4096,16384,4192,6948.545,25422.1,8661.98,0.0928
mixed,128,1,0.0078,4.0,512,512,128,512,131,1010.618,1598.519,1052.761,0.0717
mixed,128,1,0.0078,4.0,512,512,256,1024,262,1208.379,2371.031,1310.108,0.0875
mixed,128,1,0.0078,4.0,512,512,512,2048,524,1601.337,3918.381,1822.361,0.0954
mixed,128,1,0.0078,4.0,512,512,1024,4096,1048,2385.013,7019.872,2831.124,0.0963
mixed,128,1,0.0078,4.0,512,512,2048,8192,2096,3980.43,13226.343,4843.596,0.0934
mixed,128,1,0.0078,4.0,512,512,4096,16384,4192,7167.714,25632.529,8870.904,0.0922
mixed,128,1,0.0078,4.0,512,1024,128,512,131,1210.201,1798.07,1252.73,0.0723
mixed,128,1,0.0078,4.0,512,1024,256,1024,262,1404.313,2567.607,1507.162,0.0884
mixed,128,1,0.0078,4.0,512,1024,512,2048,524,1796.055,4117.167,2009.335,0.0919
mixed,128,1,0.0078,4.0,512,1024,1024,4096,1048,2592.182,7218.56,3014.932,0.0914
mixed,128,1,0.0078,4.0,512,1024,2048,8192,2096,4187.694,13420.551,5039.657,0.0923
mixed,128,1,0.0078,4.0,512,1024,4096,16384,4192,7369.217,25852.753,9091.288,0.0932
mixed,128,1,0.0078,4.0,512,2048,128,512,131,1599.033,2188.278,1648.505,0.084
mixed,128,1,0.0078,4.0,512,2048,256,1024,262,1799.479,2958.899,1906.264,0.0921
mixed,128,1,0.0078,4.0,512,2048,512,2048,524,2192.663,4509.613,2408.915,0.0933
mixed,128,1,0.0078,4.0,512,2048,1024,4096,1048,2975.314,7611.744,3414.129,0.0946
mixed,128,1,0.0078,4.0,512,2048,2048,8192,2096,4570.03,13827.587,5441.638,0.0942
mixed,128,1,0.0078,4.0,512,2048,4096,16384,4192,7765.631,26240.084,9491.03,0.0934
mixed,128,1,0.0078,4.0,512,4096,128,512,131,2384.278,2970.035,2426.901,0.0728
mixed,128,1,0.0078,4.0,512,4096,256,1024,262,2584.31,3744.113,2682.326,0.0845
mixed,128,1,0.0078,4.0,512,4096,512,2048,524,2973.813,5297.96,3198.419,0.0966
mixed,128,1,0.0078,4.0,512,4096,1024,4096,1048,3759.887,8392.763,4195.95,0.0941
mixed,128,1,0.0078,4.0,512,4096,2048,8192,2096,5351.943,14603.938,6217.574,0.0936
mixed,128,1,0.0078,4.0,512,4096,4096,16384,4192,8553.434,27000.943,10249.171,0.0919
mixed,128,1,0.0078,4.0,512,8192,128,512,131,3956.493,4544.332,4001.131,0.0759
mixed,128,1,0.0078,4.0,512,8192,256,1024,262,4154.059,5310.38,4256.397,0.0885
mixed,128,1,0.0078,4.0,512,8192,512,2048,524,4542.827,6865.282,4761.098,0.094
mixed,128,1,0.0078,4.0,512,8192,1024,4096,1048,5325.959,9965.75,5760.102,0.0936
mixed,128,1,0.0078,4.0,512,8192,2048,8192,2096,6926.242,16168.697,7796.127,0.0941
mixed,128,1,0.0078,4.0,512,8192,4096,16384,4192,10110.833,28590.727,11816.879,0.0923
mixed,128,1,0.0078,4.0,1024,0,128,512,131,1127.355,1713.848,1167.068,0.0677
mixed,128,1,0.0078,4.0,1024,0,256,1024,262,1321.658,2486.935,1425.658,0.0892
mixed,128,1,0.0078,4.0,1024,0,512,2048,524,1712.889,4033.518,1931.799,0.0943
mixed,128,1,0.0078,4.0,1024,0,1024,4096,1048,2502.198,7135.395,2943.315,0.0952
mixed,128,1,0.0078,4.0,1024,0,2048,8192,2096,4094.062,13338.151,4958.795,0.0935
mixed,128,1,0.0078,4.0,1024,0,4096,16384,4192,7279.681,25750.514,8980.313,0.0921
mixed,128,1,0.0078,4.0,1024,512,128,512,131,1595.834,2184.984,1638.264,0.072
mixed,128,1,0.0078,4.0,1024,512,256,1024,262,1793.302,2954.481,1886.936,0.0806
mixed,128,1,0.0078,4.0,1024,512,512,2048,524,2183.543,4498.511,2396.822,0.0921
mixed,128,1,0.0078,4.0,1024,512,1024,4096,1048,2965.972,7606.24,3407.058,0.0951
mixed,128,1,0.0078,4.0,1024,512,2048,8192,2096,4565.132,13819.269,5419.016,0.0923
mixed,128,1,0.0078,4.0,1024,512,4096,16384,4192,7756.768,26208.049,9457.88,0.0922
mixed,128,1,0.0078,4.0,1024,1024,128,512,131,1988.566,2571.539,2030.775,0.0724
mixed,128,1,0.0078,4.0,1024,1024,256,1024,262,2188.309,3347.76,2287.06,0.0852
mixed,128,1,0.0078,4.0,1024,1024,512,2048,524,2577.206,4898.794,2794.45,0.0936
mixed,128,1,0.0078,4.0,1024,1024,1024,4096,1048,3363.119,8002.623,3797.073,0.0935
mixed,128,1,0.0078,4.0,1024,1024,2048,8192,2096,4951.692,14199.397,5805.574,0.0923
mixed,128,1,0.0078,4.0,1024,1024,4096,16384,4192,8153.66,26627.92,9844.886,0.0915
mixed,128,1,0.0078,4.0,1024,2048,128,512,131,2769.908,3355.923,2812.979,0.0735
mixed,128,1,0.0078,4.0,1024,2048,256,1024,262,2965.78,4127.533,3073.169,0.0924
mixed,128,1,0.0078,4.0,1024,2048,512,2048,524,3357.202,5678.055,3580.144,0.0961
mixed,128,1,0.0078,4.0,1024,2048,1024,4096,1048,4139.31,8785.147,4583.146,0.0955
mixed,128,1,0.0078,4.0,1024,2048,2048,8192,2096,5733.797,14981.666,6604.227,0.0941
mixed,128,1,0.0078,4.0,1024,2048,4096,16384,4192,8935.546,27384.234,10653.838,0.0931
mixed,128,1,0.0078,4.0,1024,4096,128,512,131,4329.295,4915.818,4372.555,0.0738
mixed,128,1,0.0078,4.0,1024,4096,256,1024,262,4525.517,5686.055,4631.341,0.0912
mixed,128,1,0.0078,4.0,1024,4096,512,2048,524,4916.203,7237.057,5134.186,0.0939
mixed,128,1,0.0078,4.0,1024,4096,1024,4096,1048,5700.616,10338.162,6133.893,0.0934
mixed,128,1,0.0078,4.0,1024,4096,2048,8192,2096,7297.054,16546.171,8147.71,0.092
mixed,128,1,0.0078,4.0,1024,4096,4096,16384,4192,10484.725,28971.462,12199.181,0.0927
mixed,128,1,0.0078,4.0,1024,8192,128,512,131,7455.329,8035.006,7491.005,0.0615
mixed,128,1,0.0078,4.0,1024,8192,256,1024,262,7650.656,8810.133,7747.295,0.0833
mixed,128,1,0.0078,4.0,1024,8192,512,2048,524,8047.708,10363.858,8261.725,0.0924
mixed,128,1,0.0078,4.0,1024,8192,1024,4096,1048,8821.305,13464.327,9256.246,0.0937
mixed,128,1,0.0078,4.0,1024,8192,2048,8192,2096,10419.795,19658.666,11271.405,0.0922
mixed,128,1,0.0078,4.0,1024,8192,4096,16384,4192,13621.928,32079.513,15291.453,0.0905
mixed,128,1,0.0078,4.0,2048,0,128,512,131,2588.435,3184.496,2632.756,0.0744
mixed,128,1,0.0078,4.0,2048,0,256,1024,262,2789.75,3949.551,2892.596,0.0887
mixed,128,1,0.0078,4.0,2048,0,512,2048,524,3182.964,5501.992,3400.082,0.0936
mixed,128,1,0.0078,4.0,2048,0,1024,4096,1048,3967.342,8598.075,4415.596,0.0968
mixed,128,1,0.0078,4.0,2048,0,2048,8192,2096,5556.329,14812.289,6429.829,0.0944
mixed,128,1,0.0078,4.0,2048,0,4096,16384,4192,8750.649,27223.534,10451.317,0.0921
mixed,128,1,0.0078,4.0,2048,512,128,512,131,3444.721,4029.422,3484.498,0.068
mixed,128,1,0.0078,4.0,2048,512,256,1024,262,3645.295,4804.522,3749.839,0.0902
mixed,128,1,0.0078,4.0,2048,512,512,2048,524,4035.439,6357.446,4249.262,0.0921
mixed,128,1,0.0078,4.0,2048,512,1024,4096,1048,4817.899,9455.48,5249.675,0.0931
mixed,128,1,0.0078,4.0,2048,512,2048,8192,2096,6412.612,15660.253,7285.375,0.0944
mixed,128,1,0.0078,4.0,2048,512,4096,16384,4192,9609.399,28071.341,11309.425,0.0921
mixed,128,1,0.0078,4.0,2048,1024,128,512,131,4282.829,4869.641,4332.331,0.0844
mixed,128,1,0.0078,4.0,2048,1024,256,1024,262,4490.827,5654.882,4582.54,0.0788
mixed,128,1,0.0078,4.0,2048,1024,512,2048,524,4885.198,7194.786,5095.21,0.0909
mixed,128,1,0.0078,4.0,2048,1024,1024,4096,1048,5667.911,10303.538,6113.699,0.0962
mixed,128,1,0.0078,4.0,2048,1024,2048,8192,2096,7256.898,16494.714,8086.874,0.0898
mixed,128,1,0.0078,4.0,2048,1024,4096,16384,4192,10446.676,28925.636,12149.646,0.0922
mixed,128,1,0.0078,4.0,2048,2048,128,512,131,5930.852,6511.908,5975.428,0.0767
mixed,128,1,0.0078,4.0,2048,2048,256,1024,262,6127.268,7292.256,6225.829,0.0846
mixed,128,1,0.0078,4.0,2048,2048,512,2048,524,6517.603,8846.841,6739.65,0.0953
mixed,128,1,0.0078,4.0,2048,2048,1024,4096,1048,7301.631,11941.933,7740.703,0.0946
mixed,128,1,0.0078,4.0,2048,2048,2048,8192,2096,8900.858,18150.289,9568.569,0.0722
mixed,128,1,0.0078,4.0,2048,2048,4096,16384,4192,12090.573,30569.795,13789.478,0.0919
mixed,128,1,0.0078,4.0,2048,4096,128,512,131,9130.361,9717.879,9189.561,0.1008
mixed,128,1,0.0078,4.0,2048,4096,256,1024,262,9336.182,10495.157,9445.942,0.0947
mixed,128,1,0.0078,4.0,2048,4096,512,2048,524,9733.271,12046.795,9956.052,0.0963
mixed,128,1,0.0078,4.0,2048,4096,1024,4096,1048,10523.379,15150.879,10952.464,0.0927
mixed,128,1,0.0078,4.0,2048,4096,2048,8192,2096,12098.187,21375.24,11890.829,-0.0224
mixed,128,1,0.0078,4.0,2048,4096,4096,16384,4192,15563.103,33044.376,17006.934,0.0826
mixed,128,1,0.0078,4.0,2048,8192,128,512,131,15367.643,15927.519,15372.156,0.0081
mixed,128,1,0.0078,4.0,2048,8192,256,1024,262,15546.43,16701.851,15306.079,-0.208
mixed,128,1,0.0078,4.0,2048,8192,512,2048,524,15616.284,18272.079,16571.318,0.3596
mixed,128,1,0.0078,4.0,2048,8192,1024,4096,1048,16720.856,21346.182,15663.164,-0.2287
mixed,128,1,0.0078,4.0,2048,8192,2048,8192,2096,18556.692,26032.662,16204.892,-0.3146
mixed,128,1,0.0078,4.0,2048,8192,4096,16384,4192,21781.925,36772.422,23219.003,0.0959
pure,128,2,0.0156,4.0,0,0,128,512,134,290.623,832.605,355.743,0.1202
pure,128,2,0.0156,4.0,0,0,256,1024,268,511.58,1665.657,615.772,0.0903
pure,128,2,0.0156,4.0,0,0,512,2048,536,900.475,3216.272,1123.067,0.0961
pure,128,2,0.0156,4.0,0,0,1024,4096,1072,1721.849,6323.912,2132.759,0.0893
pure,128,2,0.0156,4.0,0,0,2048,8192,2144,3364.305,12535.788,4157.934,0.0865
pure,128,2,0.0156,4.0,0,0,4096,16384,4288,6609.764,24946.999,8208.32,0.0872
mixed,128,2,0.0156,4.0,16,0,128,512,134,339.006,922.621,386.877,0.082
mixed,128,2,0.0156,4.0,16,0,256,1024,268,537.534,1697.368,642.27,0.0903
mixed,128,2,0.0156,4.0,16,0,512,2048,536,926.589,3246.29,1153.308,0.0977
mixed,128,2,0.0156,4.0,16,0,1024,4096,1072,1746.968,6350.725,2165.494,0.0909
mixed,128,2,0.0156,4.0,16,0,2048,8192,2144,3395.091,12557.291,4182.926,0.086
mixed,128,2,0.0156,4.0,16,0,4096,16384,4288,6651.778,24975.767,8233.139,0.0863
mixed,128,2,0.0156,4.0,16,512,128,512,134,378.802,965.853,425.233,0.0791
mixed,128,2,0.0156,4.0,16,512,256,1024,268,577.226,1738.081,679.876,0.0884
mixed,128,2,0.0156,4.0,16,512,512,2048,536,966.557,3285.352,1192.053,0.0972
mixed,128,2,0.0156,4.0,16,512,1024,4096,1072,1789.727,6387.189,2193.135,0.0877
mixed,128,2,0.0156,4.0,16,512,2048,8192,2144,3432.645,12593.469,4220.551,0.086
mixed,128,2,0.0156,4.0,16,512,4096,16384,4288,6686.193,25009.06,8263.928,0.0861
mixed,128,2,0.0156,4.0,16,1024,128,512,134,384.05,970.108,435.474,0.0877
mixed,128,2,0.0156,4.0,16,1024,256,1024,268,582.764,1744.482,689.768,0.0921
mixed,128,2,0.0156,4.0,16,1024,512,2048,536,972.796,3290.445,1197.974,0.0972
mixed,128,2,0.0156,4.0,16,1024,1024,4096,1072,1795.328,6394.913,2208.336,0.0898
mixed,128,2,0.0156,4.0,16,1024,2048,8192,2144,3434.025,12602.884,4232.396,0.0871
mixed,128,2,0.0156,4.0,16,1024,4096,16384,4288,6696.407,25000.092,8276.576,0.0863
mixed,128,2,0.0156,4.0,16,2048,128,512,134,391.025,975.227,439.698,0.0833
mixed,128,2,0.0156,4.0,16,2048,256,1024,268,588.394,1742.498,697.288,0.0944
mixed,128,2,0.0156,4.0,16,2048,512,2048,536,981.182,3296.205,1204.663,0.0965
mixed,128,2,0.0156,4.0,16,2048,1024,4096,1072,1803.874,6398.979,2207.893,0.0879
mixed,128,2,0.0156,4.0,16,2048,2048,8192,2144,3441.323,12605.556,4237.617,0.0869
mixed,128,2,0.0156,4.0,16,2048,4096,16384,4288,6690.301,25016.846,8261.768,0.0857
mixed,128,2,0.0156,4.0,16,4096,128,512,134,428.21,1016.415,476.24,0.0817
mixed,128,2,0.0156,4.0,16,4096,256,1024,268,628.331,1790.945,734.598,0.0914
mixed,128,2,0.0156,4.0,16,4096,512,2048,536,1019.358,3341.84,1241.591,0.0957
mixed,128,2,0.0156,4.0,16,4096,1024,4096,1072,1841.763,6446.277,2249.779,0.0886
mixed,128,2,0.0156,4.0,16,4096,2048,8192,2144,3479.56,12652.828,4270.388,0.0862
mixed,128,2,0.0156,4.0,16,4096,4096,16384,4288,6730.688,25033.319,8324.748,0.0871
mixed,128,2,0.0156,4.0,16,8192,128,512,134,485.139,1071.196,530.448,0.0773
mixed,128,2,0.0156,4.0,16,8192,256,1024,268,680.487,1841.409,787.206,0.0919
mixed,128,2,0.0156,4.0,16,8192,512,2048,536,1075.422,3392.113,1295.095,0.0948
mixed,128,2,0.0156,4.0,16,8192,1024,4096,1072,1896.323,6486.19,2304.884,0.089
mixed,128,2,0.0156,4.0,16,8192,2048,8192,2144,3536.459,12700.006,4319.543,0.0855
mixed,128,2,0.0156,4.0,16,8192,4096,16384,4288,6781.605,25121.526,8353.587,0.0857
mixed,128,2,0.0156,4.0,32,0,128,512,134,377.589,963.842,424.562,0.0801
mixed,128,2,0.0156,4.0,32,0,256,1024,268,577.389,1737.706,684.043,0.0919
mixed,128,2,0.0156,4.0,32,0,512,2048,536,965.024,3281.4,1190.778,0.0975
mixed,128,2,0.0156,4.0,32,0,1024,4096,1072,1788.201,6391.796,2192.41,0.0878
mixed,128,2,0.0156,4.0,32,0,2048,8192,2144,3433.237,12589.842,4220.22,0.0859
mixed,128,2,0.0156,4.0,32,0,4096,16384,4288,6683.501,25011.179,8285.627,0.0874
mixed,128,2,0.0156,4.0,32,512,128,512,134,419.443,1003.04,464.946,0.078
mixed,128,2,0.0156,4.0,32,512,256,1024,268,619.695,1776.362,725.577,0.0915
mixed,128,2,0.0156,4.0,32,512,512,2048,536,1011.008,3324.888,1232.281,0.0956
mixed,128,2,0.0156,4.0,32,512,1024,4096,1072,1828.072,6429.977,2236.794,0.0888
mixed,128,2,0.0156,4.0,32,512,2048,8192,2144,3470.678,12633.181,4264.222,0.0866
mixed,128,2,0.0156,4.0,32,512,4096,16384,4288,6721.489,25077.822,8308.804,0.0865
mixed,128,2,0.0156,4.0,32,1024,128,512,134,427.7,1009.6,476.85,0.0845
mixed,128,2,0.0156,4.0,32,1024,256,1024,268,629.164,1788.746,734.987,0.0913
mixed,128,2,0.0156,4.0,32,1024,512,2048,536,1018.208,3338.971,1239.61,0.0954
mixed,128,2,0.0156,4.0,32,1024,1024,4096,1072,1836.837,6434.879,2247.515,0.0893
mixed,128,2,0.0156,4.0,32,1024,2048,8192,2144,3480.056,12640.195,4270.529,0.0863
mixed,128,2,0.0156,4.0,32,1024,4096,16384,4288,6730.326,25068.02,8327.753,0.0871
mixed,128,2,0.0156,4.0,32,2048,128,512,134,440.627,1028.928,487.185,0.0791
mixed,128,2,0.0156,4.0,32,2048,256,1024,268,638.926,1798.345,745.962,0.0923
mixed,128,2,0.0156,4.0,32,2048,512,2048,536,1033.218,3351.484,1252.573,0.0946
mixed,128,2,0.0156,4.0,32,2048,1024,4096,1072,1852.011,6454.596,2264.829,0.0897
mixed,128,2,0.0156,4.0,32,2048,2048,8192,2144,3493.208,12654.573,4287.296,0.0867
mixed,128,2,0.0156,4.0,32,2048,4096,16384,4288,6743.225,25081.699,8324.813,0.0862
mixed,128,2,0.0156,4.0,32,4096,128,512,134,531.089,1114.687,576.238,0.0774
mixed,128,2,0.0156,4.0,32,4096,256,1024,268,727.434,1884.744,834.534,0.0925
mixed,128,2,0.0156,4.0,32,4096,512,2048,536,1128.961,3440.923,1344.539,0.0932
mixed,128,2,0.0156,4.0,32,4096,1024,4096,1072,1939.557,6544.421,2349.852,0.0891
mixed,128,2,0.0156,4.0,32,4096,2048,8192,2144,3584.248,12747.604,4385.667,0.0875
mixed,128,2,0.0156,4.0,32,4096,4096,16384,4288,6840.38,25163.767,8437.33,0.0872
mixed,128,2,0.0156,4.0,32,8192,128,512,134,640.656,1228.061,686.286,0.0777
mixed,128,2,0.0156,4.0,32,8192,256,1024,268,839.4,1998.056,946.02,0.092
mixed,128,2,0.0156,4.0,32,8192,512,2048,536,1236.827,3546.141,1452.247,0.0933
mixed,128,2,0.0156,4.0,32,8192,1024,4096,1072,2048.741,6653.734,2461.629,0.0897
mixed,128,2,0.0156,4.0,32,8192,2048,8192,2144,3691.19,12847.643,4486.017,0.0868
mixed,128,2,0.0156,4.0,32,8192,4096,16384,4288,6936.288,25263.656,8529.235,0.0869
mixed,128,2,0.0156,4.0,64,0,128,512,134,380.819,966.404,426.837,0.0786
mixed,128,2,0.0156,4.0,64,0,256,1024,268,578.798,1745.456,691.596,0.0967
mixed,128,2,0.0156,4.0,64,0,512,2048,536,971.815,3292.483,1196.989,0.097
mixed,128,2,0.0156,4.0,64,0,1024,4096,1072,1790.865,6388.625,2201.86,0.0894
mixed,128,2,0.0156,4.0,64,0,2048,8192,2144,3436.389,12592.524,4226.764,0.0863
mixed,128,2,0.0156,4.0,64,0,4096,16384,4288,6682.731,25016.954,8261.952,0.0861
mixed,128,2,0.0156,4.0,64,512,128,512,134,435.125,1020.197,482.321,0.0807
mixed,128,2,0.0156,4.0,64,512,256,1024,268,633.008,1793.04,737.837,0.0904
mixed,128,2,0.0156,4.0,64,512,512,2048,536,1025.828,3345.83,1242.015,0.0932
mixed,128,2,0.0156,4.0,64,512,1024,4096,1072,1843.952,6444.083,2257.283,0.0899
mixed,128,2,0.0156,4.0,64,512,2048,8192,2144,3486.979,12657.486,4295.499,0.0882
mixed,128,2,0.0156,4.0,64,512,4096,16384,4288,6733.678,25078.026,8344.033,0.0878
mixed,128,2,0.0156,4.0,64,1024,128,512,134,495.378,1084.388,543.184,0.0812
mixed,128,2,0.0156,4.0,64,1024,256,1024,268,696.365,1853.677,799.277,0.0889
mixed,128,2,0.0156,4.0,64,1024,512,2048,536,1084.769,3402.856,1308.604,0.0966
mixed,128,2,0.0156,4.0,64,1024,1024,4096,1072,1911.055,6503.156,2312.962,0.0875
mixed,128,2,0.0156,4.0,64,1024,2048,8192,2144,3557.41,12712.342,4342.19,0.0857
mixed,128,2,0.0156,4.0,64,1024,4096,16384,4288,6791.565,25121.303,8383.304,0.0868
mixed,128,2,0.0156,4.0,64,2048,128,512,134,534.867,1117.538,576.944,0.0722
mixed,128,2,0.0156,4.0,64,2048,256,1024,268,727.693,1886.992,836.874,0.0942
mixed,128,2,0.0156,4.0,64,2048,512,2048,536,1121.541,3443.015,1345.949,0.0967
mixed,128,2,0.0156,4.0,64,2048,1024,4096,1072,1945.133,6544.408,2350.755,0.0882
mixed,128,2,0.0156,4.0,64,2048,2048,8192,2144,3589.859,12746.91,4379.793,0.0863
mixed,128,2,0.0156,4.0,64,2048,4096,16384,4288,6834.869,25155.142,8427.501,0.0869
mixed,128,2,0.0156,4.0,64,4096,128,512,134,634.19,1220.479,679.854,0.0779
mixed,128,2,0.0156,4.0,64,4096,256,1024,268,833.547,1991.405,936.873,0.0892
mixed,128,2,0.0156,4.0,64,4096,512,2048,536,1222.753,3543.911,1442.907,0.0948
mixed,128,2,0.0156,4.0,64,4096,1024,4096,1072,2045.387,6644.088,2459.013,0.0899
mixed,128,2,0.0156,4.0,64,4096,2048,8192,2144,3687.684,12864.419,4477.902,0.0861
mixed,128,2,0.0156,4.0,64,4096,4096,16384,4288,6936.115,25260.754,8548.526,0.088
mixed,128,2,0.0156,4.0,64,8192,128,512,134,838.604,1423.867,885.739,0.0805
mixed,128,2,0.0156,4.0,64,8192,256,1024,268,1037.702,2197.482,1145.476,0.0929
mixed,128,2,0.0156,4.0,64,8192,512,2048,536,1428.094,3746.405,1649.049,0.0953
mixed,128,2,0.0156,4.0,64,8192,1024,4096,1072,2251.115,6846.553,2659.614,0.0889
mixed,128,2,0.0156,4.0,64,8192,2048,8192,2144,3884.866,13053.924,4682.96,0.087
mixed,128,2,0.0156,4.0,64,8192,4096,16384,4288,7133.489,25464.219,8746.282,0.088
mixed,128,2,0.0156,4.0,128,0,128,512,134,403.509,989.607,448.821,0.0773
mixed,128,2,0.0156,4.0,128,0,256,1024,268,603.058,1761.815,708.944,0.0914
mixed,128,2,0.0156,4.0,128,0,512,2048,536,991.911,3317.137,1213.407,0.0953
mixed,128,2,0.0156,4.0,128,0,1024,4096,1072,1815.252,6423.496,2225.673,0.0891
mixed,128,2,0.0156,4.0,128,0,2048,8192,2144,3455.468,12616.821,4245.882,0.0863
mixed,128,2,0.0156,4.0,128,0,4096,16384,4288,6703.682,25039.439,8301.85,0.0872
mixed,128,2,0.0156,4.0,128,512,128,512,134,536.147,1126.243,582.961,0.0793
mixed,128,2,0.0156,4.0,128,512,256,1024,268,735.084,1897.331,840.523,0.0907
mixed,128,2,0.0156,4.0,128,512,512,2048,536,1125.125,3444.847,1352.802,0.0981
mixed,128,2,0.0156,4.0,128,512,1024,4096,1072,1949.136,6558.437,2353.643,0.0878
mixed,128,2,0.0156,4.0,128,512,2048,8192,2144,3589.067,12763.287,4386.971,0.087
mixed,128,2,0.0156,4.0,128,512,4096,16384,4288,6839.008,25172.185,8439.965,0.0873
mixed,128,2,0.0156,4.0,128,1024,128,512,134,605.169,1189.602,649.2,0.0753
mixed,128,2,0.0156,4.0,128,1024,256,1024,268,800.559,1959.537,906.285,0.0912
mixed,128,2,0.0156,4.0,128,1024,512,2048,536,1193.573,3511.566,1416.545,0.0962
mixed,128,2,0.0156,4.0,128,1024,1024,4096,1072,2010.769,6614.92,2420.518,0.089
mixed,128,2,0.0156,4.0,128,1024,2048,8192,2144,3657.931,12822.394,4448.348,0.0862
mixed,128,2,0.0156,4.0,128,1024,4096,16384,4288,6905.984,25222.853,8501.886,0.0871
mixed,128,2,0.0156,4.0,128,2048,128,512,134,702.16,1291.425,746.48,0.0752
mixed,128,2,0.0156,4.0,128,2048,256,1024,268,900.841,2061.266,1001.224,0.0865
mixed,128,2,0.0156,4.0,128,2048,512,2048,536,1293.635,3612.431,1510.78,0.0936
mixed,128,2,0.0156,4.0,128,2048,1024,4096,1072,2113.041,6719.53,2522.697,0.0889
mixed,128,2,0.0156,4.0,128,2048,2048,8192,2144,3756.107,12931.267,4545.143,0.086
mixed,128,2,0.0156,4.0,128,2048,4096,16384,4288,6996.771,25334.834,8595.456,0.0872
mixed,128,2,0.0156,4.0,128,4096,128,512,134,904.556,1488.895,946.859,0.0724
mixed,128,2,0.0156,4.0,128,4096,256,1024,268,1100.616,2260.91,1207.525,0.0921
mixed,128,2,0.0156,4.0,128,4096,512,2048,536,1493.954,3813.806,1716.28,0.0958
mixed,128,2,0.0156,4.0,128,4096,1024,4096,1072,2315.981,6915.819,2724.868,0.0889
mixed,128,2,0.0156,4.0,128,4096,2048,8192,2144,3956.936,13113.312,4742.615,0.0858
mixed,128,2,0.0156,4.0,128,4096,4096,16384,4288,7214.627,25529.846,8791.296,0.0861
mixed,128,2,0.0156,4.0,128,8192,128,512,134,1298.757,1883.16,1344.676,0.0786
mixed,128,2,0.0156,4.0,128,8192,256,1024,268,1493.695,2655.079,1603.072,0.0942
mixed,128,2,0.0156,4.0,128,8192,512,2048,536,1888.374,4206.311,2113.01,0.0969
mixed,128,2,0.0156,4.0,128,8192,1024,4096,1072,2706.758,7309.092,3117.213,0.0892
mixed,128,2,0.0156,4.0,128,8192,2048,8192,2144,4349.57,13526.237,5129.585,0.085
mixed,128,2,0.0156,4.0,128,8192,4096,16384,4288,7600.063,25929.947,9183.452,0.0864
mixed,128,2,0.0156,4.0,256,0,128,512,134,522.485,1108.71,570.451,0.0818
mixed,128,2,0.0156,4.0,256,0,256,1024,268,722.767,1880.152,832.43,0.0948
mixed,128,2,0.0156,4.0,256,0,512,2048,536,1113.867,3429.049,1333.925,0.095
mixed,128,2,0.0156,4.0,256,0,1024,4096,1072,1939.995,6529.721,2347.985,0.0889
mixed,128,2,0.0156,4.0,256,0,2048,8192,2144,3572.756,12750.613,4376.099,0.0875
mixed,128,2,0.0156,4.0,256,0,4096,16384,4288,6826.866,25153.3,8437.872,0.0879
mixed,128,2,0.0156,4.0,256,512,128,512,134,656.436,1240.483,697.839,0.0709
mixed,128,2,0.0156,4.0,256,512,256,1024,268,853.614,2013.464,955.947,0.0882
mixed,128,2,0.0156,4.0,256,512,512,2048,536,1245.476,3567.288,1466.208,0.0951
mixed,128,2,0.0156,4.0,256,512,1024,4096,1072,2064.118,6679.511,2476.331,0.0893
mixed,128,2,0.0156,4.0,256,512,2048,8192,2144,3706.002,12873.369,4493.636,0.0859
mixed,128,2,0.0156,4.0,256,512,4096,16384,4288,6955.057,25288.542,8539.315,0.0864
mixed,128,2,0.0156,4.0,256,1024,128,512,134,750.577,1337.603,795.344,0.0763
mixed,128,2,0.0156,4.0,256,1024,256,1024,268,951.595,2110.517,1057.706,0.0916
mixed,128,2,0.0156,4.0,256,1024,512,2048,536,1343.844,3662.999,1564.929,0.0953
mixed,128,2,0.0156,4.0,256,1024,1024,4096,1072,2165.301,6769.367,2568.555,0.0876
mixed,128,2,0.0156,4.0,256,1024,2048,8192,2144,3806.609,12972.251,4589.538,0.0854
mixed,128,2,0.0156,4.0,256,1024,4096,16384,4288,7061.905,25399.583,8656.339,0.0869
mixed,128,2,0.0156,4.0,256,2048,128,512,134,949.933,1536.577,990.889,0.0698
mixed,128,2,0.0156,4.0,256,2048,256,1024,268,1146.728,2306.833,1250.567,0.0895
mixed,128,2,0.0156,4.0,256,2048,512,2048,536,1535.712,3867.026,1762.14,0.0971
mixed,128,2,0.0156,4.0,256,2048,1024,4096,1072,2362.225,6965.911,2758.986,0.0862
mixed,128,2,0.0156,4.0,256,2048,2048,8192,2144,4004.176,13171.803,4786.754,0.0854
mixed,128,2,0.0156,4.0,256,2048,4096,16384,4288,7247.728,25579.849,8843.984,0.0871
mixed,128,2,0.0156,4.0,256,4096,128,512,134,1345.926,1935.098,1393.477,0.0807
mixed,128,2,0.0156,4.0,256,4096,256,1024,268,1546.081,2706.346,1651.23,0.0906
mixed,128,2,0.0156,4.0,256,4096,512,2048,536,1935.483,4257.708,2160.278,0.0968
mixed,128,2,0.0156,4.0,256,4096,1024,4096,1072,2758.506,7360.464,3169.282,0.0893
mixed,128,2,0.0156,4.0,256,4096,2048,8192,2144,4398.635,13576.568,5181.723,0.0853
mixed,128,2,0.0156,4.0,256,4096,4096,16384,4288,7652.365,25981.07,9234.607,0.0863
mixed,128,2,0.0156,4.0,256,8192,128,512,134,2134.043,2722.347,2179.061,0.0765
mixed,128,2,0.0156,4.0,256,8192,256,1024,268,2334.004,3492.285,2435.252,0.0874
mixed,128,2,0.0156,4.0,256,8192,512,2048,536,2722.858,5042.751,2951.716,0.0987
mixed,128,2,0.0156,4.0,256,8192,1024,4096,1072,3544.218,8141.283,3949.717,0.0882
mixed,128,2,0.0156,4.0,256,8192,2048,8192,2144,5187.004,14354.063,5980.715,0.0866
mixed,128,2,0.0156,4.0,256,8192,4096,16384,4288,8432.607,26760.647,10034.786,0.0874
mixed,128,2,0.0156,4.0,512,0,128,512,134,792.368,1378.438,835.153,0.073
mixed,128,2,0.0156,4.0,512,0,256,1024,268,990.7,2151.256,1096.876,0.0915
mixed,128,2,0.0156,4.0,512,0,512,2048,536,1382.118,3699.769,1605.569,0.0964
mixed,128,2,0.0156,4.0,512,0,1024,4096,1072,2207.222,6812.353,2614.318,0.0884
mixed,128,2,0.0156,4.0,512,0,2048,8192,2144,3847.767,13010.762,4629.128,0.0853
mixed,128,2,0.0156,4.0,512,0,4096,16384,4288,7096.858,25417.767,8695.903,0.0873
mixed,128,2,0.0156,4.0,512,512,128,512,134,1013.74,1598.883,1057.422,0.0747
mixed,128,2,0.0156,4.0,512,512,256,1024,268,1205.995,2371.508,1315.238,0.0937
mixed,128,2,0.0156,4.0,512,512,512,2048,536,1597.924,3917.946,1819.294,0.0954
mixed,128,2,0.0156,4.0,512,512,1024,4096,1072,2423.698,7020.862,2826.698,0.0877
mixed,128,2,0.0156,4.0,512,512,2048,8192,2144,4072.371,13241.164,4852.23,0.0851
mixed,128,2,0.0156,4.0,512,512,4096,16384,4288,7315.865,25636.488,8892.001,0.086
mixed,128,2,0.0156,4.0,512,1024,128,512,134,1208.971,1799.328,1255.948,0.0796
mixed,128,2,0.0156,4.0,512,1024,256,1024,268,1406.276,2565.232,1513.154,0.0922
mixed,128,2,0.0156,4.0,512,1024,512,2048,536,1801.087,4117.941,2022.941,0.0958
mixed,128,2,0.0156,4.0,512,1024,1024,4096,1072,2621.264,7222.62,3022.378,0.0872
mixed,128,2,0.0156,4.0,512,1024,2048,8192,2144,4266.708,13427.244,5052.42,0.0858
mixed,128,2,0.0156,4.0,512,1024,4096,16384,4288,7518.073,25839.669,9112.764,0.087
mixed,128,2,0.0156,4.0,512,2048,128,512,134,1603.011,2187.446,1646.818,0.075
mixed,128,2,0.0156,4.0,512,2048,256,1024,268,1802.815,2959.913,1907.358,0.0903
mixed,128,2,0.0156,4.0,512,2048,512,2048,536,2190.52,4511.856,2413.141,0.0959
mixed,128,2,0.0156,4.0,512,2048,1024,4096,1072,3012.618,7614.07,3421.954,0.089
mixed,128,2,0.0156,4.0,512,2048,2048,8192,2144,4654.189,13817.228,5448.734,0.0867
mixed,128,2,0.0156,4.0,512,2048,4096,16384,4288,7899.636,26220.948,9497.881,0.0872
mixed,128,2,0.0156,4.0,512,4096,128,512,134,2385.845,2973.964,2431.669,0.0779
mixed,128,2,0.0156,4.0,512,4096,256,1024,268,2585.011,3746.268,2688.146,0.0888
mixed,128,2,0.0156,4.0,512,4096,512,2048,536,2974.701,5298.34,3197.832,0.096
mixed,128,2,0.0156,4.0,512,4096,1024,4096,1072,3797.247,8394.127,4209.971,0.0898
mixed,128,2,0.0156,4.0,512,4096,2048,8192,2144,5439.299,14599.269,6215.73,0.0848
mixed,128,2,0.0156,4.0,512,4096,4096,16384,4288,8688.873,27029.901,10269.903,0.0862
mixed,128,2,0.0156,4.0,512,8192,128,512,134,3955.801,4541.265,3995.13,0.0672
mixed,128,2,0.0156,4.0,512,8192,256,1024,268,4150.616,5309.925,4255.865,0.0908
mixed,128,2,0.0156,4.0,512,8192,512,2048,536,4547.377,6861.386,4765.871,0.0944
mixed,128,2,0.0156,4.0,512,8192,1024,4096,1072,5366.497,9964.628,5772.507,0.0883
mixed,128,2,0.0156,4.0,512,8192,2048,8192,2144,7005.639,16173.772,7798.265,0.0865
mixed,128,2,0.0156,4.0,512,8192,4096,16384,4288,10253.775,28589.883,11849.012,0.087
mixed,128,2,0.0156,4.0,1024,0,128,512,134,1130.35,1709.892,1172.78,0.0732
mixed,128,2,0.0156,4.0,1024,0,256,1024,268,1322.922,2486.646,1426.664,0.0891
mixed,128,2,0.0156,4.0,1024,0,512,2048,536,1715.908,4037.628,1936.384,0.095
mixed,128,2,0.0156,4.0,1024,0,1024,4096,1072,2537.715,7141.19,2944.207,0.0883
mixed,128,2,0.0156,4.0,1024,0,2048,8192,2144,4178.427,13345.345,4974.026,0.0868
mixed,128,2,0.0156,4.0,1024,0,4096,16384,4288,7432.006,25753.329,9012.713,0.0863
mixed,128,2,0.0156,4.0,1024,512,128,512,134,1597.573,2179.418,1639.621,0.0723
mixed,128,2,0.0156,4.0,1024,512,256,1024,268,1793.601,2950.381,1901.311,0.0931
mixed,128,2,0.0156,4.0,1024,512,512,2048,536,2186.619,4503.508,2405.241,0.0944
mixed,128,2,0.0156,4.0,1024,512,1024,4096,1072,3007.278,7609.28,3414.631,0.0885
mixed,128,2,0.0156,4.0,1024,512,2048,8192,2144,4650.93,13810.585,5435.334,0.0856
mixed,128,2,0.0156,4.0,1024,512,4096,16384,4288,7900.925,26220.785,9485.893,0.0865
mixed,128,2,0.0156,4.0,1024,1024,128,512,134,1990.721,2576.565,2037.375,0.0796
mixed,128,2,0.0156,4.0,1024,1024,256,1024,268,2188.316,3344.84,2293.114,0.0906
mixed,128,2,0.0156,4.0,1024,1024,512,2048,536,2582.2,4896.336,2799.057,0.0937
mixed,128,2,0.0156,4.0,1024,1024,1024,4096,1072,3398.632,7998.011,3818.176,0.0912
mixed,128,2,0.0156,4.0,1024,1024,2048,8192,2144,5039.98,14207.319,5836.289,0.0869
mixed,128,2,0.0156,4.0,1024,1024,4096,16384,4288,8291.962,26621.555,9878.91,0.0866
mixed,128,2,0.0156,4.0,1024,2048,128,512,134,2771.891,3354.473,2816.018,0.0757
mixed,128,2,0.0156,4.0,1024,2048,256,1024,268,2968.305,4132.159,3076.206,0.0927
mixed,128,2,0.0156,4.0,1024,2048,512,2048,536,3358.793,5677.636,3581.0,0.0958
mixed,128,2,0.0156,4.0,1024,2048,1024,4096,1072,4178.266,8783.153,4591.668,0.0898
mixed,128,2,0.0156,4.0,1024,2048,2048,8192,2144,5822.85,14993.679,6622.131,0.0872
mixed,128,2,0.0156,4.0,1024,2048,4096,16384,4288,9071.244,27386.221,10660.821,0.0868
mixed,128,2,0.0156,4.0,1024,4096,128,512,134,4333.243,4914.225,4378.524,0.0779
mixed,128,2,0.0156,4.0,1024,4096,256,1024,268,4528.12,5691.366,4635.639,0.0924
mixed,128,2,0.0156,4.0,1024,4096,512,2048,536,4915.762,7235.278,5143.95,0.0984
mixed,128,2,0.0156,4.0,1024,4096,1024,4096,1072,5738.821,10338.589,6143.841,0.0881
mixed,128,2,0.0156,4.0,1024,4096,2048,8192,2144,7387.337,16556.73,8176.541,0.0861
mixed,128,2,0.0156,4.0,1024,4096,4096,16384,4288,10632.76,28955.608,12223.873,0.0868
mixed,128,2,0.0156,4.0,1024,8192,128,512,134,7449.163,8043.904,7500.041,0.0855
mixed,128,2,0.0156,4.0,1024,8192,256,1024,268,7651.177,8808.309,7753.766,0.0887
mixed,128,2,0.0156,4.0,1024,8192,512,2048,536,8041.281,10373.438,8265.247,0.096
mixed,128,2,0.0156,4.0,1024,8192,1024,4096,1072,8867.863,13464.24,9275.47,0.0887
mixed,128,2,0.0156,4.0,1024,8192,2048,8192,2144,10506.298,19684.592,11299.662,0.0864
mixed,128,2,0.0156,4.0,1024,8192,4096,16384,4288,13757.419,32087.054,15346.704,0.0867
mixed,128,2,0.0156,4.0,2048,0,128,512,134,2592.727,3186.129,2635.99,0.0729
mixed,128,2,0.0156,4.0,2048,0,256,1024,268,2786.71,3950.115,2892.019,0.0905
mixed,128,2,0.0156,4.0,2048,0,512,2048,536,3181.613,5502.348,3406.539,0.0969
mixed,128,2,0.0156,4.0,2048,0,1024,4096,1072,4001.537,8603.804,4415.227,0.0899
mixed,128,2,0.0156,4.0,2048,0,2048,8192,2144,5645.768,14810.172,6451.838,0.088
mixed,128,2,0.0156,4.0,2048,0,4096,16384,4288,8895.287,27620.12,10496.832,0.0855
mixed,128,2,0.0156,4.0,2048,512,128,512,134,3443.018,4030.849,3488.042,0.0766
mixed,128,2,0.0156,4.0,2048,512,256,1024,268,3642.695,4802.295,3749.253,0.0919
mixed,128,2,0.0156,4.0,2048,512,512,2048,536,4035.393,6350.271,4258.047,0.0962
mixed,128,2,0.0156,4.0,2048,512,1024,4096,1072,4854.422,9459.728,5268.465,0.0899
mixed,128,2,0.0156,4.0,2048,512,2048,8192,2144,6496.381,15663.506,7289.233,0.0865
mixed,128,2,0.0156,4.0,2048,512,4096,16384,4288,9755.596,28072.664,11342.612,0.0866
mixed,128,2,0.0156,4.0,2048,1024,128,512,134,4279.744,4872.821,4337.405,0.0972
mixed,128,2,0.0156,4.0,2048,1024,256,1024,268,4480.411,5648.427,4601.369,0.1036
mixed,128,2,0.0156,4.0,2048,1024,512,2048,536,4871.062,7194.514,5094.354,0.0961
mixed,128,2,0.0156,4.0,2048,1024,1024,4096,1072,5683.147,10305.031,6095.333,0.0892
mixed,128,2,0.0156,4.0,2048,1024,2048,8192,2144,7322.577,16501.802,8134.088,0.0884
mixed,128,2,0.0156,4.0,2048,1024,4096,16384,4288,10581.25,28934.613,12177.676,0.087
mixed,128,2,0.0156,4.0,2048,2048,128,512,134,5928.071,6513.949,5982.246,0.0925
mixed,128,2,0.0156,4.0,2048,2048,256,1024,268,6134.788,7293.972,6242.02,0.0925
mixed,128,2,0.0156,4.0,2048,2048,512,2048,536,6522.368,8844.924,6740.894,0.0941
mixed,128,2,0.0156,4.0,2048,2048,1024,4096,1072,7340.883,11953.291,7753.132,0.0894
mixed,128,2,0.0156,4.0,2048,2048,2048,8192,2144,8988.475,18147.256,9763.664,0.0846
mixed,128,2,0.0156,4.0,2048,2048,4096,16384,4288,12235.983,30568.224,13812.182,0.086
mixed,128,2,0.0156,4.0,2048,4096,128,512,134,9150.775,9734.575,9180.057,0.0502
mixed,128,2,0.0156,4.0,2048,4096,256,1024,268,9341.719,10500.615,9447.062,0.0909
mixed,128,2,0.0156,4.0,2048,4096,512,2048,536,9737.042,12052.879,9959.949,0.0963
mixed,128,2,0.0156,4.0,2048,4096,1024,4096,1072,10548.293,15152.515,10955.137,0.0884
mixed,128,2,0.0156,4.0,2048,4096,2048,8192,2144,12197.261,21352.683,12988.132,0.0864
mixed,128,2,0.0156,4.0,2048,4096,4096,16384,4288,15446.238,33788.635,17047.144,0.0873
mixed,128,2,0.0156,4.0,2048,8192,128,512,134,15380.322,15926.647,15384.863,0.0083
mixed,128,2,0.0156,4.0,2048,8192,256,1024,268,15540.573,16702.064,16016.982,0.4102
mixed,128,2,0.0156,4.0,2048,8192,512,2048,536,15940.12,18269.306,15369.6,-0.2449
mixed,128,2,0.0156,4.0,2048,8192,1024,4096,1072,15962.36,21358.287,15698.172,-0.049
mixed,128,2,0.0156,4.0,2048,8192,2048,8192,2144,18810.192,27544.025,19179.242,0.0423
mixed,128,2,0.0156,4.0,2048,8192,4096,16384,4288,21653.451,39987.4,23234.805,0.0863
pure,128,3,0.0234,4.0,0,0,128,512,137,311.675,895.444,362.812,0.0876
pure,128,3,0.0234,4.0,0,0,256,1024,274,511.225,1669.736,625.206,0.0984
pure,128,3,0.0234,4.0,0,0,512,2048,548,943.218,3223.441,1133.485,0.0834
pure,128,3,0.0234,4.0,0,0,1024,4096,1096,1769.48,6326.726,2140.545,0.0814
pure,128,3,0.0234,4.0,0,0,2048,8192,2192,3416.366,12531.566,4187.493,0.0846
pure,128,3,0.0234,4.0,0,0,4096,16384,4384,6756.96,24948.961,8242.601,0.0817
mixed,128,3,0.0234,4.0,16,0,128,512,137,341.371,923.956,389.979,0.0834
mixed,128,3,0.0234,4.0,16,0,256,1024,274,538.457,1697.353,649.431,0.0958
mixed,128,3,0.0234,4.0,16,0,512,2048,548,972.563,3246.801,1159.6,0.0822
mixed,128,3,0.0234,4.0,16,0,1024,4096,1096,1794.503,6343.368,2176.546,0.084
mixed,128,3,0.0234,4.0,16,0,2048,8192,2192,3446.354,12563.118,4211.302,0.0839
mixed,128,3,0.0234,4.0,16,0,4096,16384,4384,6787.011,24961.415,8274.413,0.0818
mixed,128,3,0.0234,4.0,16,512,128,512,137,380.699,963.955,430.268,0.085
mixed,128,3,0.0234,4.0,16,512,256,1024,274,578.648,1736.741,689.909,0.0961
mixed,128,3,0.0234,4.0,16,512,512,2048,548,1012.626,3284.627,1199.217,0.0821
mixed,128,3,0.0234,4.0,16,512,1024,4096,1096,1844.07,6395.045,2212.354,0.0809
mixed,128,3,0.0234,4.0,16,512,2048,8192,2192,3484.369,12592.115,4240.675,0.083
mixed,128,3,0.0234,4.0,16,512,4096,16384,4384,6820.131,25005.546,8309.483,0.0819
mixed,128,3,0.0234,4.0,16,1024,128,512,137,386.937,966.772,438.233,0.0885
mixed,128,3,0.0234,4.0,16,1024,256,1024,274,582.809,1745.864,699.799,0.1006
mixed,128,3,0.0234,4.0,16,1024,512,2048,548,1015.826,3288.402,1211.823,0.0862
mixed,128,3,0.0234,4.0,16,1024,1024,4096,1096,1840.329,6390.09,2216.899,0.0828
mixed,128,3,0.0234,4.0,16,1024,2048,8192,2192,3502.03,12595.411,4242.98,0.0815
mixed,128,3,0.0234,4.0,16,1024,4096,16384,4384,6833.252,25014.412,8328.56,0.0822
mixed,128,3,0.0234,4.0,16,2048,128,512,137,390.939,979.666,445.657,0.0929
mixed,128,3,0.0234,4.0,16,2048,256,1024,274,589.657,1747.4,700.949,0.0961
mixed,128,3,0.0234,4.0,16,2048,512,2048,548,1022.352,3296.405,1211.15,0.083
mixed,128,3,0.0234,4.0,16,2048,1024,4096,1096,1849.958,6401.547,2224.608,0.0823
mixed,128,3,0.0234,4.0,16,2048,2048,8192,2192,3492.048,12612.63,4262.054,0.0844
mixed,128,3,0.0234,4.0,16,2048,4096,16384,4384,6839.969,25026.288,8333.2,0.0821
mixed,128,3,0.0234,4.0,16,4096,128,512,137,432.827,1013.681,480.569,0.0822
mixed,128,3,0.0234,4.0,16,4096,256,1024,274,628.789,1785.097,739.542,0.0958
mixed,128,3,0.0234,4.0,16,4096,512,2048,548,1059.699,3340.564,1249.358,0.0832
mixed,128,3,0.0234,4.0,16,4096,1024,4096,1096,1886.63,6450.186,2259.746,0.0818
mixed,128,3,0.0234,4.0,16,4096,2048,8192,2192,3534.322,12648.248,4300.869,0.0841
mixed,128,3,0.0234,4.0,16,4096,4096,16384,4384,6875.013,25050.963,8373.038,0.0824
mixed,128,3,0.0234,4.0,16,8192,128,512,137,484.442,1068.179,535.481,0.0874
mixed,128,3,0.0234,4.0,16,8192,256,1024,274,683.157,1841.319,793.59,0.0954
mixed,128,3,0.0234,4.0,16,8192,512,2048,548,1116.175,3388.278,1301.646,0.0816
mixed,128,3,0.0234,4.0,16,8192,1024,4096,1096,1944.134,6489.544,2309.665,0.0804
mixed,128,3,0.0234,4.0,16,8192,2048,8192,2192,3585.392,12698.775,4348.071,0.0837
mixed,128,3,0.0234,4.0,16,8192,4096,16384,4384,6939.652,25116.63,8419.6,0.0814
mixed,128,3,0.0234,4.0,32,0,128,512,137,380.122,969.523,429.403,0.0836
mixed,128,3,0.0234,4.0,32,0,256,1024,274,576.218,1735.274,690.038,0.0982
mixed,128,3,0.0234,4.0,32,0,512,2048,548,1007.635,3285.877,1196.207,0.0828
mixed,128,3,0.0234,4.0,32,0,1024,4096,1096,1833.159,6401.581,2211.842,0.0829
mixed,128,3,0.0234,4.0,32,0,2048,8192,2192,3480.785,12598.747,4245.062,0.0838
mixed,128,3,0.0234,4.0,32,0,4096,16384,4384,6835.396,25022.328,8324.081,0.0819
mixed,128,3,0.0234,4.0,32,512,128,512,137,418.268,1002.388,469.242,0.0873
mixed,128,3,0.0234,4.0,32,512,256,1024,274,617.112,1776.551,727.959,0.0956
mixed,128,3,0.0234,4.0,32,512,512,2048,548,1050.226,3335.316,1240.081,0.0831
mixed,128,3,0.0234,4.0,32,512,1024,4096,1096,1878.951,6428.938,2245.54,0.0806
mixed,128,3,0.0234,4.0,32,512,2048,8192,2192,3523.028,12639.486,4287.561,0.0839
mixed,128,3,0.0234,4.0,32,512,4096,16384,4384,6861.095,25064.441,8368.563,0.0828
mixed,128,3,0.0234,4.0,32,1024,128,512,137,429.628,1015.668,478.747,0.0838
mixed,128,3,0.0234,4.0,32,1024,256,1024,274,624.858,1782.698,738.101,0.0978
mixed,128,3,0.0234,4.0,32,1024,512,2048,548,1055.344,3334.613,1249.359,0.0851
mixed,128,3,0.0234,4.0,32,1024,1024,4096,1096,1880.583,6450.028,2257.764,0.0825
mixed,128,3,0.0234,4.0,32,1024,2048,8192,2192,3531.412,12633.15,4292.265,0.0836
mixed,128,3,0.0234,4.0,32,1024,4096,16384,4384,6876.137,25071.39,8357.843,0.0814
mixed,128,3,0.0234,4.0,32,2048,128,512,137,440.475,1024.788,492.921,0.0898
mixed,128,3,0.0234,4.0,32,2048,256,1024,274,641.784,1798.154,748.791,0.0925
mixed,128,3,0.0234,4.0,32,2048,512,2048,548,1074.289,3350.42,1264.274,0.0835
mixed,128,3,0.0234,4.0,32,2048,1024,4096,1096,1898.315,6449.1,2276.451,0.0831
mixed,128,3,0.0234,4.0,32,2048,2048,8192,2192,3553.968,12651.103,4305.99,0.0827
mixed,128,3,0.0234,4.0,32,2048,4096,16384,4384,6889.703,25096.45,8370.359,0.0813
mixed,128,3,0.0234,4.0,32,4096,128,512,137,531.899,1115.025,584.151,0.0896
mixed,128,3,0.0234,4.0,32,4096,256,1024,274,726.967,1891.944,838.643,0.0959
mixed,128,3,0.0234,4.0,32,4096,512,2048,548,1162.354,3432.501,1350.959,0.0831
mixed,128,3,0.0234,4.0,32,4096,1024,4096,1096,1984.231,6541.197,2365.247,0.0836
mixed,128,3,0.0234,4.0,32,4096,2048,8192,2192,3647.216,12752.831,4400.809,0.0828
mixed,128,3,0.0234,4.0,32,4096,4096,16384,4384,6981.035,25159.017,8478.357,0.0824
mixed,128,3,0.0234,4.0,32,8192,128,512,137,639.577,1226.738,690.552,0.0868
mixed,128,3,0.0234,4.0,32,8192,256,1024,274,838.134,1998.471,944.401,0.0916
mixed,128,3,0.0234,4.0,32,8192,512,2048,548,1268.849,3547.828,1461.134,0.0844
mixed,128,3,0.0234,4.0,32,8192,1024,4096,1096,2100.038,6644.815,2472.351,0.0819
mixed,128,3,0.0234,4.0,32,8192,2048,8192,2192,3743.92,12856.062,4507.751,0.0838
mixed,128,3,0.0234,4.0,32,8192,4096,16384,4384,7092.552,25276.838,8573.844,0.0815
mixed,128,3,0.0234,4.0,64,0,128,512,137,383.228,966.483,430.971,0.0819
mixed,128,3,0.0234,4.0,64,0,256,1024,274,578.617,1741.291,693.305,0.0986
mixed,128,3,0.0234,4.0,64,0,512,2048,548,1014.676,3288.151,1204.24,0.0834
mixed,128,3,0.0234,4.0,64,0,1024,4096,1096,1839.016,6390.127,2224.293,0.0847
mixed,128,3,0.0234,4.0,64,0,2048,8192,2192,3488.63,12599.684,4256.138,0.0842
mixed,128,3,0.0234,4.0,64,0,4096,16384,4384,6824.459,25013.709,8322.743,0.0824
mixed,128,3,0.0234,4.0,64,512,128,512,137,435.323,1020.21,483.801,0.0829
mixed,128,3,0.0234,4.0,64,512,256,1024,274,635.064,1792.65,743.51,0.0937
mixed,128,3,0.0234,4.0,64,512,512,2048,548,1067.282,3344.12,1253.682,0.0819
mixed,128,3,0.0234,4.0,64,512,1024,4096,1096,1892.01,6447.408,2263.044,0.0814
mixed,128,3,0.0234,4.0,64,512,2048,8192,2192,3549.171,12647.461,4308.714,0.0835
mixed,128,3,0.0234,4.0,64,512,4096,16384,4384,6875.051,25072.433,8374.553,0.0824
mixed,128,3,0.0234,4.0,64,1024,128,512,137,497.497,1082.77,544.731,0.0807
mixed,128,3,0.0234,4.0,64,1024,256,1024,274,694.199,1858.569,808.855,0.0985
mixed,128,3,0.0234,4.0,64,1024,512,2048,548,1128.274,3402.967,1316.11,0.0826
mixed,128,3,0.0234,4.0,64,1024,1024,4096,1096,1958.696,6501.937,2334.947,0.0828
mixed,128,3,0.0234,4.0,64,1024,2048,8192,2192,3614.162,12699.076,4365.132,0.0827
mixed,128,3,0.0234,4.0,64,1024,4096,16384,4384,6941.995,25127.151,8423.802,0.0815
mixed,128,3,0.0234,4.0,64,2048,128,512,137,531.511,1115.313,581.946,0.0864
mixed,128,3,0.0234,4.0,64,2048,256,1024,274,734.037,1894.6,839.479,0.0909
mixed,128,3,0.0234,4.0,64,2048,512,2048,548,1164.018,3443.444,1351.344,0.0822
mixed,128,3,0.0234,4.0,64,2048,1024,4096,1096,1991.689,6541.716,2361.956,0.0814
mixed,128,3,0.0234,4.0,64,2048,2048,8192,2192,3643.156,12742.725,4406.665,0.0839
mixed,128,3,0.0234,4.0,64,2048,4096,16384,4384,6978.349,25163.795,8454.299,0.0812
mixed,128,3,0.0234,4.0,64,4096,128,512,137,634.713,1218.129,680.825,0.079
mixed,128,3,0.0234,4.0,64,4096,256,1024,274,832.534,1991.464,940.98,0.0936
mixed,128,3,0.0234,4.0,64,4096,512,2048,548,1268.018,3545.014,1454.319,0.0818
mixed,128,3,0.0234,4.0,64,4096,1024,4096,1096,2092.038,6646.353,2464.868,0.0819
mixed,128,3,0.0234,4.0,64,4096,2048,8192,2192,3739.311,12856.709,4504.232,0.0839
mixed,128,3,0.0234,4.0,64,4096,4096,16384,4384,7079.466,25263.54,8569.786,0.082
mixed,128,3,0.0234,4.0,64,8192,128,512,137,839.062,1423.918,885.4,0.0792
mixed,128,3,0.0234,4.0,64,8192,256,1024,274,1036.757,2195.588,1147.891,0.0959
mixed,128,3,0.0234,4.0,64,8192,512,2048,548,1469.614,3751.346,1656.011,0.0817
mixed,128,3,0.0234,4.0,64,8192,1024,4096,1096,2296.773,6847.919,2664.83,0.0809
mixed,128,3,0.0234,4.0,64,8192,2048,8192,2192,3947.055,13047.779,4695.496,0.0822
mixed,128,3,0.0234,4.0,64,8192,4096,16384,4384,7284.041,25474.708,8784.922,0.0825
mixed,128,3,0.0234,4.0,128,0,128,512,137,404.155,989.46,455.545,0.0878
mixed,128,3,0.0234,4.0,128,0,256,1024,274,602.393,1761.003,719.638,0.1012
mixed,128,3,0.0234,4.0,128,0,512,2048,548,1034.003,3313.338,1226.833,0.0846
mixed,128,3,0.0234,4.0,128,0,1024,4096,1096,1862.922,6416.404,2240.327,0.0829
mixed,128,3,0.0234,4.0,128,0,2048,8192,2192,3507.894,12627.916,4282.189,0.0849
mixed,128,3,0.0234,4.0,128,0,4096,16384,4384,6852.048,25030.908,8340.446,0.0819
mixed,128,3,0.0234,4.0,128,512,128,512,137,538.617,1122.675,590.328,0.0885
mixed,128,3,0.0234,4.0,128,512,256,1024,274,735.158,1895.754,847.798,0.0971
mixed,128,3,0.0234,4.0,128,512,512,2048,548,1166.9,3443.414,1356.24,0.0832
mixed,128,3,0.0234,4.0,128,512,1024,4096,1096,1998.12,6543.412,2371.332,0.0821
mixed,128,3,0.0234,4.0,128,512,2048,8192,2192,3644.886,12748.105,4400.46,0.083
mixed,128,3,0.0234,4.0,128,512,4096,16384,4384,6989.965,25170.586,8481.211,0.082
mixed,128,3,0.0234,4.0,128,1024,128,512,137,604.6,1193.076,653.401,0.0829
mixed,128,3,0.0234,4.0,128,1024,256,1024,274,802.904,1961.577,912.148,0.0943
mixed,128,3,0.0234,4.0,128,1024,512,2048,548,1233.679,3506.232,1425.807,0.0845
mixed,128,3,0.0234,4.0,128,1024,1024,4096,1096,2059.625,6612.244,2433.571,0.0821
mixed,128,3,0.0234,4.0,128,1024,2048,8192,2192,3717.62,12823.914,4470.091,0.0826
mixed,128,3,0.0234,4.0,128,1024,4096,16384,4384,7043.824,25231.551,8523.291,0.0813
mixed,128,3,0.0234,4.0,128,2048,128,512,137,700.823,1289.584,750.072,0.0836
mixed,128,3,0.0234,4.0,128,2048,256,1024,274,901.141,2063.4,1010.868,0.0944
mixed,128,3,0.0234,4.0,128,2048,512,2048,548,1335.153,3610.485,1519.119,0.0809
mixed,128,3,0.0234,4.0,128,2048,1024,4096,1096,2165.704,6713.201,2535.009,0.0812
mixed,128,3,0.0234,4.0,128,2048,2048,8192,2192,3810.869,12919.979,4570.954,0.0834
mixed,128,3,0.0234,4.0,128,2048,4096,16384,4384,7157.26,25344.127,8643.677,0.0817
mixed,128,3,0.0234,4.0,128,4096,128,512,137,902.965,1490.158,950.772,0.0814
mixed,128,3,0.0234,4.0,128,4096,256,1024,274,1103.283,2261.798,1210.546,0.0926
mixed,128,3,0.0234,4.0,128,4096,512,2048,548,1537.294,3809.556,1720.204,0.0805
mixed,128,3,0.0234,4.0,128,4096,1024,4096,1096,2364.516,6913.744,2737.697,0.082
mixed,128,3,0.0234,4.0,128,4096,2048,8192,2192,4016.369,13117.033,4779.241,0.0838
mixed,128,3,0.0234,4.0,128,4096,4096,16384,4384,7355.178,25537.404,8850.076,0.0822
mixed,128,3,0.0234,4.0,128,8192,128,512,137,1298.546,1887.561,1345.233,0.0793
mixed,128,3,0.0234,4.0,128,8192,256,1024,274,1495.599,2660.547,1605.934,0.0947
mixed,128,3,0.0234,4.0,128,8192,512,2048,548,1929.158,4205.902,2114.598,0.0814
mixed,128,3,0.0234,4.0,128,8192,1024,4096,1096,2759.042,7303.66,3132.285,0.0821
mixed,128,3,0.0234,4.0,128,8192,2048,8192,2192,4404.878,13524.485,5156.74,0.0824
mixed,128,3,0.0234,4.0,128,8192,4096,16384,4384,7745.321,25946.108,9231.0,0.0816
mixed,128,3,0.0234,4.0,256,0,128,512,137,523.706,1108.691,571.384,0.0815
mixed,128,3,0.0234,4.0,256,0,256,1024,274,722.424,1879.69,836.117,0.0982
mixed,128,3,0.0234,4.0,256,0,512,2048,548,1156.945,3432.155,1344.498,0.0824
mixed,128,3,0.0234,4.0,256,0,1024,4096,1096,1979.656,6535.732,2355.942,0.0826
mixed,128,3,0.0234,4.0,256,0,2048,8192,2192,3630.71,12733.614,4392.816,0.0837
mixed,128,3,0.0234,4.0,256,0,4096,16384,4384,6973.873,25152.709,8458.722,0.0817
mixed,128,3,0.0234,4.0,256,512,128,512,137,656.184,1240.175,700.536,0.0759
mixed,128,3,0.0234,4.0,256,512,256,1024,274,850.327,2009.42,963.412,0.0976
mixed,128,3,0.0234,4.0,256,512,512,2048,548,1286.865,3563.896,1473.805,0.0821
mixed,128,3,0.0234,4.0,256,512,1024,4096,1096,2112.393,6681.877,2487.203,0.082
mixed,128,3,0.0234,4.0,256,512,2048,8192,2192,3759.255,12868.237,4520.043,0.0835
mixed,128,3,0.0234,4.0,256,512,4096,16384,4384,7105.104,25276.39,8575.55,0.0809
mixed,128,3,0.0234,4.0,256,1024,128,512,137,752.28,1336.818,799.99,0.0816
mixed,128,3,0.0234,4.0,256,1024,256,1024,274,954.326,2112.104,1063.283,0.0941
mixed,128,3,0.0234,4.0,256,1024,512,2048,548,1385.168,3660.536,1571.887,0.0821
mixed,128,3,0.0234,4.0,256,1024,1024,4096,1096,2211.718,6764.404,2582.466,0.0814
mixed,128,3,0.0234,4.0,256,1024,2048,8192,2192,3859.669,12974.926,4618.091,0.0832
mixed,128,3,0.0234,4.0,256,1024,4096,16384,4384,7205.264,25390.244,8697.727,0.0821
mixed,128,3,0.0234,4.0,256,2048,128,512,137,947.062,1539.757,997.972,0.0859
mixed,128,3,0.0234,4.0,256,2048,256,1024,274,1146.674,2303.494,1255.346,0.0939
mixed,128,3,0.0234,4.0,256,2048,512,2048,548,1587.247,3854.709,1764.972,0.0784
mixed,128,3,0.0234,4.0,256,2048,1024,4096,1096,2408.999,6958.449,2778.721,0.0813
mixed,128,3,0.0234,4.0,256,2048,2048,8192,2192,4056.595,13176.653,4807.818,0.0824
mixed,128,3,0.0234,4.0,256,2048,4096,16384,4384,7395.982,25585.222,8876.509,0.0814
mixed,128,3,0.0234,4.0,256,4096,128,512,137,1347.888,1932.489,1395.41,0.0813
mixed,128,3,0.0234,4.0,256,4096,256,1024,274,1550.541,2704.674,1652.78,0.0886
mixed,128,3,0.0234,4.0,256,4096,512,2048,548,1979.721,4254.546,2166.248,0.082
mixed,128,3,0.0234,4.0,256,4096,1024,4096,1096,2806.401,7360.014,3179.71,0.082
mixed,128,3,0.0234,4.0,256,4096,2048,8192,2192,4457.55,13568.778,5203.143,0.0818
mixed,128,3,0.0234,4.0,256,4096,4096,16384,4384,7793.163,25988.645,9289.947,0.0823
mixed,128,3,0.0234,4.0,256,8192,128,512,137,2135.208,2722.53,2184.294,0.0836
mixed,128,3,0.0234,4.0,256,8192,256,1024,274,2332.773,3499.033,2437.605,0.0899
mixed,128,3,0.0234,4.0,256,8192,512,2048,548,2772.45,5042.664,2951.391,0.0788
mixed,128,3,0.0234,4.0,256,8192,1024,4096,1096,3593.945,8146.696,3958.77,0.0801
mixed,128,3,0.0234,4.0,256,8192,2048,8192,2192,5245.702,14354.404,6007.294,0.0836
mixed,128,3,0.0234,4.0,256,8192,4096,16384,4384,8581.122,26772.348,10072.817,0.082
mixed,128,3,0.0234,4.0,512,0,128,512,137,793.399,1381.617,840.887,0.0807
mixed,128,3,0.0234,4.0,512,0,256,1024,274,991.699,2151.112,1101.492,0.0947
mixed,128,3,0.0234,4.0,512,0,512,2048,548,1424.305,3709.208,1609.325,0.081
mixed,128,3,0.0234,4.0,512,0,1024,4096,1096,2252.582,6803.446,2622.339,0.0812
mixed,128,3,0.0234,4.0,512,0,2048,8192,2192,3907.383,13010.547,4655.436,0.0822
mixed,128,3,0.0234,4.0,512,0,4096,16384,4384,7238.286,25432.107,8717.921,0.0813
mixed,128,3,0.0234,4.0,512,512,128,512,137,1013.27,1599.822,1058.133,0.0765
mixed,128,3,0.0234,4.0,512,512,256,1024,274,1214.293,2372.936,1319.474,0.0908
mixed,128,3,0.0234,4.0,512,512,512,2048,548,1646.03,3921.588,1830.601,0.0811
mixed,128,3,0.0234,4.0,512,512,1024,4096,1096,2469.379,7019.924,2843.648,0.0822
mixed,128,3,0.0234,4.0,512,512,2048,8192,2192,4119.125,13223.087,4879.788,0.0836
mixed,128,3,0.0234,4.0,512,512,4096,16384,4384,7466.383,25644.617,8944.03,0.0813
mixed,128,3,0.0234,4.0,512,1024,128,512,137,1214.035,1794.316,1255.858,0.0721
mixed,128,3,0.0234,4.0,512,1024,256,1024,274,1407.409,2569.474,1518.32,0.0954
mixed,128,3,0.0234,4.0,512,1024,512,2048,548,1840.618,4119.346,2023.852,0.0804
mixed,128,3,0.0234,4.0,512,1024,1024,4096,1096,2666.913,7228.306,3041.885,0.0822
mixed,128,3,0.0234,4.0,512,1024,2048,8192,2192,4318.992,13428.817,5084.233,0.084
mixed,128,3,0.0234,4.0,512,1024,4096,16384,4384,7649.228,25840.81,9158.012,0.0829
mixed,128,3,0.0234,4.0,512,2048,128,512,137,1605.742,2184.776,1647.662,0.0724
mixed,128,3,0.0234,4.0,512,2048,256,1024,274,1801.004,2960.479,1908.813,0.093
mixed,128,3,0.0234,4.0,512,2048,512,2048,548,2230.407,4513.167,2419.399,0.0828
mixed,128,3,0.0234,4.0,512,2048,1024,4096,1096,3055.23,7610.317,3431.451,0.0826
mixed,128,3,0.0234,4.0,512,2048,2048,8192,2192,4719.439,13823.689,5465.38,0.0819
mixed,128,3,0.0234,4.0,512,2048,4096,16384,4384,8047.722,26240.01,9551.608,0.0827
mixed,128,3,0.0234,4.0,512,4096,128,512,137,2386.95,2971.968,2436.645,0.0849
mixed,128,3,0.0234,4.0,512,4096,256,1024,274,2579.908,3739.896,2693.763,0.0982
mixed,128,3,0.0234,4.0,512,4096,512,2048,548,3020.159,5297.447,3202.176,0.0799
mixed,128,3,0.0234,4.0,512,4096,1024,4096,1096,3850.294,8391.014,4215.345,0.0804
mixed,128,3,0.0234,4.0,512,4096,2048,8192,2192,5502.053,14604.065,6242.043,0.0813
mixed,128,3,0.0234,4.0,512,4096,4096,16384,4384,8832.163,27013.6,10299.953,0.0807
mixed,128,3,0.0234,4.0,512,8192,128,512,137,3953.974,4545.072,4001.366,0.0802
mixed,128,3,0.0234,4.0,512,8192,256,1024,274,4151.443,5313.734,4262.609,0.0956
mixed,128,3,0.0234,4.0,512,8192,512,2048,548,4588.271,6864.853,4770.444,0.08
mixed,128,3,0.0234,4.0,512,8192,1024,4096,1096,5422.757,9977.077,5779.139,0.0783
mixed,128,3,0.0234,4.0,512,8192,2048,8192,2192,7063.093,16174.297,7817.834,0.0828
mixed,128,3,0.0234,4.0,512,8192,4096,16384,4384,10402.864,28582.739,11874.209,0.0809
mixed,128,3,0.0234,4.0,1024,0,128,512,137,1127.733,1712.909,1175.666,0.0819
mixed,128,3,0.0234,4.0,1024,0,256,1024,274,1323.955,2488.165,1435.633,0.0959
mixed,128,3,0.0234,4.0,1024,0,512,2048,548,1754.765,4034.838,1947.884,0.0847
mixed,128,3,0.0234,4.0,1024,0,1024,4096,1096,2589.381,7133.3,2958.784,0.0813
mixed,128,3,0.0234,4.0,1024,0,2048,8192,2192,4237.139,13348.145,4991.466,0.0828
mixed,128,3,0.0234,4.0,1024,0,4096,16384,4384,7570.608,25768.719,9059.52,0.0818
mixed,128,3,0.0234,4.0,1024,512,128,512,137,1595.151,2180.073,1647.214,0.089
mixed,128,3,0.0234,4.0,1024,512,256,1024,274,1794.189,2949.824,1908.203,0.0987
mixed,128,3,0.0234,4.0,1024,512,512,2048,548,2228.328,4507.665,2418.695,0.0835
mixed,128,3,0.0234,4.0,1024,512,1024,4096,1096,3052.544,7608.046,3432.539,0.0834
mixed,128,3,0.0234,4.0,1024,512,2048,8192,2192,4702.159,13821.389,5478.661,0.0851
mixed,128,3,0.0234,4.0,1024,512,4096,16384,4384,8041.034,26204.685,9547.131,0.0829
mixed,128,3,0.0234,4.0,1024,1024,128,512,137,1993.003,2572.071,2038.601,0.0787
mixed,128,3,0.0234,4.0,1024,1024,256,1024,274,2187.882,3345.34,2299.879,0.0968
mixed,128,3,0.0234,4.0,1024,1024,512,2048,548,2621.763,4897.997,2809.058,0.0823
mixed,128,3,0.0234,4.0,1024,1024,1024,4096,1096,3446.3,8007.821,3818.906,0.0817
mixed,128,3,0.0234,4.0,1024,1024,2048,8192,2192,5094.763,14208.042,5864.164,0.0844
mixed,128,3,0.0234,4.0,1024,1024,4096,16384,4384,8436.389,26601.834,9926.136,0.082
mixed,128,3,0.0234,4.0,1024,2048,128,512,137,2765.026,3355.838,2818.146,0.0899
mixed,128,3,0.0234,4.0,1024,2048,256,1024,274,2967.138,4124.854,3081.566,0.0988
mixed,128,3,0.0234,4.0,1024,2048,512,2048,548,3400.958,5681.092,3589.401,0.0826
mixed,128,3,0.0234,4.0,1024,2048,1024,4096,1096,4227.25,8780.355,4601.359,0.0822
mixed,128,3,0.0234,4.0,1024,2048,2048,8192,2192,5874.305,14985.603,6625.242,0.0824
mixed,128,3,0.0234,4.0,1024,2048,4096,16384,4384,9213.216,27401.765,10704.913,0.082
mixed,128,3,0.0234,4.0,1024,4096,128,512,137,4329.904,4919.342,4379.538,0.0842
mixed,128,3,0.0234,4.0,1024,4096,256,1024,274,4531.729,5685.477,4641.296,0.095
mixed,128,3,0.0234,4.0,1024,4096,512,2048,548,4963.373,7240.305,5149.736,0.0818
mixed,128,3,0.0234,4.0,1024,4096,1024,4096,1096,5783.075,10340.308,6171.679,0.0853
mixed,128,3,0.0234,4.0,1024,4096,2048,8192,2192,7435.153,16558.997,8207.177,0.0846
mixed,128,3,0.0234,4.0,1024,4096,4096,16384,4384,10776.62,28954.197,12280.573,0.0827
mixed,128,3,0.0234,4.0,1024,8192,128,512,137,7455.824,8040.3,7507.793,0.0889
mixed,128,3,0.0234,4.0,1024,8192,256,1024,274,7643.854,8817.923,7756.715,0.0961
mixed,128,3,0.0234,4.0,1024,8192,512,2048,548,8084.974,10361.493,8269.544,0.0811
mixed,128,3,0.0234,4.0,1024,8192,1024,4096,1096,8910.915,13459.312,9282.751,0.0818
mixed,128,3,0.0234,4.0,1024,8192,2048,8192,2192,10562.64,19662.643,11310.537,0.0822
mixed,128,3,0.0234,4.0,1024,8192,4096,16384,4384,13908.846,32085.302,15387.904,0.0814
mixed,128,3,0.0234,4.0,2048,0,128,512,137,2589.156,3179.967,2641.826,0.0891
mixed,128,3,0.0234,4.0,2048,0,256,1024,274,2792.002,3946.743,2897.697,0.0915
mixed,128,3,0.0234,4.0,2048,0,512,2048,548,3225.856,5502.215,3419.452,0.085
mixed,128,3,0.0234,4.0,2048,0,1024,4096,1096,4059.734,8602.406,4421.842,0.0797
mixed,128,3,0.0234,4.0,2048,0,2048,8192,2192,5700.291,14808.521,6450.526,0.0824
mixed,128,3,0.0234,4.0,2048,0,4096,16384,4384,9042.212,27234.92,10546.549,0.0827
mixed,128,3,0.0234,4.0,2048,512,128,512,137,3450.651,4031.51,3495.389,0.077
mixed,128,3,0.0234,4.0,2048,512,256,1024,274,3641.561,4804.652,3754.84,0.0974
mixed,128,3,0.0234,4.0,2048,512,512,2048,548,4079.126,6351.647,4268.564,0.0834
mixed,128,3,0.0234,4.0,2048,512,1024,4096,1096,4901.005,9457.116,5283.558,0.084
mixed,128,3,0.0234,4.0,2048,512,2048,8192,2192,6562.845,15676.863,7319.062,0.083
mixed,128,3,0.0234,4.0,2048,512,4096,16384,4384,9895.831,28072.29,11371.977,0.0812
mixed,128,3,0.0234,4.0,2048,1024,128,512,137,4286.419,4873.613,4332.85,0.0791
mixed,128,3,0.0234,4.0,2048,1024,256,1024,274,4487.025,5638.821,4591.376,0.0906
mixed,128,3,0.0234,4.0,2048,1024,512,2048,548,4926.638,7192.437,5106.376,0.0793
mixed,128,3,0.0234,4.0,2048,1024,1024,4096,1096,5750.373,10298.39,6113.6,0.0799
mixed,128,3,0.0234,4.0,2048,1024,2048,8192,2192,7383.474,16508.347,8156.618,0.0847
mixed,128,3,0.0234,4.0,2048,1024,4096,16384,4384,10732.821,28904.795,12233.696,0.0826
mixed,128,3,0.0234,4.0,2048,2048,128,512,137,5933.443,6518.042,5985.378,0.0888
mixed,128,3,0.0234,4.0,2048,2048,256,1024,274,6125.28,7289.62,6249.918,0.107
mixed,128,3,0.0234,4.0,2048,2048,512,2048,548,6569.244,8837.218,6757.018,0.0828
mixed,128,3,0.0234,4.0,2048,2048,1024,4096,1096,7392.37,11937.157,7768.495,0.0828
mixed,128,3,0.0234,4.0,2048,2048,2048,8192,2192,9041.251,18152.582,9815.259,0.085
mixed,128,3,0.0234,4.0,2048,2048,4096,16384,4384,12371.202,30551.244,13881.971,0.0831
mixed,128,3,0.0234,4.0,2048,4096,128,512,137,9142.148,9724.379,9195.331,0.0913
mixed,128,3,0.0234,4.0,2048,4096,256,1024,274,9342.687,10501.14,9445.022,0.0883
mixed,128,3,0.0234,4.0,2048,4096,512,2048,548,9772.223,12050.277,9963.096,0.0838
mixed,128,3,0.0234,4.0,2048,4096,1024,4096,1096,10609.393,15144.519,10987.662,0.0834
mixed,128,3,0.0234,4.0,2048,4096,2048,8192,2192,12248.835,21374.053,13017.944,0.0843
mixed,128,3,0.0234,4.0,2048,4096,4096,16384,4384,15598.207,33764.872,17134.769,0.0846
mixed,128,3,0.0234,4.0,2048,8192,128,512,137,14876.58,15422.885,15399.586,0.9574
mixed,128,3,0.0234,4.0,2048,8192,256,1024,274,15529.6,16692.914,15651.964,0.1052
mixed,128,3,0.0234,4.0,2048,8192,512,2048,548,15973.721,18247.175,15435.263,-0.2368
mixed,128,3,0.0234,4.0,2048,8192,1024,4096,1096,16032.504,21351.335,15708.641,-0.0609
mixed,128,3,0.0234,4.0,2048,8192,2048,8192,2192,18424.418,27556.456,19217.53,0.0868
mixed,128,3,0.0234,4.0,2048,8192,4096,16384,4384,20582.446,40209.642,23282.327,0.1376
pure,128,4,0.0312,4.0,0,0,128,512,140,313.597,894.741,368.412,0.0943
pure,128,4,0.0312,4.0,0,0,256,1024,280,513.083,1666.734,634.138,0.1049
pure,128,4,0.0312,4.0,0,0,512,2048,560,943.543,3218.43,1173.526,0.1011
pure,128,4,0.0312,4.0,0,0,1024,4096,1120,1816.173,6331.297,2246.503,0.0953
pure,128,4,0.0312,4.0,0,0,2048,8192,2240,3507.068,12519.039,4396.979,0.0987
pure,128,4,0.0312,4.0,0,0,4096,16384,4480,6899.931,24935.56,8708.455,0.1003
mixed,128,4,0.0312,4.0,16,0,128,512,140,341.886,923.382,405.788,0.1099
mixed,128,4,0.0312,4.0,16,0,256,1024,280,540.794,1696.687,681.559,0.1218
mixed,128,4,0.0312,4.0,16,0,512,2048,560,975.413,3246.687,1234.9,0.1142
mixed,128,4,0.0312,4.0,16,0,1024,4096,1120,1843.246,6357.055,2328.391,0.1075
mixed,128,4,0.0312,4.0,16,0,2048,8192,2240,3541.468,12562.177,4525.649,0.1091
mixed,128,4,0.0312,4.0,16,0,4096,16384,4480,6933.37,24970.726,8934.18,0.1109
mixed,128,4,0.0312,4.0,16,512,128,512,140,380.574,963.831,446.429,0.1129
mixed,128,4,0.0312,4.0,16,512,256,1024,280,582.523,1734.766,721.466,0.1206
mixed,128,4,0.0312,4.0,16,512,512,2048,560,1013.076,3283.167,1275.188,0.1155
mixed,128,4,0.0312,4.0,16,512,1024,4096,1120,1882.893,6387.969,2366.342,0.1073
mixed,128,4,0.0312,4.0,16,512,2048,8192,2240,3577.307,12604.127,4582.577,0.1114
mixed,128,4,0.0312,4.0,16,512,4096,16384,4480,6972.602,25006.884,8981.991,0.1114
mixed,128,4,0.0312,4.0,16,1024,128,512,140,387.102,968.6,452.221,0.112
mixed,128,4,0.0312,4.0,16,1024,256,1024,280,584.377,1743.214,733.431,0.1286
mixed,128,4,0.0312,4.0,16,1024,512,2048,560,1020.694,3296.83,1285.843,0.1165
mixed,128,4,0.0312,4.0,16,1024,1024,4096,1120,1886.189,6389.183,2372.105,0.1079
mixed,128,4,0.0312,4.0,16,1024,2048,8192,2240,3582.843,12603.106,4594.451,0.1121
mixed,128,4,0.0312,4.0,16,1024,4096,16384,4480,6979.132,25021.03,8997.954,0.1119
mixed,128,4,0.0312,4.0,16,2048,128,512,140,392.092,974.712,457.88,0.1129
mixed,128,4,0.0312,4.0,16,2048,256,1024,280,591.672,1746.798,731.736,0.1213
mixed,128,4,0.0312,4.0,16,2048,512,2048,560,1027.735,3298.495,1285.043,0.1133
mixed,128,4,0.0312,4.0,16,2048,1024,4096,1120,1890.798,6407.774,2385.415,0.1095
mixed,128,4,0.0312,4.0,16,2048,2048,8192,2240,3593.757,12615.839,4590.609,0.1105
mixed,128,4,0.0312,4.0,16,2048,4096,16384,4480,6982.075,25017.896,9009.477,0.1124
mixed,128,4,0.0312,4.0,16,4096,128,512,140,432.282,1014.9,497.978,0.1128
mixed,128,4,0.0312,4.0,16,4096,256,1024,280,632.441,1786.285,773.463,0.1222
mixed,128,4,0.0312,4.0,16,4096,512,2048,560,1062.772,3339.647,1325.011,0.1152
mixed,128,4,0.0312,4.0,16,4096,1024,4096,1120,1930.444,6438.431,2429.77,0.1108
mixed,128,4,0.0312,4.0,16,4096,2048,8192,2240,3630.012,12639.362,4630.098,0.111
mixed,128,4,0.0312,4.0,16,4096,4096,16384,4480,7016.282,25031.4,9043.654,0.1125
mixed,128,4,0.0312,4.0,16,8192,128,512,140,484.316,1069.495,549.051,0.1106
mixed,128,4,0.0312,4.0,16,8192,256,1024,280,685.241,1842.955,829.017,0.1242
mixed,128,4,0.0312,4.0,16,8192,512,2048,560,1119.349,3393.918,1380.847,0.115
mixed,128,4,0.0312,4.0,16,8192,1024,4096,1120,1986.599,6494.912,2476.745,0.1087
mixed,128,4,0.0312,4.0,16,8192,2048,8192,2240,3678.333,12690.403,4683.794,0.1116
mixed,128,4,0.0312,4.0,16,8192,4096,16384,4480,7076.604,25102.792,9086.982,0.1115
mixed,128,4,0.0312,4.0,32,0,128,512,140,380.025,969.974,441.787,0.1047
mixed,128,4,0.0312,4.0,32,0,256,1024,280,578.201,1734.031,719.384,0.1221
mixed,128,4,0.0312,4.0,32,0,512,2048,560,1011.223,3288.863,1274.096,0.1154
mixed,128,4,0.0312,4.0,32,0,1024,4096,1120,1881.708,6396.065,2371.336,0.1085
mixed,128,4,0.0312,4.0,32,0,2048,8192,2240,3573.628,12597.635,4567.922,0.1102
mixed,128,4,0.0312,4.0,32,0,4096,16384,4480,6968.215,25024.714,8981.704,0.1115
mixed,128,4,0.0312,4.0,32,512,128,512,140,420.412,1001.174,483.421,0.1085
mixed,128,4,0.0312,4.0,32,512,256,1024,280,620.827,1777.197,764.568,0.1243
mixed,128,4,0.0312,4.0,32,512,512,2048,560,1056.213,3324.766,1310.549,0.1121
mixed,128,4,0.0312,4.0,32,512,1024,4096,1120,1920.301,6433.919,2411.912,0.1089
mixed,128,4,0.0312,4.0,32,512,2048,8192,2240,3620.221,12636.868,4618.323,0.1107
mixed,128,4,0.0312,4.0,32,512,4096,16384,4480,7012.538,25055.783,9007.973,0.1106
mixed,128,4,0.0312,4.0,32,1024,128,512,140,430.653,1012.628,492.221,0.1058
mixed,128,4,0.0312,4.0,32,1024,256,1024,280,626.585,1786.894,770.521,0.124
mixed,128,4,0.0312,4.0,32,1024,512,2048,560,1059.51,3332.189,1322.484,0.1157
mixed,128,4,0.0312,4.0,32,1024,1024,4096,1120,1931.212,6436.256,2417.349,0.1079
mixed,128,4,0.0312,4.0,32,1024,2048,8192,2240,3626.843,12641.888,4616.915,0.1098
mixed,128,4,0.0312,4.0,32,1024,4096,16384,4480,7017.948,25055.211,9040.068,0.1121
mixed,128,4,0.0312,4.0,32,2048,128,512,140,440.285,1027.51,507.13,0.1138
mixed,128,4,0.0312,4.0,32,2048,256,1024,280,643.032,1798.062,786.169,0.1239
mixed,128,4,0.0312,4.0,32,2048,512,2048,560,1079.157,3345.087,1334.515,0.1127
mixed,128,4,0.0312,4.0,32,2048,1024,4096,1120,1943.853,6446.529,2441.448,0.1105
mixed,128,4,0.0312,4.0,32,2048,2048,8192,2240,3636.665,12666.916,4639.538,0.1111
mixed,128,4,0.0312,4.0,32,2048,4096,16384,4480,7032.858,25084.65,9067.177,0.1127
mixed,128,4,0.0312,4.0,32,4096,128,512,140,531.485,1115.157,594.265,0.1076
mixed,128,4,0.0312,4.0,32,4096,256,1024,280,728.313,1884.78,872.888,0.125
mixed,128,4,0.0312,4.0,32,4096,512,2048,560,1165.622,3439.293,1431.441,0.1169
mixed,128,4,0.0312,4.0,32,4096,1024,4096,1120,2031.595,6536.831,2519.687,0.1083
mixed,128,4,0.0312,4.0,32,4096,2048,8192,2240,3731.133,12765.794,4724.465,0.1099
mixed,128,4,0.0312,4.0,32,4096,4096,16384,4480,7120.186,25160.999,9137.159,0.1118
mixed,128,4,0.0312,4.0,32,8192,128,512,140,639.8,1223.38,707.353,0.1158
mixed,128,4,0.0312,4.0,32,8192,256,1024,280,842.551,2003.469,982.357,0.1204
mixed,128,4,0.0312,4.0,32,8192,512,2048,560,1274.034,3548.862,1536.721,0.1155
mixed,128,4,0.0312,4.0,32,8192,1024,4096,1120,2139.691,6651.326,2627.269,0.1081
mixed,128,4,0.0312,4.0,32,8192,2048,8192,2240,3838.298,12858.691,4824.561,0.1093
mixed,128,4,0.0312,4.0,32,8192,4096,16384,4480,7236.662,25278.604,9230.053,0.1105
mixed,128,4,0.0312,4.0,64,0,128,512,140,382.747,968.278,448.253,0.1119
mixed,128,4,0.0312,4.0,64,0,256,1024,280,583.13,1739.857,728.121,0.1253
mixed,128,4,0.0312,4.0,64,0,512,2048,560,1021.016,3295.135,1274.675,0.1115
mixed,128,4,0.0312,4.0,64,0,1024,4096,1120,1885.039,6395.297,2369.002,0.1073
mixed,128,4,0.0312,4.0,64,0,2048,8192,2240,3578.973,12601.698,4575.891,0.1105
mixed,128,4,0.0312,4.0,64,0,4096,16384,4480,6975.837,25015.564,8969.639,0.1105
mixed,128,4,0.0312,4.0,64,512,128,512,140,435.706,1026.613,498.972,0.1071
mixed,128,4,0.0312,4.0,64,512,256,1024,280,640.506,1791.599,780.57,0.1217
mixed,128,4,0.0312,4.0,64,512,512,2048,560,1067.669,3343.104,1335.123,0.1175
mixed,128,4,0.0312,4.0,64,512,1024,4096,1120,1937.517,6449.503,2426.121,0.1083
mixed,128,4,0.0312,4.0,64,512,2048,8192,2240,3633.886,12654.598,4639.829,0.1115
mixed,128,4,0.0312,4.0,64,512,4096,16384,4480,7035.322,25064.268,9020.36,0.1101
mixed,128,4,0.0312,4.0,64,1024,128,512,140,495.26,1081.944,561.913,0.1136
mixed,128,4,0.0312,4.0,64,1024,256,1024,280,698.808,1853.09,840.943,0.1231
mixed,128,4,0.0312,4.0,64,1024,512,2048,560,1130.484,3406.685,1392.123,0.1149
mixed,128,4,0.0312,4.0,64,1024,1024,4096,1120,1998.244,6503.608,2484.75,0.108
mixed,128,4,0.0312,4.0,64,1024,2048,8192,2240,3689.445,12700.137,4681.367,0.1101
mixed,128,4,0.0312,4.0,64,1024,4096,16384,4480,7090.21,25117.515,9095.751,0.1113
mixed,128,4,0.0312,4.0,64,2048,128,512,140,536.33,1119.956,601.899,0.1123
mixed,128,4,0.0312,4.0,64,2048,256,1024,280,733.868,1891.427,879.984,0.1262
mixed,128,4,0.0312,4.0,64,2048,512,2048,560,1166.228,3442.78,1429.624,0.1157
mixed,128,4,0.0312,4.0,64,2048,1024,4096,1120,2035.366,6538.963,2523.562,0.1084
mixed,128,4,0.0312,4.0,64,2048,2048,8192,2240,3731.139,12749.054,4726.388,0.1104
mixed,128,4,0.0312,4.0,64,2048,4096,16384,4480,7131.261,25152.027,9123.23,0.1105
mixed,128,4,0.0312,4.0,64,4096,128,512,140,635.275,1220.083,705.807,0.1206
mixed,128,4,0.0312,4.0,64,4096,256,1024,280,833.967,1991.173,978.159,0.1246
mixed,128,4,0.0312,4.0,64,4096,512,2048,560,1267.669,3549.917,1525.145,0.1128
mixed,128,4,0.0312,4.0,64,4096,1024,4096,1120,2136.929,6643.218,2625.642,0.1085
mixed,128,4,0.0312,4.0,64,4096,2048,8192,2240,3837.824,12863.093,4832.434,0.1102
mixed,128,4,0.0312,4.0,64,4096,4096,16384,4480,7226.842,25267.298,9228.76,0.111
mixed,128,4,0.0312,4.0,64,8192,128,512,140,839.822,1424.118,905.169,0.1118
mixed,128,4,0.0312,4.0,64,8192,256,1024,280,1039.471,2194.948,1184.084,0.1252
mixed,128,4,0.0312,4.0,64,8192,512,2048,560,1472.952,3744.828,1738.459,0.1169
mixed,128,4,0.0312,4.0,64,8192,1024,4096,1120,2340.295,6852.589,2827.501,0.108
mixed,128,4,0.0312,4.0,64,8192,2048,8192,2240,4043.395,13058.227,5023.47,0.1087
mixed,128,4,0.0312,4.0,64,8192,4096,16384,4480,7433.524,25468.308,9450.678,0.1118
mixed,128,4,0.0312,4.0,128,0,128,512,140,403.493,987.344,469.796,0.1136
mixed,128,4,0.0312,4.0,128,0,256,1024,280,604.264,1764.861,749.29,0.125
mixed,128,4,0.0312,4.0,128,0,512,2048,560,1037.682,3313.201,1296.083,0.1136
mixed,128,4,0.0312,4.0,128,0,1024,4096,1120,1908.541,6413.634,2397.317,0.1085
mixed,128,4,0.0312,4.0,128,0,2048,8192,2240,3602.36,12610.818,4603.461,0.1111
mixed,128,4,0.0312,4.0,128,0,4096,16384,4480,7005.96,25035.447,9007.655,0.111
mixed,128,4,0.0312,4.0,128,512,128,512,140,538.667,1123.25,602.632,0.1094
mixed,128,4,0.0312,4.0,128,512,256,1024,280,736.525,1895.674,882.098,0.1256
mixed,128,4,0.0312,4.0,128,512,512,2048,560,1169.295,3445.81,1433.33,0.116
mixed,128,4,0.0312,4.0,128,512,1024,4096,1120,2038.236,6545.535,2534.562,0.1101
mixed,128,4,0.0312,4.0,128,512,2048,8192,2240,3741.461,12762.712,4736.069,0.1103
mixed,128,4,0.0312,4.0,128,512,4096,16384,4480,7135.846,25171.367,9129.505,0.1105
mixed,128,4,0.0312,4.0,128,1024,128,512,140,606.119,1190.097,685.481,0.1359
mixed,128,4,0.0312,4.0,128,1024,256,1024,280,807.661,1961.369,944.076,0.1182
mixed,128,4,0.0312,4.0,128,1024,512,2048,560,1233.936,3515.185,1493.011,0.1136
mixed,128,4,0.0312,4.0,128,1024,1024,4096,1120,2111.038,6614.331,2600.61,0.1087
mixed,128,4,0.0312,4.0,128,1024,2048,8192,2240,3803.027,12825.869,4802.593,0.1108
mixed,128,4,0.0312,4.0,128,1024,4096,16384,4480,7190.625,25237.43,9202.298,0.1115
mixed,128,4,0.0312,4.0,128,2048,128,512,140,703.432,1289.233,764.939,0.105
mixed,128,4,0.0312,4.0,128,2048,256,1024,280,903.947,2060.443,1043.023,0.1203
mixed,128,4,0.0312,4.0,128,2048,512,2048,560,1340.208,3617.2,1600.148,0.1142
mixed,128,4,0.0312,4.0,128,2048,1024,4096,1120,2205.789,6727.576,2696.066,0.1084
mixed,128,4,0.0312,4.0,128,2048,2048,8192,2240,3900.496,12919.849,4894.399,0.1102
mixed,128,4,0.0312,4.0,128,2048,4096,16384,4480,7294.08,25331.401,9281.973,0.1102
mixed,128,4,0.0312,4.0,128,4096,128,512,140,906.252,1489.233,973.61,0.1155
mixed,128,4,0.0312,4.0,128,4096,256,1024,280,1105.101,2261.278,1248.656,0.1242
mixed,128,4,0.0312,4.0,128,4096,512,2048,560,1537.909,3815.216,1802.646,0.1163
mixed,128,4,0.0312,4.0,128,4096,1024,4096,1120,2405.662,6910.294,2895.3,0.1087
mixed,128,4,0.0312,4.0,128,4096,2048,8192,2240,4106.26,13119.714,5088.893,0.109
mixed,128,4,0.0312,4.0,128,4096,4096,16384,4480,7491.323,25539.355,9515.86,0.1122
mixed,128,4,0.0312,4.0,128,8192,128,512,140,1297.968,1882.198,1368.561,0.1208
mixed,128,4,0.0312,4.0,128,8192,256,1024,280,1500.243,2661.054,1645.363,0.125
mixed,128,4,0.0312,4.0,128,8192,512,2048,560,1931.222,4208.915,2194.233,0.1155
mixed,128,4,0.0312,4.0,128,8192,1024,4096,1120,2801.023,7310.964,3291.079,0.1087
mixed,128,4,0.0312,4.0,128,8192,2048,8192,2240,4499.38,13515.135,5495.072,0.1104
mixed,128,4,0.0312,4.0,128,8192,4096,16384,4480,7887.099,25929.548,9916.37,0.1125
mixed,128,4,0.0312,4.0,256,0,128,512,140,526.406,1107.916,586.916,0.1041
mixed,128,4,0.0312,4.0,256,0,256,1024,280,725.352,1885.556,871.591,0.126
mixed,128,4,0.0312,4.0,256,0,512,2048,560,1157.58,3430.758,1418.192,0.1146
mixed,128,4,0.0312,4.0,256,0,1024,4096,1120,2024.853,6532.327,2512.122,0.1081
mixed,128,4,0.0312,4.0,256,0,2048,8192,2240,3719.851,12743.565,4715.347,0.1103
mixed,128,4,0.0312,4.0,256,0,4096,16384,4480,7109.005,25148.562,9132.613,0.1122
mixed,128,4,0.0312,4.0,256,512,128,512,140,657.798,1240.462,717.32,0.1022
mixed,128,4,0.0312,4.0,256,512,256,1024,280,855.687,2012.95,999.147,0.124
mixed,128,4,0.0312,4.0,256,512,512,2048,560,1287.502,3562.277,1552.143,0.1163
mixed,128,4,0.0312,4.0,256,512,1024,4096,1120,2161.528,6662.821,2651.035,0.1087
mixed,128,4,0.0312,4.0,256,512,2048,8192,2240,3857.738,12878.503,4841.906,0.1091
mixed,128,4,0.0312,4.0,256,512,4096,16384,4480,7252.779,25286.339,9254.303,0.111
mixed,128,4,0.0312,4.0,256,1024,128,512,140,756.042,1338.477,816.903,0.1045
mixed,128,4,0.0312,4.0,256,1024,256,1024,280,952.938,2112.279,1099.851,0.1267
mixed,128,4,0.0312,4.0,256,1024,512,2048,560,1386.893,3666.053,1644.08,0.1128
mixed,128,4,0.0312,4.0,256,1024,1024,4096,1120,2255.734,6770.596,2744.412,0.1082
mixed,128,4,0.0312,4.0,256,1024,2048,8192,2240,3952.295,12966.978,4951.603,0.1109
mixed,128,4,0.0312,4.0,256,1024,4096,16384,4480,7343.112,25390.681,9367.13,0.1121
mixed,128,4,0.0312,4.0,256,2048,128,512,140,950.537,1540.269,1015.689,0.1105
mixed,128,4,0.0312,4.0,256,2048,256,1024,280,1151.721,2304.824,1296.717,0.1257
mixed,128,4,0.0312,4.0,256,2048,512,2048,560,1584.719,3857.573,1842.353,0.1134
mixed,128,4,0.0312,4.0,256,2048,1024,4096,1120,2452.855,6953.697,2940.634,0.1084
mixed,128,4,0.0312,4.0,256,2048,2048,8192,2240,4147.174,13164.793,5159.312,0.1122
mixed,128,4,0.0312,4.0,256,2048,4096,16384,4480,7546.088,25570.699,9558.743,0.1117
mixed,128,4,0.0312,4.0,256,4096,128,512,140,1351.822,1939.923,1414.99,0.1074
mixed,128,4,0.0312,4.0,256,4096,256,1024,280,1548.622,2703.096,1693.423,0.1254
mixed,128,4,0.0312,4.0,256,4096,512,2048,560,1985.105,4253.894,2246.164,0.1151
mixed,128,4,0.0312,4.0,256,4096,1024,4096,1120,2850.52,7357.952,3336.22,0.1078
mixed,128,4,0.0312,4.0,256,4096,2048,8192,2240,4550.345,13568.28,5542.77,0.1101
mixed,128,4,0.0312,4.0,256,4096,4096,16384,4480,7942.022,25965.087,9951.158,0.1115
mixed,128,4,0.0312,4.0,256,8192,128,512,140,2135.984,2721.239,2205.875,0.1194
mixed,128,4,0.0312,4.0,256,8192,256,1024,280,2334.326,3494.396,2482.58,0.1278
mixed,128,4,0.0312,4.0,256,8192,512,2048,560,2769.045,5047.305,3033.464,0.1161
mixed,128,4,0.0312,4.0,256,8192,1024,4096,1120,3638.302,8137.953,4130.114,0.1093
mixed,128,4,0.0312,4.0,256,8192,2048,8192,2240,5329.193,14349.013,6341.01,0.1122
mixed,128,4,0.0312,4.0,256,8192,4096,16384,4480,8723.048,26771.42,10747.832,0.1122
mixed,128,4,0.0312,4.0,512,0,128,512,140,798.342,1381.257,855.113,0.0974
mixed,128,4,0.0312,4.0,512,0,256,1024,280,992.934,2152.338,1136.01,0.1234
mixed,128,4,0.0312,4.0,512,0,512,2048,560,1429.292,3705.981,1687.854,0.1136
mixed,128,4,0.0312,4.0,512,0,1024,4096,1120,2295.888,6808.181,2786.996,0.1088
mixed,128,4,0.0312,4.0,512,0,2048,8192,2240,3992.126,13020.067,4993.573,0.1109
mixed,128,4,0.0312,4.0,512,0,4096,16384,4480,7392.088,25421.475,9404.487,0.1116
mixed,128,4,0.0312,4.0,512,512,128,512,140,1014.12,1599.116,1075.559,0.105
mixed,128,4,0.0312,4.0,512,512,256,1024,280,1213.608,2374.256,1357.961,0.1244
mixed,128,4,0.0312,4.0,512,512,512,2048,560,1644.524,3918.11,1909.869,0.1167
mixed,128,4,0.0312,4.0,512,512,1024,4096,1120,2512.371,7024.148,3011.062,0.1105
mixed,128,4,0.0312,4.0,512,512,2048,8192,2240,4210.815,13223.363,5205.892,0.1104
mixed,128,4,0.0312,4.0,512,512,4096,16384,4480,7612.952,25637.143,9625.54,0.1117
mixed,128,4,0.0312,4.0,512,1024,128,512,140,1216.071,1797.931,1280.395,0.1105
mixed,128,4,0.0312,4.0,512,1024,256,1024,280,1409.673,2565.553,1554.443,0.1252
mixed,128,4,0.0312,4.0,512,1024,512,2048,560,1842.443,4123.036,2108.429,0.1166
mixed,128,4,0.0312,4.0,512,1024,1024,4096,1120,2710.774,7217.522,3211.413,0.1111
mixed,128,4,0.0312,4.0,512,1024,2048,8192,2240,4402.014,13424.185,5397.828,0.1104
mixed,128,4,0.0312,4.0,512,1024,4096,16384,4480,7799.956,25845.006,9806.114,0.1112
mixed,128,4,0.0312,4.0,512,2048,128,512,140,1609.129,2188.014,1668.971,0.1034
mixed,128,4,0.0312,4.0,512,2048,256,1024,280,1800.3,2956.949,1945.804,0.1258
mixed,128,4,0.0312,4.0,512,2048,512,2048,560,2237.164,4512.604,2498.128,0.1147
mixed,128,4,0.0312,4.0,512,2048,1024,4096,1120,3106.546,7613.041,3596.695,0.1088
mixed,128,4,0.0312,4.0,512,2048,2048,8192,2240,4805.63,13819.288,5792.804,0.1095
mixed,128,4,0.0312,4.0,512,2048,4096,16384,4480,8201.778,26216.101,10215.681,0.1118
mixed,128,4,0.0312,4.0,512,4096,128,512,140,2393.582,2974.13,2452.685,0.1018
mixed,128,4,0.0312,4.0,512,4096,256,1024,280,2585.904,3743.606,2726.159,0.1211
mixed,128,4,0.0312,4.0,512,4096,512,2048,560,3020.497,5290.654,3280.468,0.1145
mixed,128,4,0.0312,4.0,512,4096,1024,4096,1120,3892.182,8396.881,4380.059,0.1083
mixed,128,4,0.0312,4.0,512,4096,2048,8192,2240,5593.026,14595.797,6597.414,0.1116
mixed,128,4,0.0312,4.0,512,4096,4096,16384,4480,8976.438,27007.103,10993.662,0.1119
mixed,128,4,0.0312,4.0,512,8192,128,512,140,3955.67,4543.482,4022.583,0.1138
mixed,128,4,0.0312,4.0,512,8192,256,1024,280,4155.574,5314.27,4302.328,0.1267
mixed,128,4,0.0312,4.0,512,8192,512,2048,560,4590.648,6859.3,4858.907,0.1182
mixed,128,4,0.0312,4.0,512,8192,1024,4096,1120,5456.478,9964.182,5947.552,0.1089
mixed,128,4,0.0312,4.0,512,8192,2048,8192,2240,7153.127,16170.135,8159.147,0.1116
mixed,128,4,0.0312,4.0,512,8192,4096,16384,4480,10548.346,28583.963,12551.748,0.1111
mixed,128,4,0.0312,4.0,1024,0,128,512,140,1127.366,1712.042,1191.941,0.1104
mixed,128,4,0.0312,4.0,1024,0,256,1024,280,1328.488,2487.469,1472.84,0.1246
mixed,128,4,0.0312,4.0,1024,0,512,2048,560,1762.922,4035.188,2021.29,0.1137
mixed,128,4,0.0312,4.0,1024,0,1024,4096,1120,2629.74,7134.243,3124.719,0.1099
mixed,128,4,0.0312,4.0,1024,0,2048,8192,2240,4330.994,13344.068,5335.481,0.1114
mixed,128,4,0.0312,4.0,1024,0,4096,16384,4480,7723.781,25759.519,9743.825,0.112
mixed,128,4,0.0312,4.0,1024,512,128,512,140,1597.929,2180.301,1662.375,0.1107
mixed,128,4,0.0312,4.0,1024,512,256,1024,280,1797.034,2952.335,1942.762,0.1261
mixed,128,4,0.0312,4.0,1024,512,512,2048,560,2230.859,4501.877,2489.196,0.1138
mixed,128,4,0.0312,4.0,1024,512,1024,4096,1120,3099.28,7609.729,3592.977,0.1095
mixed,128,4,0.0312,4.0,1024,512,2048,8192,2240,4797.687,13816.126,5802.107,0.1114
mixed,128,4,0.0312,4.0,1024,512,4096,16384,4480,8186.982,26223.611,10201.582,0.1117
mixed,128,4,0.0312,4.0,1024,1024,128,512,140,1990.408,2574.796,2054.665,0.11
mixed,128,4,0.0312,4.0,1024,1024,256,1024,280,2188.809,3352.269,2335.464,0.1261
mixed,128,4,0.0312,4.0,1024,1024,512,2048,560,2623.789,4898.359,2891.531,0.1177
mixed,128,4,0.0312,4.0,1024,1024,1024,4096,1120,3489.678,8004.898,3977.777,0.1081
mixed,128,4,0.0312,4.0,1024,1024,2048,8192,2240,5188.376,14202.878,6179.483,0.1099
mixed,128,4,0.0312,4.0,1024,1024,4096,16384,4480,8575.683,26616.465,10587.149,0.1115
mixed,128,4,0.0312,4.0,1024,2048,128,512,140,2770.443,3354.862,2836.012,0.1122
mixed,128,4,0.0312,4.0,1024,2048,256,1024,280,2971.243,4129.073,3112.045,0.1216
mixed,128,4,0.0312,4.0,1024,2048,512,2048,560,3403.055,5675.478,3662.285,0.1141
mixed,128,4,0.0312,4.0,1024,2048,1024,4096,1120,4277.936,8785.313,4759.792,0.1069
mixed,128,4,0.0312,4.0,1024,2048,2048,8192,2240,5964.374,14988.473,6971.035,0.1116
mixed,128,4,0.0312,4.0,1024,2048,4096,16384,4480,9365.412,27395.818,11358.318,0.1105
mixed,128,4,0.0312,4.0,1024,4096,128,512,140,4334.288,4915.25,4396.847,0.1077
mixed,128,4,0.0312,4.0,1024,4096,256,1024,280,4535.155,5688.756,4675.089,0.1213
mixed,128,4,0.0312,4.0,1024,4096,512,2048,560,4963.506,7237.498,5223.155,0.1142
mixed,128,4,0.0312,4.0,1024,4096,1024,4096,1120,5837.364,10341.349,6322.325,0.1077
mixed,128,4,0.0312,4.0,1024,4096,2048,8192,2240,7528.731,16547.741,8520.318,0.1099
mixed,128,4,0.0312,4.0,1024,4096,4096,16384,4480,10925.766,28964.197,12919.338,0.1105
mixed,128,4,0.0312,4.0,1024,8192,128,512,140,7456.12,8044.667,7530.965,0.1272
mixed,128,4,0.0312,4.0,1024,8192,256,1024,280,7652.761,8812.541,7800.475,0.1274
mixed,128,4,0.0312,4.0,1024,8192,512,2048,560,8086.587,10359.808,8350.686,0.1162
mixed,128,4,0.0312,4.0,1024,8192,1024,4096,1120,8956.475,13458.189,9439.101,0.1072
mixed,128,4,0.0312,4.0,1024,8192,2048,8192,2240,10653.729,19665.567,11638.566,0.1093
mixed,128,4,0.0312,4.0,1024,8192,4096,16384,4480,14039.979,32087.236,16045.359,0.1111
mixed,128,4,0.0312,4.0,2048,0,128,512,140,2591.143,3180.97,2658.472,0.1142
mixed,128,4,0.0312,4.0,2048,0,256,1024,280,2794.185,3946.413,2934.952,0.1222
mixed,128,4,0.0312,4.0,2048,0,512,2048,560,3223.593,5501.52,3493.26,0.1184
mixed,128,4,0.0312,4.0,2048,0,1024,4096,1120,4094.989,8606.455,4592.846,0.1104
mixed,128,4,0.0312,4.0,2048,0,2048,8192,2240,5801.362,14813.932,6778.162,0.1084
mixed,128,4,0.0312,4.0,2048,0,4096,16384,4480,9184.697,27218.478,11231.902,0.1135
mixed,128,4,0.0312,4.0,2048,512,128,512,140,3445.031,4030.697,3510.952,0.1126
mixed,128,4,0.0312,4.0,2048,512,256,1024,280,3647.626,4803.69,3790.219,0.1233
mixed,128,4,0.0312,4.0,2048,512,512,2048,560,4083.722,6357.712,4343.785,0.1144
mixed,128,4,0.0312,4.0,2048,512,1024,4096,1120,4951.821,9459.833,5437.102,0.1076
mixed,128,4,0.0312,4.0,2048,512,2048,8192,2240,6650.769,15658.729,7640.723,0.1099
mixed,128,4,0.0312,4.0,2048,512,4096,16384,4480,10046.327,28075.366,12051.902,0.1112
mixed,128,4,0.0312,4.0,2048,1024,128,512,140,4290.919,4866.124,4347.531,0.0984
mixed,128,4,0.0312,4.0,2048,1024,256,1024,280,4483.115,5649.068,4628.683,0.1248
mixed,128,4,0.0312,4.0,2048,1024,512,2048,560,4920.777,7187.984,5194.763,0.1208
mixed,128,4,0.0312,4.0,2048,1024,1024,4096,1120,5789.42,10303.095,6276.878,0.108
mixed,128,4,0.0312,4.0,2048,1024,2048,8192,2240,7471.727,16501.637,8468.433,0.1104
mixed,128,4,0.0312,4.0,2048,1024,4096,16384,4480,10885.625,28914.627,12887.003,0.111
mixed,128,4,0.0312,4.0,2048,2048,128,512,140,5933.036,6525.803,6001.038,0.1147
mixed,128,4,0.0312,4.0,2048,2048,256,1024,280,6125.293,7296.394,6277.965,0.1304
mixed,128,4,0.0312,4.0,2048,2048,512,2048,560,6565.485,8844.275,6834.286,0.118
mixed,128,4,0.0312,4.0,2048,2048,1024,4096,1120,7437.903,11939.096,7927.536,0.1088
mixed,128,4,0.0312,4.0,2048,2048,2048,8192,2240,9134.515,18156.64,10122.26,0.1095
mixed,128,4,0.0312,4.0,2048,2048,4096,16384,4480,12533.882,30574.524,14556.634,0.1121
mixed,128,4,0.0312,4.0,2048,4096,128,512,140,9141.165,9737.743,9208.338,0.1126
mixed,128,4,0.0312,4.0,2048,4096,256,1024,280,9345.586,10492.657,9482.962,0.1198
mixed,128,4,0.0312,4.0,2048,4096,512,2048,560,9772.175,12056.277,10036.21,0.1156
mixed,128,4,0.0312,4.0,2048,4096,1024,4096,1120,10645.169,15141.848,11139.603,0.11
mixed,128,4,0.0312,4.0,2048,4096,2048,8192,2240,12349.62,21364.482,13332.31,0.109
mixed,128,4,0.0312,4.0,2048,4096,4096,16384,4480,15738.267,33770.137,17763.194,0.1123
mixed,128,4,0.0312,4.0,2048,8192,128,512,140,15335.126,15930.965,15415.961,0.1357
mixed,128,4,0.0312,4.0,2048,8192,256,1024,280,15542.132,16694.043,15377.367,-0.143
mixed,128,4,0.0312,4.0,2048,8192,512,2048,560,15635.382,18245.911,15482.806,-0.0584
mixed,128,4,0.0312,4.0,2048,8192,1024,4096,1120,16078.132,21362.657,15899.507,-0.0338
mixed,128,4,0.0312,4.0,2048,8192,2048,8192,2240,18940.949,27564.549,19537.019,0.0691
mixed,128,4,0.0312,4.0,2048,8192,4096,16384,4480,21938.366,40001.269,23967.679,0.1123
pure,128,8,0.0625,4.0,0,0,128,512,152,317.73,897.473,389.118,0.1231
pure,128,8,0.0625,4.0,0,0,256,1024,304,556.288,1668.032,668.961,0.1013
pure,128,8,0.0625,4.0,0,0,512,2048,608,1040.033,3222.435,1228.16,0.0862
pure,128,8,0.0625,4.0,0,0,1024,4096,1216,1960.354,6330.535,2335.715,0.0859
pure,128,8,0.0625,4.0,0,0,2048,8192,2432,3804.451,12527.087,4559.78,0.0866
pure,128,8,0.0625,4.0,0,0,4096,16384,4864,7493.32,24945.821,9019.626,0.0875
mixed,128,8,0.0625,4.0,16,0,128,512,152,347.488,923.745,420.099,0.126
mixed,128,8,0.0625,4.0,16,0,256,1024,304,584.673,1696.513,696.512,0.1006
mixed,128,8,0.0625,4.0,16,0,512,2048,608,1067.553,3244.803,1256.767,0.0869
mixed,128,8,0.0625,4.0,16,0,1024,4096,1216,1984.162,6359.332,2362.337,0.0864
mixed,128,8,0.0625,4.0,16,0,2048,8192,2432,3824.099,12556.843,4582.211,0.0868
mixed,128,8,0.0625,4.0,16,0,4096,16384,4864,7509.861,25375.573,9033.799,0.0853
mixed,128,8,0.0625,4.0,16,512,128,512,152,385.923,963.201,462.176,0.1321
mixed,128,8,0.0625,4.0,16,512,256,1024,304,624.832,1734.051,738.274,0.1023
mixed,128,8,0.0625,4.0,16,512,512,2048,608,1107.715,3288.769,1296.098,0.0864
mixed,128,8,0.0625,4.0,16,512,1024,4096,1216,2026.719,6386.945,2404.383,0.0866
mixed,128,8,0.0625,4.0,16,512,2048,8192,2432,3873.601,12592.23,4623.522,0.086
mixed,128,8,0.0625,4.0,16,512,4096,16384,4864,7560.645,25002.577,9085.798,0.0874
mixed,128,8,0.0625,4.0,16,1024,128,512,152,390.659,971.84,462.048,0.1228
mixed,128,8,0.0625,4.0,16,1024,256,1024,304,630.304,1742.498,746.784,0.1047
mixed,128,8,0.0625,4.0,16,1024,512,2048,608,1111.041,3293.986,1300.543,0.0868
mixed,128,8,0.0625,4.0,16,1024,1024,4096,1216,2033.566,6390.79,2407.106,0.0857
mixed,128,8,0.0625,4.0,16,1024,2048,8192,2432,3877.541,12607.973,4637.763,0.0871
mixed,128,8,0.0625,4.0,16,1024,4096,16384,4864,7553.25,25009.065,9088.865,0.088
mixed,128,8,0.0625,4.0,16,2048,128,512,152,397.472,974.784,472.927,0.1307
mixed,128,8,0.0625,4.0,16,2048,256,1024,304,637.217,1749.761,749.566,0.101
mixed,128,8,0.0625,4.0,16,2048,512,2048,608,1119.618,3299.616,1306.464,0.0857
mixed,128,8,0.0625,4.0,16,2048,1024,4096,1216,2041.472,6398.911,2412.576,0.0852
mixed,128,8,0.0625,4.0,16,2048,2048,8192,2432,3885.664,12602.531,4643.294,0.0869
mixed,128,8,0.0625,4.0,16,2048,4096,16384,4864,7568.223,25002.561,9095.743,0.0876
mixed,128,8,0.0625,4.0,16,4096,128,512,152,435.262,1014.08,508.383,0.1263
mixed,128,8,0.0625,4.0,16,4096,256,1024,304,677.408,1788.798,791.008,0.1022
mixed,128,8,0.0625,4.0,16,4096,512,2048,608,1158.336,3333.696,1348.736,0.0875
mixed,128,8,0.0625,4.0,16,4096,1024,4096,1216,2079.199,6436.222,2455.135,0.0863
mixed,128,8,0.0625,4.0,16,4096,2048,8192,2432,3916.865,12636.798,4684.031,0.088
mixed,128,8,0.0625,4.0,16,4096,4096,16384,4864,7605.887,25046.365,9135.551,0.0877
mixed,128,8,0.0625,4.0,16,8192,128,512,152,490.462,1068.576,561.05,0.1221
mixed,128,8,0.0625,4.0,16,8192,256,1024,304,728.736,1841.088,843.2,0.1029
mixed,128,8,0.0625,4.0,16,8192,512,2048,608,1211.745,3391.935,1407.232,0.0897
mixed,128,8,0.0625,4.0,16,8192,1024,4096,1216,2136.256,6490.878,2505.791,0.0849
mixed,128,8,0.0625,4.0,16,8192,2048,8192,2432,3976.766,12692.379,4735.55,0.0871
mixed,128,8,0.0625,4.0,16,8192,4096,16384,4864,7660.22,25097.14,9193.95,0.088
mixed,128,8,0.0625,4.0,32,0,128,512,152,383.072,963.389,456.768,0.127
mixed,128,8,0.0625,4.0,32,0,256,1024,304,623.007,1732.767,736.736,0.1025
mixed,128,8,0.0625,4.0,32,0,512,2048,608,1105.726,3283.645,1293.631,0.0863
mixed,128,8,0.0625,4.0,32,0,1024,4096,1216,2029.503,6392.253,2392.894,0.0833
mixed,128,8,0.0625,4.0,32,0,2048,8192,2432,3866.975,12591.898,4636.19,0.0882
mixed,128,8,0.0625,4.0,32,0,4096,16384,4864,7548.282,25015.089,9072.058,0.0872
mixed,128,8,0.0625,4.0,32,512,128,512,152,425.12,1002.272,496.992,0.1245
mixed,128,8,0.0625,4.0,32,512,256,1024,304,664.543,1774.655,775.582,0.1
mixed,128,8,0.0625,4.0,32,512,512,2048,608,1147.616,3329.79,1336.928,0.0868
mixed,128,8,0.0625,4.0,32,512,1024,4096,1216,2064.636,6428.54,2444.702,0.0871
mixed,128,8,0.0625,4.0,32,512,2048,8192,2432,3908.221,12633.687,4663.739,0.0866
mixed,128,8,0.0625,4.0,32,512,4096,16384,4864,7593.112,25053.262,9130.008,0.088
mixed,128,8,0.0625,4.0,32,1024,128,512,152,432.895,1010.687,503.936,0.123
mixed,128,8,0.0625,4.0,32,1024,256,1024,304,674.207,1784.511,789.919,0.1042
mixed,128,8,0.0625,4.0,32,1024,512,2048,608,1160.063,3332.733,1342.942,0.0842
mixed,128,8,0.0625,4.0,32,1024,1024,4096,1216,2078.525,6433.24,2450.301,0.0854
mixed,128,8,0.0625,4.0,32,1024,2048,8192,2432,3917.243,12646.259,4670.938,0.0863
mixed,128,8,0.0625,4.0,32,1024,4096,16384,4864,7607.61,25040.585,9129.91,0.0873
mixed,128,8,0.0625,4.0,32,2048,128,512,152,446.912,1026.687,520.96,0.1277
mixed,128,8,0.0625,4.0,32,2048,256,1024,304,687.008,1803.805,800.127,0.1013
mixed,128,8,0.0625,4.0,32,2048,512,2048,608,1168.223,3350.106,1366.686,0.091
mixed,128,8,0.0625,4.0,32,2048,1024,4096,1216,2094.27,6452.986,2463.518,0.0847
mixed,128,8,0.0625,4.0,32,2048,2048,8192,2432,3930.683,12659.381,4695.835,0.0877
mixed,128,8,0.0625,4.0,32,2048,4096,16384,4864,7617.783,25077.123,9140.758,0.0872
mixed,128,8,0.0625,4.0,32,4096,128,512,152,537.439,1112.831,610.623,0.1272
mixed,128,8,0.0625,4.0,32,4096,256,1024,304,777.344,1888.734,886.879,0.0986
mixed,128,8,0.0625,4.0,32,4096,512,2048,608,1258.206,3435.963,1445.726,0.0861
mixed,128,8,0.0625,4.0,32,4096,1024,4096,1216,2176.285,6537.783,2550.685,0.0858
mixed,128,8,0.0625,4.0,32,4096,2048,8192,2432,4022.076,12748.908,4778.361,0.0867
mixed,128,8,0.0625,4.0,32,4096,4096,16384,4864,7713.843,25156.445,9231.569,0.087
mixed,128,8,0.0625,4.0,32,8192,128,512,152,642.27,1229.822,721.056,0.1341
mixed,128,8,0.0625,4.0,32,8192,256,1024,304,885.95,2000.509,999.677,0.102
mixed,128,8,0.0625,4.0,32,8192,512,2048,608,1368.029,3544.828,1558.493,0.0875
mixed,128,8,0.0625,4.0,32,8192,1024,4096,1216,2290.046,6655.48,2665.021,0.0859
mixed,128,8,0.0625,4.0,32,8192,2048,8192,2432,4128.122,12867.659,4882.395,0.0863
mixed,128,8,0.0625,4.0,32,8192,4096,16384,4864,7815.57,25280.221,9337.17,0.0871
mixed,128,8,0.0625,4.0,64,0,128,512,152,388.319,969.471,461.119,0.1253
mixed,128,8,0.0625,4.0,64,0,256,1024,304,629.374,1740.541,742.942,0.1022
mixed,128,8,0.0625,4.0,64,0,512,2048,608,1109.215,3287.132,1294.974,0.0853
mixed,128,8,0.0625,4.0,64,0,1024,4096,1216,2030.653,6397.971,2403.579,0.0854
mixed,128,8,0.0625,4.0,64,0,2048,8192,2432,3869.462,12593.003,4631.673,0.0874
mixed,128,8,0.0625,4.0,64,0,4096,16384,4864,7555.06,25004.631,9078.066,0.0873
mixed,128,8,0.0625,4.0,64,512,128,512,152,441.28,1019.645,515.519,0.1284
mixed,128,8,0.0625,4.0,64,512,256,1024,304,682.431,1791.357,792.446,0.0992
mixed,128,8,0.0625,4.0,64,512,512,2048,608,1163.869,3345.881,1350.973,0.0857
mixed,128,8,0.0625,4.0,64,512,1024,4096,1216,2088.186,6447.157,2459.451,0.0852
mixed,128,8,0.0625,4.0,64,512,2048,8192,2432,3934.041,12655.687,4675.158,0.085
mixed,128,8,0.0625,4.0,64,512,4096,16384,4864,7611.891,25063.442,9134.992,0.0873
mixed,128,8,0.0625,4.0,64,1024,128,512,152,500.192,1081.95,573.085,0.1253
mixed,128,8,0.0625,4.0,64,1024,256,1024,304,742.111,1856.285,856.573,0.1027
mixed,128,8,0.0625,4.0,64,1024,512,2048,608,1227.711,3403.671,1413.597,0.0854
mixed,128,8,0.0625,4.0,64,1024,1024,4096,1216,2145.949,6507.346,2525.336,0.087
mixed,128,8,0.0625,4.0,64,1024,2048,8192,2432,3981.433,12712.135,4748.439,0.0879
mixed,128,8,0.0625,4.0,64,1024,4096,16384,4864,7673.456,25123.696,9192.366,0.087
mixed,128,8,0.0625,4.0,64,2048,128,512,152,538.047,1118.843,612.256,0.1278
mixed,128,8,0.0625,4.0,64,2048,256,1024,304,781.598,1888.251,891.069,0.0989
mixed,128,8,0.0625,4.0,64,2048,512,2048,608,1259.741,3443.162,1449.309,0.0868
mixed,128,8,0.0625,4.0,64,2048,1024,4096,1216,2185.468,6542.705,2556.507,0.0852
mixed,128,8,0.0625,4.0,64,2048,2048,8192,2432,4023.416,12754.339,4772.567,0.0858
mixed,128,8,0.0625,4.0,64,2048,4096,16384,4864,7703.951,25173.772,9230.637,0.0874
mixed,128,8,0.0625,4.0,64,4096,128,512,152,642.653,1220.861,713.888,0.1232
mixed,128,8,0.0625,4.0,64,4096,256,1024,304,879.423,1993.788,994.94,0.1037
mixed,128,8,0.0625,4.0,64,4096,512,2048,608,1361.661,3542.423,1551.068,0.0869
mixed,128,8,0.0625,4.0,64,4096,1024,4096,1216,2282.875,6646.323,2651.835,0.0846
mixed,128,8,0.0625,4.0,64,4096,2048,8192,2432,4124.725,12853.826,4881.652,0.0867
mixed,128,8,0.0625,4.0,64,4096,4096,16384,4864,7808.46,25259.657,9339.98,0.0878
mixed,128,8,0.0625,4.0,64,8192,128,512,152,841.759,1424.093,913.726,0.1236
mixed,128,8,0.0625,4.0,64,8192,256,1024,304,1084.638,2202.171,1197.02,0.1006
mixed,128,8,0.0625,4.0,64,8192,512,2048,608,1566.108,3748.343,1753.818,0.086
mixed,128,8,0.0625,4.0,64,8192,1024,4096,1216,2483.833,6853.136,2863.388,0.0869
mixed,128,8,0.0625,4.0,64,8192,2048,8192,2432,4327.89,13058.336,5087.73,0.087
mixed,128,8,0.0625,4.0,64,8192,4096,16384,4864,8002.957,25464.74,9535.85,0.0878
mixed,128,8,0.0625,4.0,128,0,128,512,152,410.015,990.174,486.942,0.1326
mixed,128,8,0.0625,4.0,128,0,256,1024,304,649.469,1762.331,762.94,0.102
mixed,128,8,0.0625,4.0,128,0,512,2048,608,1131.262,3313.24,1320.093,0.0865
mixed,128,8,0.0625,4.0,128,0,1024,4096,1216,2052.315,6415.632,2428.764,0.0863
mixed,128,8,0.0625,4.0,128,0,2048,8192,2432,3896.82,12623.615,4650.514,0.0864
mixed,128,8,0.0625,4.0,128,0,4096,16384,4864,7583.085,25036.483,9097.575,0.0868
mixed,128,8,0.0625,4.0,128,512,128,512,152,545.598,1125.34,616.476,0.1223
mixed,128,8,0.0625,4.0,128,512,256,1024,304,782.749,1896.154,896.669,0.1023
mixed,128,8,0.0625,4.0,128,512,512,2048,608,1262.653,3440.727,1456.317,0.0889
mixed,128,8,0.0625,4.0,128,512,1024,4096,1216,2185.657,6544.399,2560.823,0.0861
mixed,128,8,0.0625,4.0,128,512,2048,8192,2432,4023.03,12750.75,4786.546,0.0875
mixed,128,8,0.0625,4.0,128,512,4096,16384,4864,7713.291,25170.878,9238.084,0.0873
mixed,128,8,0.0625,4.0,128,1024,128,512,152,605.502,1190.205,683.679,0.1337
mixed,128,8,0.0625,4.0,128,1024,256,1024,304,846.429,1960.792,960.702,0.1025
mixed,128,8,0.0625,4.0,128,1024,512,2048,608,1331.933,3506.263,1518.843,0.086
mixed,128,8,0.0625,4.0,128,1024,1024,4096,1216,2254.715,6613.741,2621.177,0.0841
mixed,128,8,0.0625,4.0,128,1024,2048,8192,2432,4095.829,12820.352,4849.459,0.0864
mixed,128,8,0.0625,4.0,128,1024,4096,16384,4864,7774.603,25226.616,9295.557,0.0872
mixed,128,8,0.0625,4.0,128,2048,128,512,152,707.39,1289.469,779.773,0.1244
mixed,128,8,0.0625,4.0,128,2048,256,1024,304,951.931,2059.96,1060.444,0.0979
mixed,128,8,0.0625,4.0,128,2048,512,2048,608,1431.481,3611.157,1618.555,0.0858
mixed,128,8,0.0625,4.0,128,2048,1024,4096,1216,2355.32,6723.214,2727.639,0.0852
mixed,128,8,0.0625,4.0,128,2048,2048,8192,2432,4195.7,12919.548,4951.185,0.0866
mixed,128,8,0.0625,4.0,128,2048,4096,16384,4864,7878.47,25330.839,9392.037,0.0867
mixed,128,8,0.0625,4.0,128,4096,128,512,152,908.799,1491.418,985.243,0.1312
mixed,128,8,0.0625,4.0,128,4096,256,1024,304,1150.108,2267.992,1263.195,0.1012
mixed,128,8,0.0625,4.0,128,4096,512,2048,608,1630.65,3808.244,1819.005,0.0865
mixed,128,8,0.0625,4.0,128,4096,1024,4096,1216,2552.409,6917.546,2925.495,0.0855
mixed,128,8,0.0625,4.0,128,4096,2048,8192,2432,4392.947,13118.552,5145.169,0.0862
mixed,128,8,0.0625,4.0,128,4096,4096,16384,4864,8085.962,25529.367,9611.236,0.0874
mixed,128,8,0.0625,4.0,128,8192,128,512,152,1304.669,1890.202,1379.229,0.1273
mixed,128,8,0.0625,4.0,128,8192,256,1024,304,1544.414,2659.064,1658.815,0.1026
mixed,128,8,0.0625,4.0,128,8192,512,2048,608,2026.458,4207.378,2212.729,0.0854
mixed,128,8,0.0625,4.0,128,8192,1024,4096,1216,2948.056,7306.569,3321.748,0.0857
mixed,128,8,0.0625,4.0,128,8192,2048,8192,2432,4788.497,13510.519,5554.738,0.0879
mixed,128,8,0.0625,4.0,128,8192,4096,16384,4864,8478.66,25925.616,10003.711,0.0874
mixed,128,8,0.0625,4.0,256,0,128,512,152,527.551,1108.989,603.967,0.1314
mixed,128,8,0.0625,4.0,256,0,256,1024,304,772.479,1879.673,883.358,0.1001
mixed,128,8,0.0625,4.0,256,0,512,2048,608,1250.812,3433.716,1438.299,0.0859
mixed,128,8,0.0625,4.0,256,0,1024,4096,1216,2171.61,6543.273,2554.296,0.0875
mixed,128,8,0.0625,4.0,256,0,2048,8192,2432,4012.242,12749.495,4770.002,0.0867
mixed,128,8,0.0625,4.0,256,0,4096,16384,4864,7692.519,25169.104,9238.049,0.0884
mixed,128,8,0.0625,4.0,256,512,128,512,152,661.695,1237.117,734.462,0.1265
mixed,128,8,0.0625,4.0,256,512,256,1024,304,901.182,2013.211,1013.788,0.1013
mixed,128,8,0.0625,4.0,256,512,512,2048,608,1389.561,3562.58,1572.346,0.0841
mixed,128,8,0.0625,4.0,256,512,1024,4096,1216,2304.282,6665.162,2679.159,0.086
mixed,128,8,0.0625,4.0,256,512,2048,8192,2432,4140.498,12887.733,4901.489,0.087
mixed,128,8,0.0625,4.0,256,512,4096,16384,4864,7829.351,25296.493,9358.207,0.0875
mixed,128,8,0.0625,4.0,256,1024,128,512,152,757.948,1339.357,833.022,0.1291
mixed,128,8,0.0625,4.0,256,1024,256,1024,304,1000.158,2112.345,1111.066,0.0997
mixed,128,8,0.0625,4.0,256,1024,512,2048,608,1482.971,3664.692,1665.658,0.0837
mixed,128,8,0.0625,4.0,256,1024,1024,4096,1216,2409.014,6762.73,2775.445,0.0842
mixed,128,8,0.0625,4.0,256,1024,2048,8192,2432,4243.536,12971.637,4999.535,0.0866
mixed,128,8,0.0625,4.0,256,1024,4096,16384,4864,7927.332,25378.375,9460.321,0.0878
mixed,128,8,0.0625,4.0,256,2048,128,512,152,955.964,1536.155,1026.238,0.1211
mixed,128,8,0.0625,4.0,256,2048,256,1024,304,1195.067,2307.866,1308.956,0.1023
mixed,128,8,0.0625,4.0,256,2048,512,2048,608,1680.092,3861.938,1867.034,0.0857
mixed,128,8,0.0625,4.0,256,2048,1024,4096,1216,2600.31,6969.447,2974.836,0.0857
mixed,128,8,0.0625,4.0,256,2048,2048,8192,2432,4439.696,13171.026,5205.069,0.0877
mixed,128,8,0.0625,4.0,256,2048,4096,16384,4864,8118.978,25576.39,9645.118,0.0874
mixed,128,8,0.0625,4.0,256,4096,128,512,152,1352.7,1933.21,1425.658,0.1257
mixed,128,8,0.0625,4.0,256,4096,256,1024,304,1590.201,2705.559,1704.665,0.1026
mixed,128,8,0.0625,4.0,256,4096,512,2048,608,2074.81,4256.048,2266.201,0.0877
mixed,128,8,0.0625,4.0,256,4096,1024,4096,1216,2998.581,7360.391,3373.043,0.0859
mixed,128,8,0.0625,4.0,256,4096,2048,8192,2432,4838.287,13565.518,5606.093,0.088
mixed,128,8,0.0625,4.0,256,4096,4096,16384,4864,8520.864,25970.692,10053.275,0.0878
mixed,128,8,0.0625,4.0,256,8192,128,512,152,2141.239,2723.351,2217.397,0.1308
mixed,128,8,0.0625,4.0,256,8192,256,1024,304,2384.695,3493.875,2494.615,0.0991
mixed,128,8,0.0625,4.0,256,8192,512,2048,608,2860.983,5041.836,3054.677,0.0888
mixed,128,8,0.0625,4.0,256,8192,1024,4096,1216,3786.258,8142.689,4164.657,0.0869
mixed,128,8,0.0625,4.0,256,8192,2048,8192,2432,5628.428,14344.362,6397.449,0.0882
mixed,128,8,0.0625,4.0,256,8192,4096,16384,4864,9316.318,26775.007,10841.141,0.0873
mixed,128,8,0.0625,4.0,512,0,128,512,152,797.915,1381.403,872.477,0.1278
mixed,128,8,0.0625,4.0,512,0,256,1024,304,1040.571,2154.071,1151.451,0.0996
mixed,128,8,0.0625,4.0,512,0,512,2048,608,1519.002,3701.137,1709.593,0.0873
mixed,128,8,0.0625,4.0,512,0,1024,4096,1216,2441.368,6803.911,2811.828,0.0849
mixed,128,8,0.0625,4.0,512,0,2048,8192,2432,4290.416,13003.568,5045.613,0.0867
mixed,128,8,0.0625,4.0,512,0,4096,16384,4864,7964.161,25427.745,9486.397,0.0872
mixed,128,8,0.0625,4.0,512,512,128,512,152,1018.301,1601.72,1089.211,0.1215
mixed,128,8,0.0625,4.0,512,512,256,1024,304,1259.001,2368.502,1374.01,0.1037
mixed,128,8,0.0625,4.0,512,512,512,2048,608,1739.385,3922.416,1935.64,0.0899
mixed,128,8,0.0625,4.0,512,512,1024,4096,1216,2666.613,7029.285,3038.645,0.0853
mixed,128,8,0.0625,4.0,512,512,2048,8192,2432,4502.317,13221.9,5261.674,0.0871
mixed,128,8,0.0625,4.0,512,512,4096,16384,4864,8187.36,25639.168,9712.6,0.0874
mixed,128,8,0.0625,4.0,512,1024,128,512,152,1217.595,1795.992,1288.474,0.1225
mixed,128,8,0.0625,4.0,512,1024,256,1024,304,1456.507,2567.734,1567.066,0.0995
mixed,128,8,0.0625,4.0,512,1024,512,2048,608,1933.306,4116.687,2126.584,0.0885
mixed,128,8,0.0625,4.0,512,1024,1024,4096,1216,2855.316,7221.601,3241.524,0.0885
mixed,128,8,0.0625,4.0,512,1024,2048,8192,2432,4697.772,13432.81,5456.683,0.0869
mixed,128,8,0.0625,4.0,512,1024,4096,16384,4864,8385.343,25842.713,9918.743,0.0878
mixed,128,8,0.0625,4.0,512,2048,128,512,152,1607.834,2186.586,1679.577,0.124
mixed,128,8,0.0625,4.0,512,2048,256,1024,304,1845.656,2959.22,1961.498,0.104
mixed,128,8,0.0625,4.0,512,2048,512,2048,608,2326.198,4513.645,2516.374,0.0869
mixed,128,8,0.0625,4.0,512,2048,1024,4096,1216,3257.329,7615.138,3628.434,0.0852
mixed,128,8,0.0625,4.0,512,2048,2048,8192,2432,5093.674,13824.741,5843.687,0.0859
mixed,128,8,0.0625,4.0,512,2048,4096,16384,4864,8784.639,26225.975,10301.458,0.087
mixed,128,8,0.0625,4.0,512,4096,128,512,152,2393.462,2968.724,2466.87,0.1276
mixed,128,8,0.0625,4.0,512,4096,256,1024,304,2632.853,3744.335,2741.298,0.0976
mixed,128,8,0.0625,4.0,512,4096,512,2048,608,3114.58,5298.217,3302.611,0.0861
mixed,128,8,0.0625,4.0,512,4096,1024,4096,1216,4037.678,8400.7,4414.829,0.0864
mixed,128,8,0.0625,4.0,512,4096,2048,8192,2432,5874.152,14603.623,6631.654,0.0868
mixed,128,8,0.0625,4.0,512,4096,4096,16384,4864,9562.101,27023.571,11088.243,0.0874
mixed,128,8,0.0625,4.0,512,8192,128,512,152,3960.844,4544.238,4029.711,0.118
mixed,128,8,0.0625,4.0,512,8192,256,1024,304,4201.742,5314.281,4313.71,0.1006
mixed,128,8,0.0625,4.0,512,8192,512,2048,608,4683.693,6861.829,4869.516,0.0853
mixed,128,8,0.0625,4.0,512,8192,1024,4096,1216,5603.336,9969.012,5975.302,0.0852
mixed,128,8,0.0625,4.0,512,8192,2048,8192,2432,7445.281,16176.06,8203.195,0.0868
mixed,128,8,0.0625,4.0,512,8192,4096,16384,4864,11131.603,28583.722,12653.771,0.0872
mixed,128,8,0.0625,4.0,1024,0,128,512,152,1131.771,1712.089,1210.81,0.1362
mixed,128,8,0.0625,4.0,1024,0,256,1024,304,1370.874,2481.621,1487.418,0.1049
mixed,128,8,0.0625,4.0,1024,0,512,2048,608,1856.536,4046.828,2039.704,0.0836
mixed,128,8,0.0625,4.0,1024,0,1024,4096,1216,2774.068,7149.505,3150.674,0.0861
mixed,128,8,0.0625,4.0,1024,0,2048,8192,2432,4617.772,13353.224,5378.602,0.0871
mixed,128,8,0.0625,4.0,1024,0,4096,16384,4864,8309.404,25761.874,9822.644,0.0867
mixed,128,8,0.0625,4.0,1024,512,128,512,152,1602.714,2180.631,1678.745,0.1316
mixed,128,8,0.0625,4.0,1024,512,256,1024,304,1841.815,2954.068,1955.961,0.1026
mixed,128,8,0.0625,4.0,1024,512,512,2048,608,2325.557,4505.326,2512.244,0.0856
mixed,128,8,0.0625,4.0,1024,512,1024,4096,1216,3246.962,7604.64,3627.983,0.0874
mixed,128,8,0.0625,4.0,1024,512,2048,8192,2432,5087.594,13823.076,5847.656,0.087
mixed,128,8,0.0625,4.0,1024,512,4096,16384,4864,8771.064,26228.404,10309.971,0.0882
mixed,128,8,0.0625,4.0,1024,1024,128,512,152,1992.982,2577.141,2071.896,0.1351
mixed,128,8,0.0625,4.0,1024,1024,256,1024,304,2233.174,3348.913,2344.887,0.1001
mixed,128,8,0.0625,4.0,1024,1024,512,2048,608,2718.806,4896.809,2904.211,0.0851
mixed,128,8,0.0625,4.0,1024,1024,1024,4096,1216,3641.103,7997.917,4013.23,0.0854
mixed,128,8,0.0625,4.0,1024,1024,2048,8192,2432,5473.703,14214.337,6230.085,0.0865
mixed,128,8,0.0625,4.0,1024,1024,4096,16384,4864,9160.505,26629.71,10684.847,0.0873
mixed,128,8,0.0625,4.0,1024,2048,128,512,152,2777.586,3355.697,2848.401,0.1225
mixed,128,8,0.0625,4.0,1024,2048,256,1024,304,3012.275,4128.909,3126.645,0.1024
mixed,128,8,0.0625,4.0,1024,2048,512,2048,608,3494.415,5673.577,3682.576,0.0863
mixed,128,8,0.0625,4.0,1024,2048,1024,4096,1216,4421.579,8786.232,4788.715,0.0841
mixed,128,8,0.0625,4.0,1024,2048,2048,8192,2432,6266.98,14997.982,7021.151,0.0864
mixed,128,8,0.0625,4.0,1024,2048,4096,16384,4864,9945.811,27397.77,11464.589,0.087
mixed,128,8,0.0625,4.0,1024,4096,128,512,152,4338.541,4918.825,4409.741,0.1227
mixed,128,8,0.0625,4.0,1024,4096,256,1024,304,4575.916,5687.751,4687.436,0.1003
mixed,128,8,0.0625,4.0,1024,4096,512,2048,608,5059.945,7236.895,5244.616,0.0848
mixed,128,8,0.0625,4.0,1024,4096,1024,4096,1216,5983.172,10332.658,6353.41,0.0851
mixed,128,8,0.0625,4.0,1024,4096,2048,8192,2432,7822.459,16548.374,8585.238,0.0874
mixed,128,8,0.0625,4.0,1024,4096,4096,16384,4864,11508.81,28965.117,13025.476,0.0869
mixed,128,8,0.0625,4.0,1024,8192,128,512,152,7460.832,8032.955,7525.148,0.1124
mixed,128,8,0.0625,4.0,1024,8192,256,1024,304,7704.667,8809.72,7816.666,0.1014
mixed,128,8,0.0625,4.0,1024,8192,512,2048,608,8192.219,10355.824,8367.704,0.0811
mixed,128,8,0.0625,4.0,1024,8192,1024,4096,1216,9092.341,13468.068,9476.211,0.0877
mixed,128,8,0.0625,4.0,1024,8192,2048,8192,2432,10934.636,19668.103,11690.598,0.0866
mixed,128,8,0.0625,4.0,1024,8192,4096,16384,4864,14625.661,32090.899,16150.741,0.0873
mixed,128,8,0.0625,4.0,2048,0,128,512,152,2600.118,3177.649,2668.308,0.1181
mixed,128,8,0.0625,4.0,2048,0,256,1024,304,2837.491,3951.566,2948.496,0.0996
mixed,128,8,0.0625,4.0,2048,0,512,2048,608,3318.479,5499.11,3506.543,0.0862
mixed,128,8,0.0625,4.0,2048,0,1024,4096,1216,4240.012,8608.151,4612.363,0.0852
mixed,128,8,0.0625,4.0,2048,0,2048,8192,2432,6081.636,14805.886,6835.104,0.0864
mixed,128,8,0.0625,4.0,2048,0,4096,16384,4864,9764.753,27219.494,11286.99,0.0872
mixed,128,8,0.0625,4.0,2048,512,128,512,152,3454.639,4032.525,3526.542,0.1244
mixed,128,8,0.0625,4.0,2048,512,256,1024,304,3692.302,4805.064,3801.805,0.0984
mixed,128,8,0.0625,4.0,2048,512,512,2048,608,4172.778,6360.418,4363.467,0.0872
mixed,128,8,0.0625,4.0,2048,512,1024,4096,1216,5097.066,9463.348,5466.502,0.0846
mixed,128,8,0.0625,4.0,2048,512,2048,8192,2432,6940.093,15672.218,7700.763,0.0871
mixed,128,8,0.0625,4.0,2048,512,4096,16384,4864,10625.71,28072.126,12138.185,0.0867
mixed,128,8,0.0625,4.0,2048,1024,128,512,152,4286.443,4868.937,4371.883,0.1467
mixed,128,8,0.0625,4.0,2048,1024,256,1024,304,4529.257,5657.062,4640.297,0.0985
mixed,128,8,0.0625,4.0,2048,1024,512,2048,608,5020.678,7201.342,5204.36,0.0842
mixed,128,8,0.0625,4.0,2048,1024,1024,4096,1216,5935.842,10300.975,6303.778,0.0843
mixed,128,8,0.0625,4.0,2048,1024,2048,8192,2432,7778.686,16503.538,8528.25,0.0859
mixed,128,8,0.0625,4.0,2048,1024,4096,16384,4864,11464.616,28905.691,12992.451,0.0876
mixed,128,8,0.0625,4.0,2048,2048,128,512,152,5936.965,6517.025,6014.916,0.1344
mixed,128,8,0.0625,4.0,2048,2048,256,1024,304,6176.896,7294.716,6291.362,0.1024
mixed,128,8,0.0625,4.0,2048,2048,512,2048,608,6660.48,8842.998,6848.893,0.0863
mixed,128,8,0.0625,4.0,2048,2048,1024,4096,1216,7581.913,11940.838,7960.637,0.0869
mixed,128,8,0.0625,4.0,2048,2048,2048,8192,2432,9428.947,18157.963,10185.905,0.0867
mixed,128,8,0.0625,4.0,2048,2048,4096,16384,4864,13104.256,30570.227,14638.711,0.0879
mixed,128,8,0.0625,4.0,2048,4096,128,512,152,9152.309,9735.091,9230.93,0.1349
mixed,128,8,0.0625,4.0,2048,4096,256,1024,304,9389.266,10511.886,9509.905,0.1075
mixed,128,8,0.0625,4.0,2048,4096,512,2048,608,9864.687,12041.095,10059.853,0.0897
mixed,128,8,0.0625,4.0,2048,4096,1024,4096,1216,10787.882,15154.232,11171.05,0.0878
mixed,128,8,0.0625,4.0,2048,4096,2048,8192,2432,12631.268,21371.031,13385.793,0.0863
mixed,128,8,0.0625,4.0,2048,4096,4096,16384,4864,16312.753,33763.295,17851.403,0.0882
mixed,128,8,0.0625,4.0,2048,8192,128,512,152,14715.739,16089.555,15424.884,0.5162
mixed,128,8,0.0625,4.0,2048,8192,256,1024,304,15586.548,16715.058,15385.205,-0.1784
mixed,128,8,0.0625,4.0,2048,8192,512,2048,608,15970.096,18257.802,15493.716,-0.2082
mixed,128,8,0.0625,4.0,2048,8192,1024,4096,1216,17021.035,21352.536,16996.488,-0.0057
mixed,128,8,0.0625,4.0,2048,8192,2048,8192,2432,18471.106,27553.532,19586.045,0.1228
mixed,128,8,0.0625,4.0,2048,8192,4096,16384,4864,21053.949,36615.761,24028.43,0.1911
pure,128,16,0.125,4.0,0,0,128,512,176,363.549,895.932,410.751,0.0887
pure,128,16,0.125,4.0,0,0,256,1024,352,650.781,1668.216,730.397,0.0783
pure,128,16,0.125,4.0,0,0,512,2048,704,1186.555,3216.145,1373.271,0.092
pure,128,16,0.125,4.0,0,0,1024,4096,1408,2253.527,6320.963,2533.587,0.0689
pure,128,16,0.125,4.0,0,0,2048,8192,2816,4380.008,12543.745,4949.542,0.0698
pure,128,16,0.125,4.0,0,0,4096,16384,5632,8647.348,24938.981,9779.633,0.0695
mixed,128,16,0.125,4.0,16,0,128,512,176,391.71,924.861,451.613,0.1124
mixed,128,16,0.125,4.0,16,0,256,1024,352,680.092,1698.745,760.061,0.0785
mixed,128,16,0.125,4.0,16,0,512,2048,704,1212.186,3248.463,1358.266,0.0717
mixed,128,16,0.125,4.0,16,0,1024,4096,1408,2280.149,6351.615,2567.667,0.0706
mixed,128,16,0.125,4.0,16,0,2048,8192,2816,4414.667,12560.676,4977.382,0.0691
mixed,128,16,0.125,4.0,16,0,4096,16384,5632,8674.133,24979.781,9810.031,0.0697
mixed,128,16,0.125,4.0,16,512,128,512,176,433.247,963.004,481.438,0.091
mixed,128,16,0.125,4.0,16,512,256,1024,352,721.405,1735.447,803.517,0.081
mixed,128,16,0.125,4.0,16,512,512,2048,704,1252.828,3289.808,1400.697,0.0726
mixed,128,16,0.125,4.0,16,512,1024,4096,1408,2316.405,6388.865,2595.379,0.0685
mixed,128,16,0.125,4.0,16,512,2048,8192,2816,4445.705,12592.288,5009.67,0.0692
mixed,128,16,0.125,4.0,16,512,4096,16384,5632,8714.58,25003.395,9843.119,0.0693
mixed,128,16,0.125,4.0,16,1024,128,512,176,438.366,969.276,488.192,0.0939
mixed,128,16,0.125,4.0,16,1024,256,1024,352,723.867,1748.088,810.653,0.0847
mixed,128,16,0.125,4.0,16,1024,512,2048,704,1256.635,3291.951,1403.32,0.0721
mixed,128,16,0.125,4.0,16,1024,1024,4096,1408,2321.493,6393.597,2603.826,0.0693
mixed,128,16,0.125,4.0,16,1024,2048,8192,2816,4450.025,12599.68,5024.52,0.0705
mixed,128,16,0.125,4.0,16,1024,4096,16384,5632,8724.115,25026.179,9851.342,0.0691
mixed,128,16,0.125,4.0,16,2048,128,512,176,442.751,976.316,507.676,0.1217
mixed,128,16,0.125,4.0,16,2048,256,1024,352,728.99,1743.959,808.092,0.0779
mixed,128,16,0.125,4.0,16,2048,512,2048,704,1261.979,3292.017,1429.719,0.0826
mixed,128,16,0.125,4.0,16,2048,1024,4096,1408,2329.173,6399.265,2609.428,0.0689
mixed,128,16,0.125,4.0,16,2048,2048,8192,2816,4455.05,12610.496,5018.793,0.0691
mixed,128,16,0.125,4.0,16,2048,4096,16384,5632,8723.953,25031.071,9855.372,0.0694
mixed,128,16,0.125,4.0,16,4096,128,512,176,483.835,1013.946,531.262,0.0895
mixed,128,16,0.125,4.0,16,4096,256,1024,352,768.059,1784.856,842.14,0.0729
mixed,128,16,0.125,4.0,16,4096,512,2048,704,1302.266,3331.759,1447.576,0.0716
mixed,128,16,0.125,4.0,16,4096,1024,4096,1408,2370.996,6440.575,2652.848,0.0693
mixed,128,16,0.125,4.0,16,4096,2048,8192,2816,4502.569,12645.695,5065.702,0.0692
mixed,128,16,0.125,4.0,16,4096,4096,16384,5632,8761.299,25067.968,9891.247,0.0693
mixed,128,16,0.125,4.0,16,8192,128,512,176,537.595,1066.234,583.581,0.087
mixed,128,16,0.125,4.0,16,8192,256,1024,352,822.237,1838.198,896.092,0.0727
mixed,128,16,0.125,4.0,16,8192,512,2048,704,1355.833,3393.039,1543.254,0.092
mixed,128,16,0.125,4.0,16,8192,1024,4096,1408,2422.578,6491.708,2701.459,0.0685
mixed,128,16,0.125,4.0,16,8192,2048,8192,2816,4556.074,12697.792,5115.941,0.0688
mixed,128,16,0.125,4.0,16,8192,4096,16384,5632,8818.514,25121.181,9940.587,0.0688
mixed,128,16,0.125,4.0,32,0,128,512,176,432.765,960.635,478.909,0.0874
mixed,128,16,0.125,4.0,32,0,256,1024,352,715.804,1735.096,807.259,0.0897
mixed,128,16,0.125,4.0,32,0,512,2048,704,1253.882,3288.174,1395.352,0.0695
mixed,128,16,0.125,4.0,32,0,1024,4096,1408,2315.125,6389.599,2598.356,0.0695
mixed,128,16,0.125,4.0,32,0,2048,8192,2816,4454.088,12597.216,5010.213,0.0683
mixed,128,16,0.125,4.0,32,0,4096,16384,5632,8714.835,25008.608,9851.243,0.0697
mixed,128,16,0.125,4.0,32,512,128,512,176,471.677,1002.555,521.661,0.0942
mixed,128,16,0.125,4.0,32,512,256,1024,352,757.693,1775.797,844.188,0.085
mixed,128,16,0.125,4.0,32,512,512,2048,704,1291.29,3326.574,1460.696,0.0832
mixed,128,16,0.125,4.0,32,512,1024,4096,1408,2357.811,6429.663,2644.563,0.0704
mixed,128,16,0.125,4.0,32,512,2048,8192,2816,4490.057,12635.776,5062.341,0.0703
mixed,128,16,0.125,4.0,32,512,4096,16384,5632,8749.585,25045.47,9885.165,0.0697
mixed,128,16,0.125,4.0,32,1024,128,512,176,479.838,1012.571,528.251,0.0909
mixed,128,16,0.125,4.0,32,1024,256,1024,352,767.644,1783.127,841.596,0.0728
mixed,128,16,0.125,4.0,32,1024,512,2048,704,1299.674,3343.568,1445.624,0.0714
mixed,128,16,0.125,4.0,32,1024,1024,4096,1408,2372.501,6435.807,2651.347,0.0686
mixed,128,16,0.125,4.0,32,1024,2048,8192,2816,4497.8,12661.728,5066.342,0.0696
mixed,128,16,0.125,4.0,32,1024,4096,16384,5632,8761.395,25062.813,9895.404,0.0696
mixed,128,16,0.125,4.0,32,2048,128,512,176,494.365,1026.557,542.239,0.09
mixed,128,16,0.125,4.0,32,2048,256,1024,352,780.54,1799.509,858.779,0.0768
mixed,128,16,0.125,4.0,32,2048,512,2048,704,1314.935,3348.109,1497.688,0.0899
mixed,128,16,0.125,4.0,32,2048,1024,4096,1408,2379.252,6448.956,2661.166,0.0693
mixed,128,16,0.125,4.0,32,2048,2048,8192,2816,4515.943,12669.052,5073.733,0.0684
mixed,128,16,0.125,4.0,32,2048,4096,16384,5632,8779.092,25061.693,9906.573,0.0692
mixed,128,16,0.125,4.0,32,4096,128,512,176,585.215,1114.333,632.795,0.0899
mixed,128,16,0.125,4.0,32,4096,256,1024,352,869.308,1891.798,943.803,0.0729
mixed,128,16,0.125,4.0,32,4096,512,2048,704,1405.307,3440.015,1547.767,0.07
mixed,128,16,0.125,4.0,32,4096,1024,4096,1408,2468.595,6544.221,2754.833,0.0702
mixed,128,16,0.125,4.0,32,4096,2048,8192,2816,4598.311,12736.093,5171.364,0.0704
mixed,128,16,0.125,4.0,32,4096,4096,16384,5632,8873.235,25568.824,10000.745,0.0675
mixed,128,16,0.125,4.0,32,8192,128,512,176,694.62,1223.484,740.188,0.0862
mixed,128,16,0.125,4.0,32,8192,256,1024,352,978.873,2000.31,1051.322,0.0709
mixed,128,16,0.125,4.0,32,8192,512,2048,704,1514.998,3550.764,1700.823,0.0913
mixed,128,16,0.125,4.0,32,8192,1024,4096,1408,2580.435,6658.844,2862.865,0.0693
mixed,128,16,0.125,4.0,32,8192,2048,8192,2816,4707.43,12850.907,5279.012,0.0702
mixed,128,16,0.125,4.0,32,8192,4096,16384,5632,8981.458,25264.797,10106.923,0.0691
mixed,128,16,0.125,4.0,64,0,128,512,176,435.582,966.3,487.452,0.0977
mixed,128,16,0.125,4.0,64,0,256,1024,352,721.755,1741.141,793.436,0.0703
mixed,128,16,0.125,4.0,64,0,512,2048,704,1253.944,3295.726,1418.586,0.0806
mixed,128,16,0.125,4.0,64,0,1024,4096,1408,2317.941,6392.062,2605.458,0.0706
mixed,128,16,0.125,4.0,64,0,2048,8192,2816,4453.768,12600.188,5023.301,0.0699
mixed,128,16,0.125,4.0,64,0,4096,16384,5632,8725.393,25020.572,9848.811,0.0689
mixed,128,16,0.125,4.0,64,512,128,512,176,488.061,1017.851,553.533,0.1236
mixed,128,16,0.125,4.0,64,512,256,1024,352,774.587,1793.592,847.227,0.0713
mixed,128,16,0.125,4.0,64,512,512,2048,704,1308.376,3341.712,1453.655,0.0714
mixed,128,16,0.125,4.0,64,512,1024,4096,1408,2374.194,6443.614,2655.411,0.0691
mixed,128,16,0.125,4.0,64,512,2048,8192,2816,4505.415,12648.765,5074.182,0.0698
mixed,128,16,0.125,4.0,64,512,4096,16384,5632,8770.098,25060.697,9912.681,0.0701
mixed,128,16,0.125,4.0,64,1024,128,512,176,550.717,1081.018,598.364,0.0898
mixed,128,16,0.125,4.0,64,1024,256,1024,352,834.076,1856.63,923.868,0.0878
mixed,128,16,0.125,4.0,64,1024,512,2048,704,1368.985,3401.454,1516.309,0.0725
mixed,128,16,0.125,4.0,64,1024,1024,4096,1408,2437.584,6507.643,2716.43,0.0685
mixed,128,16,0.125,4.0,64,1024,2048,8192,2816,4570.856,12715.1,5135.333,0.0693
mixed,128,16,0.125,4.0,64,1024,4096,16384,5632,8833.23,25137.625,9961.448,0.0692
mixed,128,16,0.125,4.0,64,2048,128,512,176,585.66,1116.09,633.564,0.0903
mixed,128,16,0.125,4.0,64,2048,256,1024,352,871.547,1887.511,958.522,0.0856
mixed,128,16,0.125,4.0,64,2048,512,2048,704,1406.713,3442.925,1552.599,0.0716
mixed,128,16,0.125,4.0,64,2048,1024,4096,1408,2467.728,6536.667,2755.409,0.0707
mixed,128,16,0.125,4.0,64,2048,2048,8192,2816,4605.96,12756.382,5167.043,0.0688
mixed,128,16,0.125,4.0,64,2048,4096,16384,5632,8873.486,25158.677,10002.823,0.0693
mixed,128,16,0.125,4.0,64,4096,128,512,176,689.402,1219.226,741.723,0.0988
mixed,128,16,0.125,4.0,64,4096,256,1024,352,972.858,1993.268,1051.353,0.0769
mixed,128,16,0.125,4.0,64,4096,512,2048,704,1506.202,3543.918,1689.591,0.09
mixed,128,16,0.125,4.0,64,4096,1024,4096,1408,2574.065,6649.242,2856.208,0.0692
mixed,128,16,0.125,4.0,64,4096,2048,8192,2816,4704.583,12859.194,5272.292,0.0696
mixed,128,16,0.125,4.0,64,4096,4096,16384,5632,8969.841,25266.261,10103.788,0.0696
mixed,128,16,0.125,4.0,64,8192,128,512,176,890.747,1426.616,950.684,0.1119
mixed,128,16,0.125,4.0,64,8192,256,1024,352,1178.266,2199.54,1250.487,0.0707
mixed,128,16,0.125,4.0,64,8192,512,2048,704,1711.638,3744.843,1875.381,0.0805
mixed,128,16,0.125,4.0,64,8192,1024,4096,1408,2776.528,6849.53,3067.087,0.0713
mixed,128,16,0.125,4.0,64,8192,2048,8192,2816,4913.829,13051.289,5476.641,0.0692
mixed,128,16,0.125,4.0,64,8192,4096,16384,5632,9177.004,25468.309,10301.606,0.069
mixed,128,16,0.125,4.0,128,0,128,512,176,457.181,986.489,517.148,0.1133
mixed,128,16,0.125,4.0,128,0,256,1024,352,744.411,1764.502,824.251,0.0783
mixed,128,16,0.125,4.0,128,0,512,2048,704,1281.337,3317.294,1457.818,0.0867
mixed,128,16,0.125,4.0,128,0,1024,4096,1408,2342.994,6415.515,2623.698,0.0689
mixed,128,16,0.125,4.0,128,0,2048,8192,2816,4473.861,12628.729,5042.499,0.0697
mixed,128,16,0.125,4.0,128,0,4096,16384,5632,8743.728,25026.875,9882.091,0.0699
mixed,128,16,0.125,4.0,128,512,128,512,176,589.789,1124.249,654.432,0.121
mixed,128,16,0.125,4.0,128,512,256,1024,352,876.252,1898.709,959.292,0.0812
mixed,128,16,0.125,4.0,128,512,512,2048,704,1410.84,3447.691,1555.446,0.071
mixed,128,16,0.125,4.0,128,512,1024,4096,1408,2473.713,6547.067,2768.723,0.0724
mixed,128,16,0.125,4.0,128,512,2048,8192,2816,4610.531,12759.128,5174.212,0.0692
mixed,128,16,0.125,4.0,128,512,4096,16384,5632,8876.273,25161.78,10001.8,0.0691
mixed,128,16,0.125,4.0,128,1024,128,512,176,655.676,1186.907,705.626,0.094
mixed,128,16,0.125,4.0,128,1024,256,1024,352,941.466,1961.46,1021.21,0.0782
mixed,128,16,0.125,4.0,128,1024,512,2048,704,1480.695,3513.646,1663.832,0.0901
mixed,128,16,0.125,4.0,128,1024,1024,4096,1408,2546.931,6614.205,2825.972,0.0686
mixed,128,16,0.125,4.0,128,1024,2048,8192,2816,4669.411,12822.231,5236.482,0.0696
mixed,128,16,0.125,4.0,128,1024,4096,16384,5632,8945.968,25221.111,10067.72,0.0689
mixed,128,16,0.125,4.0,128,2048,128,512,176,757.244,1289.947,803.866,0.0875
mixed,128,16,0.125,4.0,128,2048,256,1024,352,1040.089,2067.477,1129.178,0.0867
mixed,128,16,0.125,4.0,128,2048,512,2048,704,1578.135,3610.891,1718.838,0.0692
mixed,128,16,0.125,4.0,128,2048,1024,4096,1408,2642.99,6711.705,2920.558,0.0682
mixed,128,16,0.125,4.0,128,2048,2048,8192,2816,4772.806,12913.432,5340.738,0.0698
mixed,128,16,0.125,4.0,128,2048,4096,16384,5632,9046.764,25306.515,10162.022,0.0686
mixed,128,16,0.125,4.0,128,4096,128,512,176,957.211,1493.814,1028.602,0.133
mixed,128,16,0.125,4.0,128,4096,256,1024,352,1244.122,2263.795,1320.248,0.0747
mixed,128,16,0.125,4.0,128,4096,512,2048,704,1778.037,3813.388,1943.989,0.0815
mixed,128,16,0.125,4.0,128,4096,1024,4096,1408,2847.12,6925.016,3169.71,0.0791
mixed,128,16,0.125,4.0,128,4096,2048,8192,2816,4978.053,13126.936,5532.738,0.0681
mixed,128,16,0.125,4.0,128,4096,4096,16384,5632,9237.036,25527.378,10361.318,0.069
mixed,128,16,0.125,4.0,128,8192,128,512,176,1350.839,1884.886,1423.992,0.137
mixed,128,16,0.125,4.0,128,8192,256,1024,352,1640.89,2661.618,1721.558,0.079
mixed,128,16,0.125,4.0,128,8192,512,2048,704,2175.156,4209.321,2357.906,0.0898
mixed,128,16,0.125,4.0,128,8192,1024,4096,1408,3237.518,7312.662,3520.398,0.0694
mixed,128,16,0.125,4.0,128,8192,2048,8192,2816,5368.066,13511.573,5932.031,0.0693
mixed,128,16,0.125,4.0,128,8192,4096,16384,5632,9647.692,25928.556,10762.821,0.0685
mixed,128,16,0.125,4.0,256,0,128,512,176,575.84,1108.957,626.652,0.0953
mixed,128,16,0.125,4.0,256,0,256,1024,352,864.668,1880.404,944.218,0.0783
mixed,128,16,0.125,4.0,256,0,512,2048,704,1396.344,3431.245,1562.262,0.0815
mixed,128,16,0.125,4.0,256,0,1024,4096,1408,2463.056,6527.834,2742.543,0.0688
mixed,128,16,0.125,4.0,256,0,2048,8192,2816,4589.733,12743.161,5156.291,0.0695
mixed,128,16,0.125,4.0,256,0,4096,16384,5632,8862.061,25154.645,9998.343,0.0697
mixed,128,16,0.125,4.0,256,512,128,512,176,704.863,1239.384,771.74,0.1251
mixed,128,16,0.125,4.0,256,512,256,1024,352,993.435,2016.211,1063.291,0.0683
mixed,128,16,0.125,4.0,256,512,512,2048,704,1526.871,3562.189,1710.422,0.0902
mixed,128,16,0.125,4.0,256,512,1024,4096,1408,2596.177,6668.187,2877.457,0.0691
mixed,128,16,0.125,4.0,256,512,2048,8192,2816,4725.794,12877.301,5292.292,0.0695
mixed,128,16,0.125,4.0,256,512,4096,16384,5632,8995.534,25307.474,10125.03,0.0692
mixed,128,16,0.125,4.0,256,1024,128,512,176,809.146,1336.954,855.166,0.0872
mixed,128,16,0.125,4.0,256,1024,256,1024,352,1093.433,2111.604,1162.554,0.0679
mixed,128,16,0.125,4.0,256,1024,512,2048,704,1625.112,3666.316,1766.425,0.0692
mixed,128,16,0.125,4.0,256,1024,1024,4096,1408,2695.026,6761.784,2974.289,0.0687
mixed,128,16,0.125,4.0,256,1024,2048,8192,2816,4823.075,12969.207,5391.81,0.0698
mixed,128,16,0.125,4.0,256,1024,4096,16384,5632,9096.041,25393.972,10221.319,0.069
mixed,128,16,0.125,4.0,256,2048,128,512,176,1002.169,1537.082,1055.964,0.1006
mixed,128,16,0.125,4.0,256,2048,256,1024,352,1288.298,2309.454,1365.769,0.0759
mixed,128,16,0.125,4.0,256,2048,512,2048,704,1819.915,3858.199,1988.172,0.0825
mixed,128,16,0.125,4.0,256,2048,1024,4096,1408,2888.048,6960.841,3177.875,0.0712
mixed,128,16,0.125,4.0,256,2048,2048,8192,2816,5019.165,13163.087,5583.102,0.0692
mixed,128,16,0.125,4.0,256,2048,4096,16384,5632,9280.981,25583.574,10420.124,0.0699
mixed,128,16,0.125,4.0,256,4096,128,512,176,1397.511,1936.652,1470.697,0.1357
mixed,128,16,0.125,4.0,256,4096,256,1024,352,1690.601,2710.894,1761.674,0.0697
mixed,128,16,0.125,4.0,256,4096,512,2048,704,2221.677,4254.39,2412.045,0.0937
mixed,128,16,0.125,4.0,256,4096,1024,4096,1408,3285.523,7361.161,3569.302,0.0696
mixed,128,16,0.125,4.0,256,4096,2048,8192,2816,5421.981,13574.506,5986.146,0.0692
mixed,128,16,0.125,4.0,256,4096,4096,16384,5632,9689.973,25988.048,10813.145,0.0689
mixed,128,16,0.125,4.0,256,8192,128,512,176,2188.366,2724.654,2233.451,0.0841
mixed,128,16,0.125,4.0,256,8192,256,1024,352,2477.709,3490.067,2555.468,0.0768
mixed,128,16,0.125,4.0,256,8192,512,2048,704,3009.101,5039.643,3155.408,0.0721
mixed,128,16,0.125,4.0,256,8192,1024,4096,1408,4077.622,8143.915,4356.472,0.0686
mixed,128,16,0.125,4.0,256,8192,2048,8192,2816,6213.759,14344.044,6772.384,0.0687
mixed,128,16,0.125,4.0,256,8192,4096,16384,5632,10469.08,26778.632,11594.237,0.069
mixed,128,16,0.125,4.0,512,0,128,512,176,846.021,1375.815,895.236,0.0929
mixed,128,16,0.125,4.0,512,0,256,1024,352,1132.903,2155.115,1202.085,0.0677
mixed,128,16,0.125,4.0,512,0,512,2048,704,1668.584,3699.985,1840.073,0.0844
mixed,128,16,0.125,4.0,512,0,1024,4096,1408,2731.405,6798.912,3014.861,0.0697
mixed,128,16,0.125,4.0,512,0,2048,8192,2816,4864.533,13012.03,5429.208,0.0693
mixed,128,16,0.125,4.0,512,0,4096,16384,5632,9129.869,25416.219,10258.32,0.0693
mixed,128,16,0.125,4.0,512,512,128,512,176,1065.094,1600.582,1113.764,0.0909
mixed,128,16,0.125,4.0,512,512,256,1024,352,1351.175,2372.14,1428.582,0.0758
mixed,128,16,0.125,4.0,512,512,512,2048,704,1888.427,3920.402,2029.192,0.0693
mixed,128,16,0.125,4.0,512,512,1024,4096,1408,2949.838,7028.864,3234.701,0.0698
mixed,128,16,0.125,4.0,512,512,2048,8192,2816,5083.541,13236.636,5652.314,0.0698
mixed,128,16,0.125,4.0,512,512,4096,16384,5632,9344.81,25634.421,10488.429,0.0702
mixed,128,16,0.125,4.0,512,1024,128,512,176,1262.727,1796.488,1324.774,0.1162
mixed,128,16,0.125,4.0,512,1024,256,1024,352,1548.071,2569.355,1619.814,0.0702
mixed,128,16,0.125,4.0,512,1024,512,2048,704,2082.218,4116.719,2271.817,0.0932
mixed,128,16,0.125,4.0,512,1024,1024,4096,1408,3147.694,7220.286,3426.702,0.0685
mixed,128,16,0.125,4.0,512,1024,2048,8192,2816,5278.645,13426.49,5846.742,0.0697
mixed,128,16,0.125,4.0,512,1024,4096,16384,5632,9550.438,25838.51,10672.522,0.0689
mixed,128,16,0.125,4.0,512,2048,128,512,176,1654.119,2187.177,1703.176,0.092
mixed,128,16,0.125,4.0,512,2048,256,1024,352,1940.39,2961.676,2011.656,0.0698
mixed,128,16,0.125,4.0,512,2048,512,2048,704,2472.201,4510.994,2636.393,0.0805
mixed,128,16,0.125,4.0,512,2048,1024,4096,1408,3539.725,7618.302,3819.021,0.0685
mixed,128,16,0.125,4.0,512,2048,2048,8192,2816,5676.088,13822.009,6244.021,0.0697
mixed,128,16,0.125,4.0,512,2048,4096,16384,5632,9935.719,26222.983,11067.37,0.0695
mixed,128,16,0.125,4.0,512,4096,128,512,176,2435.497,2972.971,2492.362,0.1058
mixed,128,16,0.125,4.0,512,4096,256,1024,352,2724.969,3743.632,2793.193,0.067
mixed,128,16,0.125,4.0,512,4096,512,2048,704,3262.218,5297.428,3424.719,0.0798
mixed,128,16,0.125,4.0,512,4096,1024,4096,1408,4329.774,8407.774,4605.199,0.0675
mixed,128,16,0.125,4.0,512,4096,2048,8192,2816,6458.168,14599.669,7020.665,0.0691
mixed,128,16,0.125,4.0,512,4096,4096,16384,5632,10720.07,27015.585,11855.624,0.0697
mixed,128,16,0.125,4.0,512,8192,128,512,176,4009.487,4536.271,4071.087,0.1169
mixed,128,16,0.125,4.0,512,8192,256,1024,352,4294.8,5313.361,4372.14,0.0759
mixed,128,16,0.125,4.0,512,8192,512,2048,704,4829.806,6862.421,5017.487,0.0923
mixed,128,16,0.125,4.0,512,8192,1024,4096,1408,5894.293,9967.586,6181.746,0.0706
mixed,128,16,0.125,4.0,512,8192,2048,8192,2816,8030.461,16170.742,8577.18,0.0672
mixed,128,16,0.125,4.0,512,8192,4096,16384,5632,12282.599,28590.147,13431.596,0.0705
mixed,128,16,0.125,4.0,1024,0,128,512,176,1181.603,1709.734,1243.812,0.1178
mixed,128,16,0.125,4.0,1024,0,256,1024,352,1465.542,2487.687,1536.773,0.0697
mixed,128,16,0.125,4.0,1024,0,512,2048,704,2000.071,4036.494,2166.63,0.0818
mixed,128,16,0.125,4.0,1024,0,1024,4096,1408,3065.899,7138.901,3344.81,0.0685
mixed,128,16,0.125,4.0,1024,0,2048,8192,2816,5195.534,13344.266,5762.417,0.0696
mixed,128,16,0.125,4.0,1024,0,4096,16384,5632,9465.406,25745.743,10603.553,0.0699
mixed,128,16,0.125,4.0,1024,512,128,512,176,1646.626,2182.63,1696.133,0.0924
mixed,128,16,0.125,4.0,1024,512,256,1024,352,1933.862,2954.154,2016.326,0.0808
mixed,128,16,0.125,4.0,1024,512,512,2048,704,2471.529,4505.357,2612.775,0.0694
mixed,128,16,0.125,4.0,1024,512,1024,4096,1408,3533.705,7617.751,3815.335,0.069
mixed,128,16,0.125,4.0,1024,512,2048,8192,2816,5671.631,13820.711,6236.082,0.0693
mixed,128,16,0.125,4.0,1024,512,4096,16384,5632,9926.077,26246.153,11058.686,0.0694
mixed,128,16,0.125,4.0,1024,1024,128,512,176,2039.268,2575.689,2101.828,0.1166
mixed,128,16,0.125,4.0,1024,1024,256,1024,352,2327.654,3344.841,2411.88,0.0828
mixed,128,16,0.125,4.0,1024,1024,512,2048,704,2861.797,4900.365,3025.769,0.0804
mixed,128,16,0.125,4.0,1024,1024,1024,4096,1408,3928.011,7996.466,4211.884,0.0698
mixed,128,16,0.125,4.0,1024,1024,2048,8192,2816,6058.734,14208.774,6635.185,0.0707
mixed,128,16,0.125,4.0,1024,1024,4096,16384,5632,10329.243,26634.981,11450.331,0.0688
mixed,128,16,0.125,4.0,1024,2048,128,512,176,2822.312,3357.641,2896.104,0.1378
mixed,128,16,0.125,4.0,1024,2048,256,1024,352,3104.358,4126.667,3178.471,0.0725
mixed,128,16,0.125,4.0,1024,2048,512,2048,704,3641.1,5681.742,3789.513,0.0727
mixed,128,16,0.125,4.0,1024,2048,1024,4096,1408,4702.796,8788.371,4987.5,0.0697
mixed,128,16,0.125,4.0,1024,2048,2048,8192,2816,6842.097,14989.793,7414.672,0.0703
mixed,128,16,0.125,4.0,1024,2048,4096,16384,5632,11107.834,27413.439,12241.084,0.0695
mixed,128,16,0.125,4.0,1024,4096,128,512,176,4383.274,4917.835,4434.185,0.0952
mixed,128,16,0.125,4.0,1024,4096,256,1024,352,4671.786,5682.794,4746.217,0.0736
mixed,128,16,0.125,4.0,1024,4096,512,2048,704,5205.802,7233.33,5373.642,0.0828
mixed,128,16,0.125,4.0,1024,4096,1024,4096,1408,6268.079,10353.653,6554.668,0.0701
mixed,128,16,0.125,4.0,1024,4096,2048,8192,2816,8396.978,16547.526,8965.234,0.0697
mixed,128,16,0.125,4.0,1024,4096,4096,16384,5632,12672.22,28956.575,13798.266,0.0691
mixed,128,16,0.125,4.0,1024,8192,128,512,176,7493.967,8050.543,7559.277,0.1173
mixed,128,16,0.125,4.0,1024,8192,256,1024,352,7784.303,8809.391,7872.718,0.0863
mixed,128,16,0.125,4.0,1024,8192,512,2048,704,8322.253,10361.523,8471.857,0.0734
mixed,128,16,0.125,4.0,1024,8192,1024,4096,1408,9396.786,13456.188,9674.803,0.0685
mixed,128,16,0.125,4.0,1024,8192,2048,8192,2816,11519.669,19659.876,12083.606,0.0693
mixed,128,16,0.125,4.0,1024,8192,4096,16384,5632,15784.636,32076.414,16924.35,0.07
mixed,128,16,0.125,4.0,2048,0,128,512,176,2644.932,3179.557,2704.899,0.1122
mixed,128,16,0.125,4.0,2048,0,256,1024,352,2932.101,3945.766,3002.502,0.0695
mixed,128,16,0.125,4.0,2048,0,512,2048,704,3464.933,5498.183,3629.446,0.0809
mixed,128,16,0.125,4.0,2048,0,1024,4096,1408,4530.086,8608.398,4813.225,0.0694
mixed,128,16,0.125,4.0,2048,0,2048,8192,2816,6661.577,14811.45,7233.581,0.0702
mixed,128,16,0.125,4.0,2048,0,4096,16384,5632,10930.417,27213.01,12060.467,0.0694
mixed,128,16,0.125,4.0,2048,512,128,512,176,3498.693,4028.712,3560.803,0.1172
mixed,128,16,0.125,4.0,2048,512,256,1024,352,3784.454,4799.559,3864.679,0.079
mixed,128,16,0.125,4.0,2048,512,512,2048,704,4317.383,6357.449,4483.206,0.0813
mixed,128,16,0.125,4.0,2048,512,1024,4096,1408,5385.288,9456.238,5667.752,0.0694
mixed,128,16,0.125,4.0,2048,512,2048,8192,2816,7517.389,15653.398,8080.14,0.0692
mixed,128,16,0.125,4.0,2048,512,4096,16384,5632,11780.434,28080.109,12922.456,0.0701
mixed,128,16,0.125,4.0,2048,1024,128,512,176,4335.461,4870.117,4406.085,0.1321
mixed,128,16,0.125,4.0,2048,1024,256,1024,352,4629.958,5651.464,4702.725,0.0712
mixed,128,16,0.125,4.0,2048,1024,512,2048,704,5152.805,7194.538,5307.174,0.0756
mixed,128,16,0.125,4.0,2048,1024,1024,4096,1408,6227.174,10288.238,6516.008,0.0711
mixed,128,16,0.125,4.0,2048,1024,2048,8192,2816,8359.305,16509.587,8920.364,0.0688
mixed,128,16,0.125,4.0,2048,1024,4096,16384,5632,12627.889,28927.302,13755.504,0.0692
mixed,128,16,0.125,4.0,2048,2048,128,512,176,5983.398,6519.88,6039.72,0.105
mixed,128,16,0.125,4.0,2048,2048,256,1024,352,6282.694,7291.338,6343.268,0.0601
mixed,128,16,0.125,4.0,2048,2048,512,2048,704,6805.926,8844.394,6950.598,0.071
mixed,128,16,0.125,4.0,2048,2048,1024,4096,1408,7876.075,11955.979,8149.034,0.0669
mixed,128,16,0.125,4.0,2048,2048,2048,8192,2816,10010.923,18143.827,10577.707,0.0697
mixed,128,16,0.125,4.0,2048,2048,4096,16384,5632,14275.534,30565.697,15403.28,0.0692
mixed,128,16,0.125,4.0,2048,4096,128,512,176,9205.224,9741.802,9257.066,0.0966
mixed,128,16,0.125,4.0,2048,4096,256,1024,352,9483.435,10500.97,9567.048,0.0822
mixed,128,16,0.125,4.0,2048,4096,512,2048,704,10019.817,12051.723,10166.28,0.0721
mixed,128,16,0.125,4.0,2048,4096,1024,4096,1408,11083.305,15150.379,11380.169,0.073
mixed,128,16,0.125,4.0,2048,4096,2048,8192,2816,13219.113,21350.258,13783.56,0.0694
mixed,128,16,0.125,4.0,2048,4096,4096,16384,5632,17487.408,33803.488,18606.863,0.0686
mixed,128,16,0.125,4.0,2048,8192,128,512,176,14683.019,15546.057,15443.692,0.8814
mixed,128,16,0.125,4.0,2048,8192,256,1024,352,15689.388,16696.648,15288.807,-0.3977
mixed,128,16,0.125,4.0,2048,8192,512,2048,704,16341.132,18238.411,15664.939,-0.3564
mixed,128,16,0.125,4.0,2048,8192,1024,4096,1408,17276.428,20745.458,16349.453,-0.2672
mixed,128,16,0.125,4.0,2048,8192,2048,8192,2816,17971.279,27566.679,19980.013,0.2093
mixed,128,16,0.125,4.0,2048,8192,4096,16384,5632,23698.35,39969.214,24816.464,0.0687
pure,128,32,0.25,4.0,0,0,128,512,224,456.64,897.024,504.064,0.1077
pure,128,32,0.25,4.0,0,0,256,1024,448,798.112,1668.992,846.53,0.0556
pure,128,32,0.25,4.0,0,0,512,2048,896,1472.992,3222.529,1582.367,0.0625
pure,128,32,0.25,4.0,0,0,1024,4096,1792,2832.927,6319.587,3075.138,0.0695
pure,128,32,0.25,4.0,0,0,2048,8192,3584,5549.347,12526.244,6054.337,0.0724
pure,128,32,0.25,4.0,0,0,4096,16384,7168,10976.454,24957.484,12030.823,0.0754
mixed,128,32,0.25,4.0,16,0,128,512,224,484.673,923.455,530.655,0.1048
mixed,128,32,0.25,4.0,16,0,256,1024,448,824.033,1700.962,872.064,0.0548
mixed,128,32,0.25,4.0,16,0,512,2048,896,1502.305,3248.576,1611.136,0.0623
mixed,128,32,0.25,4.0,16,0,1024,4096,1792,2857.921,6348.416,3105.058,0.0708
mixed,128,32,0.25,4.0,16,0,2048,8192,3584,5571.713,12552.451,6089.281,0.0741
mixed,128,32,0.25,4.0,16,0,4096,16384,7168,11000.643,24966.888,12069.731,0.0765
mixed,128,32,0.25,4.0,16,512,128,512,224,525.249,963.328,572.066,0.1069
mixed,128,32,0.25,4.0,16,512,256,1024,448,862.753,1731.616,914.24,0.0593
mixed,128,32,0.25,4.0,16,512,512,2048,896,1544.352,3285.088,1650.785,0.0611
mixed,128,32,0.25,4.0,16,512,1024,4096,1792,2898.88,6383.743,3148.674,0.0717
mixed,128,32,0.25,4.0,16,512,2048,8192,3584,5615.297,12583.167,6136.771,0.0748
mixed,128,32,0.25,4.0,16,512,4096,16384,7168,11045.762,24996.774,12112.61,0.0765
mixed,128,32,0.25,4.0,16,1024,128,512,224,530.112,970.912,568.993,0.0882
mixed,128,32,0.25,4.0,16,1024,256,1024,448,869.314,1738.688,914.911,0.0524
mixed,128,32,0.25,4.0,16,1024,512,2048,896,1548.161,3291.01,1658.113,0.0631
mixed,128,32,0.25,4.0,16,1024,1024,4096,1792,2907.808,6395.619,3154.336,0.0707
mixed,128,32,0.25,4.0,16,1024,2048,8192,3584,5622.495,12612.32,6140.675,0.0741
mixed,128,32,0.25,4.0,16,1024,4096,16384,7168,11047.331,25019.942,12125.117,0.0771
mixed,128,32,0.25,4.0,16,2048,128,512,224,536.257,976.288,584.803,0.1103
mixed,128,32,0.25,4.0,16,2048,256,1024,448,876.064,1750.558,921.28,0.0517
mixed,128,32,0.25,4.0,16,2048,512,2048,896,1554.08,3296.415,1666.271,0.0644
mixed,128,32,0.25,4.0,16,2048,1024,4096,1792,2912.512,6401.344,3158.174,0.0704
mixed,128,32,0.25,4.0,16,2048,2048,8192,3584,5625.024,12605.182,6148.319,0.075
mixed,128,32,0.25,4.0,16,2048,4096,16384,7168,11052.031,25020.479,12115.967,0.0762
mixed,128,32,0.25,4.0,16,4096,128,512,224,575.648,1014.146,617.312,0.095
mixed,128,32,0.25,4.0,16,4096,256,1024,448,914.145,1786.047,962.591,0.0556
mixed,128,32,0.25,4.0,16,4096,512,2048,896,1600.893,3334.336,1701.185,0.0579
mixed,128,32,0.25,4.0,16,4096,1024,4096,1792,2944.925,6440.318,3200.353,0.0731
mixed,128,32,0.25,4.0,16,4096,2048,8192,3584,5669.021,12638.651,6184.318,0.0739
mixed,128,32,0.25,4.0,16,4096,4096,16384,7168,11102.846,25074.584,12159.996,0.0757
mixed,128,32,0.25,4.0,16,8192,128,512,224,630.463,1069.823,674.111,0.0993
mixed,128,32,0.25,4.0,16,8192,256,1024,448,968.736,1840.574,1018.783,0.0574
mixed,128,32,0.25,4.0,16,8192,512,2048,896,1647.967,3396.864,1744.481,0.0552
mixed,128,32,0.25,4.0,16,8192,1024,4096,1792,3003.294,6504.764,3249.501,0.0703
mixed,128,32,0.25,4.0,16,8192,2048,8192,3584,5721.694,12693.594,6241.885,0.0746
mixed,128,32,0.25,4.0,16,8192,4096,16384,7168,11138.841,25095.319,12204.667,0.0764
mixed,128,32,0.25,4.0,32,0,128,512,224,523.808,963.521,573.184,0.1123
mixed,128,32,0.25,4.0,32,0,256,1024,448,863.615,1732.96,909.664,0.053
mixed,128,32,0.25,4.0,32,0,512,2048,896,1541.567,3289.821,1652.895,0.0637
mixed,128,32,0.25,4.0,32,0,1024,4096,1792,2896.222,6384.283,3109.632,0.0612
mixed,128,32,0.25,4.0,32,0,2048,8192,3584,5613.628,12597.178,6124.285,0.0731
mixed,128,32,0.25,4.0,32,0,4096,16384,7168,11042.555,25012.468,12119.703,0.0771
mixed,128,32,0.25,4.0,32,512,128,512,224,566.784,1003.968,601.15,0.0786
mixed,128,32,0.25,4.0,32,512,256,1024,448,903.645,1776.222,951.454,0.0548
mixed,128,32,0.25,4.0,32,512,512,2048,896,1581.023,3327.325,1689.854,0.0623
mixed,128,32,0.25,4.0,32,512,1024,4096,1792,2937.533,6429.885,3176.477,0.0684
mixed,128,32,0.25,4.0,32,512,2048,8192,3584,5649.181,12640.856,6162.397,0.0734
mixed,128,32,0.25,4.0,32,512,4096,16384,7168,11085.463,25051.664,12151.448,0.0763
mixed,128,32,0.25,4.0,32,1024,128,512,224,571.648,1010.974,620.831,0.112
mixed,128,32,0.25,4.0,32,1024,256,1024,448,911.711,1783.454,959.518,0.0548
mixed,128,32,0.25,4.0,32,1024,512,2048,896,1595.36,3328.605,1698.687,0.0596
mixed,128,32,0.25,4.0,32,1024,1024,4096,1792,2949.373,6437.21,3196.894,0.071
mixed,128,32,0.25,4.0,32,1024,2048,8192,3584,5664.125,12651.607,6182.747,0.0742
mixed,128,32,0.25,4.0,32,1024,4096,16384,7168,11105.623,25049.388,12155.317,0.0753
mixed,128,32,0.25,4.0,32,2048,128,512,224,586.784,1028.928,629.28,0.0961
mixed,128,32,0.25,4.0,32,2048,256,1024,448,925.631,1801.629,975.805,0.0573
mixed,128,32,0.25,4.0,32,2048,512,2048,896,1604.734,3350.686,1712.958,0.062
mixed,128,32,0.25,4.0,32,2048,1024,4096,1792,2961.788,6454.616,3205.021,0.0696
mixed,128,32,0.25,4.0,32,2048,2048,8192,3584,5676.186,12653.458,6199.996,0.0751
mixed,128,32,0.25,4.0,32,2048,4096,16384,7168,11103.478,25070.602,12175.156,0.0767
mixed,128,32,0.25,4.0,32,4096,128,512,224,674.047,1116.065,720.703,0.1056
mixed,128,32,0.25,4.0,32,4096,256,1024,448,1014.462,1889.084,1060.065,0.0521
mixed,128,32,0.25,4.0,32,4096,512,2048,896,1693.758,3445.978,1803.485,0.0626
mixed,128,32,0.25,4.0,32,4096,1024,4096,1792,3050.365,6537.562,3298.172,0.0711
mixed,128,32,0.25,4.0,32,4096,2048,8192,3584,5765.019,12743.22,6285.946,0.0747
mixed,128,32,0.25,4.0,32,4096,4096,16384,7168,11196.757,25161.511,12261.714,0.0763
mixed,128,32,0.25,4.0,32,8192,128,512,224,787.488,1224.896,823.744,0.0829
mixed,128,32,0.25,4.0,32,8192,256,1024,448,1127.198,1999.101,1169.598,0.0486
mixed,128,32,0.25,4.0,32,8192,512,2048,896,1803.934,3546.362,1913.087,0.0626
mixed,128,32,0.25,4.0,32,8192,1024,4096,1792,3159.321,6652.471,3409.115,0.0715
mixed,128,32,0.25,4.0,32,8192,2048,8192,3584,5871.0,12865.107,6387.513,0.0738
mixed,128,32,0.25,4.0,32,8192,4096,16384,7168,11302.545,25271.652,12366.643,0.0762
mixed,128,32,0.25,4.0,64,0,128,512,224,530.559,969.15,566.016,0.0808
mixed,128,32,0.25,4.0,64,0,256,1024,448,865.952,1741.308,915.037,0.0561
mixed,128,32,0.25,4.0,64,0,512,2048,896,1544.735,3291.131,1655.998,0.0637
mixed,128,32,0.25,4.0,64,0,1024,4096,1792,2907.293,6389.59,3148.38,0.0692
mixed,128,32,0.25,4.0,64,0,2048,8192,3584,5618.807,12596.847,6138.775,0.0745
mixed,128,32,0.25,4.0,64,0,4096,16384,7168,11046.643,25021.313,12103.984,0.0757
mixed,128,32,0.25,4.0,64,512,128,512,224,580.64,1019.646,615.134,0.0786
mixed,128,32,0.25,4.0,64,512,256,1024,448,921.121,1791.423,965.6,0.0511
mixed,128,32,0.25,4.0,64,512,512,2048,896,1599.264,3341.369,1712.51,0.065
mixed,128,32,0.25,4.0,64,512,1024,4096,1792,2956.83,6447.64,3194.717,0.0681
mixed,128,32,0.25,4.0,64,512,2048,8192,3584,5671.543,12657.197,6178.873,0.0726
mixed,128,32,0.25,4.0,64,512,4096,16384,7168,11099.92,25056.157,12178.48,0.0773
mixed,128,32,0.25,4.0,64,1024,128,512,224,641.408,1081.342,685.474,0.1002
mixed,128,32,0.25,4.0,64,1024,256,1024,448,979.484,1856.863,1030.403,0.058
mixed,128,32,0.25,4.0,64,1024,512,2048,896,1661.439,3409.306,1768.224,0.0611
mixed,128,32,0.25,4.0,64,1024,1024,4096,1792,3019.705,6505.556,3263.548,0.07
mixed,128,32,0.25,4.0,64,1024,2048,8192,3584,5728.345,12711.248,6239.671,0.0732
mixed,128,32,0.25,4.0,64,1024,4096,16384,7168,11163.596,25114.112,12218.734,0.0756
mixed,128,32,0.25,4.0,64,2048,128,512,224,676.83,1121.022,722.11,0.1019
mixed,128,32,0.25,4.0,64,2048,256,1024,448,1014.175,1888.541,1066.559,0.0599
mixed,128,32,0.25,4.0,64,2048,512,2048,896,1700.637,3438.843,1807.486,0.0615
mixed,128,32,0.25,4.0,64,2048,1024,4096,1792,3049.755,6547.318,3291.645,0.0692
mixed,128,32,0.25,4.0,64,2048,2048,8192,3584,5769.591,12745.802,6290.132,0.0746
mixed,128,32,0.25,4.0,64,2048,4096,16384,7168,11204.078,25174.713,12261.293,0.0757
mixed,128,32,0.25,4.0,64,4096,128,512,224,781.884,1217.533,824.958,0.0989
mixed,128,32,0.25,4.0,64,4096,256,1024,448,1120.063,1991.006,1166.109,0.0529
mixed,128,32,0.25,4.0,64,4096,512,2048,896,1801.821,3543.674,1905.341,0.0594
mixed,128,32,0.25,4.0,64,4096,1024,4096,1792,3155.547,6646.069,3398.841,0.0697
mixed,128,32,0.25,4.0,64,4096,2048,8192,3584,5872.659,12847.272,6396.725,0.0751
mixed,128,32,0.25,4.0,64,4096,4096,16384,7168,11301.484,25270.195,12387.435,0.0777
mixed,128,32,0.25,4.0,64,8192,128,512,224,984.864,1422.493,1022.464,0.0859
mixed,128,32,0.25,4.0,64,8192,256,1024,448,1325.725,2195.355,1368.606,0.0493
mixed,128,32,0.25,4.0,64,8192,512,2048,896,2002.205,3745.145,2113.5,0.0639
mixed,128,32,0.25,4.0,64,8192,1024,4096,1792,3362.394,6858.997,3602.808,0.0688
mixed,128,32,0.25,4.0,64,8192,2048,8192,3584,6074.037,13046.248,6587.603,0.0737
mixed,128,32,0.25,4.0,64,8192,4096,16384,7168,11504.846,25475.891,12571.914,0.0764
mixed,128,32,0.25,4.0,128,0,128,512,224,550.206,991.228,595.71,0.1032
mixed,128,32,0.25,4.0,128,0,256,1024,448,891.934,1760.955,935.2,0.0498
mixed,128,32,0.25,4.0,128,0,512,2048,896,1569.372,3307.961,1677.437,0.0622
mixed,128,32,0.25,4.0,128,0,1024,4096,1792,2924.923,6412.532,3166.073,0.0691
mixed,128,32,0.25,4.0,128,0,2048,8192,3584,5640.66,12614.73,6160.818,0.0746
mixed,128,32,0.25,4.0,128,0,4096,16384,7168,11070.25,25026.481,12135.112,0.0763
mixed,128,32,0.25,4.0,128,512,128,512,224,682.46,1120.481,725.949,0.0993
mixed,128,32,0.25,4.0,128,512,256,1024,448,1021.053,1896.091,1071.585,0.0577
mixed,128,32,0.25,4.0,128,512,512,2048,896,1702.078,3441.049,1812.508,0.0635
mixed,128,32,0.25,4.0,128,512,1024,4096,1792,3055.739,6543.282,3297.242,0.0692
mixed,128,32,0.25,4.0,128,512,2048,8192,3584,5773.492,12754.662,6285.362,0.0733
mixed,128,32,0.25,4.0,128,512,4096,16384,7168,11201.545,25194.223,12277.001,0.0769
mixed,128,32,0.25,4.0,128,1024,128,512,224,745.662,1192.093,789.598,0.0984
mixed,128,32,0.25,4.0,128,1024,256,1024,448,1090.943,1960.38,1132.957,0.0483
mixed,128,32,0.25,4.0,128,1024,512,2048,896,1772.573,3511.673,1878.749,0.0611
mixed,128,32,0.25,4.0,128,1024,1024,4096,1792,3128.41,6626.226,3361.113,0.0665
mixed,128,32,0.25,4.0,128,1024,2048,8192,3584,5834.515,12824.453,6364.881,0.0759
mixed,128,32,0.25,4.0,128,1024,4096,16384,7168,11273.356,25228.333,12333.446,0.076
mixed,128,32,0.25,4.0,128,2048,128,512,224,845.952,1290.751,885.439,0.0888
mixed,128,32,0.25,4.0,128,2048,256,1024,448,1188.83,2061.661,1234.751,0.0526
mixed,128,32,0.25,4.0,128,2048,512,2048,896,1872.379,3606.197,1975.804,0.0597
mixed,128,32,0.25,4.0,128,2048,1024,4096,1792,3223.098,6711.059,3464.634,0.0692
mixed,128,32,0.25,4.0,128,2048,2048,8192,3584,5936.306,12916.099,6452.626,0.074
mixed,128,32,0.25,4.0,128,2048,4096,16384,7168,11378.182,25336.075,12446.694,0.0766
mixed,128,32,0.25,4.0,128,4096,128,512,224,1047.548,1492.347,1082.716,0.0791
mixed,128,32,0.25,4.0,128,4096,256,1024,448,1389.657,2262.521,1436.253,0.0534
mixed,128,32,0.25,4.0,128,4096,512,2048,896,2070.17,3809.496,2174.104,0.0598
mixed,128,32,0.25,4.0,128,4096,1024,4096,1792,3426.265,6916.016,3673.817,0.0709
mixed,128,32,0.25,4.0,128,4096,2048,8192,3584,6141.843,13119.81,6658.259,0.074
mixed,128,32,0.25,4.0,128,4096,4096,16384,7168,11575.973,25532.554,12625.795,0.0752
mixed,128,32,0.25,4.0,128,8192,128,512,224,1445.245,1884.797,1483.837,0.0878
mixed,128,32,0.25,4.0,128,8192,256,1024,448,1782.332,2658.425,1831.452,0.0561
mixed,128,32,0.25,4.0,128,8192,512,2048,896,2463.291,4207.829,2565.977,0.0589
mixed,128,32,0.25,4.0,128,8192,1024,4096,1792,3824.152,7312.141,4063.894,0.0687
mixed,128,32,0.25,4.0,128,8192,2048,8192,3584,6529.55,13511.36,7059.375,0.0759
mixed,128,32,0.25,4.0,128,8192,4096,16384,7168,11959.524,25928.808,13032.257,0.0768
mixed,128,32,0.25,4.0,256,0,128,512,224,670.878,1106.941,717.024,0.1058
mixed,128,32,0.25,4.0,256,0,256,1024,448,1006.909,1882.012,1054.655,0.0546
mixed,128,32,0.25,4.0,256,0,512,2048,896,1695.132,3430.23,1801.66,0.0614
mixed,128,32,0.25,4.0,256,0,1024,4096,1792,3039.864,6531.854,3286.743,0.0707
mixed,128,32,0.25,4.0,256,0,2048,8192,3584,5758.932,12753.443,6276.014,0.0739
mixed,128,32,0.25,4.0,256,0,4096,16384,7168,11189.826,25155.719,12266.467,0.0771
mixed,128,32,0.25,4.0,256,512,128,512,224,803.166,1238.846,841.694,0.0884
mixed,128,32,0.25,4.0,256,512,256,1024,448,1142.526,2009.403,1187.645,0.052
mixed,128,32,0.25,4.0,256,512,512,2048,896,1819.933,3561.046,1933.787,0.0654
mixed,128,32,0.25,4.0,256,512,1024,4096,1792,3171.769,6663.726,3421.495,0.0715
mixed,128,32,0.25,4.0,256,512,2048,8192,3584,5894.321,12863.873,6415.411,0.0748
mixed,128,32,0.25,4.0,256,512,4096,16384,7168,11314.597,25302.978,12380.674,0.0762
mixed,128,32,0.25,4.0,256,1024,128,512,224,899.069,1339.709,938.784,0.0901
mixed,128,32,0.25,4.0,256,1024,256,1024,448,1242.622,2111.932,1285.244,0.049
mixed,128,32,0.25,4.0,256,1024,512,2048,896,1914.588,3665.526,2028.153,0.0649
mixed,128,32,0.25,4.0,256,1024,1024,4096,1792,3274.234,6758.924,3521.175,0.0709
mixed,128,32,0.25,4.0,256,1024,2048,8192,3584,5986.191,12973.631,6508.847,0.0748
mixed,128,32,0.25,4.0,256,1024,4096,16384,7168,11418.661,25372.742,12491.939,0.0769
mixed,128,32,0.25,4.0,256,2048,128,512,224,1097.79,1535.165,1128.479,0.0702
mixed,128,32,0.25,4.0,256,2048,256,1024,448,1435.929,2312.761,1480.378,0.0507
mixed,128,32,0.25,4.0,256,2048,512,2048,896,2115.325,3859.511,2223.257,0.0619
mixed,128,32,0.25,4.0,256,2048,1024,4096,1792,3470.581,6960.331,3711.765,0.0691
mixed,128,32,0.25,4.0,256,2048,2048,8192,3584,6182.318,13166.975,6696.753,0.0737
mixed,128,32,0.25,4.0,256,2048,4096,16384,7168,11612.901,25575.71,12690.338,0.0772
mixed,128,32,0.25,4.0,256,4096,128,512,224,1491.74,1936.186,1530.907,0.0881
mixed,128,32,0.25,4.0,256,4096,256,1024,448,1832.666,2707.193,1884.668,0.0595
mixed,128,32,0.25,4.0,256,4096,512,2048,896,2507.065,4261.27,2620.795,0.0648
mixed,128,32,0.25,4.0,256,4096,1024,4096,1792,3868.661,7354.864,4119.538,0.072
mixed,128,32,0.25,4.0,256,4096,2048,8192,3584,6593.296,13563.963,7107.211,0.0737
mixed,128,32,0.25,4.0,256,4096,4096,16384,7168,12014.98,25986.779,13072.158,0.0757
mixed,128,32,0.25,4.0,256,8192,128,512,224,2281.402,2719.098,2321.626,0.0919
mixed,128,32,0.25,4.0,256,8192,256,1024,448,2621.114,3496.087,2669.527,0.0553
mixed,128,32,0.25,4.0,256,8192,512,2048,896,3298.84,5040.435,3411.03,0.0644
mixed,128,32,0.25,4.0,256,8192,1024,4096,1792,4657.811,8146.508,4899.378,0.0692
mixed,128,32,0.25,4.0,256,8192,2048,8192,3584,7371.95,14361.686,7881.354,0.0729
mixed,128,32,0.25,4.0,256,8192,4096,16384,7168,12798.238,26763.578,13857.979,0.0759
mixed,128,32,0.25,4.0,512,0,128,512,224,938.682,1384.539,978.334,0.0889
mixed,128,32,0.25,4.0,512,0,256,1024,448,1278.141,2156.057,1325.63,0.0541
mixed,128,32,0.25,4.0,512,0,512,2048,896,1956.666,3700.727,2068.026,0.0639
mixed,128,32,0.25,4.0,512,0,1024,4096,1792,3315.829,6800.206,3552.502,0.0679
mixed,128,32,0.25,4.0,512,0,2048,8192,3584,6034.64,13003.485,6553.229,0.0744
mixed,128,32,0.25,4.0,512,0,4096,16384,7168,11470.529,25419.677,12512.736,0.0747
mixed,128,32,0.25,4.0,512,512,128,512,224,1156.636,1596.829,1187.997,0.0712
mixed,128,32,0.25,4.0,512,512,256,1024,448,1498.718,2369.69,1544.124,0.0521
mixed,128,32,0.25,4.0,512,512,512,2048,896,2176.888,3921.621,2286.139,0.0626
mixed,128,32,0.25,4.0,512,512,1024,4096,1792,3530.966,7020.013,3781.75,0.0719
mixed,128,32,0.25,4.0,512,512,2048,8192,3584,6245.358,13226.94,6771.596,0.0754
mixed,128,32,0.25,4.0,512,512,4096,16384,7168,11684.993,25638.903,12746.302,0.0761
mixed,128,32,0.25,4.0,512,1024,128,512,224,1357.663,1797.37,1393.659,0.0819
mixed,128,32,0.25,4.0,512,1024,256,1024,448,1700.188,2565.047,1743.387,0.0499
mixed,128,32,0.25,4.0,512,1024,512,2048,896,2378.554,4113.971,2488.89,0.0636
mixed,128,32,0.25,4.0,512,1024,1024,4096,1792,3726.484,7220.075,3978.897,0.0723
mixed,128,32,0.25,4.0,512,1024,2048,8192,3584,6454.351,13421.883,6955.31,0.0719
mixed,128,32,0.25,4.0,512,1024,4096,16384,7168,11875.711,25845.112,12955.354,0.0773
mixed,128,32,0.25,4.0,512,2048,128,512,224,1746.393,2187.287,1776.826,0.069
mixed,128,32,0.25,4.0,512,2048,256,1024,448,2087.707,2961.976,2136.543,0.0559
mixed,128,32,0.25,4.0,512,2048,512,2048,896,2767.288,4515.604,2876.408,0.0624
mixed,128,32,0.25,4.0,512,2048,1024,4096,1792,4128.276,7614.539,4358.1,0.0659
mixed,128,32,0.25,4.0,512,2048,2048,8192,3584,6844.877,13823.292,7358.091,0.0735
mixed,128,32,0.25,4.0,512,2048,4096,16384,7168,12274.044,26243.607,13337.339,0.0761
mixed,128,32,0.25,4.0,512,4096,128,512,224,2531.576,2972.375,2573.399,0.0949
mixed,128,32,0.25,4.0,512,4096,256,1024,448,2868.087,3742.581,2918.039,0.0571
mixed,128,32,0.25,4.0,512,4096,512,2048,896,3552.821,5297.391,3654.229,0.0581
mixed,128,32,0.25,4.0,512,4096,1024,4096,1792,4916.56,8396.326,5144.047,0.0654
mixed,128,32,0.25,4.0,512,4096,2048,8192,3584,7617.963,14603.992,8149.64,0.0761
mixed,128,32,0.25,4.0,512,4096,4096,16384,7168,13058.427,27015.605,14117.045,0.0758
mixed,128,32,0.25,4.0,512,8192,128,512,224,4102.035,4538.259,4140.853,0.089
mixed,128,32,0.25,4.0,512,8192,256,1024,448,4438.352,5315.537,4483.571,0.0516
mixed,128,32,0.25,4.0,512,8192,512,2048,896,5127.696,6862.157,5232.114,0.0602
mixed,128,32,0.25,4.0,512,8192,1024,4096,1792,6474.829,9961.411,6723.499,0.0713
mixed,128,32,0.25,4.0,512,8192,2048,8192,3584,9182.084,16184.945,9715.046,0.0761
mixed,128,32,0.25,4.0,512,8192,4096,16384,7168,14621.813,28601.42,15678.737,0.0756
mixed,128,32,0.25,4.0,1024,0,128,512,224,1270.971,1710.685,1300.411,0.067
mixed,128,32,0.25,4.0,1024,0,256,1024,448,1609.789,2487.352,1668.602,0.067
mixed,128,32,0.25,4.0,1024,0,512,2048,896,2291.066,4034.708,2397.529,0.0611
mixed,128,32,0.25,4.0,1024,0,1024,4096,1792,3649.204,7134.25,3895.732,0.0707
mixed,128,32,0.25,4.0,1024,0,2048,8192,3584,6367.632,13337.881,6802.508,0.0624
mixed,128,32,0.25,4.0,1024,0,4096,16384,7168,11803.036,25746.77,12843.993,0.0747
mixed,128,32,0.25,4.0,1024,512,128,512,224,1740.73,2183.256,1776.123,0.08
mixed,128,32,0.25,4.0,1024,512,256,1024,448,2079.448,2955.093,2131.034,0.0589
mixed,128,32,0.25,4.0,1024,512,512,2048,896,2758.551,4503.602,2868.567,0.063
mixed,128,32,0.25,4.0,1024,512,1024,4096,1792,4117.394,7603.69,4360.016,0.0696
mixed,128,32,0.25,4.0,1024,512,2048,8192,3584,6831.146,13815.256,7354.118,0.0749
mixed,128,32,0.25,4.0,1024,512,4096,16384,7168,12257.436,26231.792,13343.478,0.0777
mixed,128,32,0.25,4.0,1024,1024,128,512,224,2134.842,2572.6,2175.418,0.0927
mixed,128,32,0.25,4.0,1024,1024,256,1024,448,2472.311,3347.668,2524.184,0.0593
mixed,128,32,0.25,4.0,1024,1024,512,2048,896,3152.918,4901.521,3262.292,0.0625
mixed,128,32,0.25,4.0,1024,1024,1024,4096,1792,4508.656,8001.831,4756.049,0.0708
mixed,128,32,0.25,4.0,1024,1024,2048,8192,3584,7224.361,14200.403,7754.121,0.0759
mixed,128,32,0.25,4.0,1024,1024,4096,16384,7168,12651.13,26611.248,13714.422,0.0762
mixed,128,32,0.25,4.0,1024,2048,128,512,224,2916.884,3357.236,2963.353,0.1055
mixed,128,32,0.25,4.0,1024,2048,256,1024,448,3252.31,4127.506,3303.637,0.0586
mixed,128,32,0.25,4.0,1024,2048,512,2048,896,3936.179,5681.07,4038.485,0.0586
mixed,128,32,0.25,4.0,1024,2048,1024,4096,1792,5289.455,8782.66,5533.646,0.0699
mixed,128,32,0.25,4.0,1024,2048,2048,8192,3584,8002.375,14981.169,8539.909,0.077
mixed,128,32,0.25,4.0,1024,2048,4096,16384,7168,13433.973,27398.731,14500.242,0.0764
mixed,128,32,0.25,4.0,1024,4096,128,512,224,4479.026,4916.559,4522.961,0.1004
mixed,128,32,0.25,4.0,1024,4096,256,1024,448,4817.585,5692.048,4864.433,0.0536
mixed,128,32,0.25,4.0,1024,4096,512,2048,896,5493.935,7236.073,5596.238,0.0587
mixed,128,32,0.25,4.0,1024,4096,1024,4096,1792,6852.235,10337.791,7065.288,0.0611
mixed,128,32,0.25,4.0,1024,4096,2048,8192,3584,9569.284,16545.642,10096.223,0.0755
mixed,128,32,0.25,4.0,1024,4096,4096,16384,7168,15001.971,28954.185,16034.988,0.074
mixed,128,32,0.25,4.0,1024,8192,128,512,224,7596.841,8037.701,7640.772,0.0996
mixed,128,32,0.25,4.0,1024,8192,256,1024,448,7943.24,8817.185,7982.533,0.045
mixed,128,32,0.25,4.0,1024,8192,512,2048,896,8615.361,10354.303,8728.676,0.0652
mixed,128,32,0.25,4.0,1024,8192,1024,4096,1792,9970.88,13463.061,10206.335,0.0674
mixed,128,32,0.25,4.0,1024,8192,2048,8192,3584,12689.144,19660.003,13213.815,0.0753
mixed,128,32,0.25,4.0,1024,8192,4096,16384,7168,18128.71,32095.387,19174.145,0.0749
mixed,128,32,0.25,4.0,2048,0,128,512,224,2740.375,3179.991,2782.296,0.0954
mixed,128,32,0.25,4.0,2048,0,256,1024,448,3079.382,3954.769,3125.045,0.0522
mixed,128,32,0.25,4.0,2048,0,512,2048,896,3759.988,5499.439,3858.452,0.0566
mixed,128,32,0.25,4.0,2048,0,1024,4096,1792,5110.767,8607.33,5355.406,0.07
mixed,128,32,0.25,4.0,2048,0,2048,8192,3584,7826.533,14815.086,8353.445,0.0754
mixed,128,32,0.25,4.0,2048,0,4096,16384,7168,13267.382,27227.401,14323.343,0.0756
mixed,128,32,0.25,4.0,2048,512,128,512,224,3593.268,4030.29,3634.676,0.0948
mixed,128,32,0.25,4.0,2048,512,256,1024,448,3930.448,4806.768,3979.219,0.0557
mixed,128,32,0.25,4.0,2048,512,512,2048,896,4609.297,6357.035,4721.423,0.0642
mixed,128,32,0.25,4.0,2048,512,1024,4096,1792,5971.276,9460.606,6211.435,0.0688
mixed,128,32,0.25,4.0,2048,512,2048,8192,3584,8676.613,15663.18,9200.705,0.075
mixed,128,32,0.25,4.0,2048,512,4096,16384,7168,14104.789,28080.1,15175.119,0.0766
mixed,128,32,0.25,4.0,2048,1024,128,512,224,4435.696,4875.696,4474.353,0.0879
mixed,128,32,0.25,4.0,2048,1024,256,1024,448,4768.784,5637.998,4818.257,0.0569
mixed,128,32,0.25,4.0,2048,1024,512,2048,896,5453.55,7185.931,5565.743,0.0648
mixed,128,32,0.25,4.0,2048,1024,1024,4096,1792,6804.874,10301.278,7051.878,0.0706
mixed,128,32,0.25,4.0,2048,1024,2048,8192,3584,9528.639,16517.318,10034.782,0.0724
mixed,128,32,0.25,4.0,2048,1024,4096,16384,7168,14949.166,28923.296,16035.177,0.0777
mixed,128,32,0.25,4.0,2048,2048,128,512,224,6075.595,6519.915,6131.275,0.1253
mixed,128,32,0.25,4.0,2048,2048,256,1024,448,6418.634,7293.992,6462.411,0.05
mixed,128,32,0.25,4.0,2048,2048,512,2048,896,7100.455,8833.315,7206.664,0.0613
mixed,128,32,0.25,4.0,2048,2048,1024,4096,1792,8455.939,11942.645,8662.912,0.0594
mixed,128,32,0.25,4.0,2048,2048,2048,8192,3584,11172.379,18156.263,11250.589,0.0112
mixed,128,32,0.25,4.0,2048,2048,4096,16384,7168,16780.807,29937.152,17677.286,0.0681
mixed,128,32,0.25,4.0,2048,4096,128,512,224,9283.072,9725.085,9333.954,0.1151
mixed,128,32,0.25,4.0,2048,4096,256,1024,448,9627.936,10499.741,9665.311,0.0429
mixed,128,32,0.25,4.0,2048,4096,512,2048,896,10305.757,12057.11,10412.762,0.0611
mixed,128,32,0.25,4.0,2048,4096,1024,4096,1792,11668.409,15152.749,11913.142,0.0702
mixed,128,32,0.25,4.0,2048,4096,2048,8192,3584,14387.699,21363.576,13755.855,-0.0906
mixed,128,32,0.25,4.0,2048,4096,4096,16384,7168,20038.718,31632.629,20874.299,0.0721
mixed,128,32,0.25,4.0,2048,8192,128,512,224,14257.836,14679.341,15537.802,3.0367
mixed,128,32,0.25,4.0,2048,8192,256,1024,448,15829.927,16702.883,15856.906,0.0309
mixed,128,32,0.25,4.0,2048,8192,512,2048,896,16518.345,17896.416,16316.748,-0.1463
mixed,128,32,0.25,4.0,2048,8192,1024,4096,1792,17845.699,20516.28,16475.749,-0.513
mixed,128,32,0.25,4.0,2048,8192,2048,8192,3584,20235.003,27575.907,21097.784,0.1175
mixed,128,32,0.25,4.0,2048,8192,4096,16384,7168,24011.564,35625.326,27071.141,0.2634
pure,128,64,0.5,4.0,0,0,128,512,320,554.749,909.339,605.438,0.143
pure,128,64,0.5,4.0,0,0,256,1024,640,1087.452,1671.706,1085.467,-0.0034
pure,128,64,0.5,4.0,0,0,512,2048,1280,2058.714,3215.19,2044.6,-0.0122
pure,128,64,0.5,4.0,0,0,1024,4096,2560,3992.659,6319.499,3986.48,-0.0027
pure,128,64,0.5,4.0,0,0,2048,8192,5120,7878.659,12529.3,7871.235,-0.0016
pure,128,64,0.5,4.0,0,0,4096,16384,10240,15630.411,24950.188,15627.053,-0.0004
mixed,128,64,0.5,4.0,16,0,128,512,320,630.878,923.644,630.813,-0.0002
mixed,128,64,0.5,4.0,16,0,256,1024,640,1113.274,1697.306,1111.355,-0.0033
mixed,128,64,0.5,4.0,16,0,512,2048,1280,2083.607,3246.708,2082.52,-0.0009
mixed,128,64,0.5,4.0,16,0,1024,4096,2560,4026.132,6347.53,4020.596,-0.0024
mixed,128,64,0.5,4.0,16,0,2048,8192,5120,7903.398,12550.901,7900.131,-0.0007
mixed,128,64,0.5,4.0,16,0,4096,16384,10240,15661.769,24967.051,15657.066,-0.0005
mixed,128,64,0.5,4.0,16,512,128,512,320,668.54,962.557,671.901,0.0114
mixed,128,64,0.5,4.0,16,512,256,1024,640,1153.66,1737.21,1154.075,0.0007
mixed,128,64,0.5,4.0,16,512,512,2048,1280,2123.098,3288.277,2118.936,-0.0036
mixed,128,64,0.5,4.0,16,512,1024,4096,2560,4058.961,6392.265,4063.824,0.0021
mixed,128,64,0.5,4.0,16,512,2048,8192,5120,7938.788,12603.222,7934.563,-0.0009
mixed,128,64,0.5,4.0,16,512,4096,16384,10240,15699.529,25003.627,15684.552,-0.0016
mixed,128,64,0.5,4.0,16,1024,128,512,320,676.543,969.502,675.965,-0.002
mixed,128,64,0.5,4.0,16,1024,256,1024,640,1159.23,1737.69,1159.421,0.0003
mixed,128,64,0.5,4.0,16,1024,512,2048,1280,2131.991,3289.875,2131.578,-0.0004
mixed,128,64,0.5,4.0,16,1024,1024,4096,2560,4069.456,6395.338,4064.432,-0.0022
mixed,128,64,0.5,4.0,16,1024,2048,8192,5120,7943.525,12607.222,7941.319,-0.0005
mixed,128,64,0.5,4.0,16,1024,4096,16384,10240,15707.69,25009.064,15701.576,-0.0007
mixed,128,64,0.5,4.0,16,2048,128,512,320,682.427,975.613,684.253,0.0062
mixed,128,64,0.5,4.0,16,2048,256,1024,640,1166.779,1748.472,1163.773,-0.0052
mixed,128,64,0.5,4.0,16,2048,512,2048,1280,2136.151,3296.851,2130.104,-0.0052
mixed,128,64,0.5,4.0,16,2048,1024,4096,2560,4078.865,6402.41,4067.506,-0.0049
mixed,128,64,0.5,4.0,16,2048,2048,8192,5120,7958.275,12602.482,7946.245,-0.0026
mixed,128,64,0.5,4.0,16,2048,4096,16384,10240,15706.985,25023.723,15700.009,-0.0007
mixed,128,64,0.5,4.0,16,4096,128,512,320,720.157,1012.445,718.014,-0.0073
mixed,128,64,0.5,4.0,16,4096,256,1024,640,1205.725,1788.953,1200.891,-0.0083
mixed,128,64,0.5,4.0,16,4096,512,2048,1280,2174.391,3335.635,2170.553,-0.0033
mixed,128,64,0.5,4.0,16,4096,1024,4096,2560,4115.377,6432.073,4104.721,-0.0046
mixed,128,64,0.5,4.0,16,4096,2048,8192,5120,7987.237,12657.584,7986.114,-0.0002
mixed,128,64,0.5,4.0,16,4096,4096,16384,10240,15747.047,25064.711,15749.066,0.0002
mixed,128,64,0.5,4.0,16,8192,128,512,320,773.629,1068.699,777.023,0.0115
mixed,128,64,0.5,4.0,16,8192,256,1024,640,1259.132,1841.21,1251.101,-0.0138
mixed,128,64,0.5,4.0,16,8192,512,2048,1280,2232.022,3391.956,2226.938,-0.0044
mixed,128,64,0.5,4.0,16,8192,1024,4096,2560,4167.473,6488.519,4162.034,-0.0023
mixed,128,64,0.5,4.0,16,8192,2048,8192,5120,8039.203,12689.971,8048.356,0.002
mixed,128,64,0.5,4.0,16,8192,4096,16384,10240,15805.128,25109.8,15813.094,0.0009
mixed,128,64,0.5,4.0,32,0,128,512,320,668.315,964.444,666.462,-0.0063
mixed,128,64,0.5,4.0,32,0,256,1024,640,1154.108,1737.145,1150.524,-0.0061
mixed,128,64,0.5,4.0,32,0,512,2048,1280,2124.153,3286.003,2116.698,-0.0064
mixed,128,64,0.5,4.0,32,0,1024,4096,2560,4065.427,6390.469,4060.115,-0.0023
mixed,128,64,0.5,4.0,32,0,2048,8192,5120,7943.971,12596.436,7929.893,-0.003
mixed,128,64,0.5,4.0,32,0,4096,16384,10240,15693.736,25036.169,15708.424,0.0016
mixed,128,64,0.5,4.0,32,512,128,512,320,708.828,1003.644,713.694,0.0165
mixed,128,64,0.5,4.0,32,512,256,1024,640,1195.802,1774.361,1192.091,-0.0064
mixed,128,64,0.5,4.0,32,512,512,2048,1280,2163.545,3324.146,2162.614,-0.0008
mixed,128,64,0.5,4.0,32,512,1024,4096,2560,4102.322,6432.775,4095.569,-0.0029
mixed,128,64,0.5,4.0,32,512,2048,8192,5120,7982.307,12642.033,7976.356,-0.0013
mixed,128,64,0.5,4.0,32,512,4096,16384,10240,15743.047,25045.637,15743.175,0.0
mixed,128,64,0.5,4.0,32,1024,128,512,320,716.223,1010.62,720.446,0.0143
mixed,128,64,0.5,4.0,32,1024,256,1024,640,1205.244,1784.761,1201.34,-0.0067
mixed,128,64,0.5,4.0,32,1024,512,2048,1280,2171.159,3337.781,2174.232,0.0026
mixed,128,64,0.5,4.0,32,1024,1024,4096,2560,4108.561,6441.512,4107.023,-0.0007
mixed,128,64,0.5,4.0,32,1024,2048,8192,5120,7989.346,12645.716,7981.474,-0.0017
mixed,128,64,0.5,4.0,32,1024,4096,16384,10240,15756.39,25060.07,15717.836,-0.0041
mixed,128,64,0.5,4.0,32,2048,128,512,320,733.311,1027.994,731.23,-0.0071
mixed,128,64,0.5,4.0,32,2048,256,1024,640,1215.259,1797.178,1210.172,-0.0087
mixed,128,64,0.5,4.0,32,2048,512,2048,1280,2186.105,3349.522,2181.656,-0.0038
mixed,128,64,0.5,4.0,32,2048,1024,4096,2560,4126.416,6447.785,4120.433,-0.0026
mixed,128,64,0.5,4.0,32,2048,2048,8192,5120,7998.881,12667.665,8000.867,0.0004
mixed,128,64,0.5,4.0,32,2048,4096,16384,10240,15763.494,25065.795,15742.086,-0.0023
mixed,128,64,0.5,4.0,32,4096,128,512,320,822.909,1117.98,820.414,-0.0085
mixed,128,64,0.5,4.0,32,4096,256,1024,640,1307.609,1887.384,1304.573,-0.0052
mixed,128,64,0.5,4.0,32,4096,512,2048,1280,2280.406,3439.379,2270.424,-0.0086
mixed,128,64,0.5,4.0,32,4096,1024,4096,2560,4213.424,6553.415,4215.631,0.0009
mixed,128,64,0.5,4.0,32,4096,2048,8192,5120,8100.803,12742.418,8081.888,-0.0041
mixed,128,64,0.5,4.0,32,4096,4096,16384,10240,15847.207,25154.722,15840.744,-0.0007
mixed,128,64,0.5,4.0,32,8192,128,512,320,929.437,1226.653,931.197,0.0059
mixed,128,64,0.5,4.0,32,8192,256,1024,640,1417.018,2001.017,1415.323,-0.0029
mixed,128,64,0.5,4.0,32,8192,512,2048,1280,2390.937,3548.114,2381.048,-0.0085
mixed,128,64,0.5,4.0,32,8192,1024,4096,2560,4328.241,6647.015,4323.437,-0.0021
mixed,128,64,0.5,4.0,32,8192,2048,8192,5120,8199.074,12862.962,8204.451,0.0012
mixed,128,64,0.5,4.0,32,8192,4096,16384,10240,15972.74,25262.595,15951.589,-0.0023
mixed,128,64,0.5,4.0,64,0,128,512,320,671.965,969.116,672.347,0.0013
mixed,128,64,0.5,4.0,64,0,256,1024,640,1158.268,1740.506,1154.973,-0.0057
mixed,128,64,0.5,4.0,64,0,512,2048,1280,2129.016,3288.723,2121.079,-0.0068
mixed,128,64,0.5,4.0,64,0,1024,4096,2560,4062.001,6387.081,4063.728,0.0007
mixed,128,64,0.5,4.0,64,0,2048,8192,5120,7950.181,12604.081,7938.145,-0.0026
mixed,128,64,0.5,4.0,64,0,4096,16384,10240,15712.612,25021.316,15696.965,-0.0017
mixed,128,64,0.5,4.0,64,512,128,512,320,727.996,1022.236,725.789,-0.0075
mixed,128,64,0.5,4.0,64,512,256,1024,640,1212.059,1791.126,1204.668,-0.0128
mixed,128,64,0.5,4.0,64,512,512,2048,1280,2177.815,3343.794,2178.549,0.0006
mixed,128,64,0.5,4.0,64,512,1024,4096,2560,4118.576,6450.407,4114.062,-0.0019
mixed,128,64,0.5,4.0,64,512,2048,8192,5120,7985.825,12650.416,7985.026,-0.0002
mixed,128,64,0.5,4.0,64,512,4096,16384,10240,15759.239,25061.798,15747.238,-0.0013
mixed,128,64,0.5,4.0,64,1024,128,512,320,787.229,1081.595,785.535,-0.0058
mixed,128,64,0.5,4.0,64,1024,256,1024,640,1271.292,1855.927,1269.563,-0.003
mixed,128,64,0.5,4.0,64,1024,512,2048,1280,2238.679,3403.859,2238.712,0.0
mixed,128,64,0.5,4.0,64,1024,1024,4096,2560,4182.417,6501.48,4178.96,-0.0015
mixed,128,64,0.5,4.0,64,1024,2048,8192,5120,8053.698,12719.567,8053.026,-0.0001
mixed,128,64,0.5,4.0,64,1024,4096,16384,10240,15806.534,25134.728,15795.588,-0.0012
mixed,128,64,0.5,4.0,64,2048,128,512,320,823.549,1118.746,819.614,-0.0133
mixed,128,64,0.5,4.0,64,2048,256,1024,640,1308.86,1894.07,1300.7,-0.0139
mixed,128,64,0.5,4.0,64,2048,512,2048,1280,2275.19,3437.683,2273.144,-0.0018
mixed,128,64,0.5,4.0,64,2048,1024,4096,2560,4220.626,6542.76,4205.682,-0.0064
mixed,128,64,0.5,4.0,64,2048,2048,8192,5120,8096.735,12749.391,8081.506,-0.0033
mixed,128,64,0.5,4.0,64,2048,4096,16384,10240,15852.548,25172.002,15874.882,0.0024
mixed,128,64,0.5,4.0,64,4096,128,512,320,923.803,1219.163,926.269,0.0083
mixed,128,64,0.5,4.0,64,4096,256,1024,640,1410.555,1990.68,1410.522,-0.0001
mixed,128,64,0.5,4.0,64,4096,512,2048,1280,2378.935,3550.513,2371.094,-0.0067
mixed,128,64,0.5,4.0,64,4096,1024,4096,2560,4317.871,6648.262,4307.088,-0.0046
mixed,128,64,0.5,4.0,64,4096,2048,8192,5120,8197.824,12851.312,8191.042,-0.0015
mixed,128,64,0.5,4.0,64,4096,4096,16384,10240,15951.205,25253.026,15947.715,-0.0004
mixed,128,64,0.5,4.0,64,8192,128,512,320,1136.987,1424.377,1128.155,-0.0307
mixed,128,64,0.5,4.0,64,8192,256,1024,640,1614.649,2195.578,1610.202,-0.0077
mixed,128,64,0.5,4.0,64,8192,512,2048,1280,2583.703,3744.912,2574.453,-0.008
mixed,128,64,0.5,4.0,64,8192,1024,4096,2560,4526.862,6848.067,4532.815,0.0026
mixed,128,64,0.5,4.0,64,8192,2048,8192,5120,8400.193,13045.55,8401.119,0.0002
mixed,128,64,0.5,4.0,64,8192,4096,16384,10240,16159.267,25458.691,16141.124,-0.002
mixed,128,64,0.5,4.0,128,0,128,512,320,696.285,990.076,695.134,-0.0039
mixed,128,64,0.5,4.0,128,0,256,1024,640,1180.153,1764.793,1174.554,-0.0096
mixed,128,64,0.5,4.0,128,0,512,2048,1280,2148.184,3313.234,2151.96,0.0032
mixed,128,64,0.5,4.0,128,0,1024,4096,2560,4088.943,6415.432,4091.472,0.0011
mixed,128,64,0.5,4.0,128,0,2048,8192,5120,7966.432,12624.623,7968.578,0.0005
mixed,128,64,0.5,4.0,128,0,4096,16384,10240,15724.006,25037.859,15703.302,-0.0022
mixed,128,64,0.5,4.0,128,512,128,512,320,827.578,1121.405,826.811,-0.0026
mixed,128,64,0.5,4.0,128,512,256,1024,640,1314.458,1893.271,1308.825,-0.0097
mixed,128,64,0.5,4.0,128,512,512,2048,1280,2282.296,3441.364,2267.256,-0.013
mixed,128,64,0.5,4.0,128,512,1024,4096,2560,4221.873,6543.592,4214.257,-0.0033
mixed,128,64,0.5,4.0,128,512,2048,8192,5120,8099.264,12749.331,8086.912,-0.0027
mixed,128,64,0.5,4.0,128,512,4096,16384,10240,15857.792,25172.769,15832.964,-0.0027
mixed,128,64,0.5,4.0,128,1024,128,512,320,894.717,1189.497,895.995,0.0043
mixed,128,64,0.5,4.0,128,1024,256,1024,640,1382.237,1957.69,1378.653,-0.0062
mixed,128,64,0.5,4.0,128,1024,512,2048,1280,2347.99,3511.89,2336.117,-0.0102
mixed,128,64,0.5,4.0,128,1024,1024,4096,2560,4286.798,6613.86,4281.201,-0.0024
mixed,128,64,0.5,4.0,128,1024,2048,8192,5120,8162.496,12822.127,8152.93,-0.0021
mixed,128,64,0.5,4.0,128,1024,4096,16384,10240,15920.1,25226.851,15903.907,-0.0017
mixed,128,64,0.5,4.0,128,2048,128,512,320,992.509,1290.748,992.413,-0.0003
mixed,128,64,0.5,4.0,128,2048,256,1024,640,1478.971,2062.008,1479.226,0.0004
mixed,128,64,0.5,4.0,128,2048,512,2048,1280,2443.541,3615.921,2441.88,-0.0014
mixed,128,64,0.5,4.0,128,2048,1024,4096,2560,4389.326,6713.545,4384.974,-0.0019
mixed,128,64,0.5,4.0,128,2048,2048,8192,5120,8260.77,12919.951,8249.696,-0.0024
mixed,128,64,0.5,4.0,128,2048,4096,16384,10240,16020.416,25338.049,16012.195,-0.0009
mixed,128,64,0.5,4.0,128,4096,128,512,320,1195.866,1488.155,1192.09,-0.0129
mixed,128,64,0.5,4.0,128,4096,256,1024,640,1682.652,2259.864,1679.32,-0.0058
mixed,128,64,0.5,4.0,128,4096,512,2048,1280,2655.253,3808.337,2647.606,-0.0066
mixed,128,64,0.5,4.0,128,4096,1024,4096,2560,4587.788,6915.685,4576.588,-0.0048
mixed,128,64,0.5,4.0,128,4096,2048,8192,5120,8463.871,13124.813,8457.409,-0.0014
mixed,128,64,0.5,4.0,128,4096,4096,16384,10240,16233.728,25517.823,16211.105,-0.0024
mixed,128,64,0.5,4.0,128,8192,128,512,320,1589.594,1885.944,1588.634,-0.0032
mixed,128,64,0.5,4.0,128,8192,256,1024,640,2076.249,2657.907,2069.592,-0.0114
mixed,128,64,0.5,4.0,128,8192,512,2048,1280,3044.436,4208.271,3042.259,-0.0019
mixed,128,64,0.5,4.0,128,8192,1024,4096,2560,4981.964,7314.469,4970.315,-0.005
mixed,128,64,0.5,4.0,128,8192,2048,8192,5120,8860.603,13524.428,8857.242,-0.0007
mixed,128,64,0.5,4.0,128,8192,4096,16384,10240,16620.479,25914.49,16614.72,-0.0006
mixed,128,64,0.5,4.0,256,0,128,512,320,814.555,1107.772,813.599,-0.0033
mixed,128,64,0.5,4.0,256,0,256,1024,640,1299.961,1880.919,1299.066,-0.0015
mixed,128,64,0.5,4.0,256,0,512,2048,1280,2272.857,3429.746,2261.493,-0.0098
mixed,128,64,0.5,4.0,256,0,1024,4096,2560,4209.425,6532.55,4209.806,0.0002
mixed,128,64,0.5,4.0,256,0,2048,8192,5120,8084.992,12733.134,8077.439,-0.0016
mixed,128,64,0.5,4.0,256,0,4096,16384,10240,15839.618,25163.552,15847.939,0.0009
mixed,128,64,0.5,4.0,256,512,128,512,320,946.779,1238.428,946.461,-0.0011
mixed,128,64,0.5,4.0,256,512,256,1024,640,1431.195,2018.617,1428.219,-0.0051
mixed,128,64,0.5,4.0,256,512,512,2048,1280,2405.493,3562.963,2394.997,-0.0091
mixed,128,64,0.5,4.0,256,512,1024,4096,2560,4337.455,6658.758,4330.767,-0.0029
mixed,128,64,0.5,4.0,256,512,2048,8192,5120,8215.425,12874.988,8216.095,0.0001
mixed,128,64,0.5,4.0,256,512,4096,16384,10240,15980.003,25282.85,15951.585,-0.0031
mixed,128,64,0.5,4.0,256,1024,128,512,320,1044.701,1336.923,1044.156,-0.0019
mixed,128,64,0.5,4.0,256,1024,256,1024,640,1527.13,2110.424,1529.402,0.0039
mixed,128,64,0.5,4.0,256,1024,512,2048,1280,2498.648,3660.305,2490.837,-0.0067
mixed,128,64,0.5,4.0,256,1024,1024,4096,2560,4435.887,6766.211,4428.942,-0.003
mixed,128,64,0.5,4.0,256,1024,2048,8192,5120,8323.869,12968.812,8306.398,-0.0038
mixed,128,64,0.5,4.0,256,1024,4096,16384,10240,16081.794,25389.63,16089.538,0.0008
mixed,128,64,0.5,4.0,256,2048,128,512,320,1243.451,1534.072,1241.403,-0.007
mixed,128,64,0.5,4.0,256,2048,256,1024,640,1725.242,2310.55,1719.033,-0.0106
mixed,128,64,0.5,4.0,256,2048,512,2048,1280,2698.261,3854.512,2687.543,-0.0093
mixed,128,64,0.5,4.0,256,2048,1024,4096,2560,4636.621,6961.092,4625.87,-0.0046
mixed,128,64,0.5,4.0,256,2048,2048,8192,5120,8514.302,13161.673,8508.285,-0.0013
mixed,128,64,0.5,4.0,256,2048,4096,16384,10240,16275.711,25575.357,16273.952,-0.0002
mixed,128,64,0.5,4.0,256,4096,128,512,320,1636.859,1935.478,1639.034,0.0073
mixed,128,64,0.5,4.0,256,4096,256,1024,640,2125.497,2707.349,2121.622,-0.0067
mixed,128,64,0.5,4.0,256,4096,512,2048,1280,3091.38,4249.423,3086.962,-0.0038
mixed,128,64,0.5,4.0,256,4096,1024,4096,2560,5030.958,7361.667,5029.58,-0.0006
mixed,128,64,0.5,4.0,256,4096,2048,8192,5120,8910.044,13560.264,8899.197,-0.0023
mixed,128,64,0.5,4.0,256,4096,4096,16384,10240,16674.559,25975.321,16660.929,-0.0015
mixed,128,64,0.5,4.0,256,8192,128,512,320,2428.693,2718.9,2426.899,-0.0062
mixed,128,64,0.5,4.0,256,8192,256,1024,640,2911.989,3495.153,2907.922,-0.007
mixed,128,64,0.5,4.0,256,8192,512,2048,1280,3884.945,5044.557,3872.431,-0.0108
mixed,128,64,0.5,4.0,256,8192,1024,4096,2560,5818.441,8148.383,5808.391,-0.0043
mixed,128,64,0.5,4.0,256,8192,2048,8192,5120,9695.45,14348.297,9690.651,-0.001
mixed,128,64,0.5,4.0,256,8192,4096,16384,10240,17440.507,26753.464,17439.805,-0.0001
mixed,128,64,0.5,4.0,512,0,128,512,320,1083.037,1377.146,1089.243,0.0211
mixed,128,64,0.5,4.0,512,0,256,1024,640,1572.793,2155.542,1572.986,0.0003
mixed,128,64,0.5,4.0,512,0,512,2048,1280,2539.766,3706.065,2535.505,-0.0037
mixed,128,64,0.5,4.0,512,0,1024,4096,2560,4482.542,6806.565,4467.279,-0.0066
mixed,128,64,0.5,4.0,512,0,2048,8192,5120,8362.655,13012.332,8350.494,-0.0026
mixed,128,64,0.5,4.0,512,0,4096,16384,10240,16107.327,25422.809,16094.05,-0.0014
mixed,128,64,0.5,4.0,512,512,128,512,320,1303.354,1596.985,1306.074,0.0093
mixed,128,64,0.5,4.0,512,512,256,1024,640,1784.758,2369.657,1785.4,0.0011
mixed,128,64,0.5,4.0,512,512,512,2048,1280,2760.661,3923.921,2753.236,-0.0064
mixed,128,64,0.5,4.0,512,512,1024,4096,2560,4696.492,7024.164,4679.694,-0.0072
mixed,128,64,0.5,4.0,512,512,2048,8192,5120,8574.429,13227.662,8573.054,-0.0003
mixed,128,64,0.5,4.0,512,512,4096,16384,10240,16326.848,25642.812,16332.095,0.0006
mixed,128,64,0.5,4.0,512,1024,128,512,320,1502.139,1797.111,1502.842,0.0024
mixed,128,64,0.5,4.0,512,1024,256,1024,640,1987.16,2568.086,1984.569,-0.0045
mixed,128,64,0.5,4.0,512,1024,512,2048,1280,2959.349,4115.566,2953.172,-0.0053
mixed,128,64,0.5,4.0,512,1024,1024,4096,2560,4890.765,7216.996,4888.973,-0.0008
mixed,128,64,0.5,4.0,512,1024,2048,8192,5120,8771.261,13421.384,8767.231,-0.0009
mixed,128,64,0.5,4.0,512,1024,4096,16384,10240,16530.495,25833.081,16552.991,0.0024
mixed,128,64,0.5,4.0,512,2048,128,512,320,1896.152,2192.439,1890.519,-0.019
mixed,128,64,0.5,4.0,512,2048,256,1024,640,2375.829,2961.203,2375.959,0.0002
mixed,128,64,0.5,4.0,512,2048,512,2048,1280,3346.737,4514.605,3353.554,0.0058
mixed,128,64,0.5,4.0,512,2048,1024,4096,2560,5287.689,7619.204,5286.06,-0.0007
mixed,128,64,0.5,4.0,512,2048,2048,8192,5120,9167.258,13819.273,9154.521,-0.0027
mixed,128,64,0.5,4.0,512,2048,4096,16384,10240,16926.108,26245.367,16899.646,-0.0028
mixed,128,64,0.5,4.0,512,4096,128,512,320,2674.932,2974.58,2676.18,0.0042
mixed,128,64,0.5,4.0,512,4096,256,1024,640,3160.148,3742.481,3162.098,0.0033
mixed,128,64,0.5,4.0,512,4096,512,2048,1280,4130.638,5291.529,4124.654,-0.0052
mixed,128,64,0.5,4.0,512,4096,1024,4096,2560,6073.575,8397.889,6068.968,-0.002
mixed,128,64,0.5,4.0,512,4096,2048,8192,5120,9945.942,14601.415,9961.657,0.0034
mixed,128,64,0.5,4.0,512,4096,4096,16384,10240,17705.405,27012.661,17694.873,-0.0011
mixed,128,64,0.5,4.0,512,8192,128,512,320,4247.055,4541.932,4245.967,-0.0037
mixed,128,64,0.5,4.0,512,8192,256,1024,640,4731.791,5317.321,4728.526,-0.0056
mixed,128,64,0.5,4.0,512,8192,512,2048,1280,5703.721,6870.086,5699.112,-0.004
mixed,128,64,0.5,4.0,512,8192,1024,4096,2560,7638.657,9969.433,7636.447,-0.0009
mixed,128,64,0.5,4.0,512,8192,2048,8192,5120,11519.282,16174.209,11505.521,-0.003
mixed,128,64,0.5,4.0,512,8192,4096,16384,10240,19280.303,28584.786,19262.741,-0.0019
mixed,128,64,0.5,4.0,1024,0,128,512,320,1416.795,1710.042,1417.37,0.002
mixed,128,64,0.5,4.0,1024,0,256,1024,640,1904.725,2485.876,1897.752,-0.012
mixed,128,64,0.5,4.0,1024,0,512,2048,1280,2870.676,4040.112,2865.745,-0.0042
mixed,128,64,0.5,4.0,1024,0,1024,4096,2560,4817.741,7132.514,4803.724,-0.0061
mixed,128,64,0.5,4.0,1024,0,2048,8192,5120,8690.269,13347.562,8678.495,-0.0025
mixed,128,64,0.5,4.0,1024,0,4096,16384,10240,16433.567,25748.697,16436.414,0.0003
mixed,128,64,0.5,4.0,1024,512,128,512,320,1887.799,2180.886,1889.496,0.0058
mixed,128,64,0.5,4.0,1024,512,256,1024,640,2370.614,2956.692,2365.238,-0.0092
mixed,128,64,0.5,4.0,1024,512,512,2048,1280,3346.707,4504.62,3339.285,-0.0064
mixed,128,64,0.5,4.0,1024,512,1024,4096,2560,5275.981,7606.367,5274.539,-0.0006
mixed,128,64,0.5,4.0,1024,512,2048,8192,5120,9158.524,13812.137,9146.971,-0.0025
mixed,128,64,0.5,4.0,1024,512,4096,16384,10240,16919.838,26230.039,16911.293,-0.0009
mixed,128,64,0.5,4.0,1024,1024,128,512,320,2280.823,2580.148,2279.223,-0.0053
mixed,128,64,0.5,4.0,1024,1024,256,1024,640,2767.124,3342.612,2763.764,-0.0058
mixed,128,64,0.5,4.0,1024,1024,512,2048,1280,3733.424,4895.564,3734.198,0.0007
mixed,128,64,0.5,4.0,1024,1024,1024,4096,2560,5672.88,7996.12,5665.583,-0.0031
mixed,128,64,0.5,4.0,1024,1024,2048,8192,5120,9551.721,14207.898,9546.215,-0.0012
mixed,128,64,0.5,4.0,1024,1024,4096,16384,10240,17327.065,26635.705,17290.327,-0.0039
mixed,128,64,0.5,4.0,1024,2048,128,512,320,3059.84,3356.262,3063.324,0.0118
mixed,128,64,0.5,4.0,1024,2048,256,1024,640,3550.287,4129.277,3542.027,-0.0143
mixed,128,64,0.5,4.0,1024,2048,512,2048,1280,4515.689,5677.324,4508.968,-0.0058
mixed,128,64,0.5,4.0,1024,2048,1024,4096,2560,6455.203,8779.207,6446.946,-0.0036
mixed,128,64,0.5,4.0,1024,2048,2048,8192,5120,10333.337,14996.032,10326.997,-0.0014
mixed,128,64,0.5,4.0,1024,2048,4096,16384,10240,18103.258,27415.664,18085.912,-0.0019
mixed,128,64,0.5,4.0,1024,4096,128,512,320,4620.359,4912.815,4621.033,0.0023
mixed,128,64,0.5,4.0,1024,4096,256,1024,640,5103.51,5685.703,5107.254,0.0064
mixed,128,64,0.5,4.0,1024,4096,512,2048,1280,6075.313,7235.186,6073.2,-0.0018
mixed,128,64,0.5,4.0,1024,4096,1024,4096,2560,8015.081,10339.372,8004.743,-0.0044
mixed,128,64,0.5,4.0,1024,4096,2048,8192,5120,11882.297,16541.562,11870.741,-0.0025
mixed,128,64,0.5,4.0,1024,4096,4096,16384,10240,19657.491,28972.606,19667.313,0.0011
mixed,128,64,0.5,4.0,1024,8192,128,512,320,7745.373,8034.788,7751.612,0.0216
mixed,128,64,0.5,4.0,1024,8192,256,1024,640,8231.783,8805.689,8224.168,-0.0133
mixed,128,64,0.5,4.0,1024,8192,512,2048,1280,9195.36,10360.258,9189.026,-0.0054
mixed,128,64,0.5,4.0,1024,8192,1024,4096,2560,11136.887,13472.054,11130.806,-0.0026
mixed,128,64,0.5,4.0,1024,8192,2048,8192,5120,15033.89,19675.235,15000.417,-0.0072
mixed,128,64,0.5,4.0,1024,8192,4096,16384,10240,22762.711,32096.084,22750.164,-0.0013
mixed,128,64,0.5,4.0,2048,0,128,512,320,2881.324,3176.952,2882.572,0.0042
mixed,128,64,0.5,4.0,2048,0,256,1024,640,3372.156,3948.491,3367.805,-0.0075
mixed,128,64,0.5,4.0,2048,0,512,2048,1280,4340.212,5499.605,4333.141,-0.0061
mixed,128,64,0.5,4.0,2048,0,1024,4096,2560,6282.472,8599.401,6264.298,-0.0078
mixed,128,64,0.5,4.0,2048,0,2048,8192,5120,10151.757,14802.379,10157.104,0.0011
mixed,128,64,0.5,4.0,2048,0,4096,16384,10240,17917.983,27208.499,17920.542,0.0003
mixed,128,64,0.5,4.0,2048,512,128,512,320,3735.619,4029.195,3736.16,0.0018
mixed,128,64,0.5,4.0,2048,512,256,1024,640,4222.672,4802.911,4218.764,-0.0067
mixed,128,64,0.5,4.0,2048,512,512,2048,1280,5191.945,6354.5,5188.358,-0.0031
mixed,128,64,0.5,4.0,2048,512,1024,4096,2560,7129.209,9461.749,7120.28,-0.0038
mixed,128,64,0.5,4.0,2048,512,2048,8192,5120,11009.981,15656.372,11008.665,-0.0003
mixed,128,64,0.5,4.0,2048,512,4096,16384,10240,18756.45,28077.871,18779.454,0.0025
mixed,128,64,0.5,4.0,2048,1024,128,512,320,4579.157,4875.451,4583.251,0.0138
mixed,128,64,0.5,4.0,2048,1024,256,1024,640,5068.384,5646.222,5064.352,-0.007
mixed,128,64,0.5,4.0,2048,1024,512,2048,1280,6033.338,7201.908,6036.149,0.0024
mixed,128,64,0.5,4.0,2048,1024,1024,4096,2560,7980.969,10303.553,7953.864,-0.0117
mixed,128,64,0.5,4.0,2048,1024,2048,8192,5120,11856.038,16512.921,11838.404,-0.0038
mixed,128,64,0.5,4.0,2048,1024,4096,16384,10240,19596.645,28913.577,19600.481,0.0004
mixed,128,64,0.5,4.0,2048,2048,128,512,320,6227.287,6512.832,6220.121,-0.0251
mixed,128,64,0.5,4.0,2048,2048,256,1024,640,6714.373,7294.703,6708.994,-0.0093
mixed,128,64,0.5,4.0,2048,2048,512,2048,1280,7674.36,8835.606,7684.667,0.0089
mixed,128,64,0.5,4.0,2048,2048,1024,4096,2560,9621.449,11946.91,9610.501,-0.0047
mixed,128,64,0.5,4.0,2048,2048,2048,8192,5120,13497.059,18145.619,13476.541,-0.0044
mixed,128,64,0.5,4.0,2048,2048,4096,16384,10240,21264.986,30550.616,21256.921,-0.0009
mixed,128,64,0.5,4.0,2048,4096,128,512,320,9433.243,9725.348,9435.134,0.0065
mixed,128,64,0.5,4.0,2048,4096,256,1024,640,9916.521,10506.004,9918.149,0.0028
mixed,128,64,0.5,4.0,2048,4096,512,2048,1280,10892.283,12042.326,10881.214,-0.0096
mixed,128,64,0.5,4.0,2048,4096,1024,4096,2560,12839.43,15165.438,12832.811,-0.0028
mixed,128,64,0.5,4.0,2048,4096,2048,8192,5120,16700.931,21372.399,16722.464,0.0046
mixed,128,64,0.5,4.0,2048,4096,4096,16384,10240,24865.466,33771.971,24439.92,-0.0478
mixed,128,64,0.5,4.0,2048,8192,128,512,320,15623.107,15921.547,15637.184,0.0472
mixed,128,64,0.5,4.0,2048,8192,256,1024,640,16133.422,16409.199,15816.198,-1.1503
mixed,128,64,0.5,4.0,2048,8192,512,2048,1280,17082.815,18249.27,16387.438,-0.5961
mixed,128,64,0.5,4.0,2048,8192,1024,4096,2560,18257.94,21353.5,19013.191,0.244
mixed,128,64,0.5,4.0,2048,8192,2048,8192,5120,22901.279,26064.162,22979.296,0.0247
mixed,128,64,0.5,4.0,2048,8192,4096,16384,10240,30665.575,37568.283,30686.145,0.003
pure,128,96,0.75,4.0,0,0,128,512,416,747.664,894.131,747.698,0.0002
pure,128,96,0.75,4.0,0,0,256,1024,832,1376.733,1669.956,1376.925,0.0007
pure,128,96,0.75,4.0,0,0,512,2048,1664,2638.458,3221.476,2640.728,0.0039
pure,128,96,0.75,4.0,0,0,1024,4096,3328,5157.009,6318.567,5158.35,0.0012
pure,128,96,0.75,4.0,0,0,2048,8192,6656,10205.883,12526.988,10202.296,-0.0015
pure,128,96,0.75,4.0,0,0,4096,16384,13312,20277.776,24950.419,20321.837,0.0094
mixed,128,96,0.75,4.0,16,0,128,512,416,776.239,923.443,771.697,-0.0309
mixed,128,96,0.75,4.0,16,0,256,1024,832,1403.773,1695.972,1404.383,0.0021
mixed,128,96,0.75,4.0,16,0,512,2048,1664,2670.265,3246.37,2665.271,-0.0087
mixed,128,96,0.75,4.0,16,0,1024,4096,3328,5187.019,6348.93,5186.28,-0.0006
mixed,128,96,0.75,4.0,16,0,2048,8192,6656,10226.323,12562.852,10237.778,0.0049
mixed,128,96,0.75,4.0,16,0,4096,16384,13312,20306.783,24957.152,20329.344,0.0049
mixed,128,96,0.75,4.0,16,512,128,512,416,815.507,963.733,814.671,-0.0056
mixed,128,96,0.75,4.0,16,512,256,1024,832,1443.423,1734.564,1447.709,0.0147
mixed,128,96,0.75,4.0,16,512,512,2048,1664,2704.214,3284.417,2707.508,0.0057
mixed,128,96,0.75,4.0,16,512,1024,4096,3328,5227.399,6396.349,5229.191,0.0015
mixed,128,96,0.75,4.0,16,512,2048,8192,6656,10260.554,12588.057,10270.923,0.0045
mixed,128,96,0.75,4.0,16,512,4096,16384,13312,20344.211,24991.468,20371.695,0.0059
mixed,128,96,0.75,4.0,16,1024,128,512,416,821.937,968.499,818.735,-0.0218
mixed,128,96,0.75,4.0,16,1024,256,1024,832,1449.689,1742.784,1453.116,0.0117
mixed,128,96,0.75,4.0,16,1024,512,2048,1664,2709.46,3300.927,2707.702,-0.003
mixed,128,96,0.75,4.0,16,1024,1024,4096,3328,5232.196,6396.283,5231.011,-0.001
mixed,128,96,0.75,4.0,16,1024,2048,8192,6656,10269.955,12595.151,10269.412,-0.0002
mixed,128,96,0.75,4.0,16,1024,4096,16384,13312,20359.399,25010.779,20366.914,0.0016
mixed,128,96,0.75,4.0,16,2048,128,512,416,827.694,974.162,828.688,0.0068
mixed,128,96,0.75,4.0,16,2048,256,1024,832,1456.987,1745.12,1457.628,0.0022
mixed,128,96,0.75,4.0,16,2048,512,2048,1664,2714.321,3298.975,2715.697,0.0024
mixed,128,96,0.75,4.0,16,2048,1024,4096,3328,5240.802,6404.022,5244.035,0.0028
mixed,128,96,0.75,4.0,16,2048,2048,8192,6656,10281.724,12601.991,10287.772,0.0026
mixed,128,96,0.75,4.0,16,2048,4096,16384,13312,20362.87,25005.638,20361.52,-0.0003
mixed,128,96,0.75,4.0,16,4096,128,512,416,867.503,1016.979,863.695,-0.0255
mixed,128,96,0.75,4.0,16,4096,256,1024,832,1494.553,1784.864,1495.164,0.0021
mixed,128,96,0.75,4.0,16,4096,512,2048,1664,2756.21,3338.91,2755.637,-0.001
mixed,128,96,0.75,4.0,16,4096,1024,4096,3328,5281.312,6439.954,5274.268,-0.0061
mixed,128,96,0.75,4.0,16,4096,2048,8192,6656,10317.177,12655.427,10329.465,0.0053
mixed,128,96,0.75,4.0,16,4096,4096,16384,13312,20414.473,25064.505,20403.495,-0.0024
mixed,128,96,0.75,4.0,16,8192,128,512,416,920.208,1067.315,917.901,-0.0157
mixed,128,96,0.75,4.0,16,8192,256,1024,832,1551.13,1843.103,1547.835,-0.0113
mixed,128,96,0.75,4.0,16,8192,512,2048,1664,2808.976,3393.176,2809.938,0.0016
mixed,128,96,0.75,4.0,16,8192,1024,4096,3328,5332.123,6493.937,5331.003,-0.001
mixed,128,96,0.75,4.0,16,8192,2048,8192,6656,10378.384,12693.943,10388.62,0.0044
mixed,128,96,0.75,4.0,16,8192,4096,16384,13312,20456.855,25107.533,20476.219,0.0042
mixed,128,96,0.75,4.0,32,0,128,512,416,814.573,968.88,813.005,-0.0102
mixed,128,96,0.75,4.0,32,0,256,1024,832,1442.615,1734.812,1443.319,0.0024
mixed,128,96,0.75,4.0,32,0,512,2048,1664,2706.896,3284.31,2702.444,-0.0077
mixed,128,96,0.75,4.0,32,0,1024,4096,3328,5223.319,6391.242,5222.676,-0.0006
mixed,128,96,0.75,4.0,32,0,2048,8192,6656,10266.055,12593.133,10269.641,0.0015
mixed,128,96,0.75,4.0,32,0,4096,16384,13312,20359.116,25009.145,20359.851,0.0002
mixed,128,96,0.75,4.0,32,512,128,512,416,853.805,1005.2,854.797,0.0066
mixed,128,96,0.75,4.0,32,512,256,1024,832,1485.977,1778.748,1486.232,0.0009
mixed,128,96,0.75,4.0,32,512,512,2048,1664,2742.284,3324.789,2740.489,-0.0031
mixed,128,96,0.75,4.0,32,512,1024,4096,3328,5263.571,6428.003,5268.532,0.0043
mixed,128,96,0.75,4.0,32,512,2048,8192,6656,10314.759,12629.96,10325.922,0.0048
mixed,128,96,0.75,4.0,32,512,4096,16384,13312,20399.777,25061.1,20400.8,0.0002
mixed,128,96,0.75,4.0,32,1024,128,512,416,866.062,1015.824,860.49,-0.0372
mixed,128,96,0.75,4.0,32,1024,256,1024,832,1493.812,1790.009,1489.527,-0.0145
mixed,128,96,0.75,4.0,32,1024,512,2048,1664,2753.257,3337.077,2754.571,0.0023
mixed,128,96,0.75,4.0,32,1024,1024,4096,3328,5281.137,6439.584,5271.918,-0.008
mixed,128,96,0.75,4.0,32,1024,2048,8192,6656,10321.693,12648.094,10324.7,0.0013
mixed,128,96,0.75,4.0,32,1024,4096,16384,13312,20400.437,25068.184,20416.145,0.0034
mixed,128,96,0.75,4.0,32,2048,128,512,416,888.398,1025.999,878.252,-0.0737
mixed,128,96,0.75,4.0,32,2048,256,1024,832,1507.256,1799.672,1513.428,0.0211
mixed,128,96,0.75,4.0,32,2048,512,2048,1664,2772.681,3353.936,2768.81,-0.0067
mixed,128,96,0.75,4.0,32,2048,1024,4096,3328,5288.398,6459.772,5290.288,0.0016
mixed,128,96,0.75,4.0,32,2048,2048,8192,6656,10338.936,12658.745,10331.958,-0.003
mixed,128,96,0.75,4.0,32,2048,4096,16384,13312,20414.57,25072.97,20414.376,-0.0
mixed,128,96,0.75,4.0,32,4096,128,512,416,967.469,1115.153,964.716,-0.0186
mixed,128,96,0.75,4.0,32,4096,256,1024,832,1596.214,1886.426,1592.63,-0.0123
mixed,128,96,0.75,4.0,32,4096,512,2048,1664,2858.025,3436.24,2870.217,0.0211
mixed,128,96,0.75,4.0,32,4096,1024,4096,3328,5385.326,6546.682,5375.755,-0.0082
mixed,128,96,0.75,4.0,32,4096,2048,8192,6656,10422.13,12752.724,10414.899,-0.0031
mixed,128,96,0.75,4.0,32,4096,4096,16384,13312,20505.889,25159.455,20519.357,0.0029
mixed,128,96,0.75,4.0,32,8192,128,512,416,1079.823,1224.498,1078.992,-0.0057
mixed,128,96,0.75,4.0,32,8192,256,1024,832,1708.793,2000.508,1707.319,-0.0051
mixed,128,96,0.75,4.0,32,8192,512,2048,1664,2967.975,3553.169,2968.712,0.0013
mixed,128,96,0.75,4.0,32,8192,1024,4096,3328,5483.117,6656.025,5495.625,0.0107
mixed,128,96,0.75,4.0,32,8192,2048,8192,6656,10524.53,12856.432,10536.335,0.0051
mixed,128,96,0.75,4.0,32,8192,4096,16384,13312,20627.927,25272.534,20617.622,-0.0022
mixed,128,96,0.75,4.0,64,0,128,512,416,818.475,967.852,819.02,0.0036
mixed,128,96,0.75,4.0,64,0,256,1024,832,1449.077,1743.925,1448.883,-0.0007
mixed,128,96,0.75,4.0,64,0,512,2048,1664,2707.749,3294.54,2707.525,-0.0004
mixed,128,96,0.75,4.0,64,0,1024,4096,3328,5226.627,6388.914,5231.139,0.0039
mixed,128,96,0.75,4.0,64,0,2048,8192,6656,10269.511,12597.861,10281.895,0.0053
mixed,128,96,0.75,4.0,64,0,4096,16384,13312,20361.672,25005.443,20361.381,-0.0001
mixed,128,96,0.75,4.0,64,512,128,512,416,871.467,1022.221,873.643,0.0144
mixed,128,96,0.75,4.0,64,512,256,1024,832,1503.923,1792.534,1500.85,-0.0106
mixed,128,96,0.75,4.0,64,512,512,2048,1664,2761.188,3344.044,2763.458,0.0039
mixed,128,96,0.75,4.0,64,512,1024,4096,3328,5282.146,6446.93,5287.555,0.0046
mixed,128,96,0.75,4.0,64,512,2048,8192,6656,10329.76,12655.647,10326.883,-0.0012
mixed,128,96,0.75,4.0,64,512,4096,16384,13312,20415.744,25056.89,20409.472,-0.0014
mixed,128,96,0.75,4.0,64,1024,128,512,416,931.404,1084.783,931.915,0.0033
mixed,128,96,0.75,4.0,64,1024,256,1024,832,1564.853,1858.937,1566.29,0.0049
mixed,128,96,0.75,4.0,64,1024,512,2048,1664,2823.842,3406.122,2821.636,-0.0038
mixed,128,96,0.75,4.0,64,1024,1024,4096,3328,5345.601,6510.48,5346.082,0.0004
mixed,128,96,0.75,4.0,64,1024,2048,8192,6656,10391.134,12713.114,10388.221,-0.0013
mixed,128,96,0.75,4.0,64,1024,4096,16384,13312,20458.579,25117.261,20497.908,0.0084
mixed,128,96,0.75,4.0,64,2048,128,512,416,968.65,1116.847,967.5,-0.0078
mixed,128,96,0.75,4.0,64,2048,256,1024,832,1597.809,1888.918,1596.175,-0.0056
mixed,128,96,0.75,4.0,64,2048,512,2048,1664,2860.194,3441.48,2856.737,-0.0059
mixed,128,96,0.75,4.0,64,2048,1024,4096,3328,5380.063,6544.909,5382.208,0.0018
mixed,128,96,0.75,4.0,64,2048,2048,8192,6656,10428.986,12754.771,10430.711,0.0007
mixed,128,96,0.75,4.0,64,2048,4096,16384,13312,20516.748,25143.904,20519.31,0.0006
mixed,128,96,0.75,4.0,64,4096,128,512,416,1072.525,1217.998,1070.572,-0.0134
mixed,128,96,0.75,4.0,64,4096,256,1024,832,1707.764,1991.607,1700.146,-0.0268
mixed,128,96,0.75,4.0,64,4096,512,2048,1664,2962.785,3543.081,2963.329,0.0009
mixed,128,96,0.75,4.0,64,4096,1024,4096,3328,5478.557,6643.465,5482.3,0.0032
mixed,128,96,0.75,4.0,64,4096,2048,8192,6656,10516.212,12855.949,10524.278,0.0034
mixed,128,96,0.75,4.0,64,4096,4096,16384,13312,20619.368,25273.371,20616.996,-0.0005
mixed,128,96,0.75,4.0,64,8192,128,512,416,1276.59,1422.283,1274.094,-0.0171
mixed,128,96,0.75,4.0,64,8192,256,1024,832,1907.571,2198.169,1902.614,-0.0171
mixed,128,96,0.75,4.0,64,8192,512,2048,1664,3168.067,3748.2,3166.499,-0.0027
mixed,128,96,0.75,4.0,64,8192,1024,4096,3328,5681.053,6845.227,5681.311,0.0002
mixed,128,96,0.75,4.0,64,8192,2048,8192,6656,10730.451,13057.933,10726.034,-0.0019
mixed,128,96,0.75,4.0,64,8192,4096,16384,13312,20818.843,25459.728,20834.113,0.0033
mixed,128,96,0.75,4.0,128,0,128,512,416,842.185,988.011,837.959,-0.029
mixed,128,96,0.75,4.0,128,0,256,1024,832,1470.767,1762.451,1470.703,-0.0002
mixed,128,96,0.75,4.0,128,0,512,2048,1664,2732.254,3313.411,2730.715,-0.0026
mixed,128,96,0.75,4.0,128,0,1024,4096,3328,5249.304,6419.62,5253.687,0.0037
mixed,128,96,0.75,4.0,128,0,2048,8192,6656,10293.323,12629.347,10288.364,-0.0021
mixed,128,96,0.75,4.0,128,0,4096,16384,13312,20385.683,25029.25,20396.659,0.0024
mixed,128,96,0.75,4.0,128,512,128,512,416,973.483,1124.619,971.817,-0.011
mixed,128,96,0.75,4.0,128,512,256,1024,832,1603.024,1896.37,1602.611,-0.0014
mixed,128,96,0.75,4.0,128,512,512,2048,1664,2861.789,3444.514,2866.27,0.0077
mixed,128,96,0.75,4.0,128,512,1024,4096,3328,5394.424,6543.363,5387.893,-0.0057
mixed,128,96,0.75,4.0,128,512,2048,8192,6656,10429.958,12750.078,10432.421,0.0011
mixed,128,96,0.75,4.0,128,512,4096,16384,13312,20514.859,25174.108,20517.549,0.0006
mixed,128,96,0.75,4.0,128,1024,128,512,416,1041.034,1188.938,1040.074,-0.0065
mixed,128,96,0.75,4.0,128,1024,256,1024,832,1672.561,1967.475,1670.352,-0.0075
mixed,128,96,0.75,4.0,128,1024,512,2048,1664,2927.774,3511.682,2924.733,-0.0052
mixed,128,96,0.75,4.0,128,1024,1024,4096,3328,5458.072,6625.248,5452.02,-0.0052
mixed,128,96,0.75,4.0,128,1024,2048,8192,6656,10496.642,12831.995,10492.453,-0.0018
mixed,128,96,0.75,4.0,128,1024,4096,16384,13312,20581.444,25227.314,20586.402,0.0011
mixed,128,96,0.75,4.0,128,2048,128,512,416,1141.321,1288.876,1136.586,-0.0321
mixed,128,96,0.75,4.0,128,2048,256,1024,832,1768.689,2066.611,1768.623,-0.0002
mixed,128,96,0.75,4.0,128,2048,512,2048,1664,3030.812,3610.05,3030.459,-0.0006
mixed,128,96,0.75,4.0,128,2048,1024,4096,3328,5552.432,6716.926,5543.956,-0.0073
mixed,128,96,0.75,4.0,128,2048,2048,8192,6656,10592.386,12924.055,10592.544,0.0001
mixed,128,96,0.75,4.0,128,2048,4096,16384,13312,20680.222,25322.823,20681.341,0.0002
mixed,128,96,0.75,4.0,128,4096,128,512,416,1341.165,1491.854,1340.331,-0.0055
mixed,128,96,0.75,4.0,128,4096,256,1024,832,1970.995,2264.562,1973.714,0.0093
mixed,128,96,0.75,4.0,128,4096,512,2048,1664,3229.949,3814.016,3227.645,-0.0039
mixed,128,96,0.75,4.0,128,4096,1024,4096,3328,5746.42,6909.659,5754.579,0.007
mixed,128,96,0.75,4.0,128,4096,2048,8192,6656,10791.394,13111.318,10808.035,0.0072
mixed,128,96,0.75,4.0,128,4096,4096,16384,13312,20877.628,25537.985,20881.304,0.0008
mixed,128,96,0.75,4.0,128,8192,128,512,416,1735.854,1882.607,1731.823,-0.0275
mixed,128,96,0.75,4.0,128,8192,256,1024,832,2368.113,2656.214,2366.933,-0.0041
mixed,128,96,0.75,4.0,128,8192,512,2048,1664,3627.905,4207.298,3626.654,-0.0022
mixed,128,96,0.75,4.0,128,8192,1024,4096,3328,6149.203,7312.702,6143.67,-0.0048
mixed,128,96,0.75,4.0,128,8192,2048,8192,6656,11188.895,13522.771,11200.093,0.0048
mixed,128,96,0.75,4.0,128,8192,4096,16384,13312,21277.625,25921.243,21283.41,0.0012
mixed,128,96,0.75,4.0,256,0,128,512,416,960.518,1108.774,959.977,-0.0036
mixed,128,96,0.75,4.0,256,0,256,1024,832,1591.405,1880.753,1594.382,0.0103
mixed,128,96,0.75,4.0,256,0,512,2048,1664,2852.95,3432.702,2851.928,-0.0018
mixed,128,96,0.75,4.0,256,0,1024,4096,3328,5369.389,6534.776,5379.021,0.0083
mixed,128,96,0.75,4.0,256,0,2048,8192,6656,10408.439,12743.689,10420.147,0.005
mixed,128,96,0.75,4.0,256,0,4096,16384,13312,20499.21,25153.039,20502.092,0.0006
mixed,128,96,0.75,4.0,256,512,128,512,416,1090.472,1240.426,1088.745,-0.0115
mixed,128,96,0.75,4.0,256,512,256,1024,832,1720.654,2014.158,1718.637,-0.0069
mixed,128,96,0.75,4.0,256,512,512,2048,1664,2978.841,3566.972,2978.743,-0.0002
mixed,128,96,0.75,4.0,256,512,1024,4096,3328,5501.322,6671.699,5505.899,0.0039
mixed,128,96,0.75,4.0,256,512,2048,8192,6656,10542.067,12873.122,10544.177,0.0009
mixed,128,96,0.75,4.0,256,512,4096,16384,13312,20621.794,25281.349,20624.931,0.0007
mixed,128,96,0.75,4.0,256,1024,128,512,416,1192.874,1340.778,1187.817,-0.0342
mixed,128,96,0.75,4.0,256,1024,256,1024,832,1824.493,2111.443,1819.629,-0.017
mixed,128,96,0.75,4.0,256,1024,512,2048,1664,3083.671,3658.621,3081.432,-0.0039
mixed,128,96,0.75,4.0,256,1024,1024,4096,3328,5596.906,6763.219,5596.202,-0.0006
mixed,128,96,0.75,4.0,256,1024,2048,8192,6656,10640.245,12966.21,10655.185,0.0064
mixed,128,96,0.75,4.0,256,1024,4096,16384,13312,20726.176,25391.455,20749.114,0.0049
mixed,128,96,0.75,4.0,256,2048,128,512,416,1384.297,1537.802,1383.402,-0.0058
mixed,128,96,0.75,4.0,256,2048,256,1024,832,2015.661,2306.511,2014.0,-0.0057
mixed,128,96,0.75,4.0,256,2048,512,2048,1664,3277.495,3860.155,3275.543,-0.0034
mixed,128,96,0.75,4.0,256,2048,1024,4096,3328,5797.163,6961.552,5796.171,-0.0009
mixed,128,96,0.75,4.0,256,2048,2048,8192,6656,10836.497,13174.492,10835.216,-0.0005
mixed,128,96,0.75,4.0,256,2048,4096,16384,13312,20936.12,25587.674,20950.552,0.0031
mixed,128,96,0.75,4.0,256,4096,128,512,416,1785.519,1933.998,1784.141,-0.0093
mixed,128,96,0.75,4.0,256,4096,256,1024,832,2413.393,2711.638,2412.143,-0.0042
mixed,128,96,0.75,4.0,256,4096,512,2048,1664,3675.483,4257.854,3673.246,-0.0038
mixed,128,96,0.75,4.0,256,4096,1024,4096,3328,6196.042,7354.963,6206.027,0.0086
mixed,128,96,0.75,4.0,256,4096,2048,8192,6656,11240.114,13559.999,11249.679,0.0041
mixed,128,96,0.75,4.0,256,4096,4096,16384,13312,21316.631,25981.076,21331.799,0.0033
mixed,128,96,0.75,4.0,256,8192,128,512,416,2577.267,2729.267,2569.493,-0.0511
mixed,128,96,0.75,4.0,256,8192,256,1024,832,3200.309,3495.737,3203.315,0.0102
mixed,128,96,0.75,4.0,256,8192,512,2048,1664,4465.376,5050.434,4460.16,-0.0089
mixed,128,96,0.75,4.0,256,8192,1024,4096,3328,6983.28,8144.92,6998.702,0.0133
mixed,128,96,0.75,4.0,256,8192,2048,8192,6656,12027.537,14356.065,12030.417,0.0012
mixed,128,96,0.75,4.0,256,8192,4096,16384,13312,22113.78,26761.011,22127.895,0.003
mixed,128,96,0.75,4.0,512,0,128,512,416,1232.071,1380.137,1228.585,-0.0235
mixed,128,96,0.75,4.0,512,0,256,1024,832,1860.429,2153.71,1860.877,0.0015
mixed,128,96,0.75,4.0,512,0,512,2048,1664,3124.373,3698.841,3119.735,-0.0081
mixed,128,96,0.75,4.0,512,0,1024,4096,3328,5641.317,6812.46,5646.342,0.0043
mixed,128,96,0.75,4.0,512,0,2048,8192,6656,10683.078,13024.375,10694.376,0.0048
mixed,128,96,0.75,4.0,512,0,4096,16384,13312,20767.525,25422.436,20779.273,0.0025
mixed,128,96,0.75,4.0,512,512,128,512,416,1449.928,1597.738,1452.01,0.0141
mixed,128,96,0.75,4.0,512,512,256,1024,832,2078.511,2372.207,2076.719,-0.0061
mixed,128,96,0.75,4.0,512,512,512,2048,1664,3337.461,3924.249,3341.972,0.0077
mixed,128,96,0.75,4.0,512,512,1024,4096,3328,5858.501,7024.076,5855.908,-0.0022
mixed,128,96,0.75,4.0,512,512,2048,8192,6656,10899.426,13221.936,10909.444,0.0043
mixed,128,96,0.75,4.0,512,512,4096,16384,13312,20984.516,25644.16,21021.987,0.008
mixed,128,96,0.75,4.0,512,1024,128,512,416,1647.561,1794.154,1648.33,0.0052
mixed,128,96,0.75,4.0,512,1024,256,1024,832,2276.43,2567.28,2275.407,-0.0035
mixed,128,96,0.75,4.0,512,1024,512,2048,1664,3535.988,4118.681,3543.125,0.0122
mixed,128,96,0.75,4.0,512,1024,1024,4096,3328,6060.197,7224.523,6057.35,-0.0024
mixed,128,96,0.75,4.0,512,1024,2048,8192,6656,11102.02,13428.91,11102.146,0.0001
mixed,128,96,0.75,4.0,512,1024,4096,16384,13312,21187.869,25849.787,21178.141,-0.0021
mixed,128,96,0.75,4.0,512,2048,128,512,416,2039.534,2185.517,2038.539,-0.0068
mixed,128,96,0.75,4.0,512,2048,256,1024,832,2670.575,2962.192,2669.392,-0.0041
mixed,128,96,0.75,4.0,512,2048,512,2048,1664,3931.767,4510.393,3929.399,-0.0041
mixed,128,96,0.75,4.0,512,2048,1024,4096,3328,6458.918,7610.508,6458.47,-0.0004
mixed,128,96,0.75,4.0,512,2048,2048,8192,6656,11484.611,13830.93,11490.468,0.0025
mixed,128,96,0.75,4.0,512,2048,4096,16384,13312,21575.483,26224.44,21582.107,0.0014
mixed,128,96,0.75,4.0,512,4096,128,512,416,2825.071,2971.599,2821.519,-0.0242
mixed,128,96,0.75,4.0,512,4096,256,1024,832,3448.916,3743.03,3453.842,0.0167
mixed,128,96,0.75,4.0,512,4096,512,2048,1664,4725.115,5293.245,4717.977,-0.0126
mixed,128,96,0.75,4.0,512,4096,1024,4096,3328,7236.807,8396.749,7235.624,-0.001
mixed,128,96,0.75,4.0,512,4096,2048,8192,6656,12284.742,14604.174,12292.965,0.0035
mixed,128,96,0.75,4.0,512,4096,4096,16384,13312,22360.795,27025.754,22371.133,0.0022
mixed,128,96,0.75,4.0,512,8192,128,512,416,4396.087,4540.727,4388.153,-0.0549
mixed,128,96,0.75,4.0,512,8192,256,1024,832,5021.977,5313.372,5023.673,0.0058
mixed,128,96,0.75,4.0,512,8192,512,2048,1664,6283.108,6863.75,6282.211,-0.0015
mixed,128,96,0.75,4.0,512,8192,1024,4096,3328,8810.832,9959.698,8811.6,0.0007
mixed,128,96,0.75,4.0,512,8192,2048,8192,6656,13846.825,16170.966,13853.385,0.0028
mixed,128,96,0.75,4.0,512,8192,4096,16384,13312,23942.911,28574.233,23935.871,-0.0015
mixed,128,96,0.75,4.0,1024,0,128,512,416,1561.32,1710.023,1561.927,0.0041
mixed,128,96,0.75,4.0,1024,0,256,1024,832,2194.858,2489.003,2196.204,0.0046
mixed,128,96,0.75,4.0,1024,0,512,2048,1664,3451.185,4034.675,3453.522,0.004
mixed,128,96,0.75,4.0,1024,0,1024,4096,3328,5974.846,7133.957,5977.084,0.0019
mixed,128,96,0.75,4.0,1024,0,2048,8192,6656,11011.768,13347.75,11027.674,0.0068
mixed,128,96,0.75,4.0,1024,0,4096,16384,13312,21097.325,25753.602,21112.397,0.0032
mixed,128,96,0.75,4.0,1024,512,128,512,416,2036.585,2180.682,2031.275,-0.0369
mixed,128,96,0.75,4.0,1024,512,256,1024,832,2662.126,2953.645,2662.732,0.0021
mixed,128,96,0.75,4.0,1024,512,512,2048,1664,3928.629,4506.071,3921.845,-0.0117
mixed,128,96,0.75,4.0,1024,512,1024,4096,3328,6441.887,7607.623,6453.983,0.0104
mixed,128,96,0.75,4.0,1024,512,2048,8192,6656,11487.994,13816.933,11489.272,0.0005
mixed,128,96,0.75,4.0,1024,512,4096,16384,13312,21577.581,26232.001,21577.9,0.0001
mixed,128,96,0.75,4.0,1024,1024,128,512,416,2426.379,2574.22,2427.531,0.0078
mixed,128,96,0.75,4.0,1024,1024,256,1024,832,3059.952,3349.328,3052.207,-0.0268
mixed,128,96,0.75,4.0,1024,1024,512,2048,1664,4318.482,4896.856,4310.258,-0.0142
mixed,128,96,0.75,4.0,1024,1024,1024,4096,3328,6837.473,7998.789,6840.065,0.0022
mixed,128,96,0.75,4.0,1024,1024,2048,8192,6656,11875.0,14209.188,11881.848,0.0029
mixed,128,96,0.75,4.0,1024,1024,4096,16384,13312,21977.255,26625.724,21986.44,0.002
mixed,128,96,0.75,4.0,1024,2048,128,512,416,3208.655,3354.607,3202.958,-0.039
mixed,128,96,0.75,4.0,1024,2048,256,1024,832,3837.459,4127.795,3837.777,0.0011
mixed,128,96,0.75,4.0,1024,2048,512,2048,1664,5092.822,5678.906,5099.607,0.0116
mixed,128,96,0.75,4.0,1024,2048,1024,4096,3328,7618.148,8786.537,7616.067,-0.0018
mixed,128,96,0.75,4.0,1024,2048,2048,8192,6656,12665.081,14981.314,12660.698,-0.0019
mixed,128,96,0.75,4.0,1024,2048,4096,16384,13312,22764.17,27392.062,22775.59,0.0025
mixed,128,96,0.75,4.0,1024,4096,128,512,416,4765.781,4919.827,4769.205,0.0222
mixed,128,96,0.75,4.0,1024,4096,256,1024,832,5394.36,5690.522,5396.055,0.0057
mixed,128,96,0.75,4.0,1024,4096,512,2048,1664,6656.313,7239.103,6651.932,-0.0075
mixed,128,96,0.75,4.0,1024,4096,1024,4096,3328,9181.386,10347.79,9178.378,-0.0026
mixed,128,96,0.75,4.0,1024,4096,2048,8192,6656,14228.253,16545.543,14242.972,0.0064
mixed,128,96,0.75,4.0,1024,4096,4096,16384,13312,24307.916,28950.592,24317.261,0.002
mixed,128,96,0.75,4.0,1024,8192,128,512,416,7886.719,8035.362,7880.576,-0.0413
mixed,128,96,0.75,4.0,1024,8192,256,1024,832,8513.698,8802.981,8515.041,0.0046
mixed,128,96,0.75,4.0,1024,8192,512,2048,1664,9781.289,10367.563,9782.28,0.0017
mixed,128,96,0.75,4.0,1024,8192,1024,4096,3328,12295.123,13472.729,12299.189,0.0035
mixed,128,96,0.75,4.0,1024,8192,2048,8192,6656,17345.96,19674.098,17346.12,0.0001
mixed,128,96,0.75,4.0,1024,8192,4096,16384,13312,27421.299,32077.511,27435.221,0.003
mixed,128,96,0.75,4.0,2048,0,128,512,416,3027.308,3175.789,3028.525,0.0082
mixed,128,96,0.75,4.0,2048,0,256,1024,832,3660.304,3948.4,3664.399,0.0142
mixed,128,96,0.75,4.0,2048,0,512,2048,1664,4919.606,5500.535,4921.46,0.0032
mixed,128,96,0.75,4.0,2048,0,1024,4096,3328,7441.086,8598.435,7441.054,-0.0
mixed,128,96,0.75,4.0,2048,0,2048,8192,6656,12482.452,14809.629,12494.867,0.0053
mixed,128,96,0.75,4.0,2048,0,4096,16384,13312,22566.46,27213.391,22582.843,0.0035
mixed,128,96,0.75,4.0,2048,512,128,512,416,3884.815,4029.876,3879.695,-0.0353
mixed,128,96,0.75,4.0,2048,512,256,1024,832,4509.298,4803.859,4511.025,0.0059
mixed,128,96,0.75,4.0,2048,512,512,2048,1664,5773.56,6357.656,5776.662,0.0053
mixed,128,96,0.75,4.0,2048,512,1024,4096,3328,8290.017,9462.501,8294.624,0.0039
mixed,128,96,0.75,4.0,2048,512,2048,8192,6656,13338.484,15670.778,13348.405,0.0043
mixed,128,96,0.75,4.0,2048,512,4096,16384,13312,23414.842,28063.788,23434.552,0.0042
mixed,128,96,0.75,4.0,2048,1024,128,512,416,4717.073,4870.992,4714.419,-0.0172
mixed,128,96,0.75,4.0,2048,1024,256,1024,832,5356.626,5644.758,5358.902,0.0079
mixed,128,96,0.75,4.0,2048,1024,512,2048,1664,6608.857,7206.646,6613.174,0.0072
mixed,128,96,0.75,4.0,2048,1024,1024,4096,3328,9133.987,10297.479,9132.165,-0.0016
mixed,128,96,0.75,4.0,2048,1024,2048,8192,6656,14181.43,16506.398,14167.126,-0.0062
mixed,128,96,0.75,4.0,2048,1024,4096,16384,13312,24279.454,28931.018,24256.505,-0.0049
mixed,128,96,0.75,4.0,2048,2048,128,512,416,6366.455,6526.966,6374.902,0.0526
mixed,128,96,0.75,4.0,2048,2048,256,1024,832,7001.148,7287.64,6997.05,-0.0143
mixed,128,96,0.75,4.0,2048,2048,512,2048,1664,8258.525,8842.56,8262.395,0.0066
mixed,128,96,0.75,4.0,2048,2048,1024,4096,3328,10781.639,11948.397,10781.734,0.0001
mixed,128,96,0.75,4.0,2048,2048,2048,8192,6656,15831.384,18161.119,15836.984,0.0024
mixed,128,96,0.75,4.0,2048,2048,4096,16384,13312,25897.916,30549.55,25910.878,0.0028
mixed,128,96,0.75,4.0,2048,4096,128,512,416,9585.442,9731.939,9573.538,-0.0813
mixed,128,96,0.75,4.0,2048,4096,256,1024,832,10208.642,10498.85,10198.819,-0.0338
mixed,128,96,0.75,4.0,2048,4096,512,2048,1664,11474.534,12048.938,11462.886,-0.0203
mixed,128,96,0.75,4.0,2048,4096,1024,4096,3328,13993.075,15151.445,14000.241,0.0062
mixed,128,96,0.75,4.0,2048,4096,2048,8192,6656,19027.713,20223.24,19092.833,0.0545
mixed,128,96,0.75,4.0,2048,4096,4096,16384,13312,29135.685,34189.209,29138.211,0.0005
mixed,128,96,0.75,4.0,2048,8192,128,512,416,15800.184,15922.037,15782.866,-0.1421
mixed,128,96,0.75,4.0,2048,8192,256,1024,832,16436.6,16708.758,16489.594,0.1947
mixed,128,96,0.75,4.0,2048,8192,512,2048,1664,17557.785,18255.931,17656.888,0.142
mixed,128,96,0.75,4.0,2048,8192,1024,4096,3328,20189.091,19777.475,20459.304,
mixed,128,96,0.75,4.0,2048,8192,2048,8192,6656,23451.856,27570.236,22166.15,-0.3122
mixed,128,96,0.75,4.0,2048,8192,4096,16384,13312,35308.916,39970.051,35733.91,0.0912
pure,128,115,0.8984,4.0,0,0,128,512,473,803.33,894.178,826.018,0.2497
pure,128,115,0.8984,4.0,0,0,256,1024,946,1526.467,1669.894,1527.397,0.0065
pure,128,115,0.8984,4.0,0,0,512,2048,1892,2978.28,3218.217,2937.77,-0.1688
pure,128,115,0.8984,4.0,0,0,1024,4096,3784,5848.147,6318.964,5761.586,-0.1839
pure,128,115,0.8984,4.0,0,0,2048,8192,7568,11567.015,12529.257,11434.052,-0.1382
pure,128,115,0.8984,4.0,0,0,4096,16384,15136,23051.529,24937.104,22728.682,-0.1712
mixed,128,115,0.8984,4.0,16,0,128,512,473,830.02,925.346,853.155,0.2427
mixed,128,115,0.8984,4.0,16,0,256,1024,946,1553.701,1695.588,1556.933,0.0228
mixed,128,115,0.8984,4.0,16,0,512,2048,1892,3004.523,3246.473,2967.688,-0.1522
mixed,128,115,0.8984,4.0,16,0,1024,4096,3784,5863.09,6355.409,5791.025,-0.1464
mixed,128,115,0.8984,4.0,16,0,2048,8192,7568,11591.237,12558.949,11452.868,-0.143
mixed,128,115,0.8984,4.0,16,0,4096,16384,15136,23070.856,24977.677,22745.126,-0.1708
mixed,128,115,0.8984,4.0,16,512,128,512,473,877.154,963.97,893.604,0.1895
mixed,128,115,0.8984,4.0,16,512,256,1024,946,1597.443,1735.973,1595.236,-0.0159
mixed,128,115,0.8984,4.0,16,512,512,2048,1892,3044.616,3285.386,3005.96,-0.1606
mixed,128,115,0.8984,4.0,16,512,1024,4096,3784,5911.278,6386.773,5838.514,-0.153
mixed,128,115,0.8984,4.0,16,512,2048,8192,7568,11636.644,12588.132,11487.039,-0.1572
mixed,128,115,0.8984,4.0,16,512,4096,16384,15136,23106.788,24994.763,22814.66,-0.1547
mixed,128,115,0.8984,4.0,16,1024,128,512,473,877.7,969.858,899.459,0.2361
mixed,128,115,0.8984,4.0,16,1024,256,1024,946,1599.269,1741.061,1610.531,0.0794
mixed,128,115,0.8984,4.0,16,1024,512,2048,1892,3050.889,3286.988,3008.104,-0.1812
mixed,128,115,0.8984,4.0,16,1024,1024,4096,3784,5906.287,6396.53,5841.391,-0.1324
mixed,128,115,0.8984,4.0,16,1024,2048,8192,7568,11628.577,12599.78,11487.231,-0.1455
mixed,128,115,0.8984,4.0,16,1024,4096,16384,15136,23111.17,25004.008,22792.737,-0.1682
mixed,128,115,0.8984,4.0,16,2048,128,512,473,883.363,974.115,902.848,0.2147
mixed,128,115,0.8984,4.0,16,2048,256,1024,946,1607.141,1747.94,1607.395,0.0018
mixed,128,115,0.8984,4.0,16,2048,512,2048,1892,3056.393,3308.04,3016.358,-0.1591
mixed,128,115,0.8984,4.0,16,2048,1024,4096,3784,5914.449,6397.905,5836.366,-0.1615
mixed,128,115,0.8984,4.0,16,2048,2048,8192,7568,11637.153,12608.195,11497.759,-0.1436
mixed,128,115,0.8984,4.0,16,2048,4096,16384,15136,23112.991,25017.317,22811.742,-0.1582
mixed,128,115,0.8984,4.0,16,4096,128,512,473,923.651,1014.213,940.257,0.1834
mixed,128,115,0.8984,4.0,16,4096,256,1024,946,1647.397,1792.259,1649.22,0.0126
mixed,128,115,0.8984,4.0,16,4096,512,2048,1892,3099.911,3343.081,3055.048,-0.1845
mixed,128,115,0.8984,4.0,16,4096,1024,4096,3784,5954.671,6443.501,5895.311,-0.1214
mixed,128,115,0.8984,4.0,16,4096,2048,8192,7568,11671.614,12640.769,11537.792,-0.1381
mixed,128,115,0.8984,4.0,16,4096,4096,16384,15136,23147.26,25037.249,22856.86,-0.1537
mixed,128,115,0.8984,4.0,16,8192,128,512,473,977.57,1066.946,997.861,0.227
mixed,128,115,0.8984,4.0,16,8192,256,1024,946,1700.963,1841.54,1704.002,0.0216
mixed,128,115,0.8984,4.0,16,8192,512,2048,1892,3147.047,3389.51,3117.031,-0.1238
mixed,128,115,0.8984,4.0,16,8192,1024,4096,3784,6012.59,6495.44,5941.999,-0.1462
mixed,128,115,0.8984,4.0,16,8192,2048,8192,7568,11741.534,12701.374,11589.147,-0.1588
mixed,128,115,0.8984,4.0,16,8192,4096,16384,15136,23206.907,25118.524,22880.759,-0.1706
mixed,128,115,0.8984,4.0,32,0,128,512,473,869.346,961.89,892.226,0.2472
mixed,128,115,0.8984,4.0,32,0,256,1024,946,1593.892,1740.163,1596.388,0.0171
mixed,128,115,0.8984,4.0,32,0,512,2048,1892,3042.918,3282.951,3004.552,-0.1598
mixed,128,115,0.8984,4.0,32,0,1024,4096,3784,5904.523,6387.792,5832.654,-0.1487
mixed,128,115,0.8984,4.0,32,0,2048,8192,7568,11631.197,12599.518,11468.923,-0.1676
mixed,128,115,0.8984,4.0,32,0,4096,16384,15136,23116.407,24996.188,22761.621,-0.1887
mixed,128,115,0.8984,4.0,32,512,128,512,473,909.857,1003.139,932.835,0.2463
mixed,128,115,0.8984,4.0,32,512,256,1024,946,1632.835,1773.218,1638.627,0.0413
mixed,128,115,0.8984,4.0,32,512,512,2048,1892,3088.775,3324.903,3043.912,-0.19
mixed,128,115,0.8984,4.0,32,512,1024,4096,3784,5950.893,6440.591,5875.471,-0.154
mixed,128,115,0.8984,4.0,32,512,2048,8192,7568,11671.995,12638.556,11509.976,-0.1676
mixed,128,115,0.8984,4.0,32,512,4096,16384,15136,23170.356,25048.091,22814.359,-0.1896
mixed,128,115,0.8984,4.0,32,1024,128,512,473,919.46,1013.154,942.946,0.2507
mixed,128,115,0.8984,4.0,32,1024,256,1024,946,1643.684,1785.54,1644.58,0.0063
mixed,128,115,0.8984,4.0,32,1024,512,2048,1892,3095.431,3337.064,3055.24,-0.1663
mixed,128,115,0.8984,4.0,32,1024,1024,4096,3784,5952.557,6438.895,5880.14,-0.1489
mixed,128,115,0.8984,4.0,32,1024,2048,8192,7568,11677.051,12639.485,11528.57,-0.1543
mixed,128,115,0.8984,4.0,32,1024,4096,16384,15136,23157.428,25043.894,22818.707,-0.1796
mixed,128,115,0.8984,4.0,32,2048,128,512,473,932.867,1026.339,954.945,0.2362
mixed,128,115,0.8984,4.0,32,2048,256,1024,946,1657.026,1799.46,1667.813,0.0757
mixed,128,115,0.8984,4.0,32,2048,512,2048,1892,3113.191,3344.456,3074.409,-0.1677
mixed,128,115,0.8984,4.0,32,2048,1024,4096,3784,5970.606,6457.261,5897.646,-0.1499
mixed,128,115,0.8984,4.0,32,2048,2048,8192,7568,11689.111,12656.156,11542.647,-0.1515
mixed,128,115,0.8984,4.0,32,2048,4096,16384,15136,23188.85,25067.7,22834.352,-0.1887
mixed,128,115,0.8984,4.0,32,4096,128,512,473,1022.05,1116.514,1046.562,0.2595
mixed,128,115,0.8984,4.0,32,4096,256,1024,946,1747.107,1889.603,1747.654,0.0038
mixed,128,115,0.8984,4.0,32,4096,512,2048,1892,3202.118,3437.766,3161.64,-0.1718
mixed,128,115,0.8984,4.0,32,4096,1024,4096,3784,6062.478,6542.128,5980.525,-0.1709
mixed,128,115,0.8984,4.0,32,4096,2048,8192,7568,11783.93,12743.996,11631.83,-0.1584
mixed,128,115,0.8984,4.0,32,4096,4096,16384,15136,23275.152,25156.882,22916.589,-0.1905
mixed,128,115,0.8984,4.0,32,8192,128,512,473,1137.634,1226.881,1152.995,0.1721
mixed,128,115,0.8984,4.0,32,8192,256,1024,946,1854.404,1999.172,1855.781,0.0095
mixed,128,115,0.8984,4.0,32,8192,512,2048,1892,3306.247,3547.976,3265.574,-0.1683
mixed,128,115,0.8984,4.0,32,8192,1024,4096,3784,6164.684,6653.261,6094.189,-0.1443
mixed,128,115,0.8984,4.0,32,8192,2048,8192,7568,11886.937,12857.56,11727.449,-0.1643
mixed,128,115,0.8984,4.0,32,8192,4096,16384,15136,23388.91,25264.532,23055.949,-0.1775
mixed,128,115,0.8984,4.0,64,0,128,512,473,872.898,967.521,895.809,0.2421
mixed,128,115,0.8984,4.0,64,0,256,1024,946,1596.035,1740.132,1597.026,0.0069
mixed,128,115,0.8984,4.0,64,0,512,2048,1892,3047.686,3289.031,3009.636,-0.1577
mixed,128,115,0.8984,4.0,64,0,1024,4096,3784,5915.211,6390.188,5832.268,-0.1746
mixed,128,115,0.8984,4.0,64,0,2048,8192,7568,11627.702,12600.952,11486.613,-0.145
mixed,128,115,0.8984,4.0,64,0,4096,16384,15136,23109.162,25013.714,22783.053,-0.1712
mixed,128,115,0.8984,4.0,64,512,128,512,473,928.386,1019.202,951.107,0.2502
mixed,128,115,0.8984,4.0,64,512,256,1024,946,1654.082,1792.931,1649.123,-0.0357
mixed,128,115,0.8984,4.0,64,512,512,2048,1892,3102.374,3342.695,3060.454,-0.1744
mixed,128,115,0.8984,4.0,64,512,1024,4096,3784,5962.635,6447.692,5889.26,-0.1513
mixed,128,115,0.8984,4.0,64,512,2048,8192,7568,11684.055,12649.045,11536.308,-0.1531
mixed,128,115,0.8984,4.0,64,512,4096,16384,15136,23172.587,25081.134,22821.608,-0.1839
mixed,128,115,0.8984,4.0,64,1024,128,512,473,988.356,1082.212,1009.439,0.2246
mixed,128,115,0.8984,4.0,64,1024,256,1024,946,1710.976,1853.03,1709.538,-0.0101
mixed,128,115,0.8984,4.0,64,1024,512,2048,1892,3163.652,3405.574,3117.829,-0.1894
mixed,128,115,0.8984,4.0,64,1024,1024,4096,3784,6019.915,6510.409,5942.375,-0.1581
mixed,128,115,0.8984,4.0,64,1024,2048,8192,7568,11750.066,12713.976,11598.548,-0.1572
mixed,128,115,0.8984,4.0,64,1024,4096,16384,15136,23233.479,25118.188,22903.527,-0.1751
mixed,128,115,0.8984,4.0,64,2048,128,512,473,1022.272,1118.307,1047.904,0.2669
mixed,128,115,0.8984,4.0,64,2048,256,1024,946,1746.947,1889.249,1749.25,0.0162
mixed,128,115,0.8984,4.0,64,2048,512,2048,1892,3199.108,3438.918,3161.7,-0.156
mixed,128,115,0.8984,4.0,64,2048,1024,4096,3784,6058.888,6545.802,5993.321,-0.1347
mixed,128,115,0.8984,4.0,64,2048,2048,8192,7568,11787.859,12752.113,11626.674,-0.1672
mixed,128,115,0.8984,4.0,64,2048,4096,16384,15136,23277.607,25157.706,22954.02,-0.1721
mixed,128,115,0.8984,4.0,64,4096,128,512,473,1127.458,1221.923,1152.609,0.2662
mixed,128,115,0.8984,4.0,64,4096,256,1024,946,1852.258,1998.467,1851.46,-0.0055
mixed,128,115,0.8984,4.0,64,4096,512,2048,1892,3307.299,3539.878,3254.021,-0.2291
mixed,128,115,0.8984,4.0,64,4096,1024,4096,3784,6162.311,6638.795,6087.913,-0.1561
mixed,128,115,0.8984,4.0,64,4096,2048,8192,7568,11891.727,12856.629,11736.242,-0.1611
mixed,128,115,0.8984,4.0,64,4096,4096,16384,15136,23372.548,25268.425,23591.173,0.1153
mixed,128,115,0.8984,4.0,64,8192,128,512,473,1328.354,1425.347,1353.506,0.2593
mixed,128,115,0.8984,4.0,64,8192,256,1024,946,2053.731,2198.788,2051.204,-0.0174
mixed,128,115,0.8984,4.0,64,8192,512,2048,1892,3505.796,3749.477,3468.838,-0.1517
mixed,128,115,0.8984,4.0,64,8192,1024,4096,3784,6368.297,6848.425,6284.745,-0.174
mixed,128,115,0.8984,4.0,64,8192,2048,8192,7568,12099.954,13048.306,11931.858,-0.1773
mixed,128,115,0.8984,4.0,64,8192,4096,16384,15136,23568.932,25475.686,23247.138,-0.1688
mixed,128,115,0.8984,4.0,128,0,128,512,473,895.744,989.505,915.651,0.2123
mixed,128,115,0.8984,4.0,128,0,256,1024,946,1621.472,1766.498,1621.153,-0.0022
mixed,128,115,0.8984,4.0,128,0,512,2048,1892,3072.035,3308.933,3030.471,-0.1755
mixed,128,115,0.8984,4.0,128,0,1024,4096,3784,5941.829,6408.554,5860.777,-0.1737
mixed,128,115,0.8984,4.0,128,0,2048,8192,7568,11658.543,12616.785,11493.391,-0.1723
mixed,128,115,0.8984,4.0,128,0,4096,16384,15136,23138.849,25027.01,22792.26,-0.1836
mixed,128,115,0.8984,4.0,128,512,128,512,473,1026.788,1127.104,1050.495,0.2363
mixed,128,115,0.8984,4.0,128,512,256,1024,946,1753.762,1896.771,1758.819,0.0354
mixed,128,115,0.8984,4.0,128,512,512,2048,1892,3200.803,3447.523,3167.457,-0.1352
mixed,128,115,0.8984,4.0,128,512,1024,4096,3784,6067.591,6543.048,5984.39,-0.175
mixed,128,115,0.8984,4.0,128,512,2048,8192,7568,11786.704,12759.185,11633.745,-0.1573
mixed,128,115,0.8984,4.0,128,512,4096,16384,15136,23285.023,25173.538,22920.48,-0.193
mixed,128,115,0.8984,4.0,128,1024,128,512,473,1093.827,1188.324,1116.034,0.235
mixed,128,115,0.8984,4.0,128,1024,256,1024,946,1818.689,1962.627,1818.787,0.0007
mixed,128,115,0.8984,4.0,128,1024,512,2048,1892,3271.108,3513.093,3234.757,-0.1502
mixed,128,115,0.8984,4.0,128,1024,1024,4096,3784,6126.47,6619.493,6052.489,-0.1501
mixed,128,115,0.8984,4.0,128,1024,2048,8192,7568,11854.03,12818.321,11698.541,-0.1612
mixed,128,115,0.8984,4.0,128,1024,4096,16384,15136,23351.071,25227.103,23004.034,-0.185
mixed,128,115,0.8984,4.0,128,2048,128,512,473,1195.233,1288.578,1216.098,0.2235
mixed,128,115,0.8984,4.0,128,2048,256,1024,946,1920.866,2064.163,1916.355,-0.0315
mixed,128,115,0.8984,4.0,128,2048,512,2048,1892,3372.356,3612.388,3328.998,-0.1806
mixed,128,115,0.8984,4.0,128,2048,1024,4096,3784,6235.397,6713.544,6162.952,-0.1515
mixed,128,115,0.8984,4.0,128,2048,2048,8192,7568,11967.439,12912.493,11812.143,-0.1643
mixed,128,115,0.8984,4.0,128,2048,4096,16384,15136,23453.724,25336.862,23109.434,-0.1828
mixed,128,115,0.8984,4.0,128,4096,128,512,473,1396.994,1491.65,1420.163,0.2448
mixed,128,115,0.8984,4.0,128,4096,256,1024,946,2122.147,2261.409,2123.907,0.0126
mixed,128,115,0.8984,4.0,128,4096,512,2048,1892,3571.972,3811.332,3535.363,-0.1529
mixed,128,115,0.8984,4.0,128,4096,1024,4096,3784,6430.888,6915.875,6355.336,-0.1558
mixed,128,115,0.8984,4.0,128,4096,2048,8192,7568,12151.024,13120.686,12007.659,-0.1479
mixed,128,115,0.8984,4.0,128,4096,4096,16384,15136,23657.755,25532.38,23320.477,-0.1799
mixed,128,115,0.8984,4.0,128,8192,128,512,473,1793.154,1885.536,1813.699,0.2224
mixed,128,115,0.8984,4.0,128,8192,256,1024,946,2513.539,2657.187,2511.523,-0.014
mixed,128,115,0.8984,4.0,128,8192,512,2048,1892,3966.309,4207.618,3927.941,-0.159
mixed,128,115,0.8984,4.0,128,8192,1024,4096,3784,6823.179,7313.928,6753.606,-0.1418
mixed,128,115,0.8984,4.0,128,8192,2048,8192,7568,12552.397,13513.645,12382.06,-0.1772
mixed,128,115,0.8984,4.0,128,8192,4096,16384,15136,24031.867,25939.422,23683.9,-0.1824
mixed,128,115,0.8984,4.0,256,0,128,512,473,1014.594,1107.008,1037.922,0.2524
mixed,128,115,0.8984,4.0,256,0,256,1024,946,1739.585,1884.417,1738.688,-0.0062
mixed,128,115,0.8984,4.0,256,0,512,2048,1892,3187.203,3433.987,3146.979,-0.163
mixed,128,115,0.8984,4.0,256,0,1024,4096,3784,6051.749,6534.631,5987.846,-0.1323
mixed,128,115,0.8984,4.0,256,0,2048,8192,7568,11782.508,12740.143,11630.125,-0.1591
mixed,128,115,0.8984,4.0,256,0,4096,16384,15136,23253.688,25161.052,22930.81,-0.1693
mixed,128,115,0.8984,4.0,256,512,128,512,473,1144.992,1238.881,1167.873,0.2437
mixed,128,115,0.8984,4.0,256,512,256,1024,946,1874.628,2012.067,1870.434,-0.0305
mixed,128,115,0.8984,4.0,256,512,512,2048,1892,3321.797,3562.276,3280.994,-0.1697
mixed,128,115,0.8984,4.0,256,512,1024,4096,3784,6190.342,6661.382,6106.662,-0.1776
mixed,128,115,0.8984,4.0,256,512,2048,8192,7568,11914.604,12881.487,11754.057,-0.166
mixed,128,115,0.8984,4.0,256,512,4096,16384,15136,23409.786,25295.481,23050.904,-0.1903
mixed,128,115,0.8984,4.0,256,1024,128,512,473,1245.442,1340.547,1274.882,0.3096
mixed,128,115,0.8984,4.0,256,1024,256,1024,946,1970.883,2110.337,1965.57,-0.0381
mixed,128,115,0.8984,4.0,256,1024,512,2048,1892,3428.995,3665.762,3380.644,-0.2042
mixed,128,115,0.8984,4.0,256,1024,1024,4096,3784,6282.63,6771.524,6200.932,-0.1671
mixed,128,115,0.8984,4.0,256,1024,2048,8192,7568,12002.319,12968.589,11865.739,-0.1413
mixed,128,115,0.8984,4.0,256,1024,4096,16384,15136,23516.438,25385.367,23140.695,-0.201
mixed,128,115,0.8984,4.0,256,2048,128,512,473,1446.081,1537.922,1462.625,0.1801
mixed,128,115,0.8984,4.0,256,2048,256,1024,946,2165.219,2307.841,2167.36,0.015
mixed,128,115,0.8984,4.0,256,2048,512,2048,1892,3616.164,3856.195,3575.648,-0.1688
mixed,128,115,0.8984,4.0,256,2048,1024,4096,3784,6481.927,6958.694,6401.413,-0.1689
mixed,128,115,0.8984,4.0,256,2048,2048,8192,7568,12203.566,13164.073,12048.652,-0.1613
mixed,128,115,0.8984,4.0,256,2048,4096,16384,15136,23687.125,25586.84,23354.933,-0.1749
mixed,128,115,0.8984,4.0,256,4096,128,512,473,1837.377,1930.144,1860.354,0.2477
mixed,128,115,0.8984,4.0,256,4096,256,1024,946,2561.762,2705.827,2563.298,0.0107
mixed,128,115,0.8984,4.0,256,4096,512,2048,1892,4015.908,4251.458,3971.779,-0.1873
mixed,128,115,0.8984,4.0,256,4096,1024,4096,3784,6877.511,7359.364,6798.437,-0.1641
mixed,128,115,0.8984,4.0,256,4096,2048,8192,7568,12600.972,13564.01,12451.401,-0.1553
mixed,128,115,0.8984,4.0,256,4096,4096,16384,15136,24096.183,25977.494,23764.308,-0.1764
mixed,128,115,0.8984,4.0,256,8192,128,512,473,2631.938,2725.859,2649.697,0.1891
mixed,128,115,0.8984,4.0,256,8192,256,1024,946,3348.578,3492.161,3356.001,0.0517
mixed,128,115,0.8984,4.0,256,8192,512,2048,1892,4802.469,5043.363,4765.475,-0.1536
mixed,128,115,0.8984,4.0,256,8192,1024,4096,3784,7669.67,8144.004,7581.895,-0.185
mixed,128,115,0.8984,4.0,256,8192,2048,8192,7568,13399.019,14352.652,13240.075,-0.1667
mixed,128,115,0.8984,4.0,256,8192,4096,16384,15136,24887.444,26764.213,24534.455,-0.1881
mixed,128,115,0.8984,4.0,512,0,128,512,473,1285.567,1380.095,1304.931,0.2048
mixed,128,115,0.8984,4.0,512,0,256,1024,946,2005.185,2149.793,2009.855,0.0323
mixed,128,115,0.8984,4.0,512,0,512,2048,1892,3461.315,3708.771,3419.62,-0.1685
mixed,128,115,0.8984,4.0,512,0,1024,4096,3784,6318.757,6805.35,6237.287,-0.1674
mixed,128,115,0.8984,4.0,512,0,2048,8192,7568,12045.738,13010.125,11906.889,-0.144
mixed,128,115,0.8984,4.0,512,0,4096,16384,15136,23539.314,25420.215,23196.756,-0.1821
mixed,128,115,0.8984,4.0,512,512,128,512,473,1503.716,1596.865,1526.178,0.2411
mixed,128,115,0.8984,4.0,512,512,256,1024,946,2229.667,2373.824,2230.626,0.0067
mixed,128,115,0.8984,4.0,512,512,512,2048,1892,3681.989,3919.108,3636.707,-0.191
mixed,128,115,0.8984,4.0,512,512,1024,4096,3784,6540.229,7021.413,6465.477,-0.1554
mixed,128,115,0.8984,4.0,512,512,2048,8192,7568,12260.555,13223.883,12132.841,-0.1326
mixed,128,115,0.8984,4.0,512,512,4096,16384,15136,23764.276,25641.367,23395.893,-0.1963
mixed,128,115,0.8984,4.0,512,1024,128,512,473,1703.424,1797.313,1722.787,0.2062
mixed,128,115,0.8984,4.0,512,1024,256,1024,946,2423.139,2568.641,2433.86,0.0737
mixed,128,115,0.8984,4.0,512,1024,512,2048,1892,3876.037,4119.909,3833.283,-0.1753
mixed,128,115,0.8984,4.0,512,1024,1024,4096,3784,6739.334,7222.663,6654.663,-0.1752
mixed,128,115,0.8984,4.0,512,1024,2048,8192,7568,12461.356,13420.333,12304.618,-0.1634
mixed,128,115,0.8984,4.0,512,1024,4096,16384,15136,23948.15,25845.172,23624.755,-0.1705
mixed,128,115,0.8984,4.0,512,2048,128,512,473,2091.713,2186.627,2114.594,0.2411
mixed,128,115,0.8984,4.0,512,2048,256,1024,946,2818.083,2957.056,2817.091,-0.0071
mixed,128,115,0.8984,4.0,512,2048,512,2048,1892,4269.446,4513.667,4226.083,-0.1776
mixed,128,115,0.8984,4.0,512,2048,1024,4096,3784,7133.319,7608.902,7051.207,-0.1727
mixed,128,115,0.8984,4.0,512,2048,2048,8192,7568,12846.857,13818.442,12701.48,-0.1496
mixed,128,115,0.8984,4.0,512,2048,4096,16384,15136,24327.058,26223.061,23991.797,-0.1768
mixed,128,115,0.8984,4.0,512,4096,128,512,473,2875.841,2973.089,2897.665,0.2244
mixed,128,115,0.8984,4.0,512,4096,256,1024,946,3607.811,3739.042,3602.595,-0.0397
mixed,128,115,0.8984,4.0,512,4096,512,2048,1892,5055.523,5297.733,5013.156,-0.1749
mixed,128,115,0.8984,4.0,512,4096,1024,4096,3784,7917.318,8389.927,7841.83,-0.1597
mixed,128,115,0.8984,4.0,512,4096,2048,8192,7568,13632.776,14613.289,13483.497,-0.1522
mixed,128,115,0.8984,4.0,512,4096,4096,16384,15136,25111.061,27027.313,24789.236,-0.1679
mixed,128,115,0.8984,4.0,512,8192,128,512,473,4452.13,4541.345,4465.092,0.1453
mixed,128,115,0.8984,4.0,512,8192,256,1024,946,5175.078,5316.39,5168.612,-0.0458
mixed,128,115,0.8984,4.0,512,8192,512,2048,1892,6621.926,6865.541,6575.717,-0.1897
mixed,128,115,0.8984,4.0,512,8192,1024,4096,3784,9476.199,9966.502,9411.397,-0.1322
mixed,128,115,0.8984,4.0,512,8192,2048,8192,7568,15210.637,16178.281,15058.253,-0.1575
mixed,128,115,0.8984,4.0,512,8192,4096,16384,15136,26705.011,28574.26,26359.635,-0.1848
mixed,128,115,0.8984,4.0,1024,0,128,512,473,1619.713,1712.802,1638.305,0.1997
mixed,128,115,0.8984,4.0,1024,0,256,1024,946,2347.298,2484.769,2345.409,-0.0137
mixed,128,115,0.8984,4.0,1024,0,512,2048,1892,3797.347,4038.787,3755.332,-0.174
mixed,128,115,0.8984,4.0,1024,0,1024,4096,3784,6654.149,7137.51,6574.022,-0.1658
mixed,128,115,0.8984,4.0,1024,0,2048,8192,7568,12382.697,13336.297,12237.705,-0.152
mixed,128,115,0.8984,4.0,1024,0,4096,16384,15136,23868.687,25755.539,23515.918,-0.187
mixed,128,115,0.8984,4.0,1024,512,128,512,473,2088.225,2181.123,2111.904,0.2549
mixed,128,115,0.8984,4.0,1024,512,256,1024,946,2811.107,2951.364,2811.49,0.0027
mixed,128,115,0.8984,4.0,1024,512,512,2048,1892,4264.194,4504.738,4227.715,-0.1517
mixed,128,115,0.8984,4.0,1024,512,1024,4096,3784,7126.023,7611.558,7039.331,-0.1785
mixed,128,115,0.8984,4.0,1024,512,2048,8192,7568,12849.45,13828.169,12701.67,-0.151
mixed,128,115,0.8984,4.0,1024,512,4096,16384,15136,24331.79,26226.734,24014.833,-0.1673
mixed,128,115,0.8984,4.0,1024,1024,128,512,473,2482.307,2572.066,2501.698,0.216
mixed,128,115,0.8984,4.0,1024,1024,256,1024,946,3205.668,3348.641,3205.634,-0.0002
mixed,128,115,0.8984,4.0,1024,1024,512,2048,1892,4658.723,4897.668,4616.835,-0.1753
mixed,128,115,0.8984,4.0,1024,1024,1024,4096,3784,7524.355,8007.588,7440.323,-0.1739
mixed,128,115,0.8984,4.0,1024,1024,2048,8192,7568,13248.934,14206.411,13100.23,-0.1553
mixed,128,115,0.8984,4.0,1024,1024,4096,16384,15136,24722.19,26619.823,24391.92,-0.174
mixed,128,115,0.8984,4.0,1024,2048,128,512,473,3263.682,3356.355,3284.16,0.221
mixed,128,115,0.8984,4.0,1024,2048,256,1024,946,3986.307,4125.06,3985.923,-0.0028
mixed,128,115,0.8984,4.0,1024,2048,512,2048,1892,5435.205,5679.171,5396.098,-0.1603
mixed,128,115,0.8984,4.0,1024,2048,1024,4096,3784,8299.653,8776.675,8221.666,-0.1635
mixed,128,115,0.8984,4.0,1024,2048,2048,8192,7568,14019.622,14988.01,13877.095,-0.1472
mixed,128,115,0.8984,4.0,1024,2048,4096,16384,15136,25509.517,27409.682,25155.884,-0.1861
mixed,128,115,0.8984,4.0,1024,4096,128,512,473,4817.027,4909.637,4848.549,0.3404
mixed,128,115,0.8984,4.0,1024,4096,256,1024,946,5547.012,5685.922,5548.034,0.0074
mixed,128,115,0.8984,4.0,1024,4096,512,2048,1892,6997.636,7238.596,6960.611,-0.1537
mixed,128,115,0.8984,4.0,1024,4096,1024,4096,3784,9864.837,10335.464,9787.59,-0.1641
mixed,128,115,0.8984,4.0,1024,4096,2048,8192,7568,15579.241,16550.76,15435.623,-0.1478
mixed,128,115,0.8984,4.0,1024,4096,4096,16384,15136,27074.543,28959.218,26734.127,-0.1806
mixed,128,115,0.8984,4.0,1024,8192,128,512,473,7936.901,8038.277,7969.025,0.3169
mixed,128,115,0.8984,4.0,1024,8192,256,1024,946,8669.283,8800.645,8663.877,-0.0412
mixed,128,115,0.8984,4.0,1024,8192,512,2048,1892,10120.456,10360.966,10084.389,-0.15
mixed,128,115,0.8984,4.0,1024,8192,1024,4096,3784,12976.676,13471.365,12912.679,-0.1294
mixed,128,115,0.8984,4.0,1024,8192,2048,8192,7568,18708.907,19673.355,18552.396,-0.1623
mixed,128,115,0.8984,4.0,1024,8192,4096,16384,15136,30191.949,32088.655,29861.519,-0.1742
mixed,128,115,0.8984,4.0,2048,0,128,512,473,3083.361,3179.905,3109.891,0.2748
mixed,128,115,0.8984,4.0,2048,0,256,1024,946,3810.946,3951.012,3809.251,-0.0121
mixed,128,115,0.8984,4.0,2048,0,512,2048,1892,5257.09,5503.236,5222.371,-0.1411
mixed,128,115,0.8984,4.0,2048,0,1024,4096,3784,8117.699,8601.251,8044.705,-0.151
mixed,128,115,0.8984,4.0,2048,0,2048,8192,7568,13856.77,14815.943,13691.719,-0.1721
mixed,128,115,0.8984,4.0,2048,0,4096,16384,15136,25326.764,27216.751,24989.965,-0.1782
mixed,128,115,0.8984,4.0,2048,512,128,512,473,3940.931,4030.18,3959.842,0.2119
mixed,128,115,0.8984,4.0,2048,512,256,1024,946,4663.778,4803.044,4660.994,-0.02
mixed,128,115,0.8984,4.0,2048,512,512,2048,1892,6116.101,6356.449,6070.019,-0.1917
mixed,128,115,0.8984,4.0,2048,512,1024,4096,3784,8977.316,9462.533,8898.021,-0.1634
mixed,128,115,0.8984,4.0,2048,512,2048,8192,7568,14707.305,15659.017,14549.032,-0.1663
mixed,128,115,0.8984,4.0,2048,512,4096,16384,15136,26182.701,28063.89,25837.006,-0.1838
mixed,128,115,0.8984,4.0,2048,1024,128,512,473,4775.618,4869.249,4795.33,0.2105
mixed,128,115,0.8984,4.0,2048,1024,256,1024,946,5513.602,5649.571,5502.754,-0.0798
mixed,128,115,0.8984,4.0,2048,1024,512,2048,1892,6962.979,7197.636,6921.348,-0.1774
mixed,128,115,0.8984,4.0,2048,1024,1024,4096,3784,9806.724,10292.357,9740.389,-0.1366
mixed,128,115,0.8984,4.0,2048,1024,2048,8192,7568,15538.343,16507.016,15100.902,-0.4516
mixed,128,115,0.8984,4.0,2048,1024,4096,16384,15136,27024.874,28927.026,26680.588,-0.181
mixed,128,115,0.8984,4.0,2048,2048,128,512,473,6431.139,6518.435,6448.708,0.2013
mixed,128,115,0.8984,4.0,2048,2048,256,1024,946,7158.883,7290.402,7149.924,-0.0681
mixed,128,115,0.8984,4.0,2048,2048,512,2048,1892,8608.035,8840.068,8564.643,-0.187
mixed,128,115,0.8984,4.0,2048,2048,1024,4096,3784,11467.429,11945.766,11387.972,-0.1661
mixed,128,115,0.8984,4.0,2048,2048,2048,8192,7568,17187.08,18160.039,17038.375,-0.1528
mixed,128,115,0.8984,4.0,2048,2048,4096,16384,15136,28671.407,30567.409,28344.427,-0.1725
mixed,128,115,0.8984,4.0,2048,4096,128,512,473,9643.235,9733.19,9655.302,0.1341
mixed,128,115,0.8984,4.0,2048,4096,256,1024,946,10360.674,10501.411,10360.899,0.0016
mixed,128,115,0.8984,4.0,2048,4096,512,2048,1892,11808.294,12051.335,11770.502,-0.1555
mixed,128,115,0.8984,4.0,2048,4096,1024,4096,3784,14666.563,15161.51,14601.03,-0.1324
mixed,128,115,0.8984,4.0,2048,4096,2048,8192,7568,20389.995,21360.167,20230.118,-0.1648
mixed,128,115,0.8984,4.0,2048,4096,4096,16384,15136,31871.501,33766.153,31540.265,-0.1748
mixed,128,115,0.8984,4.0,2048,8192,128,512,473,15854.151,15940.985,15855.262,0.0128
mixed,128,115,0.8984,4.0,2048,8192,256,1024,946,16553.141,16367.637,16741.23,
mixed,128,115,0.8984,4.0,2048,8192,512,2048,1892,17487.775,17432.55,17941.217,
mixed,128,115,0.8984,4.0,2048,8192,1024,4096,3784,20878.802,21375.947,20786.516,-0.1856
mixed,128,115,0.8984,4.0,2048,8192,2048,8192,7568,26598.325,27548.395,23379.467,-3.388
mixed,128,115,0.8984,4.0,2048,8192,4096,16384,15136,38192.131,39998.891,37617.133,-0.3182
pure,256,1,0.0039,4.0,0,0,128,512,129,565.175,1726.117,584.408,0.0166
pure,256,1,0.0039,4.0,0,0,256,1024,259,963.249,3248.205,990.864,0.0121
pure,256,1,0.0039,4.0,0,0,512,2048,518,1730.277,6312.382,1814.659,0.0184
pure,256,1,0.0039,4.0,0,0,1024,4096,1036,3257.773,12444.479,3443.277,0.0202
pure,256,1,0.0039,4.0,0,0,2048,8192,2072,6333.056,24707.561,6705.562,0.0203
